date,VULC3,BBDC3,ISAE4,POMO3,UNIP6,TAEE11,LAVV3,ITSA4,RDOR3,VIVA3
2020-12-15,4.63482761383,12.9465341568,17.9364395142,1.226734519,19.7240409851,19.6806221008,5.15753269196,5.76985836029,55.2864151001,23.6681308746
2020-12-16,4.70426464081,13.2502584457,17.9551029205,1.26824057102,20.0774993896,19.6555614471,5.12447166443,5.8501367569,55.8343734741,23.9644298553
2020-12-17,4.7274107933,13.4183921814,17.8510150909,1.26362872124,20.2651443481,19.6143913269,5.0914106369,5.85515546799,57.9515113831,25.0778026581
2020-12-18,4.65218687057,13.3153457642,17.7741203308,1.25901675224,20.1211338043,19.4849967957,5.1189622879,5.79996395111,56.7144432068,24.8084392548
2020-12-21,4.54224681854,12.9899148941,17.5947170258,1.24518156052,19.457857132,19.3850135803,5.15753269196,5.70965385437,54.946018219,24.108089447
2020-12-22,4.44966840744,13.1960248947,17.6459732056,1.20367527008,20.4178714752,19.3850135803,5.06936979294,5.71968841553,55.8758926392,24.4762229919
2020-12-23,4.54803466797,13.478055954,17.8125667572,1.21761786938,20.5313282013,19.3791389465,5.04181909561,5.85515546799,56.5733032227,24.8263931274
2020-12-28,4.52488803864,13.5919647217,17.9343090057,1.22691309452,20.7233333588,19.7790737152,5.06936979294,5.92037963867,56.4570617676,25.0329036713
2020-12-29,4.57117891312,13.5906019211,18.1777896881,1.25479722023,20.5182418823,19.7437820435,5.06936979294,5.95549964905,56.4570617676,25.4369506836
2020-12-30,4.623254776,13.3262796402,17.8189735413,1.26409244537,22.3379154205,19.6437969208,5.06386041641,5.88525819778,56.7061462402,26.5507526398
2021-01-04,4.57696676254,12.9958715439,17.7741203308,1.25479722023,23.2368431091,19.4085388184,5.03630971909,5.79494810104,54.7965698242,25.622467041
2021-01-05,4.51910305023,12.9337348938,17.6587905884,1.23620760441,23.3808441162,19.4438304901,4.95365715027,5.74979257584,54.1569633484,24.4238090515
2021-01-06,4.4901714325,13.2588710785,17.5498638153,1.24085521698,23.5946655273,19.4791183472,4.73325014114,5.86519050598,51.9108161926,23.6847858429
2021-01-07,4.47281265259,13.5840044022,17.242307663,1.26409244537,24.4281387329,18.908624649,4.69467782974,6.10100221634,50.7045631409,23.7208366394
2021-01-08,4.57117891312,13.4793024063,17.927898407,1.31986129284,23.537935257,19.3203220367,4.81590127945,6.0859503746,51.7693977356,23.88306427
2021-01-11,4.52488803864,13.2753982544,17.6139373779,1.3709821701,23.6339359283,19.2321014404,4.62855482101,5.94546747208,50.9458084106,23.1530513763
2021-01-12,4.51331663132,13.280916214,18.0688648224,1.3709821701,23.3633842468,19.5144042969,4.79386138916,5.99062299728,53.3832969666,24.540971756
2021-01-13,4.55382013321,13.0329303741,18.1073112488,1.38027727604,23.0622901917,19.8908176422,4.89304351807,5.93041372299,55.1968307495,23.88306427
2021-01-14,4.73319673538,13.4462356567,18.0944900513,1.422103405,23.6775760651,19.8555240631,4.99773788452,6.06086444855,55.8207550049,24.3156585693
2021-01-15,4.62904262543,12.9502725601,18.0240135193,1.38492405415,23.542301178,19.8555240631,4.82692289352,5.82505178452,56.0703430176,23.9731884003
2021-01-18,4.69847869873,13.0053787231,17.9855690002,1.36633467674,22.4644584656,19.673204422,4.71120882034,5.83508348465,55.9455528259,24.2435569763
2021-01-19,4.67533397675,12.7628993988,17.9214916229,1.32450795174,21.7749900818,19.7790737152,4.67263650894,5.74477434158,56.4862937927,24.0633106232
2021-01-20,4.69847869873,12.5094060898,17.6395683289,1.32450795174,22.7350120544,19.5379314423,4.72773981094,5.65446233749,56.5694770813,23.8470096588
2021-01-21,4.6174697876,12.2834653854,17.4986019135,1.25479722023,22.2375431061,19.3085575104,4.59549474716,5.5390663147,56.5029258728,23.3603382111
2021-01-22,4.6637597084,12.0795650482,17.3640499115,1.23620760441,22.1808166504,18.9792003632,4.57896471024,5.45878982544,55.9871559143,23.3693504333
2021-01-26,4.80841827393,11.8205661774,17.2487182617,1.25479722023,22.9182796478,18.949798584,4.47978019714,5.3385477066,55.2301292419,22.9097118378
2021-01-27,4.76791477203,11.919757843,17.3192024231,1.2826820612,21.9582710266,19.0262489319,4.50182104111,5.30335903168,53.150352478,22.9818115234
2021-01-28,4.83734989166,12.2889795303,17.2551269531,1.33380305767,22.2724552155,19.0438976288,4.5624332428,5.51448917389,54.0820846558,23.7298488617
2021-01-29,4.7274107933,11.9252672195,16.8834972382,1.25944471359,21.8186302185,19.1438789368,4.54590272903,5.33352041245,54.6561050415,22.9637870789
2021-02-01,5.05722904205,12.1787624359,17.0821285248,1.27803432941,23.0099239349,19.1909313202,4.61753463745,5.42400455475,56.4031066895,23.2071266174
2021-02-02,5.07458686829,12.1551876068,16.8770866394,1.29662382603,24.2797698975,19.5261688232,4.68916845322,5.43405675888,57.0270423889,23.2882385254
2021-02-03,5.13245201111,12.2323913574,16.9860153198,1.31056594849,25.6805267334,19.6085090637,4.64508581161,5.43908596039,59.0652008057,23.6126861572
2021-02-04,5.12087965012,12.6074142456,16.6784553528,1.29662382603,25.2747058868,19.396780014,4.65610647202,5.43908596039,61.0617713928,24.0813350677
2021-02-05,5.12666273117,12.5246925354,16.7040901184,1.25944471359,25.6194343567,19.4849967957,4.57896471024,5.40892457962,62.3096199036,24.387758255
2021-02-08,5.0514421463,12.298579216,16.6400146484,1.25944471359,25.1045093536,19.2909126282,4.51835203171,5.32849264145,61.1449699402,24.0633106232
2021-02-09,4.98779392242,12.414390564,16.5118694305,1.23156011105,24.7815990448,19.2967967987,4.567943573,5.37373495102,61.7688827515,24.3607234955
2021-02-10,4.83734989166,12.2930574417,16.3645000458,1.22226548195,23.7168464661,19.1438789368,4.567943573,5.3385477066,60.3962593079,23.7929363251
2021-02-11,4.87785482407,12.3261508942,16.2427558899,1.23156011105,23.8870353699,19.1203517914,4.51835203171,5.34860181808,60.1965904236,23.1350269318
2021-02-12,4.80263185501,12.3537302017,16.1786804199,1.22226548195,23.4332046509,19.07330513,4.52937221527,5.32849264145,61.3945274353,23.4504623413
2021-02-17,4.84892272949,12.2268800735,15.9223871231,1.20832300186,24.681230545,19.0144901276,4.35855579376,5.29833173752,61.2946929932,23.2702102661
2021-02-18,4.76212644577,12.0610780716,16.0184993744,1.18973338604,24.6463222504,18.7968788147,4.24835300446,5.20282077789,59.897102356,23.1079921722
2021-02-19,4.58275270462,12.0169219971,16.0120868683,1.17114377022,23.7997627258,18.8321647644,4.19325113297,5.15255355835,60.7456474304,23.3242855072
2021-02-22,4.44388055801,11.3324451447,15.4866857529,1.15255439281,22.983745575,18.408706665,4.07202768326,4.91628932953,59.0319213867,23.4324359894
2021-02-23,4.46702623367,11.851319313,16.4349765778,1.17579126358,23.4157524109,18.4204692841,4.07753801346,5.28827762604,60.3130455017,23.3152751923
2021-02-24,4.58275270462,11.7740411758,16.7809753418,1.20367586613,23.5117511749,18.4851646423,3.97835326195,5.23800897598,60.5043907166,23.0358867645
2021-02-25,4.48438453674,11.4704427719,16.5246810913,1.18043899536,23.952495575,18.1263999939,4.13263988495,5.08217763901,58.9320869446,21.9453811646
2021-02-26,4.33972787857,11.3655595779,15.8078098297,1.1246701479,24.7815990448,18.0911140442,3.9673333168,5.00174665451,57.4845733643,21.404630661
2021-03-01,4.15456533432,10.9957284927,15.556470871,1.11072826385,23.5815734863,17.8852672577,3.69182419777,4.84559869766,58.4163093567,21.4947547913
2021-03-02,4.17192411423,11.1875753403,15.6887540817,1.10608065128,24.08776474,17.9264373779,3.7414162159,4.98663473129,57.5927352905,21.4136428833
2021-03-03,4.17771148682,11.4140892029,15.7681245804,1.13861227036,23.1932029724,17.9381999969,3.67529392242,5.03196811676,56.611076355,20.1879463196
2021-03-04,4.26450634003,11.7952928543,16.2377338409,1.1246701479,22.9270153046,19.0380153656,3.77998757362,5.1427822113,56.5029258728,19.7823810577
2021-03-05,4.42652177811,12.4416913986,16.2178916931,1.15720176697,23.8652191162,19.0144901276,3.84610962868,5.22337436676,55.3049850464,21.7380924225
2021-03-08,4.20664215088,11.9610357285,15.6887540817,1.12931787968,22.625919342,18.6557254791,3.66978311539,5.01685714722,51.7111587524,20.7286968231
2021-03-09,4.1603512764,11.9776077271,16.0922203064,1.10608065128,22.7961025238,19.3144397736,3.57060003281,5.06219005585,50.6629676819,20.6475811005
2021-03-10,4.28765010834,12.1599273682,15.9533224106,1.13396477699,22.8048305511,19.5320491791,3.7138645649,5.20115089417,49.9142532349,20.818819046
2021-03-11,4.28765010834,12.4030170441,15.9268665314,1.14790737629,23.1582870483,19.4908828735,3.70835518837,5.18601703644,52.4099617004,21.4947547913
2021-03-12,4.33972787857,12.2262296677,15.9400920868,1.1664968729,23.2237472534,19.4320659637,3.77447676659,5.14565849304,51.9940032959,21.3325328827
2021-03-15,4.32815504074,12.3477668762,16.4163131714,1.17114377022,24.3059558868,19.8790531158,3.87916970253,5.16079425812,53.2252349854,21.855255127
2021-03-16,4.33394050598,12.1267805099,16.6676464081,1.1664968729,25.7459850311,20.184885025,3.80202841759,5.0851225853,54.2151947021,21.1703033447
2021-03-17,4.4091629982,12.5577077866,16.5882778168,1.18973338604,26.1823558807,20.9906291962,4.10508823395,5.23142051697,52.9756546021,21.3145065308
2021-03-18,4.32815504074,12.7897481918,16.5353622437,1.16184926033,26.0819892883,20.6789226532,4.03345584869,5.28186750412,52.0106468201,20.9900588989
2021-03-19,4.38601922989,12.8726215363,16.4626083374,1.18508636951,27.1860122681,21.0788536072,4.22080230713,5.26673316956,53.0422096252,21.125246048
2021-03-22,4.32236862183,12.8173656464,16.3700122833,1.17579126358,28.2987632751,21.0553302765,4.25386381149,5.30709028244,52.5264320374,22.2067394257
2021-03-23,4.27029132843,12.6903038025,16.4163131714,1.18508636951,28.1765804291,21.2494163513,4.30345487595,5.17592954636,51.7028465271,22.0895805359
2021-03-24,4.15456533432,12.4914083481,15.9863929749,1.1664968729,28.8224124908,21.0141601562,4.28692340851,5.06998729706,50.4133872986,21.548828125
2021-03-25,4.22399997711,12.7455472946,16.2245044708,1.1664968729,28.8747787476,21.0435638428,4.30345487595,5.17592954636,51.9940032959,21.909330368
2021-03-26,4.24136066437,12.8505144119,16.9256019592,1.17114377022,28.9140415192,21.2317676544,4.24284315109,5.23611354828,51.4116744995,21.3595695496
2021-03-29,4.07934379578,12.944437027,17.3753604889,1.15720176697,30.624622345,22.5668430328,4.07202768326,5.2158946991,51.0289993286,20.3681964874
2021-03-30,4.18349599838,13.2482967377,17.3952045441,1.18973338604,30.3409900665,23.0491142273,4.16019058228,5.29170894623,52.4016494751,22.2337799072
2021-03-31,4.21243000031,12.9886350632,17.2765007019,1.17579126358,29.6864337921,22.8903121948,4.28141403198,5.2158946991,53.9988975525,22.2067394257
2021-04-01,4.15456533432,12.541135788,17.2765007019,1.18043899536,30.5024433136,22.2845344543,4.16570043564,5.10470485687,53.5783042908,21.6930294037
2021-04-05,4.33394050598,12.6944227219,17.3788127899,1.17579126358,29.7955169678,22.7374019623,4.15467977524,5.17041063309,53.9447555542,22.6123008728
2021-04-06,4.44388055801,12.4400892258,17.3242511749,1.20367586613,29.8042488098,22.8609085083,4.09957790375,5.11986780167,55.4355888367,23.0088500977
2021-04-07,4.41494894028,12.3571557999,17.3447093964,1.18508636951,30.9213600159,23.2902545929,4.07753801346,5.11481332779,56.2684669495,22.8646507263
2021-04-08,4.48438453674,12.3405733109,17.4879436493,1.18043899536,32.2784843445,23.3373012543,4.07753801346,5.09965085983,55.135761261,22.9908256531
2021-04-09,4.61168384552,12.2521076202,17.1946563721,1.18043899536,32.693031311,22.8785495758,4.11059856415,5.07437992096,54.9108772278,23.1891002655
2021-04-12,4.71583747864,12.5119714737,17.2151184082,1.17579126358,32.5490341187,23.0197048187,4.06100702286,5.16030263901,57.4677810669,22.8916873932
2021-04-13,4.71005105972,12.4456205368,17.2628631592,1.18043899536,32.9897727966,23.0255870819,4.02243566513,5.15019178391,57.9924964905,22.9097118378
2021-04-14,4.76791477203,12.5617275238,17.4401988983,1.17579126358,33.6006889343,23.1314544678,4.03345584869,5.18557167053,57.8842124939,22.7114391327
2021-04-15,4.82577753067,12.6059579849,17.3856315613,1.18508636951,33.64868927,23.0726413727,4.25937414169,5.18557167053,57.7176475525,22.6123008728
2021-04-16,4.86628055573,12.7828865051,17.815328598,1.18043899536,33.7315979004,23.6137294769,4.54590272903,5.20578765869,58.300655365,23.1260128021
2021-04-19,4.79105806351,12.6258621216,17.8016891479,1.18043899536,34.3817939758,24.007774353,4.55141305923,5.15524578094,57.9508552551,23.1350269318
2021-04-20,4.67533397675,12.437330246,17.7334823608,1.17579126358,35.3025436401,24.1018829346,4.58998441696,5.16535568237,57.3262138367,22.3689651489
2021-04-22,4.69847869873,12.3339366913,17.6789150238,1.17114377022,34.8646697998,24.0901165009,4.62304592133,5.16535568237,56.2184867859,21.9453811646
2021-04-23,4.69847869873,12.5711250305,17.7334823608,1.17579126358,35.0773353577,23.9254417419,4.75529003143,5.2158946991,57.7592964172,22.0174789429
2021-04-26,4.71005105972,12.5711250305,17.6175327301,1.17114377022,35.2811393738,23.9960155487,4.7773308754,5.19062614441,57.8175888062,22.3509407043
2021-04-27,4.53067541122,12.4677371979,17.6107139587,1.1664968729,35.8526916504,23.9254417419,4.84896326065,5.07943344116,57.1679496765,22.3058776855
2021-04-28,4.47859859467,13.0637598038,17.8767147064,1.16184926033,35.5248374939,23.8725090027,4.8453335762,5.26749849319,57.6926651001,22.4771175385
2021-04-29,4.60011148453,12.6197776794,18.3814373016,1.17114377022,36.1539802551,24.0842342377,4.79515171051,5.14594078064,57.8842124939,22.8105773926
2021-04-30,4.39759016037,12.5711250305,18.4155387878,1.16184926033,34.3950157166,24.5841522217,4.78400087357,5.09529209137,59.8831062317,22.6303253174
2021-05-03,4.44388055801,12.9360389709,18.2109279633,1.16184926033,33.0968437195,24.8605804443,4.75054502487,5.16113615036,57.9675140381,22.4342041016
2021-05-04,4.44966840744,12.5387220383,17.4606628418,1.11072826385,32.8531608582,24.8194084167,4.76169729233,5.02438306808,57.2595787048,23.2650966644
2021-05-05,4.51910305023,12.6239423752,17.4743022919,1.13396477699,34.2045059204,24.5264797211,4.78957605362,5.17126512527,57.9675140381,22.6690216064
2021-05-06,4.64061546326,12.6604566574,17.2833251953,1.12931787968,34.8602409363,23.9697570801,4.79515171051,5.16619873047,59.0502281189,22.9760913849
2021-05-07,4.84892272949,12.7761039734,17.4333820343,1.1664968729,35.6045799255,23.8535175323,4.79515171051,5.23710823059,59.624912262,23.7257041931
2021-05-10,4.7274107933,13.068277359,17.2901439667,1.16184926033,35.391910553,23.3457355499,4.71709012985,5.29282283783,60.2995414734,23.5902309418
2021-05-11,4.84313583374,13.0439252853,17.3037872314,1.16184926033,35.3476028442,23.3946781158,4.63903141022,5.29282283783,59.6665534973,23.9153633118
2021-05-12,4.71005105972,12.7639293671,16.8468074799,1.14790737629,34.2488098145,22.8685455322,4.51636362076,5.19152498245,60.1412887573,23.0754375458
2021-05-13,4.7274107933,13.1534843445,16.8945522308,1.15720176697,35.7153511047,23.3090267181,4.5609703064,5.28269290924,60.7825927734,23.36444664
2021-05-14,4.90099954605,13.2386951447,17.2901439667,1.1664968729,35.2944450378,24.5387115479,4.63903141022,5.38905715942,61.3822631836,23.9153633118
2021-05-17,5.08037376404,13.2569599152,17.5697879791,1.17579126358,38.2363739014,24.8568477631,4.67806100845,5.39412212372,63.2978515625,23.9785842896
2021-05-18,5.03408479691,13.3969507217,17.8085079193,1.17114377022,38.8743972778,24.8996734619,4.58327293396,5.37892723083,59.9332809448,24.1411514282
2021-05-19,4.97043466568,13.4699964523,17.8698959351,1.17114377022,39.3972015381,24.8391437531,4.61115169525,5.43970680237,60.0833244324,24.0688991547
2021-05-20,4.91835689545,13.6221656799,17.9926662445,1.18973338604,38.9940185547,24.921421051,4.65018177032,5.45996379852,61.4503707886,24.5204753876
2021-05-21,4.89521169662,13.6586866379,18.1358966827,1.20367586613,38.2319412231,25.0100135803,4.46060657501,5.49035358429,62.0171775818,24.8997974396
2021-05-24,5.16138267517,13.7073841095,18.3882598877,1.19902825356,38.9054069519,25.3074569702,4.34351491928,5.50048446655,60.9752388,25.1978359222
2021-05-25,5.15559482574,13.5734767914,18.483751297,1.18973338604,38.1256141663,25.2061977386,4.29333305359,5.46923112869,61.5920791626,25.0804271698
2021-05-26,5.19610118866,13.8960695267,18.3882598877,1.18973338604,38.1123275757,25.1555671692,4.29890966415,5.51996612549,61.2669906616,25.6042518616
2021-05-27,5.28868198395,13.938668251,18.1290779114,1.19902825356,40.3232078552,24.9973545074,4.37696933746,5.44893884659,59.1830635071,26.6338405609
2021-05-28,5.28868198395,13.9143342972,17.972202301,1.18508636951,43.1366615295,24.7442131042,4.36024332047,5.53011369705,59.1830635071,27.6905231476
2021-05-31,5.30025291443,13.9143342972,18.2382030487,1.18973338604,45.8171920776,24.5163917542,4.43830347061,5.50981998444,58.5328941345,27.1937923431
2021-06-01,5.30603933334,14.1638841629,18.6679019928,1.18508636951,44.7494087219,25.0226726532,4.6947889328,5.72838068008,57.1575088501,28.0879096985
2021-06-02,5.172955513,14.5885982513,18.3336925507,1.21761786938,48.6180763245,24.9720439911,4.60000038147,5.91644859314,57.7410049438,28.810426712
2021-06-04,5.20767354965,14.6677885056,18.5314884186,1.27338683605,49.0962562561,25.3137760162,4.65575838089,6.04860258102,57.5159492493,28.7743034363
2021-06-07,5.27710771561,14.8688011169,18.592874527,1.28732860088,44.0686683655,25.5036315918,4.67248439789,6.12484550476,57.0991744995,28.3949813843
2021-06-08,5.24817609787,14.80788517,18.2586688995,1.28732860088,41.5503311157,25.3264350891,4.71151447296,6.0689330101,57.5159492493,28.3227291107
2021-06-09,5.28868198395,14.6007881165,18.4155387878,1.29197633266,42.0968055725,25.294801712,4.89551544189,6.08926534653,57.4659385681,28.5936737061
2021-06-10,5.14981126785,14.7104225159,18.483751297,1.34309756756,42.1241340637,25.5985603333,4.85090875626,6.05876874924,58.4078559875,28.7110843658
2021-06-11,5.16138267517,14.5215950012,18.3541584015,1.33845055103,41.6687355042,25.2631568909,4.73939466476,5.96219491959,58.1077728271,28.0156574249
2021-06-14,5.329185009,14.5276908875,18.6815395355,1.42675089836,42.3563842773,25.6302051544,4.71151447296,5.99268960953,57.8910484314,29.6051959991
2021-06-15,5.5085606575,14.5033245087,18.640619278,1.3942193985,42.3245010376,25.7504405975,4.87878847122,6.0079407692,56.8741073608,29.3974742889
2021-06-16,5.49698734283,14.5337781906,18.4223556519,1.422103405,41.8144607544,25.2568225861,4.81187868118,6.06385278702,56.9491157532,29.0994377136
2021-06-17,5.47962999344,14.4545955658,18.2927703857,1.38492405415,39.0319976807,25.1365852356,4.80630302429,6.0079407692,57.1075019836,29.8490505219
2021-06-18,5.54327917099,14.2474870682,18.2859477997,1.41745638847,41.3499565125,25.427690506,4.76169729233,5.95202827454,55.7987976074,31.2128067017
2021-06-21,5.61271381378,14.2414016724,18.2450256348,1.44534039497,43.0303688049,24.9783687592,4.89551544189,5.96727705002,55.765460968,30.6799468994
2021-06-22,5.5606379509,14.0708408356,17.8767147064,1.422103405,42.7707977295,24.7062492371,4.82302999496,6.01302242279,58.1411170959,30.7521934509
2021-06-23,5.54906415939,14.0464792252,17.8085079193,1.5289940834,42.9210739136,24.3708362579,4.83975791931,5.95710945129,57.3492393494,30.3638439178
2021-06-24,5.70529603958,14.0464792252,17.8085079193,1.51505160332,43.5222053528,24.2569332123,4.90666627884,5.97744083405,56.8407478333,30.2915916443
2021-06-25,5.69372081757,13.6870937347,17.6584568024,1.4871673584,42.1605682373,23.8582382202,4.778424263,5.83512306213,57.3074569702,29.3432884216
2021-06-28,5.75158643723,13.5835409164,17.4538421631,1.50110900402,43.0713653564,23.9405097961,4.65575838089,5.77412843704,57.9500617981,29.6142311096
2021-06-29,5.6185002327,13.4678077698,17.3037872314,1.50110900402,45.120639801,23.62408638,4.65018177032,5.7436299324,57.9583969116,29.7226085663
2021-06-30,5.63007259369,13.3155212402,17.1128101349,1.45463550091,44.7654304504,23.3519630432,4.62787818909,5.66738796234,57.6078987122,29.7135791779
2021-07-01,5.87309789658,13.1815166473,16.7308597565,1.49181485176,44.8565063477,23.1937541962,4.4438791275,5.67755317688,57.8499069214,28.8826789856
2021-07-02,5.97725057602,13.3992948532,17.3242511749,1.52434635162,44.3874435425,23.6747093201,4.48848438263,5.70805168152,59.585735321,29.3974742889
2021-07-05,5.92517614365,13.2371940613,17.5697879791,1.54758346081,43.831867218,23.8076076508,4.41599988937,5.63180828094,59.0182533264,28.8284912109
2021-07-06,5.89624404907,13.0314321518,17.3788127899,1.51435256004,42.2015571594,23.6367397308,4.28775835037,5.61147594452,58.3005599976,28.7110843658
2021-07-07,6.06983375549,13.1311988831,17.2275104523,1.51435256004,42.3290634155,24.0037918091,4.23200082779,5.70805168152,59.1935157776,28.5756111145
2021-07-08,6.04090118408,12.9441394806,17.359708786,1.45263910294,42.2653083801,23.6557254791,4.16509103775,5.67755317688,58.9181098938,28.160161972
2021-07-12,6.11612176895,13.2184848785,17.359708786,1.49061655998,43.1760940552,23.6620540619,4.26545524597,5.78429365158,58.3756637573,29.0181522369
2021-07-13,6.15662717819,13.262134552,17.2553443909,1.48586988449,42.3973655701,23.8835506439,4.29890966415,5.76396274567,58.2504844666,28.9097728729
2021-07-14,6.16819858551,13.4304771423,17.3110027313,1.45738649368,43.5267562866,24.0860595703,4.37139368057,5.77412843704,58.4090576172,28.8917102814
2021-07-15,6.01775407791,13.3681325912,17.2275104523,1.42890357971,44.3464736938,24.0101222992,4.34909152985,5.72838068008,57.4660224915,28.7743034363
2021-07-16,6.00039625168,13.1374263763,17.3736248016,1.42415630817,44.2462806702,24.1746616364,4.3323636055,5.6470580101,57.2073287964,28.9007453918
2021-07-19,5.83259344101,12.9566049576,17.1161823273,1.40991485119,42.8800926208,24.1240291595,4.28218221664,5.60131168365,55.7886009216,28.5756111145
2021-07-20,5.86731147766,13.0937852859,17.1092262268,1.43839752674,43.4538879395,24.4277935028,4.34909152985,5.66738796234,55.646736145,28.2324142456
2021-07-21,5.82101917267,13.1561365128,17.359708786,1.38143157959,44.310043335,24.5733566284,4.27660608292,5.70296764374,55.3045806885,28.7562389374
2021-07-22,5.84995222092,13.0251970291,17.4571170807,1.3719367981,44.2872695923,24.4974136353,4.36024332047,5.63689088821,58.3506317139,29.0091209412
2021-07-23,5.66479110718,12.9004955292,17.213596344,1.34820127487,43.2626228333,24.1999778748,4.34351491928,5.63180828094,57.7497596741,28.7110843658
2021-07-26,5.64164733887,12.9940252304,17.1857643127,1.34345400333,42.9210739136,23.9278488159,4.18739461899,5.68263578415,56.022277832,28.2233829498
2021-07-27,5.54327917099,13.0251970291,17.2553443909,1.32921266556,42.7753410339,23.9594917297,3.99781823158,5.71821737289,56.214225769,27.5369873047
2021-07-28,5.36968946457,13.274597168,17.2483844757,1.32921266556,43.2444076538,24.2505989075,4.03684806824,5.87070178986,56.5146598816,28.1782264709
2021-07-29,5.34654378891,13.2060194016,17.1927242279,1.33395934105,43.0349273682,24.1113739014,4.1818189621,5.81478977203,57.9250183105,28.1782264709
2021-07-30,5.21924591064,12.8755540848,16.7891654968,1.32921266556,41.6778450012,24.0670757294,4.20412158966,5.67755317688,57.5828552246,28.1782264709
2021-08-02,5.27710771561,12.981552124,17.2553443909,1.36244273186,41.8372344971,25.0289955139,4.1818189621,5.78937721252,58.6260185242,28.2414455414
2021-08-03,5.25396347046,13.067196846,17.1996803284,1.28648805618,42.3518295288,24.8264884949,4.07587862015,5.86053657532,59.8277549744,28.4852962494
2021-08-04,5.26553630829,12.6054172516,17.1231403351,1.28174042702,42.6615028381,24.9847011566,4.13721179962,5.72838068008,58.8179740906,28.0427494049
2021-08-05,5.21924591064,12.3932437897,16.893535614,1.22477424145,43.6132774353,24.7315597534,4.0591506958,5.7436299324,58.6927947998,27.4466724396
2021-08-06,5.14402389526,12.655339241,16.9770278931,1.20103812218,43.7908782959,24.9340744019,4.11490917206,5.85037231445,58.325592041,27.7989025116
2021-08-09,5.12666273117,12.6428575516,16.9631137848,1.20578563213,45.1752929688,25.4087047577,4.1985449791,5.87578678131,58.1837120056,27.9253444672
2021-08-10,5.13823699951,12.4244413376,16.7195930481,1.19629085064,44.9976806641,25.0606479645,4.04242420197,5.83004140854,58.3673286438,27.4557056427
2021-08-11,5.55485153198,12.505572319,16.60131073,1.19154417515,46.2272453308,25.0353336334,4.0591506958,5.91644859314,58.3589744568,27.5460224152
2021-08-12,5.43912410736,12.3807659149,16.6917591095,1.17255556583,45.9585647583,24.94672966,4.00339317322,5.81478977203,61.3382530212,27.18475914
2021-08-13,5.329185009,12.461889267,16.684803009,1.16306054592,45.8583831787,24.9973545074,4.00339317322,5.85037231445,60.9209938049,26.9680080414
2021-08-16,5.09194660187,12.3370828629,16.4204082489,1.1250834465,43.9457244873,25.0922851562,3.75248527527,5.79802036285,60.9209938049,27.4195804596
2021-08-17,5.00515222549,12.3308429718,16.5247707367,1.12983083725,42.3745956421,25.2631568909,3.65769672394,5.7215294838,60.4035720825,26.9228458405
2021-08-18,4.9472899437,12.1623544693,16.1073074341,1.11084198952,42.6022186279,25.0100135803,3.70787858963,5.73682832718,61.2381210327,27.1034793854
2021-08-19,5.03987026215,12.2434711456,16.0029373169,1.14407193661,42.5833358765,25.2821426392,3.73575758934,5.6909327507,61.3048782349,28.160161972
2021-08-20,5.08037376404,12.1935606003,16.8030872345,1.1535667181,43.1922798157,25.6238765717,3.79709005356,5.701130867,63.1742210388,28.674955368
2021-08-23,5.09773397446,12.2122774124,16.6639289856,1.18204951286,43.0742721558,25.1302490234,3.7580602169,5.72662973404,63.2910804749,28.6297988892
2021-08-24,5.28868198395,12.5742139816,17.053565979,1.19629085064,44.528175354,25.2758083344,3.9532122612,5.84901666641,63.6332359314,28.9820270538
2021-08-25,5.28289604187,12.5367736816,17.1718463898,1.22002720833,44.4951286316,25.0669708252,3.76921248436,5.8592133522,63.6248855591,29.7316379547
2021-08-26,5.16138267517,12.2871608734,17.1509723663,1.1867967844,44.1458129883,24.1366882324,3.61866664886,5.71133232117,62.2061729431,28.9639625549
2021-08-27,5.31761407852,12.4431657791,17.213596344,1.21527969837,44.2024612427,24.0734024048,3.59078812599,5.81331920624,63.2243118286,29.7226085663
2021-08-30,5.46805620193,12.3370828629,17.3040485382,1.20578563213,43.319732666,24.1746616364,3.55175757408,5.77252340317,61.1713638306,29.9845237732
2021-08-31,5.46805620193,12.4431657791,17.1161823273,1.17730236053,42.6871871948,23.9911289215,3.56290888786,5.89491128922,57.4326324463,29.9845237732
2021-09-01,5.52591896057,12.4556531906,17.3318767548,1.1867967844,42.8240890503,24.1177005768,3.51272773743,5.95621013641,56.7483329773,29.9122676849
2021-09-02,5.41019201279,11.9855051041,17.213596344,1.14407193661,42.9184913635,23.8835506439,3.56290888786,5.7569861412,57.5661697388,29.2529716492
2021-09-03,5.33497285843,11.9855051041,17.0466060638,1.14881932735,42.8193702698,24.0354328156,3.55733346939,5.7467713356,57.1655921936,29.1445941925
2021-09-06,5.29446744919,12.1041717529,17.0326957703,1.18204951286,43.6171188354,23.908864975,3.57963705063,5.85404491425,59.5189743042,29.1084671021
2021-09-08,4.86049365997,11.3359498978,16.4551944733,1.11558926105,41.6817245483,23.3139915466,3.45139431953,5.57819843292,58.4174003601,27.2028274536
2021-09-09,4.97622156143,11.4233913422,16.8378715515,1.13932466507,42.2481842041,23.4722061157,3.55733346939,5.69058036804,59.0933685303,27.5821475983
2021-09-10,5.06880187988,11.3047266006,16.9422397614,1.13932466507,43.0223426819,23.4342308044,3.56848454475,5.6088476181,57.627166748,28.1782264709
2021-09-13,5.30025291443,11.4920911789,17.213596344,1.18204951286,43.4755134583,23.7506523132,3.71903061867,5.68547153473,59.7458000183,28.9459037781
2021-09-14,5.31761407852,11.4108991623,17.3179626465,1.1535667181,43.7587394714,24.0670757294,3.70787858963,5.6497130394,59.5763130188,28.864616394
2021-09-15,5.26553630829,11.3234586716,17.1301059723,1.14881932735,43.9050712585,23.7190113068,3.70230340958,5.6497130394,59.0339508057,28.4943256378
2021-09-16,5.40440797806,11.1110973358,17.4501590729,1.14881932735,42.6399917603,23.6304168701,3.59636425972,5.68036413193,59.2627487183,28.3317604065
2021-09-17,5.20767354965,10.7925710678,17.3110027313,1.13932466507,41.9649581909,23.4911823273,3.69672775269,5.55776405334,58.508518219,27.6092433929
2021-09-20,5.02829790115,10.424077034,17.1231403351,1.11558926105,38.1413803101,23.0671825409,3.5740609169,5.46071052551,57.37292099,26.9047851562
2021-09-21,5.17874145508,10.5614843369,17.276216507,1.13457810879,36.8149299622,23.3139915466,3.68000054359,5.43516874313,58.7458000183,27.7447128296
2021-09-22,5.46226978302,10.7988157272,17.213596344,1.14881932735,37.3861122131,23.3266525269,3.80266666412,5.54243946075,58.3390197754,28.4491691589
2021-09-23,5.56642341614,11.1673173904,17.3110027313,1.17255556583,39.0382652283,23.4405593872,3.74690961838,5.68547153473,58.9407272339,28.7020530701
2021-09-24,5.65900468826,11.0174226761,17.3666687012,1.15831327438,39.5292015076,23.2000789642,3.67442464828,5.60373830795,58.5169868469,28.674955368
2021-09-27,5.64743232727,11.2485074997,17.2066383362,1.16306054592,39.7463417053,23.3456325531,3.62424325943,5.7467713356,57.4322357178,28.6478614807
2021-09-28,5.60114192963,10.9924373627,17.1161823273,1.14407193661,37.4285888672,23.2443809509,3.45139431953,5.63438892365,56.5169868469,27.4557056427
2021-09-29,5.7863035202,11.1610717773,17.067483902,1.14407193661,37.6646118164,23.2570285797,3.42909121513,5.74166202545,56.6779975891,27.0944461823
2021-09-30,6.13926839828,11.1548252106,16.9213695526,1.20103812218,37.329460144,22.6811466217,3.5740609169,5.69058036804,57.5508880615,26.6609344482
2021-10-01,6.23184967041,11.3921613693,16.9631137848,1.22952163219,37.6268463135,22.7127933502,3.43466711044,5.83361005783,58.1441116333,27.0131626129
2021-10-04,6.13348054886,10.9778366089,16.9074516296,1.1867967844,37.0131874084,22.6684894562,3.30642485619,5.70079565048,56.8644447327,25.5139389038
2021-10-05,5.90203046799,11.2341499329,16.8169975281,1.20103812218,36.980140686,22.4469966888,3.26739406586,5.78763628006,56.2881698608,25.3784675598
2021-10-06,5.55485153198,11.2779159546,16.8796234131,1.17730236053,36.1399040222,22.6431732178,3.18375778198,5.80806970596,56.8051185608,25.3062152863
2021-10-07,5.5085606575,11.040353775,16.7195930481,1.1535667181,35.9227600098,22.744430542,3.20048522949,5.69568824768,55.5169906616,25.8210086823
2021-10-08,5.52013301849,11.2091426849,16.9839839935,1.1867967844,36.8951759338,23.1494541168,3.34545469284,5.78252840042,56.3390312195,26.5615921021
2021-10-11,5.55485153198,10.9965906143,17.1509723663,1.19154417515,36.4089698792,23.1304664612,3.32872724533,5.69568824768,54.8475036621,26.1100158691
2021-10-13,5.76894426346,11.0528583527,17.297088623,1.18204951286,38.7880859375,23.6810436249,3.35660600662,5.70590353012,55.974609375,26.9409141541
2021-10-14,5.7284412384,10.9465751648,17.3110027313,1.18204951286,38.0422515869,23.7443256378,3.62424325943,5.63949680328,55.737323761,26.7151241302
2021-10-15,5.844165802,11.4279546738,17.2414226532,1.19154417515,39.1893234253,23.8519115448,3.71345424652,5.7467713356,55.6695327759,27.0944461823
2021-10-18,5.93096017838,11.552983284,17.3457965851,1.21527969837,40.5913009644,24.0291042328,3.92533254623,5.78763628006,55.3813934326,27.2570152283
2021-10-19,5.73422527313,11.1716356277,17.0326957703,1.17255556583,38.8919372559,23.7253456116,3.60127472878,5.57309150696,53.8898658752,26.2635478973
2021-10-20,5.84995222092,11.5842409134,17.053565979,1.17730236053,39.9776496887,23.8645687103,3.56483674049,5.69058036804,53.737323761,25.640378952
2021-10-21,5.63585853577,11.252907753,16.8169975281,1.13932466507,38.4954147339,23.6367397308,3.35228276253,5.53733253479,51.9068183899,24.3850021362
2021-10-22,5.45069694519,10.884059906,16.69871521,1.14407193661,37.9620018005,23.3013305664,3.18224024773,5.3789768219,51.5932617188,24.231470108
2021-10-25,5.687936306,11.0591068268,16.8796234131,1.15831327438,40.5441055298,23.5418167114,3.26726150513,5.45049190521,53.3898696899,25.2249298096
2021-10-26,5.43912410736,10.8027925491,16.8796234131,1.13932466507,40.7376365662,23.2380542755,3.1336555481,5.34832811356,51.1440963745,24.4572544098
2021-10-27,5.60114192963,10.984085083,17.067483902,1.13932466507,38.3774032593,23.4342308044,3.14580202103,5.37386846542,51.3644485474,24.5204753876
2021-10-28,5.35233211517,10.8778057098,16.8865795135,1.10134720802,37.2350540161,23.2443809509,3.03648853302,5.34832811356,50.4237594604,23.8431129456
2021-10-29,5.0514421463,10.6277456284,16.9213695526,1.10609459877,35.2477302551,23.2000789642,3.03648853302,5.2359457016,50.0000419617,23.4276657104
2021-11-01,5.21924591064,10.9715833664,17.3040485382,1.10609459877,35.7953071594,23.2886753082,3.18831324577,5.36876058578,49.991558075,23.8250484467
2021-11-03,5.39862012863,10.9448385239,17.3249206543,1.14407193661,35.30909729,23.7569847107,3.37657499313,5.41473531723,52.7966423035,24.8185138702
2021-11-04,5.14699029922,10.3503417969,17.0387153625,1.1535667181,34.6812782288,23.383605957,3.2794072628,5.2359457016,48.4830818176,24.5656318665
2021-11-05,5.23097419739,10.769616127,16.9138660431,1.17255556583,36.5883483887,23.2696914673,3.33406400681,5.19508075714,48.8220672607,24.8907623291
2021-11-08,5.09899950027,10.5568504333,16.8477668762,1.16780817509,36.4844970703,23.0545272827,3.20045852661,5.18486452103,49.1525802612,24.6107902527
2021-11-09,5.3629488945,10.4754991531,16.7890129089,1.16780817509,38.4293327332,23.3582954407,3.23082399368,5.12867212296,49.0932579041,24.9810810089
2021-11-10,5.91484117508,10.9698619843,16.9358959198,1.16780817509,38.0800170898,23.7253456116,3.28548026085,5.24616289139,48.7627487183,26.3267707825
2021-11-11,6.05281400681,11.0762434006,16.9652748108,1.19154417515,39.5150375366,23.3329792023,3.35228276253,5.23083734512,49.1441001892,26.4261169434
2021-11-12,5.90284109116,11.1137914658,16.9579257965,1.16780817509,43.3763809204,23.1557826996,3.29155397415,5.22572946548,48.1780052185,26.2635478973
2021-11-16,6.02281808853,11.0887613297,16.7229118347,1.13457810879,43.8012199402,22.6811466217,3.0486342907,5.12867212296,46.3559646606,25.017206192
2021-11-17,5.98682498932,11.1263055801,16.5907154083,1.11084198952,43.3716583252,22.4090213776,3.03648853302,5.12356424332,46.203414917,24.2585659027
2021-11-18,6.3287563324,10.9886341095,16.5760211945,1.12033593655,42.1880607605,22.478635788,3.0304145813,5.0878071785,46.3983345032,24.3308124542
2021-11-19,6.51472330093,11.0074071884,16.5686836243,1.12033593655,43.6175041199,22.478635788,3.12758278847,5.08269739151,47.2034225464,24.1411514282
2021-11-22,6.40074682236,10.8634796143,16.4878940582,1.13932466507,45.3798294067,22.4153518677,2.95146656036,5.03161668777,45.7797012329,23.9876155853
2021-11-23,6.40074682236,11.132566452,16.6127490997,1.17255556583,46.0162162781,22.371049881,2.88466358185,5.07759189606,45.6186828613,23.4637908936
2021-11-24,6.18478727341,11.3328170776,16.752286911,1.14407193661,44.3909721375,22.6241931915,2.95146656036,5.15787696838,44.1949424744,23.2921924591
2021-11-25,6.27476787567,11.376616478,16.8404159546,1.1535667181,44.8853988647,22.7697467804,3.09721803665,5.20457601547,44.0678291321,23.4547576904
2021-11-26,6.11880159378,10.9761180878,16.8404159546,1.1250834465,44.4448204041,22.6811466217,2.88466358185,5.10079622269,43.0424003601,23.1928462982
2021-11-29,6.13679647446,10.9135389328,17.0019931793,1.14881932735,44.4105453491,23.0418701172,2.89073753357,5.09560585022,43.4322319031,22.8948097229
2021-11-30,6.05881166458,10.6507167816,17.1121559143,1.11084198952,43.6126098633,22.8203697205,2.81178832054,5.01777267456,42.5169754028,22.1361637115
2021-12-01,5.78286743164,10.5943946838,17.1562213898,1.09660053253,44.3860664368,22.6621608734,2.76927709579,5.00400447845,40.6864624023,21.9464988708
2021-12-02,5.88484716415,11.1251306534,17.7657985687,1.13932466507,44.9588279724,23.5671329498,2.98790478706,5.14964962006,41.2203674316,21.4949264526
2021-12-03,5.87884712219,11.1564464569,17.8612747192,1.12983083725,44.6308403015,23.712688446,3.06685304642,5.1236410141,41.7966346741,22.1632614136
2021-12-06,5.91484117508,11.2879934311,17.8465862274,1.16306054592,45.6637649536,24.0417613983,3.09721803665,5.18606090546,40.4491844177,22.8586826324
2021-12-07,5.97482824326,11.1376543045,17.7070484161,1.11084198952,47.680644989,23.8295993805,3.07899928093,5.1392455101,41.6949424744,22.5787067413
2021-12-08,6.28076887131,11.1063327789,17.8979949951,1.1250834465,46.7162590027,23.5263767242,3.23082399368,5.15485143661,42.0000228882,23.6624851227
2021-12-09,6.19678449631,10.7743339539,17.8465862274,1.12033593655,46.0358085632,23.4340934753,3.1336555481,5.03521251678,41.2966384888,23.0573730469
2021-12-10,6.13079833984,10.7743339539,17.7878303528,1.12983083725,47.6855392456,23.5922889709,3.30369925499,5.04561567307,42.5593566895,23.3554153442
2021-12-13,6.13079833984,10.5989398956,17.9200267792,1.12983083725,47.3183898926,23.605474472,3.21867799759,4.97279262543,41.4830741882,23.2741298676
2021-12-14,5.85485219955,10.7430114746,17.8392391205,1.11084198952,47.0442504883,23.7241325378,3.12150979042,5.01113367081,40.1101989746,22.2445430756
2021-12-15,6.10080337524,10.7367515564,17.986125946,1.10134720802,48.1456985474,24.0207633972,3.11543703079,5.05806350708,39.7627258301,22.6238632202
2021-12-16,5.97482824326,10.8495035172,18.0081577301,1.10609459877,49.0121688843,24.0998687744,3.06685304642,5.06328058243,38.9576530457,22.361951828
2021-12-17,5.83685493469,10.5488233566,17.9420604706,1.1535667181,49.3793258667,24.119644165,3.2794072628,4.97463321686,38.9576530457,22.9489974976
2021-12-20,5.70488166809,10.3483715057,17.8025226593,1.13457810879,50.4367256165,23.8757400513,3.14580202103,4.92770290375,38.3839187622,22.4974212646
2021-12-21,5.80086278915,10.3015670776,17.8465862274,1.13457810879,49.3059043884,23.8955173492,3.15187549591,4.89485263824,38.4858207703,22.44323349
2021-12-22,5.64489173889,10.3269510269,18.0816020966,1.13457810879,48.2987937927,23.9152984619,3.12758278847,4.91127586365,36.3033790588,22.253572464
2021-12-23,5.57290649414,10.3142576218,17.9513492584,1.12983083725,49.8994979858,23.8493804932,3.08507227898,4.92222642899,36.2269515991,21.928440094
2021-12-27,5.57890462875,10.4221591949,17.9735336304,1.14881932735,50.6509475708,23.9021091461,3.13972854614,4.976978302,37.9763031006,22.3258228302
2021-12-28,5.74087524414,10.4158115387,17.9365539551,1.16780817509,51.268573761,23.9218864441,3.22475004196,4.97150421143,38.9274101257,22.6045627594
2021-12-29,5.60889863968,10.3396444321,17.8477954865,1.17600095272,52.447227478,23.8757400513,3.07899928093,4.94412899017,37.6621055603,22.4218997955
2021-12-30,5.48292541504,10.2761735916,17.9809322357,1.20491945744,53.1369056702,23.9218864441,3.15187549591,4.88937520981,38.0697135925,23.2347507477
2022-01-03,5.30296087265,10.5046777725,17.9217586517,1.20973920822,52.3442802429,24.0471324921,2.97575855255,4.93865251541,37.3478965759,22.1661701202
2022-01-04,4.97902393341,10.5537595749,17.9439506531,1.17600095272,52.4781150818,24.1657867432,3.00612401962,4.976978302,36.430770874,21.2163219452
2022-01-05,4.8050570488,10.4838666916,17.6776752472,1.17118191719,49.6318511963,23.9218864441,2.85429906845,4.92222642899,33.9680747986,19.9833469391
2022-01-06,4.88904190063,10.5982351303,17.5963153839,1.18082070351,48.59217453,23.8691482544,2.90288305283,4.96602869034,34.3332328796,20.2208080292
2022-01-07,4.93103313446,10.6427116394,17.5001564026,1.24829661846,49.1274528503,23.888923645,2.94539380074,5.02625608444,34.9531440735,20.1842765808
2022-01-10,4.81705570221,10.782494545,17.3818149567,1.20009958744,48.1392440796,23.8427810669,2.84822583199,5.02625608444,33.5179901123,19.6362857819
2022-01-11,4.84705066681,10.8905124664,17.307849884,1.25311601162,48.4943771362,23.7834587097,2.93932127953,5.1083855629,34.6559333801,19.9742145538
2022-01-12,5.03901100159,10.7951993942,17.4557819366,1.25311601162,49.7193489075,23.8295993805,3.01219654083,5.09195899963,34.987121582,20.6865997314
2022-01-13,5.00301980972,10.915927887,17.4779682159,1.25311601162,49.8840446472,23.7768650055,2.98183178902,5.23431491852,35.1569633484,20.5770015717
2022-01-14,5.17098665237,11.0811262131,17.5075569153,1.2916738987,48.3862915039,23.7636833191,3.04256224632,5.29454278946,34.8172836304,20.1842765808
2022-01-17,4.87704372406,11.1446685791,17.5815200806,1.2627556324,47.8921890259,23.8164176941,3.07292580605,5.296397686,33.6198959351,20.8418617249
2022-01-18,4.91903591156,11.2082071304,17.7812271118,1.2627556324,47.1561775208,23.888923645,2.94539380074,5.33526039124,33.0339546204,19.8189506531
2022-01-19,5.05101060867,11.1954975128,17.8182086945,1.27721452713,47.3054389954,24.2778434753,3.02434229851,5.34081029892,34.0869598389,20.239074707
2022-01-20,5.16498756409,11.1446685791,17.7590389252,1.31577181816,46.9194221497,24.8249721527,3.20045852661,5.33526039124,35.0295753479,21.1432571411
2022-01-21,5.2909617424,11.0874824524,17.9069633484,1.32059156895,46.3069381714,25.0161361694,3.24904179573,5.30194807053,35.496635437,21.2528553009
2022-01-24,5.236972332,11.2018527985,17.8551883698,1.28685390949,47.1973495483,25.095243454,3.14580202103,5.2741894722,34.4860954285,20.8327312469
2022-01-25,5.32095813751,11.5894365311,17.7516403198,1.31095266342,47.876750946,25.0622806549,3.32799124718,5.40743255615,35.8872718811,21.1889228821
2022-01-26,5.43493318558,11.595790863,17.7738285065,1.31577181816,46.5797233582,24.8908863068,3.34013795853,5.46295070648,37.2290077209,22.8511581421
2022-01-27,5.41693735123,11.6720399857,17.8551883698,1.33023130894,46.4356040955,24.7854175568,3.40693998337,5.53512430191,37.3733711243,22.9333553314
2022-01-28,5.59690189362,11.8181743622,17.8477954865,1.34469020367,47.7583656311,24.9040737152,3.41301250458,5.59064102173,37.3563919067,22.7872257233
2022-01-31,5.64489173889,11.9452533722,17.8699817657,1.38806736469,48.3296737671,25.2336673737,3.51018047333,5.65726232529,37.6366233826,24.0202026367
2022-02-01,5.66888856888,11.9452533722,17.7294502258,1.33505046368,51.0060806274,24.8908863068,3.49803447723,5.66836547852,38.3754310608,23.93800354
2022-02-02,5.58490514755,11.7463550568,17.7294502258,1.31577181816,50.6766815186,24.8777065277,3.47981500626,5.57398557663,38.7151184082,23.7462062836
2022-02-03,5.33295440674,11.9117031097,17.7738285065,1.31095266342,49.2098045349,25.022726059,3.51625323296,5.59064102173,39.1736793518,23.3900127411
2022-02-04,5.19498205185,11.9371471405,17.6776752472,1.25793576241,51.3148956299,24.7788238525,3.33406400681,5.70167636871,38.825504303,22.5588989258
2022-02-07,5.39894199371,11.9562225342,17.6406917572,1.21455848217,51.4075431824,24.969991684,3.34621047974,5.62395095825,38.9698753357,22.1296367645
2022-02-08,5.26096820831,12.0007371902,17.5519313812,1.2386572361,50.7899055481,24.8051967621,3.34013795853,5.63505506516,38.9274101257,22.111371994
2022-02-09,5.21897745132,10.9450311661,17.5741233826,1.21937823296,51.0060806274,24.9436264038,3.34013795853,5.54067516327,40.3370857239,22.5771617889
2022-02-10,5.21897745132,11.0340690613,17.6776752472,1.22419822216,52.0766448975,24.9765834808,3.34013795853,5.60174465179,40.4050292969,22.4584293365
2022-02-11,5.12299537659,11.1485404968,17.5889167786,1.19046068192,51.0575523376,24.772233963,3.27333426476,5.84047079086,40.4305000305,22.6045627594
2022-02-14,5.14099025726,11.2312202454,17.5667247772,1.19046068192,50.9546165466,24.7195034027,3.27333426476,5.81826353073,40.5493888855,23.3900127411
2022-02-15,5.4409327507,11.3584098816,17.6850662231,1.20973920822,49.6678848267,24.9304428101,3.37050271034,5.890437603,42.4940567017,24.3855266571
2022-02-16,5.43493318558,11.4538059235,17.5667247772,1.21455848217,49.94581604,24.6931381226,3.3158454895,5.87378263474,42.9186592102,24.4951229095
2022-02-17,5.3149561882,11.3393306732,17.5297489166,1.20491945744,48.7929077148,24.6667671204,3.27333426476,5.8127117157,42.5959663391,23.8101387024
2022-02-18,5.38694429398,11.390212059,17.6037101746,1.19046068192,48.6848144531,24.9633998871,3.26118826866,5.84047079086,42.4855613708,24.0202026367
2022-02-21,5.30296087265,11.1994171143,17.7294502258,1.17600095272,48.3502616882,25.0293178558,3.12758278847,5.66836547852,41.6278686523,23.6640090942
2022-02-22,5.4289355278,11.1994171143,18.0253105164,1.19046068192,49.0862770081,25.622587204,3.12758278847,5.67947006226,43.3092880249,24.1754646301
2022-02-23,5.52491617203,11.065864563,18.4838943481,1.15672230721,48.8031921387,26.2092647552,3.24904179573,5.59619235992,47.1307029724,24.4677257538
2022-02-24,5.50692129135,10.8178358078,18.047498703,1.16154229641,49.4362716675,26.2817764282,3.30369925499,5.50736379623,43.5215911865,23.8923377991
2022-02-25,5.30896043777,10.8496360779,18.069688797,1.15190339088,48.8701133728,25.9455890656,3.25511550903,5.56288099289,43.3092880249,23.9928016663
2022-03-02,5.47692728043,10.7605981827,18.2250175476,1.1374437809,50.7229995728,26.400434494,3.17009353638,5.52401971817,44.0650787354,23.7462062836
2022-03-03,5.3629488945,10.8988103867,18.3655471802,1.12780475616,50.903137207,26.2619991302,3.15187549591,5.54067516327,43.6065101624,23.8375377655
2022-03-04,5.3389544487,10.6887302399,18.750169754,1.13262450695,50.7487373352,27.1716785431,3.06685304642,5.47960567474,43.5640487671,23.8010063171
2022-03-07,5.14699029922,10.3576946259,18.3285694122,1.07478773594,49.4414100647,26.7234249115,2.89073753357,5.30194807053,44.1415061951,21.9287052155
2022-03-08,5.17698526382,10.4468193054,18.180639267,1.07960760593,49.6009597778,26.4136104584,2.92110157013,5.2908449173,43.8867645264,22.3944988251
2022-03-09,5.78286743164,11.0452356339,18.121465683,1.08442735672,50.8465232849,26.960735321,3.05470728874,5.57398557663,44.4811935425,23.6548748016
2022-03-10,5.89684438705,10.9433755875,18.003118515,1.07478773594,52.2413444519,27.0859832764,3.05470728874,5.50736379623,43.5385742188,23.4630794525
2022-03-11,5.69888210297,10.8478813171,18.1954307556,1.07478773594,51.3663673401,26.8288993835,2.88466358185,5.45184803009,43.385723114,22.5497627258
2022-03-14,5.50092077255,10.9561080933,18.173242569,1.04586982727,51.9428253174,26.7959442139,2.79356908798,5.49626111984,42.7742919922,21.8099765778
2022-03-15,5.52491617203,10.8988103867,18.1880378723,1.04586982727,52.2053222656,27.0332489014,2.82393360138,5.44629383087,43.4281845093,21.8373756409
2022-03-16,5.78286743164,11.0834331512,18.2915840149,1.05068969727,53.9192466736,27.2573699951,2.84822583199,5.54622650146,44.1669807434,21.8921756744
2022-03-17,5.90284109116,11.1661911011,18.5282764435,1.0410503149,54.7633399963,27.5210475922,2.89681005478,5.69612550735,43.9886550903,22.6319618225
2022-03-18,6.05881166458,11.1407232285,18.76496315,1.09888613224,55.2780380249,27.9626998901,2.96968531609,5.7794008255,44.0735778809,23.7553405762
2022-03-21,6.07680940628,11.3508081436,19.0238399506,1.08924722672,55.3603820801,27.9692897797,2.90895557404,5.92929935455,43.5215911865,22.8694248199
2022-03-22,6.13679647446,11.4908647537,19.0460281372,1.11334574223,54.1714477539,28.1868247986,2.95146656036,6.01812839508,44.4047622681,23.5635414124
2022-03-23,6.25077342987,11.4272022247,19.3418903351,1.10370624065,54.4184951782,28.2329654694,3.00612401962,5.99592161179,44.5321426392,24.2667980194
2022-03-24,6.25677442551,11.5608901978,19.7486972809,1.11334574223,54.011882782,28.8855552673,3.06078004837,6.062541008,44.5236549377,24.7782516479
2022-03-25,6.25077342987,11.7136793137,19.8448524475,1.11334574223,54.3155555725,29.2678928375,3.1336555481,6.05882358551,44.3792915344,25.3901767731
2022-03-28,6.17879056931,11.6627483368,19.8300609589,1.12780475616,53.3788146973,29.1426467896,3.12150979042,6.04199314117,43.8273086548,24.7965202332
2022-03-29,6.20878219604,11.8091678619,19.600769043,1.15190339088,53.5744018555,28.8196430206,3.20045852661,6.0868730545,43.7338981628,25.9564304352
2022-03-30,6.09480571747,11.7582416534,19.556394577,1.1374437809,53.3993988037,28.8262329102,3.12150979042,6.08126354218,42.2732696533,25.1253166199
2022-03-31,5.98682498932,11.6309156418,19.556394577,1.12298488617,53.553817749,29.0965023041,3.12758278847,6.03077220917,42.3751754761,25.2897109985
2022-04-01,6.03481483459,11.554526329,19.556394577,1.11816501617,52.627368927,29.1690120697,3.17009353638,6.05321407318,43.0801887512,25.8102989197
2022-04-04,6.40674495697,11.5145368576,19.7265090942,1.13262450695,51.7266540527,29.3865432739,3.15187549591,6.01394319534,43.4467887878,26.2486915588
2022-04-05,6.20278358459,11.2086734772,19.556394577,1.09406650066,52.2619400024,29.1821937561,3.07899928093,5.8568611145,42.5345497131,25.3627758026
2022-04-06,6.00482320786,11.1194620132,19.3714790344,1.10852587223,52.9516220093,28.9976196289,2.95146656036,5.81198120117,41.4176864624,25.1070461273
2022-04-07,5.99282550812,11.157699585,19.467634201,1.10852587223,52.7817726135,29.0239963531,3.00612401962,5.76149129868,40.565120697,24.9335174561
2022-04-08,5.97482824326,11.215045929,19.7265090942,1.12298488617,51.5928268433,29.2217483521,2.94539380074,5.76149129868,39.7807617188,24.6047229767
2022-04-11,5.91484117508,11.234161377,19.6821308136,1.11816501617,51.3921012878,29.1228675842,2.91502976418,5.71100187302,38.7235717773,24.2028656006
2022-04-12,5.93883657455,11.157699585,19.578578949,1.11334574223,51.2994499207,29.346988678,2.96968531609,5.65490102768,38.1267738342,24.814786911
2022-04-13,6.01682043076,11.2660207748,19.578578949,1.11334574223,51.1090164185,29.0965023041,3.06078004837,5.66051054001,37.4532394409,25.1618442535
2022-04-14,5.96882963181,11.2978849411,19.6377506256,1.12780475616,51.2531356812,29.2019729614,3.07899928093,5.66612195969,36.2084999084,25.1161785126
2022-04-18,5.99882411957,11.5145368576,19.4750289917,1.12780475616,51.2788658142,29.4788341522,3.06685304642,5.69978141785,36.1829185486,24.9883174896
2022-04-19,6.06481027603,11.3061685562,19.2161521912,1.1374437809,53.5692481995,29.1030979156,3.06078004837,5.63807153702,36.3108100891,25.307975769
2022-04-20,6.02881860733,11.2711219788,19.2087516785,1.1374437809,54.1405639648,29.3865432739,3.07292580605,5.64368200302,35.4667663574,25.0705165863
2022-04-22,5.96882963181,11.102897644,19.0312366486,1.10852587223,53.6905555725,29.1162815094,3.03648853302,5.55953073502,34.3584289551,24.1298007965
2022-04-25,6.02281808853,11.0468206406,19.1495800018,1.13262450695,55.6605300903,29.6699924469,3.06078004837,5.54270124435,34.810295105,24.0658683777
2022-04-26,5.92083883286,10.6262550354,19.3492870331,1.13262450695,55.8062362671,29.9666213989,3.02434229851,5.30707979202,33.8213119507,23.6092090607
2022-04-27,5.92683744431,10.6262550354,19.3197002411,1.10852587223,56.493976593,30.1577911377,3.04248571396,5.27342033386,33.6763877869,23.4356784821
2022-04-28,5.95683240891,10.5281238556,19.2161521912,1.11334574223,56.4182128906,29.7227344513,3.10587000847,5.24536943436,32.9602241516,23.5452785492
2022-04-29,5.88484716415,10.4510192871,18.6096324921,1.11334574223,55.957775116,29.1953811646,3.09319329262,5.1668305397,31.3147659302,23.2347507477
2022-05-02,5.7948641777,10.3598995209,18.6540184021,1.09888613224,57.1933708191,28.7075805664,3.07248401642,5.13316869736,30.6327171326,22.6799716949
2022-05-03,6.00482320786,10.4141111374,18.9128913879,1.10370624065,57.6421546936,29.1030979156,3.10475754738,5.12194871902,30.598613739,22.2406482697
2022-05-04,6.11880159378,10.5334062576,18.6244297028,1.12780475616,58.7204055786,29.7622795105,3.21448922157,5.10512018204,31.928609848,22.7165813446
2022-05-05,6.10680294037,10.2176160812,17.8256053925,1.12298488617,57.2225189209,29.3865432739,3.14348649979,4.97608947754,30.376953125,21.7830238342
2022-05-06,6.35875225067,10.421125412,17.9069633484,1.11816501617,56.2958183289,29.4788341522,3.13703107834,4.99291849136,29.7204647064,21.4901447296
2022-05-09,6.29876565933,10.5755109787,18.165845871,1.07960760593,54.2850418091,29.6699924469,3.08539319038,4.92559909821,29.3538665771,21.1789569855
2022-05-10,6.49072647095,10.6035823822,17.9291591644,1.07960760593,54.8911819458,28.5669708252,3.12412214279,4.89193916321,28.6973876953,22.1491260529
2022-05-11,6.59270811081,10.7790279388,17.8403968811,1.07478773594,56.2258758545,27.9483718872,3.05957388878,4.9985294342,27.1542453766,21.8562431335
2022-05-12,6.9766330719,10.8351650238,18.165845871,1.06996870041,55.6022415161,28.3028564453,3.13703107834,5.08267879486,27.6231613159,22.1125164032
2022-05-13,6.77867174149,10.9895515442,18.1066741943,1.09888613224,57.1933708191,28.0317783356,3.17576026917,5.12755775452,27.8789253235,22.7074279785
2022-05-16,6.7186832428,11.2281494141,18.0844860077,1.11816501617,58.5513763428,28.0456809998,3.29194688797,5.18365907669,28.006811142,22.615901947
2022-05-17,6.66469240189,11.4456968307,18.1510543823,1.12298488617,58.7204055786,28.3167591095,3.36294984818,5.2285399437,28.8252754211,22.8264122009
2022-05-18,6.5987071991,11.2351665497,18.2619972229,1.09888613224,57.4906272888,28.4974727631,3.25321769714,5.14999961853,28.0494384766,22.6799716949
2022-05-19,6.6826915741,11.2141132355,18.4469146729,1.09888613224,58.871925354,28.5461235046,3.31776642799,5.18927001953,28.1517524719,22.3687877655
2022-05-20,6.81466197968,11.4316616058,18.4469146729,1.09888613224,60.1483421326,28.3584594727,3.33067560196,5.25659036636,29.0213623047,21.8837013245
2022-05-23,6.83865880966,11.5439414978,18.76496315,1.11816501617,59.8394393921,28.4210128784,3.38876914978,5.32390928268,28.5013008118,22.3047180176
2022-05-24,6.82066202164,11.7685031891,18.9868583679,1.10852587223,59.4081306458,29.0882740021,3.35649418831,5.37440109253,28.8337974548,22.1857337952
2022-05-25,6.91664361954,11.6562242508,18.5874462128,1.12298488617,59.8627548218,28.8867111206,3.33713030815,5.28463935852,29.8313026428,22.5792961121
2022-05-26,6.89264678955,11.7053442001,18.1140708923,1.19527995586,58.0501365662,28.087387085,3.40813302994,5.30707979202,31.6557922363,22.5975990295
2022-05-27,6.98863124847,11.7895565033,17.9661388397,1.18564081192,57.9335746765,27.8093643188,3.44040775299,5.30707979202,31.8859863281,23.1375999451
2022-05-30,7.07861328125,11.6983308792,17.9217586517,1.15190339088,58.5280685425,27.823261261,3.40813302994,5.29586029053,31.169834137,22.689125061
2022-05-31,6.91064453125,11.8456983566,17.9587440491,1.18082070351,58.5863571167,28.0665340424,3.31776642799,5.38001012802,30.5389328003,22.5152282715
2022-06-01,6.9946269989,11.6492080688,17.9513492584,1.18082070351,59.5888290405,27.9344749451,3.31131148338,5.33700418472,30.0955944061,22.2681083679
2022-06-02,7.07861328125,11.661324501,18.062292099,1.17118191719,59.5888290405,28.3376083374,3.34358501434,5.35949993134,30.3172664642,22.3687877655
2022-06-03,7.19858503342,11.5910768509,17.6554832458,1.15672230721,58.0617980957,28.6851348877,3.34358501434,5.2807674408,28.9787406921,22.0759048462
2022-06-06,6.89264678955,11.5348749161,17.3374328613,1.1374437809,58.1550598145,28.4488201141,3.28549194336,5.30326080322,28.2455291748,21.4626846313
2022-06-07,6.64669847488,11.4365272522,17.3448295593,1.13262450695,56.8320198059,28.0804328918,3.22739887238,5.24702358246,28.3904628754,20.794549942
2022-06-08,6.53271913528,11.3100786209,17.2042961121,1.11334574223,56.8786506653,28.1360359192,3.16285061836,5.1739153862,28.4330921173,20.492515564
2022-06-09,6.61670303345,11.3241300583,17.2190914154,1.11334574223,56.4240455627,28.1638412476,3.21448922157,5.10080337524,28.9872646332,20.4833641052
2022-06-10,6.45473527908,11.1766061783,16.9676113129,1.08924722672,56.6396865845,28.0387325287,3.16930603981,4.99957466125,28.3052082062,19.4399738312
2022-06-13,6.38874769211,11.0009822845,17.0267810822,1.0410503149,54.9436340332,28.1221427917,3.05957388878,4.92084121704,27.2991809845,19.1287879944
2022-06-14,6.34675645828,10.9166841507,16.9750041962,1.05068969727,53.5390167236,28.0734806061,3.02729988098,4.90397119522,27.2395019531,19.3301467896
2022-06-15,6.42474079132,10.9939575195,16.9380207062,1.06032907963,54.3549766541,28.0804328918,3.09830379486,4.94333791733,27.0263557434,21.1789569855
2022-06-17,6.34675645828,10.8183383942,17.1821079254,1.05068969727,54.2733879089,27.8163108826,3.00793600082,4.85335636139,25.6963577271,20.7396354675
2022-06-20,6.26277208328,11.036108017,17.2486782074,1.05550920963,53.8012962341,27.9344749451,2.9821164608,5.00519895554,25.2785968781,20.3094673157
2022-06-21,6.3287563324,10.957036972,17.1895065308,1.04586982727,54.0635719299,27.663394928,2.949842453,4.96020936966,25.8071880341,20.3094673157
2022-06-22,6.44873380661,10.9001932144,17.4040050507,1.0410503149,52.8046531677,27.5869426727,2.93693327904,4.98270463943,25.5087890625,20.2820091248
2022-06-23,6.65269517899,10.6372766495,17.0785560608,1.06514894962,52.5015716553,27.2602653503,2.96920657158,4.875852108,25.2359714508,21.0233612061
2022-06-24,6.48472929001,10.6230707169,17.0267810822,1.06996870041,53.5972976685,27.1073513031,2.96920657158,4.85335636139,25.2359714508,20.7670917511
2022-06-27,6.51472330093,10.7154455185,17.0637645721,1.06514894962,55.1359786987,27.1699085236,2.99502539635,4.9152173996,25.0739765167,21.0599746704
2022-06-28,6.37075138092,10.6159620285,17.0489711761,1.05550920963,55.7246360779,27.3367214203,3.00793600082,4.85335636139,24.1191082001,20.6115016937
2022-06-29,6.22077989578,10.4596347809,16.9824028015,1.0410503149,54.7454833984,26.8154277802,3.00148081779,4.80274152756,24.8011627197,20.1630268097
2022-06-30,6.13079833984,10.2180452347,16.9897975922,1.02659142017,53.0960655212,26.8432254791,2.9821164608,4.69026517868,24.7073764801,20.1172637939
2022-07-01,6.23277711868,10.2393569946,17.2190914154,1.01695179939,54.4016151428,27.3019676208,3.00793600082,4.67901611328,24.4516067505,20.1355686188
2022-07-04,6.26877117157,10.1306905746,16.9084396362,1.00731265545,52.4957542419,26.8640766144,2.93047809601,4.63965034485,24.6135921478,19.8060779572
2022-07-05,6.17279052734,10.1662607193,16.8196773529,1.01213252544,51.7672080994,26.7389678955,2.92402362823,4.64527463913,24.8267421722,20.0348911285
2022-07-06,6.29876565933,10.1306905746,16.9528121948,1.03141117096,50.2751502991,26.9266300201,2.93047809601,4.63965034485,25.4917392731,20.3460769653
2022-07-07,6.29876565933,10.2587461472,17.1895065308,1.07960760593,52.4432907104,27.2324619293,2.94338798523,4.69026517868,25.7836608887,21.0508232117
2022-07-08,6.25077342987,10.2943143845,17.1229362488,1.07960760593,52.5132369995,27.1629543304,2.91111445427,4.71838378906,25.5183773041,20.7487888336
2022-07-11,6.28076887131,10.1378030777,17.1303348541,1.07960760593,52.5773468018,27.183807373,2.81429171562,4.62277889252,24.9450321198,19.824382782
2022-07-12,6.41874313354,10.1093444824,17.1968994141,1.0410503149,52.7871665955,27.2255096436,2.80783700943,4.6115322113,25.2188682556,19.641330719
2022-07-13,6.41874313354,9.91725921631,17.2412796021,1.03623044491,51.7613830566,27.1699085236,2.80783700943,4.56654024124,24.1320724487,18.8084526062
2022-07-14,6.23277711868,9.69671726227,17.1081428528,1.0410503149,49.9429397583,27.503534317,2.77556347847,4.55529356003,23.5501594543,18.8450603485
2022-07-15,6.31076288223,9.78208827972,16.9306221008,1.05550920963,48.8064193726,27.5243930817,2.85947537422,4.69588756561,22.857006073,18.9274349213
2022-07-18,6.22077989578,9.86034584045,16.9454174042,1.02177155018,49.3426170349,27.4340267181,2.8336558342,4.74088001251,22.2494277954,18.9640426636
2022-07-19,6.09480571747,10.1947164536,16.9010410309,1.03623044491,51.4408226013,27.2950153351,2.87884068489,4.83086061478,23.113735199,19.3118400574
2022-07-20,6.46073389053,10.0310897827,16.9084396362,1.04586982727,51.8021736145,27.4340267181,2.949842453,4.75775098801,24.2347564697,20.0348911285
2022-07-21,6.49672651291,10.1520299911,17.0415744781,1.04586982727,51.5632095337,27.5591373444,3.04666519165,4.81398916245,26.1259613037,19.5498065948
2022-07-22,6.48472929001,10.0737771988,17.0267810822,1.04586982727,51.5807037354,27.9761772156,2.96920657158,4.76337528229,25.8863544464,19.4399738312
2022-07-25,6.57471179962,10.1804866791,17.0785560608,1.04586982727,51.7497177124,28.233341217,2.87884068489,4.80274152756,26.4254703522,19.412519455
2022-07-26,6.47872972488,10.1591424942,16.9454174042,1.02177155018,50.3567504883,28.087387085,2.87884068489,4.79149436951,25.7237586975,19.0921821594
2022-07-27,6.61070299149,10.2160596848,17.2264862061,1.03141117096,51.176399231,28.1151866913,2.9821164608,4.81398916245,26.4939346313,19.7237033844
2022-07-28,6.5987071991,10.2587461472,17.3522281647,1.02659142017,49.6802482605,28.2124977112,3.14994192123,4.86460208893,26.8619041443,20.6115016937
2022-07-29,6.88065242767,10.2943143845,16.8566589355,1.03141117096,49.2603797913,28.1221427917,3.13703107834,4.85335636139,27.7176494598,20.3094673157
2022-08-01,7.03661823273,10.2729721069,17.2042961121,1.0410503149,48.8819122314,28.39320755,3.15639519691,4.80274152756,27.5037136078,20.6389560699
2022-08-02,7.24657964706,10.4277143478,17.4853649139,1.02177155018,49.4377975464,28.6851348877,3.17576026917,4.84773111343,28.1540813446,20.6664142609
2022-08-03,7.40254974365,10.5559206009,17.3670196533,1.03623044491,50.1415061951,28.6851348877,3.31776642799,4.88709926605,28.3423442841,21.3437023163
2022-08-04,7.50452804565,10.8123416901,17.4557819366,1.06514894962,50.324836731,29.0674114227,3.45977139473,4.99957466125,29.548948288,22.2864131927
2022-08-05,7.6784954071,10.912062645,17.6332950592,1.05068969727,49.9818458557,29.3037395477,3.55013871193,5.06705951691,28.8729152679,21.8562431335
2022-08-08,7.96043968201,10.9405527115,17.5889167786,1.05068969727,49.7985191345,29.6026153564,3.61468720436,5.13454627991,30.7812290192,21.9203128815
2022-08-09,7.88245582581,11.1115016937,17.7146606445,1.0410503149,50.2479553223,29.9570999146,3.59532213211,5.23015213013,29.7543258667,20.684720993
2022-08-10,8.03242683411,11.2895669937,17.6924686432,1.06996870041,51.0699501038,29.991853714,3.73732733727,5.25827074051,30.5416145325,22.3230228424
2022-08-11,7.74448108673,11.3465509415,17.4187965393,1.06032907963,51.276927948,29.296792984,3.45977139473,5.24140024185,29.6858654022,22.0759048462
2022-08-12,7.89445161819,11.5531082153,17.7886238098,1.07478773594,55.7121391296,29.6512756348,3.45977139473,5.30888605118,31.0379505157,22.9911594391
2022-08-15,7.83446359634,11.4106531143,17.8995704651,1.06996870041,56.8593788147,30.151720047,3.53722882271,5.31450796127,33.3741416931,23.1467514038
2022-08-16,7.91244745255,11.6100902557,17.8847770691,1.06032907963,56.2798500061,29.7854595184,3.48559045792,5.33700418472,32.0477256775,22.4237041473
2022-08-17,7.87645673752,11.6528301239,18.3433570862,1.06514894962,56.9501495361,30.2459125519,3.55013871193,5.342628479,30.6785316467,22.8538703918
2022-08-18,8.12240791321,11.7026834488,17.9291591644,1.06032907963,57.8300590515,30.1451969147,3.50495553017,5.342628479,30.6357479095,22.6708202362
2022-08-19,8.08041572571,11.5459871292,18.0770874023,1.0410503149,56.825340271,29.8574066162,3.32422041893,5.31982135773,29.8056793213,21.9294643402
2022-08-22,8.04442501068,11.4177742004,17.9587440491,1.03141117096,57.087436676,29.8286190033,3.22739887238,5.27454662323,28.8643493652,21.8837013245
2022-08-23,8.20639133453,11.4818840027,17.8108139038,1.05550920963,57.9985427856,29.7422924042,3.29194688797,5.27454662323,29.2494392395,22.9911594391
2022-08-24,8.41035175323,11.4391441345,17.7516403198,1.06996870041,59.0968589783,29.4401168823,3.36940479279,5.25756835938,29.6944274902,23.1650562286
2022-08-25,8.46434307098,11.517496109,17.440984726,1.07478773594,59.3839111328,29.044418335,3.38876914978,5.30850076675,29.4804935455,23.5128536224
2022-08-26,8.42234897614,11.4605140686,17.396604538,1.11334574223,59.4962501526,28.9508953094,3.63405156136,5.29152536392,28.6332950592,23.3572597504
2022-08-29,8.46434307098,11.4961280823,17.7442455292,1.11334574223,60.8566627502,29.2962322235,3.81478571892,5.25756835938,28.2910003662,23.5128536224
2022-08-30,8.40435314178,11.4890050888,17.6554832458,1.10852587223,60.2762947083,29.2890357971,3.85996937752,5.28586578369,28.239654541,23.3023433685
2022-08-31,8.61431026459,11.2824468613,17.6406917572,1.07960760593,63.9643974304,29.9869060516,3.89195370674,5.17833566666,28.5220546722,23.2016677856
2022-09-01,8.78227710724,11.2824468613,17.6111068726,1.10852587223,64.4761123657,30.4041957855,3.98040795326,5.19735908508,29.1467437744,24.2542076111
2022-09-02,8.84826564789,11.3589200974,17.5001564026,1.11816501617,63.5150871277,30.3034687042,3.75587129593,5.27679586411,29.0954055786,23.5494613647
2022-09-05,8.78227710724,11.4516153336,17.3818149567,1.08924722672,62.2607574463,30.4041957855,3.81710839272,5.33920907974,29.9254798889,24.4830188751
2022-09-06,8.70429420471,11.3446569443,17.1747112274,1.06996870041,61.6117515564,30.217130661,3.65381026268,5.24842643738,28.6760864258,23.6592922211
2022-09-08,8.78227710724,11.3018751144,17.396604538,1.06514894962,62.017375946,30.0156917572,3.66741776466,5.25977325439,28.4535865784,23.6592922211
2022-09-09,8.82427024841,11.40883255,17.47057724,1.06514894962,62.7787132263,29.8574066162,3.76267647743,5.29381895065,29.1724224091,24.5287818909
2022-09-12,8.85426235199,11.5728311539,17.440984726,1.07478773594,61.5555877686,29.8502159119,3.76947951317,5.39027690887,29.6687526703,24.4921760559
2022-09-13,8.64430332184,11.40883255,17.1673145294,1.06032907963,59.8956260681,29.6056022644,3.6946349144,5.31651449203,28.4535865784,23.5220069885
2022-09-14,8.64430332184,11.3446569443,17.2264862061,1.05550920963,60.4822311401,29.5552368164,3.76267647743,5.31084060669,28.4022464752,23.6318340302
2022-09-15,8.48833656311,11.2947463989,17.1081428528,1.06996870041,61.1000366211,29.3825702667,3.72185087204,5.30516529083,27.4609241486,23.1375999451
2022-09-16,8.39835166931,11.1806545258,17.0637645721,1.06514894962,61.7240753174,29.2458724976,3.68102622032,5.26544809341,27.6406326294,22.7165813446
2022-09-19,8.29037380219,11.4516153336,17.3374328613,1.09888613224,62.9721717834,29.4545078278,3.62659406662,5.42432117462,28.4108047485,23.9430217743
2022-09-20,8.35636138916,11.8723182678,17.3448295593,1.08924722672,61.3496437073,29.7135181427,3.67422223091,5.57751703262,29.1467437744,23.9704799652
2022-09-21,8.63230895996,11.7938804626,17.3818149567,1.08924722672,60.7318458557,29.9725227356,3.5993771553,5.54914712906,29.2494392395,24.2725143433
2022-09-22,8.93824958801,12.0291900635,17.5741233826,1.10852587223,60.6257591248,30.0516643524,3.81030511856,5.66829919815,30.0956420898,25.1877651215
2022-09-23,8.81827163696,11.7796211243,17.47057724,1.10370624065,60.5633544922,30.094827652,3.87154126167,5.53779983521,29.5804519653,24.8491230011
2022-09-26,8.45834064484,11.515791893,17.1599178314,1.09406650066,58.7723503113,29.2674560547,3.76267647743,5.42432117462,28.4212684631,23.9247150421
2022-09-27,8.50033283234,11.4302272797,17.0859546661,1.08924722672,59.4088821411,28.7422523499,3.84432458878,5.36757993698,26.8155994415,23.9613285065
2022-09-28,8.54832458496,11.4730052948,16.9528121948,1.1663620472,59.2403907776,28.2674121857,3.95999503136,5.38460159302,26.4463806152,24.098613739
2022-09-29,8.53632545471,11.5942258835,16.8492641449,1.1374437809,59.1218223572,27.7206249237,3.95999503136,5.45268917084,25.6306648254,23.7965812683
2022-09-30,8.83626842499,11.6298789978,16.9897975922,1.1663620472,59.9018783569,28.0227966309,4.0892739296,5.52077770233,25.5190410614,24.7942066193
2022-10-03,9.16020584106,12.399971962,17.6628837585,1.18564081192,62.7787132263,28.814201355,4.50432395935,5.91228103638,26.875705719,25.6270866394
2022-10-04,8.88425827026,12.3409118652,17.4631767273,1.15190339088,61.6803970337,28.5192184448,4.36143827438,5.85554170609,27.1075439453,25.3250541687
2022-10-05,8.63230895996,12.5336265564,17.4040050507,1.1374437809,61.6055107117,28.483247757,4.43628311157,5.8725643158,27.2019920349,25.4714946747
2022-10-06,8.81827163696,12.3765993118,17.4187965393,1.13262450695,60.9876937866,28.5695762634,4.47710847855,5.84419298172,27.8030490875,25.6636962891
2022-10-07,8.62030982971,12.0768194199,17.2190914154,1.1374437809,61.2997283936,28.7494449615,4.43628311157,5.80447673798,26.7726707458,25.5355625153
2022-10-10,8.38035774231,11.9626169205,17.3596248627,1.14708352089,62.0548286438,28.8070030212,4.44308662415,5.7931265831,26.8241920471,25.5172557831
2022-10-11,8.23638629913,11.8484172821,17.278263092,1.10852587223,62.6975860596,28.5983581543,4.36824226379,5.71936559677,25.8195724487,25.6087799072
2022-10-13,8.22438716888,11.6913900375,16.9084396362,1.12298488617,64.0892028809,28.1091270447,4.3546333313,5.68532371521,25.6650123596,24.7118358612
2022-10-14,8.08041572571,11.6414251328,16.790096283,1.1374437809,64.0892028809,27.9508476257,4.20494365692,5.66262531281,24.6689796448,24.1443767548
2022-10-17,8.39835166931,11.7270755768,17.1229362488,1.17118191719,64.3076171875,27.8573246002,4.1913356781,5.72504091263,24.7634315491,24.391494751
2022-10-18,8.32636642456,11.8341388702,17.2116966248,1.18082070351,66.0798950195,28.0227966309,4.17772626877,5.83851957321,25.3043785095,23.979631424
2022-10-19,8.39835166931,11.919793129,17.2412796021,1.17118191719,66.5042495728,28.0947399139,4.15050983429,5.89525842667,25.5018692017,23.7508182526
2022-10-20,8.30237007141,12.0768194199,17.2042961121,1.1374437809,66.9722824097,28.152299881,4.02803611755,6.01441240311,25.3043785095,23.0094604492
2022-10-21,8.39835166931,12.3980112076,17.6258983612,1.1374437809,69.2687683105,28.7278575897,4.11648988724,6.17328548431,25.888261795,23.6684474945
2022-10-24,8.27837562561,11.8198642731,17.6406917572,1.11816501617,67.4028701782,28.9652786255,4.0892739296,5.93497848511,25.2528572083,23.9338684082
2022-10-25,8.30237007141,11.7342147827,17.7516403198,1.11334574223,66.1485366821,28.8717498779,4.02803611755,5.90093374252,24.9866771698,23.0735321045
2022-10-26,7.95443916321,11.2774047852,17.4779682159,1.10852587223,66.4917678833,28.2602157593,3.85793352127,5.74773454666,23.990644455,22.6342105865
2022-10-27,7.96643924713,11.498673439,17.6776752472,1.12780475616,68.0144271851,28.5120277405,4.00762367249,5.89525842667,25.0467834473,23.430480957
2022-10-28,7.96043968201,11.5843229294,17.8995704651,1.11816501617,67.3903961182,28.4400787354,3.98040795326,5.90093374252,26.1029205322,23.6135311127
2022-10-31,8.34436225891,11.8769655228,18.121465683,1.16154229641,66.6415328979,28.9149227142,4.30700445175,6.09384822845,27.6227264404,24.537935257
2022-11-01,8.59631633759,11.9269294739,17.8108139038,1.15672230721,70.2173156738,28.6918888092,4.27298402786,6.10519599915,28.5758342743,24.3823432922
2022-11-03,9.04622840881,11.6891784668,18.0105171204,1.19046068192,71.6650848389,28.3825283051,4.27978849411,6.09384822845,28.6359329224,24.5837001801
2022-11-04,8.99223709106,11.6606006622,18.1436538696,1.12298488617,71.6526031494,28.4256896973,4.43628311157,6.11087083817,28.5930023193,24.5562419891
2022-11-07,8.85426235199,11.3533678055,17.6258983612,1.11816501617,71.6401138306,28.2098484039,4.22535562515,6.00306606293,28.0778160095,23.430480957
2022-11-08,8.70429420471,11.289059639,17.7442455292,1.13262450695,70.5293273926,28.4256896973,4.25257205963,6.02008724213,27.9919471741,23.2565822601
2022-11-09,8.64430332184,9.48138141632,17.7220535278,1.12298488617,70.9911193848,28.3825283051,4.1913356781,5.77043056488,27.7343559265,23.0735321045
2022-11-10,8.12240791321,9.18129348755,17.1895065308,1.03141117096,67.352935791,27.6198978424,3.91917061806,5.62858247757,27.6484928131,20.9684486389
2022-11-11,8.48536014557,9.28846740723,17.4927654266,1.01695179939,68.0518722534,28.4328861237,3.76267647743,5.5173740387,26.8241920471,20.7304821014
2022-11-14,8.67009067535,9.35991954803,17.5297489166,1.03623044491,71.1408920288,28.9652786255,3.81030511856,5.58602714539,27.0474357605,21.4901447296
2022-11-16,8.36836147308,9.29561233521,16.9824028015,1.01695179939,68.6572036743,27.5765628815,3.55174875259,5.48616600037,25.6220760345,20.6298065186
2022-11-17,8.10357666016,9.43136882782,16.8788490295,1.01213252544,64.4531402588,27.4952735901,3.47690367699,5.51113176346,25.3215484619,20.1630268097
2022-11-18,8.23289203644,9.47423648834,16.8936462402,1.00249266624,62.8712234497,27.2662124634,3.42927384377,5.56106328964,24.514421463,20.648109436
2022-11-21,8.25752353668,9.3956413269,17.3892116547,1.01213252544,63.3680267334,27.4139900208,3.53813934326,5.56830596924,24.746257782,21.2796363831
2022-11-22,7.9681096077,9.40993213654,17.1599178314,1.01213252544,62.9169960022,27.2883739471,3.42247033119,5.52436304092,24.3169307709,20.5931949615
2022-11-23,7.67869472504,9.37420940399,17.1007480621,1.01695179939,63.1719284058,27.118429184,3.36123251915,5.4866976738,25.1841697693,19.9982795715
2022-11-24,8.00505542755,9.53854465485,17.3596248627,1.03141117096,64.145904541,27.5617752075,3.65381026268,5.66875123978,26.9272251129,21.2247219086
2022-11-25,7.67869472504,9.41707992554,17.1525249481,1.01695179939,63.596824646,27.0223636627,3.47009897232,5.54319620132,25.450345993,20.5840415955
2022-11-28,7.80800676346,9.3813533783,17.0711593628,1.01213252544,62.3482894897,26.6529026031,3.44288229942,5.49925279617,25.1154766083,19.9891281128
2022-11-29,7.86342906952,9.53139877319,17.0193824768,1.02177155018,64.4466018677,26.6085662842,3.60618138313,5.5180850029,25.9569530487,20.2728557587
2022-11-30,7.81416559219,9.83148574829,17.0563678741,1.01213252544,63.5249061584,25.8696479797,3.51772761345,5.5745844841,26.6696300507,20.1904830933
2022-12-01,7.94347810745,9.58856010437,16.8788490295,1.00731265545,63.276512146,25.9657096863,3.51772761345,5.4949798584,26.0170593262,19.8518409729
2022-12-02,8.17747211456,9.56512737274,16.8418674469,1.01695179939,63.6556510925,26.0543804169,3.67422223091,5.52015686035,26.3691005707,20.5474319458
2022-12-05,7.72795629501,9.31473064423,16.745716095,1.00731265545,62.524772644,25.6405830383,3.51772761345,5.40056419373,25.0467834473,19.6870956421
2022-12-06,7.72180128098,9.45065879822,16.8714542389,1.01695179939,62.8123970032,25.8474750519,3.53133583069,5.43833065033,24.8321228027,19.8701457977
2022-12-07,7.86958265305,9.40058040619,16.9750041962,1.02177155018,62.328666687,26.1726055145,3.52453136444,5.41944646835,24.5659389496,20.382686615
2022-12-08,7.39544010162,9.22888088226,16.634765625,0.997673094273,61.047454834,25.9509296417,3.40205764771,5.26838207245,23.8275032043,19.860994339
2022-12-09,7.28459978104,9.16449356079,16.5534076691,1.01213252544,60.6160240173,25.7514190674,3.32721161842,5.25904846191,22.6769142151,19.3301467896
2022-12-12,7.11218261719,8.99279594421,16.4942340851,0.983214080334,60.2957191467,25.3302345276,3.19793367386,5.22042655945,21.7238121033,18.4515037537
2022-12-13,7.10602426529,8.72808551788,16.0800266266,0.925378024578,59.8577423096,25.241563797,3.12308931351,5.04662847519,20.8651618958,17.8748931885
2022-12-14,6.97671365738,8.93555927277,16.1465950012,0.939836740494,59.557056427,24.7021522522,3.14350128174,5.14318227768,21.8697814941,17.7650623322
2022-12-15,7.20454931259,8.82109546661,16.0504417419,0.939836740494,60.8317375183,24.9829425812,3.13669729233,5.14318227768,22.2390022278,17.8748931885
2022-12-16,7.05676221848,8.87116909027,16.0652370453,0.910919249058,57.4979553223,24.4583072662,3.00741958618,5.18180513382,21.4061126709,17.7101459503
2022-12-19,7.53706550598,9.05003070831,16.1244068146,0.983214080334,57.700592041,24.5691490173,3.06185221672,5.34916734695,22.49659729,18.3050613403
2022-12-20,7.58017206192,9.34334754944,16.3315086365,1.03623044491,60.145362854,24.7982120514,3.07546019554,5.40066480637,23.6595077515,19.5131969452
2022-12-21,7.72795629501,9.40058040619,16.642162323,1.08442735672,58.6157531738,24.9533901215,3.11628508568,5.40710115433,24.7188911438,19.1287879944
2022-12-22,7.92500305176,9.42919635773,17.1007480621,1.13262450695,58.8314666748,25.6184120178,3.11628508568,5.43284893036,24.2968597412,19.1653995514
2022-12-23,7.99273777008,9.55797100067,17.4927654266,1.19046068192,58.6353607178,25.7218647003,3.26597642899,5.52296829224,25.1495304108,19.6047229767
2022-12-26,7.93116140366,9.33619213104,17.5001564026,1.18082070351,58.3542823792,25.5888595581,3.33401632309,5.45216035843,25.7007541656,19.4216709137
2022-12-27,7.58632707596,9.39342784882,17.5175075531,1.19207668304,58.1450920105,25.322845459,3.25236678123,5.39422702789,25.8902378082,19.0647220612
2022-12-28,7.74027347565,9.67959022522,17.5407428741,1.23300647736,58.4719429016,25.7070884705,3.27277946472,5.50365638733,26.036655426,19.824382782
2022-12-29,7.6848526001,9.63667011261,17.8117904663,1.22789013386,57.530632019,25.5666885376,3.24556326866,5.47790765762,25.4768199921,20.529127121
2023-01-02,7.32770347595,9.43635082245,17.6414165497,1.1818447113,56.0140953064,25.359790802,3.08906841278,5.38135147095,23.3236122131,19.0006542206
2023-01-03,7.10602426529,8.99024391174,17.2154827118,1.1818447113,54.7982444763,25.0937805176,3.06865644455,5.24617576599,22.1694850922,18.4423503876
2023-01-04,7.08755207062,9.06903934479,17.23097229,1.20230948925,53.9876747131,25.0642242432,3.06185221672,5.29123497009,22.5139961243,18.5338764191
2023-01-05,7.28459978104,9.36274719238,17.1225547791,1.23812282085,53.4189720154,25.167673111,3.07546019554,5.36847925186,23.814540863,18.7169284821
2023-01-06,7.27228593826,9.61347103119,16.9134578705,1.22277438641,52.3011703491,26.1356620789,3.23195457458,5.45859766006,24.0643138885,19.2660770416
2023-01-09,7.21686506271,9.63611793518,17.0296230316,1.22789013386,52.2946395874,26.4164524078,3.22515082359,5.49721860886,23.6336688995,19.2935352325
2023-01-10,7.4015955925,9.83749294281,17.2851810455,1.22789013386,52.2946395874,26.4460048676,3.32040882111,5.61308670044,23.3408317566,20.4192962646
2023-01-11,7.48780679703,9.94191455841,17.4323196411,1.22277438641,52.3077049255,26.4116802216,3.40886235237,5.65814447403,23.5992183685,20.236246109
2023-01-12,7.30922985077,9.74053573608,17.5872097015,1.23812282085,52.2946395874,26.8875617981,3.47009897232,5.60021209717,23.1255130768,19.943365097
2023-01-13,7.16144752502,9.77782917023,17.424577713,1.24323916435,53.2097930908,26.7801055908,3.44288229942,5.55515241623,22.6518039703,19.2020111084
2023-01-16,7.38927936554,9.56153678894,17.3239021301,1.23300647736,52.6541595459,26.7877807617,3.35442972183,5.45859766006,22.5053863525,19.1562480927
2023-01-17,7.22302150726,9.62866306305,17.4478130341,1.2637039423,52.6214828491,26.9489688873,3.41566586494,5.54227876663,24.3313121796,19.2203140259
2023-01-18,7.32770347595,9.73307800293,17.7653274536,1.26881968975,52.9548568726,26.9412899017,3.53813934326,5.58733892441,23.9437351227,19.7237033844
2023-01-19,7.42007064819,9.77782917023,17.6569042206,1.26881968975,55.510761261,27.3097229004,3.58576846123,5.59377384186,25.4251441956,19.8335342407
2023-01-20,7.41391086578,9.59136772156,17.6104373932,1.2637039423,54.4452514648,27.033405304,3.6946349144,5.52296829224,24.314081192,20.0715026855
2023-01-23,7.52475214005,9.28557872772,17.5717182159,1.25858783722,54.3994979858,27.2790203094,3.70143842697,5.40710115433,24.4174404144,20.199634552
2023-01-24,7.48164653778,9.3899974823,17.4710426331,1.25858783722,55.0466423035,27.417181015,3.71504735947,5.51009273529,24.8136291504,20.9592971802
2023-01-25,7.51243495941,9.40491485596,17.6259326935,1.32509839535,55.1120109558,27.5016078949,3.78308773041,5.52296829224,25.4940452576,20.9592971802
2023-01-26,7.57401323318,9.38254070282,17.7343463898,1.31486582756,55.7003288269,27.8393383026,3.8511288166,5.54871606827,25.5715637207,21.3620090485
2023-01-27,7.35849094391,9.18861865997,17.6569042206,1.29951751232,54.8832206726,28.0235481262,3.76947951317,5.41997432709,26.1572360992,21.4260749817
2023-01-30,7.30307388306,9.21099567413,17.533000946,1.28928458691,54.9878082275,27.9698181152,3.72185087204,5.47147130966,26.1744613647,21.6914997101
2023-01-31,7.27228593826,9.41236877441,17.7111167908,1.31486582756,55.7853012085,28.4610595703,3.72865486145,5.49078273773,27.4750022888,22.4237041473
2023-02-01,7.38927936554,9.29303646088,17.4710426331,1.3302141428,54.9224472046,27.9007377625,3.74226355553,5.32985591888,27.4750022888,22.2955665588
2023-02-02,7.34002017975,9.35073566437,17.3935985565,1.3455632925,53.7327423096,27.6397666931,3.72865486145,5.35560417175,26.6912307739,22.6433620453
2023-02-03,7.16144752502,9.14908123016,17.1767616272,1.31998217106,53.5104904175,27.4248542786,3.58576846123,5.30410861969,25.4595947266,21.7555675507
2023-02-06,7.24765253067,9.16401386261,17.1612739563,1.3455632925,53.5235595703,27.7011814117,3.5993771553,5.31054544449,25.2528839111,21.3253974915
2023-02-07,7.08755207062,9.10426998138,17.0218734741,1.29951751232,53.7719573975,27.2713413239,3.46329450607,5.25261211395,24.7533397675,20.9135341644
2023-02-08,7.16760158539,9.43288612366,17.1535301208,1.3455632925,55.3015823364,27.5937175751,3.56535696983,5.69676685333,24.6585998535,21.0508232117
2023-02-09,6.90897703171,9.21630096436,16.8824806213,1.3302141428,54.5825271606,27.3097229004,3.45649027824,5.54871606827,24.2021198273,20.2911624908
2023-02-10,6.97671365738,8.65614891052,17.0296230316,1.35579550266,55.667640686,27.7088489532,3.53133583069,5.49078273773,24.4260540009,20.2453994751
2023-02-13,6.89050483704,8.91008377075,17.0373630524,1.3302141428,56.3540077209,27.86236763,3.54494428635,5.6259598732,24.2882480621,20.684720993
2023-02-14,6.80429601669,8.88768005371,17.0296230316,1.33533060551,54.7001838684,27.4632282257,3.55855202675,5.58733892441,23.3925113678,20.1172637939
2023-02-15,6.83508586884,9.05945491791,17.1535301208,1.32509839535,55.4257774353,27.5706882477,3.65381026268,5.6259598732,24.3227005005,20.5016689301
2023-02-16,6.90897703171,9.12667369843,17.1457824707,1.30463373661,54.7655563354,27.5092849731,3.64020085335,5.6388335228,25.0375652313,20.4742126465
2023-02-17,7.13681364059,9.11920642853,17.4090900421,1.3302141428,53.8373298645,27.678144455,3.58576846123,5.6259598732,24.9858856201,20.675567627
2023-02-22,6.7611913681,8.97730350494,17.2154827118,1.30974936485,53.2097930908,27.3404254913,3.56535696983,5.51009273529,24.1590538025,20.1447200775
2023-02-23,6.80429601669,8.99223804474,17.1999931335,1.29440104961,52.4842033386,27.4095058441,3.57216072083,5.51009273529,23.8231525421,20.1355686188
2023-02-24,6.75503635406,8.80552387238,16.9211997986,1.26881968975,52.2750244141,27.2099399567,3.52453136444,5.35560417175,23.1341228485,19.9159088135
2023-02-27,6.74887800217,8.79805183411,16.8979682922,1.24323916435,51.6605606079,27.1024799347,3.64700555801,5.31054544449,22.8240642548,20.0348911285
2023-02-28,7.13065910339,8.69349193573,16.8515071869,1.29440104961,51.8305244446,27.2943706512,3.64020085335,5.29767131805,22.0058403015,19.8335342407
2023-03-01,6.94592571259,8.67855644226,16.8437576294,1.29440104961,51.9743347168,27.4018306732,3.53813934326,5.26121854782,21.2220668793,19.1653995514
2023-03-02,6.71808815002,8.54186534882,16.8360157013,1.34044694901,52.3861541748,27.3711223602,3.50411915779,5.14501905441,20.395236969,18.8084526062
2023-03-03,6.69961547852,8.51194381714,16.8360157013,1.31486582756,52.3534660339,27.4018306732,3.41566586494,5.1579284668,19.9043045044,18.5796356201
2023-03-06,6.73656177521,8.76625728607,16.8205280304,1.3455632925,52.2815666199,27.5783653259,3.42247033119,5.26767253876,20.3263320923,19.229467392
2023-03-07,6.71808815002,8.89341259003,16.7895488739,1.36783003807,51.6801757812,27.5630207062,3.47009897232,5.24830436707,20.2402057648,19.53150177
2023-03-08,6.95824098587,9.12528419495,16.9289455414,1.36252832413,52.6476249695,27.7856044769,3.67422223091,5.35804891586,21.4460029602,20.4833641052
2023-03-09,7.13681364059,9.08040523529,16.9521751404,1.4102435112,51.8305244446,27.7088489532,3.64700555801,5.29995012283,21.1531658173,20.6206531525
2023-03-10,7.12449836731,8.84105205536,16.9831562042,1.4261482954,50.797706604,27.6627960205,3.57216072083,5.20957183838,20.102399826,20.2270946503
2023-03-13,7.21070718765,8.76625728607,17.23097229,1.4208470583,49.4707298279,27.9007377625,3.60618138313,5.13210821152,20.3694000244,20.236246109
2023-03-14,7.19839048386,8.70641899109,17.3781108856,1.40494191647,49.9479179382,28.092628479,3.57216072083,5.13210821152,19.335855484,19.7694683075
2023-03-15,7.21070718765,8.87097454071,17.5252532959,1.38373506069,49.0981254578,28.5915412903,3.6067404747,5.15147304535,20.4727535248,20.382686615
2023-03-16,7.30307388306,9.00560665131,17.4168319702,1.38373506069,48.7843589783,27.4402065277,3.64196181297,5.19020700455,20.0248851776,20.3552284241
2023-03-17,7.64175033569,8.72137546539,16.8205280304,1.35722661018,50.1832389832,27.232963562,3.59265089035,5.07400894165,18.9310531616,20.5931949615
2023-03-20,7.50012254715,8.69145965576,16.7895488739,1.32011508942,52.9483222961,27.2866973877,3.52220702171,5.10628509521,18.5520896912,20.3186187744
2023-03-21,7.45085906982,8.66154003143,16.5727081299,1.28300356865,49.0262184143,26.7494010925,3.50811862946,5.16438388824,18.6123790741,20.0715026855
2023-03-22,7.53706550598,8.59422016144,16.66563797,1.3307185173,47.5423545837,26.6265907288,3.56447315216,5.09983110428,18.3109283447,20.0440425873
2023-03-23,7.24765253067,8.40722751617,16.5804538727,1.31481325626,45.5617027283,26.4807567596,3.45880746841,5.02236413956,17.8716697693,19.2843818665
2023-03-24,7.31538820267,8.52690410614,16.8515071869,1.31481325626,46.7383346558,26.8645381927,3.57151818275,5.11840820312,18.1731243134,20.1081085205
2023-03-27,7.26612758636,8.63910198212,16.8902263641,1.31481325626,46.8298492432,26.8415126801,3.64900612831,5.177090168,18.1042194366,20.3643817902
2023-03-28,7.34002017975,8.59422016144,16.9444332123,1.29890835285,48.1437454224,26.8875617981,3.67718434334,5.15752840042,17.2257080078,20.8586177826
2023-03-29,7.25996780396,8.69145965576,16.7972946167,1.27770149708,46.8298492432,26.8031291962,3.59265089035,5.20969057083,17.5874462128,20.4467563629
2023-03-30,7.56169748306,8.9233341217,16.7972946167,1.31481325626,46.47032547,26.7494010925,3.61378502846,5.32053613663,19.1635990143,21.206413269
2023-03-31,7.43854475021,8.86349391937,16.7818031311,1.304210186,45.7904891968,26.7340507507,3.59265089035,5.3596572876,18.2936973572,20.2270946503
2023-04-03,7.27844142914,8.66154003143,16.71210289,1.26709890366,45.2675437927,26.5958881378,3.62082886696,5.27489423752,17.9664115906,19.6687889099
2023-04-04,7.41470479965,8.79431629181,17.1612739563,1.28830552101,45.738193512,27.0026988983,3.65605115891,5.31401634216,18.7846336365,19.8884487152
2023-04-05,7.29691076279,8.80930042267,17.18450737,1.29360675812,45.7120475769,27.0026988983,3.59969615936,5.30097389221,18.603761673,19.1745510101
2023-04-06,7.19772005081,8.72689819336,17.1070613861,1.32541680336,45.3982849121,26.9029102325,3.59265089035,5.29445409775,18.8535366058,19.6321811676
2023-04-10,7.17292118073,8.77184009552,17.1148090363,1.34662365913,46.2284622192,26.0586013794,3.55038452148,5.31401634216,18.405670166,19.4674339294
2023-04-11,7.49529933929,9.13140678406,17.3548812866,1.38903689384,47.2612724304,26.0509204865,3.71240592003,5.49006175995,20.1196250916,20.2270946503
2023-04-12,7.68128824234,9.19133090973,17.5020198822,1.44205391407,46.6468162537,26.6342697144,3.75467300415,5.60090684891,20.4124660492,20.6023483276
2023-04-13,7.84867572784,9.28122329712,17.4787883759,1.4844673872,45.8101005554,26.8261623383,3.7828502655,5.60742712021,20.3263320923,20.9226875305
2023-04-14,7.76188278198,9.28871440887,17.4323196411,1.5162769556,45.3852043152,26.7110176086,3.78989505768,5.65306949615,19.103307724,20.3552284241
2023-04-17,7.81767845154,9.27373409271,17.3781108856,1.49507009983,45.391746521,27.1408557892,3.8392059803,5.62698793411,18.9482784271,20.3186187744
2023-04-18,7.60689115524,9.22878742218,17.2929286957,1.47916531563,45.6859016418,26.9489688873,3.79693937302,5.62698793411,19.6114673615,19.3118400574
2023-04-19,7.52629899979,9.04900741577,17.3471355438,1.46856153011,45.1237335205,26.6572971344,3.70536136627,5.56830501556,19.1119232178,18.3050613403
2023-04-20,7.70608568192,9.153881073,17.3781108856,1.45265674591,44.8295783997,26.5958881378,3.62787270546,5.56178569794,19.8095626831,19.0189590454
2023-04-24,7.79907751083,9.07897090912,17.5175075531,1.44735491276,43.5161056519,27.2022647858,3.69831776619,5.5878663063,19.8526210785,18.9823513031
2023-04-25,7.71228647232,9.22130012512,17.4865283966,1.45795857906,43.5295562744,27.2099399567,3.66309523582,5.60090684891,19.6545333862,18.5338764191
2023-04-26,7.73708248138,9.05650043488,17.3084144592,1.46326065063,42.7696495056,26.9643211365,3.65605115891,5.52918481827,19.6373062134,18.4148921967
2023-04-27,7.81147861481,9.18384170532,17.4013462067,1.46856153011,43.1058921814,27.1101570129,3.75467300415,5.60090684891,19.3789215088,18.8542156219
2023-04-28,8.25164890289,9.30369663239,17.8505134583,1.47916531563,43.8792419434,27.9467964172,3.80398344994,5.65958881378,19.6975955963,19.8550643921
2023-05-02,8.0842590332,9.06399059296,17.9047222137,1.4844673872,42.305644989,27.6935043335,3.65605115891,5.46398115158,19.2411136627,19.0444641113
2023-05-03,8.77861404419,9.09943389893,18.160282135,1.59050035477,41.7071342468,27.7011814117,3.66309523582,5.45746183395,18.9655017853,19.0537834167
2023-05-04,8.69181919098,9.30947875977,18.4468193054,1.60110330582,42.1711463928,27.4516658783,3.67013955116,5.52918481827,19.6373062134,19.1842250824
2023-05-05,8.95840358734,9.64704799652,18.6171951294,1.66472327709,44.5517196655,27.6362667084,3.76876139641,5.69871091843,20.5072021484,20.1532173157
2023-05-08,9.01419830322,9.84959220886,18.764333725,1.80256700516,43.5900764465,27.7208747864,3.77580595016,5.7378320694,20.4210777283,19.9016532898
2023-05-09,8.95840358734,9.94711494446,18.872751236,1.77075731754,43.0453720093,27.8823986053,3.80398344994,5.7704334259,21.0842647552,19.9855079651
2023-05-10,8.85300827026,9.9771232605,18.9734287262,1.78666222095,43.4757575989,28.1131515503,3.96600532532,5.81607437134,21.0584278107,20.5818119049
2023-05-11,9.17538642883,10.0446338654,19.0663604736,1.83967840672,43.7514724731,28.5131168365,3.98713803291,5.86823797226,21.721616745,21.0756263733
2023-05-12,8.98940086365,10.0221309662,19.0818481445,1.85558390617,45.7554588318,28.6054210663,3.97304964066,5.84215736389,21.9283256531,21.476266861
2023-05-15,9.2187833786,10.1496572495,19.221244812,1.79726529121,45.8697776794,28.5900402069,4.00827121735,5.86823797226,22.4364814758,22.0632534027
2023-05-16,9.02659702301,10.0521354675,19.1283149719,1.79196405411,44.88123703,28.4746608734,3.98713803291,5.85519695282,23.9437351227,21.5414905548
2023-05-17,9.36137390137,10.1496572495,19.1360588074,1.88209176064,46.7978019714,28.5285053253,4.10126543045,5.87475824356,24.2021198273,22.4825305939
2023-05-18,9.48536586761,10.172162056,18.9656887054,1.98812556267,48.5462417603,28.5823440552,4.1862654686,5.86171674728,24.9600486755,23.3304004669
2023-05-19,9.71475315094,10.2921886444,18.934709549,2.04114198685,48.3512229919,28.5208129883,4.25001573563,5.82259511948,24.8911457062,23.0508842468
2023-05-22,9.65895557404,10.2471761703,18.9424533844,2.01993536949,48.2906990051,28.5208129883,4.25001573563,5.78347492218,25.1495304108,23.0881538391
2023-05-23,9.55363368988,10.3146886826,19.0276412964,1.9669188261,46.1656684875,28.6515693665,4.2925157547,5.80955600739,25.106470108,22.7340984344
2023-05-24,9.39096355438,10.0971431732,19.1128234863,1.95101332664,46.3405151367,28.713104248,4.37043333054,5.80303478241,24.6327610016,22.1284751892
2023-05-25,9.76009464264,10.2696809769,19.2754554749,1.88209176064,47.3156051636,28.9361610413,4.44835042953,5.88779878616,25.5457248688,22.9949817657
2023-05-26,9.81014728546,10.2546806335,19.3374118805,1.94571220875,47.2550849915,28.9823131561,4.59710073471,5.85519695282,25.5457248688,23.6844558716
2023-05-29,9.74758148193,10.2471761703,19.4768066406,1.86088526249,48.0755081177,29.1207637787,4.5121011734,5.84867668152,25.3648529053,23.4049396515
2023-05-30,9.87897014618,10.0596342087,19.5155258179,1.80786883831,47.0667953491,28.9130840302,4.5121011734,5.78999519348,24.968662262,23.2279109955
2023-05-31,9.9477891922,9.95461177826,18.8959846497,1.92450559139,45.9908256531,28.3977413177,4.61835050583,5.72479200363,24.9772758484,23.74036026
2023-06-01,10.5734376907,10.0371341705,18.7488422394,1.98812556267,45.6478614807,28.5208129883,4.7104344368,5.81209087372,26.036655426,24.4950580597
2023-06-02,10.4295358658,10.0500898361,18.8262882233,1.98282408714,46.8852233887,28.4054336548,4.68918466568,5.94938373566,26.5275878906,24.7279891968
2023-06-05,10.4420537949,10.4331674576,18.7023792267,2.04114198685,46.7440032959,28.2054519653,4.72460126877,5.94284582138,26.7859745026,24.6534500122
2023-06-06,10.6109743118,10.6509943008,18.9114761353,2.06765079498,47.3156051636,28.7361774445,4.72460126877,5.94284582138,27.233839035,25.3056583405
2023-06-07,10.729847908,10.6810388565,19.0431308746,2.08355522156,47.6854782104,28.8130989075,4.69626760483,5.95592308044,27.8798084259,25.9764995575
2023-06-09,10.9363126755,10.9213972092,19.546503067,2.09946012497,48.3781280518,29.2361373901,4.6608505249,6.03437519073,27.7678432465,26.2746543884
2023-06-12,10.9675941467,10.816239357,19.631690979,2.0623486042,49.8979301453,29.3515167236,4.60418462753,6.06052589417,28.1640357971,26.5075855255
2023-06-13,10.7548770905,10.8387746811,19.484544754,2.11536574364,48.4453811646,28.9592399597,4.47668361664,6.11282968521,27.7850627899,25.4454174042
2023-06-14,10.786157608,10.8688201904,19.7013912201,2.17368364334,50.4695358276,29.3130531311,4.55460071564,6.1847448349,28.7152500153,25.9671840668
2023-06-15,10.8549776077,10.9213972092,19.523273468,2.20549416542,51.6463699341,29.2361373901,4.5687661171,6.29588699341,28.7152500153,25.9019622803
2023-06-16,10.3607168198,10.9213972092,19.2831993103,2.22139883041,51.1420097351,28.7592506409,4.60418462753,6.30896234512,28.620508194,25.9764995575
2023-06-19,10.4983587265,11.146736145,19.484544754,2.19489073753,52.3928222656,29.0823040009,4.58293390274,6.38741493225,28.8099918365,25.995136261
2023-06-20,10.6547727585,11.1617603302,19.6549243927,2.21079540253,53.4015464783,29.0976924896,4.61126756668,6.41356658936,28.3793525696,26.0324058533
2023-06-21,10.6547727585,11.2443847656,19.6007099152,2.23730397224,53.5091400146,29.1130714417,4.70335102081,6.46586847305,28.5860595703,26.3026046753
2023-06-22,10.5484085083,11.0415792465,19.4768066406,2.21609663963,52.8501091003,28.9053936005,4.60418462753,6.38741493225,28.3621292114,25.995136261
2023-06-23,10.729847908,11.0115318298,19.9646949768,2.21079540253,52.8971824646,29.2669048309,4.73876810074,6.39032649994,28.7410945892,26.1907978058
2023-06-26,10.6672830582,11.0115318298,19.8252983093,2.19489073753,51.5925750732,29.0823040009,4.78126859665,6.39032649994,28.4482555389,25.7062988281
2023-06-27,10.5734376907,11.0259809494,19.3451519012,2.22139883041,51.7539710999,28.8130989075,4.65376758575,6.32417297363,27.8539657593,25.6131267548
2023-06-28,10.604722023,10.8815002441,19.2522220612,2.22139883041,51.4648017883,28.6746463776,4.6325173378,6.25802087784,27.561132431,25.5106391907
2023-06-29,10.7423629761,11.0183734894,19.5310192108,2.27971696854,52.0767593384,28.5900402069,4.70335102081,6.35063505173,27.94871521,26.1814804077
2023-06-30,10.8236989975,11.132434845,19.6394348145,2.26911377907,53.2199821472,28.9515457153,5.00085258484,6.37709617615,28.3535118103,26.5355358124
2023-07-03,10.9801092148,11.2769165039,19.4225940704,2.24790716171,53.2468719482,28.851556778,4.84501838684,6.47632455826,28.8358345032,27.0666179657
2023-07-04,11.0113897324,11.1682405472,19.5387573242,2.22139883041,55.9435119629,28.7669429779,4.80251789093,6.39032649994,27.7764530182,27.1225223541
2023-07-05,11.0489301682,11.1834659576,19.5929698944,2.11006355286,54.7061576843,28.5515727997,4.98668622971,6.49617004395,27.6730995178,27.765411377
2023-07-06,10.7548770905,10.9246273041,19.3993644714,2.12596869469,54.0067710876,28.4823493958,5.01501846313,6.35724973679,26.8721046448,27.2622814178
2023-07-07,10.8862638474,11.0388202667,19.5387573242,2.20019245148,54.4102630615,28.5900402069,5.19918680191,6.44324731827,27.2510681152,27.4020404816
2023-07-10,10.786157608,11.0464334488,19.484544754,2.19489073753,54.3766365051,28.2669792175,5.19918680191,6.43001747131,27.3285827637,26.5262184143
2023-07-11,10.7799005508,10.9474639893,19.2677116394,2.22139883041,54.6725273132,28.0593109131,5.17793655396,6.35063505173,26.9840717316,26.0789909363
2023-07-12,10.8549776077,10.8789434433,19.352897644,2.23757338524,52.6349182129,27.8593235016,5.27710294724,6.35063505173,27.1563262939,26.2839698792
2023-07-13,10.9801092148,11.0997266769,19.5697364807,2.23757338524,53.5225906372,27.8593235016,5.36918735504,6.43001747131,27.8195171356,26.5541687012
2023-07-14,10.82995224,11.0540437698,19.3761329651,2.22679018974,53.2670440674,27.8208637238,5.31252002716,6.37048101425,27.526676178,25.9485492706
2023-07-17,10.930056572,11.1834659576,19.3219203949,2.23757338524,53.3410224915,28.0054702759,5.32668685913,6.46309375763,28.2501621246,26.3491897583
2023-07-18,10.9425706863,11.1377878189,19.306432724,2.23757338524,53.0518493652,27.9670162201,5.46835422516,6.44986581802,28.3965778351,26.6193904877
2023-07-19,10.6985673904,11.1073379517,19.2134990692,2.23218226433,52.3928222656,27.8362445831,5.37627029419,6.39032649994,28.3793525696,26.8616390228
2023-07-20,10.5984630585,11.1758546829,19.221244812,2.23757338524,51.5925750732,27.9823932648,5.61710453033,6.43001747131,28.7324790955,26.6752929688
2023-07-21,10.8800039291,11.4955997467,19.306432724,2.21600723267,51.9019165039,28.1593074799,5.61710453033,6.54247665405,29.7315711975,27.1784267426
2023-07-24,11.3554983139,11.297662735,19.461315155,2.2106153965,52.7425193787,28.2669792175,5.61710453033,6.49617004395,30.9287567139,27.2343292236
2023-07-25,11.6933460236,11.2367544174,19.4071083069,2.18904805183,52.4533500671,27.8747062683,5.92877388,6.54909276962,31.3680114746,27.3647727966
2023-07-26,11.6495504379,11.3281154633,19.5929698944,2.14591407776,53.159450531,27.9362468719,5.95002222061,6.52348947525,31.8503322601,26.8243713379
2023-07-27,11.574473381,11.0768861771,19.5387573242,2.1297390461,52.164188385,27.7670230865,5.80835580826,6.43704271317,31.5488815308,26.9641304016
2023-07-28,11.7621650696,11.22914505,19.4148521423,2.17287302017,52.1372909546,27.8362445831,5.74460506439,6.52348947525,31.3507900238,27.0200328827
2023-07-31,12.2751970291,11.3052721024,19.438085556,2.22139883041,54.4304389954,27.6901130676,5.97835540771,6.5301399231,31.0062732697,27.3927230835
2023-08-01,12.4128389359,11.2672109604,19.7091312408,2.22139883041,54.2017974854,27.790102005,5.91460609436,6.51683950424,30.5842399597,27.7374629974
2023-08-02,12.8257684708,11.2955999374,19.8562736511,2.35080051422,54.4976921082,27.8439388275,6.04210567474,6.55008888245,30.2311153412,27.8120002747
2023-08-03,12.6318149567,11.1812744141,19.871761322,2.46402740479,55.1768836975,28.0131607056,6.1412730217,6.54343938828,29.7487983704,27.765411377
2023-08-04,13.0259771347,10.6477403641,19.7865753174,2.51794433594,54.9482421875,28.0746955872,6.23335790634,6.49024152756,30.0502433777,27.9797115326
2023-08-07,13.1260795593,10.5791473389,19.5387573242,2.43167638779,54.1278190613,27.9593143463,6.18377351761,6.49024152756,29.8263130188,27.8958530426
2023-08-08,12.6318149567,10.5410356522,19.4458274841,2.46402740479,53.7983055115,27.8566303253,6.19085741043,6.43039321899,29.4559593201,28.5107936859
2023-08-09,13.1073074341,10.4648180008,19.461315155,2.44785141945,53.7512359619,27.3675098419,6.24752283096,6.32399511337,29.2320213318,28.8741645813
2023-08-10,13.1010551453,10.5791473389,19.438085556,2.5233361721,53.3948173523,27.5174026489,6.28293943405,6.33064413071,27.7936820984,28.7157745361
2023-08-11,12.925868988,10.5257930756,19.7633457184,2.61499595642,52.0767593384,27.4779586792,6.30419111252,6.38384389877,27.0874271393,28.4269371033
2023-08-14,13.0885353088,10.5181703568,19.7710914612,2.59882116318,51.1352920532,27.4700641632,6.16252326965,6.3572435379,26.6051063538,27.8399486542
2023-08-15,13.2887458801,10.4571933746,19.3606414795,2.5664703846,51.5387802124,27.2176189423,6.13418912888,6.33729457855,26.4845218658,27.9424419403
2023-08-16,13.5327472687,10.3047599792,19.5310192108,2.59882116318,52.3121261597,27.1781635284,6.02977275848,6.29074573517,25.8816242218,27.6722412109
2023-08-17,12.844540596,10.1142110825,19.5852241516,2.50716114044,50.7116279602,27.2176189423,5.87241125107,6.23754692078,26.0969467163,26.9734477997
2023-08-18,12.9008455276,10.1980543137,19.523273468,2.5502948761,51.3773841858,27.3911724091,6.00116205215,6.27305078506,25.6146259308,27.3647727966
2023-08-21,12.8257684708,10.1446943283,19.3993644714,2.51794433594,51.3975563049,27.1781635284,5.98685598373,6.1793255806,25.8213329315,27.4299945831
2023-08-22,13.2762346268,10.2132940292,19.4225940704,2.5556871891,52.9375343323,27.2176189423,6.12275886536,6.27974796295,25.7438182831,27.9703922272
2023-08-23,13.632853508,10.3276224136,19.4535732269,2.59342908859,53.119102478,27.2728347778,6.25150823593,6.4002532959,25.8299503326,28.3710346222
2023-08-24,13.4076166153,10.1218318939,19.5542507172,2.5502948761,53.4620704651,27.5331802368,6.30873012543,6.31991672516,25.5457248688,28.389667511
2023-08-25,12.969666481,10.0684776306,19.4768066406,2.59342908859,53.0652999878,27.4306182861,6.15137052536,6.25296735764,25.1581459045,27.6163368225
2023-08-28,12.7694559097,10.2666511536,19.5542507172,2.70665597916,53.0652999878,27.399066925,6.15137052536,6.3533911705,25.0978546143,27.4579429626
2023-08-29,13.0072040558,10.350487709,19.6084575653,2.7120475769,53.8857269287,27.5647335052,6.1370639801,6.41364383698,25.4595947266,27.5231666565
2023-08-30,13.1323347092,10.2132940292,19.4690608978,2.72822260857,53.4418907166,27.4621772766,6.00116205215,6.31991672516,24.6672115326,26.787103653
2023-08-31,12.4467887878,10.0913448334,19.2986888885,2.63117098808,51.9826126099,26.9809398651,5.85810565948,6.18601942062,24.6844406128,25.3242931366
2023-09-01,12.887717247,10.0684776306,19.1980133057,2.69587206841,53.5562171936,27.5410671234,6.05838298798,6.25296735764,24.8566951752,26.395778656
2023-09-04,12.768037796,10.0282230377,19.1825237274,2.69587206841,52.9375343323,27.5016288757,5.78657913208,6.18601942062,25.0634002686,26.6939296722
2023-09-05,12.768037796,9.90611362457,18.8030567169,2.69587206841,53.7915802002,27.0598278046,5.65782976151,6.10568237305,24.7447280884,25.8646945953
2023-09-06,12.768037796,9.76873970032,18.7023792267,2.69587206841,53.7176017761,26.8231563568,5.75796794891,6.03203821182,24.3916034698,25.1845359802
2023-09-08,13.0011014938,9.76873970032,18.6714076996,2.64734625816,53.6436347961,27.0203838348,6.02977275848,6.03203821182,24.3313121796,25.5665435791
2023-09-11,13.322350502,9.90611362457,18.7953128815,2.66891360283,54.2555885315,27.3753967285,5.93678665161,6.1793255806,25.3045635223,25.6597156525
2023-09-12,13.8199720383,10.0053281784,18.7023792267,2.7120475769,54.8608207703,27.4385108948,6.06553602219,6.20610284805,25.0461788177,25.7715206146
2023-09-13,13.6750917435,10.0358572006,18.43907547,2.67969679832,54.9347915649,27.4385108948,5.97255039215,6.20610284805,25.295955658,25.7435684204
2023-09-14,13.8199720383,10.0740098953,18.6249389648,2.65273809433,55.9031562805,27.5489578247,5.86525964737,6.25296735764,24.6672115326,26.0883083344
2023-09-15,13.756978035,10.0205898285,18.6094493866,2.66891360283,55.9367828369,27.8566303253,5.68643951416,6.24627399445,24.7877922058,25.7156181335
2023-09-18,13.4735212326,10.0358572006,18.5784740448,2.62038779259,55.970413208,27.7304134369,5.67928695679,6.25966262817,24.4346656799,25.3988304138
2023-09-19,13.4357299805,9.95190143585,18.5087738037,2.58803701401,55.8359184265,27.6199607849,5.55769109726,6.23288345337,23.9437351227,25.1193122864
2023-09-20,13.5113162994,9.96717071533,18.5939617157,2.58264517784,56.0981903076,27.6830768585,5.61491298676,6.28644227982,23.676733017,25.5385894775
2023-09-21,13.0703907013,9.53978538513,18.6171951294,2.51255345345,55.2710342407,27.5962963104,5.44324684143,6.15924119949,22.8240642548,25.0447750092
2023-09-22,12.8814172745,9.54741764069,18.5010280609,2.5502948761,55.2777633667,27.5568466187,5.45755195618,6.10940170288,22.7551593781,24.9050159454
2023-09-25,12.5979681015,9.50162696838,18.4313297272,2.49637746811,54.1883468628,27.399066925,5.39317750931,6.1433057785,22.6948699951,24.9702358246
2023-09-26,12.2956132889,9.36425304413,18.1215610504,2.39932632446,53.5629386902,27.1939468384,5.25727462769,6.04159498215,22.0058403015,24.187587738
2023-09-27,12.3649044037,9.36425304413,17.6646499634,2.48020243645,53.3006706238,27.1308288574,5.25727462769,6.01447343826,21.4632320404,24.1596374512
2023-09-28,12.4026947021,9.57031440735,18.0208873749,2.44785141945,53.8857269287,27.2570571899,5.3645658493,6.11618375778,21.4804573059,24.6627674103
2023-09-29,12.4656858444,9.6618938446,18.1215610504,2.48020243645,54.4909591675,27.2649497986,5.40033006668,6.1365237236,21.8852615356,25.026140213
2023-10-02,12.1507368088,9.50926017761,17.9511890411,2.45324373245,53.2804985046,27.2176189423,5.18574762344,6.03481483459,21.4373931885,24.7838916779
2023-10-03,11.993262291,9.36959075928,17.5872097015,2.37775945663,52.9913291931,26.6890392303,5.02123355865,5.97378873825,20.8517189026,24.2434921265
2023-10-04,12.0247564316,9.62943649292,17.6259326935,2.43706822395,53.0249557495,27.0203838348,5.12852525711,6.02803373337,21.1359443665,25.4454174042
2023-10-05,11.8735818863,9.65236377716,17.4942760468,2.38315081596,52.4735221863,27.0124931335,4.96401166916,6.04837703705,20.9033927917,25.1938514709
2023-10-06,11.7098073959,9.66000652313,17.2696933746,2.3995859623,52.1776275635,26.9336051941,4.92824792862,6.09584140778,20.8775577545,25.3242931366
2023-10-09,11.7664995193,9.66000652313,17.1225547791,2.43245744705,52.8232040405,26.7994880676,5.0641503334,6.02803373337,21.1014919281,25.7249355316
2023-10-10,12.1633329391,9.73642921448,17.0838260651,2.45437145233,53.6032867432,26.9493808746,5.20005273819,6.10940170288,21.6613273621,26.2187480927
2023-10-11,12.4719867706,9.82813739777,17.0063858032,2.33932232857,53.5494804382,26.83893013,5.22866392136,6.20433282852,20.9378471375,25.8274250031
2023-10-13,12.1318416595,9.6829328537,16.8824806213,2.29549479485,52.197807312,26.4286975861,4.97116518021,6.06193780899,19.6889820099,25.203168869
2023-10-16,12.1175498962,9.78992462158,16.9211997986,2.33384394646,52.0095062256,26.6495952606,4.94255447388,6.1229634285,20.067949295,25.2777061462
2023-10-17,11.944070816,9.6829328537,16.8902263641,2.38315081596,51.6934509277,26.3971385956,4.84241580963,5.99413013458,19.9938411713,24.7745761871
2023-10-18,11.9119472504,9.57593631744,16.8669929504,2.29549479485,49.6154823303,26.5075893402,4.70651292801,5.93310451508,19.6552562714,24.0478286743
2023-10-19,11.9376478195,9.63707923889,16.9599227905,2.26810193062,48.8623046875,26.6417064667,4.74227714539,5.96700954437,20.0546112061,24.0105609894
2023-10-20,11.7513217926,9.51480007172,17.1535301208,2.26262331009,48.5126266479,26.633813858,4.79949903488,5.96121168137,20.2890148163,24.131685257
2023-10-23,11.7770214081,9.52244091034,17.3239021301,2.32288718224,48.8959312439,26.736371994,4.92824792862,5.95439052582,20.7578239441,24.9050159454
2023-10-24,11.6613750458,9.54536914825,17.2774333954,2.23523116112,49.0976791382,26.736371994,4.95686006546,5.98849439621,20.4452857971,25.1938514709
2023-10-25,11.6677961349,9.48423194885,17.207742691,2.22975230217,48.4655418396,26.6732616425,4.85672092438,5.94074869156,19.351398468,24.0757827759
2023-10-26,11.7448997498,9.70585918427,17.3935985565,2.2790594101,48.1091346741,27.0677204132,5.05699729919,6.0703420639,19.8722991943,24.3832511902
2023-10-27,11.2437486649,9.54536914825,16.9831562042,2.25714564323,47.6451225281,26.7915935516,4.87817907333,5.95439052582,19.2298564911,23.5726490021
2023-10-30,11.3465471268,9.46894741058,16.7663173676,2.26262331009,47.8737678528,26.6259288788,4.79949903488,5.89300441742,18.8999519348,22.9204425812
2023-10-31,11.5071735382,9.39251899719,16.4100818634,2.24618768692,47.8266944885,26.6574840546,4.83526229858,5.89300441742,18.7697296143,23.7589950562
2023-11-01,11.9697713852,9.52244091034,16.66563797,2.33384394646,48.3915786743,26.8152637482,4.84241580963,5.96121168137,19.9417476654,23.8708019257
2023-11-03,13.0748701096,9.98717212677,17.9279537201,2.49272036552,49.0573348999,27.399066925,5.18574762344,6.17946958542,21.2353191376,24.9050159454
2023-11-06,12.9335279465,10.0101289749,18.6559143066,2.4598505497,48.425201416,27.7619667053,5.05699729919,6.22039413452,20.4018764496,24.131685257
2023-11-07,13.383272171,10.2167606354,18.7720813751,2.52559232712,49.5482406616,28.2432060242,5.15713596344,6.34998559952,21.3829021454,25.5572242737
2023-11-08,13.4089727402,10.2856369019,18.6636600494,2.47080659866,49.0506057739,28.1721992493,5.11422014236,6.35680580139,21.5304908752,25.3988304138
2023-11-09,13.435918808,10.3162488937,18.7333583832,2.4598505497,49.1111297607,28.1248683929,5.22866392136,6.3636264801,20.7838745117,25.0168247223
2023-11-10,13.435918808,10.1861429214,18.9114761353,2.4598505497,49.5213394165,28.424654007,5.3001909256,6.43865299225,21.3829021454,26.4516811371
2023-11-13,13.3906383514,10.0330886841,18.9269638062,2.42150020599,49.9113769531,28.6139945984,5.1499838829,6.43865299225,20.9488220215,26.0603561401
2023-11-14,13.9534320831,10.2703342438,18.9501953125,2.49272036552,51.0276908875,29.1864757538,5.47185707092,6.60916805267,21.9906196594,26.6100730896
2023-11-16,13.7464265823,10.5534915924,20.3054409027,2.52559232712,51.0545921326,29.0661754608,5.50046825409,6.7319393158,22.4767932892,26.8243713379
2023-11-17,13.1965742111,10.5152263641,19.5310192108,2.56942009926,51.1689147949,29.0340881348,5.31235170364,6.71147680283,21.8864402771,26.0137710571
2023-11-20,13.1318817139,10.5075750351,19.4303398132,2.60229086876,51.3437576294,29.0902328491,5.34839200974,6.77968358994,22.5636081696,26.4516811371
2023-11-21,12.6596508026,10.4769639969,19.3683853149,2.58585572243,50.9402694702,29.0741958618,5.24027109146,6.77968358994,22.2423915863,25.4733695984
2023-11-22,12.9830951691,10.6682872772,19.5697364807,2.55298471451,50.8192214966,29.3228282928,5.24027109146,6.75240087509,22.4507446289,25.6690292358
2023-11-23,13.5200157166,10.8672647476,19.5155258179,2.62968349457,51.04114151,29.5393810272,5.36280870438,6.79332447052,22.6677894592,26.0883083344
2023-11-24,13.0542573929,10.9361400604,19.1205692291,2.65159773827,49.5885848999,29.3950119019,5.24027109146,6.75240087509,22.3726158142,25.6131267548
2023-11-27,12.9442834854,10.8366546631,18.9114761353,2.67899036407,49.2792434692,29.4511508942,5.26910305023,6.80014419556,22.8066921234,26.1442108154
2023-11-28,13.2159805298,10.8902215958,18.9037322998,2.66255474091,50.4628067017,29.2907466888,5.38443183899,6.81787919998,23.0410995483,26.8709564209
2023-11-29,13.7464265823,10.8289966583,18.6714076996,2.61872673035,50.5569534302,29.1944961548,5.33397626877,6.83936357498,22.641746521,27.0200328827
2023-11-30,13.8369913101,10.9284887314,18.6946334839,2.61872673035,49.9046592712,29.2426242828,5.44930505753,6.9825963974,23.0931930542,27.7001914978
2023-12-01,13.9728384018,10.9897136688,19.0353832245,2.67899036407,50.5031585693,29.2666835785,5.47813653946,6.99948787689,23.770357132,27.9703922272
2023-12-04,13.7917089462,11.0259180069,19.0586185455,2.73925304413,49.4070167542,29.2105350494,5.35559940338,6.99230957031,23.1539592743,27.4113578796
2023-12-05,13.3518257141,11.110200882,19.4768066406,2.85430240631,49.8037757874,29.3067817688,5.46372079849,7.05691957474,23.3275928497,27.9424419403
2023-12-06,13.1965742111,10.9722824097,19.4768066406,2.89265227318,48.1225814819,29.1223144531,5.46372079849,6.92769765854,23.1539592743,28.119468689
2023-12-07,13.3647594452,11.0029335022,19.5929698944,3.02961421013,47.4433784485,28.8496170044,5.58625841141,6.98513221741,22.8327388763,28.2405929565
2023-12-08,13.5588312149,11.1178646088,19.4458274841,3.0131790638,48.7479934692,28.9538822174,5.61509037018,7.07845544815,23.0063724518,29.0698280334
2023-12-11,13.0219163895,11.0489006042,20.3906288147,2.93100166321,48.8757591248,28.7212963104,5.7664604187,7.01384735107,22.7980136871,29.5450077057
2023-12-12,13.2483234406,11.0795555115,20.0343933105,2.88717365265,48.9833564758,28.785451889,5.83854150772,6.97794914246,23.2147293091,29.0977802277
2023-12-13,13.5976428986,11.4626646042,20.3286724091,2.90908765793,50.2139930725,29.4752178192,6.12686443329,7.18614006042,24.5517063141,30.6164913177
2023-12-14,13.4294519424,11.7308397293,20.0869560242,2.92552280426,51.2630615234,29.6356239319,6.25923395157,7.27228879929,24.7427082062,31.3432369232
2023-12-15,13.2483234406,11.8764276505,19.9855079651,2.97482967377,52.2852287292,29.8441524506,6.13210535049,7.27946949005,24.3346652985,31.2034816742
2023-12-18,13.2483234406,11.9300584793,20.2983055115,2.94743704796,52.6819915771,29.6757221222,6.25175523758,7.27946949005,24.777431488,31.1196250916
2023-12-19,13.3582935333,12.0220041275,21.3635253906,2.94195842743,51.8265075684,30.0206050873,6.22932100296,7.32244873047,24.6504096985,31.3059673309
2023-12-20,13.4229860306,11.85343647,21.4142532349,3.0131790638,51.7647590637,29.932384491,6.19940757751,7.2500910759,24.0649528503,31.1009922028
2023-12-21,13.4294519424,11.8457736969,21.498796463,3.11727118492,52.2588005066,29.9564380646,6.24427747726,7.30797529221,24.3882656097,31.3525562286
2023-12-22,13.2418546677,12.0185127258,21.6340579987,2.99458765984,52.1147041321,30.1730003357,6.4087972641,7.41651058197,24.632932663,31.5482177734
2023-12-26,13.0801286697,12.0664300919,21.6086978912,2.96670556068,52.5126838684,30.237159729,6.39384174347,7.43821763992,24.72905159,31.5854892731
2023-12-27,13.028383255,12.1542730331,22.0652160645,3.00016403198,52.4921035767,30.285276413,6.52096986771,7.49610042572,25.2096538544,31.762512207
2023-12-28,13.028383255,12.2021856308,22.4033813477,3.12284779549,52.5538520813,30.7825469971,6.5882730484,7.50333833694,25.1310119629,31.9115905762
2024-01-02,12.7566871643,12.0664300919,22.1497592926,3.16188335419,51.751033783,30.5820388794,6.41627502441,7.35862493515,24.2397155762,31.6972942352
2024-01-03,12.5755558014,12.0722227097,22.039855957,3.27341341972,51.9774665833,30.7745285034,6.31158065796,7.34415483475,24.0212612152,32.2097434998
2024-01-04,12.2456417084,11.9123268127,22.1074867249,3.15630674362,50.8315658569,30.5230350494,6.07975721359,7.2500910759,23.8028068542,31.3246021271
2024-01-05,12.4979305267,12.112197876,22.1159439087,3.20649528503,50.7629508972,30.6862545013,6.14706087112,7.40203809738,24.4669094086,31.3898239136
2024-01-08,12.6143693924,12.0722227097,22.039855957,3.24553060532,51.3736381531,30.5230350494,6.35645008087,7.35139083862,25.235868454,32.3215484619
2024-01-09,12.7049312592,11.7524299622,22.6062774658,3.20091867447,50.7286338806,30.8821315765,6.29662513733,7.36586046219,24.9300346375,32.8339996338
2024-01-10,12.620839119,11.5525598526,22.8683547974,3.26783680916,50.502204895,30.784198761,6.22184228897,7.34415483475,24.8426513672,32.8526306152
2024-01-11,12.6337757111,11.5365686417,22.7753601074,3.20649528503,50.6737442017,30.5638389587,6.15453958511,7.30797529221,24.510597229,32.8153648376
2024-01-12,12.9572219849,11.432636261,22.6570053101,3.12842488289,50.6257095337,30.6699352264,6.25923395157,7.34415483475,24.6766262054,32.8992195129
2024-01-15,13.125412941,11.47260952,22.7077331543,3.15073060989,50.7149124146,30.8902873993,6.09471321106,7.39480352402,24.7727470398,32.8805847168
2024-01-16,12.7049312592,11.2887306213,22.5555534363,3.19534254074,50.282623291,30.7270641327,5.98254108429,7.27179908752,23.9688339233,33.1787376404
2024-01-17,12.5173368454,11.3047189713,22.5640087128,3.20091867447,50.1110839844,30.7107391357,5.87036848068,7.29350614548,23.5319232941,32.9551239014
2024-01-18,12.4332389832,11.1768016815,22.2850265503,3.12284779549,49.7954444885,30.3761310577,5.67593622208,7.22838449478,23.400850296,32.4519920349
2024-01-19,12.5432100296,11.0728693008,22.361114502,3.12284779549,49.7199668884,30.4822273254,5.72080516815,7.26456356049,23.2872543335,32.9271697998
2024-01-22,12.4008960724,11.0169038773,22.2681179047,3.10611772537,48.9720420837,30.1312885284,5.64602279663,7.17050075531,23.1299648285,32.8526306152
2024-01-23,13.7011461258,11.0328950882,22.462556839,3.17303681374,49.2121963501,30.2781944275,5.64602279663,7.27179908752,23.7066879272,32.5637969971
2024-01-24,14.2251262665,10.9769296646,22.2089385986,3.25668382645,49.4523620605,30.1312885284,5.66845703125,7.20667886734,23.9251403809,32.3029136658
2024-01-25,13.8175878525,10.9529466629,22.1751213074,3.36821389198,48.9445915222,30.0251998901,5.67593622208,7.19220590591,23.7416419983,32.3960876465
2024-01-26,12.9679937363,10.9929189682,22.0821285248,3.34590792656,48.8897018433,30.1149768829,5.65350103378,7.2428560257,24.0824298859,32.5637969971
2024-01-29,13.178853035,10.9529466629,22.0736732483,3.24553060532,48.6495399475,30.0088748932,5.66845703125,7.18497037888,23.7066879272,32.2842826843
2024-01-30,13.1577663422,10.9049758911,21.5579719543,3.31244921684,48.3750762939,29.7313957214,5.59367609024,7.15602684021,23.1998710632,31.0730381012
2024-01-31,13.2280521393,10.936958313,21.6509685516,3.45743846893,48.2309761047,29.7313957214,5.795586586,7.23562049866,23.7241611481,31.4923114777
2024-02-01,13.2280521393,10.9849262238,21.8031406403,3.52435660362,47.990814209,30.2129077911,5.75819540024,7.22838449478,23.3833732605,31.7531967163
2024-02-02,13.178853035,10.9186849594,21.8538665771,3.49647474289,47.4556045532,29.8130054474,5.73576116562,7.22114801407,23.3047294617,30.8307876587
2024-02-05,13.0031375885,11.1348161697,22.0736732483,3.45743846893,47.5516662598,29.6171379089,5.75071763992,7.34415483475,23.427066803,30.3276576996
2024-02-06,13.0031375885,11.6231164932,22.6992740631,3.45186161995,47.4830474854,29.8946228027,5.85541200638,7.63357830048,24.2921466827,30.1972160339
2024-02-07,12.7079296112,10.1101913452,22.6992740631,3.54666256905,48.0319862366,30.041519165,5.88532495499,7.57569599152,24.4494342804,30.1879005432
2024-02-08,12.3002624512,10.0221366882,22.4963779449,3.50762677193,47.1399612427,29.4294281006,5.76567363739,7.47439432144,24.0387382507,29.6288642883
2024-02-09,12.4338111877,9.92607784271,22.4287452698,3.58012247086,46.0283660889,29.4457511902,5.77315235138,7.50333833694,24.2921466827,29.6940860748
2024-02-14,12.3354072571,9.79799842834,22.3780174255,3.51320362091,45.4588432312,29.1356239319,5.68341302872,7.49610042572,23.0251121521,29.2934436798
2024-02-15,12.4759836197,9.78198719025,22.4118366241,3.53550958633,46.6116104126,29.2988491058,5.68341302872,7.53951454163,23.1911334991,29.7127189636
2024-02-16,12.7430725098,9.83001708984,22.2596645355,3.58012247086,46.844909668,29.0948162079,5.80306482315,7.56845712662,23.0862789154,29.8617935181
2024-02-19,12.8485040665,9.85403442383,22.369562149,3.58569860458,45.9323005676,28.8907852173,5.86289024353,7.62634325027,22.1250743866,30.4487838745
2024-02-20,13.0663919449,10.0781698227,22.6654567719,3.56896853447,47.1125183105,28.9152698517,6.00497484207,7.85788202286,22.57072258,30.9798641205
2024-02-21,13.0734224319,10.0061254501,21.8200492859,3.63031029701,46.2548065186,28.4827232361,5.88532495499,7.75658559799,22.3347911835,30.4394626617
2024-02-22,13.1507406235,9.98211193085,21.7608680725,3.55223941803,47.1811294556,28.8173389435,5.90775918961,7.77829217911,22.326051712,30.9798641205
2024-02-23,13.1437110901,9.9661026001,21.4227085114,3.56896853447,45.7607574463,28.7275600433,5.83297729492,7.68189620972,21.9328365326,30.7655696869
2024-02-26,13.1999387741,9.93408107758,21.3128032684,3.72511148453,45.9048576355,28.6133041382,5.98254108429,7.67445230484,21.8454532623,31.2221126556
2024-02-27,13.3545703888,10.0221366882,21.6509685516,3.89240646362,46.4400672913,28.8499755859,6.00497484207,7.8158826828,22.7454891205,30.8587398529
2024-02-28,13.1366815567,9.98211193085,21.7101478577,3.89798331261,46.2273521423,28.580657959,5.96010637283,7.84565734863,22.0901241302,30.2810707092
2024-02-29,13.038277626,9.84602832794,21.8115921021,3.84779381752,45.4039535522,28.8907852173,5.94515037537,7.6670088768,22.1250743866,30.467414856
2024-03-01,13.2491416931,9.92607784271,21.6594200134,3.84202528,45.8774108887,28.5643367767,6.0722784996,7.68456172943,22.2211971283,30.1040439606
2024-03-04,13.4459447861,9.77156734467,20.7379245758,3.87086987495,45.5960769653,28.392950058,6.16949605942,7.66218185425,21.6007862091,29.4611530304
2024-03-05,13.6778926849,9.87577533722,20.8309192657,3.92278909683,45.5274620056,28.392950058,6.28166866302,7.66964054108,21.5134048462,29.6288642883
2024-03-06,13.7833223343,9.81966400146,20.5434780121,3.97470736504,45.4108161926,28.2623767853,6.32653665543,7.76663064957,21.7930259705,30.5233192444
2024-03-07,14.1699008942,9.76355075836,20.8731899261,4.09585237503,45.7676200867,28.8907852173,6.52844762802,7.70694541931,21.4871921539,30.2624378204
2024-03-08,13.1718254089,9.79561424255,21.2620773315,3.84894728661,45.9117164612,28.8744659424,6.73035907745,7.7815527916,21.9240970612,30.2810707092
2024-03-11,13.3053684235,9.86775779724,21.0929965973,3.84202528,45.7813415527,28.8499755859,6.78270578384,7.78901529312,22.0551719666,29.3400287628
2024-03-12,13.2210264206,10.0040330887,21.2451686859,3.85587048531,45.5549087524,28.8744659424,6.82757568359,7.8860039711,22.0202217102,29.6288642883
2024-03-13,13.4951448441,10.1002264023,20.7125606537,3.93894195557,45.7607574463,28.9152698517,7.05939817429,7.98299407959,22.1687717438,29.6381797791
2024-03-14,13.4792995453,10.1002264023,20.7717399597,3.93894195557,44.8138465881,28.9071102142,6.96218252182,7.98299407959,22.2561511993,29.3772983551
2024-03-15,13.4063224792,10.0441141129,20.7210159302,3.98047637939,45.9940605164,28.8336544037,6.92973899841,7.95314741135,22.037694931,28.6226005554
2024-03-18,13.1144046783,10.1643533707,20.8140125275,3.94586348534,46.8654937744,28.8091716766,7.34582471848,7.94568967819,22.7979125977,24.6068649292
2024-03-19,13.0706157684,10.1242733002,20.9661846161,4.01508951187,48.0319862366,29.143781662,7.33825922012,7.90092420578,22.8590812683,23.5912818909
2024-03-20,13.3552350998,10.3246746063,21.0338134766,4.13969564438,47.9849586487,29.3396549225,7.13399934769,8.00537586212,23.5231838226,24.9329681396
2024-03-21,12.9538497925,10.2284851074,21.3550701141,4.20892190933,47.1437339783,29.4375953674,7.11130332947,7.89346313477,23.7416419983,22.9670276642
2024-03-22,12.676527977,10.0360994339,21.4565200806,4.13277292252,47.4241409302,29.3886165619,7.00539064407,7.77329683304,23.0687980652,23.3676700592
2024-03-25,12.5597600937,9.99601554871,20.9070053101,4.03585767746,46.4076576233,29.2335548401,6.88434743881,7.6981921196,23.2610416412,23.8148975372
2024-03-26,12.5597600937,10.1242733002,21.059179306,3.9943215847,46.7301292419,29.3151664734,6.84652090073,7.80333518982,22.5357723236,22.9949817657
2024-03-27,12.5524606705,10.2685642242,21.2536258698,4.05662441254,47.459186554,29.4212703705,7.04321622849,7.87093114853,22.564781189,23.8428497314
2024-03-28,12.6400356293,10.2124500275,20.983089447,4.05662441254,46.7441444397,29.6334552765,7.19452047348,7.88595342636,22.2310123444,23.6658210754
2024-04-01,12.3043317795,10.076177597,21.0422725677,4.03585767746,46.3726081848,29.6579399109,7.15669441223,7.67566108704,22.2046604156,23.2931308746
2024-04-02,12.2751426697,10.1381864548,21.1437206268,4.0289349556,45.7837486267,29.5028800964,7.11130332947,7.64561891556,22.037776947,23.1906433105
2024-04-03,12.1875677109,10.370970726,21.4227085114,4.04970216751,45.692615509,29.7232303619,6.98269462585,7.64561891556,22.468164444,22.5850200653
2024-04-04,12.0926923752,10.3950519562,21.6847839355,4.08431529999,46.6530189514,29.68242836,6.92217206955,7.54798412323,22.9073390961,22.8179512024
2024-04-05,12.1875677109,10.3468923569,21.7777786255,4.04970216751,45.6996269226,29.5518436432,6.95243263245,7.50292110443,22.1783103943,22.845905304
2024-04-08,12.5086727142,10.4030799866,21.9468612671,4.09123754501,45.7486953735,29.543680191,7.0205206871,7.58553504944,22.0465583801,22.8831729889
2024-04-09,12.5378656387,10.5154590607,22.4456481934,4.08431529999,45.881893158,29.8374938965,7.19452047348,7.66814947128,22.3364124298,22.9204425812
2024-04-10,12.3554182053,10.2826757431,22.3949279785,4.1120057106,45.4332389832,29.706911087,6.99025821686,7.51794052124,21.704000473,22.4266262054
2024-04-11,12.2824392319,10.2264814377,22.4456481934,4.07046985626,45.0827255249,29.8701343536,6.91460752487,7.51794052124,21.5634670258,21.7930526733
2024-04-12,11.9905204773,10.0739717484,22.1920318604,3.86279344559,44.2204704285,29.1274642944,6.71034669876,7.43532657623,21.5546836853,21.2247028351
2024-04-15,11.7350940704,9.9776468277,22.5217418671,3.86971569061,43.6105804443,29.2335548401,6.52121686935,7.30764913559,21.0540237427,20.4327354431
2024-04-16,11.7496891022,9.87329483032,22.2258472443,3.91817378998,43.0427513123,29.2172374725,6.40017223358,7.20250272751,20.6499843597,20.9172325134
2024-04-17,11.5818367004,9.84118461609,21.9891300201,3.88356089592,42.9586334229,29.1356239319,6.3472161293,7.17246246338,20.5270137787,20.8799629211
2024-04-18,11.6037302017,9.76091480255,21.9299545288,3.85587048531,42.3837928772,29.062171936,6.52878189087,7.16495037079,20.4830951691,20.46068573
2024-04-19,11.6329231262,9.68867111206,21.3466186523,3.87663888931,43.4528503418,29.143781662,6.50608634949,7.15744113922,21.4756336212,20.6470317841
2024-04-22,11.6913051605,9.65656280518,21.3381633759,3.84202528,42.8745079041,29.2172374725,6.44556427002,7.14993047714,21.7918376923,20.9265499115
2024-04-23,11.8153715134,9.68064308167,20.9492740631,3.84202528,41.9414482117,28.9560756683,6.4228682518,7.20250272751,21.6073818207,20.9172325134
2024-04-24,11.8518600464,9.65656280518,20.9154567719,3.82818007469,41.5790138245,28.8581428528,6.40017223358,7.1874833107,21.4053611755,21.1501636505
2024-04-25,11.7496891022,9.64050960541,21.3128032684,3.78664445877,41.0238113403,28.605140686,6.30939054489,7.14993047714,21.9148044586,20.8613300323
2024-04-26,11.9029455185,9.79301929474,21.4142532349,3.73126459122,41.1009178162,28.76836586,6.6346950531,7.27760839462,22.7053184509,21.438999176
2024-04-29,11.8445596695,9.94553756714,21.3719825745,3.73126459122,41.3168373108,28.7275600433,6.65739011765,7.25507640839,23.241109848,21.4110469818
2024-04-30,11.5526428223,9.92145347595,21.1099052429,3.67588329315,40.707649231,28.7438831329,6.58930253983,7.17997264862,22.8370723724,20.9875545502
2024-05-02,11.6621141434,9.94553756714,21.7270545959,3.55820035934,41.1471939087,29.5600070953,6.84652090073,7.29262876511,23.2498970032,21.3948040009
2024-05-03,11.9467334747,10.0397853851,22.0567646027,3.73818612099,41.6252861023,29.829328537,7.05078077316,7.37524223328,23.5573158264,21.6599903107
2024-05-06,11.9321393967,9.90313720703,22.361114502,3.59281277657,41.764087677,29.9496841431,7.04321622849,7.38275337219,23.8998737335,21.849407196
2024-05-07,11.9248390198,9.93528747559,22.0483112335,3.67588329315,41.3476791382,29.7643947601,7.01295518875,7.49541091919,26.1308803558,22.7017917633
2024-05-08,11.7715826035,9.87098121643,21.7355060577,3.64127135277,41.5173301697,30.0254859924,7.07347726822,7.57802295685,25.9288635254,23.0332736969
2024-05-09,11.4796657562,9.61375617981,21.3888912201,3.59973526001,41.6407089233,29.3180198669,7.01295518875,7.45785903931,26.5876255035,22.6544361115
2024-05-10,11.5088567734,9.60572242737,21.3381633759,3.63434815407,40.0984611511,29.157989502,6.92217206955,7.54047346115,26.8950443268,21.8399372101
2024-05-13,11.4650688171,9.58160400391,21.4311599731,3.62050294876,40.3375091553,29.4780368805,7.01295518875,7.60055589676,27.035577774,21.7831134796
2024-05-14,11.5380477905,9.63787078857,21.8876838684,3.70357441902,39.9056777954,29.8365783691,7.0205206871,7.72072315216,26.9740924835,21.4705715179
2024-05-15,11.5908145905,9.58964252472,22.5555534363,3.71741914749,39.5586738586,29.8451042175,7.15669441223,7.71321392059,27.0443630219,21.8209972382
2024-05-16,11.67918396,9.58964252472,21.8792247772,3.74510860443,39.2810668945,29.8365783691,7.05078077316,7.75076532364,27.1409816742,22.1335372925
2024-05-17,11.5245428085,9.66198730469,22.1413059235,3.75895452499,39.2348022461,29.7087078094,6.8027009964,7.70570373535,27.3166503906,21.8399372101
2024-05-20,11.8485546112,9.63787078857,23.2910633087,3.71049666405,39.1885375977,30.1775665283,6.97067117691,7.66814947128,27.5274562836,22.2093048096
2024-05-21,11.5245428085,9.63787078857,23.4601478577,3.80049014091,39.0188865662,30.4759407043,6.92486047745,7.6606388092,27.220035553,22.2377147675
2024-05-22,11.1784381866,9.44495391846,22.6062774658,3.78664445877,38.7875518799,30.2287158966,6.69581365585,7.60055589676,25.5775203705,21.2622108459
2024-05-23,11.3036260605,9.35653495789,22.6992740631,3.81433486938,39.0882835388,29.8110046387,6.66527271271,7.5329618454,25.6477890015,20.9780845642
2024-05-24,11.3183526993,9.36457061768,22.8176288605,3.79318404198,38.9417762756,30.0923175812,6.77979707718,7.48039102554,25.4545536041,21.0349082947
2024-05-27,11.2962598801,9.36457061768,22.462556839,3.87778925896,39.1731147766,29.8962535858,6.82560634613,7.48789834976,25.0680770874,21.3000946045
2024-05-28,11.1931648254,9.34045696259,22.7077331543,3.75088000298,38.8723716736,29.7342815399,6.76452684402,7.48789834976,24.751871109,21.2906246185
2024-05-29,10.9501552582,9.24399662018,22.4033813477,3.6310210228,38.6641693115,29.4614925385,6.75689315796,7.41279506683,24.435667038,21.3095664978
2024-05-31,10.8691520691,9.20380401611,21.2451686859,3.58871746063,38.5639228821,29.2227973938,6.71108293533,7.30764913559,24.1194610596,20.6466007233
2024-06-03,11.0090656281,9.21988391876,21.6509685516,3.55346560478,37.6385726929,29.1205024719,6.52784585953,7.36300754547,23.9877090454,20.5992469788
2024-06-04,10.8691520691,9.24181842804,21.6256027222,3.41950511932,37.6231536865,29.2739467621,6.55074977875,7.40065002441,23.8471717834,20.4761257172
2024-06-05,10.8617868423,9.1774187088,21.0845394135,3.41245532036,36.9291381836,28.9414844513,6.47440099716,7.43829345703,23.6275863647,20.3624744415
2024-06-06,11.1563434601,9.31427288055,21.2789897919,3.49001073837,37.0756530762,28.9841079712,6.55074977875,7.48346424103,24.0404148102,20.7034263611
2024-06-07,10.9722471237,9.24181842804,21.1437206268,3.41245532036,36.76720047,28.7198371887,6.4209561348,7.30277776718,23.6363697052,20.5803050995
2024-06-10,10.8986091614,9.24987125397,21.0676326752,3.39835381508,36.2968177795,28.583442688,6.32170295715,7.24254894257,23.3201618195,19.8415737152
2024-06-11,11.0090656281,9.29012107849,21.0929965973,3.40540456772,37.877620697,28.8050842285,6.40568685532,7.34794998169,23.8559551239,19.9552230835
2024-06-12,10.8028774261,9.10496425629,20.8393688202,3.43360614777,36.821182251,28.4896697998,6.16900444031,7.28019189835,23.5221843719,19.2449054718
2024-06-13,10.78814888,9.08081245422,21.059179306,3.29964637756,37.2452964783,28.4299983978,6.0773859024,7.20490598679,23.4958343506,18.9228954315
2024-06-14,10.7513303757,9.16131973267,21.3466186523,3.34899973869,37.4997749329,28.4299983978,6.06211614609,7.20490598679,23.6539363861,19.2733192444
2024-06-17,10.8102416992,9.19351959229,21.3635253906,3.1797876358,37.7850837708,28.3276977539,6.02394104004,7.25760507584,22.4330310822,18.8944816589
2024-06-18,10.7145109177,9.12631034851,21.0845394135,3.23619174957,37.5923080444,28.3788490295,6.10029029846,7.31030702591,23.0127449036,18.7808303833
2024-06-19,10.7292366028,9.17618083954,21.4649791718,3.26439380646,37.3995246887,28.4385223389,6.10792541504,7.38559341431,22.9688224792,19.2070217133
2024-06-20,10.6408700943,9.20111560822,21.5410614014,3.44770741463,37.1604766846,28.5493469238,6.06975030899,7.37806415558,22.6086997986,19.0081329346
2024-06-21,10.6482334137,9.25929927826,22.3780174255,3.44770741463,37.2452964783,28.6431121826,6.13846492767,7.35875701904,23.1444969177,19.3680286407
2024-06-24,10.8838806152,9.33410453796,22.361114502,3.52526307106,37.3147010803,28.8477077484,6.44386100769,7.5107960701,23.3728656769,20.1256999969
2024-06-25,10.8102416992,9.28423595428,22.1920318604,3.41950511932,37.2221641541,28.8647594452,6.41332197189,7.52599954605,22.9424743652,19.8415737152
2024-06-26,10.7513303757,9.26760864258,21.9722232819,3.42655539513,36.9985389709,28.9585342407,6.4209561348,7.48798942566,23.1796245575,19.3869686127
2024-06-27,10.9796104431,9.28423595428,22.2681179047,3.55346560478,37.862197876,29.1205024719,6.52784585953,7.48038721085,24.0579776764,20.0783481598
2024-06-28,10.891245842,9.30085372925,22.2004814148,3.48296046257,37.6231536865,29.1801738739,6.55838489532,7.46518230438,23.8910923004,19.8321037292
2024-07-01,10.6924171448,9.23436164856,22.4033813477,3.31374740601,37.5151939392,29.2995204926,6.4820356369,7.41196966171,23.5871925354,19.898399353
2024-07-02,10.6997795105,9.26536941528,22.6570053101,3.377202034,37.5460357666,29.325094223,6.52021026611,7.47278547287,23.7727069855,19.699508667
2024-07-03,10.7955141068,9.3319683075,22.5724639893,3.41245532036,38.8723716736,29.4700145721,6.55838489532,7.5792131424,24.249753952,20.4855957031
2024-07-04,11.3478078842,9.35694217682,22.7499980927,3.59576845169,40.3837738037,29.4955825806,6.66527271271,7.60202074051,24.4882736206,21.2337989807
2024-07-05,11.0679750443,9.42354011536,22.8091831207,3.56051588058,40.3220863342,29.6064071655,6.77979707718,7.56401014328,24.4706077576,21.5747528076
2024-07-08,11.3625354767,9.44019412994,22.7922725677,3.63807201385,40.2064170837,29.4103412628,6.84087562561,7.53360366821,24.5236129761,21.1106777191
2024-07-09,11.4729948044,9.44851398468,23.1135234833,3.6310210228,40.1987075806,29.5723152161,6.86378097534,7.5792131424,25.2568473816,21.546339035
2024-07-10,11.2226219177,9.61500835419,23.2657051086,3.59576845169,39.751449585,29.7428035736,6.94776582718,7.68564319611,25.3098506927,21.1675033569
2024-07-11,11.5687265396,9.64830493927,22.9106273651,3.59576845169,39.628074646,30.0070762634,7.2531619072,7.72365236282,25.3098506927,21.6884021759
2024-07-12,11.4361753464,9.62333488464,21.9384059906,3.64512228966,40.013633728,30.0667457581,7.18444681168,7.76166200638,25.5660419464,21.9157047272
2024-07-15,11.6939115524,9.57338619232,21.8538665771,3.66627407074,40.1524353027,29.9388771057,7.10046339035,7.76926422119,26.0342521667,22.3229541779
2024-07-16,11.7086391449,9.63998317719,22.3103847504,3.66627407074,39.6203613281,29.9474048615,7.10046339035,7.79206943512,26.060754776,22.3987216949
2024-07-17,11.6349992752,9.75652885437,22.0314006805,3.79318404198,39.9519462585,29.9218235016,7.10046339035,7.87569284439,25.7780590057,22.2377147675
2024-07-18,11.6349992752,9.57338619232,21.4227085114,3.61692023277,38.8955078125,29.3080463409,7.0317492485,7.79967308044,25.0359897614,21.6410484314
2024-07-19,11.5024490356,9.54008865356,20.7548313141,3.60986924171,39.3736038208,28.898859024,7.00884580612,7.87569284439,24.8239746094,21.3474502563
2024-07-22,11.5171775818,9.6066827774,20.8478279114,3.61692023277,40.3606452942,29.0523052216,7.08519363403,7.89849662781,24.8769760132,21.7168159485
2024-07-23,11.1195249557,9.48181629181,20.788646698,3.51116251945,39.7128982544,28.8562316895,6.96303415298,7.80727529526,24.5589485168,21.6126365662
2024-07-24,11.0974330902,9.46516227722,20.7548313141,3.45475792885,39.450717926,28.8136100769,6.84087562561,7.79206943512,24.2939224243,21.356918335
2024-07-25,11.252076149,9.34861946106,20.6280193329,3.38425278664,38.779838562,28.7368831635,6.75689315796,7.72365236282,23.9052200317,21.4042758942
2024-07-26,11.4582672119,9.43186569214,20.8647384644,3.49706077576,38.7489929199,28.8562316895,6.86378097534,7.82247877121,24.8063030243,21.9346466064
2024-07-29,11.4582672119,9.43186569214,20.9661846161,3.39835381508,38.7952613831,28.8477077484,6.74162244797,7.85288763046,24.9564838409,21.8872928619
2024-07-30,11.4435377121,9.35694217682,20.8985500336,3.39130330086,38.6718826294,28.8732814789,6.69581365585,7.79206943512,24.8858108521,21.8872928619
2024-07-31,11.3993558884,9.34861946106,20.7632846832,3.32079792023,40.1678581238,28.8050842285,6.8027009964,7.7312541008,24.3734283447,22.777557373
2024-08-01,11.3919916153,9.44851398468,20.5772914886,3.36310076714,39.1885375977,29.0864009857,6.84087562561,7.58681678772,24.7797985077,22.6260242462
2024-08-02,11.6202707291,9.44622421265,20.7632846832,3.73677897453,39.4969863892,29.5637893677,6.88668632507,7.48038721085,24.717962265,23.0711574554
2024-08-05,11.4877223969,10.2299356461,20.6195640564,3.84253740311,39.0574417114,29.4103412628,6.60419416428,7.46518230438,24.1702442169,22.8722667694
2024-08-06,11.6202707291,10.5801019669,20.4673900604,4.02585124969,39.0034675598,29.5723152161,6.46676588058,7.6248254776,24.7356319427,22.5881404877
2024-08-07,12.8132276535,10.5550889969,20.4758472443,4.05405282974,38.9417762756,29.879201889,6.63473415375,7.66283559799,25.654384613,23.2511024475
2024-08-08,12.9825973511,10.6551408768,20.442029953,3.96944594383,39.203956604,29.9814987183,6.48967123032,7.66283559799,25.848733902,23.3458137512
2024-08-09,13.2403364182,10.8635702133,20.6533813477,3.87778925896,38.5562095642,30.1690444946,6.56602048874,7.86809110641,26.2197666168,25.0695209503
2024-08-12,13.2403364182,10.9719572067,20.6618347168,4.00469875336,38.5485076904,30.1605205536,6.5736541748,7.90610218048,25.9282398224,24.7948646545
2024-08-13,13.2314777374,11.0970163345,20.7717399597,3.9200925827,38.3402938843,30.1605205536,6.58129024506,8.0885477066,26.3699493408,25.4388866425
2024-08-14,13.246301651,11.1637201309,20.8900966644,3.86368894577,37.8313560486,30.2031440735,6.74162244797,8.25579452515,27.1473579407,25.6661891937
2024-08-15,13.4538526535,11.3054513931,20.7125606537,3.78613305092,38.2863197327,30.2287158966,6.74162244797,8.36222076416,27.8099193573,25.5714797974
2024-08-16,13.1647624969,11.1220312119,20.8562793732,3.75793075562,37.4226570129,30.1576156616,6.58777999878,8.31660938263,27.9159259796,24.9085159302
2024-08-19,13.2092380524,11.7473335266,21.2536258698,3.81433486938,38.4405403137,30.7307281494,6.6802406311,8.39262962341,28.3134613037,25.0979328156
2024-08-20,13.3122529984,11.722319603,21.3381633759,3.82138538361,38.4482536316,30.9130783081,6.74188089371,8.41543579102,29.1173686981,25.3347072601
2024-08-21,13.3420972824,11.7056484222,21.1352672577,3.80728435516,38.0626907349,31.0172843933,6.65712547302,8.37742614746,29.5767459869,25.2968215942
2024-08-22,12.8794517517,11.6973075867,21.1521778107,3.67332410812,37.3995246887,31.1475296021,6.57237005234,8.3318157196,28.5431518555,25.2873516083
2024-08-23,13.2301673889,11.8390426636,21.2789897919,3.79318404198,37.9855804443,31.0433387756,6.74188089371,8.3318157196,29.6562538147,25.5904216766
2024-08-26,13.2600164413,11.7806806564,20.9746379852,3.89188981056,37.5074806213,30.7480945587,6.79581546783,8.32421207428,29.6209163666,25.4578266144
2024-08-27,13.2824010849,11.6639556885,20.8562793732,3.84253740311,37.5151939392,30.166305542,6.80351924896,8.32421207428,29.1262073517,25.4767684937
2024-08-28,13.3197145462,11.8140306473,20.9492740631,3.89894080162,37.2838592529,30.583108902,6.74958515167,8.47625160217,29.0201950073,25.3347072601
2024-08-29,13.0809268951,11.7556695938,20.8140125275,3.91335558891,36.6900939941,30.5049610138,6.6186003685,8.36982345581,28.7021713257,24.7096252441
2024-08-30,13.1853971481,11.7890167236,20.8900966644,4.15839004517,36.4587516785,30.7828292847,6.39515542984,8.3318157196,28.2074546814,25.0221652985
2024-09-02,13.4988002777,11.6889705658,20.9154567719,4.30973577499,37.1142082214,30.765460968,6.27957963943,8.28117465973,27.9777641296,25.1737003326
2024-09-03,13.5808849335,11.8619775772,20.9323654175,4.35297727585,36.8982963562,31.0085945129,6.35662984848,8.41068649292,28.6138267517,25.0695209503
2024-09-04,13.7525091171,11.9287548065,21.3212566376,4.3962187767,37.862197876,31.4948730469,6.64942073822,8.47925281525,29.5060749054,26.0639686584
2024-09-05,13.8644399643,12.0038852692,21.2198085785,4.38901185989,37.3301239014,31.1214809418,6.59548473358,8.55543327332,29.3028869629,26.3670368195
2024-09-06,13.6704282761,11.8285865784,21.0084533691,4.35297727585,36.9445610046,31.1041126251,6.55696058273,8.47163391113,29.4619007111,26.4901580811
2024-09-09,13.4316415787,11.8619775772,21.0084533691,4.31694221497,36.8057594299,30.973865509,6.5184340477,8.5630531311,29.550245285,26.0355529785
2024-09-10,13.3943319321,11.895365715,20.8985500336,4.32414913177,36.5975532532,30.7915115356,6.47220516205,8.55543327332,29.6209163666,26.8405818939
2024-09-11,13.3943319321,11.7117166519,20.923915863,4.34577083588,36.5667114258,30.6525726318,6.5184340477,8.55543327332,29.700422287,26.7269306183
2024-09-12,13.2450904846,11.6365880966,20.8900966644,4.31694221497,36.0037918091,30.3920726776,6.49531984329,8.53258037567,29.8329372406,26.4806880951
2024-09-13,13.3420972824,11.6449384689,20.8816413879,4.41784000397,37.1758995056,30.531003952,6.73417520523,8.53258037567,30.7075176239,27.0584144592
2024-09-16,13.4017944336,11.5865020752,20.923915863,4.43945980072,37.5845985413,30.522321701,6.74188089371,8.53258037567,30.4248256683,27.1910057068
2024-09-17,13.468952179,11.5030260086,20.8393688202,4.40342521667,37.2221641541,30.0881519318,6.6186003685,8.49448776245,30.1068000793,26.9352912903
2024-09-18,13.4316415787,11.3694648743,20.8562793732,4.46108007431,37.3609733582,29.8971195221,6.73417520523,8.45639705658,30.3983249664,27.1720657349
2024-09-19,13.2973251343,11.2525987625,20.7632846832,4.3962187767,37.5691719055,29.8623828888,6.6186003685,8.48687076569,29.5679149628,27.1531238556
2024-09-20,12.6197967529,11.0606031418,20.6618347168,4.28090858459,36.9060058594,29.7755470276,6.38744974136,8.39382553101,28.7816753387,26.5185699463
2024-09-23,12.5897531509,10.7934780121,20.6111106873,4.35297727585,36.6746673584,29.7842330933,6.27957963943,8.34026527405,28.0837783813,25.8271942139
2024-09-24,12.5897531509,10.7433929443,20.6026592255,4.27370166779,37.1681861877,29.6626663208,6.30269575119,8.34791660309,28.4106388092,26.0734386444
2024-09-25,12.5446815491,10.7600898743,20.5857505798,4.3962187767,36.2197036743,29.5931968689,6.17941474915,8.4167804718,28.0131015778,26.0450248718
2024-09-26,12.7099409103,10.9854736328,20.5688438416,4.38901185989,36.76720047,29.7147636414,6.22564458847,8.55451011658,27.8805885315,25.2305240631
2024-09-27,12.7550096512,11.0522546768,20.4758472443,4.47549390793,36.62840271,29.6452960968,6.1640048027,8.53155517578,27.9747924805,25.675661087
2024-09-30,12.6498470306,10.9270410538,20.5434780121,4.46828746796,35.9575233459,29.732131958,6.14859485626,8.47034168243,27.4598655701,25.5051841736
2024-10-01,12.9052467346,10.9859228134,20.5096626282,4.51873636246,35.2172431946,29.7147636414,6.21793985367,8.33261489868,27.0248394012,26.1207923889
2024-10-02,12.9803638458,11.3395433426,20.6533813477,4.6124253273,35.3406219482,29.9318504333,6.31039953232,8.36322021484,27.015958786,26.7837562561
2024-10-03,12.7249650955,11.2293672562,20.3574905396,4.43945980072,35.780166626,29.6800308228,6.19482469559,8.11071681976,26.9626922607,25.902961731
2024-10-04,12.7174520493,11.2632665634,20.3997612,4.43225336075,35.9035453796,29.74949646,6.22564458847,8.12601947784,27.1313743591,26.2344455719
2024-10-07,12.4695625305,11.2717409134,20.442029953,4.43225336075,35.8418540955,30.0013160706,6.25646495819,8.15662574768,26.9538135529,26.2344455719
2024-10-08,12.5446815491,11.3310680389,20.3321247101,4.49711513519,35.687625885,29.914484024,6.27187538147,8.15662574768,27.1757659912,26.6038093567
2024-10-09,12.3719091415,11.0683441162,20.1038665771,4.38180494308,35.3483352661,29.6887130737,6.2102355957,8.01124477386,26.6874694824,25.6661891937
2024-10-10,12.2817687988,11.1615686417,21.1775360107,4.45387363434,35.7724533081,29.8971195221,6.20253038406,8.04950237274,26.8472747803,25.5051841736
2024-10-11,12.2817687988,11.0090198517,20.8900966644,4.3962187767,35.9189720154,29.6800308228,6.24105501175,8.01124477386,26.598690033,25.4957122803
2024-10-14,12.4695625305,11.1615686417,21.0000019073,4.54756355286,36.011505127,29.914484024,6.25646495819,8.08011054993,26.6075668335,25.3820590973
2024-10-15,12.3944454193,11.1869888306,20.8055534363,4.59080505371,35.6953430176,30.1315727234,6.3258099556,8.11836910248,26.7496147156,25.3347072601
2024-10-16,12.3118162155,11.2124166489,20.9154567719,4.70611619949,35.5411148071,30.4007568359,6.37974500656,8.09541416168,27.1136188507,25.4483585358
2024-10-17,12.3043012619,11.2632665634,20.6618347168,4.73494338989,35.7724533081,30.1142063141,6.33351516724,8.09541416168,26.7141075134,25.5809516907
2024-10-18,12.4541540146,11.305644989,20.6787471771,4.76377105713,35.2789344788,30.3052368164,6.29498958588,8.11836910248,26.5809326172,24.7759227753
2024-10-21,12.5903482437,11.2802181244,20.7548313141,4.78539180756,35.6953430176,30.1402492523,6.23334980011,8.12601947784,26.2790794373,24.4917945862
2024-10-22,12.3255281448,11.2208957672,20.7125606537,4.79980611801,35.1786880493,29.8276481628,6.21793985367,8.13367176056,26.4832782745,24.1792564392
2024-10-23,12.2498636246,11.1869888306,20.6280193329,4.71332263947,34.893371582,29.7842330933,6.17170953751,8.1642780304,26.0660076141,23.5636425018
2024-10-24,12.4844179153,11.2378444672,20.7971019745,4.69890880585,34.9165039062,29.914484024,6.28728485107,8.23314189911,26.598690033,24.1508407593
2024-10-25,12.2801275253,11.1107177734,20.6533813477,4.74935770035,35.4871368408,29.8276481628,6.26416969299,8.14897537231,25.8529338837,23.4026374817
2024-10-28,12.3330936432,11.297167778,20.6872005463,4.72773647308,35.086151123,29.9752655029,6.44138526917,8.24079322815,26.598690033,23.8856544495
2024-10-29,12.3330936432,11.1446180344,20.5350246429,4.72052955627,34.8162612915,29.966583252,6.3258099556,8.18723392487,26.7496147156,23.6867675781
2024-10-30,12.5903482437,11.1785202026,20.6533813477,4.72052955627,34.8162612915,30.2010326385,6.52614021301,8.1642780304,26.296836853,24.2929039001
2024-10-31,12.4238872528,10.7971458435,20.5350246429,4.71332263947,34.46925354,30.4094390869,6.53384399414,8.11836910248,26.0660076141,24.2171382904
2024-11-01,12.3633575439,10.6106939316,20.3743934631,4.59801244736,34.0374221802,30.0620994568,6.3258099556,8.0418510437,25.5422000885,23.4310531616
2024-11-04,12.7416725159,10.5913848877,20.7971019745,4.86466789246,35.1555519104,30.3486595154,6.66483020782,8.1642780304,26.1902999878,24.6906833649
2024-11-05,12.9535331726,10.5659284592,20.8562793732,4.87908172607,35.5873832703,30.1142063141,6.68794488907,8.46269035339,26.2080593109,24.756980896
2024-11-06,13.1426877975,10.4216518402,20.7294712067,4.74215126038,36.9291381836,30.0534191132,6.70335435867,8.44738769531,26.0748844147,24.548620224
2024-11-07,12.4465875626,10.3282976151,20.5434780121,4.67008161545,34.7160110474,30.2444534302,6.7881102562,8.33261489868,25.7996616364,23.6299419403
2024-11-08,12.3330936432,10.2179718018,20.6026592255,4.80701255798,34.3150253296,30.3399734497,6.83434057236,8.1795797348,25.4622993469,24.2266082764
2024-11-11,12.174200058,10.1755361557,20.7379245758,4.90070295334,34.9473495483,30.6786270142,6.91909503937,8.14897537231,25.4179058075,23.8383026123
2024-11-12,12.2347307205,10.1076459885,20.3743934631,5.08087539673,35.2866401672,30.1909370422,6.87286567688,8.09541416168,25.5688323975,23.4405231476
2024-11-13,12.1514997482,10.1500768661,20.4166679382,5.04484128952,36.1657295227,30.1820831299,6.88827562332,8.0418510437,26.0748844147,23.0238018036
2024-11-14,12.1817674637,10.2010002136,20.4589385986,5.08808231354,37.5614624023,29.8457431793,7.06549072266,7.97298717499,26.1902999878,22.7302036285
2024-11-18,12.2347307205,10.2943515778,20.3490333557,5.15294504166,40.6999320984,30.1643810272,6.89801454544,7.88116645813,26.1547851562,22.682849884
2024-11-19,12.0579376221,10.3282976151,20.30676651,5.16735839844,41.3091278076,30.4299163818,6.9141497612,7.95768547058,25.5865898132,22.6733779907
2024-11-21,11.8597669601,10.2519168854,20.30676651,5.23942756653,40.2197570801,29.9608039856,6.84960699081,7.81230258942,25.0627841949,21.972530365
2024-11-22,12.3018407822,10.3028364182,20.30676651,5.24663448334,41.5525550842,30.3502521515,6.80926704407,7.85821342468,25.8440551758,22.5123729706
2024-11-25,12.256108284,10.1500768661,20.560382843,5.19618654251,41.6094474792,30.3236980438,6.86574268341,7.80465126038,26.2080593109,22.9196224213
2024-11-26,12.736289978,10.2264614105,20.9408226013,5.21780729294,40.18724823,30.4830169678,7.05937099457,7.98829174042,26.1281547546,23.5068187714
2024-11-27,12.5457420349,9.89547729492,20.4335727692,5.10022211075,40.2928924561,30.1024227142,6.84153842926,7.71283149719,24.9029750824,22.3703098297
2024-11-28,12.256108284,9.53055286407,20.0954113007,4.72542238235,40.1059761047,29.7306804657,6.48655319214,7.48328351974,24.3259067535,21.0254383087
2024-11-29,12.4619016647,9.44568157196,20.4251232147,4.68867778778,42.2595901489,30.1732292175,6.50269031525,7.46032857895,24.015171051,21.7168159485
2024-12-02,11.9740962982,9.31838226318,20.247587204,4.67397928238,42.5277786255,30.3414001465,6.32519674301,7.36332368851,23.9707832336,21.3095664978
2024-12-03,12.2332429886,9.3330450058,20.2560386658,4.67397928238,40.6342201233,30.1201248169,6.31712865829,7.40934371948,23.4380989075,21.4895133972
2024-12-04,12.2713537216,9.45204639435,20.518119812,4.86505365372,41.9345169067,30.1378269196,6.32519674301,7.45766544342,23.8642444611,21.5558109283
2024-12-05,12.2865982056,9.59654808044,20.7971019745,4.91649723053,42.0320396423,30.4653148651,6.51075696945,7.62679243088,24.1749763489,22.0482978821
2024-12-06,12.3399505615,9.45204639435,20.7379245758,4.61518669128,40.3254013062,30.2086391449,6.45428228378,7.46571874619,24.3259067535,21.5179252625
2024-12-09,12.3323278427,9.44354438782,21.0169124603,4.71072435379,39.8215408325,30.3059978485,6.51882505417,7.4898815155,24.0773181915,21.1201477051
2024-12-10,12.3628149033,9.59654808044,21.1014461517,4.77686548233,40.8211364746,30.2263374329,6.55109596252,7.61068534851,24.5478553772,21.4989852905
2024-12-11,12.5381202698,9.81754779816,21.2874393463,4.88710069656,41.828868866,30.3679580688,6.59950447083,7.69927597046,24.8763484955,21.7452278137
2024-12-12,12.3933048248,9.51154708862,20.9323654175,4.72542238235,40.9674224854,30.1024227142,6.35746765137,7.45464849472,24.4235649109,20.7129001617
2024-12-13,12.1722679138,9.4010477066,20.4504833221,4.58579158783,40.0165863037,29.8457431793,6.38167142868,7.4303393364,23.8109779358,20.2772350311
2024-12-16,11.8521442413,9.22254562378,20.4589385986,4.51230144501,38.8625679016,29.7749347687,6.2283821106,7.31689977646,23.8997573853,19.898399353
2024-12-17,11.9888887405,9.29054450989,20.5519294739,4.54169654846,38.1555366516,30.0404644012,6.29292488098,7.32500267029,23.6866836548,20.1730556488
2024-12-18,11.7354421616,8.90804386139,19.9855079651,4.29917860031,37.3834838867,28.8986816406,6.06702518463,7.04950475693,23.2339038849,19.595331192
2024-12-19,11.935128212,8.95904541016,19.6980724335,4.26243400574,37.5460205078,29.2438716888,6.22031402588,7.11432886124,23.6119995117,20.116230011
2024-12-20,12.2039375305,9.1630449295,20.0108661652,4.15954780579,37.91173172,29.7660884857,6.26872158051,7.22776842117,24.0772628784,20.1635856628
2024-12-23,12.0887336731,9.01854515076,19.5543460846,3.96847224236,38.3424530029,28.8455734253,6.11543226242,7.13053274155,23.4062137604,18.9039535522
2024-12-26,12.0196123123,9.12054634094,19.5712528229,4.056661129,38.301815033,29.0668525696,6.07509279251,7.21156263351,22.9677944183,18.2125740051
2024-12-27,12.142496109,9.05254459381,19.4867172241,4.13015079498,38.504989624,29.0934066772,6.09122848511,7.15484285355,22.6188468933,18.250459671
2024-12-30,11.9274454117,9.04404640198,19.4528980255,4.1375002861,38.8300590515,29.0845527649,6.04282140732,7.15484285355,22.7441082001,18.2315158844
2025-01-02,11.9274454117,9.13755607605,19.3599014282,4.28448152542,37.3834838867,29.1376571655,5.99441432953,7.03329992294,22.6009540558,17.5685520172
2025-01-03,11.5203952789,9.01288700104,19.0640106201,4.16689682007,36.5626754761,28.5092315674,5.75237941742,6.9117565155,22.5025310516,17.1423625946
2025-01-06,12.1271333694,9.1526222229,19.5289878845,4.1375002861,37.4403686523,28.9252338409,5.76851511002,7.13863658905,23.2809486389,17.8242683411
2025-01-07,12.4189844131,9.25742340088,19.7657012939,4.26243400574,37.0827941895,29.61561203,5.80885410309,7.19535684586,23.8446311951,17.9568595886
2025-01-08,12.1501750946,9.08275413513,19.6642513275,4.08605718613,36.863368988,29.2084655762,5.80885410309,7.05760717392,23.5941085815,17.9095077515
2025-01-09,12.096414566,9.10022258759,19.8333301544,4.18894386292,37.1478042603,29.1819152832,5.72817564011,7.11432886124,23.6925258636,17.9663314819
2025-01-10,12.1271333694,9.00415611267,19.778175354,4.07870817184,36.4082603455,28.9783420563,5.69590330124,7.01709365845,23.5046329498,17.5211982727
2025-01-13,12.311460495,9.02162075043,19.8394126892,4.06401014328,36.1482048035,28.5003814697,5.72817564011,7.06571006775,23.316740036,17.4075469971
2025-01-14,12.3652248383,9.2137556076,19.6994495392,4.23303794861,36.7902259827,28.695104599,5.78465032578,7.04950475693,23.4151611328,17.6159076691
2025-01-15,12.9950046539,9.53689289093,20.075592041,4.54904556274,37.7085609436,28.8544216156,5.88953304291,7.34931230545,24.1935768127,18.6671791077
2025-01-16,12.687792778,9.42335796356,19.813167572,4.36532068253,37.0421562195,28.588891983,5.79271841049,7.29259157181,23.8804244995,18.0610408783
2025-01-17,12.6801137924,9.30109119415,20.075592041,4.38001823425,36.993396759,28.8898296356,5.84112501144,7.33310604095,23.898317337,18.1841640472
2025-01-20,12.6724319458,9.3709564209,20.3292713165,4.35797214508,37.3509750366,29.1288089752,5.94600772858,7.38982582092,24.1577911377,18.4209365845
2025-01-21,12.8874797821,9.38842391968,20.1805591583,4.54169654846,38.374961853,29.3235321045,6.24451828003,7.45464849472,24.417263031,18.6292953491
2025-01-22,12.9323768616,9.2836227417,20.1455745697,4.6813287735,38.3180732727,29.1199550629,6.32519674301,7.44654560089,24.7662086487,19.1691379547
2025-01-23,12.893705368,9.1526222229,20.215555191,4.68867778778,38.5862579346,28.4561290741,6.2283821106,7.4303393364,24.7751560211,18.970249176
2025-01-24,12.9865236282,9.10022258759,20.0668430328,4.6225361824,38.6837806702,28.1463394165,6.34939956665,7.41413450241,25.0614681244,19.1691379547
2025-01-27,13.3655223846,9.34475898743,20.6266880035,4.60783863068,40.0490913391,28.7924671173,6.64791059494,7.60050058365,25.5625190735,20.0783481598
2025-01-28,13.249502182,9.29235744476,20.635433197,4.57109260559,39.3258018494,28.6862545013,6.53496074677,7.60050058365,24.8467330933,19.4248542786
2025-01-29,12.8550329208,9.2399559021,20.47797966,4.54169654846,39.3176765442,28.6331481934,6.58336830139,7.59239816666,24.3277854919,19.6237411499
2025-01-30,13.2262945175,9.65042591095,20.9678440094,4.61518669128,40.1059761047,29.3766365051,6.87381076813,7.77066230774,25.2851524353,20.8454914093
2025-01-31,13.1566839218,9.6242275238,20.8191299438,4.68867778778,39.8540458679,29.659866333,7.00289583206,7.72204399109,25.0077857971,20.2961788177
2025-02-03,13.2881755829,9.61549282074,20.9765834808,4.57844209671,38.4399719238,29.6067695618,7.04323530197,7.6410150528,25.0077857971,20.4287700653
2025-02-04,13.3500509262,9.57810115814,20.810382843,4.4829044342,39.6346206665,29.5625133514,6.99482870102,7.65722036362,25.1688346863,20.2204113007
2025-02-05,13.0483989716,9.7180557251,20.7928924561,4.45350837708,39.0901222229,29.2615756989,7.17232084274,7.74635314941,25.1419963837,19.6521568298
2025-02-06,12.9942541122,9.82301902771,20.827878952,4.53434705734,39.2038993835,29.3677825928,7.29333925247,7.79497241974,25.3388366699,19.699508667
2025-02-07,12.878235817,9.51686954498,20.9066104889,4.46085691452,38.675655365,29.1907634735,7.22879600525,7.7139415741,25.1867294312,18.9323654175
2025-02-10,12.9014406204,9.59559345245,21.1078033447,4.49760293961,38.4074630737,29.1111049652,7.30140638351,7.75445652008,25.5535678864,19.2259635925
2025-02-11,13.1566839218,9.66557312012,21.3527317047,4.54904556274,38.5943870544,29.4120388031,7.32620382309,7.85979223251,25.8756771088,18.8092441559
2025-02-12,12.94784832,9.30693626404,21.0516891479,4.4167637825,38.3993377686,28.9429340363,7.21635198593,7.65722036362,25.72356987,17.7674427032
2025-02-13,13.0948076248,9.47313499451,21.1330375671,4.45350837708,38.5293693542,29.0137424469,7.29240322113,7.72204399109,25.6609401703,17.4833126068
2025-02-14,13.1721525192,9.7180557251,21.4945926666,4.70337533951,39.0007286072,29.677570343,7.4783039093,7.94892311096,26.3677787781,17.9852733612
2025-02-17,13.3113765717,9.74429416656,21.4855537415,4.61518669128,39.382686615,29.2881278992,7.59660482407,8.01374912262,26.9851436615,18.5345859528
2025-02-18,13.0840015411,9.7180557251,21.304775238,4.63723373413,39.1226272583,29.0845527649,7.52900409698,7.98324489594,26.8419895172,18.2409896851
2025-02-19,12.9204502106,9.53436374664,21.2415027618,4.47555541992,39.1145019531,29.0491485596,7.41915369034,7.9052324295,26.305147171,17.8716239929
2025-02-20,12.9126644135,9.54311180115,21.196308136,4.4829044342,39.1632614136,28.9075336456,7.4360537529,7.87922716141,26.9135627747,18.2125740051
2025-02-21,12.9905452728,9.51686954498,21.3861274719,4.49760293961,39.3258018494,29.1111049652,7.41915369034,7.87056016922,26.5556716919,18.1462783813
2025-02-24,12.492108345,9.35067272186,21.1691894531,4.49025344849,38.1392822266,29.0048942566,7.25015211105,7.78387975693,25.3030490875,17.3412513733
2025-02-25,12.4220161438,9.42940044403,21.566904068,4.32122659683,38.358707428,29.3943386078,7.29240322113,7.82721948624,25.6430454254,17.1518325806
2025-02-26,12.281826973,9.31568622589,21.1330375671,4.30652761459,37.6923065186,29.2261714935,7.19100236893,7.7925491333,25.3209400177,16.7161693573
2025-02-27,12.4998960495,9.25445556641,21.1872692108,4.23003578186,37.5216407776,29.1819152832,7.24170255661,7.81855249405,25.0525226593,16.7824668884
2025-02-28,12.2974052429,9.0620174408,20.9703350067,4.39831876755,36.9527626038,29.0225963593,7.26705217361,7.61918830872,24.3277854919,16.1573848724
2025-03-05,12.492108345,9.22821426392,21.1601543427,4.38302087784,37.5622749329,29.2881278992,7.30930280685,7.69505643845,24.1398944855,15.7690782547
2025-03-06,12.8036317825,9.30493927002,21.1601543427,4.07705068588,38.2124214172,29.1819152832,7.41070508957,7.72991609573,24.1846313477,15.9490251541
2025-03-07,13.0528507233,9.41007804871,21.286699295,4.3600730896,38.3424530029,29.4208946228,7.68955612183,7.8083486557,25.1777839661,16.8487644196
2025-03-10,12.9749679565,9.30493927002,21.530752182,4.20708847046,38.4237213135,29.6687240601,7.64730548859,7.8083486557,24.7214679718,16.7824668884
2025-03-11,12.8503580093,9.20855903625,21.1420726776,4.03115510941,37.8385887146,29.4740009308,7.60505533218,7.72991609573,23.9788398743,17.3128395081
2025-03-12,12.7880554199,9.252368927,20.9708518982,4.008207798,37.5866546631,29.4031925201,7.74025535583,7.70377111435,24.9719944,17.0760650635
2025-03-13,12.3441333771,9.35750865936,21.1766300201,4.15354347229,38.3505783081,29.6864261627,7.85010671616,7.82577705383,24.6051540375,16.8866462708
2025-03-14,12.4609556198,9.71673870087,21.3730583191,4.33712530136,43.4786148071,30.1555271149,8.00220870972,8.06978797913,25.3477840424,16.90558815
2025-03-17,12.4765310287,9.88321113586,21.6068992615,4.25298309326,46.3230133057,30.4918708801,8.11205863953,8.28765487671,25.8846244812,16.5456943512
2025-03-18,12.5777740479,9.83063983917,21.5040073395,4.16884183884,45.4696922302,30.4122104645,8.09515857697,8.34865665436,25.634098053,16.8866462708
2025-03-19,12.6233177185,9.9445400238,21.7191448212,4.21473693848,47.0357818604,30.4830169678,8.15430831909,8.40965938568,25.9025173187,18.165222168
2025-03-20,12.6076278687,9.79559230804,21.6349601746,4.22238588333,44.6628036499,30.6688899994,8.01065731049,8.33994102478,25.7593631744,17.94739151
2025-03-21,12.5448627472,9.95330524445,21.5881919861,4.28358078003,45.747592926,30.6157836914,8.17965984344,8.3312292099,25.6788349152,18.0705108643
2025-03-24,12.3958005905,10.0759706497,21.3824119568,4.18414068222,45.7645454407,30.4033584595,8.15430831909,8.34865665436,25.2672557831,17.8526821136
2025-03-25,12.5762443542,10.1548242569,21.3637065887,4.18414068222,45.9509925842,30.0227642059,8.12050914764,8.46194839478,25.3298892975,18.1462783813
2025-03-26,12.7488451004,10.3300580978,21.3262882233,4.15354347229,45.4255447388,30.0935726166,8.09515857697,8.40094566345,25.9562015533,18.6008834839
2025-03-27,12.7488451004,10.2424411774,21.1485691071,4.06940126419,46.9849319458,30.0139122009,8.15430831909,8.47066307068,25.7860984802,19.1123123169
2025-03-28,12.7331533432,10.1811084747,20.9895610809,3.99290823936,46.5527114868,30.0493202209,8.05290794373,8.3835144043,25.9481639862,19.0270748138
2025-03-31,12.3958005905,9.9445400238,20.896024704,3.78637933731,46.4933891296,29.7926330566,7.81630659103,8.23536396027,25.3899478912,18.8376560211
2025-04-01,12.4742527008,10.0222854614,20.7837810516,3.73283433914,48.1375236511,30.0670204163,7.9515080452,8.22665119171,25.1648578644,18.6671791077
2025-04-02,12.5448627472,9.99301338196,20.7744235992,3.74048352242,48.90026474,29.943107605,7.9430565834,8.23536396027,25.570016861,18.9418373108
2025-04-03,12.5291728973,10.1807155609,20.9895610809,3.77108097076,48.7477149963,30.4918708801,8.06135845184,8.3835144043,25.9931812286,19.5100917816
2025-04-04,11.9329185486,9.98407459259,20.6715373993,3.6257443428,47.5527534485,30.3591060638,7.88390827179,8.13950538635,25.7680950165,18.7808303833
2025-04-07,11.697555542,9.85893821716,20.6154136658,3.56455087662,46.9171333313,29.987361908,7.85855674744,8.1917924881,25.4439678192,18.2694015503
2025-04-08,11.5406455994,9.60866737366,20.7744235992,3.51100611687,45.1543502808,30.1112728119,7.80785655975,8.17436218262,25.9031448364,18.2883415222
2025-04-09,11.885846138,9.92150688171,20.9147319794,3.64104294777,47.3663063049,30.2705974579,7.9599571228,8.36608600616,26.1372394562,18.9418373108
2025-04-10,11.964299202,9.91256999969,20.7370090485,3.6257443428,46.2391433716,30.2440376282,7.84165716171,8.322514534,26.0021839142,18.8092441559
2025-04-11,12.0662908554,9.99301338196,20.7370090485,3.57984948158,46.3493118286,30.1024227142,8.06135845184,8.40965938568,26.1642475128,18.8471279144
2025-04-14,12.7723827362,10.1538991928,20.8586082458,3.57220005989,46.5188102722,30.4564647675,8.06135845184,8.52295207977,26.6954574585,19.1312541962
2025-04-15,12.9763631821,10.1717786789,20.9427890778,3.74813294411,45.476398468,30.4918708801,8.07825946808,8.63624286652,26.947555542,18.9891910553
2025-04-16,12.8273000717,10.1985960007,20.9053764343,3.79402828217,45.2560501099,30.4476127625,8.06135845184,8.61881351471,26.7314720154,18.3451690674
2025-04-17,13.062661171,10.20753479,20.9427890778,3.89346837997,44.9170532227,30.5361232758,8.19655990601,8.67110061646,26.8935337067,18.8660697937
2025-04-22,12.8793849945,10.1538991928,20.9615001678,3.82462525368,45.8492927551,30.819360733,8.39936065674,8.86282253265,26.7314720154,19.0081329346
2025-04-23,13.0611200333,10.4488668442,21.232755661,3.94701385498,45.8662414551,31.3150196075,8.52611160278,9.01097202301,26.9115428925,19.4195995331
2025-04-24,13.519405365,10.6455087662,21.4478874207,3.96231174469,46.0272674561,31.9611434937,8.76271343231,9.20269489288,27.8389034271,20.0757331848
2025-04-25,13.5115022659,10.6991405487,21.77526474,4.04645347595,46.0696411133,31.8372306824,8.49231147766,9.21141052246,28.2890834808,20.7024879456
2025-04-28,12.9742059708,10.6723232269,21.8875083923,4.09234952927,46.340839386,31.987695694,8.61906242371,9.26369762421,28.3611068726,20.9962806702
2025-04-29,13.2349510193,10.8153362274,21.9062137604,4.0617518425,46.5018615723,32.0053977966,8.65286254883,9.26369762421,28.325094223,21.0942115784
2025-04-30,13.2744598389,10.9315328598,22.4393692017,4.17649078369,46.2476158142,32.5815658569,8.82186412811,9.32470226288,28.8292922974,21.6524143219
2025-05-02,13.7880554199,10.7617101669,22.8135185242,4.21922779083,46.6798362732,32.1098937988,8.78806304932,9.17655277252,28.7752685547,21.6524143219
2025-05-05,13.6695327759,10.705537796,21.9716930389,4.23476791382,45.9679412842,32.091758728,8.66131305695,9.13297939301,28.7572650909,22.0343418121
2025-05-06,13.9381818771,10.6070747375,21.9436302185,4.13375473022,45.7221717834,31.9194164276,8.9908657074,9.10683441162,28.4061260223,21.5936546326
2025-05-07,15.3051366806,10.5175657272,21.1579246521,4.11044406891,45.8492927551,31.6382274628,8.77116394043,9.18526649475,28.3611068726,21.3977947235
2025-05-08,16.0399684906,11.9944992065,21.3917675018,4.14929533005,46.730682373,32.4001617432,9.20211791992,9.23755264282,30.3418884277,21.4467582703
2025-05-09,16.277015686,11.869184494,21.6536655426,4.25030851364,44.8746795654,32.2731666565,9.08381557465,9.62971401215,30.2788639069,20.6633167267
2025-05-12,16.3481292725,11.7528190613,21.3824119568,4.11821460724,47.0357818604,32.0373344421,8.85566329956,9.41184711456,29.8556957245,21.035451889
2025-05-13,16.6878948212,11.9855489731,21.6536655426,4.22699785233,47.2900276184,32.1539039612,9.13451576233,9.55999565125,31.2062225342,21.6817913055
2025-05-14,16.6325798035,11.913939476,21.560131073,4.30469989777,47.2985038757,32.1262588501,8.99931526184,9.58614063263,30.9181098938,22.5827522278
2025-05-15,16.893327713,11.9944992065,21.9062137604,4.41348314285,48.764667511,32.6237678528,9.28661727905,9.7081451416,31.7194232941,23.6403999329
2025-05-16,16.7273979187,12.0840110779,22.1026420593,4.42125368118,48.6460189819,32.6145553589,9.38525772095,9.77786254883,32.0525550842,23.4249534607
2025-05-19,16.7273979187,12.0661087036,22.0278110504,4.46787405014,49.8918304443,32.8264579773,9.54736709595,9.88244056702,32.7458267212,23.8068809509
2025-05-20,16.7511024475,12.271982193,22.0558738708,4.47564458847,52.28175354,33.0475730896,9.76919937134,9.89986896515,33.078956604,24.3650836945
2025-05-21,16.3681583405,11.9944992065,22.0745849609,4.27361965179,50.8494949341,32.6237678528,9.42791843414,9.75171852112,32.7098121643,23.5914344788
2025-05-22,16.3284282684,12.0124015808,21.8313846588,4.32024002075,51.2393379211,32.6145553589,9.42791843414,9.62971401215,32.682800293,23.6110210419
2025-05-23,16.1456794739,12.1108636856,21.9810428619,4.32024002075,51.6969833374,32.7343254089,9.5985584259,9.7081451416,33.2230186462,24.1006736755
2025-05-26,15.970872879,12.1824731827,21.9997520447,4.30469989777,51.9427604675,33.0199356079,9.6412191391,9.75171852112,33.3760757446,25.0505981445
2025-05-27,16.4317264557,12.3525457382,22.2897148132,4.5611166954,51.7986831665,33.6464309692,9.93130874634,9.8388671875,33.5381355286,25.6577682495
2025-05-28,16.3443202972,12.5673723221,22.1213493347,4.55334615707,51.9512329102,32.8080329895,9.89717960358,9.73429012299,33.7362174988,24.9526672363
2025-05-29,16.2648658752,12.4420557022,22.0278110504,4.50672531128,51.8664855957,32.6974754333,10.0336942673,9.66457271576,33.7092018127,25.1877002716
2025-05-30,16.1297874451,12.5136642456,21.8875083923,4.53780603409,50.9342422485,32.5961341858,9.89717960358,9.64714431763,34.0153236389,25.4521121979
2025-06-02,16.0106048584,12.5494699478,21.5881919861,4.6155090332,50.9511909485,32.1170463562,9.87158489227,9.60656070709,33.7092018127,25.5598373413
2025-06-03,16.3999404907,12.7083244324,21.7659111023,4.76314306259,51.2308654785,32.5224227905,10.1958017349,9.58909320831,32.682800293,26.3236923218
2025-06-04,16.0900611877,12.7083244324,21.8594436646,4.65435934067,52.1715812683,31.9696369171,10.0848855972,9.56289482117,32.9619140625,25.66755867
2025-06-05,15.843744278,12.3587999344,21.681728363,4.5611166954,50.3409996033,31.6932430267,10.1360778809,9.45809555054,32.6287841797,24.7078418732
2025-06-06,15.5815343857,12.3498353958,21.6443119049,4.68544101715,50.9935684204,31.6655979156,10.1702070236,9.44062805176,32.2686386108,24.1104679108
2025-06-09,15.4782381058,12.2691774368,21.5227165222,4.59219789505,50.7901687622,31.3707828522,10.0848855972,9.41442966461,32.2506332397,23.9929504395
2025-06-10,15.5576944351,12.2871017456,21.6162528992,4.59219789505,51.2478141785,31.4905548096,10.2725906372,9.34456348419,32.5567512512,24.4434280396
2025-06-11,15.5259141922,12.6186990738,21.6162528992,4.63881874084,50.612197876,31.3339290619,10.2811231613,9.43189525604,31.8004589081,24.0615005493
2025-06-12,15.6530485153,12.7979431152,21.6068992615,4.80976390839,50.7732200623,31.3062896729,10.1531410217,9.44936275482,31.7374343872,24.1398448944
2025-06-13,15.4941320419,12.6455879211,21.6256046295,4.81753444672,50.0952262878,31.2970790863,10.1019496918,9.35329723358,31.6023769379,23.8558483124
2025-06-16,15.2160291672,12.8786048889,21.9155712128,4.87192630768,49.9765777588,31.7485179901,10.2128677368,9.47555828094,31.9805297852,24.5707397461
2025-06-17,15.3511095047,12.9951124191,21.9529819489,4.85638523102,49.332485199,31.7761631012,10.2469940186,9.51922798157,32.1380233765,24.6001186371
2025-06-18,15.7563400269,12.950299263,21.8033237457,4.88746595383,49.3918075562,31.5458316803,10.4005708694,9.50176143646,31.9388027191,25.0897712708
2025-06-20,15.7467861176,12.8069067001,21.5414218903,4.85638523102,49.2392616272,31.822227478,10.2555274963,9.44062805176,31.5131893158,24.9428749084
2025-06-23,15.8746776581,12.7172842026,21.7472019196,4.91854715347,49.2562065125,31.5642566681,10.2299308777,9.36080646515,31.4226360321,24.5707397461
2025-06-24,15.8746776581,12.7800197601,21.6256046295,4.86415576935,49.3240089417,31.6011104584,10.366443634,9.5627746582,32.0384140015,24.7959785461
2025-06-25,15.8666849136,12.7172842026,21.4198226929,4.91854715347,48.6883926392,31.7485179901,10.1104822159,9.43105506897,31.3411369324,24.3454990387
2025-06-26,16.2263832092,12.8248310089,21.4665985107,4.91854715347,48.9765396118,31.7393074036,10.2384624481,9.43105506897,32.0384140015,25.383562088
2025-06-27,16.5541095734,12.7979431152,21.3169345856,5.01956033707,49.018913269,31.6932430267,10.3237838745,9.40471363068,31.6037445068,25.6381816864
2025-06-30,16.8578529358,13.0040740967,21.681728363,5.0506401062,49.2731590271,32.1815376282,10.6309366226,9.61546325684,32.0746307373,26.4705905914
2025-07-01,17.0416984558,13.1046628952,21.6068992615,4.97293806076,48.874835968,32.3105239868,10.6650657654,9.65936946869,32.0655784607,26.4999675751
2025-07-02,16.7859153748,12.9101409912,21.4291801453,5.01178979874,49.035861969,31.7853736877,10.3493795395,9.55399417877,31.5041351318,26.0396957397
2025-07-03,17.3454456329,13.1844339371,21.7284946442,5.02733039856,50.3071022034,32.3013114929,10.5370855331,9.75596046448,31.8663520813,26.5783119202
2025-07-04,17.4893245697,13.1752910614,21.8033237457,5.07395124435,50.6291465759,32.2736701965,10.7589178085,9.76474285126,31.6309108734,26.6664485931
2025-07-07,17.1376228333,13.0198583603,21.6256046295,5.08172178268,49.9003067017,31.9972724915,10.6480007172,9.61546325684,30.9970245361,26.333486557
2025-07-08,17.1615962982,12.9924278259,21.5881919861,5.31482791901,50.4257507324,31.8775005341,10.6565332413,9.58911895752,31.4769649506,25.9123840332
2025-07-09,17.0816669464,12.8552837372,21.3637065887,5.08949184418,50.5528755188,31.5366191864,10.6138725281,9.39593219757,30.8159141541,25.7067317963
2025-07-10,16.4182262421,12.6907043457,21.3449954987,5.07395124435,50.9172935486,31.4721279144,10.7333211899,9.26421356201,30.6166954041,25.6577682495
2025-07-11,16.1464481354,12.6449899673,21.3262882233,5.00401926041,49.6206321716,31.324716568,10.7930459976,9.20274448395,30.1548614502,24.9820480347
2025-07-14,15.7308006287,12.6358451843,21.2701683044,4.98070859909,49.6630058289,31.2141590118,10.7503862381,9.15005588531,30.2816410065,24.8939094543
2025-07-15,15.8906650543,12.6449899673,21.223400116,5.12057304382,49.4680786133,31.0483207703,11.0063476562,9.15883731842,30.4899158478,24.9918403625
2025-07-16,15.4910039902,12.5901317596,21.3262882233,5.08172178268,49.5189323425,31.1312389374,10.7077264786,9.21152496338,30.435585022,24.7959785461
2025-07-17,15.4270534515,12.5901317596,21.0737419128,5.08172178268,49.2053604126,30.9377651215,10.6821289062,9.36080646515,30.4084205627,24.717634201
2025-07-18,15.143995285,12.2975492477,20.9895610809,5.00401926041,47.6035995483,31.1496658325,10.2981872559,9.17640113831,29.7835884094,25.0505981445
2025-07-21,14.9590196609,12.3249788284,21.120508194,5.0506401062,47.1968040466,31.1312389374,10.204334259,9.27299404144,29.901309967,25.1681156158
2025-07-22,14.6373195648,12.2609758377,20.7557182312,5.08172178268,46.7137374878,30.7442855835,10.067820549,9.1324930191,29.6296424866,24.2769489288
2025-07-23,14.9590196609,12.4621257782,20.9895610809,5.16719388962,46.9425544739,31.0483207703,10.1702070236,9.25543212891,29.9737529755,24.8645305634
2025-07-24,14.9590196609,12.3341226578,20.9521427155,5.15942335129,46.8662834167,30.9285507202,10.11901474,9.1324930191,29.5209732056,24.5315666199
2025-07-25,14.991189003,12.2335472107,20.9240818024,5.21381568909,46.7561073303,30.8548488617,10.1275463104,9.16761875153,29.4485321045,24.7274284363
2025-07-28,14.5890655518,12.1329727173,20.7557182312,5.12057304382,46.2476158142,30.6797962189,9.99956607819,9.00077533722,29.3760871887,23.4347476959
2025-07-29,14.7177429199,12.1329727173,20.8118400574,5.07395124435,46.5018615723,30.7442855835,10.2555274963,9.02711868286,29.5481433868,24.0712947845
2025-07-30,14.8785963058,12.3066921234,21.0456790924,5.08949184418,46.6205101013,31.0022563934,10.528553009,9.1324930191,29.6568088531,24.776391983
2025-07-31,15.1359548569,12.2518348694,20.2693309784,5.16719388962,46.5866127014,30.7350730896,10.4688282013,9.08858680725,29.4304218292,24.8939094543
2025-08-01,14.9429359436,12.2335472107,20.2038536072,5.44692182541,46.7222099304,30.8087787628,10.5712127686,9.07980632782,29.3398685455,25.1877002716
2025-08-04,15.0314035416,12.3500452042,19.8016490936,5.38476085663,46.7645835876,30.7995643616,10.4517641068,9.15005588531,30.0643081665,26.0788669586
2025-08-05,14.9188089371,12.3775091171,19.8951816559,5.51685380936,46.6289863586,30.6982212067,10.3579120636,9.2466506958,30.2635288239,26.4510040283
2025-08-06,15.5219945908,12.3775091171,20.1477355957,5.54016494751,47.4341049194,30.7811374664,10.5626811981,9.40471363068,31.1328582764,26.7447929382
2025-08-07,15.5943746567,12.4415941238,20.2412643433,5.5945558548,47.1035842896,30.983833313,10.5370855331,9.54521274567,32.5092964172,27.0092067719
2025-08-08,15.7713136673,12.551451683,20.4096336365,5.4935426712,50.6884689331,30.9377651215,10.6138725281,9.58033752441,32.8443489075,27.8122348785
2025-08-11,15.4737377167,12.5239858627,20.3348026276,5.43915176392,53.3156929016,30.8087787628,10.6224050522,9.58033752441,33.1431808472,26.8035526276
2025-08-12,15.7552261353,12.7894821167,20.690246582,5.56347465515,53.7140159607,30.9285507202,10.7503862381,9.79108715057,33.5144577026,26.9994125366
2025-08-13,15.4093980789,12.6521577835,20.3815746307,5.48577213287,51.8248405457,30.5692367554,10.5797452927,9.67693138123,33.3514595032,26.5195541382
2025-08-14,15.6667585373,12.6338472366,20.5967063904,5.50131320953,52.0588531494,30.7074356079,10.5370855331,9.67693138123,33.5687866211,26.2453479767
2025-08-15,16.1895198822,12.6246938705,20.6995983124,5.51685380936,51.7258377075,31.1680927277,10.4630947113,9.68571186066,33.9853477478,26.6664485931
2025-08-18,16.2056064606,12.8169469833,20.7089500427,5.56347465515,52.4188728333,31.5550460815,10.7220830917,9.74718093872,34.6011199951,27.2344455719
2025-08-19,15.9532394409,12.3958177567,20.4657554626,5.44692182541,52.3198699951,31.2990283966,10.4976263046,9.448802948,33.7951774597,26.7056217194
2025-08-20,15.8561620712,12.4507493973,20.6060619354,5.50131320953,53.5709381104,31.4219207764,10.7479810715,9.47559452057,33.8132896423,27.1561012268
2025-08-21,15.7752628326,12.4141263962,20.5780010223,5.50131320953,54.1469688416,31.3935604095,10.5148935318,9.4666633606,33.7227363586,26.8623104095
2025-08-22,15.969417572,12.7803268433,20.9521427155,5.68002843857,55.2180252075,31.9134750366,10.7738790512,9.79710292816,34.2026786804,27.5086517334
2025-08-25,16.1797580719,12.8261013031,20.9989147186,5.67225790024,55.7850570679,32.0458221436,10.6789188385,9.76138210297,34.0034599304,27.2050685883
2025-08-26,16.3496437073,12.84441185,21.120508194,5.69556856155,55.713054657,32.3199577332,10.7911462784,9.71672725677,34.021572113,27.4205131531
2025-08-27,16.7379608154,12.8627204895,21.232755661,5.81083154678,56.2080802917,32.5562820435,11.1105642319,9.8596200943,34.6373443604,27.9101657867
2025-08-28,17.4822292328,13.1648359299,21.6630210876,5.85057783127,57.2971420288,32.8304214478,11.3695516586,9.9846534729,35.3527297974,28.3018875122
2025-08-29,17.4903182983,13.2197647095,21.7097873688,5.88237333298,58.2601966858,32.96276474,11.1450958252,10.0203742981,35.6425056458,28.3998184204
2025-09-01,17.7572841644,13.1282167435,21.5507793427,5.89827156067,58.7192153931,32.6886291504,11.3436527252,10.0951299667,35.4161186218,28.3410606384
2025-09-02,17.7977333069,12.8965473175,21.4291801453,5.90622186661,59.0432357788,32.4144897461,11.4127159119,9.93403625488,35.2712287903,28.0766487122
2025-09-03,17.6602039337,12.9148759842,21.4104728699,5.93801784515,59.8892822266,32.4050369263,11.4558811188,9.81769275665,35.3889503479,27.9297523499
2025-09-04,18.064699173,13.1898593903,21.4853038788,5.88237333298,61.410369873,32.726436615,11.9047927856,9.87139034271,35.3527297974,28.3508529663
2025-09-05,18.1132354736,13.4831676483,21.6723747253,5.98571300507,60.7623329163,32.8965911865,12.5695266724,9.97878456116,35.5881690979,28.6936092377
2025-09-08,17.8462715149,13.4190063477,21.681728363,5.96186542511,61.0143432617,33.0478439331,12.5608940125,9.93403625488,35.3255615234,27.8318214417
2025-09-09,17.6279354095,13.3273458481,21.6068992615,6.0572552681,61.653377533,33.0667457581,12.6040592194,9.89824008942,35.1082305908,26.7839660645
2025-09-10,17.6194458008,13.2173538208,21.7284946442,6.12879705429,62.2474136353,32.9911270142,12.7335519791,9.91613960266,35.4070625305,27.0777568817
2025-09-11,17.5854816437,13.354845047,21.7565574646,6.200340271,63.1114616394,32.9344062805,12.940741539,9.92508792877,35.669670105,28.4291973114
2025-09-12,17.2373371124,13.2081871033,21.7565574646,6.28778076172,65.0015640259,32.9344062805,12.9321098328,9.84454250336,35.5157279968,28.0668544769
2025-09-15,17.1439323425,13.3823442459,21.7565574646,6.36727237701,63.9485092163,33.0951080322,13.0184373856,9.97878456116,35.9685058594,28.0374755859
2025-09-16,17.1948795319,13.3823442459,21.9249229431,6.39906835556,63.7684936523,33.3597946167,13.2169961929,9.96983528137,36.493724823,28.1256122589
2025-09-17,17.2458305359,13.7856464386,22.2429466248,6.5421538353,65.2985839844,33.596118927,13.3551225662,10.1577768326,36.8921699524,28.8405056
2025-09-18,17.0135555267,13.6389913559,22.093290329,6.68523836136,65.0915679932,33.5110435486,13.3119573593,10.166727066,37.4264411926,29.0755386353
2025-09-19,17.0477199554,13.8681402206,22.4019622803,6.44676399231,66.3156356812,33.8513526917,13.1565656662,10.2204246521,38.223323822,28.4585762024
2025-09-22,16.7146224976,13.9048042297,22.009103775,6.35932302475,66.2436294556,33.7473716736,13.0270709991,10.1130304337,37.7705459595,28.2627162933
2025-09-23,16.8341960907,14.0239620209,22.3177776337,6.42291641235,66.1176223755,34.1254882812,13.0357046127,10.2472724915,38.0331611633,28.4487819672
2025-09-24,16.8768997192,13.9048042297,22.2897148132,6.45471286774,66.8826599121,34.0687713623,12.871679306,10.1935758591,37.63854599,28.0962352753
2025-09-25,16.5950508118,13.7581481934,22.2335910797,6.1844420433,64.5245361328,34.1727561951,12.6126909256,10.1040802002,37.1286849976,27.7926483154
2025-09-26,16.7146224976,13.8314752579,22.7854576111,6.11289978027,65.6765975952,34.3618125916,12.8112487793,10.1846256256,37.5292892456,27.9101657867
2025-09-29,16.7060832977,14.0056304932,23.3373203278,6.03340816498,65.127571106,34.7493934631,12.7249193192,10.2562227249,38.512588501,28.3606452942
2025-09-30,16.8085727692,14.2110481262,23.0754203796,5.96981430054,63.7144927979,34.6548614502,12.8803119659,10.2651729584,38.3122940063,27.9689235687
2025-10-01,17.0220947266,13.9311189651,23.309261322,5.77108573914,65.2625808716,34.9100914001,12.776717186,10.1130304337,37.9116821289,28.4389915466
2025-10-02,16.6035900116,13.7417144775,23.1689548492,5.86647558212,65.7666015625,34.5036125183,12.4141349792,9.98773574829,37.8206367493,27.7534770966
2025-10-03,16.671918869,13.7417144775,22.9444694519,6.03340816498,66.9006652832,34.6926727295,12.4918308258,10.0414323807,37.8752632141,28.4389915466
2025-10-06,16.6462955475,13.62961483,22.9351177216,5.99366188049,66.9726715088,34.3807220459,12.137881279,9.99668502808,37.9025802612,27.86120224
2025-10-07,16.2961177826,13.3867282867,22.4113101959,5.86647558212,68.7637710571,34.030960083,11.9393234253,9.79979515076,37.2106285095,26.6076927185
2025-10-08,16.4498558044,13.582906723,22.4580783844,5.80288219452,71.1759033203,34.2294692993,11.8270969391,9.87139034271,37.3198852539,26.8329315186
2025-10-09,16.4413127899,13.62961483,22.3738994598,5.73928880692,70.3838577271,33.9175224304,11.6630716324,9.82664203644,36.2273292542,26.5685195923
2025-10-10,16.492559433,13.4334373474,22.3458366394,5.73133993149,70.5278625488,33.8702583313,11.5853738785,9.79979515076,36.2273292542,26.5195541382
2025-10-13,16.7402458191,13.4988307953,22.4393692017,5.81083154678,67.0626754761,34.0498657227,11.602640152,9.84454250336,36.1909103394,26.4412097931
2025-10-14,16.6462955475,13.6389551163,22.4019622803,5.7154417038,66.7206573486,33.8891639709,11.5163116455,9.85349178314,36.6097221375,26.4510040283
2025-10-15,16.8171157837,13.8164491653,22.5048484802,5.73133993149,66.9186630249,34.3429145813,11.6630716324,9.85349178314,36.8919639587,27.224653244
2025-10-16,16.6975402832,13.9192085266,22.5890312195,5.80288219452,65.712600708,34.286190033,11.6803359985,9.82664203644,36.9647979736,27.2736186981
2025-10-17,17.4320640564,14.0593347549,22.6638584137,5.73133993149,65.8926086426,34.6643104553,11.7493991852,9.84454250336,37.1377944946,28.1941642761
2025-10-20,17.8505687714,14.3115606308,22.8602848053,5.83467912674,64.1375198364,34.4752540588,11.8443622589,10.0503807068,37.3927192688,28.4977493286
2025-10-21,17.9090175629,14.1714363098,22.6825695038,6.00161123276,64.1285171509,34.4941558838,11.7493991852,9.95193576813,37.8206367493,28.9286441803
2025-10-22,18.0722179413,14.2274866104,22.7854576111,5.82672977448,63.9485092163,34.5414237976,11.7752990723,10.0593309402,38.3396034241,29.2322273254
2025-10-23,18.2955436707,14.3489294052,22.9351177216,5.96186542511,64.7855529785,34.7872009277,11.9134244919,10.0593309402,38.2758712769,29.4868469238
2025-10-24,18.7851467133,14.4610300064,22.9444694519,5.96981430054,64.7225494385,34.9479026794,12.2846393585,10.0951299667,38.4761695862,30.0352554321
2025-10-27,19.0428276062,14.5170793533,23.2344322205,6.00956058502,65.2355804443,35.2787628174,12.5522603989,10.1309289932,38.7402038574,30.0646362305
2025-10-28,18.8366794586,14.5824718475,23.2718429565,6.049305439,65.0195617676,35.6001625061,12.543627739,10.166727066,38.7857284546,29.9177379608
2025-10-29,18.8624477386,14.9467992783,23.2718429565,6.00161123276,63.7684936523,35.590713501,12.5954256058,10.3725681305,38.9769248962,29.643535614
2025-10-30,17.9594173431,14.4143218994,23.7956523895,6.0572552681,63.903503418,36.0350036621,12.8285140991,10.3278198242,38.9678192139,30.2311172485
2025-10-31,18.7381420135,14.4516887665,23.6965618134,5.42132282257,63.903503418,36.0160980225,12.9062099457,10.4262638092,39.4594688416,30.5542869568
2025-11-03,18.9003791809,14.6478643417,24.1872882843,5.14310264587,62.0944023132,36.4981994629,12.9493751526,10.5426101685,39.2409591675,29.927532196
2025-11-04,18.6894721985,14.6920547485,24.5364608765,5.20669555664,62.3554153442,37.3206176758,13.1997299194,10.5068101883,39.113494873,30.3584270477
2025-11-05,19.3310203552,14.9632616043,24.6874523163,5.23054361343,60.6453208923,37.8310852051,13.3723869324,10.5605077744,39.8600730896,30.5444946289
2025-11-06,19.0156841278,14.9165029526,24.8384494781,5.07156038284,59.3672523499,38.0390510559,13.9594259262,10.5963077545,43.1923713684,31.1614551544
2025-11-07,19.1207942963,14.9539117813,25.0743732452,5.06361103058,59.3402519226,38.3320922852,13.9680595398,10.5694580078,43.0740127563,31.3573169708
2025-11-10,18.9201278687,15.187710762,25.2159328461,5.22259378433,58.5032081604,38.7102165222,13.9766931534,10.5873575211,42.5004196167,31.6804847717
2025-11-11,19.0539073944,15.4776239395,25.6594753265,5.16694927216,59.1782417297,40.1187171936,14.2874755859,10.8737440109,41.7265281677,31.2691802979
2025-11-12,19.2259082794,15.5150308609,25.9237155914,5.07156038284,58.6382141113,42.434715271,14.0716543198,10.6231546402,42.782661438,32.4737243652
2025-11-13,19.1972427368,15.571146965,25.8199062347,5.07950925827,59.4032554626,42.4914360046,14.1579828262,10.6858024597,42.1999664307,32.5520706177
2025-11-14,19.5794658661,15.5337381363,25.8765258789,5.13515377045,57.7021636963,42.5387001038,14.3717813492,10.703701973,41.9359283447,32.5324821472
2025-11-17,19.1590156555,15.4028072357,25.895406723,5.0318145752,56.8021125793,43.4446258545,14.3089056015,10.6679029465,41.1438293457,32.434551239
2025-11-18,19.4042167664,15.2625274658,25.8576545715,5.48491621017,55.7490539551,42.8750190735,14.2460279465,10.5963077545,41.0345726013,32.3268241882
2025-11-19,19.1926727295,15.1503038406,25.602853775,5.52466154099,54.8130073547,41.6971855164,14.1921348572,10.5157604218,40.7159118652,31.8077964783
2025-11-21,19.0195922852,15.0754880905,25.583978653,5.54056024551,53.6429405212,40.9634552002,14.6771821976,10.5426101685,40.6157608032,31.5237960815
2025-11-24,19.2695980072,15.0380773544,25.885969162,5.46106863022,54.3809776306,41.4558258057,14.7310752869,10.5694580078,41.4078636169,32.0330352783
2025-11-25,19.3176746368,15.169005394,26.0429668427,5.31759309769,53.0489044189,41.4075546265,14.6771821976,10.5694580078,41.4351768494,33.0906867981
2025-11-26,19.5484485626,15.5617923737,26.1952095032,5.35346078873,53.5079345703,41.9771614075,15.0235729218,10.828994751,42.7098236084,34.5890197754
2025-11-27,19.67345047,15.5150308609,26.2903594971,5.2817234993,54.0839653015,41.9868164062,14.8633480072,10.7663488388,41.9268226624,34.4715042114
2025-11-28,19.7363357544,15.6553144455,26.4996948242,5.4251999855,54.4439849854,42.0157814026,15.4382762909,11.0348358154,42.4548988342,34.393157959
2025-12-01,19.5234947205,15.5337381363,26.1095733643,5.41623258591,53.7059402466,41.031036377,15.4571266174,10.9752349854,41.608165741,34.0601959229
2025-12-02,19.7169857025,15.6903133392,26.4045410156,5.46106863022,54.0929641724,41.031036377,15.419426918,11.2442350388,42.3183250427,34.7261199951
2025-12-03,19.6976394653,15.2877578735,26.2427845001,5.35346078873,58.4132041931,40.5386657715,15.1743745804,11.2621688843,41.708316803,35.3528747559
2025-12-04,20.0846252441,15.4562673569,26.6424217224,5.47003602982,58.9532318115,40.8379478455,15.5231018066,11.5760030746,43.1741600037,35.2549476624
2025-12-05,19.0010604858,14.5856227875,25.3578739166,5.29069042206,58.3232002258,39.7856216431,14.655995369,11.0828351974,40.151424408,32.2191047668
2025-12-08,19.436422348,14.6605186462,25.5862388611,5.29069042206,56.7000007629,40.0849075317,14.7313957214,11.1366357803,40.4973983765,32.5226860046
2025-12-09,19.3590240479,14.5481767654,25.2912693024,5.29965782166,56.1599998474,39.9014778137,14.6182956696,11.0828351974,40.2242622375,32.0036582947
2025-12-10,19.4170722961,14.7354154587,25.4910888672,5.29965782166,57.9799995422,40.3841934204,14.5711698532,11.1245775223,40.169631958,32.6206207275
2025-12-11,19.7266616821,14.8290309906,25.7194519043,5.35346078873,57.6599998474,40.1042175293,14.750246048,11.210814476,40.3062019348,33.4921989441
2025-12-12,19.7847099304,15.0069055557,25.8526630402,5.29069042206,56.5400009155,40.3262672424,14.9858732224,11.2970504761,40.9708404541,34.6477775574
2025-12-15,20.0846252441,15.1754159927,27.0135135651,5.30862522125,56.9000015259,41.031036377,15.3440265656,11.4982709885,42.90102005,34.941570282
2025-12-16,19.7073135376,14.7541370392,26.5853328705,5.16514825821,57.2999992371,39.8821678162,14.8821973801,11.1149959564,42.0542907715,33.8055763245
2025-12-17,19.4460964203,14.632434845,25.8241176605,5.18308353424,57,39.1967048645,14.7219705582,11.0479221344,40.9344177246,32.0820007324
2025-12-18,19.4557723999,14.7166891098,25.9344539642,5.09341096878,55.9399986267,38.9456939697,14.5617446899,11.1149959564,41.4442825317,32.5716514587
2025-12-19,19.6879634857,14.8477544785,25.8768882751,5.2010178566,57.0900001526,39.4670295715,14.5523195267,11.2102403641,41.049156189,33.0123405457
2025-12-22,19.3299999237,14.6979675293,26.2127017975,5.47003602982,58.1399993896,38.9167289734,14.4203681946,11.2004671097,40.0486831665,32.0900001526
2025-12-23,19.7800006866,14.8383932114,26.6444625854,5.55970859528,58.8699989319,39.3608322144,14.9198970795,11.3275222778,41.2769851685,33.3300018311
2025-12-26,20.0200004578,14.8477544785,26.8267631531,5.59288835526,59.4799995422,39.9304389954,14.9293231964,11.3372955322,41.0590629578,33.0200004578
2025-12-29,19.8999996185,14.8383932114,26.2606754303,5.62247991562,59.2000007629,40.0559463501,14.8350715637,11.3275222778,40.3656654358,32.8899993896
2025-12-30,20.0499992371,14.9352703094,26.6679115295,5.66193580627,57.9300003052,40.6545143127,15.0612735748,11.4154834747,40.2269897461,33.2400016785
2026-01-02,19.9099998474,14.973567009,26.0481758118,5.47452020645,58.1899986267,40.5193557739,14.8350715637,11.3666162491,40.088306427,32.2599983215
2026-01-05,19.9099998474,15.4884901047,26.2902622223,5.59288835526,59.2099990845,40.7800254822,15.1932258606,11.6402750015,40.5637817383,31.2999992371
2026-01-06,19.8999996185,15.5364131927,26.1450099945,5.54356813431,60.9099998474,40.6255531311,15.2592010498,11.6891431808,42.0991592407,30.2999992371
2026-01-07,19.6900005341,15.3638954163,25.961025238,5.50411176682,60.0400009155,39.9207801819,15.5042533875,11.503446579,40.6034049988,29.9300003052
2026-01-08,19.6499996185,15.1817893982,25.951341629,5.47452020645,59.7599983215,39.1387825012,15.6739034653,11.7966518402,40.2864189148,30.3199996948
2026-01-09,19.7000007629,15.2201271057,25.8738765717,5.51397609711,58.6899986267,38.6850280762,15.7304544449,11.8357458115,40.8015136719,30.9500007629
2026-01-12,19.5,15.0763587952,25.6511611938,5.62247991562,58.9000015259,38.7139892578,15.7775793076,11.7282371521,40.7717971802,30.9200000763
2026-01-13,19.1900005341,14.9517621994,25.0895271301,5.46465587616,59.2999992371,38.2795410156,15.7870044708,11.6891431808,39.8406639099,29.5
2026-01-14,18.9400005341,15.200958252,25.380027771,5.44492816925,61.1500015259,38.4050483704,16.050907135,11.757557869,39.9595298767,29.2900009155
2026-01-15,18.7900009155,15.4405708313,25.4574947357,5.44492816925,60.8100013733,38.5015945435,15.8812561035,11.9041614532,39.9397201538,27.3700008392
2026-01-16,18.2000007629,15.5268306732,25.1185760498,5.4251999855,60.3899993896,38.134727478,15.3157510757,11.757557869,39.8703804016,26.9200000763
2026-01-19,17.8999996185,15.5651674271,25.1766777039,5.48438405991,60.5699996948,38.4726257324,15.1083993912,11.7086896896,40.0684967041,26.8400001526
2026-01-20,18.0599994659,15.7664422989,25.2250957489,5.47452020645,57.1699981689,38.6753730774,15.1178255081,11.8357458115,39.7614173889,27.0499992371
2026-01-21,17.9699993134,16.2840023041,25.7867279053,5.67180013657,58.2700004578,39.3029022217,15.4948282242,12.4319314957,40.6628341675,28.0799999237
2026-01-22,18.2000007629,16.8590717316,26.5807628632,5.81976032257,58.8800010681,40.7607154846,16.0320568085,12.89128685,42.9807662964,29.8600006104
2026-01-23,18.0100002289,17.1274356842,27.1036605835,5.95785617828,61.6399993896,41.54271698,16.2959594727,13.0574359894,43.535484314,28.3500003815
2026-01-26,17.6900005341,17.3095397949,27.1811294556,5.95785617828,60.6300010681,41.7840766907,16.3807830811,13.1844930649,43.6741638184,28.2199993134
2026-01-27,17.9099998474,17.7120838165,27.7524471283,6.0663599968,63.1599998474,42.6336593628,16.5692863464,13.5363397598,43.188785553,27.6900005341
2026-01-28,18.0499992371,17.9037761688,27.4619464874,6.13540792465,62.8600006104,41.7551116943,16.965139389,13.7220363617,43.7336006165,27.5
2026-01-29,17.9799995422,17.6545829773,27.2489109039,6.03676795959,62.1399993896,41.156539917,16.7012367249,13.5656614304,42.3269882202,27.3299999237
2026-01-30,18.0200004578,17.5587368011,27.2201404572,5.91839981079,62.8699989319,40.1911087036,16.8614635468,13.3506422043,41.990196228,28.1800003052
2026-02-02,18.0699996948,17.7504253387,27.943145752,6.01703977585,63.7299995422,40.8089866638,16.776638031,13.5461139679,43.4661445618,28.5699996948
2026-02-03,18.0799999237,17.8437213898,28.4316635132,6.05649614334,65.7300033569,40.915184021,17.2000007629,13.6927165985,42.2378387451,28.8199996948
2026-02-04,17.9400005341,17.3160839081,27.6695728302,5.77044010162,63.3699989319,40.0462913513,16.7999992371,13.2724552155,41.2670822144,28.6000003815
2026-02-05,17.6200008392,17.4312057495,28.4414329529,5.74084806442,63.7900009155,40.2586860657,17.2999992371,13.5265674591,41.2175521851,29.1100006104
2026-02-06,17.3999996185,17.0858402252,28.2655658722,5.87894392014,64.1600036621,40.075252533,17.3299999237,13.8588676453,41.1383094788,29.1499996185
2026-02-09,17.6599998474,17.3256759644,28.7833938599,5.97758388519,64.4499969482,40.9827651978,17.8299999237,14.2595825195,41.7623672485,28.9400005341
2026-02-10,17.8400001526,17.3928318024,28.7931632996,5.95785617828,65.4000015259,41.1082687378,17.7900009155,14.2889022827,40.9104804993,29.1000003815
2026-02-11,17.9799995422,17.8820934296,29.4086952209,6.03676795959,67.1600036621,42.8846740723,18.0699996948,14.6993904114,41.7524604797,29.75
2026-02-12,17.8299999237,17.5942935944,29.6138687134,5.86908006668,66.0599975586,42.353679657,18.0599994659,14.3377695084,42.0001029968,29.8999996185
2026-02-13,17.9200000763,17.4024238586,28.9201793671,5.86908006668,66.6399993896,42.0930137634,18.1700000763,14.2693548203,42.2576522827,29.7999992371
2026-02-18,18.1700000763,17.2968959808,28.7736244202,6.11567974091,68.5,42.170249939,18.1700000763,14.2595825195,42.4260482788,30.3999996185
2026-02-19,18.7999992371,17.6134777069,29.0276527405,6.26363992691,69.9100036621,43.0198364258,18.6800003052,14.4648265839,44.2189750671,31.3400001526
2026-02-20,19.1700000763,17.9780273438,29.0374221802,6.30309581757,69.3300018311,43.4542770386,18.9400005341,14.7287101746,44.6647338867,30.75
2026-02-23,18.9799995422,17.6326637268,28.7833938599,6.2143201828,69.3499984741,43.4735908508,18.7999992371,14.2595825195,43.1491661072,30.25
2026-02-24,19.1299991608,17.8245334625,29.2719097137,6.40173578262,71,43.4446258545,18.7700004578,14.5039196014,43.0600128174,31.8999996185
2026-02-25,19.2000007629,17.6518516541,27.9724559784,6.31296014786,71.6200027466,42.4984970093,18.7199993134,14.2889022827,43.109539032,32
2026-02-26,19.5300006866,17.5079517365,28.4121208191,6.45105600357,70.9700012207,43.1067276001,18.6000003815,14.3182210922,41.1581192017,32.3499984741
2026-02-27,19.0300006866,17.6230754852,28.0480194092,6.43132781982,70.5,42.6529693604,18.4099998474,13.9468278885,39.9199104309,31.1499996185
2026-03-02,18.8400001526,17.5463256836,28.1564273834,6.24391174316,68.8300018311,42.0833587646,18.4099998474,13.843290329,39.3255653381,30.8299999237
2026-03-03,17.9300003052,16.8138999939,27.50598526,6.16499996185,67.6900024414,40.7414016724,17.7600002289,13.3146209717,38.2854728699,30.8299999237
2026-03-04,18.1900005341,16.9963474274,28.0283126831,6.24391174316,69.7600021362,41.6971855164,18.2700004578,13.5789556503,38.9491500854,31.3500003815
2026-03-05,17.9899997711,16.45860672,27.4271411896,6.01703977585,69.3000030518,40.9538002014,17.7600002289,13.1286077499,37.7703781128,30.2999992371
2026-03-06,17.3500003815,16.1609306335,27.4862728119,5.91839981079,69.0299987793,41.1951599121,17.5,13.0404968262,38.0477333069,29.9899997711
2026-03-09,16.9799995422,16.1705341339,27.8213500977,5.82962369919,70.0500030518,41.3303222656,17.5,13.1579780579,38.1963195801,29
2026-03-10,17.1299991608,16.4970169067,28.0184555054,5.83948802948,69.1100006104,41.2820472717,17.5300006866,13.3244113922,38.3944320679,28.7600002289
2026-03-11,16.9099998474,16.449005127,27.9100456238,5.77044010162,67.5,41.3399734497,17.2900009155,13.3342018127,38.0675468445,28.4200000763
2026-03-12,16.4699993134,16.0168952942,27.3581542969,5.57316017151,67.6500015259,40.6545143127,15.7600002289,13.0502872467,36.90858078,26.3700008392
2026-03-13,16.4099998474,15.7672309875,27.418888092,5.44492816925,66.2200012207,40.7414016724,15.3100004196,12.8838539124,36.2548027039,25
2026-03-16,16.6399993896,15.7672309875,27.9438877106,5.50411176682,66.5100021362,41.156539917,15.3199996948,13.099237442,36.6906585693,25.2999992371
2026-03-17,16.5,15.6712064743,27.953792572,5.55343198776,66.8300018311,40.857257843,15.0200004578,13.1090288162,36.8194274902,25.0799999237
2026-03-18,16.3299999237,15.4407482147,27.7754917145,5.48438405991,63.1500015259,40.4034996033,14.8400001526,13.0894470215,36.6708450317,24.6900005341
2026-03-19,16.3199996948,15.4695549011,27.8052082062,5.46465587616,63.5999984741,40.6738243103,14.279999733,13.1383991241,36.8194274902,25.0400009155
2026-03-20,16.2299995422,15.1814804077,26.9830379486,5.37587976456,58.5999984741,39.4187583923,13.6899995804,12.9369382858,36.8788642883,25.5900001526
2026-03-23,16.8899993896,15.7864370346,28.1023788452,5.73098421097,60.4700012207,40.9924163818,14.3299999237,13.4010868073,38.5331115723,26.6399993896
2026-03-24,17.1399993896,15.6520004272,28.0429458618,5.69152784348,57.5499992371,40.5386657715,13.9300003052,13.3319587708,38.453868866,26.4200000763
2026-03-25,17.6000003815,16.0264987946,28.5085124969,5.77044010162,59.6399993896,41.1758537292,14.2299995422,13.5195932388,39.0482063293,27.5799999237
2026-03-26,17.2600002289,15.8152418137,28.3203029633,5.63234424591,58.2999992371,40.3648872375,13.7600002289,13.2628297806,38.0180206299,26.7900009155
2026-03-27,16.8500003815,15.5847835541,27.7061500549,5.55343198776,58.7799987793,39.6890830994,13.6199998856,13.0949459076,37.5098762512,25.75
2026-03-30,16.9699993134,15.5943861008,27.9934158325,5.58302402496,59.8600006104,40.1717987061,13.720000267,13.1937007904,37.6491317749,25.2000007629
2026-03-31,17.5200004578,16.0457019806,28.8155860901,5.73098421097,62.3899993896,41.5234031677,14.2600002289,13.8059835434,38.7631912231,25.9099998474
2026-04-01,17.5499992371,16.2953662872,28.5580387115,5.81976032257,61.8199996948,41.3110122681,14.3299999237,14.0034942627,39.2306938171,26.5400009155
2026-04-02,17.5799999237,16.1100902557,28.5580387115,5.80989599228,60.5099983215,41.3496322632,14.3199996948,13.7467308044,39.5688896179,26.2999992371
2026-04-06,17.0599994659,16.1581516266,28.8878421783,5.78030395508,62.1399993896,41.4558258057,14.3800001144,13.7072286606,39.5191574097,26.0300006866
2026-04-07,16.7900009155,16.2952232361,28.9475688934,5.76057624817,62.5499992371,41.3882446289,13.8500003815,13.7763566971,39.7081451416,25.7999992371
2026-04-08,17.1900005341,16.9497680664,29.9231052399,5.87894392014,63.7400016785,42.5853881836,14.5,14.2997589111,40.3944892883,27.4400005341
2026-04-09,17.3600006104,17.164691925,30.5104179382,6.05649614334,65.5599975586,43.3480834961,14.9399995804,14.5565233231,40.7724723816,27.9799995422
2026-04-10,17.3999996185,17.2623844147,30.6099643707,6.19459247589,66.0699996948,43.6570243835,15.1300001144,14.6256523132,41.1802940369,27.2600002289
2026-04-13,17.6599998474,17.4480018616,30.9185504913,6.25377607346,66.5,43.5990943909,15.2899999619,14.5268974304,41.4488601685,26.8500003815
2026-04-14,17.5900001526,17.6043109894,31.3864116669,6.47078418732,65.0500030518,43.8308029175,15.4099998474,14.6454029083,42.1849327087,27.1000003815
2026-04-15,17.5,17.5750026703,31.6253185272,6.3326883316,63.1599998474,43.9949226379,15.3199996948,14.8132867813,39.7877235413,27.5699996948
2026-04-16,17.1000003815,17.702003479,31.1972770691,6.41160011292,62.4700012207,42.7688179016,15,14.6256523132,39.0417060852,27.5
2026-04-17,17.2999992371,17.8778514862,30.8886890411,6.50037622452,61.5600013733,43.4542770386,15.3400001526,14.6256523132,39.8175621033,27.6700000763
2026-04-20,17.2199993134,17.6433868408,30.8299999237,6.63847208023,62.25,44.2749023438,15.0900001526,14.5565233231,39.2306938171,27.5100002289
2026-04-22,16.5300006866,17.1744613647,30.4699993134,6.50037622452,61.4799995422,43.6570243835,14.6899995804,14.2306318283,38.4349403381,27.1200008392
2026-04-23,16.1200008392,16.8129959106,30.0200004578,6.24391174316,60.8699989319,43.1163749695,14.4499998093,13.9837427139,37.6590805054,26.2999992371
2026-04-24,15.9399995804,16.7153053284,29.4899997711,6.16499996185,60.5400009155,42.5853881836,14.0100002289,14.0429973602,38.5045700073,26.1399993896
2026-04-27,15.779999733,16.5785312653,29.2099990845,6.17999982834,59.8800010681,42.1026725769,13.2899999619,13.924489975,38.2260551453,25.4599990845
2026-04-28,15.6099996567,16.480840683,29.1700000763,6.15999984741,60.4000015259,41.6489143372,13.3199996948,13.865237236,38.2260551453,24.8999996185
2026-04-29,15.3800001144,16.1389141083,28.7299995422,6.19999980927,61.8400001526,41.0986175537,13,13.4899673462,37.5397186279,24.9500007629
2026-04-30,15.779999733,16.3342990875,29.5100002289,6.44000005722,62.6399993896,41.9458808899,13.0500001907,13.7467308044,38.1663742065,25.8099994659
2026-05-04,15.6899995804,15.9923753738,29.3199996948,6.19999980927,61.8300018311,40.9396514893,12.5799999237,13.4307146072,37.6988716125,25.8600006104
2026-05-05,15.8699998856,16.1657180786,29.2700004578,5.92000007629,61.9700012207,40.8311386108,12.5799999237,13.4899673462,38.5244636536,26.6499996185
2026-05-06,15.9600000381,16.2732925415,30.5100002289,6.01000022888,62.8499984741,41.6499328613,12.6700000763,13.3912115097,40.1358642578,28.2700004578
2026-05-07,16.0599994659,15.7451934814,29.8199996948,6.01000022888,61.3699989319,40.2885627747,11.9600000381,13.1344490051,37.5397186279,27.7600002289
2026-05-08,16.1000003815,15.794090271,30.3700008392,6,62.3899993896,40.4069442749,12.0100002289,13.3319587708,38.1066932678,24.7700004578
2026-05-11,15.5100002289,15.4322452545,30.0799999237,5.92000007629,63.1699981689,40.841003418,11.7299995422,13.08507061,35.7791137695,24
2026-05-12,15.3000001907,15.2953310013,29.7399997711,5.88999986649,63.6699981689,39.7700004578,11.9200000763,12.867808342,35.7890586853,23.6800003052
2026-05-13,14.75,15.0606203079,28.8099994659,5.71000003815,61.7700004578,38.6599998474,11.6800003052,12.6900501251,34.5954246521,22.6000003815
2026-05-14,14.9399995804,15.1975345612,28.8899993896,5.90999984741,63.9300003052,38.6100006104,11.7899999619,13.0060663223,34.5655860901,23
2026-05-15,14.8599996567,15.0215005875,28.5400009155,5.94999980927,62.2400016785,38.2900009155,11.5,12.7986803055,34.6551094055,22.9400005341
2026-05-18,14.9899997711,15.0019426346,28.3400001526,5.78999996185,60.8699989319,38.5499992371,11.3699998856,12.6801738739,34.5854797363,22.7999992371
2026-05-19,14.6899995804,14.7965707779,27.9400005341,5.73000001907,59.5,38.0499992371,11.2899999619,12.5024137497,33.9190330505,22.2900009155
2026-05-20,15.220000267,15.1486368179,28.6399993896,5.90999984741,61.1100006104,38.5600013733,11.6999998093,12.8381824493,34.8043136597,22.6599998474
2026-05-21,15.1800003052,15.2268724442,28.4099998474,5.86999988556,60.2900009155,38.4199981689,11.75,12.8283061981,34.4064331055,22.3199996948
2026-05-22,15.1000003815,15.0801801682,28.2000007629,5.90999984741,60.1500015259,38.7299995422,11.5100002289,12.7098007202,33.8891944885,22.1900005341
2026-05-25,15.5500001907,15.2953310013,28.1000003815,6.07000017166,60.7999992371,39.5099983215,12.1099996567,12.9468126297,34.3268585205,22.7299995422
2026-05-26,15.3299999237,15.2366533279,27.7800006866,6.03999996185,60.3800010681,39,11.8900003433,12.8283061981,34.8142585754,22.2700004578
2026-05-27,15.3100004196,15.2953310013,27.3799991608,6.05000019073,60.9199981689,39.3699989319,11.6999998093,12.9073104858,34.2174453735,22.1800003052
2026-05-28,15.3400001526,15.2464323044,27.0900001526,6.07999992371,60.8699989319,39.2200012207,11.6999998093,12.808555603,34.287071228,22.1499996185
2026-05-29,14.8199996948,15.158416748,27.0300006866,5.96999979019,60.9099998474,39.1599998474,11.720000267,12.7591781616,33.8394584656,21.8400001526
2026-06-01,15.0399999619,14.9530448914,26.8600006104,5.92000007629,61.5299987793,38.9000015259,11.3800001144,12.6248598099,33.6902542114,21.5499992371
2026-06-02,14.8900003433,15.107003212,27.5,5.82999992371,61.3499984741,39.25,11.529999733,12.763376236,34.0682373047,21.3999996185
2026-06-03,14.4099998474,14.7937011719,27.1800003052,5.73000001907,58.3800010681,38.7900009155,10.9300003052,12.466553688,32.9342880249,20.5
2026-06-05,14.3999996185,14.8132829666,26.9500007629,5.65999984741,58.8400001526,38.5999984741,10.6400003433,12.4071893692,32.5861434937,20.4200000763
2026-06-08,14.3699998856,14.6566324234,26.7900009155,5.71999979019,59.9000015259,38.8199996948,10.6700000763,12.2884597778,32.5463600159,20.5
2026-06-09,14.8000001907,14.8230733871,27.3600006104,5.80999994278,60.3300018311,39.2400016785,11.1499996185,12.4467658997,33.163066864,21
2026-06-10,14.7100000381,14.7447481155,26.8700008392,5.69000005722,60.3199996948,38.9900016785,10.9300003052,12.4566602707,32.3275260925,20.7299995422
2026-06-11,14.9099998474,15.0972127914,27.4099998474,5.71000003815,62.2000007629,39.7000007629,11.2299995422,12.7930593491,33.8593559265,21.2099990845
2026-06-12,14.8699998856,15.175538063,27.3299999237,5.78999996185,61.4900016785,39.6899986267,11.1000003815,12.763376236,33.899143219,21.3299999237
2026-06-15,14.8000001907,15.0874214172,27.6200008392,5.73999977112,60.7000007629,39.5099983215,10.9300003052,12.6545410156,33.6206245422,21.5900001526
2026-06-16,14.7399997711,14.9797239304,27.7000007629,5.63999986649,60.2000007629,39.4000015259,10.9399995804,12.7237997055,33.899143219,21
2026-06-17,14.3900003433,14.9895153046,27.1100006104,5.63999986649,59.5999984741,38.8800010681,10.6499996185,12.8919992447,32.9442329407,20.7199993134
2026-06-18,14.4600000381,14.9503526688,27.8999996185,5.76999998093,60.0400009155,39.4500007629,10.7100000381,12.8919992447,33.0735473633,21.0599994659
2026-06-19,14.3800001144,14.8426542282,27.6499996185,5.73000001907,60.5699996948,39.2999992371,10.75,12.7899999619,33.4216880798,20.8500003815
2026-06-22,14.3999996185,15.107003212,27.9899997711,5.65000009537,60,39.9199981689,10.8999996185,12.9600000381,33.6504707336,20.9099998474
2026-06-23,14.5200004578,15.2146997452,27.8500003815,5.55000019073,60,39.7900009155,10.9499998093,13.029999733,34.1577606201,21.8799991608
2026-06-24,14.5500001907,15.058049202,27.8299999237,5.55999994278,59.7299995422,39.7200012207,11.2100000381,13.0500001907,33.9190330505,22.6499996185
2026-06-25,14.4200000763,15.0384674072,28.0499992371,5.46999979019,59.2700004578,39.8800010681,11.3000001907,13.3000001907,34.366645813,23.0799999237
2026-06-26,14.3999996185,15.3126068115,28.2000007629,5.5,59.7099990845,39.7200012207,11.9399995804,13.4600000381,34.7099990845,23.5400009155
2026-06-29,14.3000001907,15.4790477753,28.25,5.55999994278,60.2000007629,40.1199989319,11.5699996948,13.5200004578,34.6800003052,23
2026-06-30,14.1400003433,15.4398851395,28.1100006104,5.63999986649,59.5099983215,39.7799987793,11.4799995422,13.3800001144,34.7099990845,22.8799991608
2026-07-01,13.8500003815,15.4105129242,28.4200000763,5.53000020981,59.9099998474,39.8499984741,11.3400001526,13.3999996185,35.0200004578,22.5200004578
2026-07-02,13.9899997711,15.5352373123,28.8899993896,5.55000019073,60.2000007629,40.8899993896,11.4600000381,13.5,35.5299987793,22.75
2026-07-03,14.1099996567,15.5646409988,27.6499996185,5.55999994278,60,41.0699996948,11.6000003815,13.6000003815,35.75,22.7700004578
2026-07-06,13.8500003815,15.5500001907,27.5799999237,5.38000011444,59.5299987793,40.2700004578,11.2100000381,13.4600000381,35,22.5300006866
2026-07-07,13.8199996948,15.5600004196,28.2600002289,5.21999979019,59.7099990845,40.4000015259,10.8800001144,13.4899997711,34.8300018311,22.6700000763
2026-07-08,13.8000001907,15.5,28.7900009155,5.13999986649,60.7000007629,39.7900009155,10.3999996185,13.3299999237,34.0800018311,22.1700000763
2026-07-09,14.2299995422,15.6999998093,29.3299999237,5.23999977112,61.0400009155,40.3100013733,10.720000267,13.5900001526,35.1500015259,22.5799999237
2026-07-10,14.6199998856,16.4599990845,30,5.40999984741,62.8499984741,41.7700004578,11.3400001526,14.1700000763,36.0200004578,23.5300006866
2026-07-13,14.3599996567,16.3299999237,29.2000007629,5.21999979019,61.9099998474,41.3499984741,11.1099996567,13.8199996948,35.5600013733,23.1100006104
2026-07-14,14.3400001526,16.2700004578,29.25,5.19999980927,62.2200012207,41.2599983215,11.2899999619,13.8999996185,36.0499992371,23.4300003052
2026-07-15,14.3000001907,16.3199996948,27.7800006866,5,61.9900016785,40.9199981689,11.0699996948,13.9300003052,36.0099983215,23.5200004578
2026-07-16,14.4200000763,15.9899997711,28,4.90000009537,61.6699981689,41.0299987793,10.9399995804,13.7899999619,35.8699989319,23.3500003815
2026-07-17,14.3500003815,15.9399995804,28.0100002289,4.84000015259,61.6899986267,40.8899993896,11.0600004196,13.6099996567,35.7799987793,22.4400005341
2026-07-20,14.220000267,16.0499992371,28.1100006104,4.76999998093,61,41.1500015259,10.720000267,13.6300001144,35.4500007629,21.9599990845
2026-07-21,14.25,16.1499996185,28.4300003052,4.67999982834,61.1599998474,41.1300010681,10.1499996185,13.6199998856,33.9199981689,21.4099998474
