TICKER,DY,P/L,P/VP,P/ATIVOS,MARGEM BRUTA,MARGEM EBIT,MARG. LIQUIDA,P/EBIT,EV/EBIT,DIVIDA LIQUIDA / EBIT,DIV. LIQ. / PATRI.,PSR,P/CAP. GIRO,P. AT CIR. LIQ.,LIQ. CORRENTE,ROE,ROA,ROIC,PATRIMONIO / ATIVOS,PASSIVOS / ATIVOS,GIRO ATIVOS,CAGR RECEITAS 5 ANOS,CAGR LUCROS 5 ANOS,VPA,LPA,PEG RATIO,SETOR,IN_IBOV
ALLD3,0.4369733801795335,0.7219132226517495,0.8680193280836734,0.8099050414786716,-1.8928333655124094,-0.34636662803546875,-0.3052841967447677,-0.4678404388027199,-0.35424488825783285,0.10170521206234018,-0.7043450281268488,1.1749229216352934,-0.5514271339069338,0.4522183030163871,-0.3947370457717427,0.42170983602550616,0.610776530093426,0.6894172245585113,0.2956753840041715,-0.2336664472180586,2.3940712528337507,-0.5712194856596168,0.1089132382592465,0.6425726138928235,1.2621481539849873,-0.08286623091601618,Consumo Cíclico,False
ALPA4,-0.34577951405215107,-1.7190150745949873,-0.3314827156268833,-1.7275070079107517,0.2720712841237662,-0.383547358916303,-0.15973380876542,2.118090124386128,1.1070313063831936,0.20464245192804834,-0.7043450281268488,-1.2206445626740825,0.7528738855096895,-0.8802665333431692,0.04104589970735276,-0.17964145272498985,0.1225366808790014,-0.053990272005084626,1.5624247340390423,-1.5118072047381526,0.14032267905772183,-1.0850587128602158,-0.46741998840064597,-0.5849464008850822,-0.43504587240538817,-0.12281350272738188,Consumo Cíclico,False
AMAR3,,-2.7092896502635346,-0.19462677775386683,0.6986150393124688,0.5452230256069629,0.20624109760516604,-0.7287738894293591,-0.39521651125077634,-0.01594033125049637,-0.4375630146968176,2.473017740276831,0.8858027080117481,-1.4044926996364928,0.7607937388049161,-1.2145998754019056,-0.33947559345933004,-0.6351767943113373,1.0309398992618728,-1.340542526457537,1.4172653645787288,0.10902061553305474,-2.0648228984870816,,-1.1778423472416122,-0.7134499398258913,-0.14877922940476962,Consumo Cíclico,False
AMER3,,1.145055819995166,0.9989180074845703,1.0992590471107988,-0.8775673640967216,-1.2022524722334966,-1.2652973940553587,-1.0773626878993892,-1.0433222291892381,0.6532644525368064,-0.285973418052343,1.2575286969563064,-0.6304756805382442,0.9150814566991803,-0.5276877749009584,-1.454861371855451,-1.4740221138815208,-1.2659986478128276,-0.5488241826857427,0.6184273911286701,0.6098536319277279,0.08553643978166327,,1.2648565588844007,-2.54759735168966,-0.08486359450658447,Consumo Cíclico,False
ANIM3,-1.094412410330147,-0.0820577123007418,0.755314438070601,0.9434530440781149,1.128747185434803,0.7880101807993962,-0.5034804697379219,-0.48080899729413845,-0.010953040483803404,-0.5481821381345935,1.2405175916789621,0.8858027080117481,-0.3768615934294564,0.8800160662686658,-0.3134893779705555,-0.27781118731182225,-0.5192741594829872,0.24702622500090127,-0.8655115201944603,0.6184273911286701,-0.8613433537316242,0.9207317110032157,,-0.6350274718005002,-0.5207086623809276,-0.09085568527828933,Consumo Cíclico,False
AZZA3,-0.6669089065574576,0.18270865575128167,0.7472640887839529,0.5428090362797849,0.673094060630965,-0.603715608445949,-0.3246393015292554,0.27266425105727615,0.42709733185739157,-0.4667541722706751,-0.285973418052343,0.7894293034705662,-0.2484077051535768,0.5994929428245487,-0.328261681207135,-0.1633620495020478,-0.042624573751397554,-0.8212249319200778,0.7707063902672482,-0.7129692312880939,0.3281350602057244,1.8781909784075477,0.3017181687129622,3.051791791334529,1.2246706833706886,-0.054903140648060185,Consumo Cíclico,True
BHIA3,,1.1329660314996397,0.7392137394973048,1.1123912673664107,-0.7983233423917062,-1.1563233340865837,-1.2753620485432926,-1.1940797143221555,-1.988413829477547,2.2618508725277984,1.8284993139458352,1.265651598196206,-0.9137329726337735,0.9233568888407818,-1.170282965692167,-2.636662182248684,-1.4856123773643561,-1.580517204051272,-1.5516674181300156,1.6302888241654112,0.5785515684030609,-1.139581846293077,,-0.72773073072904,-2.0358692600732815,-0.06488995860090162,Consumo Cíclico,False
CEAB3,-0.3798995120058399,0.05455689769870417,0.3044948780183112,0.2311970302144172,0.7079134035013505,-0.11234673366786484,-0.3045099925533882,-0.1423296206681157,-0.11319250120100835,0.04178652020021154,-0.5799642791857795,0.6792882697092156,0.19294668020457348,0.3961136783275637,-0.6237077459387251,0.1291738932617292,0.11384398326687506,0.6441456141908564,0.031769269413573394,0.0326128772652939,0.7350618860263963,-0.6232642948455296,4.551076388971825,-0.03405462081548384,0.19136327929074398,-0.0529057770574919,Consumo Cíclico,False
CGRA4,1.213705098301744,0.17545478265396602,0.6587102466308246,0.09764902761497389,0.6022547078946635,-0.37334088377254454,0.25214282104847874,0.669502140894682,0.15861484558375596,0.5518635893855118,-0.8513404586935671,0.1010478424621248,-0.1594780901933525,0.34702213172484325,0.34387811605723284,-0.0829516638856976,0.38042004337208024,-0.16915489487017163,1.7735496257115209,-1.7248306643248346,-0.3292082738122839,-0.5373490542846577,-0.7551963083491069,3.434027573436202,1.8745835630663588,0.009012494250124932,Consumo Cíclico,False
COGN3,-1.0382147666417183,0.3640554831841744,0.8036165337904891,0.6095830375795067,1.5165626249911666,0.6108549336613036,0.6647936550537569,-0.10083023349557658,0.1793952237783098,-0.4483176516977124,-0.1502853282984492,0.018442067141111906,0.40374280455473466,0.7607937388049161,-0.3947370457717427,-0.09380459936765899,0.0645853634648263,-0.23189975836218452,0.7707063902672482,-0.9259926908747763,-1.174363988978295,-1.4097191892104335,0.4440451551612516,-0.5316686658686801,-0.3493830824298488,-0.08885832168772105,Consumo Cíclico,True
CSED3,-0.6849724348858811,-0.04095243141595279,0.1917899880052387,0.2534550306476578,0.4473686654712245,0.5765903385358288,-0.10166849441195686,-0.20457870142692453,-0.10072427428427601,-0.05500521280784241,-0.30858809967799194,0.2937946515444884,1.3062137119288628,0.5924798647384457,-0.6680246556484637,0.1439733507371311,0.0196730924688407,0.9396024397481829,-0.232136845177025,0.298892201748647,-0.2666041467629501,-0.2845599810959385,-0.22075457130196507,-0.7724840281428178,-0.3600909311767912,-0.056900504238628476,Consumo Cíclico,False
CURY3,1.2257474505206927,-0.49552847884773726,-4.1220701807379685,-2.814810329074551,-0.23461018799011962,0.647306630603298,0.5324047383278611,0.5372228442822133,0.2841283298788612,0.11245984906323507,-0.9757212076346364,-1.564835293178303,1.3128010908148053,-2.3530129314247845,-0.2544001650242374,2.4946205130801284,1.49598290359495,1.691087344687899,-0.7599490743582211,0.6184273911286701,0.7037598225017292,1.303219753115559,0.4151634449313428,-0.77674624694413,0.7856488847460489,-0.01695323242726278,Consumo Cíclico,False
CVCB3,,2.3586166993875888,-0.4119862084933637,0.6095830375795067,2.5880138384627,-0.12692741244466252,-1.1994900377881006,0.06127674764715459,0.07466211767775845,-0.06422347309432375,-0.285973418052343,0.41770331452600795,-1.4571917307240332,0.5433883181357252,-1.133352207600718,-1.3379456577997764,-1.04663114795198,0.816495429099297,-1.340542526457537,1.4172653645787288,-0.7674371631576231,-1.6013762643077631,,-1.1539526108602574,-0.804466654174902,-0.010961141655557918,Consumo Cíclico,True
CYRE3,1.0150062866890854,0.18029069805217648,0.2964445287316632,0.18668102934793618,-0.6512416354392158,0.7785327395944776,0.8095698388417252,0.06387045934543835,0.14115932790033073,-0.1825244801041675,-0.24074405480104508,-0.5460307308858099,-0.37027421454351384,0.19273441383057882,0.8609087293375155,0.2525027055567448,0.3123272454104246,0.13900975114123354,0.13733171524981244,-0.2869223121147292,-0.9865516078302926,-0.0012049088615245886,0.26008687468786834,1.6388662586995442,1.808248440079051,-0.04291895910465048,Consumo Cíclico,True
DIRR3,1.7917380048112956,-0.3891383400871068,-1.6034379029172723,-0.28073697975011536,-0.2772338663314537,0.659700207563576,0.6423417335037512,0.5333322767347879,0.33317002241800825,0.017204492769594664,-0.5008128934960082,-1.564835293178303,-0.07384216467609946,0.11559055488344655,1.1711270973056855,0.9234114444416298,0.14137085903860827,0.5694871690231449,-1.0238551889488192,0.9912184454053644,-1.0491557348796265,0.2400186511747695,0.6633900355559647,-0.7554351529375691,0.05216124558049237,-0.024942686789535914,Consumo Cíclico,True
EVEN3,0.5895098416195541,-0.05666915646013671,0.6023578016242883,0.5650670367130256,-1.0372560745022827,-0.34272145834126927,0.031494626505318736,0.6370807446661357,0.5418050194913289,-0.2470523021095368,-0.43296884861906126,0.07351258402178727,-0.5777766494507038,0.2558521166055051,2.0648514431187457,-0.16286873425286774,-0.22806878947675766,-0.42013434883822326,0.031769269413573394,-0.2336664472180586,-1.0491557348796265,-1.053666605732205,-0.4138196973433376,-0.20134670876698665,-0.25301244370736686,-0.056900504238628476,Consumo Cíclico,False
EZTC3,0.7862015945290545,0.09566217858349318,0.6023578016242883,-0.013640974551228728,-0.1523644987962781,1.0052622945736824,1.730872826583341,0.4581146374845606,0.29576534166781127,-0.002768404517781545,-0.5686569383729551,-1.9503289113430307,-0.21217712128089286,0.31195674129432854,2.448931327269813,-0.08541824013159793,0.37897126043672585,-0.18424543165938995,1.7735496257115209,-1.7780865292215053,-1.3308743066016304,-0.08381571709313215,-0.26654899472956833,0.6905225754075854,0.3091496155071107,-0.05889786782919676,Consumo Cíclico,False
GRND3,0.9106392341248609,0.18029069805217648,0.27229348087171906,-1.104282995780016,0.2192419363204225,0.22009274244312374,1.2392531650573528,0.6720958525929658,0.22261841042298183,0.38747128094326144,-0.8852624811320405,-1.0554330120320567,-0.0639610963471857,-0.9083188456875809,2.627602334916241,0.27568852226820784,1.5785635309101491,0.04767229162754383,2.476067702751692,-2.43366622609952,-0.1726979561889488,-0.8512701255647666,-0.42682947672617944,-0.7778118016444581,-0.3011977630686078,0.040970311699217506,Consumo Cíclico,False
GUAR3,-1.1847300519722643,-0.4701399230071322,0.46550186375127184,0.3870030332471011,1.009280819379515,-0.38500542679398275,-0.48180275237929576,0.09369814387570083,0.10957315304460889,-0.09034187723935419,-0.43296884861906126,0.6655206404890468,-0.1331285746495824,0.269878272777711,-0.631093897557015,-0.2166400964134945,-0.2744298434080977,0.06752826108704157,0.08455049233169278,-0.020642987631376713,0.29683299668105734,-0.900010502421415,-0.7843382141666726,-0.07241459002729352,-0.25836636808083807,-0.06488995860090162,Consumo Cíclico,False
JHSF3,-0.4401112731005848,0.4897892835376468,0.5540557059044001,0.49829303541330383,1.1047338455241924,3.8085435962008,3.2800941237432975,-0.28887433162114473,-0.05168258174512896,-0.2455159253951232,0.030632124706742543,-2.3358225295077575,-0.24182032626763425,0.6485844894272691,0.3364919644389429,0.4064170633009243,0.4514104072044447,0.3351867294010714,0.031769269413573394,-0.12715471742471796,-1.5340246988767194,0.4267190777782027,0.1997214983514823,-0.27273887368896554,0.2877339180132258,-0.07887150373487962,Consumo Cíclico,False
LAVV3,1.2177192157080603,0.11379686132678239,-0.37978481134677156,-0.45880098321603996,-0.47174191960740053,1.0213010412281602,1.0278954208107467,0.12482268425510525,0.06551875127215473,0.02795912977048955,-0.5460422567473061,-0.9865948659312125,-0.2978130467981459,-1.413260467886992,0.8682948809558054,0.7645639342056495,0.803464660495558,0.656853434644935,-0.07379317642266596,-0.2336664472180586,-0.6735309725836218,2.553782168125636,0.8634804424640716,-0.4155232035329234,0.4483516492173624,-0.04891104987635534,Consumo Cíclico,False
LEVE3,0.34866279724057436,0.0473030246013884,-2.915644836640902,-1.3046049996791806,-1.0024367316318972,0.16395712915245245,0.023752584591523674,0.0003245227374876999,0.058869030249897494,-0.10724202109790329,0.5733844837223177,0.2111888762234755,1.7245122711862142,-1.223907359562213,-0.7640446266862304,2.599691728002989,1.4003632298615611,1.1461045221269597,-0.91829274311258,0.9912184454053644,2.206258871685749,-0.2192974425929686,-0.17522034346201878,-0.5668319709795056,1.5726757676463172,-3.6166018953494263,Consumo Cíclico,False
LREN3,0.04559693306369133,-0.23559802619392428,0.11933684442540651,-0.43654298278279935,1.083722173102408,-0.24575994447556423,-0.12179780338782406,0.4269900971051562,0.18355129941722054,0.16930578749653657,-0.7382670505653223,0.12858310090246247,0.2555267796210276,-0.2631156617661116,-0.4316678038631915,0.06849611761258158,0.3543419505357015,0.44161472570397936,0.8234876131853679,-0.7662250961847644,0.5785515684030609,-0.5497406755193989,-0.5080105000751124,-0.18323227886140991,0.009329850592722611,0.07292812914831007,Consumo Cíclico,True
MDNE3,-0.45416068402269205,0.25524738672443886,0.2803438301583671,0.3870030332471011,-0.48735059054929736,0.2959122720824722,0.5432435970071743,0.08980757632827537,0.08629912946670858,-0.05039608266460176,-0.44427618943188574,-0.07793133740006998,-0.35709945677162874,0.466244459188593,0.41773963224013044,0.3551122773861979,0.18773191296994834,0.2772072985793379,-0.337699291013264,0.4054039315419882,-0.9239474807809585,1.3023936450332427,,1.0165823137079666,1.4977208264177204,-0.06089523141976505,Consumo Cíclico,False
MELK3,1.3622274423354483,0.12467767097275605,0.6184585001975844,0.5650670367130256,-1.1158997627095328,-0.32012140623723273,-0.05366783454642722,0.2687736835098506,0.2525421550231393,-0.14565143895824215,-0.44427618943188574,0.4039356853058391,-0.5250776183631636,0.19273441383057882,0.188768932073148,-0.07801851139389698,-0.1107173717130532,-0.30417548719475634,0.08455049233169278,-0.2869223121147292,-0.6735309725836218,-0.19534030820580234,-0.08727423483400805,-0.6893707615172304,-0.4243380236584458,-0.0529057770574919,Consumo Cíclico,False
MGLU3,-0.7632477243090496,-1.3248879696408333,0.7231130409240089,0.8321630419119121,-0.7629036660235554,-0.6795351380852972,-0.7380643397259132,-0.16178245840524347,0.06967482691106548,-0.3177256309725603,-0.1615926691112737,1.1198524047546181,-0.17265284796523758,0.7327414264605043,-0.8009753847776793,-0.44553837203304353,-0.6018547867981866,-0.13103143350793597,-0.4960429597676231,0.5651715262319995,1.1419887118470682,-0.1102511757272466,-1.0708135561768493,0.3527417354035957,-0.46181549427274426,5.164607394224993,Consumo Cíclico,True
MOVI3,-1.072334764595407,-0.6224712580507621,0.15958859085864652,0.987969044944596,-0.6770559758431222,0.5561773882483121,-0.6614181247793418,-0.5093398259752591,0.05803781512211536,-0.7110380698624303,4.334319111475857,1.0097113709932675,-1.1179417180979923,0.8870291443547688,-1.2189577048566966,-0.11600378558076177,-0.6090987014749586,0.443997442039119,-1.582808339651706,1.6617097844544468,-0.5796247820096206,1.1066060295243327,-0.527785364737032,-0.4027365471289869,-0.3011977630686078,-0.10283986682169903,Consumo Cíclico,False
MRVE3,,1.3916875053039002,0.5379550073311041,0.8989370432116338,-0.8823700320788437,-1.1432007231874657,-1.8204017992744668,-3.469218773264159,-4.74063361477448,5.288528363689646,1.1274441835507172,0.7618940450302285,-0.5514271339069338,0.753780660718813,-0.3504201360620041,-1.858393245684742,-1.4247634940794722,-0.9165335853256672,-1.1294176347850586,1.044474310302035,-0.9552495443056255,-0.5712194856596168,,-0.2599522172850291,-1.9983917894589833,-0.08885832168772105,Consumo Cíclico,True
MYPK3,-0.405991275146896,0.05334791884915147,0.9324221223768577,1.0102270453778366,-1.8705189694004745,-0.5643477757485951,-0.7132898056017689,-0.46265301540615256,0.010658552838532573,-0.5666186587075562,0.4716184164068972,1.2299934385159688,-0.5711892705647613,0.86598991009646,-0.446440107099771,-0.3720343999052142,-0.5439034693840117,0.010343069043688136,-0.5488241826857427,0.45865979643865884,1.3298010929950708,-0.5200007845560201,-0.8897174271676912,1.6537840245041364,-0.02814762002157581,0.1488279455899049,Consumo Cíclico,False
PLPL3,-0.004579534515262821,-0.13887971822971473,-1.1606686921516307,-0.45880098321603996,-0.6572449704168685,0.14573128068145524,0.037688260036354816,0.15983779218193525,0.08796155972227285,0.02795912977048955,-0.5121202343088327,-0.03662844973956345,-0.3505120778856862,-2.734734771651367,1.001245610085021,0.9683031321170154,0.4514104072044447,0.7601044758343233,-0.7071678514401014,0.6716832560253407,0.2655309331563902,1.1594769467925616,0.025390454621402023,-0.7394518324326486,0.10034656494173336,-0.3604997700050079,Consumo Cíclico,False
RENT3,-0.34577951405215107,-2.3597738648578743,-0.33953306491353136,-0.05815697541770987,-1.0270504050402731,0.3134090866146294,-0.47406071046550063,0.1883686208630559,0.4595147218408956,-0.6250009738552713,0.8786826856685787,-0.2982134049227711,1.856259848905065,0.45923138110249007,-0.660638504030174,-0.26005183834134005,-0.4366935321677878,0.09691509588709833,-0.4960429597676231,0.5651715262319995,-0.5483227184849536,1.1908690539205726,-0.21008655220803485,1.2179721520699667,0.1485318843029742,0.919810291549263,Consumo Cíclico,True
SBFG3,-0.5484924430711258,-0.1473425701765831,0.38499837088479144,0.4760350349800634,0.3086916274874475,-0.4914443818646063,-0.465544464360326,0.07943272953514056,0.3664186275292943,-0.5819824258516917,0.2567789409632321,0.7894293034705662,-0.040905270246386724,0.4942967715330047,-0.6680246556484637,-0.05285943368571381,-0.2092346113171507,0.004783397595028743,-0.337699291013264,0.4054039315419882,0.48464537782905953,0.6415071791803822,-0.5928342616512411,0.04159976290780713,0.0039759262192515105,-0.13879241145192817,Consumo Cíclico,False
SEER3,-1.0743418232985653,-0.33836122840589683,0.5057536101845119,0.45377703454682283,0.9000201227862363,0.13187963584349743,-0.42064062126031454,-0.21235983652177556,-0.04087678508396096,-0.1748425965320997,-0.17290000992409818,0.6104501236083715,1.184347202538926,0.6555975675133721,-0.7935892331593895,-0.2013473236889126,-0.2715322775373889,0.5107134994230315,0.031769269413573394,0.0326128772652939,-0.047489702090280396,-0.4943914340042218,-0.7447884848428333,-0.15659341135320884,-0.27442814120125175,-0.07687414014431133,Consumo Cíclico,False
SMFT3,-0.516379503820595,-1.8979439443287744,-0.7420505292459331,-0.36976898148307763,-0.054510138660539297,0.6801131578510928,-0.1450239291292094,0.4736769076742627,0.44954014030750966,-0.2685615761113265,0.0532468063323914,-1.4546942594169523,2.5342658207406994,0.34702213172484325,-0.6532523524118842,-0.1007110128561799,-0.29905915330912203,0.31612499871995353,-0.4960429597676231,0.5651715262319995,-0.9552495443056255,0.6439855034273305,,-0.23544445917748405,-0.19947319997265472,-0.22268168225579615,Consumo Cíclico,True
SOMA3,,0.6251949146875401,0.5862571030509922,0.16442302891469562,0.8069684306326196,-3.2405220101389958,1.4583529512177538,-0.9074745716618069,-0.6468326132371509,0.12167810934971642,-0.38773948536776337,0.169885988562969,-0.09031061189095589,0.4171529125858725,0.011501293234193717,0.7310184972614053,1.6365148483243244,-3.8481642249793215,1.1401749506940855,-1.0857602855647879,-0.3292082738122839,1.8616688167612259,1.4702565528798142,-0.46773538384899743,0.34662708612140913,-0.08486359450658447,Consumo Cíclico,False
TEND3,-1.0622994710796163,0.14885724796380834,-0.6856980842393967,0.20893902978117676,-0.8355440192531527,-0.19181143300141254,0.038462464227734305,0.19744661180704887,0.1569524153281916,-0.05500521280784241,-0.3198954404908165,0.3213299099848261,-0.2088834318379216,0.17169517957227004,-0.33564783282542476,1.0891653681661304,0.2427856645134146,0.5964912874880619,-1.0238551889488192,1.0977301751987056,-0.14139589266428168,-0.34651808726964417,-0.37661172830841005,-0.18962560706337825,1.1175921959012642,-0.0808688673254479,Consumo Cíclico,False
TRIS3,1.157507454613315,0.06060179194646724,0.40109906945808754,0.20893902978117676,-0.7791126704632176,0.15520872188637397,0.4038868425588626,0.2973045121909712,0.3389885283124832,-0.2731707062545672,-0.2746660772395186,-0.28444577570260227,-0.4822596556045371,-1.3431296870259626,0.4546703903315791,0.05468329063553978,0.13847329316789944,-0.14135653762687478,0.2956753840041715,-0.2869223121147292,-0.8613433537316242,-0.3448658711050121,-0.4057536341259757,-0.5593730880772092,-0.25836636808083807,-0.054903140648060185,Consumo Cíclico,False
VIVA3,-1.024165355719611,-0.3468240803527652,-1.0077120557053179,-2.6178270252403735,1.7152730127514701,0.9943267854910842,1.183510463278028,0.6630178616489728,0.43042219236852025,-0.00891391137543577,-0.4781982118703592,-2.4576660481062507,0.3477500840242231,-2.416130634199711,2.087009897973615,0.6372885999171936,1.5408951745909354,1.008701213467235,1.192956173612205,-1.1390161504614584,-0.1726979561889488,1.0595178688323168,-0.022225337919798974,0.06823863041600821,0.9516205403236566,-0.04092159551408219,Consumo Cíclico,True
VTRU3,-1.309247973916197,1.8281288699923954,-0.43613725635330763,-2.48427902264093,-1.2797908075994509,-1.5565629665096818,-1.9021655039260568,-2.50131041025714,-1.3251041575073883,-0.5128454737030818,-1.1158191603055319,-0.06416370817990114,0.5618398978173558,-1.5675481857812563,1.5773654363116223,-2.0670655960879087,-3.1020050105098793,-3.019677870475669,2.195799409056478,-2.1508775834981995,2.7449673849452667,,,-0.5306031111683521,-1.8056505120140194,,Consumo Cíclico,False
VULC3,2.8051019440358482,0.40636974291851613,-0.5729931942263244,-1.705249007477511,-0.1373561613521464,0.5138934197955984,1.8206805127833638,0.33361647596694305,0.2359178524674963,-0.03964144566370686,-0.39904682618058784,-0.8626862029496932,0.32469425792342427,-1.6867705132450062,0.22569969016459665,1.7087693211362889,2.613530596439249,0.2374953596603424,1.034612504857846,-0.9792485557714469,0.48464537782905953,0.19293049048275315,0.7292195192331442,-0.28872219419388623,1.5566139945259034,-0.07887150373487962,Consumo Cíclico,False
YDUQ3,-0.49028774067953895,-0.7058907986698929,0.3527969737381993,0.4760350349800634,1.0386971607700128,0.16104099339709296,-0.46709287274308503,-0.1682667376509527,0.26168552142874296,-0.6818469122885729,0.9352193897327011,0.5140767190671897,2.310788992035101,0.6766368017716808,-0.8600645977239973,-0.2235465099020154,-0.3801909976889671,0.1008862897789978,-0.3904805139313837,0.4054039315419882,-0.3292082738122839,-0.5555234320956113,-1.0864330973038892,-0.03725128491646809,-0.25301244370736686,0.06094394760490035,Consumo Cíclico,True
ZAMP3,,1.9441908395494467,0.4413508158913277,0.5205510358465444,1.2944392308180173,-0.9682325778658927,-1.0872304300380715,3.3239585671521774,2.9843472967817313,-2.0589474527188663,-0.014597238544555425,0.9821761125529298,-2.8874434344398776,0.7046891141160926,-1.0890352978909796,-1.2175767369998411,-1.3450804326349814,-0.7378298601901874,-0.337699291013264,0.4054039315419882,1.580217601192407,-0.453086029888418,,-0.876908388774966,-0.9650843853790385,-0.10283986682169903,Consumo Cíclico,False
ABEV3,0.6100376305849007,-1.0884675861216113,-1.1674443266699182,-3.499430427087339,1.4823544130517707,2.640648894037582,1.677664419884733,0.8105112515860687,-0.0975829183688861,0.5196324500703521,-0.7997729744283202,-3.559346513982976,3.9961780157265236,-2.6461065873200487,-0.812632580833374,0.6318611433308885,1.4929339189637512,1.583692650967162,2.071362711070008,-1.9721226442642354,-0.7703138299880768,-0.5484310408299006,-0.6848104558977712,-0.5692485785859106,0.017449355400335445,1.0165828729964816,Consumo não Cíclico,True
ASAI3,-0.9295090727715701,-0.7765466663988586,-0.4720393667695375,0.4807290952104675,-0.5927004721134637,-0.4093683613333628,0.018015798406415835,-0.6372851695289096,-0.3558414111795087,0.15283468522809454,0.3662706962165069,0.7308783075238503,0.2589844930646976,0.6669268643551554,-0.861003034603727,0.578450490145073,0.11167905179681115,1.3508184248697643,-1.0755003345188356,1.1432809389652436,1.5993475714327465,0.29686012590941774,-1.0625352907421879,-0.7255653107990396,-0.09368609579130852,0.033203329206571645,Consumo não Cíclico,True
BEEF3,-0.5567498377963715,1.6660634995445205,-3.0882440265652447,0.8109505771898762,-0.5221888983457129,-0.1504430791982321,-0.2967795796145988,-0.8325890855737453,-0.39968158742822546,0.11276434116969665,3.5868592939334625,0.7937295354978736,-0.4461872621061963,0.7029283145227749,-0.4901628890310187,-2.4013685544634504,-0.4912965156790404,0.6499869933436292,-1.6207218307447244,1.6053261722546888,0.3250956857630583,-0.25191091811008043,,-0.962487105796852,-0.5839895569309143,-0.34840664301040836,Consumo não Cíclico,True
BRFS3,1.67980557205482,-0.4006583156854403,-0.7114410742762256,-0.21273601694629043,-0.06356740173866236,0.40877424612320384,0.4682070379418454,-0.29762618510310807,-0.36062397586118683,0.32236306393670094,-0.4013442593804012,0.10236602778361718,-0.08658792221796464,-0.28711156508676716,-0.5224098582112542,0.882271959354241,0.6170449973836215,0.7371432020342727,-0.5290645365196153,0.49251300475475623,0.0568321308852295,-0.40560022115359284,1.6793423050480856,-0.27700425314397353,0.3737365371617823,3.407956441200806,Consumo não Cíclico,True
CAML3,0.06621765079231651,-0.30901062593552553,0.99857112220012,0.7118841325960535,-0.6798030044148028,-0.5181476218753407,0.10489480954483206,-0.4759471519266538,-0.09678582425527295,-0.10402649463343037,-0.26557562777822696,0.7099278981991759,-0.4500127869986243,0.6489261392713455,-0.02258183591760424,0.2185091317189247,0.12269949297783199,-0.42095984495099315,0.017371261479605066,0.07838795571171837,0.19096390832414417,0.006186878848861599,-0.9752707362636228,-0.17700038098277904,-0.09695478553223923,-0.5392116291188983,Consumo não Cíclico,False
CRFB3,-0.9984439997875315,-0.5799690130222299,0.6565686829048509,0.612817688002231,-0.5103382136788641,-0.6606331321627202,0.05412136147692648,-0.3231006089350432,-0.10953933007308148,-0.014638804041619708,-0.22380066420832723,0.7099278981991759,0.20160161967827778,0.6669268643551554,-0.9416204575543158,0.28546596506056304,0.0896381694347696,0.12108013786479105,-0.5290645365196153,0.49251300475475623,0.5933592406408876,-0.31455601445933823,-0.42976187879858374,-0.14981486233701752,-0.034849680454555845,-0.34840664301040836,Consumo não Cíclico,True
GMAT3,0.06366450534728096,-0.011487691095222678,0.4285670567080047,-0.21273601694629043,-0.2519932879415591,-0.21172716964441693,0.46256554371207803,-0.2636602866605281,-0.39729030508738633,0.3860646365423591,-0.6415502999073247,0.4166221676537338,-0.3224952905843578,-0.3411137403381968,0.4449992171958106,0.6717256163608812,1.0421191572229949,0.9675698907643308,0.7459523254785656,-0.8681835849580812,1.2416628315956413,1.1805736184096138,0.7755007359560891,-0.6964379693928666,-0.04138705993641727,-0.15760165690191835,Consumo não Cíclico,False
JALL3,,2.146244264738566,1.0648055946103039,0.8109505771898762,-0.8791552218805341,-0.8169075628004913,-0.4829488891969193,1.5901135355893885,3.4447033225274244,-3.7678738152838256,0.14695213747453315,0.24901889305633826,-0.45128796196276694,0.9729391907799227,0.8642098165388721,-0.20180948683031943,-0.38896384756956165,-1.0322472264524944,-0.16477400452013488,0.25587011958730604,-1.3962621247030114,0.2926837861528005,,-0.495459313690272,-0.40421162117972553,-0.24566549664429832,Consumo não Cíclico,False
JBSS3,-0.21973463905167148,0.0084357197199761,0.06376445479305086,0.3486405024187041,-0.7710532763495389,-0.4629919404737744,0.15792485530464456,-0.6139336143496357,-0.2785232821590445,0.06344699463628388,0.2931645099691823,0.7518287168485247,-0.31866976569192973,0.5229210636846764,-0.08707577427807495,0.9185718518346586,0.5650914889588092,0.669089724015551,-0.6504947138527754,0.6699951686303439,2.1745493436832906,-0.2051359128359679,-0.37537962021049254,3.5439980654282297,3.404171482876042,-0.21631088339683835,Consumo não Cíclico,True
MBRF3,2.2795394370936837,-0.5905948321236693,-1.0420434322616525,0.5467733916063493,-0.8457125897506866,-0.7157888135642864,0.08120053377980946,-0.0789707138789986,0.3105292678009867,-0.4369185837339665,1.311429246985489,0.668027079549827,0.253883793208127,0.7209290396065848,-0.9093734883740803,0.863694340854827,0.11797644675739447,-0.5797512936613441,-1.318360689185156,1.2616023815489688,0.43687216696215386,0.6050739999477661,1.8540737665953109,-0.31584070835220446,0.3312435705296831,-0.33372933638667834,Consumo não Cíclico,False
MDIA3,-0.5771750013566564,-0.8960871312900518,0.4627673006375317,-0.8401568327071668,0.34824389043433546,-0.06924165935703727,0.6329386694510502,1.0949756510426774,-0.0027287188489351056,0.5350441208620436,-0.7564314497245492,-0.6727991172293372,-0.25363584252065385,-0.8991362179363023,1.0899386008005207,0.2734679197796914,0.6091732536828924,-0.09143774086034018,2.0209691874767466,-1.8739158469197439,-0.45733968263060953,-0.6804033771390037,-0.7830357756731607,1.242472056878058,0.33778095001154457,-1.3119718228582826,Consumo não Cíclico,False
NATU3,,1.7670087810081947,0.6565686829048509,0.018419020439295584,2.345084256798367,-0.47524875856301135,-0.8191819452910496,0.9145318155664705,0.29139900907427396,0.06858421823351436,-0.5527785023212878,-0.002386018839754985,-0.2510854925923685,0.14490583692466938,-0.038705320507722005,-0.45492953888483656,-0.9604524402424967,-0.578557372994349,0.8673825028117258,-0.7498621423743561,-0.4796949788704286,,,-0.21486592481080416,-0.6460946620085977,-0.3777612562578683,Consumo não Cíclico,False
NTCO3,,1.0112473974183183,0.45136721932768936,-0.21273601694629043,2.34655966703939,-0.25922233974021003,-3.346954981834418,1.1883818717597727,0.3352391853229908,0.14461512747252575,-0.5736659841062377,-0.46329502398259254,-0.29189109144493375,-0.3951159155896262,0.04191210244286682,-1.8672155785590463,-3.0656873190528975,-0.18814531488694483,0.7459523254785656,-0.6315406997906317,-0.815024422467715,-0.5843475627368084,,-0.07408377468096743,-1.8692383630648677,-0.33372933638667834,Consumo não Cíclico,True
PCAR3,,0.910302115954644,0.8047697399328009,0.893175726202749,0.03953355486292278,-1.2937743915848665,-0.91395904835114,-2.7848640133071445,-2.24286607386473,1.6163680413958963,-0.19769131197713985,0.8111183752373534,-0.6291493659613859,1.0476421998777337,-1.436772669316832,-1.9953237394612562,-1.383952251341724,-2.9646078259840953,-0.9540701571856757,1.0249594963815185,0.16860861208432504,-2.7445843598855872,,-0.6042013882733183,-1.218115366671471,-0.21631088339683835,Consumo não Cíclico,True
SLCE3,0.9955625927852773,-0.7274022530547013,0.040964292173366224,0.08446331683517735,0.22499676989910727,1.7754094630731236,0.6622744394458401,-0.35282077007230084,-0.2235237883197452,0.11892900948637325,-0.12458512572981531,-0.5680470706059648,-0.25746136741308184,0.198908012176099,-0.16769319722866377,0.44066648627441835,0.29587785439387293,0.5234314026421465,-0.2862041818532951,0.37419156217103117,-1.1727091623048205,0.2484145847326582,-0.27336018937081746,0.017181895058375165,0.16780908348314788,-0.09889243040699834,Consumo não Cíclico,True
SMTO3,-0.5337715287910509,-0.6357545633047866,0.7249691707639047,0.4477069470125267,-0.20281294657413648,1.7784736675954333,0.6746857267513281,-0.39315527447286475,-0.04896017743849101,-0.12560283374179845,-0.10369764394486541,-0.484245433307267,-0.36840158929349376,0.7209290396065848,1.2511734467016984,0.24753666062425922,0.15576081652089432,-0.011445056171667165,0.017371261479605066,0.07838795571171837,-1.451926812340161,-0.3011917272381632,-1.1404410379288488,0.8201256064885476,0.17761515270594,-0.6125981622375483,Consumo não Cíclico,True
SOJA3,-0.8809993093158937,-0.9253081338190099,0.5653680324261123,0.2165519096269407,-0.8000874537833186,-0.07690217066281048,0.37004503834389463,0.33923441069526944,-0.038597953961521665,0.2155088131143066,-0.5632222432137627,-0.10713806546312726,-0.4640397116041936,-0.3231130152543869,2.9106024807166135,0.23902191881202775,0.18095039636322757,-0.29082249224852513,0.19951652747934537,-1.045665748833669,-0.9268009036668106,1.47375266932414,0.3366485561870739,-0.13816392577454834,-0.0708052676047936,-0.6419527754850083,Consumo não Cíclico,False
TTEN3,-0.9984439997875315,-0.5680149665331106,-0.43783912284001053,-1.0052675736968713,-0.6673597855146114,-0.4829092698687844,0.4952862102447283,1.1162043375692898,0.2706745621203351,0.1929050292864924,-0.5005597978589131,-0.0861876561384528,-0.11974247128567399,-2.1231855236353727,-0.31280455853972366,0.6694034140484544,0.8894073294288495,-0.44483825829089557,0.44237688214566545,-0.33573709333131885,0.682780425600164,1.9326154710631835,1.0790296210989239,-0.22360412723265607,0.2495263270064155,1.3248063120948113,Consumo não Cíclico,False
AESB3,,3.080399100282286,-0.6255691964344497,0.6334321261593069,-0.5398389651781138,-0.4008630342254388,-2.0226831149220934,0.9940023924682749,2.2207980373553773,-2.205332922012219,2.085842951985501,-0.18035009774130253,-0.7903133457810724,0.5999525524421782,-0.5388163487782154,-2.7559717075085746,-2.321698562236734,-1.850231566935667,-1.3583761821384563,0.9827771341954737,-1.0633562330976245,,,-0.9058347104233191,-1.1813007770541204,-0.10057914529646955,Utilidade Pública,False
ALUP11,-0.7939712549721617,-0.15323022433204841,0.48633592700860095,0.7943226944217837,1.8383268191078928,2.0768120036370723,0.544504929955035,-1.0595750267232968,-0.7339227515651463,0.14131337780410763,0.23017405154686257,-0.7461756324865675,-0.22375224785264924,0.6954272756669966,0.4052716103390124,-0.19733053764757394,-0.5794613400845016,-0.04217018186485626,-0.712739686179362,0.018686691300556033,-1.3281791207986033,-1.2388509874192846,-0.6629421128368927,0.17024296342342857,-0.056963949716215684,0.1291009633550988,Utilidade Pública,False
AURE3,-1.256890675240739,2.506332310454266,0.7157766667666906,1.1161038309467375,-1.1610466653188942,-1.1333365538144098,-1.9278260655594917,1.858920881963077,3.609368080591531,-3.4964686010243917,1.1413297200378725,0.7312577082371793,-0.1836771089236321,0.9341140837290424,-0.3322971077213217,-2.6737799158531788,-2.362627309677771,-2.2104530274997747,-1.0464019579928474,0.9024362639542305,-0.7054874659341396,,,-0.5922017735290629,-1.3342436543022915,-0.03136048241517498,Utilidade Pública,True
CEBR6,3.5613402042155493,-0.30925018834993107,-0.9256070868873363,-2.9198360739174922,0.5649362976212743,1.004926819082616,1.4286541426556567,1.0879569149149477,-0.838032041107648,1.7212178102179645,-2.0489505849938703,-2.227171578429079,-0.22186635896187196,-4.108860797005863,3.1018228435675947,0.4639472655858995,2.0788608062108236,0.9283778191514147,2.493754745948233,-3.3363480499737572,-0.2879739042434071,-3.9670514526663903,-0.16487885941333422,-0.48914229915559987,-0.2939565162629309,0.2297826548188,Utilidade Pública,False
CLSC4,-0.3530956166211356,0.13425100566386497,0.3274923379453079,0.6736547682249262,-1.171400126987907,-1.0446007750095785,-0.8149155695727611,-0.9477244047629716,-0.6992196550509792,0.1253062406975843,0.24561736796196446,1.3494744961995981,-0.1742476644697457,0.4806091484111552,-0.3736009559327005,0.2983707083221527,-0.1674084097659576,0.7832491461022525,-0.712739686179362,0.8220953937129872,2.563047274159021,-0.24837932022303907,0.8918814348070857,3.332996586221931,3.433495639114019,0.5223888206351815,Utilidade Pública,False
CMIG3,0.8683098508513502,-0.2919146367923884,0.08040231051351907,-0.33191128341555426,-1.127550171683852,-0.9429579738331354,-0.5881263663149808,0.5465999046269739,-0.2703885338401984,0.3654132972954349,-0.6500949841139435,0.8046054627411952,-0.5480072690106673,-0.16384523335636872,-0.5742196472451113,-0.08831740056709458,0.11466809286821329,0.33274555684547913,0.5384938331212088,-0.3830176599056591,1.6803043151557602,0.16306515296466614,-0.700838229945207,-0.6727933056220553,-0.6439339110470337,-0.12260326530415419,Utilidade Pública,False
CMIG4,1.5296233083778892,0.027348437725686098,0.6275302283981944,0.1909830634374956,-1.127550171683852,-0.9429579738331354,-0.5881263663149808,-0.14239992664862966,-0.2703885338401984,0.3654132972954349,-0.6500949841139435,1.0246487262532424,-0.48388704672423993,0.2419223403491094,-0.5742196472451113,-0.08831740056709458,0.11466809286821329,0.33274555684547913,0.5384938331212088,-0.3830176599056591,1.6803043151557602,0.16306515296466614,-0.700838229945207,-0.6727933056220553,-0.6439339110470337,-0.10372544815471021,Utilidade Pública,True
COCE5,,-0.1994583618188285,1.6158903381253504,1.4378849674716914,-1.171400126987907,-0.9542516184082958,-0.9917454121128855,-1.533821663835076,-0.5331405503046075,-0.4477492677159523,0.32283395003747384,1.4752135039207679,-0.2687778451199567,1.1728008917910884,-0.7314102924381297,-0.9470529615312475,-1.0855397712811026,-0.3112629298101777,-0.3790774143658762,0.5007319127480153,1.0838563698832853,0.16537663876909142,-1.7132492396868684,1.7864695070338026,-0.09003267993203633,2.3420845417272487,Utilidade Pública,False
CPFE3,-0.34859688561755375,-0.39881720473056725,-2.0198629226566873,-0.6939150620061271,-0.29866421100581075,-0.3519239077330773,-0.4053802836898709,-0.17819212567593376,-0.46373435727627293,0.4230389908789191,0.19928741871665884,0.4169101889342544,4.952140533718983,-0.498006764643233,-0.5034130503113193,0.9452505500544307,0.22528632919533928,1.5140929554656581,-0.8795708220861044,0.8220953937129872,0.9645667808287902,-0.07848511359777878,0.3721632573216334,-0.20243181831568155,0.2737233524419918,-3.9618478650437403,Utilidade Pública,True
CPLE3,-0.7894725239685799,-1.4216147466255755,-0.1313891415708717,-0.41235656754679273,-0.9149996938905852,-0.7036402673594995,-0.628882686900437,1.3385023081060765,0.8500257250457717,-0.11159938847896153,-0.35667197222700814,0.14447567220505292,-0.14065526860277544,-0.23545127577498254,-0.25558996104304704,-0.6529231765782563,-0.6181777227989957,-0.8464249116789627,0.37166269721446593,-0.2223359194231736,0.12953965744732537,-0.1304935441973483,-1.0310758218890883,-0.7377549648242854,-0.8258119272340476,-0.23587016820081802,Utilidade Pública,False
CPLE5,-0.7557320414417156,-1.547297495417759,-0.25493415528676633,-0.5330244937436505,-0.9149996938905852,-0.7036402673594995,-0.628882686900437,1.5308853778778357,0.8500257250457717,-0.11159938847896153,-0.35667197222700814,0.06064966705760645,-0.13487973387477004,-0.33092599899980074,-0.25558996104304704,-0.6529231765782563,-0.6181777227989957,-0.8464249116789627,0.37166269721446593,-0.2223359194231736,0.12953965744732537,-0.1304935441973483,-1.0310758218890883,-0.7377549648242854,-0.8258119272340476,-0.24530907677554,Utilidade Pública,False
CPLE6,-0.7737269654560431,-1.5986107280280848,-0.3255313059815628,-0.5732471358092698,-0.9149996938905852,-0.7036402673594995,-0.628882686900437,1.6337879500813353,0.8500257250457717,-0.11159938847896153,-0.35667197222700814,0.018736664483883107,-0.13181516442725696,-0.37866336061220995,-0.25558996104304704,-0.6529231765782563,-0.6181777227989957,-0.8464249116789627,0.37166269721446593,-0.2223359194231736,0.12953965744732537,-0.1304935441973483,-1.0310758218890883,-0.7377549648242854,-0.8258119272340476,-0.25160168249202136,Utilidade Pública,True
CSMG3,-0.33959942361038997,-0.5721727203059925,-0.7667634978240432,-1.6994811136466075,0.3603031728690172,-0.38741821925500985,-0.12271547962944905,1.1282231388206647,0.5029947599040995,0.109299103591061,-0.2794553901514989,-0.2746543535321801,0.32244832213871977,-0.9753803807673249,-0.40900425439959653,0.08548656326876386,0.6235119799729926,-0.6650140703675103,1.1224028087948086,-0.9454037515943616,0.6663428081925525,0.09603206463633214,0.07982178248606628,-0.05687862702045912,-0.05145249468024556,-1.1073960599334816,Utilidade Pública,False
EGIE3,0.0652863667119809,-0.48982885040766555,-2.3071933259845103,-0.291688641349935,0.739118064523493,1.063546212353686,0.3584720472827109,-0.18266615055434707,-0.05225478432257612,-0.11159938847896153,1.6972891109815393,-1.0500449011460615,0.40436662083185765,-0.02063314851914106,-0.46210920209994055,1.0090129509882961,-0.11763020341875102,0.8376723984956888,-1.2966486618529613,1.2237997449192033,-0.9440666440431296,-0.6101268486156002,-0.6510319046028511,-0.6371376580900041,-0.2967122437809159,-0.1729441110360048,Utilidade Pública,True
EMAE4,,0.5011868469651816,0.9099188311773819,-0.2112433572186965,0.8986831796576938,0.7317281788834987,1.9569349406443004,-0.2587245734873682,-0.010115309983944516,1.661991402923828,-1.8546736644918886,-0.6309148754088281,-0.23518544925298646,-0.498006764643233,3.3507080317898734,0.5719319768448649,1.9785853749802844,0.6381204730530908,2.123389624235265,-1.9094941944892794,-0.765132260461387,-0.09350977132654328,1.7580783972828395,0.8862865152314698,1.3319227193482552,-0.028214179556934317,Utilidade Pública,False
ENGI11,-0.09891731491875831,0.10680304903108925,0.25689518725051097,0.99543590474988,-0.6835693742302944,-0.685355318999716,-0.6032456465321662,-0.9432503798845587,-0.21585509646079304,-0.4445478402946477,1.280319567773789,1.0979964807572582,-0.206425643668633,0.7909019988918149,-0.27919216002097774,0.30968339235880615,-0.5020285746555135,-0.35963915415989844,-1.2966486618529613,0.9827771341954737,0.30847404102906767,0.35954144634081747,3.4655691595631657,0.6293704795895669,0.7752657607152728,0.028419271891397604,Utilidade Pública,True
EQTL3,-0.17539574197965055,-0.950665595979004,-0.4843748950448559,0.5932094840936877,-0.5903882192091773,-0.634265022112086,-0.7794181290628478,-0.36610117056928015,0.09399397955855712,-0.431742130609429,1.1876596692831778,0.7941272120977643,-0.20842940061508386,0.45674046760495063,-0.17298226462028954,-0.31559950712167884,-0.8643032986268508,-0.16915777078287303,-1.2132330938995899,1.063118004436717,0.18918445197457257,1.3006397767545383,-0.517854121622204,-0.055413326436950114,-0.2939565162629309,0.04729708904084159,Utilidade Pública,True
ISAE4,0.9785287604391063,0.24982134938081502,0.998165269545878,0.5529868420280685,0.2671220178479,0.7844318535675806,0.9441798156962826,-0.5584842403410398,-0.35218868990930685,0.11890338585497495,-0.4493318707176194,-0.35848035867962674,-0.21785884506897024,0.552215190829769,1.5322766115352031,-0.08831740056709458,0.1699772110317763,0.06969983694387259,0.7053249690279517,-0.6240402706293888,-1.0633562330976245,1.2980046829374934,-0.10424507204003139,0.3866190162549171,0.193807254420425,-0.21069974533489277,Utilidade Pública,True
LIGT3,,1.0487013503242326,1.9032207414531739,1.7652972738858317,-1.1970888924701995,-1.1751230387425031,-0.20094132075314727,-1.878142618477741,-0.726486373740682,-0.5405906629337879,0.5390403798488997,1.6225377079674055,-0.6114202829630533,1.402417601146776,-0.5152141498002847,2.2396067204954617,0.8641066439844912,-1.4057750057226082,-1.2966486618529613,1.3427042328762435,1.2031459589377798,-0.6794714227483595,-0.005715167558414346,-0.426134374064715,0.6677923875138554,-0.04079939098989697,Utilidade Pública,False
NEOE3,-0.8884446060473816,-0.12578226769927284,0.6451795160718936,0.7541000523561647,-0.578207676069162,-0.6030730513806907,-0.6558344472875935,-0.8940361062220156,-0.2604733634075794,-0.35170644507681215,0.6471435947546128,1.0141704756098116,-0.14289476166057347,0.671558594860792,-0.3736009559327005,-0.2744624742611206,-0.529683133737295,0.1422641734684537,-0.4624929823192476,0.5810727829892586,0.4874084246108103,0.39999244791826055,0.3234396781823721,0.2933282124381805,-0.029406674536365054,0.11966205478037681,Utilidade Pública,False
SAPR11,-0.11016414242771302,0.4072859426951595,0.9275681188510811,0.4323189158312109,1.2287758987521082,0.11434227544139997,0.764720533118387,-0.4779517925296054,-1.0016323532458649,0.9064545314959249,-1.1906110586425087,0.16543217349191458,-0.17672289363889088,0.265791021155314,-0.3440982072102871,0.294257005036097,0.6649938185956644,0.350886640976624,0.7053249690279517,-0.5436994003881456,-0.645842671406892,-0.034566883313697894,0.31802594716689875,0.7812733067466616,0.9130521366145258,-0.003043756691009022,Utilidade Pública,False
SAPR3,-0.30136021007994385,0.3509454001331464,0.8040231051351867,0.3116509896343531,1.2287758987521082,0.11434227544139997,0.764720533118387,-0.3168868969067373,-1.0016323532458649,0.9064545314959249,-1.1906110586425087,0.03969316577074478,-0.1705937547438647,0.17031629793049555,-0.3440982072102871,0.294257005036097,0.6649938185956644,0.350886640976624,0.7053249690279517,-0.5436994003881456,-0.645842671406892,-0.034566883313697894,0.31802594716689875,-0.7743874794120092,-0.6411781835290485,0.00010254616723164295,Utilidade Pública,False
SAPR4,-0.05617937038473038,0.4231768649562402,0.9628666941984796,0.47254155789683017,1.2287758987521082,0.11434227544139997,0.764720533118387,-0.5182180164353228,-1.0016323532458649,0.9064545314959249,-1.1906110586425087,0.1968669254222071,-0.178373046418321,0.2896597019615186,-0.3440982072102871,0.294257005036097,0.6649938185956644,0.350886640976624,0.7053249690279517,-0.5436994003881456,-0.645842671406892,-0.034566883313697894,0.31802594716689875,-0.7743874794120092,-0.6411781835290485,-0.003043756691009022,Utilidade Pública,False
SBSP3,-0.8389585650079807,-0.6732967710583238,-1.2256449773402232,-1.6592584715809882,0.12948188036572722,-0.0464577116049308,0.15731988439320127,1.3206062085924248,0.39888547036159777,0.3814204344019582,-0.5265484527931286,-0.9662188959986148,0.17252015532192613,-1.0708551039921428,-0.40900425439959653,0.20889766185043845,0.4741773609313724,-1.432986631919326,0.5384938331212088,-0.3830176599056591,-0.1090395206616648,0.8056582065949025,0.5226649795517955,1.8890405478794297,1.8775567679092973,-0.2169923510513741,Utilidade Pública,True
TAEE11,0.29247228239286693,-0.034770622022174534,-0.7314649224766451,-0.452579209612412,1.3024681847492008,1.8030110357272808,1.3011263008237455,-0.39294531983975844,-0.31500680078698473,0.07728482937801422,0.508153747018696,-1.5110879294570179,-0.1339367894293814,-0.1399765525501641,-0.11397676717546287,0.7909866768273374,0.5820301413503203,1.4514457449327698,-0.21224627845913377,0.34005017226552886,-1.0037114385703771,0.8865602097497883,-0.0176253757924559,-0.07934656930092959,0.3481279954275883,1.1390641808503514,Utilidade Pública,True
TAEE3,0.30146974440003077,-0.028992104836327155,-0.7138156348029459,-0.452579209612412,1.3024681847492008,1.8030110357272808,1.3011263008237455,-0.4063673944749976,-0.31500680078698473,0.07728482937801422,0.508153747018696,-1.490131428170156,-0.1345261297077493,-0.1399765525501641,-0.11397676717546287,0.7909866768273374,0.5820301413503203,1.4514457449327698,-0.21224627845913377,0.34005017226552886,-1.0037114385703771,0.8865602097497883,-0.0176253757924559,-0.8017397569708429,-0.569529268061437,1.13277157513387,Utilidade Pública,False
TAEE4,0.28347482038570315,-0.040549139208022174,-0.7491142101503444,-0.49280185167803126,1.3024681847492008,1.8030110357272808,1.3011263008237455,-0.3839972700829322,-0.31500680078698473,0.07728482937801422,0.508153747018696,-1.5215661801004483,-0.13322958109533992,-0.16384523335636872,-0.11397676717546287,0.7909866768273374,0.5820301413503203,1.4514457449327698,-0.21224627845913377,0.34005017226552886,-1.0037114385703771,0.8865602097497883,-0.0176253757924559,-0.8017397569708429,-0.569529268061437,1.1453567865668328,Utilidade Pública,False
ARML3,-0.41189936576466496,-0.8724707864659894,0.4564916742150083,0.5861396098856853,0.18059591569138694,0.16792255556270144,-0.7011883028229092,-0.6909622984870818,-0.4285012340598173,-0.3854368931235793,0.3100083109340323,0.3719759351180835,0.09728557674521417,0.5862893258080867,0.25463857007930596,-0.5642009281315981,-0.7344382608962574,-0.260433349870499,-0.27802441070849593,0.26583417142222987,-1.0747589078239055,4.304601985290599,0.5528689686741394,-0.6092988822808099,-0.9218558710890775,-0.3111624518438965,Bens Industriais,False
AZUL4,,1.157425903205193,0.9220290774176515,0.8713484567057693,-0.29428233080835764,-0.3467822059313648,4.345218120076804,-1.2677006462196985,0.08383706448561401,-2.092479157404907,,1.070583846083411,0.047009790216196876,0.7388844551863459,-2.0392795200736087,-3.3437569867555794,4.265548459695879,2.9074903496162454,-3.8868677219027807,3.9285996426341057,0.23270079276335456,-0.6597513267458375,,-1.6427952436291373,2.7210335904550007,-0.14533133554267189,Bens Industriais,True
CSUD3,-0.1906933192811082,0.5652824362787009,0.31617011651208393,-0.28918165912736044,0.5990866164694169,0.06825635001751582,0.43052928233542537,-0.1628174366632197,-0.8388016869050093,0.9199483677974362,-0.8662163409307089,-0.10947675298436756,0.4539147540865611,0.07176313246272291,-1.0161213085319603,0.2746233823941214,0.5215644356365928,0.27879310437459626,1.2584509346597874,-1.2399275844716544,0.33592129544129623,-1.0853988790955746,0.049853028932527764,0.274794071261204,0.6375810694158329,2.2476116726839996,Bens Industriais,False
ECOR3,-0.7541070103246973,0.6086100070294198,0.25013644229894305,0.7441837279019295,0.4448700757606297,1.2614032106870248,-0.20723421869302847,-1.1005864629725182,-0.6795126152263709,-0.5202033876721052,2.8187381639494915,0.5424904288210349,0.1449770938732072,0.6958643484649697,-0.662404641289649,0.4774031173349841,-0.5744239557533289,-0.11769693551150313,-0.840149537062746,0.8304948298824366,-1.3844204158577302,-0.007585250884761544,,-0.36337161703496795,-0.04886964123704623,0.5441769901308412,Bens Industriais,False
EMBJ3,-1.1790494975695196,-1.490610795842913,-0.45972555549232136,-0.19192374034813306,-0.9933520241534752,-0.7732111853711238,-0.5779230883384182,2.1847240948294586,1.295912569433698,0.6160631349919367,-0.6864112986074362,-0.39032415437746404,0.18843980652679693,-0.21408475272914576,-0.7672095797318154,-0.26828398935161835,-0.5722319789705491,-0.747323118850629,-0.20307439386126275,0.15290203973018843,-0.317808554852334,0.5490877219274167,,1.6818715888703244,0.7420409601673581,-0.6471886611911148,Bens Industriais,False
FRAS3,-0.5291196639012506,-0.16117649997502007,-0.17082823080983014,-0.1676092606533262,0.06646208820646979,-0.3923438998948783,-0.35104363559160134,0.35908949372177784,0.03913640756554287,0.2302610133432154,-0.281849953380073,-0.0693556956424966,0.13135094612235207,-0.07592494155307596,0.33324227391093075,0.055927796164295746,-0.2960429043402888,0.32478594900138397,0.021775656680437235,0.002325864140800268,0.16388712431139343,0.26482918261907035,1.076561679858,-0.09772866385802485,-0.09363816584484273,0.6052726645576081,Bens Industriais,False
GGPS3,-0.6728090616170653,-0.38359136316204384,-0.5463947528970687,-0.20408098019553647,-1.244337745736974,-0.8230442881437166,-0.614545362206999,0.6252412351133303,0.13541474554723443,0.4205195938823108,-0.39422810483211834,0.3619456707826158,0.13252561403190855,-0.18073583279009447,0.14983363163713959,0.18030722660767376,-0.36070621943229414,0.26293350277915234,-0.27802441070849593,0.30347821531957697,1.6089741618025752,0.5727759335364456,-0.06315622188114409,-0.45053571104615237,-0.3846335757955198,-3.5093900887828045,Bens Industriais,False
JSLG3,-0.19825591916088792,-0.3857577416995798,0.4977627205982213,0.7928126872915433,-1.1496066689244928,-0.5802858874943713,-0.87447418405473,-1.0901899105744106,-0.5471299005015448,-0.7104619682112004,1.8758105544991972,0.9838220595816151,0.07167781631688293,0.6863360856252407,-0.17768180099463007,-0.512916518422717,-0.7793737849432443,-0.3270436765713637,-0.727724511791896,0.7552067420877423,0.23270079276335456,0.2744525185852383,-1.5415453800019545,-0.32497790895861284,-0.7950117180336541,-0.2937065448648203,Bens Industriais,False
KEPL3,0.31789152263407777,0.28654173111574227,0.006637268637986044,-0.3742823380591844,-0.505565785259603,-0.457126933499249,-0.14470838525886623,0.2655205221388103,-0.42678197802443,0.8274615578131537,-0.8062813268229513,0.0710680050540515,0.13252561403190855,-0.7286109460745095,-0.0990780971630053,0.2911287096567498,0.13906448704151017,0.15984609240876646,0.5464257746110706,-0.5246907504220593,0.9896511457349261,0.16859582295739056,0.11651779203081368,-0.5532648218450483,-0.4517863627072145,-0.26752268439620586,Bens Industriais,False
LOGN3,,-0.9829560918803225,-0.45147134621567875,-0.11898030126371266,-1.1305843643436733,-0.4678054555219475,-0.5984672907525,0.4277067395492875,0.3296906775460055,-0.12911630545285357,0.20512203624545675,-0.019204373965157916,0.7165704986633898,0.2146870750586573,-1.1602280988899392,-0.14213613098724445,-0.5283924433149522,-0.3302155968904524,-0.27802441070849593,0.30347821531957697,0.1294802900854129,0.10271298441977898,1.2188036075383,0.040281151659683885,-0.19809805659636792,-0.17151519601128629,Bens Industriais,False
MILS3,-0.34950791675648224,0.40569255068021937,0.1799756634474808,0.1363217355317591,2.0549722849228544,0.994440160119563,0.5359299729815845,-0.3749071055846131,-0.5488491565369321,0.20383621049056336,-0.16947180192802774,-0.5808991767513508,0.1174898647895856,0.2718566520970311,1.0013737564797407,0.2310021603428894,-0.13383662241458036,-0.23347202715824422,0.09672567352767063,-0.11060626755124116,-1.0747589078239055,0.6586457006191753,,-0.2461151572342079,-0.09363816584484273,1.5740755018963417,Bens Industriais,False
MOTV3,-0.7162940109257987,0.40569255068021937,0.14283172170258915,0.4402527317168443,0.748547581032999,1.141803764032802,0.2224075796188571,-0.6514553993742733,-0.4594478426967896,-0.28766512256876636,0.7745046702691529,-0.20977939633904472,0.18068699832372415,0.5481762744491708,-0.16458118368935928,0.28110761810443985,-0.39139389439121197,0.12178304857970088,-0.4279244444029626,0.41641034701161844,-1.3500135816317498,-0.345882522926205,-0.43426861966358044,-0.19111876458429386,0.025744566442614455,-0.08859963786067397,Bens Industriais,True
MTSA4,-0.12452057033303572,0.4432431119975092,0.5926861272796113,0.11200725583695224,-0.6455155975327752,-0.8963701393662461,-0.2876245759655226,0.7021757228593262,-0.17405134082248896,1.569443597112773,-0.9943274335860404,0.43215752113088984,0.07755115586466532,-0.6428565805169488,3.2135439946477664,-0.30188411985054026,-0.07574923767091457,-1.648148489471847,1.6718002775722791,-1.655141388659393,0.8176169746050233,-0.6131151601405619,-0.3301717703336367,3.7915020808874518,2.4432448952636237,-0.6166408239777315,Bens Industriais,False
OPCT3,,-0.7273234244510809,0.28728038404383477,0.3916237723272307,-0.4009431100650955,-0.3133228369269095,-0.7011883028229092,-0.4352071094936367,-0.36145024867971043,-0.16346854916130132,0.11521951508382042,0.43215752113088984,0.09893011181859322,0.4338371203724233,0.8572669661217621,-0.45278996910885666,-0.6566230851075731,-0.5903130630557337,-0.12812437701402934,0.15290203973018843,-0.2145880521743923,0.812619076077863,0.5963614879147323,-0.4899670869083549,-0.8173959803375523,-0.04932384715775234,Bens Industriais,False
POMO3,2.7444084135604987,0.7754211544196876,0.3285514304270478,0.17279345507396923,-0.5184737776537305,-0.33895128978138594,0.21258209150777452,-0.4788726295656883,-0.8325264023758454,0.5684984898571628,-0.5740331471553909,0.47227857847276083,0.10339384987490785,-0.01875536451470216,-0.13837994907881768,0.8222465619291837,0.48539681872072543,0.11385324778197906,0.3590507324929873,-0.37411457483267074,0.7832101403790427,-0.4006615122720843,0.5632073543952639,-0.5947715332789457,-0.25032800197213034,0.478717338959305,Bens Industriais,False
POMO4,2.5129361377401414,0.7443697287150057,0.2790261747671922,0.11200725583695224,-0.5184737776537305,-0.33895128978138594,0.21258209150777452,-0.4019381418196928,-0.8325264023758454,0.5684984898571628,-0.5740331471553909,0.4221272567954221,0.10762265434931119,-0.08545320439280482,-0.13837994907881768,0.8222465619291837,0.48539681872072543,0.11385324778197906,0.3590507324929873,-0.37411457483267074,0.7832101403790427,-0.4006615122720843,0.5632073543952639,-0.5947715332789457,-0.25032800197213034,0.5267210831517648,Bens Industriais,True
PORT3,-0.5480261636007,0.2757098384280626,-0.2905142653211478,-0.5931126553124457,1.0712473908861875,0.9972877659922825,0.9334156283844723,0.14699982480038448,-0.16201654857477776,0.2698982176221937,-0.19194743221843677,-1.4334716452661078,-5.092890608197323,0.062234869622993946,-1.3698379757742716,0.621235254909317,0.294694838618879,0.5785395745284875,0.3215757240693706,-0.2988264870379769,-0.7306905655641003,-0.5472323216029503,0.5354006617660323,-0.34365592910386666,0.09289735335430922,-0.014412033199599791,Bens Industriais,False
RAIL3,-0.2833351678084098,-3.4152431523752247,0.1345775124259465,0.342994812937617,0.883741817160966,0.7132390801885033,-0.7217325052369912,-0.09627950131533153,-0.043387882133050164,-0.22160311543713607,0.09274388479341134,-0.7714741991252376,0.2286134490336285,0.5052990916703906,-0.46589538171058736,-0.6555697040497194,-0.7837577385088039,-0.436474927579927,-0.27802441070849593,0.30347821531957697,-1.5220477527616523,-0.4228692106555488,-1.4552733336394668,-0.21913579480217463,-0.8920101880172132,-0.35480221929158723,Bens Industriais,True
RAPT4,-0.5045412142919665,-0.3518178112781834,0.6917366385993227,0.8535988865285604,-0.4729561202639124,-0.7945682294165207,-0.8941251602768953,-1.088110600094789,-0.5299373401476711,-0.7316018104933222,0.7370452864518047,1.0339733812589538,0.058756469311761664,0.6958643484649697,0.2808398046898476,-0.6390643767870909,-0.8045815179452124,-0.6204463060870772,-0.615299486521046,0.34112225921692413,0.026259787407471213,-0.12306528247877715,-1.5635126671790474,-0.015752908776077466,-0.8323188218734845,-0.2718866611409749,Bens Industriais,False
ROMI3,-0.06969172120463275,0.5963338619833828,0.6958637432376439,0.634768569275299,-0.3873557496502244,-0.9597293700342571,-0.34568427844010174,0.3175032841293479,0.687295932906575,-0.8188036599070742,-0.4616549957033456,0.6427930721757121,0.07214768348070552,0.46242190889161017,0.07122992780551479,-0.35611590942774773,-0.45496122109182746,-1.3166828161270678,0.5089507661874539,-0.48704670652471216,-0.593063228660178,-0.7715300752759424,-1.1782758955251988,0.37856084984594734,-0.2727122642760286,-0.30243449835435837,Bens Industriais,False
SHUL4,-0.13019252024287056,0.6627694704678184,0.4647458834916509,0.22142241446358293,-0.5334198741100888,-0.5062481348036619,0.2036498295886084,0.026399816982337208,1.5813090713079985,0.9463731706500883,-0.8512325874037694,0.2817035560988739,0.08389436257627031,-0.05210428445375354,1.1978830160588028,0.1750019428446861,0.11714471921371161,-0.3603488399217959,0.6963258083055374,-0.6752669260114479,-0.07696071527047046,-0.5390894988623467,-0.18971232295008242,-0.5387374728431843,-0.496554887315011,-0.9002993123877209,Bens Industriais,False
STBP3,-0.9053590079202917,0.083624274766542,-3.72356371661596,-1.6143208024943323,1.679961137472412,1.8003126220992076,1.1710137954342885,0.1885860343928146,-0.2789259589811177,0.5024364827255324,0.5422564906015928,-2.4064072858064773,0.8872145058846596,-0.4999326379210145,-0.8982157527845231,3.1010074123660756,0.6969225782589803,2.0090756384375346,-0.615299486521046,0.6422746103957009,-0.3866222233042951,0.3151666322882567,2.9058356493537802,-0.8656028253851261,-0.3249422096517912,0.5790888040889937,Bens Industriais,True
TASA4,-0.5177757640815811,0.7811981638531169,0.7412618942591783,0.6590830489701057,0.12964331413562033,-0.7183947723212716,-0.2376039092181929,-0.5391726334747119,-0.39927388145823234,-0.2110331942960752,-0.45416311893987593,0.763156244201325,0.08271969466671383,0.5195914859299838,-0.662404641289649,-0.2517786620889899,-0.31796267216808727,-0.9931469435800105,0.6588507998819206,-0.6376228821141008,-0.3522153890783145,-0.69158236109547,-0.1380203943444597,-0.026129586634551952,-0.3771721550275537,-0.10605554483975026,Bens Industriais,False
TGMA3,0.9361340628060697,0.5277318749614112,-0.07590482412844013,-1.1523456882930028,-0.8058464504282541,-0.22148754753170272,0.13933754377061314,-0.10667605371343919,-0.7603176488895766,0.8670987620921318,-0.8512325874037694,0.10115879806045472,0.1790424632503451,-0.9239403342889532,0.7786632622901373,0.8363939852971507,1.3084841006545564,0.8227774390983249,1.370875959930637,-1.3528597161636957,2.689004688156105,-0.8152052154300894,-0.7087705853624047,0.5570397090117061,2.0776352776332856,0.08159545518531976,Bens Industriais,False
TUPY3,0.8491641641886031,1.8295448444757205,0.737134789620857,0.7928126872915433,-1.2304514633929757,-1.2268490389247184,-1.0258402945369174,1.2199240322850808,3.2580479049402236,-3.5238050287216636,-0.23689869279925493,1.0339733812589538,0.06040100438514074,0.610109982907409,0.5690533854058051,-1.0587712700367835,-0.9501945356252773,-1.6886697715482062,-0.12812437701402934,0.15290203973018843,1.0240579799609066,-0.33922021341116565,,1.424529977980161,-1.5399599675073874,-0.10605554483975026,Bens Industriais,False
VAMO3,,-0.8551397581657016,0.3656953721719396,0.7928126872915433,2.9050111398376046,3.4409678646812836,-0.6100792312474159,-1.1629657773611635,-0.8101760739158098,-0.39864929454990533,2.602522600555757,0.09112853372498698,0.07708128870084273,0.7006284798848341,-0.11217871446827608,-0.5170428502383742,-0.7991015759882628,0.047242921081114365,-0.8776245454863627,0.9057829176771308,-1.8234516205812419,0.8103983062395165,-1.0135747161059043,-0.7379696877258917,-0.9517015541609418,-0.2980705216095893,Bens Industriais,True
VLID3,1.5581579029179515,0.643272063629995,0.5349066623431131,0.24573689415838976,0.028417479044831058,-0.41726045128117467,0.04822847219511979,-0.24391054536845833,-0.8032990497742605,0.7587570703962581,-0.7688219430056028,0.3719759351180835,0.09117730361552048,0.22897946931825075,1.4729959794694893,0.00464338645541484,0.050289427338926454,-0.051086608810638444,0.9586508672708538,-0.9387752332928775,0.09507345585943233,-1.2988518733913084,0.2637506645420012,1.193130061736183,1.1449576816375264,-0.2457028006723605,Bens Industriais,False
WEGE3,-0.8335143090623843,-1.1663761413916993,-2.907098606016855,-4.196883263278241,0.03860799935598428,-0.012900417354992609,0.43856831806267477,3.4278814512807676,2.5062688183463946,0.9252333283679666,-0.9111676015115269,-3.4900770446104117,0.46989023765652926,-4.6104252269800865,-0.3086879740473378,0.8900362989006929,0.8492649646621793,1.9805283555657347,0.7338008167291541,-0.7881990577034891,0.9896511457349261,0.22781635197996275,0.17391365758602223,-0.43600836204428833,0.10782019489024139,2.062840897310477,Bens Industriais,True
BRAP3,1.1996117280023664,0.3435739497407483,0.38791746480407685,-1.0716878830943082,,,,0.22771038969298146,-0.0003519813849477216,0.43043668543470864,-0.7689109136833232,,2.5158783512917315,-0.048693019825146455,2.45991760934452,0.25369694091076295,1.4441704430973925,0.6768536788807228,2.029918540982211,-1.9544746431661555,-2.1525915399003517,,,0.21553152096522044,0.3304853014896408,0.5263095588589458,Materiais Básicos,False
BRAP4,1.1751936242717544,0.2479926589224353,0.28589702449595206,-1.367587546391144,,,,0.34405793706347493,-0.0003519813849477216,0.43043668543470864,-0.7689109136833232,,2.856582585847993,-0.19896227981966308,2.45991760934452,0.25369694091076295,1.4441704430973925,0.6768536788807228,2.029918540982211,-1.9544746431661555,-2.1525915399003517,,,0.21553152096522044,0.3304853014896408,0.48017707329524545,Materiais Básicos,True
BRKM5,,1.3897308177384475,2.674875668377872,1.3448260338298483,-1.5280119429263632,-1.881983075382992,-1.5046210941350076,-1.0594764002033654,-2.3822100133249613,2.6581234177092736,,1.3998733850121543,-0.44924636785899985,1.0745696986338655,-1.3590013841038755,-4.402895962593968,-1.6448485477327928,-2.9511293068610946,-1.682056741742132,1.9637247696571805,0.9186218673460099,-1.637976596120277,,-1.119423164755924,-2.0842559938952605,1.0107006572777988,Materiais Básicos,True
CBAV3,,-1.1503747190769924,0.26322581553859115,0.6050768755877596,-1.2296703281006083,-0.3508876395349949,-0.40139253801213,-0.08156790078554589,0.24181121145896095,-0.6632466197770123,0.06220225960050542,0.6438436872155465,-0.39412545961837725,0.5674109461523718,-0.7044442905895869,-0.03211145927877364,-0.39981149829134444,0.15629304595012408,-0.45729332358435376,0.6509776518058839,0.1873805799064001,-1.1666847745364375,,-0.6155726501777226,-0.4266665600239262,0.6185745299863463,Materiais Básicos,False
CMIN3,-0.2829159984990681,-0.4066737165454615,-2.009562882436853,-1.1703211041932533,1.7595080413629345,1.6525038690758702,0.9533429686806106,0.025943123999846992,-0.3115035256785744,0.5110769291369552,-1.1210404423641034,-1.8128565886434516,-0.051995684331754465,-1.1005778397867632,-0.6964129152090432,0.7336168795623598,0.4924941570586978,1.4087109161578728,-0.6457184648393964,0.8914809405725334,-0.36105038567330744,-1.8983092213761126,-1.5736054345028863,-0.8767622144176018,-0.39951768849555125,0.15724967434934345,Materiais Básicos,True
CSNA3,,2.1072451652512623,0.2972326289746326,1.1968762021814305,0.257095255035579,-0.04721769865115386,-1.1376882483760768,-0.4968844622852825,0.18690211540714438,-1.275608470390948,1.9759496980830058,1.0400856671928043,-0.43784204201611243,0.9731379481375667,-1.2586091918470825,-0.6743864474824821,-0.9638324898335433,0.1099179338850373,-1.1733088603535162,1.3324036366447245,-0.5072986431612294,-0.17023920890203253,,-0.42594187066109773,-0.8881973760062996,-0.557803851888011,Materiais Básicos,True
DEXP3,0.16184231945136224,0.39856592528005164,0.2518902110599106,-0.38125533540169204,-0.6855944903799602,-0.21008566002484028,0.13807164581888068,-0.22147950838297492,-0.4804545904533944,0.39011656358358526,-0.790782312980266,0.7032799842121351,-0.4891615083091058,-1.3410086557779897,0.4761678903502958,0.3576994420908443,0.9988907129324986,0.8356884377036448,0.7486275804479201,-0.5916226734884735,2.4085259905042156,2.414010946116023,1.451590121656627,-0.48421116679289083,-0.10389664296435783,-2.160907725226596,Materiais Básicos,False
DXCO3,-1.4221775110560937,-3.234177792191309,0.5919583454203261,0.835221058151965,-0.06597488789455465,-0.3424815512060304,-0.5581287535846533,-0.0035119512838223017,0.7078345651295057,-1.339868664591176,0.12781645749133405,0.544783192221232,-0.10901731354619157,0.7477340581457917,-1.250577816466539,-0.1722369665939214,-0.5866543654585744,-0.21586722837219702,-0.3065532105803196,0.4505582445003422,-0.47073657878924885,-0.6101115757136167,-2.348559062591319,-0.5506586097501986,-0.4930304682043981,-0.41940639519691003,Materiais Básicos,False
EUCA4,-0.9265074468273377,0.509859209109594,0.6826431812497704,0.5064436544888143,0.9643134783652252,0.3962034607017211,0.44303901100262766,-0.3687548848013212,-0.4044266113047254,0.05243554308042723,-0.506454122120009,0.5645952912200949,-0.41883483227796675,0.44719553815675844,-0.5839736598814353,0.18065701641788134,0.3912148458839376,0.6397535892286533,0.5225174109418685,-0.35111938472182375,0.22394264427838065,0.7050170311822415,0.9813380475421716,0.5763922496410615,0.4270146224794182,0.4340445877315452,Materiais Básicos,False
FESA4,1.0496148050857503,-0.28883376896124024,0.501273509590882,-0.3154998546690619,-0.5690642149449616,-1.0275777500166337,0.39443863408091495,3.8381662425887417,3.038303314867178,2.8887041145453853,-0.9329464084103947,-0.5052580547185012,-0.36181320306352954,-0.21398920581911476,0.7010464010055113,0.013935449640651706,0.1921486135749263,-0.5926650139010268,1.3139030042130484,-1.1928808954050978,-0.14167799944142426,0.009300532653716203,-1.1545659693127408,-0.4806332275567281,-0.35125302800066255,-0.7192675513609619,Materiais Básicos,False
GGBR3,-1.0503421157468693,-0.3124017584780845,0.5919583454203261,0.30917721229092404,-1.0175048611017146,-0.4979941852918729,-0.1984859643639796,0.10252631973738702,0.200981370805046,-0.09876491386128534,-0.5283255214169518,0.5844073902189578,-0.42453699519941046,0.28189935216279016,-0.1502793893320907,-0.019408863714794222,-0.09422736974680941,0.027602109969508334,0.6732575239459029,-0.5114549105662568,0.7723736098580882,-0.3273364827633124,0.08040319738335897,0.4225408624860642,-0.08278085399784399,0.22644840269489394,Materiais Básicos,False
GGBR4,-1.1410379296034276,-0.5795056396689863,0.46726669615484046,0.07903302972671879,-1.0175048611017146,-0.4979941852918729,-0.1984859643639796,0.26452923379756804,0.200981370805046,-0.09876491386128534,-0.5283255214169518,0.42591059822805477,-0.36941608695878786,0.10157624016937017,-0.1502793893320907,-0.019408863714794222,-0.09422736974680941,0.027602109969508334,0.6732575239459029,-0.5114549105662568,0.7723736098580882,-0.3273364827633124,0.08040319738335897,0.4225408624860642,-0.08278085399784399,0.11111718878564324,Materiais Básicos,True
GOAU3,-1.0363889136150912,-0.15266316286391757,0.6826431812497704,1.1968762021814305,-1.0175048611017146,-0.49904494633299346,-0.5386886028159683,-0.5425398289749699,-0.5015734735502468,-0.09876491386128534,-0.21119023161128028,1.2778308551791588,-0.6412191862142715,0.958111022138115,-0.14224801395154746,-0.022584512605789073,-0.48537505428381417,0.06702095522483215,-0.8718286343454479,-0.5114549105662568,0.7723736098580882,-0.3273364827633124,0.066036130005411,0.025389607272000916,-0.21550867035878798,0.2725808882585943,Materiais Básicos,False
GOAU4,-1.0782485200104257,-0.2547911174369094,0.6373007633350483,1.1639984618151156,-1.0175048611017146,-0.49904494633299346,-0.5386886028159683,-0.520448522512218,-0.5015734735502468,-0.09876491386128534,-0.21119023161128028,1.258018756180296,-0.6355170232928278,0.9280571701392119,-0.14224801395154746,-0.022584512605789073,-0.48537505428381417,0.06702095522483215,-0.8718286343454479,-0.5114549105662568,0.7723736098580882,-0.3273364827633124,0.066036130005411,0.025389607272000916,-0.21550867035878798,0.22644840269489394,Materiais Básicos,True
KLBN11,-0.04047911145942174,-0.3726310650211309,-1.1650603487751547,0.44068817375618435,1.1250448927583265,1.1191270569926641,0.3579883513896306,-0.15226008146635206,0.3924592442165085,-1.0538478002097698,2.08530669456772,-0.5448822527162269,-0.25347210755609906,0.5223301681540168,-0.616099161403609,0.4791680121713973,-0.1762985356987702,0.27339020391446806,-1.0979388038514992,1.0518164664169667,-0.9460434156249954,0.92046472104914,0.21509445405161998,-0.5475918046906306,-0.08278085399784399,-1.7572484765442182,Materiais Básicos,True
KLBN3,-0.04222326172589398,-0.37394039777206667,-1.1650603487751547,0.44068817375618435,1.1250448927583265,1.1191270569926641,0.3579883513896306,-0.15226008146635206,0.3924592442165085,-1.0538478002097698,2.08530669456772,-0.5448822527162269,-0.2515713865822844,0.5223301681540168,-0.616099161403609,0.4791680121713973,-0.1762985356987702,0.27339020391446806,-1.0979388038514992,1.0518164664169667,-0.9460434156249954,0.92046472104914,0.21509445405161998,-0.885962629596306,-0.4447658077095094,-1.7572484765442182,Materiais Básicos,False
KLBN4,-0.0561764638576722,-0.38703372528142477,-1.1877315577325158,0.4078104333898693,1.1250448927583265,1.1191270569926641,0.3579883513896306,-0.1463690664096182,0.3924592442165085,-1.0538478002097698,2.08530669456772,-0.5646943517150899,-0.24776994463465526,0.5073032421545651,-0.616099161403609,0.4791680121713973,-0.1762985356987702,0.27339020391446806,-1.0979388038514992,1.0518164664169667,-0.9460434156249954,0.92046472104914,0.21509445405161998,-0.885962629596306,-0.4447658077095094,-1.7803147193260684,Materiais Básicos,False
RANI3,-0.19047603437603763,0.5517578571395395,-0.2582119904807128,-0.11823341247117172,1.381411498715323,1.3345330704223783,1.8289759596791073,-0.15078732770216863,-0.010207460163478925,-0.3306056145052445,0.11688075784286261,-0.7430032427048556,-0.27818148021568845,0.07152238817046681,-0.029808758623939495,0.8427798101903078,1.1071548041882768,0.74757572477998,-0.26886818232931103,0.4906421259614505,-0.5072986431612294,0.36389152222631926,,-0.6528854450691339,-0.025466569660163647,0.9876344144959487,Materiais Básicos,False
SUZB3,,-0.012564558513787594,-0.22420517704467144,0.3749326930235542,0.8116186346917784,1.03506617370302,0.833057035799372,-0.046221810445142744,0.5839371176279713,-1.215128287614263,0.9808010300721056,-0.8024395397014443,-0.3409052723515693,0.49227631615511347,0.2512893796950802,0.3386455487448752,6.716134693283358e-05,-0.4523802999041394,-0.683403493090405,0.8914809405725334,-1.0191675443689563,0.42673043177083153,,0.8534269733553758,1.0273063373845965,1.293262131355463,Materiais Básicos,True
TKNO4,0.19846947504727985,-1.0233694422362205,-0.7343073785852948,-2.8470858628753217,-0.164824707746312,-0.029354760952104403,0.7103410840720472,1.5693890688641166,0.9950513752466997,0.8134778430203804,-0.9548178077073375,-2.270516075517184,-0.09761298770330414,-3.497372536699304,1.1267092961743126,0.18383266530887618,0.8417331611095952,0.06470219962157776,1.4269580889660738,-1.3131325397884226,0.5895632879981856,1.4635724392552798,0.7083637673611625,3.9985633454865646,2.719585995986633,-0.7192675513609619,Materiais Básicos,False
UNIP3,1.8606446789953586,0.1655046956134803,-1.5844777144863336,-1.1045656234606231,0.4660460937466108,0.7482084094771078,1.0019433456023235,0.017106601414746136,0.013727274012953889,-0.0660048148572476,0.007523761358148341,-0.6835669457082668,-0.16603894276062875,-0.8300931717966329,0.23522662893399338,1.0253796214225117,1.103662414147768,0.7591695027962516,-0.4949783518353623,0.6910615332669922,0.5164391592542245,0.1978172612872522,0.9921133480756325,0.14499500459515505,1.5612341441093032,1.1490981139688996,Materiais Básicos,False
UNIP6,2.0810355066667947,0.1432460388475718,-1.6524913413584168,-1.1703211041932533,0.4660460937466108,0.7482084094771078,1.0019433456023235,0.03477964658494771,0.013727274012953889,-0.0660048148572476,0.007523761358148341,-0.7231911437059927,-0.15463461691774133,-0.875173949794988,0.23522662893399338,1.0253796214225117,1.103662414147768,0.7591695027962516,-0.4949783518353623,0.6910615332669922,0.5164391592542245,0.1978172612872522,0.9921133480756325,0.14499500459515505,1.5612341441093032,1.1721643567507498,Materiais Básicos,False
USIM3,,1.5114987635754764,0.9320264797807418,0.9338542792509101,-1.2811043807064006,-1.826156141268257,-2.2433468233450404,-1.697178780094805,-1.8743008748456589,0.34475642650107147,-0.6923610161440232,1.0400856671928043,-0.6298148603713841,0.6725994281485335,1.0624582931299653,-0.8740553715037834,-2.3398341657940778,-2.259850292640895,0.5225174109418685,-0.6717904364106899,0.5895632879981856,-0.09393481874083942,,-0.12437270647023908,-1.3376620268649508,0.9415019289322484,Materiais Básicos,False
USIM5,,1.5180454273301554,0.9206908753020613,0.9338542792509101,-1.2811043807064006,-1.826156141268257,-2.2433468233450404,-1.7126426946187314,-1.8743008748456589,0.34475642650107147,-0.6923610161440232,1.0400856671928043,-0.6279141393975696,0.6575725021490818,1.0624582931299653,-0.8740553715037834,-2.3398341657940778,-2.259850292640895,0.5225174109418685,-0.6717904364106899,0.5895632879981856,-0.09393481874083942,,-0.12437270647023908,-1.3376620268649508,0.9415019289322484,Materiais Básicos,True
VALE3,0.2542822835743927,-0.14087916810549544,-0.3035544083954349,-0.5127662968669524,0.8413539463545026,0.763969825093916,0.9970833079101523,0.25274720368410036,0.24181121145896095,-0.09120489101419971,-0.3752257263383518,-1.3175541136718794,2.8123908232068042,0.07152238817046681,-1.32286019489143,0.31165253317141894,0.3912148458839376,0.6501879894432978,-0.005072984572251092,0.16997107427258432,-0.5438607075332099,-1.9812565819748684,,1.48569994980299,1.4707379056813872,0.29564713104044427,Materiais Básicos,True
VITT3,-0.7137211143177201,-0.19718047639573455,0.11586295731574424,-0.7100327390648425,0.5528410575188853,-0.500095707374114,0.18667202274059339,0.6754275340047542,0.7388089270048895,-0.2600454012657787,-0.4517756238776518,-0.009955579746928934,-0.3542103191682713,-1.4912779157725065,-0.4313775276511104,0.1552518252899226,0.4523316715928447,0.2374494920640259,0.7863126086989286,-0.6317065549495816,1.064870124833932,0.4222419382319379,-0.9869501832366829,-0.756645682917853,-0.41158385361927347,-0.9729962219613134,Materiais Básicos,False
ABCB4,-0.2006480065630705,0.4610238189281158,0.6986003518827484,0.5457978438577735,-0.9578190943227708,-0.45596224933672397,-0.42261896696002044,-0.26473742456666255,-0.27743457649374187,,,0.5955422781960568,-0.04139124542682118,0.4636030823407498,-0.7021726162483207,-0.041885371097472805,-0.4181467073953964,,-0.6855067306235378,0.730204913953988,-0.08846599670178731,2.1831398090947425,0.1457441485067621,0.23627708462465397,0.46460691088599204,-0.16191037625971777,Financeiro e Outros,False
ALOS3,-0.3864328219008345,-0.8464987444318204,0.5559106571535403,-0.0025511423422138325,1.1528542516605675,0.2542860683778666,-0.09178040103676341,-0.23183355246761264,-0.2501292736125509,-0.18054882937771363,-0.2768480675166974,-0.4915338011783351,0.0977530914448756,0.2138205236848933,0.3570178451327922,-0.7888099843318732,-0.26816705298783916,0.09825473301899736,0.9376441192607031,-0.9172127339592409,-0.41857507530366456,1.6419113099834801,3.4564003182581513,0.20192761973817178,-0.4323019579627528,-3.5794884894684853,Financeiro e Outros,True
B3SA3,-0.5787136098028561,-0.4215795088841512,-1.9078647385041199,-1.2363363612921854,1.7341870118101588,0.29790337239115655,0.2584853132343128,-0.2121423751233626,-0.19686375666205033,-0.20694076474775883,-0.22457598337444382,-0.8830757447561363,0.1184508115545405,-0.6203589646563633,0.1917540852009874,0.8059750006821168,0.6138561526946993,-0.017490531809022308,0.5724351780367488,-0.4574682740764795,0.24164308190008985,-0.32742136371861436,0.05379595922790144,-0.8178500001384297,-0.6392809276970786,0.29878628256528184,Financeiro e Outros,True
BAZA3,-0.020059969276712372,0.6985690301258489,1.0125176802870064,0.5831852747350454,-0.9478883112978763,-0.34350890917155097,-0.2637395161154796,-0.27650098505803267,-0.2959968020977042,,,0.5687909652808032,1.440137645589306,0.4777417177363643,,-0.019174825424805263,-0.3955307277625107,,-0.6449279593764319,0.6918928756304245,-0.47359325507064404,1.282519363238075,0.9510017443046194,4.00883420341234,4.469359478445575,-0.3527039420357277,Financeiro e Outros,False
BBAS3,-0.3565513481052501,0.3012951424330883,0.9173912171342009,0.6081102286532266,-0.4708287729096768,-0.6082262924376635,-0.5034051284063972,-0.12280750994252253,-0.0534772893155008,,,0.6393171538755624,0.038442817853314847,0.48716747466677396,1.983363482643508,-0.5246947494719614,-0.5324169202773447,,-0.8478218156119619,0.8834530672482419,-0.363556895536685,0.23250903606968124,-0.5595079424568704,0.4321136441722603,0.03612413143598433,-0.3247829324099702,Financeiro e Outros,True
BBDC3,-0.20454559010162496,0.3105102583847245,0.6605497666216263,0.5707227977759548,-0.5636433988731137,-0.5211502927893137,-0.43877619924929584,-0.23183355246761264,-0.21542598226601262,,,0.5785187154318046,0.014614350164036772,0.47302883927115946,3.215329693044235,-0.2252519991212334,-0.4907559051641344,,-0.8072430443648558,0.8451410289246785,-0.41857507530366456,-0.433323692853624,-0.505476532262076,-0.24595371462583002,-0.23258540821910514,-0.1712173794683036,Financeiro e Outros,True
BBDC4,-0.2292302858458034,0.17740302797220175,0.5083474255771375,0.5582603208168642,-0.5636433988731137,-0.5211502927893137,-0.43877619924929584,-0.21896183048067863,-0.21542598226601262,,,0.551767402516551,0.016875445638201845,0.4636030823407498,3.215329693044235,-0.2252519991212334,-0.4907559051641344,,-0.8072430443648558,0.8451410289246785,-0.41857507530366456,-0.433323692853624,-0.505476532262076,-0.24595371462583002,-0.23258540821910514,-0.15725687465542484,Financeiro e Outros,True
BBSE3,0.07478123016144683,0.3002712406606843,-3.074210303220671,-3.575667911283086,,,,-0.24777402936533888,-0.2506673091373034,,,,0.24646360147650156,-2.3122823336649008,0.0903422325155617,3.5835167930154284,4.082052338839236,,1.4245893742259754,-1.262021078871312,-1.0237750527404395,,-0.2367413605037563,-0.6987421154021862,0.6606922506343007,0.39185631465114035,Financeiro e Outros,True
BMEB4,-0.607295889085589,-0.1912016100932463,-1.746149751144351,0.3588606894714142,0.013105922957295497,-0.5103649230696637,-0.44493133535949597,-0.19824773483283117,-0.20574134282046708,,,0.48610508899729243,0.023832662481786688,0.3646326345714481,,1.05747326572388,-0.37291474812962516,,-0.8478218156119619,0.8834530672482419,0.2966612616670693,0.7090695171772248,1.421643764685592,-0.02513572606987289,1.1799552799677844,-1.0135011698453231,Financeiro e Outros,False
BMGB4,-0.27924927459058607,0.4016375161286825,1.0030050339717258,0.595647751694136,-0.21415622703548148,-0.59363432164049,-0.5203317527094475,-0.2181946417529806,-0.20399272736502136,,,0.666068466790816,-0.0020829702605668406,0.4824545962015691,-0.7848044962142231,-0.5339471940052705,-0.509800940644459,,-0.7260855018706438,0.7685169522775515,0.021570362832171692,0.5366965772021561,-0.5102161296475842,-0.6434260940265526,-0.7336923875758937,0.19175574566654457,Financeiro e Outros,False
BPAC11,-0.5826111933414105,-0.3806234379879903,-1.270517435380324,0.2965483046759611,0.09637171908910291,0.08473371204984133,0.10595334650341581,-0.2085621610607717,-0.18879322379076235,,,-0.5596280522353441,-0.0066051612088969865,0.369345513036653,-0.7873961324495172,0.4737281288042023,-0.3622019156719425,,-0.7260855018706438,0.730204913953988,-0.6936659741385622,1.1540846236488078,0.9126110054820024,-0.18528452989126393,0.3701954510071769,-0.02695882973522293,Financeiro e Outros,True
BPAN4,-0.5722176372385985,-2.6997609524831003,-0.23363898701474461,0.40871059730777676,-0.3921464150970516,-0.6348724999803279,-0.5538003053086608,3.9965296775359707,5.121221949406033,,,0.505560589299295,-5.463456449173605,0.41176141922349657,-0.7735365125825092,-0.8300254190711589,-0.5407491232999868,,-0.6855067306235378,0.730204913953988,0.18662490213311028,-0.5043007857845347,-0.9576341228395662,-0.7183703810516047,-0.8607847374127604,-0.7017165623576972,Financeiro e Outros,False
BRBI11,-0.060984596431534574,-0.05604657613591536,-0.728296595409333,0.5208728899395924,2.094368873059216,-0.6186944454008529,0.4387153924611103,3.9931600141575365,2.424983355457033,3.859576622405839,-0.6721557038424903,-0.7517511177176192,0.05131366901394681,-4.74049870529239,-0.4016930527359482,0.5351307152525255,-0.4859946462940531,-0.9777838730516604,-0.928979358106174,0.9600771438953685,-0.9137386932064804,-2.1909643703379706,0.30689045961404376,-0.6416417062402417,-0.3778338080326671,-0.7156770671705759,Financeiro e Outros,False
BRSR6,-0.11425157145844596,0.612561281243911,1.041055619232848,0.6164600882158173,-0.5873244968555543,-0.5146473492818777,-0.4853244160826843,-0.2762452554821333,-0.2941136777610703,,,0.6685004043285663,0.21237323894293583,0.4903251032384613,-0.3002812000505225,-0.29590703010286584,-0.5121815700794997,,-0.8478218156119619,0.8834530672482419,-0.3085387157697055,0.0038050699589689684,-0.530122438666719,0.2251246609602117,0.15595406128217293,-0.21309889390693995,Financeiro e Outros,False
CXSE3,-0.2051951873580507,-0.031472933598218816,-1.8603015069277176,-3.4671197369694062,,,,-0.2219453421995044,-0.21300482240462626,-0.20614100913048472,-0.23110999389222547,,1.02271507079948,-1.2943005851806553,-0.1350174401187177,1.4729921384015756,2.962347090362241,2.001970071817477,2.4540728007650565,-2.284569381727221,-1.0237750527404395,,0.5756256313723634,-0.7848388260916805,-0.44319558794876995,-0.0409193345481017,Financeiro e Outros,True
IGTI11,-0.5364897881351824,-0.6877939697091969,-0.5095057301578806,-0.6630624211740168,1.097852991830383,0.5814951526666562,0.17692975977416103,-0.2298729590523843,-0.23856150983037147,-0.24117030516709015,-0.05469170991211955,-0.9852171213416496,0.12036404618652634,-0.16320975353149386,0.2105340579205106,-0.21011163533945487,0.12344648907633779,0.192420372201115,0.8564865767664911,-0.7256525423414235,-0.19850235623574647,-0.5504922272157624,1.1315804046924849,-0.4707865757009862,-0.45045800793944807,-0.0967613537996168,Financeiro e Outros,True
IRBR3,,0.27262589280577576,0.7937268150355538,0.32147325859414233,-1.2645275085147036,-0.4543761655544225,-0.4187720068911454,-0.2511837570439969,-0.25604766438482873,,,0.5493354649788007,0.03339883564171584,0.28922657912817074,-0.20638133645290613,-0.4136654150722532,-0.2003191140891824,,0.24780500805990083,-0.15097196748797156,0.9568794188708236,-1.9125764391756206,-1.2443797646628172,1.9180625732225487,1.4014590896834664,0.8618599766847259,Financeiro e Outros,True
ITSA3,0.2475741003706959,0.27672149989539174,0.2419933287492825,-0.7378372829285603,-0.826809149032817,2.750623333342123,3.1210083004842613,-0.24615440871797634,-0.24515244500858996,-0.21381866305631606,-0.1886389255266444,-3.0523640284294196,0.4240465614090046,-0.07366506269260192,0.026490325269182574,0.18942574223525238,1.0626048011998503,0.6524587552887527,2.1550072566738843,-2.104885921989708,-0.6386477943715826,-0.5392260219886336,-0.10166283501677022,-0.6104149199798035,-0.446826797944109,0.033536691120585105,Financeiro e Outros,False
ITSA4,0.2703100043455971,0.28081710698500795,0.25150597506456307,-0.7253748059694699,-0.826809149032817,2.750623333342123,3.1210083004842613,-0.24649538148584213,-0.24515244500858996,-0.21381866305631606,-0.1886389255266444,-3.0353404656651675,0.42161153551374986,-0.06895218422739709,0.026490325269182574,0.18942574223525238,1.0626048011998503,0.6524587552887527,2.1550072566738843,-2.104885921989708,-0.6386477943715826,-0.5392260219886336,-0.10166283501677022,-0.6104149199798035,-0.446826797944109,0.028883189516292176,Financeiro e Outros,True
ITUB3,0.14883531739398217,0.2060722775995143,-0.1289998775466588,0.5084104129805017,-0.39558399383643805,-0.43661202719264625,-0.38684223831948217,-0.2422332218875196,-0.23694740325611388,,,0.498264776686044,-0.029216115950547714,0.44946444694513527,-0.743488556231272,0.45438210841637433,-0.43243048400563994,,-0.8478218156119619,0.8451410289246785,-0.3085387157697055,-0.40177831821766374,-0.054266861161687385,-0.0898197833236382,0.5118126408253997,0.08472520876780729,Financeiro e Outros,False
ITUB4,0.0721828411357439,0.11801672517276847,-0.3002275112217085,0.495947936021411,-0.39558399383643805,-0.43661202719264625,-0.38684223831948217,-0.23575473929806937,-0.23694740325611388,,,0.4763773388462912,-0.032172933109071274,0.4447515684799304,-0.743488556231272,0.45438210841637433,-0.43243048400563994,,-0.8478218156119619,0.8451410289246785,-0.3085387157697055,-0.40177831821766374,-0.054266861161687385,-0.0898197833236382,0.5118126408253997,0.1172997199978578,Financeiro e Outros,True
LOGG3,-0.519600259468113,0.48354965792100424,0.9839797413411646,0.2716233507577799,2.0007903407092487,3.1133448335166425,2.4804894490165603,-0.2749666076026366,-0.24945672920661022,-0.2622838534631263,-0.04162368887655615,-1.617520881156732,0.13079987145190358,0.32692960684980943,-0.2965252055066179,-0.416188809035883,0.030601941109754862,-0.13029312041260085,1.0593804330020213,-0.9172127339592409,-0.8587205134395007,-0.43219707233091115,1.0614343633869625,0.9602924289202461,0.6134865206948931,-0.11537536021678851,Financeiro e Outros,False
MOAR3,3.8686435747824386,-1.3758559607646994,0.7747015224049928,0.23423591988050804,,,,-0.4113275844956083,-0.3836333734582083,-0.31858664891922267,-0.35852319898896867,,0.014092558900767911,0.09128568358956746,0.5598415505036436,-0.968812087070794,-0.43600142815820075,-1.8478351434114355,0.5724351780367488,-0.4574682740764795,-1.0237750527404395,,-1.5003180234802644,2.382003397663347,-0.029237648480118433,-0.3852784532657782,Financeiro e Outros,False
MULT3,-0.39098000269581473,-0.07754851335639973,-0.68073336383293,-0.7129123290103793,1.3445947546796841,0.40448820256181417,0.2509837411000064,-0.2420627355035867,-0.20896955596898226,-0.24868800796946666,0.03678443733682426,-0.5061254264048372,0.3170793524388877,-0.12079384734465036,-0.21013733099681078,0.46279342162847326,0.5376760107734003,0.5023822678422525,0.775329034272279,-0.6490284656942965,0.18662490213311028,-0.1088569823123179,0.4737242875839353,-0.46231073371601,-0.10186184838689946,0.3499748002125041,Financeiro e Outros,True
PINE4,-0.3604489316438046,0.16306840315854537,-0.49999308384259983,0.5582603208168642,-0.947124404911346,-0.5504928427618906,-0.4987887763237471,-0.23123685012384748,-0.22833883486007336,,,0.6174297160358097,-0.023302481633500603,0.46831596080595467,-0.7510005453190811,0.7319554444156448,-0.4871849610115735,,-0.96955812935328,0.9857462095721562,0.021570362832171692,1.1788702751484912,,-0.7402291314339114,-0.5012949478741947,-0.22705939871981873,Financeiro e Outros,False
PSSA3,-0.38318483561870575,0.08832357377305174,-0.4619424985814776,-0.07732600409675748,2.094368873059216,-0.5059238884792198,-0.4428155073216147,-0.2238206924227663,-0.2680189548105726,-0.14439987547692448,-0.49247041460349356,0.5371757772900492,0.08418651859988517,-0.1914870243227229,-0.3190611727700458,0.5527944729979337,0.10916271246609424,0.22577070274478164,0.004332380577264688,0.07890026245340899,2.9375338904820865,-0.1088569823123179,0.34243744000535586,0.043563203703091476,0.8313591204152359,-0.02695882973522293,Financeiro e Outros,True
SANB11,-0.32666987430966565,0.05146310996650701,0.6510371203063458,0.5582603208168642,-0.27832436350403034,-0.47769159715425386,-0.4607038716418838,-0.2442790584947144,-0.24515244500858996,,,0.5541993400543014,-0.0024308311027460825,0.4636030823407498,-0.7810485016703185,-0.4708623449145272,-0.4978977934692561,,-0.7260855018706438,0.7685169522775515,-0.363556895536685,-0.1967333830839216,-0.8599984166980956,0.4878757624944717,0.15232285128683398,2.360287493267048,Financeiro e Outros,True
SANB3,-0.3377130276689034,0.07296504718699137,0.6700624129369068,0.5582603208168642,-0.27832436350403034,-0.47769159715425386,-0.4607038716418838,-0.24555770637421118,-0.24515244500858996,,,0.5566312775920517,-0.0022569006816564614,0.46831596080595467,-0.7810485016703185,-0.4708623449145272,-0.4978977934692561,,-0.7260855018706438,0.7685169522775515,-0.363556895536685,-0.1967333830839216,-0.8599984166980956,-0.2486302963052961,-0.4105146979907185,2.304445474015533,Financeiro e Outros,False
SANB4,-0.3188747072325567,0.02484166388400246,0.6224991813605041,0.5457978438577735,-0.27832436350403034,-0.47769159715425386,-0.4607038716418838,-0.2425741946553854,-0.24515244500858996,,,0.5493354649788007,-0.0024308311027460825,0.4636030823407498,-0.7810485016703185,-0.4708623449145272,-0.4978977934692561,,-0.7260855018706438,0.7685169522775515,-0.363556895536685,-0.1967333830839216,-0.8599984166980956,-0.2486302963052961,-0.4105146979907185,2.4039373383153158,Financeiro e Outros,False
SCAR3,3.5741616505269533,2.232681055718795,1.0665495113577999,0.33393573555323297,-0.1920029418261016,-0.35128071970482805,-0.8194521328648297,-0.2164045347216851,-0.06127880442441253,-0.37632900448641243,-0.04162368887655615,0.2647987730620136,0.026615549219220623,0.341068242245424,0.44716171418650386,-1.6005017092994367,-0.8071296539338535,-0.774739213565219,0.9782228905078092,-0.8789006956356775,-0.2535205360027259,-0.9910008515964941,,0.17694619072982098,-1.318716629924968,-0.2037918906983541,Financeiro e Outros,False
SIMH3,-0.6229836628282708,1.8965341038385544,0.07076569507423258,0.595647751694136,-0.724827646431016,-0.3787199691386432,-0.6318935947068249,-0.30250015860780005,-0.2517433801868085,-0.311228897240301,3.7828960174440165,0.6991428173042202,0.011483602584423595,0.46831596080595467,-0.27774523278709456,-2.5140292033258844,-0.6978706660126657,0.12375792696415422,-0.96955812935328,0.8834530672482419,1.7821521153755167,2.055381041819103,,-0.8223332744515355,-1.2384305769280215,-0.28755491957562673,Financeiro e Outros,False
SULA11,,-3.4955374099955074,0.5559106571535403,0.30901078163505175,-1.4733413192727731,-0.6740646302409967,-0.5874612059113178,-0.4112704715569908,-0.24676655158284758,-0.4995073646589688,-0.7499104290040925,0.6417490914133128,0.014092558900767911,0.11013719745038683,0.06780626525213374,-1.0764768961856626,-0.5359878644299055,-1.8728478913191857,0.004332380577264688,0.07890026245340899,2.974396070925963,-1.2016788893438004,-1.60349905856278,-0.1094480489730565,-0.8172102174686918,-0.6598350479190609,Financeiro e Outros,False
SYNE3,0.45544522242693536,0.45590431006609566,0.5939612424146624,0.2716233507577799,0.31102941370412956,0.22716403570051175,0.10056760240699067,-0.2723240686516766,-0.27743457649374187,-0.2240555349574245,-0.13636684138439084,0.17724902170300214,0.10714533418371514,0.33635536378021913,-0.2251613091724294,0.10194808482942179,-0.011059074003455523,-0.30685369387907163,0.12606869431858264,-1.1470849639006215,-0.2535205360027259,0.9400267243333629,0.8543139576402504,-0.7719020146409276,-0.6937490776271642,-0.28755491957562673,Financeiro e Outros,False
WIZC3,-0.5170018704424099,0.377063873590986,-0.2716895722758668,-0.027476096260395096,0.6395091599121769,0.07870659367709577,-0.3356776694034437,-0.2898841661967654,-0.31523157210760716,-0.21205920069831305,-0.16250288345551764,0.5006967142237944,0.617457189660663,0.1666917390328449,-0.39042506910423425,1.0313981947663728,0.32937093520734884,1.47836988228191,0.04491115182437052,-0.9172127339592409,2.1122611939773934,-0.25081116817413934,-0.6419769369647145,-0.7910841833437683,-0.5412382578229242,0.3220537905867465,Financeiro e Outros,False
BMOB3,1.169509454795721,-0.15271145475627207,0.3150139058463587,0.20943321281698427,-1.0131005226527243,0.3195772557946945,0.41080982358352147,0.3561268937203726,0.16094476826731274,1.6083325364988266,-1.7076185515694056,0.5858909862973923,-0.821976250144374,-0.6384629845709964,0.4334620599506475,0.4195114984857832,0.5644820146284864,0.428900912421027,0.8232950576391392,-0.7651886530337595,1.2071239690763333,1.675315722681295,0.8037358016503967,1.3587537798412133,0.8200971646854289,0.3277426134450078,Tecnologia da Informação,False
INTB3,0.8145642652469363,0.22120715735200563,0.6374286966637532,0.740694632566766,-0.755259742586328,0.37312814393848703,0.5170498134710388,-0.08812369705716636,-0.06629339132276366,-0.17489686698664955,0.6684555476614039,0.8471002142120719,-1.070824502809557,0.2887119829383167,0.8239647990182764,0.6076424611631561,0.5586084560867413,0.5240785057067582,-0.907225294728992,1.1893217921439014,0.5738045078717332,-0.5862635364842349,-1.4095913603412726,0.22773760824615163,0.4984416682002669,-1.2076432965467,Tecnologia da Informação,False
LWSA3,-1.0071767022295703,1.366716240762566,0.7568394110083045,0.740694632566766,0.23623683325181113,-1.6727623990866318,-1.715615287444957,-1.5177456123882507,-1.45537798264596,-1.1382084210344734,0.29904104218397715,0.261364586297658,0.5068878151150774,1.4878582742503612,-1.710986846818059,-1.7233823595485285,-1.7317269616812812,-1.718926999532308,1.1590160059985564,-1.1893217921439014,-1.4507083772319491,-0.1863397149407679,,-1.442647836525462,-1.7103936281711452,-0.5717486852295108,Tecnologia da Informação,False
TOTS3,-0.9768970178130864,-1.4352119433582997,-1.7092820135184168,-1.690822477950516,1.5321234319872423,0.9800569993534501,0.7877556503903966,1.2497424157250443,1.3607266057014111,-0.2952272484777032,0.7401219617240248,-1.6943557868071228,1.3859129378388535,-1.1381072726176822,0.4535599878491363,0.6962283998995891,0.608636490966054,0.7659475814045227,-1.0750857689087017,0.7651886530337595,-0.33022009971611777,-0.9027124712562923,0.6058555586908767,-0.14384355156190112,0.3918547952854491,1.451649368331203,Tecnologia da Informação,True
BIOM3,,1.6997502759513696,-0.9799864071832073,-1.7950007332636395,-0.9775164477786813,-2.1414864584978135,-2.206236927906654,-3.112175158961964,-2.7957488030681015,0.6000671125167298,-0.6039733307350291,-3.3028887592889453,0.40997573855639036,-2.075457186553747,0.924347112283826,-0.12208354563346985,-1.0966319452998152,-1.2454533708750828,1.5676000406492687,-1.6083820747159954,-1.0945582375804137,2.94251146638374,,-1.0953217946465799,-0.4927569543844185,0.4727158305326656,Saúde,False
BLAU3,-0.28129033252069174,0.3796345176069385,0.6163660481548682,0.16141294078305987,0.45102470833723796,0.9977360324343341,1.0440155247335867,0.17670953065539455,0.08029691301764769,0.2232746522219877,-0.6039733307350291,-0.02151786847477105,0.17566807485236074,0.048705749266591145,1.5377794514292384,0.3972613431897079,0.7641669050934262,0.1781813379071025,1.9325749027183738,-1.9298392010768708,-0.7312877365691248,-0.5480144441938825,0.06690182323274158,1.2650824075790625,1.118147469378769,-0.02498788662491136,Saúde,False
DASA3,,1.0759481122877248,0.8652270773140358,0.7166114158503665,-0.23408595746186048,0.23261666081440613,-0.3414338120932784,-0.08559185737378991,0.2777417327559339,-1.0515398384418901,0.052592615821614355,0.5715761852302266,0.26776864327370026,0.8074339053265895,-0.7387361182881825,0.004431113184456058,-0.4159576221130981,-0.050550790577463534,0.011505667486416623,0.03628229271174028,-0.5314889610129161,0.4570914184545828,,-0.20642184553256743,-0.7624558850597032,-0.28568983370745166,Saúde,False
FLRY3,2.267828394023905,0.016366233743685767,0.30680720700565967,0.2142889860275653,-0.33540928894719596,0.5205648114240565,0.488666634444337,0.30161495352643475,0.3734420280372459,-0.376453347080477,-0.14942767542658358,0.17201808589212292,0.2343642920327999,0.37978712645640855,0.5971831980729388,0.3627170839558752,0.38957925207857064,0.30071640673812,0.22370035473589667,-0.18799012102840565,-0.5496524860634806,0.016812704146983704,0.2380601990647364,0.5710978689936649,0.6370628903363691,-3.3484637083871505,Saúde,True
HYPE3,0.2599680332625626,-0.2242323359928241,0.5010402053737906,0.25394601996094435,1.4212545162229782,0.6187022423461209,0.7214348774555248,1.021070189263626,1.3106602040153674,-1.5014300360338118,-0.10902361717694406,-0.49599311143876895,0.6056966045270028,0.4901475855196811,-0.6842087992530346,0.2976144415536519,0.2907297325329837,-0.30007674892426284,0.860284416484336,-0.8608073622488426,-1.110178869123899,-0.21858383617589114,-0.5688851116500336,2.4163684862508252,0.7828460961067932,-0.30939001071495537,Saúde,True
MATD3,0.09342699763694606,-0.3652728768728471,0.543528673766819,0.5183262461834712,-0.21111148113669742,0.4976464892326762,0.2989445733598755,0.12674736150697843,0.21629206947003868,-0.32621435237451135,-0.21003376280104302,0.3156092778417539,0.16469235944463634,0.6280981593487718,1.5650431109468124,0.28048993697619634,0.16673428257667733,0.1952619838653655,-0.2714205821795564,0.2605547064518862,-0.7494512616196893,0.22916778417370406,-0.7005754601783036,-0.6005365217662502,0.010195105523544985,-0.18496408142556106,Saúde,False
ODPV3,0.7769391646837479,0.1698515282307698,-1.720499713461706,-2.54531181528317,0.25191258018582346,1.4566196076344642,1.3228059820022375,0.4789806540033117,0.1840561805331756,0.659725918730064,-1.1320543720578184,-0.8331202577552939,-3.6891771873183923,-1.8619096982663141,-1.161322840810578,0.803286299221968,2.0177002070782777,1.4379903728461214,1.426136915816282,-1.4588671322225646,0.30403319131304785,-1.0250349465412953,0.2810451792965159,-1.035347822176237,0.600617088893763,0.8826103918774414,Saúde,False
ONCO3,,0.8643873009676901,-0.2698220068997289,0.624078336672482,-0.12451537806492813,-2.33454100224941,-2.3940777114106138,-0.6801416702399412,-0.8867797550882434,1.0804774993925264,3.418048647725342,0.546603804021595,0.42954114428320345,0.7039709749547716,-0.8886862456348388,-3.5808821226855736,-2.699901784245343,-2.762927663278404,-1.6577592055428247,1.6076843383176942,-0.31352666040614297,,,-1.320052837203308,-1.972456492954224,-0.09016337339554643,Saúde,False
PFRM3,0.9469498052182318,0.2682243424580127,0.7499012345329581,0.7562684497837455,-1.0370144505694887,-0.19401672151744326,0.14801721944394547,-0.11307105040541872,-0.042602413554142606,-0.122118436381526,-0.3211449229875519,0.7401397583884889,0.14608136375327757,0.5867129872000445,-0.6569451397354606,0.32167732298576623,0.1840763035495873,0.4730081398823386,-0.8372730815115027,0.5595845914387466,1.9529179954032863,-0.3144861303815067,1.8407161097518796,0.8559742382277943,0.5131471654315085,0.6208419368295635,Saúde,False
PGMN3,-0.06270522326206968,-0.4085332108402492,0.3675050189957006,0.4390121783167132,-0.03379565103736051,-0.041227906908240984,0.16555455282150075,0.11300776499116397,0.1860709235917295,-0.26655554616117716,-0.11912463173935396,0.6215209476474894,0.1923702504728109,0.3521970116905905,-0.275253906489426,0.29850019179041687,0.1875447077441693,0.6735200706967308,-0.41288370701254307,0.48482712019203134,1.1758823937401406,-0.41723858845895206,,-0.619813870060289,0.04664090696615103,0.6089918483258117,Saúde,False
PNVL3,-0.8537751424837492,0.002143658192759161,0.47676108057777417,0.4390121783167132,-0.020835690033422342,-0.09587929059537874,0.20647499736912964,0.2828791400957787,0.539658330367946,-0.9416420375225905,0.10309768863366389,0.6152778523453316,0.16182912933827345,0.2763241960845906,0.1882283053093302,0.33023957527449394,0.2794574189005922,0.16110069194883941,-0.12995745734657008,0.1857972352051709,1.066901243436754,-0.5330686321098904,0.005159760718003717,0.26051836870081735,0.38194228023812665,0.8163683971414687,Saúde,False
QUAL3,-1.3808081281406488,-2.7581619525848007,0.9259248893040768,0.7959254837171245,2.9188133555762334,0.4136126411976149,0.1283541486872926,-0.12431253846381236,0.26363853134605625,-1.1017788331478557,0.002087543009564819,0.5278745181151215,-0.0071014469371369045,0.8488190774753167,-1.2902799503287026,0.20933466795607936,0.027998114793397453,0.11728512188199074,-0.20068901976306303,0.2605547064518862,-0.9310865121253336,-1.533229921927235,-2.2008645943062017,-0.5405625492959072,-0.14287726053540042,-0.4338159400043496,Saúde,False
RADL3,-0.8572447473926161,-0.9667693012141221,-2.2059608137580526,-1.2265832468852065,-0.19049336135770467,-0.0053813004037743355,0.2622756035704418,1.3895162056486203,1.1581844493440054,0.06313785659672222,-0.31104390842514196,0.1969904671007544,0.5855871850799808,-1.7377541818201327,-0.5206268421475914,0.48170286576129917,0.494498478964676,1.2847101412902304,-0.5543468318455298,0.6343420626854619,1.5936434699031226,-0.24847546034387524,0.14896405822068426,-0.6690782045894992,0.4038097611036903,0.7630429988745855,Saúde,True
RDOR3,-0.9092888210256215,-0.5969823368900279,-1.2227776551433704,-0.2615954211729832,-0.6806155229611872,0.6157639959113286,0.528524210302417,0.9361345017113187,0.6313291395321503,0.4116708823693588,-0.7150844909215379,-0.4210759678128746,0.21766211641234975,-0.3789410296035897,1.787787209205391,0.447453856606388,0.35662941223004163,0.48266241803266113,-0.9080046439279961,0.8586144764256078,-0.7312877365691248,0.5835080789983488,0.8894780358499769,0.922373993462817,1.2309836706450772,0.6030668040739358,Saúde,True
VVEO3,,0.843646044955922,1.0459851614203777,0.9096089809928112,-1.1976119309737452,-0.5407298008229406,-0.3733198727797425,-0.7113680259577012,-1.4962395303008102,2.6493785053164505,0.6990575478158477,0.7669850681877679,0.10504173222874284,0.9318653229204292,-0.3843085445597217,-0.5317430301372557,-0.9466234638841438,-0.9454281114342884,-1.0494677687609826,1.1576443614124692,0.649140167273772,0.6090405079751685,,-0.20427991794434094,-2.3548458416900466,-0.09016337339554643,Saúde,False
BRAV3,,-0.21477261405728806,0.8818470608244836,1.1822187036734217,0.24921515527997914,0.30636495326679924,-0.14400371299602968,0.18942996362832026,0.2952173235757552,-0.3158453734334503,-0.33457873621315254,0.3722587656996807,0.38953944362951,1.1426010371768403,-0.16733624593162194,0.29584674728065274,-0.18661609597528034,0.3168968354597459,-0.24599853402040767,0.5495250268776137,-0.6762449553160013,2.842635799198459,,0.7147476433428714,-0.22735315510823972,0.12187734840137382,"Petróleo, Gás e Biocombustíveis",True
CSAN3,,1.509676155202796,-2.7342357113428553,1.1193948805427265,0.3619606213679064,-0.950633395007765,-1.7666427738105566,0.6334894778278968,0.5528942745146614,-0.5364804017373429,2.900049996099934,0.4664180589081493,0.3845500177892129,1.030379622492587,-0.0665236871958002,-2.847577094251016,-1.9633639093815827,-1.268965325345145,-1.9621645130420107,0.9237971378107753,-0.6032360532575934,-0.2599934321300952,,-1.6045536991613591,-1.6417466456825778,-0.05263827486889478,"Petróleo, Gás e Biocombustíveis",True
ENAT3,,-0.9531435675429569,-0.04510346091296149,-0.702495990247433,-0.11543589503868858,2.207673855917348,0.573043422535606,0.28159155263309127,0.28528634585171925,-0.2858216942328622,-0.622941950744023,-1.9840775468422467,0.2980666365573978,-1.3161701585551515,2.388136102323038,0.36417089257607327,0.11551312024178205,0.7027322171848682,0.19631228531505696,-0.01188313952212781,-0.7526305190946103,-0.5355260059917605,-0.9002498739134656,-0.18679411023619977,-0.2191952321433597,-0.030823821960111204,"Petróleo, Gás e Biocombustíveis",False
PETR3,1.011492198272795,0.06730168277993391,0.3329947782167859,0.05138988732090877,1.4056615074390049,0.49012917880135476,0.15791087038571164,0.21914561615789596,0.28826563916893,-0.3022753489360094,-0.3761955949995388,0.06624106277215767,-2.0094097632242374,0.3944582726151509,-1.3014775317096157,0.4484857952810602,0.39626526927367506,0.48068001790632847,0.19631228531505696,-0.01188313952212781,-0.5393532639564869,-0.5646276183969194,-0.5960584665094433,1.2774054691210255,0.8386154456360752,-1.4210589058368883,"Petróleo, Gás e Biocombustíveis",True
PETR4,1.3467934794681966,0.12122765129293218,0.38178164778191465,0.11421371045160399,1.4056615074390049,0.49012917880135476,0.15791087038571164,0.2122550300640813,0.28826563916893,-0.3022753489360094,-0.3761955949995388,0.1133207093763919,-1.9155752945877178,0.4692725490713198,-1.3014775317096157,0.4484857952810602,0.39626526927367506,0.48068001790632847,0.19631228531505696,-0.01188313952212781,-0.5393532639564869,-0.5646276183969194,-0.5960584665094433,1.2774054691210255,0.8386154456360752,-1.3615054493959091,"Petróleo, Gás e Biocombustíveis",True
PRIO3,,0.4675982952033445,-0.09389033047809021,-1.4111487151616742,0.2640331308229639,0.22277775345767833,2.3434731421980635,0.5468791172449553,0.36537258764055214,-0.3293305852777823,-0.39700402439273197,-1.7698651547929807,0.8422965757975301,-0.9521987035958899,0.45014067632528576,0.7184839193207144,1.7675043695554349,-2.1918835584316376,0.7860600444290099,-0.7604273613884511,-0.6944971808306032,0.2574929320488211,1.5485494540364915,0.9219456970254977,2.125391827963141,0.012805083857455943,"Petróleo, Gás e Biocombustíveis",True
RAIZ4,,1.3718953056520853,0.9484411377808842,1.7539154941627477,-1.4331018211053879,-1.1919579357696546,-0.6949110706035175,-2.9689089320184023,-2.9908885849302655,2.9927640744713613,0.3853929207913299,1.0068924019247592,0.17499413249673768,1.414925003477295,-0.6587974697687524,-0.5612578498721119,-1.4549887489620048,-0.7555680419068188,-1.4254940522483133,1.9455600006583056,0.6287891689780364,-0.37416129618110344,,-1.581927671699216,-1.0404261439412759,-0.05263827486889478,"Petróleo, Gás e Biocombustíveis",True
RECV3,-0.5207986028889863,0.15856101410962345,0.7110930173465332,-0.26272922833256696,0.493389621836119,0.4218556644534469,0.28978160795474806,0.23809472791588626,0.28720160584135473,-0.2966777138308149,-0.5509864019023611,-0.027918230436311035,0.7620832397050215,0.09520116679047527,0.3871328271153974,0.3795801678980192,0.6029102520636469,0.8334437954835832,1.7923171584171922,-2.037630939947864,-0.5302271511991858,0.31271137609963556,0.9972902756380677,-0.31203382268436486,-0.22191453979831974,2.10393853969345,"Petróleo, Gás e Biocombustíveis",True
UGPA3,-0.5996665117723136,-0.42010610954908917,-0.17926735221706522,-0.9537912827702136,-1.2358036980495775,-0.9385100606843048,-0.4337723073911493,0.252306561734379,0.2949335813550685,-0.3031234754670994,-0.317931992698598,0.8783649666951995,0.5974321869752195,-1.0644201182801434,-0.02871897766986703,0.4457237553648624,0.41336692302181055,1.075638176526467,0.27003075520430114,-0.5732913059218704,1.8824432784484695,-0.5953540708280332,0.7691467200850509,-0.39122952320305765,-0.07235261877552038,1.190785540931769,"Petróleo, Gás e Biocombustíveis",True
VBBR3,-1.2378205630796908,-2.1082378130913813,-0.20366078699962958,-0.8909674596395184,-1.3955801299913257,-1.0578291932362558,-0.48279004865858716,0.3957168848118963,0.33345158781329365,-0.32093413261999065,-0.30960862094132074,0.8783649666951995,0.4760228248613251,-1.214048671192481,0.2989218382215531,0.30805787112068533,-0.08685644911115599,0.32634586521627945,0.19631228531505696,-0.01188313952212781,1.8243099401844625,-0.5185500654220845,-1.222619642827257,-0.11496545162622258,-0.37963438378599895,-0.5107417859533498,"Petróleo, Gás e Biocombustíveis",True
BRST3,-0.757873450228374,1.0234099579747087,0.9977748263435477,1.4314303463318296,-1.296958518031413,-1.4005392602966227,-0.315921680188457,-0.6775565033787755,0.33233409684603615,-1.5874157304891692,0.6586766225681179,1.2329927974177777,-0.7435335141197954,1.2379804600533368,0.6427028579300237,-0.8314478235393635,-0.6028460084492364,-0.9044806704585271,-0.1486249735388254,0.6434090825839307,-1.1046404513541883,0.9327716393959476,0.5000546919961761,-0.8347435548566859,-1.0666930046187255,-0.4850462986135157,Comunicações,False
DESK3,-1.0909244933118936,-0.3407633156922625,0.6905819561746843,0.9317704019530316,1.7267569015375117,1.3760773109272342,-0.955647525034946,-1.1687662421014793,-0.7344236689867769,-0.6302733781690565,0.9615164490362181,0.4866958021297563,-0.649294936356794,0.9655667258405797,-0.35752020952939106,-1.433912435963397,-1.0274204213191678,-0.07345467451212888,-0.1486249735388254,0.6434090825839307,-1.4041149137902824,,,0.557470452526534,-0.33758700210173437,-0.5395969601258136,Comunicações,False
ELMD3,-0.9523558111530569,-1.576679341391671,-1.4690561613170565,-1.6933779745510555,-0.14768615796643314,0.37906755632639666,-0.1803982629922709,1.7716675208726176,1.8296488626746659,-0.3492288093437603,1.0026161397711744,-2.0285011493218863,-0.6861232920962833,-1.8435718942556316,1.3946562711450476,0.299780182719134,-0.28007013901595523,-0.4145777399294865,-0.7488412128302345,0.7681410533594909,-0.3165497607328888,0.35024230982376553,1.1538629780949348,-0.2977700396995004,-0.030379416771541365,2.091898240352958,Comunicações,False
FIQE3,0.7042171560089746,1.1848355286763985,0.5254614884467397,-0.15108396666975024,0.20075417353381342,0.742290440902166,2.061684556397293,-0.6975311454142632,-0.9915554541615073,0.6158676345468795,-0.3796313538939398,0.21580760057330586,-0.6896094714017204,-0.09950952822433431,0.7498696151578181,1.4345789844519323,2.0185906296096743,-0.296439881776289,1.2232978591272528,-1.352302449825031,1.094132575479237,1.0871209142799136,0.6778102733880025,-0.8424962119904145,-0.5219115532998501,-0.29842561449249655,Comunicações,False
TIMS3,1.6115120987156428,-0.8178879582063265,-1.3252637540039713,-0.4295322328870369,0.5193281909054663,0.10294403692951001,-0.8137628045826119,0.03154328888104094,-0.8978287602848669,1.5578972128829902,-1.8202836712350445,-0.14989147152790205,1.033010051549002,-0.3452963560854686,-1.2148542673517464,0.9596631863699244,-0.5134619215292507,2.1655530821363453,-1.4819624765361699,0.7681410533594909,0.7867772061369307,-1.0937825061188113,-1.5127365455209896,-0.554015759698522,-0.15326245090361865,-0.9814573183754268,Comunicações,True
VIVT3,0.48542449996870635,0.5270851286391534,0.5805016443560546,-0.08920657417701978,-1.0021945899789417,-1.1998400847886845,0.20404571640099314,0.7406430811408568,0.461824923912447,0.3931530705721165,-0.4228941862465255,0.24289642072895093,1.7355511624255917,0.08483059267151594,-1.2148542673517464,-0.4286620940382321,0.40520786070393405,-0.47660011545991515,1.3047557773168017,-1.4707978220618132,0.9443953442611899,-1.2763523573808158,-0.8189913979581237,1.971555113718588,2.1098334276954693,0.21262795125429448,Comunicações,True
