date,CXSE3,FIQE3,UNIP3,MBRF3,TAEE3,BMOB3,POMO3,JHSF3,PSSA3,LAVV3,SIMH3,AZZA3,PFRM3
2021-07-29,7.62933683395,5.89060258865,44.4510650635,12.4325418472,8.01304721832,15.0145263672,1.33395946026,5.30915737152,20.0978393555,4.18181848526,30.8475322723,76.9340744019,4.52587366104
2021-07-30,7.37368011475,5.79886865616,45.3868751526,12.1354980469,8.01304721832,14.795334816,1.32921242714,5.1705365181,20.2236995697,4.20412158966,31.1381263733,75.2466049194,4.51150655746
2021-08-02,7.34676742554,5.73989725113,45.845413208,12.2530784607,8.25989532471,15.2650270462,1.36244285107,5.27450275421,21.1554164886,4.18181848526,31.2498931885,76.5433883667,4.51150655746
2021-08-03,7.31985664368,5.7333445549,45.9951553345,12.0674247742,8.25989532471,15.7738618851,1.28648793697,5.26756954193,21.0927791595,4.07587862015,30.6240005493,76.5018157959,4.40374755859
2021-08-04,7.15165996552,5.5040102005,46.3133201599,11.7951345444,8.30420017242,15.6564407349,1.28174042702,5.1705365181,20.9205284119,4.13721179962,29.7879867554,76.3023071289,4.34627580643
2021-08-05,7.0372877121,5.40572452545,46.7718811035,11.6528015137,8.27255439758,15.2572040558,1.22477412224,5.23291492462,20.7482795715,4.05915212631,29.4839820862,76.4768676758,4.38937950134
2021-08-06,7.11802101135,5.56953430176,46.7859077454,11.6528015137,8.36116504669,16.0321922302,1.20103824139,5.34381151199,20.7404537201,4.11490869522,29.4616298676,77.8069000244,4.41811513901
2021-08-09,7.05074453354,5.60884857178,46.7905883789,12.0798025131,8.47509479523,16.2748699188,1.20578563213,5.22598409653,20.9244441986,4.19854450226,30.2395210266,77.2250289917,4.46840190887
2021-08-10,7.01037740707,5.58263969421,46.8233451843,12.1045560837,8.36116504669,16.5566864014,1.19629085064,5.21905517578,20.7287063599,4.04242372513,29.595746994,76.560005188,4.46121788025
2021-08-11,7.0372877121,5.55643033981,47.2584953308,12.1850042343,8.37382411957,16.9089546204,1.19154429436,5.09429597855,21.6017017365,4.05915212631,29.1129207611,76.4602661133,4.59052848816
2021-08-12,7.21893978119,5.52366828918,47.2117118835,12.0117292404,8.36749267578,16.9872379303,1.17255556583,5.01805448532,21.7504634857,4.00339365005,29.3275051117,77.1252670288,4.61208152771
2021-08-13,7.13147687912,5.34020137787,47.2538223267,12.0364837646,8.36749267578,17.3629932404,1.16306078434,4.94874238968,21.863986969,4.00339365005,28.343963623,76.0113677979,4.4540348053
2021-08-16,6.80181503296,5.11086606979,45.845413208,11.8941488266,8.38015365601,16.9872379303,1.12508320808,4.75467586517,22.2554664612,3.75248479843,25.6436901093,74.564956665,4.20259714127
2021-08-17,6.51924705505,5.04534244537,44.4417037964,11.8941488266,8.4371175766,15.6016426086,1.12983071804,4.5190205574,21.5899562836,3.65769648552,25.6615695953,72.8026657104,4.17386102676
2021-08-18,6.73453569412,5.17639160156,44.6850814819,12.0055408478,8.34850692749,15.2415456772,1.1108417511,4.62991714478,22.5255870819,3.70787835121,25.7509822845,72.985534668,4.1451253891
2021-08-19,6.81527090073,5.28778219223,45.2599525452,12.3459033966,8.38015365601,15.7816905975,1.14407205582,4.70615720749,22.8818283081,3.73575758934,26.4662895203,74.149307251,4.16667795181
2021-08-20,6.80854272842,5.53677225113,45.1633491516,12.475859642,8.54471969604,16.4705753326,1.1535667181,4.76853847504,22.9170627594,3.79709148407,26.6451148987,75.1468353271,4.20259714127
2021-08-23,6.70762586594,5.63505840302,45.443523407,12.9028635025,8.45610713959,18.0597000122,1.18204951286,4.65070962906,22.8074493408,3.75806045532,26.859708786,75.0221557617,4.11639070511
2021-08-24,6.85563755035,5.5040102005,46.8589630127,12.9276161194,8.44977664948,17.8326854706,1.19629085064,4.8101234436,22.760471344,3.95321249962,27.4855995178,76.2607421875,4.20259714127
2021-08-25,6.91618680954,5.46469688416,47.2937202454,12.9399929047,8.39281082153,18.5763645172,1.22002696991,4.77546834946,22.4981822968,3.76921319962,27.896900177,77.0005722046,4.23851633072
2021-08-26,6.81527090073,5.17639160156,47.3033943176,12.9709339142,8.1333065033,18.3102054596,1.18679690361,4.61605453491,22.4512042999,3.61866688728,27.1994762421,75.9116210938,4.23133182526
2021-08-27,6.78163194656,5.20260000229,47.5497665405,12.9956874847,8.03836345673,18.7877292633,1.21527957916,4.67150306702,22.7017478943,3.59078764915,28.9698581696,76.8010787964,4.36064434052
2021-08-30,6.68744277954,5.09776210785,47.5787506104,12.9771232605,8.01937675476,18.7172737122,1.20578563213,4.62991714478,22.6391143799,3.5517578125,27.6823062897,76.0861740112,4.3103556633
2021-08-31,6.64034795761,5.02568626404,47.3372039795,12.6800785065,8.04469394684,17.9657649994,1.17730236053,4.58139944077,22.3807373047,3.5629093647,26.5557022095,74.3321914673,4.26725196838
2021-09-01,6.59998083115,4.93395280838,46.8541297913,13.2989215851,8.12064933777,17.9970798492,1.18679690361,4.53981399536,22.1341075897,3.51272702217,26.5914649963,73.5175476074,4.27443552017
2021-09-02,6.39814710617,4.97326755524,46.8589630127,13.0142555237,8.04469394684,17.3003673553,1.14407205582,4.36653900146,21.7582912445,3.5629093647,25.3575668335,71.3146820068,4.16667795181
2021-09-03,6.54615736008,4.82256221771,46.8106422424,13.2060956955,8.02570533752,18.0831890106,1.14881920815,4.31802272797,21.327665329,3.55733370781,25.0356788635,71.3978118896,4.15230941772
2021-09-06,6.4183306694,4.84221839905,46.8637924194,13.5464572906,8.01304721832,17.5900096893,1.18204951286,4.43584871292,21.4255371094,3.57963657379,25.7688674927,71.9880142212,4.23851633072
2021-09-08,6.14921665192,4.48839044571,46.5256309509,13.5278930664,7.87379789352,15.8991136551,1.11558926105,4.20019388199,20.5956058502,3.45139408112,24.4813156128,68.6047363281,4.08765459061
2021-09-09,6.20304012299,4.97326755524,46.1246681213,13.8806343079,7.87379789352,15.2650270462,1.13932478428,4.34574508667,20.7482795715,3.55733370781,25.0356788635,69.2531356812,4.05173444748
2021-09-10,6.16267347336,4.77669429779,46.3613815308,14.2209978104,7.8548116684,15.0301828384,1.13932478428,4.27643537521,20.8657245636,3.56848430634,25.1966228485,69.1284484863,3.9798951149
2021-09-13,6.31068563461,4.75703763962,46.7526779175,14.095990181,7.95608234406,15.7973489761,1.18204951286,4.44277954102,20.7326202393,3.7190310955,26.484172821,69.9098434448,4.06610202789
2021-09-14,6.31068563461,4.79635190964,47.2405929565,14.1750707626,8.05735206604,15.8051748276,1.1535667181,4.43584871292,20.5173110962,3.70787835121,26.3411102295,70.3919754028,4.12357378006
2021-09-15,6.17612838745,4.63254213333,46.3758735657,14.1091718674,7.96874046326,15.4685621262,1.14881920815,4.35960817337,20.1336574554,3.70230293274,26.3232288361,70.1425933838,4.10920572281
2021-09-16,6.10885047913,4.58667516708,46.0763664246,14.2541513443,7.90544700623,15.2650270462,1.14881920815,4.32495355606,20.3646316528,3.59636330605,25.7509822845,69.7602005005,4.05173444748
2021-09-17,5.88683271408,4.55391311646,46.1295051575,13.9839630127,7.81683492661,14.8266487122,1.13932478428,4.31802272797,20.4311828613,3.69672703743,24.9820327759,69.2365112305,3.99426293373
2021-09-20,5.63117647171,4.27871274948,41.8059196472,13.7401342392,7.68391752243,14.0438261032,1.11558926105,4.31802272797,19.8478813171,3.57406044006,24.177312851,68.9788284302,3.95115971565
2021-09-21,5.58408212662,4.45562744141,41.1537590027,13.9971418381,7.7851896286,14.1534204483,1.13457798958,4.4150557518,20.0240478516,3.68000054359,25.0714454651,72.1210174561,4.01581478119
2021-09-22,5.75227737427,4.38355112076,41.1634254456,14.142121315,7.84215259552,14.3647842407,1.14881920815,4.43584871292,20.2393608093,3.8026664257,25.4827423096,71.9048843384,4.07328653336
2021-09-23,5.75900363922,4.40975999832,41.6416702271,14.7681713104,7.88645792007,14.732708931,1.17255556583,4.38040113449,20.1688919067,3.74690937996,26.2874641418,73.1102371216,4.08765459061
2021-09-24,5.85319328308,4.19353103638,41.5450553894,14.9329214096,7.81683492661,14.3647842407,1.15831327438,4.35960817337,20.1454048157,3.6744248867,25.8940448761,74.8143234253,4.11639070511
2021-09-27,5.96083784103,4.05593156815,42.0281410217,16.000497818,7.79784631729,14.1690769196,1.16306078434,4.34574508667,20.1258296967,3.62424254417,26.0192222595,72.7694015503,4.12357378006
2021-09-28,5.69845485687,3.97074961662,40.5064277649,16.0400390625,7.83582305908,13.4097394943,1.14407205582,4.20019388199,19.7891616821,3.45139408112,24.838968277,68.6795730591,3.98707938194
2021-09-29,5.60426473618,3.99696016312,41.5837020874,16.6858577728,7.82949399948,13.1592378616,1.14407205582,4.12395429611,19.6443157196,3.42909049988,24.6780281067,68.9954376221,4.02299880981
2021-09-30,5.56389904022,4.1214556694,41.4339447021,16.9099159241,7.65859985352,12.9948453903,1.20103824139,4.10315942764,19.3624477386,3.57406044006,24.4455547333,68.8873748779,4.13794183731
2021-10-01,5.67827033997,4.4949426651,41.4532737732,17.0021781921,7.61429357529,13.2062082291,1.22952163219,4.23484945297,19.4250850677,3.43466687202,25.0356788635,71.2315750122,4.16667795181
2021-10-04,5.4226140976,4.44252204895,40.1199645996,17.0351276398,7.62062311172,12.7208576202,1.18679690361,4.09622812271,19.0610141754,3.30642461777,23.8733081818,66.5847625732,4.09483766556
2021-10-05,5.34860706329,4.65219926834,39.8059501648,17.2855472565,7.55100011826,12.5251512527,1.20103824139,4.04078054428,19.1549663544,3.26739430428,23.4083595276,65.6537475586,4.13075828552
2021-10-06,5.38224697113,4.40320825577,40.0426712036,17.1603355408,7.61429357529,11.9302082062,1.17730236053,3.90909147263,18.4855442047,3.1837580204,23.6050662994,65.6287918091,4.0589184761
2021-10-07,5.22750759125,4.33768415451,39.3518600464,16.9428672791,7.626953125,12.0398025513,1.1535667181,3.83978152275,18.0079421997,3.20048451424,23.6229496002,66.0194854736,4.0589184761
2021-10-08,5.30824136734,4.41631317139,40.3373527527,17.2328281403,7.76620054245,12.2746486664,1.18679690361,4.07543611526,18.4659729004,3.34545373917,24.0521354675,69.9098434448,4.12357378006
2021-10-11,5.44279766083,4.25905561447,39.4822921753,17.3712177277,7.74088096619,11.8832378387,1.19154429436,4.11009120941,17.8200340271,3.32872700691,24.0879020691,69.0037536621,4.12357378006
2021-10-13,5.71863746643,4.095246315,41.3469924927,17.8325176239,7.91810703278,12.0319738388,1.18204951286,4.26257371902,18.1097240448,3.35660600662,24.3561382294,71.4061431885,4.15230941772
2021-10-14,5.81282758713,4.12800788879,40.8156013489,18.2542762756,7.93076467514,12.00066185,1.18204951286,4.24871206284,17.6947631836,3.62424254417,24.3740215302,70.9904937744,4.20259714127
2021-10-15,6.51924705505,4.095246315,41.30834198,17.8918266296,8.01304721832,11.9380369186,1.19154429436,4.25119113922,17.9531364441,3.71345448494,26.1622867584,74.116065979,4.20259714127
2021-10-18,6.66053104401,4.42286586761,42.7527580261,17.4568881989,8.01304721832,11.8910655975,1.21527957916,4.3655090332,18.082321167,3.92533349991,26.2874641418,73.1684188843,4.24570083618
2021-10-19,6.49906349182,4.25905561447,41.4097862244,17.1471576691,7.96241188049,11.1630411148,1.17255556583,4.12258148193,18.3054599762,3.60127568245,24.6064968109,69.2863845825,4.17386102676
2021-10-20,6.45196962357,4.37044668198,41.1585922241,16.962638855,7.96874046326,10.8655700684,1.17730236053,4.108294487,18.5716667175,3.56483745575,23.8911895752,68.6878738403,4.04455089569
2021-10-21,6.14921665192,4.37699842453,40.5740585327,16.6660881042,7.94342470169,9.99663734436,1.13932478428,3.99397706985,18.7282600403,3.35228300095,22.442697525,66.2855072021,3.95115971565
2021-10-22,6.08193826675,4.16076993942,39.1296386719,16.5540599823,7.82949399948,10.3489074707,1.14407205582,3.84393429756,18.6421356201,3.18223953247,21.0836162567,64.9139099121,3.81466460228
2021-10-25,6.32414102554,4.18042707443,42.066783905,16.3563575745,7.93709516525,11.1160726547,1.15831327438,3.9868311882,18.8535251617,3.26726174355,21.620098114,66.8757095337,3.82903289795
2021-10-26,6.06848478317,3.80694031715,42.0474586487,16.2179679871,7.82949399948,10.701177597,1.13932478428,3.7581949234,18.4150791168,3.13365674019,20.2967834473,64.3652648926,3.71409034729
2021-10-27,6.00793361664,3.68899726868,39.6127319336,16.6529083252,7.89911651611,10.654209137,1.13932478428,3.82964515686,18.6186485291,3.14580249786,20.4934883118,64.7310333252,3.71409034729
2021-10-28,5.90701580048,3.79383587837,39.4629707336,16.5804176331,7.79784631729,10.615067482,1.10134720802,3.65102410316,18.5325222015,3.0364882946,19.2953567505,63.1433029175,3.4842042923
2021-10-29,5.88683271408,3.83315086365,39.0088691711,17.4634780884,7.8484826088,10.0984039307,1.10609471798,3.5652859211,18.2741451263,3.0364882946,18.3296928406,61.4308929443,3.50575661659
2021-11-01,6.03484487534,3.84625506401,39.1199836731,16.7649402618,7.83582305908,10.8107738495,1.10609471798,3.74390602112,18.5414161682,3.18831300735,18.776758194,63.1848678589,3.58477902412
2021-11-03,6.09539556503,4.05593156815,38.3760414124,17.0351276398,8.05102348328,11.3274354935,1.14407205582,3.88680315018,18.8345870972,3.37657499313,20.1179561615,66.5514984131,3.61351537704
2021-11-04,6.09539556503,3.92488408089,37.6803970337,17.6479969025,7.92443704605,10.9125385284,1.1535667181,3.82964515686,18.699886322,3.27940750122,19.9748935699,66.169128418,3.61351537704
2021-11-05,6.30601882935,3.91833162308,38.7721633911,17.3778076172,7.82316303253,10.8733978271,1.17255556583,3.93681883812,19.1039943695,3.33406448364,20.421962738,65.8199996948,3.76437711716
2021-11-08,6.22304487228,3.87246465683,39.2262611389,17.7138977051,7.75354099274,10.842083931,1.16780793667,3.81535506248,19.0881443024,3.20045876503,20.1358375549,63.5921859741,3.76437711716
2021-11-09,6.26453208923,3.80038833618,40.5643959045,17.687538147,7.86114120483,10.9673376083,1.16780793667,3.87965869904,19.4684829712,3.23082399368,20.6723175049,63.3843765259,3.80029726028
2021-11-10,6.27836084366,4.10179805756,40.5740585327,17.13397789,7.97507095337,11.4683418274,1.16780793667,3.97968816757,19.7378883362,3.28548026085,21.0836162567,64.6312637329,3.84340047836
2021-11-11,6.52728176117,4.39010286331,42.2648506165,17.2328281403,7.79784631729,11.77364254,1.19154429436,4.03684616089,19.5318717957,3.35228300095,21.9419841766,67.0835113525,3.94397568703
2021-11-12,6.46505212784,4.44907474518,44.5401611328,17.4700679779,7.76620054245,12.5251512527,1.16780793667,3.91538190842,19.5873374939,3.29155349731,21.0836162567,64.8723449707,3.87931990623
2021-11-16,6.72780275345,3.80038833618,44.8734931946,16.9428672791,7.56365633011,12.2433366776,1.13457798958,3.70103597641,19.4526348114,3.04863476753,20.6365509033,61.248008728,3.73564195633
2021-11-17,6.42356443405,3.96419763565,44.4483757019,16.7583465576,7.46871852875,11.89889431,1.1108417511,3.5867190361,19.1594600677,3.0364882946,19.9927787781,58.6627502441,3.77874517441
2021-11-18,6.43048095703,4.0624833107,43.0323448181,17.1273860931,7.50669193268,11.985004425,1.12033605576,3.62244272232,18.8821315765,3.03041553497,20.3325462341,60.6827354431,3.73564195633
2021-11-19,6.54111194611,4.32458019257,45.5736541748,17.0614891052,7.51302337646,12.1572246552,1.12033605576,3.70103597641,18.1927680969,3.1275832653,20.9942035675,63.1848678589,3.80748152733
2021-11-22,6.45122289658,4.19353103638,46.4323959351,16.5079288483,7.475045681,11.6640462875,1.13932478428,3.45096683502,17.5192584991,2.95146679878,20.1894855499,60.9071769714,3.78520107269
2021-11-23,6.11932754517,4.22629356384,47.3810157776,16.9494571686,7.53200960159,11.3587474823,1.17255556583,3.5224146843,17.7331962585,2.88466382027,19.2417068481,59.0783882141,3.78520107269
2021-11-24,6.00178098679,4.16076993942,46.4323959351,16.5870094299,7.52567958832,11.5466251373,1.14407205582,3.54385018349,17.8441257477,2.95146679878,19.5814762115,59.2695770264,3.72463774681
2021-11-25,6.16772985458,4.21318912506,46.5821762085,16.1125278473,7.56998872757,12.086771965,1.1535667181,3.62244272232,18.6523418427,3.09721755981,20.2967834473,59.6935119629,3.68678498268
2021-11-26,6.02943897247,4.16076993942,46.4224090576,15.6182794571,7.51935243607,11.5231409073,1.12508320808,3.51527070999,18.1373062134,2.88466382027,19.7603034973,57.4740371704,3.5959405899
2021-11-29,6.0363535881,4.08869361877,46.6770477295,15.7369003296,7.6396112442,11.6875333786,1.14881920815,3.48669195175,18.1056098938,2.89073705673,19.2059402466,56.6926345825,3.6337928772
2021-11-30,5.6837143898,4.01661634445,46.8817405701,15.5326108932,7.56365633011,11.2726364136,1.1108417511,3.35808396339,17.6381130219,2.81178879738,18.830406189,55.828125,3.62622213364
2021-12-01,5.60074090958,3.97730278969,46.5022964478,14.412311554,7.59530448914,10.2941093445,1.09660029411,3.30807042122,17.1943855286,2.76927733421,17.9541568756,57.1249084473,3.55051827431
2021-12-02,5.73211669922,4.29837036133,46.8268165588,14.5902395248,7.88645792007,10.5367841721,1.13932478428,3.5867190361,17.8599777222,2.98790431023,18.5979328156,60.1008529663,3.55051827431
2021-12-03,5.83583259583,4.28526496887,46.9266777039,13.7533149719,8.00671958923,10.615067482,1.12983071804,3.70818161964,17.7965831757,3.066852808,19.7603034973,61.6636352539,3.69435667992
2021-12-06,6.11932754517,4.18042707443,47.7404975891,13.7401342392,8.1586227417,10.575925827,1.16306078434,3.87251424789,17.7252731323,3.09721755981,19.9748935699,62.93957901,3.87604498863
2021-12-07,6.21613121033,4.04321241379,49.1734085083,14.0037326813,7.89249849319,10.6463804245,1.1108417511,3.79392027855,17.550951004,3.07899928093,19.9391288757,62.1098899841,3.9063270092
2021-12-08,6.1815571785,4.20255088806,48.838886261,14.8867912292,7.85955715179,11.6483917236,1.12508320808,3.95825147629,17.3924789429,3.23082399368,21.4233856201,64.2469863892,3.93660831451
2021-12-09,6.05709648132,4.0166554451,47.9202346802,14.4979810715,7.82002878189,11.4996557236,1.12033605576,3.87251424789,17.1309967041,3.13365674019,20.9047908783,63.4172821045,3.89875769615
2021-12-10,6.09167003632,4.1427989006,48.6791343689,14.5111618042,7.85296821594,11.9615192413,1.12983071804,4.07257032394,17.2181549072,3.30369925499,21.8168029785,65.3280944824,4.00474214554
2021-12-13,6.05709648132,3.97018241882,48.6891098022,14.5441102982,7.80026435852,11.3196048737,1.12983071804,4.00112104416,16.9962978363,3.21867752075,21.7810401917,65.1018295288,4.05773448944
2021-12-14,5.80126094818,3.78428816795,48.6791343689,15.5326108932,7.89908456802,11.2726364136,1.1108417511,3.94396209717,16.6555767059,3.12150979042,21.4949226379,63.5597610474,4.08801651001
2021-12-15,5.84966278076,3.79092621803,48.9287643433,15.3283185959,7.9386138916,11.6014223099,1.10134720802,4.00826644897,17.115152359,3.11543726921,22.0313987732,66.30027771,4.04259443283
2021-12-16,5.87732076645,3.98346042633,49.4929542542,15.1108512878,8.01767063141,11.7031888962,1.10609471798,3.97254014015,16.9566745758,3.066852808,21.9419841766,64.6073455811,4.1258687973
2021-12-17,5.73903036118,3.95026373863,50.6163101196,15.6709985733,8.00449371338,12.0554580688,1.1535667181,3.97254014015,16.623884201,3.27940750122,22.3711662292,63.8027954102,4.18643188477
2021-12-20,5.6837143898,3.85067844391,51.4251174927,15.3744487762,7.95837879181,11.4370298386,1.13457798958,3.93681883812,16.4971027374,3.14580249786,22.0135154724,62.6462593079,4.17129182816
2021-12-21,5.66988515854,3.90379118919,49.7775306702,15.4139900208,7.95837879181,11.0143051147,1.13457798958,3.82964515686,16.4099407196,3.15187478065,21.3876228333,62.1434020996,4.17129182816
2021-12-22,5.64914131165,3.97018241882,48.7089042664,15.1913528442,7.98473072052,11.0769309998,1.13457798958,3.85107946396,16.3227844238,3.1275832653,21.4591522217,62.5205459595,4.15615034103
2021-12-23,5.58691120148,3.89051294327,49.9373512268,15.8249063492,7.95837879181,10.8107738495,1.12983071804,3.86536860466,16.5604896545,3.0850725174,21.1761493683,62.1601638794,4.16372156143
2021-12-27,5.614569664,3.87723517418,50.5959968567,15.5046510696,7.98473072052,11.5309677124,1.14881920815,3.95825147629,16.6397323608,3.13972878456,20.923625946,62.7803382874,4.16372156143
2021-12-28,5.63531208038,3.98346042633,51.2389717102,15.8597173691,7.97155570984,11.6483917236,1.16780793667,3.99397706985,16.5446453094,3.22475099564,20.7612876892,62.93957901,4.2167134285
2021-12-29,5.58691120148,3.98346042633,53.4135704041,15.9571876526,7.96496677399,11.4370298386,1.17600119114,3.92252731323,16.5367240906,3.07899928093,20.2923107147,62.3361663818,4.30755805969
2021-12-30,5.78051710129,4.38180685043,53.9467582703,15.3654050827,7.98473072052,11.9223794937,1.20491945744,3.9868311882,16.576341629,3.15187478065,21.0679244995,64.3391571045,4.46653699875
2022-01-03,5.57999658585,4.09632492065,51.7512512207,14.8084363937,8.01767063141,11.1943540573,1.20973932743,3.72247266769,15.9107494354,2.97575855255,20.0578193665,60.5343055725,4.46653699875
2022-01-04,5.53851032257,3.97018241882,52.3524055481,14.9755268097,8.0703754425,10.2549695969,1.17600119114,3.5652859211,15.7285060883,3.00612354279,18.9936008453,58.7491912842,4.36812162399
2022-01-05,5.42787790298,3.55191874504,50.4287185669,14.857172966,7.99131774902,9.91052627563,1.17118179798,3.46525669098,15.284781456,2.85429883003,17.7850818634,55.9248809814,4.05773448944
2022-01-06,5.46245002747,3.71789693832,49.6027870178,14.857172966,7.91885042191,9.52694416046,1.18082094193,3.36522865295,15.1342277527,2.90288352966,17.5866680145,56.9473228455,3.96689009666
2022-01-07,5.52468013763,3.79756474495,49.6602973938,14.7388153076,7.99131774902,9.75396156311,1.24829661846,3.29377961159,15.3006267548,2.9453933239,17.2800273895,56.4947738647,3.95174980164
2022-01-10,5.46936559677,3.8174829483,48.6148147583,14.9407176971,7.97814178467,9.57391357422,1.20009970665,3.27234578133,15.1263065338,2.84822583199,16.3601074219,54.2906303406,3.72463774681
2022-01-11,5.44170665741,3.8174829483,49.1323280334,14.8153991699,7.93202543259,9.70699310303,1.25311589241,3.29377961159,15.1104574203,2.93932104111,16.7749767303,55.8075447083,3.72463774681
2022-01-12,5.48319339752,3.9170691967,50.4444046021,15.0521125793,7.92543840408,10.2941093445,1.25311589241,3.45096683502,15.3719358444,3.01219654083,17.5325565338,57.5423660278,3.70949721336
2022-01-13,5.59382677078,3.83076190948,50.5750846863,15.8318710327,7.96496677399,10.3645620346,1.25311589241,3.38666343689,15.4353303909,2.9818315506,16.6487140656,57.3077011108,3.70949721336
2022-01-14,5.66297149658,3.73781371117,48.7559547424,16.3679542542,7.93202543259,10.4115333557,1.29167401791,3.46525669098,15.3402481079,3.04256153107,17.0094661713,57.039516449,3.71706724167
2022-01-17,5.64222764969,3.77100920677,48.8761863708,16.1869373322,7.95837879181,10.6463804245,1.2627556324,3.43667769432,15.3640136719,3.07292556763,16.8831996918,56.7378158569,3.5959405899
2022-01-18,5.44862174988,3.88387465477,47.4229660034,15.7483243942,7.96496677399,9.87921333313,1.2627556324,3.49383568764,14.9599094391,2.9453933239,16.3059978485,56.0589675903,3.61865186691
2022-01-19,5.46245002747,3.90379118919,48.0450248718,15.7970590591,8.0703754425,10.137544632,1.27721440792,3.53670454025,15.2926998138,3.02434206009,16.414226532,59.0006256104,3.61865186691
2022-01-20,5.66988515854,4.29549837112,47.3968276978,15.560344696,8.2943687439,11.0612745285,1.31577193737,3.69389152527,15.3798646927,3.20045876503,17.4243278503,62.4115905762,3.67164468765
2022-01-21,5.74594497681,4.28885984421,46.8322639465,15.6230039597,8.34048557281,10.9751653671,1.32059144974,3.9082365036,15.3164768219,3.24904203415,18.1458339691,63.2329101562,3.73977851868
2022-01-24,5.6837143898,4.0166554451,47.1093215942,16.3540267944,8.34048557281,10.5994091034,1.28685390949,3.91538190842,14.8172864914,3.14580249786,17.8572311401,62.1182632446,3.62622213364
2022-01-25,5.58691120148,4.04985141754,47.9822998047,16.4514980316,8.37342739105,10.7872867584,1.31095266342,4.15830755234,14.9599094391,3.3279914856,18.7230358124,65.1185836792,3.69435667992
2022-01-26,5.58691120148,4.03657436371,46.7329483032,16.0685787201,8.3009595871,10.8342571259,1.31577193737,4.38694286346,15.2768602371,3.34013700485,19.3543548584,68.6468963623,3.67921495438
2022-01-27,5.64222764969,4.24238538742,46.4768066406,15.5881958008,8.2943687439,11.2334947586,1.33023142815,4.40123224258,15.8394365311,3.40694022179,19.336315155,66.7695922852,3.72463774681
2022-01-28,5.85657644272,4.25566339493,47.5693359375,15.713514328,8.32730960846,11.5622816086,1.34468996525,4.42981338501,15.6809644699,3.41301178932,19.6790313721,66.2751312256,3.73220801353
2022-01-31,6.22304487228,4.46147537231,48.6095848083,15.6508541107,8.43930721283,11.7658147812,1.38806712627,4.594145298,15.7126588821,3.51018071175,19.9676303864,68.5463180542,3.79277133942
2022-02-01,6.27144622803,4.38180685043,50.0732536316,15.5324983597,8.34048557281,11.9302082062,1.33505046368,4.47268247604,15.7998199463,3.4980340004,20.0578193665,67.9848022461,3.78520107269
2022-02-02,6.09858369827,4.43491888046,49.5766525269,15.142619133,8.34048557281,11.7031888962,1.31577193737,4.40123224258,15.7126588821,3.47981548309,20.2201576233,68.7223129272,3.81548213959
2022-02-03,6.11241292953,4.44819641113,48.0868415833,14.0217170715,8.33389759064,11.9536924362,1.31095266342,4.45124816895,15.6730422974,3.51625370979,20.1299705505,69.5520172119,3.78520107269
2022-02-04,6.15390014648,4.03657436371,49.6550636292,14.1470346451,8.28119373322,11.8675823212,1.2579356432,4.25119113922,15.1976203918,3.33406448364,19.4084663391,68.973739624,3.69435667992
2022-02-07,6.1953868866,4.02329444885,50.0941619873,14.5299530029,8.36024951935,11.9615192413,1.21455848217,4.1797413826,15.7126588821,3.34620976448,19.7331409454,68.1775665283,3.73977851868
2022-02-08,6.17464399338,4.03657436371,49.6602973938,15.2540121078,8.28119373322,12.0319738388,1.23865675926,4.1940331459,16.2752380371,3.34013700485,19.4625797272,68.0686187744,3.69435667992
2022-02-09,6.26453208923,4.01001644135,50.1778068542,15.5533838272,8.31413459778,12.1415700912,1.21937847137,4.22975635529,16.8932876587,3.34013700485,19.9135189056,68.7474594116,3.70949721336
2022-02-10,6.27836084366,3.94362616539,50.9462432861,15.9363012314,8.31413459778,12.086771965,1.22419810295,4.1940331459,16.7268886566,3.34013700485,19.9856681824,70.7672271729,3.70949721336
2022-02-11,6.40973711014,3.82412242889,50.7057762146,15.9780740738,8.27460575104,11.5544528961,1.19046056271,4.15830755234,16.8615951538,3.27333474159,19.4445419312,70.0297012329,3.69435667992
2022-02-14,6.48579645157,3.71125817299,50.7005500793,15.5742702484,8.24825286865,11.5701084137,1.19046056271,4.20117712021,16.8695163727,3.27333474159,20.0037078857,70.2978897095,3.61108183861
2022-02-15,6.48579645157,3.93034744263,49.7230224609,15.5185728073,8.3009595871,11.9693479538,1.20973932743,4.3655090332,16.7585868835,3.37050175667,20.5268001556,72.9964981079,3.62622213364
2022-02-16,6.34059000015,3.86395692825,49.743938446,15.1774301529,8.24166488647,12.02414608,1.21455848217,4.32978439331,17.1706161499,3.3158454895,20.7432479858,71.5717773438,3.68678498268
2022-02-17,6.08475589752,3.80420446396,48.6879959106,15.817943573,8.23507595062,11.7814722061,1.20491945744,4.24404621124,17.1309967041,3.27333474159,20.0578193665,70.205696106,3.66407465935
2022-02-18,6.00869512558,3.75773024559,48.4318504333,15.5464220047,8.31413459778,11.859752655,1.19046056271,4.21546697617,17.0596847534,3.26118779182,19.9315567017,69.7280044556,3.67164468765
2022-02-21,5.83583259583,3.61831021309,48.3011665344,14.8362846375,8.31413459778,11.3900613785,1.17600119114,4.04398965836,16.7744293213,3.1275832653,18.6689224243,66.8031311035,3.66407465935
2022-02-22,5.84966278076,3.68470072746,49.0277709961,15.4071788788,8.4920091629,11.5231409073,1.19046056271,4.12258148193,16.718963623,3.1275832653,19.6970672607,69.0491638184,3.60351133347
2022-02-23,5.80817508698,3.55191874504,49.033000946,15.4559144974,8.63694763184,11.256980896,1.15672254562,4.09400415421,16.6634979248,3.24904203415,19.6609897614,69.0826797485,3.62622213364
2022-02-24,5.69062900543,3.51872348785,49.3989219666,15.998960495,8.63694763184,11.256980896,1.1615421772,3.99397706985,16.5208759308,3.30369925499,19.336315155,68.6049957275,3.53537750244
2022-02-25,5.75286006927,3.4722495079,50.1830368042,15.4350280762,8.57106876373,11.4213733673,1.15190303326,3.95110654831,16.623884201,3.25511622429,19.0296764374,68.0686187744,3.6337928772
2022-03-02,5.76668834686,3.45233297348,50.5855445862,15.8388319016,8.7357673645,11.2256679535,1.13744354248,3.87965869904,16.5842628479,3.17009425163,18.8312625885,67.2053909302,3.6337928772
2022-03-03,5.89114999771,3.42577552795,50.7057762146,15.3445205688,8.72918224335,11.1473846436,1.12780463696,3.94396209717,16.8061256409,3.15187478065,18.5787353516,66.4595031738,3.53537750244
2022-03-04,5.71828651428,3.39921975136,50.8625984192,14.5926103592,9.02564334869,10.7872867584,1.13262462616,3.71631360054,16.4654083252,3.066852808,17.9113445282,65.0850524902,3.50509619713
2022-03-07,5.46245002747,3.20004653931,49.6550636292,14.8293218613,8.94658660889,10.0279502869,1.07478773594,3.47346639633,15.4591016769,2.89073705673,16.7749767303,61.6740837097,3.30826544762
2022-03-08,5.56616830826,3.38594126701,49.7857551575,15.2192001343,8.78188514709,10.1532020569,1.07960772514,3.51762056351,15.5541849136,2.92110204697,17.3882541656,62.3864555359,3.33097696304
2022-03-09,5.49702310562,3.57183551788,50.0784797668,15.6647777557,8.93341159821,11.0377912521,1.08442759514,3.67216134071,16.2197723389,3.05470705032,18.2360210419,64.8252487183,3.40668082237
2022-03-10,5.53851032257,3.45233297348,51.4898834229,15.1356563568,8.95317554474,10.7872867584,1.07478773594,3.70159626007,15.4036369324,3.05470705032,18.1458339691,64.9425811768,3.37639927864
2022-03-11,5.37947702408,3.3195502758,51.1239624023,14.0983009338,8.98611545563,10.1845159531,1.07478773594,3.53969860077,15.3798646927,2.88466382027,17.2259178162,64.6911697388,3.50509619713
2022-03-14,5.28958892822,3.19340777397,51.4898834229,14.0983009338,8.97952842712,9.84007167816,1.04587006569,3.76046848297,15.2451562881,2.79356908798,17.3161048889,64.7833557129,3.60351133347
2022-03-15,5.35873317719,3.15357303619,51.531703949,14.0913362503,8.99929141998,10.0201215744,1.04587006569,3.87085366249,15.3719358444,2.82393407822,17.4604072571,66.7193069458,3.50509619713
2022-03-16,5.25501680374,3.3195502758,52.2164955139,14.2653913498,9.05199623108,10.8890542984,1.05068969727,3.94444417953,15.5145626068,2.84822583199,17.5325565338,66.526550293,3.6337928772
2022-03-17,5.46936559677,3.3195502758,52.9849243164,14.4742546082,9.13763904572,11.7345018387,1.04105019569,4.10634374619,15.5700321198,2.8968102932,18.1638717651,67.8339614868,3.42939209938
2022-03-18,5.73211669922,3.37930226326,54.0983505249,14.84324646,9.22328567505,12.5408086777,1.09888648987,4.36390972137,15.847360611,2.96968579292,18.4344348907,67.4065322876,3.46724367142
2022-03-21,5.67679929733,3.33946752548,53.3769721985,14.8084363937,9.32210540771,12.3685874939,1.08924710751,4.32711362839,15.9186735153,2.90895605087,18.5606975555,66.8366470337,3.48238420486
2022-03-22,5.86349058151,3.49880623817,52.5301322937,14.5856485367,9.42751693726,12.7828054428,1.11334574223,4.43750095367,16.1960029602,2.95146679878,19.4084663391,69.5603866577,3.51266622543
2022-03-23,5.85657644272,3.39921975136,52.6974143982,14.4324827194,9.51974868774,12.6955776215,1.10370635986,4.46693563461,16.0296058655,3.00612354279,19.6068782806,70.9013137817,3.44453287125
2022-03-24,5.97412347794,3.79756474495,52.5510406494,14.5856485367,9.74374294281,13.1396446228,1.11334574223,4.65827226639,16.1009140015,3.06077980995,20.7973613739,72.6780395508,3.52023696899
2022-03-25,6.00178098679,3.86781859398,52.4099082947,14.0426025391,9.89526844025,13.3696088791,1.11334574223,4.73922157288,16.5287952423,3.13365674019,21.1941890717,74.6894226074,3.5959405899
2022-03-28,6.11932754517,3.89477205276,51.9864883423,14.6065349579,9.7832736969,13.2665224075,1.12780463696,4.70978593826,16.5129489899,3.12150979042,21.3384895325,74.7564544678,3.58837008476
2022-03-29,6.20921516418,3.9756321907,52.0126190186,14.8989448547,9.73715496063,13.2348031998,1.15190303326,4.7465801239,16.8457450867,3.20045876503,21.9156913757,76.348815918,3.61865186691
2022-03-30,6.13315582275,4.02953958511,51.54737854,14.9267930984,9.58562850952,12.9572610855,1.13744354248,4.85696649551,16.8219718933,3.12150979042,21.4106407166,74.9743499756,3.60351133347
2022-03-31,6.14698553085,3.96215558052,52.0648994446,14.8989448547,9.7766828537,13.0286283493,1.12298488617,4.83488798141,16.7268886566,3.1275832653,21.1761493683,75.5777893066,3.36882901192
2022-04-01,6.07092571259,3.98910880089,50.731918335,14.8223609924,9.76350593567,13.4409780502,1.11816525459,5.00414657593,16.9272499084,3.17009425163,21.7894287109,78.5445709229,3.42182183266
2022-04-04,5.87732076645,4.06323051453,49.5923347473,15.2331256866,9.82938861847,13.8295354843,1.13262462616,4.98942947388,16.8705825806,3.15187478065,21.8976573944,78.7792510986,3.39911055565
2022-04-05,5.614569664,4.00932312012,49.2368736267,15.079957962,9.73056793213,13.1079263687,1.09406650066,4.96735191345,16.6924819946,3.07899928093,20.7071723938,78.4523773193,3.39154028893
2022-04-06,5.614569664,3.75326704979,49.2473373413,14.84324646,9.63174533844,12.66385746,1.10852599144,4.84224796295,16.5710544586,2.95146679878,20.0217456818,77.7735595703,3.36125874519
2022-04-07,5.63531208038,3.89477205276,49.0852737427,15.0381860733,9.71739006042,12.7431554794,1.10852599144,4.82017183304,16.7086753845,3.00612354279,19.6609897614,79.1898956299,3.36882901192
2022-04-08,5.59382677078,3.87455677986,49.0800437927,15.6160449982,9.7766828537,12.66385746,1.12298488617,4.76865768433,17.2510585785,2.9453933239,19.3904285431,77.7065048218,3.32340669632
2022-04-11,5.54542446136,3.87455677986,48.8552703857,15.1635046005,9.75032997131,12.4497528076,1.11816525459,4.73922157288,17.4939193726,2.91502904892,18.9394874573,74.6391372681,3.25527238846
2022-04-12,5.63531208038,3.88129544258,48.9702758789,14.4464073181,9.849152565,12.1642827988,1.11334574223,4.63619613647,17.3401088715,2.96968579292,19.1378993988,75.678352356,3.25527238846
2022-04-13,5.51085138321,3.84086585045,49.0852737427,14.1470346451,9.7832736969,12.2911586761,1.11334574223,4.63619613647,16.8948669434,3.06077980995,19.1739768982,77.5975494385,3.23256182671
2022-04-14,5.48319339752,3.77348208427,48.918006897,14.1614542007,9.7832736969,11.902598381,1.12780463696,4.54788589478,16.8543872833,3.07899928093,19.5708045959,77.5472564697,3.28555417061
2022-04-18,5.74594497681,3.63871455193,48.4841308594,13.8174505234,9.80303764343,12.0374059677,1.12780463696,4.62147665024,17.1053466797,3.066852808,19.5527687073,77.8573532104,3.25527238846
2022-04-19,5.73903036118,3.6926214695,49.6132392883,13.8747854233,9.7700958252,12.1484231949,1.13744354248,4.90847873688,17.064868927,3.06077980995,20.3283824921,78.5026779175,3.18713927269
2022-04-20,5.81509017944,3.67240667343,50.7057762146,13.7959508896,9.7239780426,12.1087741852,1.13744354248,4.87168502808,17.064868927,3.07292556763,20.6169872284,79.1563568115,3.20985007286
2022-04-22,5.57557678223,3.60502243042,50.8091468811,13.4376134872,9.71080303192,11.6567754745,1.10852599144,4.70242595673,16.8220100403,3.0364882946,19.5527687073,76.6086196899,3.17956852913
2022-04-25,5.58990907669,3.65219140053,52.0694618225,13.287112236,9.85574054718,11.8074426651,1.13262462616,4.7465801239,16.8462924957,3.06077980995,19.300239563,77.1282272339,3.10386419296
2022-04-26,5.49674463272,3.37591814995,52.8445892334,13.2727794647,9.93479633331,11.6409158707,1.13262462616,4.62147665024,16.6358203888,3.02434206009,19.0657520294,75.3179779053,3.03573131561
2022-04-27,5.62574243546,3.34222626686,53.6433792114,13.910618782,10.0006790161,11.2920055389,1.10852599144,4.81281137466,16.4091529846,3.04248452187,19.4986534119,75.6113052368,3.07358288765
2022-04-28,5.7475733757,3.45677828789,53.9628944397,13.5952835083,9.92820835114,11.5616188049,1.11334574223,4.94527339935,16.6681976318,3.10586953163,21.0498886108,75.4101715088,3.06601262093
2022-04-29,5.61857557297,3.30179595947,54.2232475281,13.4376134872,9.74374294281,11.4347429276,1.11334574223,4.82753038406,16.4739131927,3.0931930542,21.0498886108,74.9827423096,3.02059030533
2022-05-02,5.53257703781,3.14007520676,55.2764587402,13.1581125259,9.67786216736,11.3713026047,1.09888648987,5.07037878036,16.3281974792,3.07248425484,20.3824977875,74.1029434204,3.00544929504
2022-05-03,5.52541065216,3.11312246323,56.0811767578,13.021944046,9.7700958252,11.4188833237,1.10370635986,4.77601575851,16.2229595184,3.10475802422,19.8413677216,73.3700790405,2.92974543571
2022-05-04,5.72607326508,3.28158092499,57.868106842,12.0114355087,9.90844535828,11.910528183,1.12780463696,4.85696649551,16.5305805206,3.21448969841,20.4726848602,74.5157165527,2.9903087616
2022-05-05,5.49674463272,3.03226184845,57.175819397,11.3449287415,9.86232948303,11.1651287079,1.12298488617,4.5699634552,16.2958183289,3.14348578453,20.0938930511,71.6179580688,3.02059030533
2022-05-06,5.40357875824,2.99856996536,56.5545272827,11.4954309464,9.87550544739,10.966884613,1.11816525459,4.65091323853,16.1743869781,3.13703179359,19.5190315247,69.2424926758,2.88432264328
2022-05-09,5.44657945633,2.79641914368,54.3948326111,11.1299276352,9.94797325134,10.1025390625,1.07960772514,4.84224796295,15.6400976181,3.08539366722,18.7821083069,67.060760498,2.7707669735
2022-05-10,5.3462471962,3.06595420837,54.3770866394,10.7070913315,9.51351356506,10.5466060638,1.07960772514,4.82017183304,15.3000974655,3.12412285805,19.1600170135,68.0800247192,2.77833747864
2022-05-11,5.29608058929,2.98509287834,55.495388031,10.6927585602,9.26352500916,10.5466060638,1.07478773594,4.81281137466,14.6767587662,3.05957388878,19.1033325195,66.9681015015,2.7934782505
2022-05-12,5.3319144249,3.05247688293,55.0871124268,10.7859249115,9.38157367706,10.800359726,1.0699685812,4.96735191345,15.5429553986,3.13703179359,19.3300743103,67.6925430298,2.7329146862
2022-05-13,5.36774682999,3.09290719032,55.6669807434,11.1872615814,9.28435516357,11.3078641891,1.09888648987,4.98206996918,16.0448589325,3.175760746,20.218164444,69.4867706299,2.75562644005
2022-05-16,5.3319144249,3.12659859657,56.5604515076,11.2302618027,9.27741146088,11.0223932266,1.11816525459,5.18812322617,16.3120079041,3.29194664955,20.218164444,69.7226333618,2.80104875565
2022-05-17,5.36057949066,3.10638380051,56.6314468384,11.0654268265,9.44407176971,11.0065345764,1.12298488617,5.20283889771,16.7410545349,3.36294960976,20.5771789551,69.7226333618,2.71020388603
2022-05-18,5.4107465744,2.87727975845,54.9332771301,10.8360929489,9.46490478516,10.5624656677,1.09888648987,5.12925052643,16.5953445435,3.25321793556,20.3693275452,68.9476623535,2.75562644005
2022-05-19,5.58990907669,2.92444825172,55.6965637207,10.6282577515,9.54823303223,10.5386772156,1.09888648987,5.12188959122,16.1177177429,3.31776642799,20.785030365,68.4001312256,2.7934782505
2022-05-20,5.47524499893,2.86380290985,56.8030509949,10.7715921402,9.43018341064,10.8558683395,1.09888648987,5.20283889771,16.3362903595,3.33067584038,20.6527633667,68.5348968506,2.77833747864
2022-05-23,5.46807861328,2.89749479294,56.9154777527,10.7787590027,9.47879219055,10.83207798,1.11816525459,5.26171350479,16.4981956482,3.38876891136,20.8228225708,66.9765396118,2.7934782505
2022-05-24,5.51107788086,2.87727975845,56.9154777527,10.9579277039,9.66628456116,10.8241491318,1.10852599144,5.29115104675,16.4577198029,3.35649466515,20.3882236481,67.2208175659,2.77833747864
2022-05-25,5.45374536514,2.86380290985,57.3355789185,10.7285909653,9.63850879669,10.8400087357,1.12298488617,5.17340564728,16.4172458649,3.33713054657,20.785030365,66.9344100952,2.7934782505
2022-05-26,5.45374536514,2.96487784386,56.0870857239,10.5207567215,9.37463092804,10.966884613,1.19527983665,5.20283889771,16.6277198792,3.40813326836,21.1818351746,68.4590911865,2.7707669735
2022-05-27,5.60424280167,2.91097092628,55.4776382446,10.4419221878,9.26352500916,11.06204319,1.1856405735,5.20283889771,16.643913269,3.44040775299,22.7879505157,69.4362335205,2.80104875565
2022-05-30,5.5684094429,2.87054109573,55.0220298767,10.6139240265,9.29824352264,11.1334104538,1.15190303326,5.15868663788,16.7167758942,3.40813326836,22.1455059052,69.3772659302,2.86918187141
2022-05-31,5.63290882111,2.80989575386,56.5012779236,11.2015953064,9.40935134888,11.1651287079,1.18082094193,5.18812322617,16.7896270752,3.31776642799,22.5234146118,67.5577545166,2.89946365356
2022-06-01,5.5684094429,2.85032558441,55.3770561218,11.2374296188,9.33990859985,11.0858316422,1.18082094193,5.14396953583,17.0729656219,3.31131124496,23.4303970337,68.1474227905,2.82375955582
2022-06-02,5.52541065216,2.84358787537,54.9392051697,11.588599205,9.48573589325,11.101691246,1.17118179798,5.10717391968,16.7248668671,3.34358549118,23.3737106323,69.1751098633,2.77833747864
2022-06-03,5.46091127396,2.85706496239,52.9570045471,11.5384321213,9.61767673492,10.9986047745,1.15672254562,5.00414657593,16.2391452789,3.34358549118,22.4100399017,68.0210571289,2.80104875565
2022-06-06,5.33907985687,2.62122154236,52.6611480713,11.4022636414,9.57600975037,10.8241491318,1.13744354248,4.90847873688,15.8343868256,3.28549194336,22.0321273804,65.8561706543,2.76319646835
2022-06-07,5.25308179855,2.66165161133,51.8860321045,11.1442623138,9.44407176971,10.7845001221,1.13262462616,4.83488798141,15.6400976181,3.22739911079,21.5975341797,63.6407661438,2.7329146862
2022-06-08,5.25308179855,2.52014660835,51.584274292,10.8289260864,9.4232378006,10.7289915085,1.11334574223,4.77601575851,15.4458093643,3.16285085678,21.2007293701,64.2135772705,2.70263338089
2022-06-09,5.15991592407,2.5605764389,51.2943267822,10.8790931702,9.44407176971,10.5862560272,1.11334574223,4.87168502808,15.5105762482,3.21448969841,21.5408477783,63.1774635315,2.65721130371
2022-06-10,5.10975027084,2.39885568619,51.4718437195,10.9364261627,9.38157367706,10.483168602,1.08924710751,4.84224796295,15.1624765396,3.16930580139,20.6338653564,61.863368988,2.64207005501
2022-06-13,4.96641921997,2.27082753181,50.6257095337,10.3129205704,9.38851928711,10.1897668839,1.04105019569,4.61411809921,15.1381931305,3.05957388878,19.2544956207,59.8079948425,2.55122518539
2022-06-14,4.98075246811,2.31799554825,48.9866981506,9.83274936676,9.38851928711,9.87257480621,1.05068969727,4.62883615494,14.9924736023,3.0273001194,19.1222248077,60.8188285828,2.49823260307
2022-06-15,5.02375221252,2.35842561722,50.2766075134,9.80408287048,9.43712806702,10.0946083069,1.06032907963,4.70242595673,15.1705703735,3.09830260277,19.6513004303,61.7033157349,2.57393670082
2022-06-17,5.03091859818,2.25735020638,50.1286849976,9.53891468048,9.40935134888,9.8170671463,1.05068969727,4.67299079895,14.9924736023,3.00793528557,19.197807312,59.6142463684,2.54365515709
2022-06-20,5.03091859818,2.18322873116,49.105052948,9.18057823181,9.37463092804,9.69019031525,1.05550897121,4.60675954819,15.0086631775,2.98211622238,18.6120491028,58.6371078491,2.55879616737
2022-06-21,5.14558315277,2.08889126778,48.7263565063,9.03724384308,9.18019390106,9.57917308807,1.04587006569,4.53316783905,15.4215259552,2.94984292984,18.6309452057,57.7947425842,2.53608465195
2022-06-22,5.09541749954,2.21692037582,47.7855644226,9.08741092682,9.24963665009,9.55538368225,1.04105019569,4.54052686691,15.2272357941,2.93693327904,18.6120491028,58.8392715454,2.53608465195
2022-06-23,5.0524187088,2.11584448814,48.0991668701,9.35974693298,9.13158321381,9.58710289001,1.06514883041,4.58468103409,15.113904953,2.96920704842,18.8198986053,60.1954727173,2.51337361336
2022-06-24,5.0524187088,2.14279842377,48.6671943665,9.173412323,9.05519771576,9.68226146698,1.0699685812,4.55524635315,14.8305673599,2.96920704842,18.4797801971,58.5865707397,2.49823260307
2022-06-27,5.0524187088,2.16975164413,49.9985122681,9.30957889557,9.09686374664,9.77741718292,1.06514883041,4.62147665024,14.8629522324,2.99502658844,18.5553607941,58.5781364441,2.49823260307
2022-06-28,5.04525136948,2.17649054527,50.8564682007,9.40991306305,9.06214332581,9.6029624939,1.05550897121,4.5920419693,14.781996727,3.00793528557,18.0451850891,57.8958206177,2.51337361336
2022-06-29,5.03808498383,2.12258338928,50.8860626221,8.92974185944,8.97881412506,9.55538368225,1.04105019569,4.54788589478,14.7010412216,3.00148105621,17.8184394836,57.7947425842,2.5285141468
2022-06-30,4.96641921997,2.27082753181,49.9156799316,8.67890834808,8.97881412506,9.4919462204,1.02659142017,4.29032087326,14.3772315979,2.98211622238,17.5350055695,58.5865707397,2.63449978828
2022-07-01,4.97358608246,2.18996667862,50.1760215759,9.01574325562,9.11769676208,9.50780487061,1.01695168018,4.1431388855,14.5796127319,3.00793528557,17.5916938782,58.898235321,2.55879616737
2022-07-04,4.88758707047,2.25735020638,49.1701393127,9.15907859802,9.00658893585,9.28577232361,1.00731265545,4.09898614883,14.4338989258,2.93047833443,17.2893657684,57.6357688904,2.49066185951
2022-07-05,4.88042116165,2.53362298012,48.30626297,9.08024311066,8.8677072525,9.02408885956,1.01213252544,4.08426618576,14.87104702,2.92402362823,17.1004123688,57.9418106079,2.49066185951
2022-07-06,4.873254776,2.48645472527,47.637638092,9.57474803925,8.97186851501,9.30163097382,1.03141129017,4.04747104645,14.6605701447,2.93047833443,17.2326793671,59.8884963989,2.55122518539
2022-07-07,4.93775320053,2.63469910622,48.3003387451,9.46724796295,9.0829744339,9.09545707703,1.07960772514,4.19465255737,14.7010412216,2.94338774681,17.6672744751,61.3846435547,2.53608465195
2022-07-08,4.90908670425,2.82337284088,48.2115859985,9.2737455368,9.00658893585,8.90514278412,1.07960772514,4.18729352951,14.6362800598,2.91111397743,17.7239608765,61.4611549377,2.5285141468
2022-07-11,4.83025503159,2.55383872986,46.8802566528,9.03007602692,9.02742099762,8.71482753754,1.07960772514,4.08426618576,14.5148534775,2.81429219246,16.7602920532,58.8003883362,2.54365515709
2022-07-12,4.78725624084,2.57405400276,48.5133476257,9.05157661438,9.04131126404,8.69896793365,1.04105019569,4.16521549225,14.6929473877,2.80783700943,16.609128952,59.1659240723,2.4603805542
2022-07-13,4.76575565338,2.72229647636,48.5133476257,9.03724384308,9.06214332581,8.63552951813,1.0362303257,4.09162425995,14.288184166,2.80783700943,16.873664856,60.4665527344,2.43766927719
2022-07-14,4.75858926773,2.77620363235,47.2826156616,9.08024311066,9.11769676208,8.58795166016,1.04105019569,4.0106754303,14.3448514938,2.77556347847,17.0248298645,61.0446090698,2.346824646
2022-07-15,4.89475393295,2.83011078835,47.0341033936,8.83657455444,9.18019390106,8.84170341492,1.05550897121,4.08426618576,14.2315158844,2.85947537422,16.5902328491,63.2463226318,2.39981722832
2022-07-18,4.8230881691,2.76946568489,47.0341033936,8.44240570068,9.13852882385,8.75447654724,1.02177143097,4.20937108994,14.3529462814,2.83365607262,16.9492473602,63.8243942261,2.38467621803
2022-07-19,4.89475393295,2.66839075089,48.5192718506,9.13757705688,9.10380649567,9.02408885956,1.0362303257,4.22408866882,14.2558040619,2.87883996964,17.2893657684,62.7617797852,2.36196541786
2022-07-20,4.91625356674,2.74925112724,48.9097900391,9.66074943542,9.08992004395,9.38885784149,1.04587006569,4.27560186386,14.7334270477,2.94984292984,17.9696025848,63.0933265686,2.37710595131
2022-07-21,4.95208644867,2.8031578064,48.8446998596,9.80408287048,9.15936088562,9.5315952301,1.04587006569,4.17993402481,14.6605701447,3.04666447639,18.0262870789,63.3823509216,2.43009877205
2022-07-22,5.01658582687,2.89749479294,48.9038658142,9.59624862671,9.29824352264,9.63468170166,1.04587006569,4.12106132507,14.9196176529,2.96920704842,18.0451850891,63.0167999268,2.44523954391
2022-07-25,5.00941801071,2.84358787537,49.2293014526,9.73958301544,9.37463092804,9.51573467255,1.04587006569,4.11370325089,14.8791389465,2.87883996964,17.9507083893,64.7849807739,2.346824646
2022-07-26,4.95925283432,2.98509287834,48.6376037598,9.80408287048,9.37463092804,9.39678859711,1.02177143097,3.94444417953,14.6929473877,2.87883996964,17.4027385712,63.5268592834,2.33168387413
2022-07-27,5.19574928284,3.03226184845,48.9452438354,9.94741821289,9.38851928711,9.68226146698,1.03141129017,4.17257499695,14.9196176529,2.98211622238,18.2341384888,65.6095733643,2.37710595131
2022-07-28,5.27458190918,3.14007520676,48.429271698,9.47441387177,9.39546203613,10.1818370819,1.02659142017,4.21672868729,15.1220006943,3.1499414444,18.8765850067,67.726272583,2.43009877205
2022-07-29,5.33907985687,3.09964513779,48.8372573853,9.46008110046,9.44407176971,10.2373447418,1.03141129017,4.19465255737,14.9115247726,3.13703179359,19.5190315247,67.2842330933,2.47552108765
2022-08-01,5.29608058929,2.85706496239,48.507270813,9.44574737549,9.43712806702,9.93601322174,1.04105019569,4.1431388855,14.9924736023,3.15639591217,19.1222248077,67.1822280884,2.5285141468
2022-08-02,5.28174734116,2.79641914368,48.4952697754,9.41708087921,9.61767673492,10.1342573166,1.02177143097,4.08426618576,15.194858551,3.175760746,19.084438324,67.7007751465,2.67235159874
2022-08-03,5.23158168793,2.8907558918,48.8972511292,9.48874759674,9.61073112488,10.4673089981,1.0362303257,4.16521549225,15.6562862396,3.31776642799,19.6890926361,71.8321914673,2.62692928314
2022-08-04,5.46091127396,3.03900003433,49.0472450256,9.53891468048,9.70100688934,10.8241491318,1.06514883041,4.42278242111,15.7858142853,3.45977163315,21.3141021729,74.0254135132,2.69506311417
2022-08-05,5.48241186142,3.14007520676,49.4072189331,9.6177482605,9.81905651093,10.7369213104,1.05068969727,4.34183359146,16.2148628235,3.55013799667,21.0684604645,72.7417831421,2.66478157043
2022-08-08,5.70457363129,3.14007520676,48.987247467,9.46724796295,9.82599925995,10.9351663589,1.05068969727,4.43014192581,17.3482036591,3.61468648911,21.5408477783,71.8916931152,2.64207005501
2022-08-09,5.66874170303,3.16029071808,49.3112220764,9.10174369812,9.98571681976,10.7210626602,1.04105019569,4.34183359146,17.5991573334,3.59532308578,20.8795051575,70.132019043,2.7859082222
2022-08-10,5.70457363129,3.17376708984,50.1511764526,9.28091239929,10.0065498352,11.0699729919,1.0699685812,4.68770837784,17.5101089478,3.73732805252,21.8242835999,73.4473571777,2.7859082222
2022-08-11,5.69740819931,3.02552294731,50.2171821594,9.78258419037,9.82599925995,11.0144634247,1.06032907963,4.65827226639,17.2510585785,3.45977163315,22.0132369995,71.3816375732,2.8389005661
2022-08-12,5.86223888397,3.03226184845,54.284942627,10.2484197617,9.97182750702,11.8153715134,1.07478773594,4.89376115799,17.3724899292,3.45977163315,22.9202194214,76.295135498,2.89946365356
2022-08-15,6.17039966583,3.03900003433,54.2489433289,10.499256134,10.0690469742,11.680565834,1.0699685812,4.93791532516,17.7205848694,3.53722977638,23.0902786255,76.0060958862,2.944886446
2022-08-16,6.65055894852,3.03900003433,53.9849624634,11.0009269714,9.88958835602,11.2920055389,1.06032907963,4.88640165329,17.4453449249,3.48559093475,22.7501564026,74.6799697876,2.88432264328
2022-08-17,6.54306077957,3.24115109444,54.3330993652,11.1442623138,9.99020957947,11.1968479156,1.06514883041,4.96735191345,17.2834415436,3.55013799667,22.8068466187,75.428062439,2.87675261497
2022-08-18,6.47139549255,3.18050575256,54.9522323608,11.1084280014,10.1123933792,11.1730594635,1.06032907963,4.92319774628,16.6034393311,3.50495481491,22.2588768005,75.9636001587,2.81618952751
2022-08-19,6.56456041336,2.95140194893,54.0488014221,11.1155939102,9.99739837646,11.0144634247,1.04105019569,4.73186254501,16.7815361023,3.3242213726,21.1629390717,75.479057312,2.84647130966
2022-08-22,6.44989538193,3.01204681396,53.5433692932,11.0236434937,9.96146202087,10.8241491318,1.03141129017,4.7465801239,16.9191513062,3.22739911079,20.6716575623,75.1390151978,2.7859082222
2022-08-23,6.60039377213,3.08616900444,54.6237106323,10.9482927322,9.8824005127,10.9906749725,1.05550897121,4.68770837784,17.0486755371,3.29194664955,20.7661323547,75.4620437622,2.8389005661
2022-08-24,6.63622570038,3.13333725929,55.6535186768,10.8277330399,9.81053066254,11.1651287079,1.0699685812,4.89376115799,17.4048690796,3.36940431595,20.8039245605,77.3237380981,2.88432264328
2022-08-25,6.53589439392,3.13333725929,55.8935928345,10.7825241089,9.65959835052,11.1809902191,1.07478773594,4.82017183304,17.8824901581,3.38876891136,20.8795051575,77.2727355957,2.87675261497
2022-08-26,6.60039377213,3.072691679,55.5524291992,10.7071733475,9.63085174561,11.0858316422,1.11334574223,4.68770837784,17.8420162201,3.63405108452,20.4638061523,76.9327011108,2.83133029938
2022-08-29,6.54306077957,2.94466280937,56.1399841309,10.5640096664,9.79615592957,11.1809902191,1.11334574223,4.64355516434,18.1334457397,3.81478571892,20.9172973633,78.0378189087,2.83133029938
2022-08-30,6.49289512634,2.96487784386,55.9062309265,10.1646575928,9.76022052765,11.109621048,1.10852599144,4.51844978333,17.9067783356,3.85996890068,20.5393886566,78.3608474731,2.77833747864
2022-08-31,6.52872753143,3.02552294731,58.1111412048,9.90846824646,9.93271255493,11.2047796249,1.07960772514,4.56260442734,17.5846576691,3.89195394516,20.218164444,78.5478591919,2.82375955582
2022-09-01,6.39256381989,3.072691679,58.0921936035,9.85572433472,10.1339559555,11.553689003,1.10852599144,4.79809379578,18.0927886963,3.98040676117,20.785030365,79.8229904175,2.80104875565
2022-09-02,6.51439571381,3.05921506882,57.5172653198,10.0139579773,10.1555166245,11.4426708221,1.11816525459,5.19548130035,18.2260704041,3.75587153435,20.973985672,78.9474105835,2.82375955582
2022-09-05,6.46422958374,3.06595420837,56.8096733093,9.77284049988,10.1698894501,11.4188833237,1.08924710751,5.40153455734,18.2343997955,3.81710886955,21.729801178,79.3214416504,2.82375955582
2022-09-06,6.41406202316,2.98509287834,55.5966567993,9.54679012299,10.0764570236,11.244427681,1.0699685812,5.39417648315,17.9095306396,3.65380978584,20.5582828522,77.918800354,2.76319646835
2022-09-08,6.32806396484,2.97835493088,56.1715774536,8.98920440674,10.069270134,11.3157958984,1.06514883041,5.44569063187,17.63463974,3.6674182415,19.7646751404,78.4203491211,2.81618952751
2022-09-09,6.37823009491,3.072691679,56.3042526245,8.96659851074,10.0261459351,11.6964244843,1.06514883041,5.57079267502,18.1760902405,3.76267623901,20.2559566498,79.1854248047,2.92217493057
2022-09-12,6.41406202316,3.10638380051,56.6769943237,9.22278785706,9.99020957947,11.9581079483,1.07478773594,5.80628108978,18.1344394684,3.76947999001,20.6527633667,80.4945602417,2.9903087616
2022-09-13,6.38539600372,3.09964513779,55.2870788574,8.913854599,9.92552566528,11.728143692,1.06032907963,5.62230587006,18.0844593048,3.69463396072,19.7457771301,79.9080047607,2.95245671272
2022-09-14,6.37823009491,3.20072102547,55.2807693481,8.81589984894,9.91115283966,11.902598381,1.05550897121,5.71797370911,18.5259494781,3.76267623901,20.4260139465,80.5030517578,2.944886446
2022-09-15,6.42122936249,3.05247688293,55.1544113159,9.04194831848,9.83209228516,11.862950325,1.0699685812,5.71061420441,18.7675209045,3.72185087204,20.4071216583,80.3840484619,2.95245671272
2022-09-16,6.18473291397,3.15355229378,56.2284317017,9.26799678802,9.78178119659,11.8946695328,1.06514883041,5.60022974014,18.7925109863,3.68102622032,20.029209137,80.5455627441,2.92217493057
2022-09-19,6.44989538193,3.03900003433,57.1381950378,9.17004203796,9.89677810669,11.8867397308,1.09888648987,5.68117856979,18.8258323669,3.62659358978,20.3693275452,82.8152923584,2.96759748459
2022-09-20,6.52156066895,3.12659859657,56.1652565002,9.00427436829,9.90396404266,11.8391609192,1.08924710751,5.67381858826,19.0757350922,3.67422246933,19.84025383,83.3083343506,3.05087208748
2022-09-21,6.52156066895,3.16029071808,55.2112693787,8.72548103333,10.0045843124,11.8946695328,1.08924710751,5.64438295364,18.6009216309,3.59937691689,19.1222248077,84.3284454346,3.05844211578
2022-09-22,6.42839574814,3.09964513779,55.4513473511,8.63506126404,10.0620803833,11.910528183,1.10852599144,5.73269224167,18.809173584,3.81030416489,19.9347343445,85.7310791016,3.26284337044
2022-09-23,6.39256381989,3.04573893547,55.084903717,8.47682762146,9.96146202087,11.9898262024,1.10370635986,5.60022974014,18.4093265533,3.87154150009,19.5757160187,84.8214874268,3.25527238846
2022-09-26,6.24923229218,2.89749479294,53.4043693542,8.16789340973,9.75303077698,11.7915821075,1.09406650066,5.37209892273,17.8845367432,3.76267623901,18.7065258026,82.2627334595,3.11143517494
2022-09-27,6.27073144913,2.94466280937,53.0695304871,7.96444940567,9.63803863525,11.7519330978,1.08924710751,5.27643156052,17.7429256439,3.84432506561,18.309720993,82.0332107544,3.03573131561
2022-09-28,6.21339988708,3.01878476143,53.0632209778,7.72333097458,9.47273349762,11.8550195694,1.1663620472,5.36473941803,17.7096099854,3.95999479294,18.4419898987,82.2457427979,3.03573131561
2022-09-29,6.03423595428,2.95813989639,52.8800048828,7.49728250504,9.30742645264,11.8708791733,1.13744354248,5.28379011154,17.6762905121,3.95999479294,18.2152442932,81.9906997681,2.9903087616
2022-09-30,6.09873533249,2.93118596077,54.1941070557,7.43700265884,9.37211036682,12.1008434296,1.1663620472,5.44569063187,17.6013221741,4.08927345276,18.2530345917,83.6568832397,3.05087208748
2022-10-03,6.33523035049,3.03226184845,56.2221260071,7.57263231277,9.59491348267,12.66385746,1.1856405735,5.71061420441,18.1094493866,4.50432395935,19.2733898163,87.2102127075,3.12657570839
2022-10-04,6.27789783478,3.072691679,55.5966567993,7.57263231277,9.54460334778,12.5369815826,1.15190303326,5.61494636536,18.0261497498,4.36143875122,19.7268810272,85.8586044312,3.26284337044
2022-10-05,6.33523035049,3.00530791283,55.8935928345,7.55756187439,9.48710632324,12.6162796021,1.13744354248,5.57079267502,17.9178581238,4.43628311157,19.6324081421,86.309135437,3.24013185501
2022-10-06,6.2850651741,2.89749479294,55.836730957,7.8514251709,9.50148010254,12.6083488464,1.13262462616,5.65174102783,17.8262271881,4.47710752487,20.218164444,86.7086715698,3.31583571434
2022-10-07,6.25639867783,2.85032558441,55.9062309265,7.88909959793,9.55898094177,12.1880702972,1.13744354248,5.59287023544,17.8678798676,4.43628311157,19.6324081421,86.6236801147,3.18713927269
2022-10-10,6.24923229218,2.83011078835,56.2284317017,7.99458885193,9.58772945404,12.0691251755,1.1470836401,5.56343269348,17.9595069885,4.44308710098,19.5568237305,85.9011077881,3.17956852913
2022-10-11,6.21339988708,2.83011078835,55.8177871704,7.81375074387,9.55898094177,12.2197904587,1.10852599144,5.61494636536,17.9511795044,4.36824226379,19.5946140289,84.8809890747,3.18713927269
2022-10-13,6.2635641098,2.76272749901,56.6011924744,7.9569144249,9.45116901398,12.3704557419,1.12298488617,5.55607509613,18.2427330017,4.35463380814,19.7457771301,84.3454437256,3.18713927269
2022-10-14,6.21339988708,2.80989575386,56.4685211182,7.70826148987,9.36492347717,12.671787262,1.13744354248,5.47512483597,18.0927886963,4.20494318008,19.1600170135,84.0309066772,3.13414597511
2022-10-17,6.2850651741,2.72903585434,56.2537117004,8.00212478638,9.35054969788,13.0048379898,1.17118179798,5.48984336853,18.4509830475,4.19133472443,19.1789131165,84.3709487915,3.17199873924
2022-10-18,6.37106370926,2.72903585434,57.4919929504,8.40147781372,9.38648509979,12.9810504913,1.18082094193,5.60022974014,18.7258720398,4.17772626877,19.5379276276,85.5355682373,3.27041363716
2022-10-19,6.44989538193,2.70208191872,57.8710594177,8.40901279449,9.42242145538,13.0048379898,1.17118179798,5.55607509613,18.2927093506,4.15051078796,19.7457771301,85.0085067749,3.24013185501
2022-10-20,6.37106370926,2.58079171181,56.7528114319,8.31105709076,9.42960929871,12.9017515182,1.13744354248,5.40889406204,18.3176994324,4.02803564072,19.4812431335,84.4729614258,3.17956852913
2022-10-21,6.42122936249,2.69534373283,59.4947433472,8.54464149475,9.57335281372,13.2348031998,1.13744354248,5.57815217972,18.6009216309,4.11648988724,19.7457771301,85.1360321045,3.17956852913
2022-10-24,6.30656528473,2.66165161133,58.3701667786,8.43161773682,9.71709918976,13.3061723709,1.11816525459,5.40153455734,18.2427330017,4.08927345276,19.5568237305,85.6885681152,3.20985007286
2022-10-25,6.21339988708,2.66839075089,57.5362167358,8.46929264069,9.63803863525,13.0444879532,1.11334574223,5.26907253265,18.0511398315,4.02803564072,19.1789131165,84.8469924927,3.16442775726
2022-10-26,5.96257066727,2.60774493217,58.0605964661,8.11514854431,9.47273349762,12.806593895,1.10852599144,5.20283889771,17.7679176331,3.85793328285,18.3853034973,79.8654937744,3.02059030533
2022-10-27,6.12023448944,2.72903585434,59.6147842407,8.12268352509,9.55898094177,12.8462438583,1.12780463696,5.26171350479,18.3926715851,4.00762367249,19.5001354218,81.8547058105,2.9903087616
2022-10-28,6.29223108292,2.6549141407,59.5768661499,8.29598712921,9.50866794586,12.8700304031,1.11816525459,5.21019887924,18.6675643921,3.98040676117,19.4056587219,83.852394104,2.91460442543
2022-10-31,6.32089710236,2.64143657684,58.5597076416,8.06240367889,9.6452255249,13.2427339554,1.1615421772,5.40153455734,19.358953476,4.30700492859,20.4638061523,88.8338928223,3.02816081047
2022-11-01,6.41406202316,2.62795996666,60.8783340454,8.22817325592,9.59491348267,13.1396446228,1.15672254562,5.46040630341,19.5744895935,4.27298402786,20.4827022552,87.5162658691,3.01301980019
2022-11-03,6.45706224442,2.68186664581,61.9144554138,8.51450157166,9.50866794586,13.3220291138,1.19046056271,5.51192140579,20.6531352997,4.27978849411,21.0684604645,88.0008087158,3.04330158234
2022-11-04,6.55609750748,2.72903585434,62.1039848328,8.68780612946,9.50148010254,13.2427339554,1.12298488617,5.42361307144,20.6531352997,4.43628311157,21.3896827698,86.5386657715,3.06601262093
2022-11-07,6.42184257507,2.69534373283,60.9667930603,8.59738540649,9.44398212433,12.6004190445,1.11816525459,5.27643156052,20.143075943,4.22535610199,20.4449100494,83.4443588257,3.02059030533
2022-11-08,6.38454961777,2.67512869835,60.8341140747,8.60492134094,9.49429416656,12.7272958755,1.13262462616,5.11453342438,20.1179904938,4.25257253647,19.9536304474,83.0788269043,3.00544929504
2022-11-09,6.41438388824,2.71555876732,60.7772598267,8.61245632172,9.44398212433,12.5607719421,1.12298488617,5.13660812378,19.9925689697,4.19133472443,18.7821083069,79.54246521,2.9903087616
2022-11-10,6.09366464615,2.64143657684,57.6246643066,8.16035842896,9.28586483002,11.9422483444,1.03141129017,4.73922157288,18.6797981262,3.91917061806,16.9492473602,73.7533874512,2.87675261497
2022-11-11,6.13095808029,2.62122154236,60.9604568481,8.86110973358,9.50866794586,11.9739675522,1.01695168018,4.51844978333,19.0226268768,3.76267623901,15.5131893158,73.8383865356,2.7934782505
2022-11-14,6.39200782776,2.59426856041,63.4875907898,8.2055683136,9.67397499084,12.0929145813,1.0362303257,4.44485902786,18.696521759,3.81030416489,15.4565057755,75.0455169678,2.64207005501
2022-11-16,6.12349939346,2.52688503265,62.0787162781,7.64798116684,9.16729068756,11.5854082108,1.01695168018,4.29032087326,18.5627403259,3.55174827576,14.4739379883,73.1838150024,2.61178851128
2022-11-17,5.8922829628,2.43254756927,57.5251541138,7.63291168213,9.15252780914,11.3792333603,1.01213252544,4.10634374619,18.3536987305,3.47690320015,13.8881788254,73.9914093018,2.61935901642
2022-11-18,5.92211723328,2.38537955284,55.3062782288,7.45960760117,9.13776493073,11.2999362946,1.00249278545,4.0769071579,18.1530170441,3.42927384377,13.831492424,75.1475219727,2.56636619568
2022-11-21,5.97432851791,2.3719022274,55.7699317932,7.38425779343,9.13776493073,11.4981813431,1.01213252544,4.22408866882,18.7132472992,3.53813958168,14.5117282867,79.4319534302,2.52094364166
2022-11-22,5.89974117279,2.33147239685,55.4387550354,7.14313936234,9.07871818542,11.2920055389,1.01213252544,4.1578578949,18.6463546753,3.42247009277,14.0960292816,75.5640716553,2.52094364166
2022-11-23,5.99670314789,2.29104208946,54.9552345276,7.36918783188,8.96799945831,11.1254796982,1.01695168018,4.09898614883,19.0811538696,3.36123275757,14.020447731,72.9117965698,2.52094364166
2022-11-24,6.13841676712,2.43254756927,56.9621582031,7.41439819336,9.07871818542,11.5299005508,1.03141129017,4.22408866882,19.6664714813,3.65380978584,14.9463253021,77.1027069092,2.62692928314
2022-11-25,6.07874679565,2.35842561722,56.6309890747,7.24862861633,8.94585609436,11.3792333603,1.01695168018,4.05483102798,19.390537262,3.47009825706,14.1149244308,73.8383865356,2.61935901642
2022-11-28,5.98178625107,2.32473373413,55.6970710754,6.81913614273,8.91633319855,11.1968479156,1.01213252544,4.0106754303,19.6748313904,3.44288277626,13.9826564789,73.0563201904,2.61178851128
2022-11-29,6.03399658203,2.46623969078,57.6245079041,6.82667064667,8.87204742432,11.6171274185,1.02177143097,4.1578578949,19.8086147308,3.60618114471,14.3983564377,74.6374664307,2.68749260902
2022-11-30,6.00416135788,2.5605764389,56.2468147278,6.59308767319,8.54727840424,11.5774774551,1.01213252544,4.0769071579,20.2434177399,3.51772785187,14.4172525406,76.1421203613,2.7859082222
2022-12-01,6.10858249664,2.57405400276,56.8296928406,6.13345575333,8.78347301483,11.593337059,1.00731265545,4.00331783295,20.0427398682,3.51772785187,14.1527147293,72.6142730713,2.7253446579
2022-12-02,6.08620643616,2.64817476273,57.5582771301,6.09578037262,8.65061473846,11.7202129364,1.01695168018,4.09898614883,19.9340362549,3.67422246933,14.2849826813,74.1954345703,2.7253446579
2022-12-05,6.05637216568,2.59426856041,56.6243515015,5.87726640701,8.59156513214,11.4664621353,1.00731265545,3.83406019211,19.4156188965,3.51772785187,13.4157905579,71.6961746216,2.68749260902
2022-12-06,5.9295759201,2.5470995903,57.2933349609,5.97522068024,8.67275810242,11.8470907211,1.01695168018,3.8414182663,19.3988952637,3.53133630753,13.1512546539,70.9821090698,2.66478157043
2022-12-07,5.89974117279,2.5605764389,56.7502059937,6.06564092636,8.7022819519,11.8550195694,1.02177143097,3.85613703728,19.2233028412,3.5245320797,13.0756731033,71.3136367798,2.64964079857
2022-12-08,5.9370341301,2.52014660835,55.3261528015,5.74163722992,8.67275810242,11.5140390396,0.997672975063,3.7383916378,18.9557304382,3.40205788612,12.376540184,69.8259887695,2.55879616737
2022-12-09,5.97432851791,2.48645472527,56.7634468079,5.69642734528,8.66537475586,11.1968479156,1.01213252544,3.71631360054,19.0560741425,3.32721209526,12.187584877,67.6242599487,2.57393670082
2022-12-12,5.85499048233,2.5134074688,55.6374511719,5.78684711456,8.56942367554,10.9351663589,0.983214318752,3.6648015976,18.5125694275,3.19793391228,11.9041538239,66.1281280518,2.49823260307
2022-12-13,5.59393978119,2.49319267273,55.8162994385,5.50805425644,8.30370521545,10.83207798,0.925378024578,3.56913518906,17.6847686768,3.12308883667,11.5829305649,64.3089370728,2.5285141468
2022-12-14,5.60885715485,2.49319267273,55.6374511719,5.39502906799,8.14132118225,11.0382528305,0.939836978912,3.62800550461,17.4422855377,3.14350104332,11.5073490143,63.3313484192,2.58907771111
2022-12-15,5.5715637207,2.5673148632,54.564453125,5.75670719147,8.25203704834,10.9272356033,0.939836978912,3.55441522598,17.634601593,3.13669776917,11.564034462,63.9858970642,2.55879616737
2022-12-16,5.76548624039,2.42580962181,53.0344200134,5.83205747604,8.02322387695,10.9430952072,0.910919368267,3.3820066452,17.6596889496,3.00741863251,11.3183927536,62.8637962341,2.56636619568
2022-12-19,5.78040361404,2.43254756927,53.6504020691,5.92247581482,8.22989368439,10.9986047745,0.983214318752,3.57526445389,17.8770847321,3.06185221672,11.7907800674,66.2344894409,2.58150696754
2022-12-20,5.96686887741,2.52688503265,55.9686317444,5.82833433151,8.25941848755,11.2206382751,1.0362303257,3.70162343979,18.4791202545,3.07546019554,12.565495491,68.8708190918,2.65721130371
2022-12-21,6.05637216568,2.58079171181,54.8625068665,5.93910694122,8.38489627838,11.3316545486,1.08442759514,3.71649050713,18.763420105,3.11628460884,12.6599721909,67.3766174316,2.65985321999
2022-12-22,6.10858249664,2.5134074688,54.9088630676,6.33959197998,8.62847042084,11.3475151062,1.13262462616,3.67932605743,19.0811538696,3.11628460884,12.8489274979,66.0970993042,2.70763516426
2022-12-23,6.25029468536,2.54036140442,54.2266464233,6.74007749557,8.65799427032,11.4902505875,1.19046056271,3.78338813782,19.1396846771,3.26597523689,13.3968963623,69.4289932251,2.77930760384
2022-12-26,6.19062662125,2.58079171181,54.3392486572,6.75711870193,8.5768032074,11.5695495605,1.18082094193,3.79825377464,18.8219490051,3.33401632309,13.1701507568,67.4624862671,2.81912589073
2022-12-27,6.07128953934,2.45276260376,54.0809364319,6.77416086197,8.47346973419,11.1968479156,1.19207668304,3.6644589901,19.1145992279,3.25236749649,12.3576450348,65.7536087036,2.73948979378
2022-12-28,6.15333366394,2.64143657684,54.4054870605,7.11499929428,8.62109088898,11.5774774551,1.23300659657,3.82798552513,19.6079368591,3.27277970314,13.1008491516,67.565536499,2.85894393921
2022-12-29,6.22792005539,2.62795996666,54.2862586975,7.41323328018,8.58418464661,11.3475151062,1.22789001465,3.73135709763,19.3570899963,3.24556279182,13.0429677963,67.1962814331,2.92265343666
2023-01-02,6.05637216568,2.52688503265,53.0542907715,7.1235203743,8.53251743317,10.9034461975,1.18184494972,3.62729501724,18.9306468964,3.08906841278,12.2133102417,63.6496887207,2.77134418488
2023-01-03,6.03399658203,2.49319267273,51.9150505066,6.97866392136,8.36275196075,10.6893424988,1.18184494972,3.56783056259,18.5710983276,3.06865644455,11.6537752151,61.6660041809,2.68374419212
2023-01-04,6.07874679565,2.5470995903,51.8620529175,7.11499929428,8.37751483917,10.6893424988,1.20230960846,3.56039834023,18.6296310425,3.06185221672,12.0589570999,63.0829238892,2.69170808792
2023-01-05,6.04145526886,2.4595015049,51.597114563,7.21725130081,8.46608829498,10.9986047745,1.23812270164,3.65702486038,18.813583374,3.07546019554,12.5413141251,63.8386154175,2.71559882164
2023-01-06,6.01162052155,2.49319267273,51.8753089905,7.20020914078,8.72442531586,11.3157958984,1.22277438641,3.61242866516,19.0644321442,3.23195457458,13.0815572739,65.0923690796,2.69967150688
2023-01-09,6.05637216568,2.5605764389,52.1005020142,7.1064786911,8.80561733246,11.2999362946,1.22789001465,3.56039834023,19.2400302887,3.22515058517,13.2166166306,64.4311447144,2.74745321274
2023-01-10,6.07874679565,2.61448383331,50.8089256287,7.31098127365,8.84990215302,11.5774774551,1.22789001465,3.64959359169,19.6831912994,3.32040834427,13.8533287048,66.1829681396,2.74745321274
2023-01-11,6.07874679565,2.5605764389,51.1003608704,7.36210727692,8.89213466644,11.6012678146,1.22277438641,3.67932605743,19.7500858307,3.4088613987,14.0076847076,67.8403396606,2.74745321274
2023-01-12,6.10858249664,2.60774493217,50.9281425476,7.36210727692,8.93046092987,11.4664621353,1.23812270164,3.63472819328,19.5995731354,3.47009825706,13.5832090378,68.3555679321,2.71559882164
2023-01-13,6.23537826538,2.63469910622,50.7758026123,7.13204193115,8.90746498108,11.3871641159,1.24323904514,3.53809976578,19.4574298859,3.44288277626,13.3323812485,67.6256484985,2.66781711578
2023-01-16,6.08620643616,2.60100650787,50.5307312012,6.86789178848,8.89213466644,11.3395843506,1.23300659657,3.48606920242,19.3738117218,3.35442876816,12.8886127472,66.4921112061,2.70763516426
2023-01-17,6.25775432587,2.61448383331,51.1069793701,7.07239437103,8.95345973969,11.3316545486,1.26370406151,3.57526445389,19.5661315918,3.41566610336,13.0622625351,68.6990737915,2.74745321274
2023-01-18,6.36963272095,2.62795996666,51.4116592407,7.01274776459,8.99945259094,11.4743909836,1.26881968975,3.58873438835,20.0427398682,3.53813958168,13.5060310364,68.9996261597,2.80319857597
2023-01-19,6.39946699142,2.61448383331,52.9218215942,7.04683208466,9.06077766418,11.6964244843,1.26881968975,3.67131996155,19.8587856293,3.58576869965,13.7375631332,70.2533874512,2.74745321274
2023-01-20,6.28758859634,2.62795996666,51.6898498535,6.97866392136,9.03777980804,11.8153715134,1.26370406151,3.6112575531,19.5410442352,3.69463396072,14.0655660629,69.90990448,2.81912589073
2023-01-23,6.25029468536,2.55383872986,51.9945259094,7.17464590073,9.01478385925,11.9263877869,1.2585875988,3.59624218941,19.3988952637,3.70143842697,13.7761516571,70.4251251221,2.93061709404
2023-01-24,6.3323392868,2.59426856041,51.987903595,7.15760374069,9.12210273743,11.8946695328,1.2585875988,3.60374927521,19.7249965668,3.71504712105,14.4900426865,71.1636581421,2.8987622261
2023-01-25,6.47405290604,2.60100650787,51.597114563,7.14056253433,9.14509963989,12.2515077591,1.32509863377,3.75390577316,19.9423999786,3.78308820724,14.4707479477,72.4517593384,2.93858075142
2023-01-26,6.48151111603,2.5605764389,51.749458313,7.07239437103,9.19876003265,12.711438179,1.31486570835,3.80646061897,20.2601394653,3.85112905502,14.5672206879,71.8248825073,3.02618026733
2023-01-27,6.46659469604,2.5470995903,51.0473670959,6.84232854843,9.26774978638,12.6797170639,1.2995172739,3.76141405106,20.3186702728,3.76947999001,14.3549823761,71.137878418,2.98636221886
2023-01-30,6.49642848969,2.55383872986,51.0076179504,6.63782548904,9.31374263763,12.5845594406,1.2892844677,3.76892185211,20.8203716278,3.72185087204,14.3935709,75.663444519,2.98636221886
2023-01-31,6.48151111603,2.53362298012,51.405040741,6.56113672256,9.42872714996,12.6876478195,1.31486570835,3.866522789,21.6565284729,3.72865581512,14.9916944504,75.2254867554,2.99432563782
2023-02-01,6.47405290604,2.58079171181,51.6633529663,6.91049671173,9.24475288391,12.759016037,1.33021402359,3.81396770477,21.2886161804,3.74226236343,14.9916944504,75.7750701904,2.9465444088
2023-02-02,6.36217355728,2.48645472527,51.3189315796,6.62930488586,9.24475288391,12.6162796021,1.3455632925,3.79144477844,21.2635326385,3.72865581512,14.663690567,76.1271591187,2.98636221886
2023-02-03,6.17570924759,2.50666999817,51.0804786682,6.56113672256,9.0761089325,12.2515077591,1.31998193264,3.78393602371,21.0795764923,3.58576869965,14.2778053284,74.3066329956,2.9067261219
2023-02-06,6.28012990952,2.40559482574,51.0009994507,6.11804771423,9.19876003265,11.910528183,1.3455632925,3.63378143311,21.2133636475,3.59937691689,14.2778053284,73.3448562622,2.88283467293
2023-02-07,6.21300268173,2.41907024384,51.0009994507,5.8027715683,9.09144020081,11.6567754745,1.2995172739,3.60374927521,21.3220596313,3.46329426765,14.2585096359,71.7046585083,2.78727126122
2023-02-08,6.30996370316,2.35842561722,50.7691802979,5.97319078445,9.19876003265,11.6726360321,1.3455632925,3.68633556366,21.6063575745,3.56535625458,14.7408685684,72.4861221313,2.75541687012
2023-02-09,6.18316793442,2.16975164413,50.4843673706,5.72608375549,9.1144361496,11.4981813431,1.33021402359,3.56621098518,21.2133636475,3.45649075508,13.6410923004,69.6522674561,2.7315261364
2023-02-10,6.25029468536,2.08889126778,50.9215202332,5.640873909,9.15276622772,11.4981813431,1.35579562187,3.60374927521,22.2418365479,3.53133630753,14.0462732315,66.4835205078,2.62799859047
2023-02-13,6.28758859634,2.06867623329,51.2990570068,5.70904111862,9.24475288391,11.6091976166,1.33021402359,3.68633556366,22.492685318,3.54494380951,14.1234502792,68.7849502563,2.60410761833
2023-02-14,6.24283695221,2.00803136826,51.2791938782,5.60678958893,9.19109249115,11.4902505875,1.33533072472,3.62627196312,22.492685318,3.558552742,13.9690952301,66.5694046021,2.50854444504
2023-02-15,6.28012990952,2.12258338928,51.6037368774,5.82833433151,9.19876003265,11.8074426651,1.32509863377,3.64746069908,22.3923492432,3.65380978584,14.8373403549,67.2306289673,2.60410761833
2023-02-16,6.45167589188,2.10910654068,50.4048843384,5.76016712189,9.16042995453,11.8470907211,1.30463349819,3.63987731934,23.0445518494,3.64020133018,14.7987518311,67.6084899902,2.56428980827
2023-02-17,6.40692472458,2.13605952263,50.0074768066,5.60678958893,9.18342685699,11.8233013153,1.33021402359,3.56404662132,23.3204860687,3.58576869965,14.5479259491,68.1408843994,2.62003493309
2023-02-22,6.40692472458,2.12932133675,49.9015007019,5.3426399231,9.18342685699,11.4030227661,1.30974948406,3.51854896545,22.3254547119,3.56535625458,14.6829862595,65.7793579102,2.59614443779
2023-02-23,6.39946699142,2.14279842377,49.9809799194,5.35968208313,9.1144361496,11.2127084732,1.2944009304,3.57163000107,22.6348361969,3.57216072083,14.4128646851,65.865234375,2.62003493309
2023-02-24,6.30996370316,2.16975164413,50.0074768066,5.36820268631,9.04544639587,11.0699729919,1.26881968975,3.51096487045,22.6097488403,3.5245320797,13.6989736557,64.0962371826,2.59614443779
2023-02-27,6.36963272095,2.21018123627,49.5901947021,5.49601793289,9.09910678864,11.1968479156,1.24323904514,3.42755079269,22.4508800507,3.64700627327,13.6410923004,64.405380249,2.68374419212
2023-02-28,6.31742238998,2.09562969208,49.5239524841,5.42784929276,9.09144020081,11.2206382751,1.2944009304,3.20764279366,22.1331386566,3.64020133018,13.8533287048,64.0618896484,2.78727126122
2023-03-01,6.3323392868,2.11584448814,49.9544906616,5.59826898575,9.14509963989,10.966884613,1.2944009304,3.2758898735,21.832118988,3.53813958168,13.4867362976,63.4779396057,2.63596248627
2023-03-02,6.25775432587,2.16975164413,49.9081230164,5.66643714905,9.13743305206,10.6893424988,1.34044694901,3.21522474289,21.9408187866,3.50411987305,13.2937936783,62.4560470581,2.55632638931
2023-03-03,6.33979845047,2.24387359619,49.8683891296,5.76868772507,9.16042995453,10.6655521393,1.31486570835,3.16972637177,21.5729103088,3.41566610336,13.3516769409,63.7355690002,2.58818078041
2023-03-06,6.37709188461,2.22365903854,49.9942245483,5.89650249481,9.19109249115,10.6021156311,1.3455632925,3.2303917408,21.8237571716,3.42247009277,14.1234502792,64.0618896484,2.57225346565
2023-03-07,6.33979845047,2.23039650917,49.6762962341,5.92206573486,9.19876003265,10.6338329315,1.36783015728,3.20764279366,22.0746097565,3.47009825706,14.5479259491,64.525604248,2.50058078766
2023-03-08,6.35471630096,2.29104208946,50.0737113953,5.95614910126,9.2600851059,10.8637971878,1.36252808571,3.34413862228,22.3672618866,3.67422246933,15.8599395752,66.6552658081,2.58818078041
2023-03-09,6.43675899506,2.14279842377,49.8087692261,5.99023294449,9.24475288391,10.9827442169,1.41024339199,3.23797369003,22.4676036835,3.64700627327,16.1107654572,66.7239685059,2.58818078041
2023-03-10,6.33979845047,2.22365903854,49.3517532349,5.81981372833,9.19876003265,10.9510259628,1.42614817619,3.16972637177,21.8822898865,3.57216072083,15.435464859,58.9953231812,2.54836273193
2023-03-13,6.25775432587,2.23334288597,48.3515968323,5.81981372833,9.27541542053,10.7369213104,1.42084729671,3.16972637177,21.1548290253,3.60618114471,15.5705242157,58.8836898804,2.58021688461
2023-03-14,6.23537826538,2.19877123833,47.2918395996,5.77720880508,9.38273429871,10.4673089981,1.40494191647,3.18489384651,20.8454551697,3.57216072083,14.9724006653,57.5182991028,2.58818078041
2023-03-15,6.26521253586,2.24717116356,47.0732650757,5.85389757156,9.57437324524,10.5228176117,1.3837351799,3.24555754662,20.8705387115,3.60673928261,15.3196992874,58.30834198,2.58818078041
2023-03-16,6.25775432587,2.28865742683,47.0931358337,6.04987955093,9.14509963989,10.5783262253,1.3837351799,3.22280836105,20.7200279236,3.64196205139,15.7634687424,59.1842498779,2.58818078041
2023-03-17,6.21300268173,2.25408625603,48.0138015747,6.2458615303,9.10677242279,10.83207798,1.35722661018,2.97580194473,20.5193500519,3.59265136719,15.2425222397,57.3465461731,2.53243517876
2023-03-20,6.16079235077,2.14345574379,49.4312324524,6.08396291733,9.12210273743,10.3800811768,1.32011508942,2.85308861732,20.0929107666,3.52220702171,13.9690952301,54.9249038696,2.52447152138
2023-03-21,6.26521253586,2.19877123833,45.841293335,5.99023294449,8.92279720306,10.1897668839,1.28300356865,2.81474041939,20.0511016846,3.50811767578,13.7761516571,55.139591217,2.50854444504
2023-03-22,6.34725809097,2.30940008163,44.7351646423,5.73460435867,8.92279720306,10.348361969,1.33071875572,2.7840628624,20.2601394653,3.56447291374,14.3742761612,53.6711502075,2.516507864
2023-03-23,6.4442191124,2.29557228088,43.0660400391,5.42784929276,8.82314395905,10.1976966858,1.31481325626,2.69202756882,20.1681632996,3.45880723,13.2166166306,52.5633735657,2.42890810966
2023-03-24,6.42930078506,2.37163090706,44.0926818848,5.62383174896,8.96112442017,10.6203355789,1.31481325626,2.73804473877,20.176525116,3.57151794434,13.6796808243,53.3705978394,2.38908982277
2023-03-27,6.51134586334,2.39237356186,44.271522522,5.62383174896,8.95345973969,10.6607179642,1.31481325626,2.83007979393,19.9674854279,3.64900660515,13.9883909225,53.5509262085,2.47668981552
2023-03-28,6.55609750748,2.41311645508,45.3710250854,5.65791559219,8.95345973969,11.1049127579,1.29890835285,2.91444563866,20.1096324921,3.67718410492,14.2585096359,55.3027534485,2.4846534729
2023-03-29,6.55609750748,2.32322955132,44.5430831909,5.640873909,8.90746498108,11.0322275162,1.2777017355,2.87609791756,19.8002529144,3.59265136719,14.1427440643,55.2082977295,2.47668981552
2023-03-30,6.56355619431,2.41311645508,45.0133514404,5.77720880508,8.90746498108,11.322974205,1.31481325626,2.91444563866,19.791891098,3.6137843132,14.5479259491,56.625213623,2.58818078041
2023-03-31,6.56355619431,2.3163151741,43.913848877,5.65791559219,8.89979934692,11.1210670471,1.30421030521,2.8377494812,19.6664714813,3.59265136719,14.4321594238,54.5384750366,2.60410761833
2023-04-03,6.38454961777,2.42003107071,43.7151412964,5.36820268631,8.86147117615,10.8545484543,1.26709878445,2.8377494812,19.0309906006,3.62082839012,13.8340358734,53.2847137451,2.60410761833
2023-04-04,6.54863739014,2.33014440536,44.2450256348,5.42784929276,8.96879005432,11.0968379974,1.2883054018,2.8377494812,19.5744895935,3.65605044365,14.1813335419,53.9802970886,2.52447152138
2023-04-05,6.56355619431,2.25408625603,44.5828285217,5.3426399231,8.94579315186,10.9595413208,1.2936065197,2.8377494812,19.315279007,3.59969568253,13.8533287048,51.232334137,2.43687176704
2023-04-06,6.75747871399,2.26791405678,44.1787872314,5.36820268631,8.93812561035,10.9433879852,1.32541704178,2.82241082191,19.5577716827,3.59265136719,14.1427440643,53.6453857422,2.41298103333
2023-04-10,6.93648576736,2.24717116356,45.092830658,5.46193313599,8.63916778564,10.8222446442,1.34662342072,2.87609791756,19.7333564758,3.55038428307,13.9690952301,54.6071777344,2.38908982277
2023-04-11,7.07819890976,2.38545870781,46.0797386169,5.75164651871,8.67749595642,11.2422113419,1.38903677464,3.03715872765,19.8337001801,3.71240592003,15.1074609756,59.252948761,2.444835186
2023-04-12,7.32433176041,2.42003107071,46.2983055115,5.8027715683,8.85380649567,11.3875846863,1.44205379486,3.02948904037,19.9340362549,3.75467276573,15.4547595978,59.1756668091,2.43687176704
2023-04-13,7.38400030136,2.44077372551,45.4372558594,5.39376592636,8.88446807861,11.6864080429,1.48446702957,3.09084701538,20.0176544189,3.78285002708,15.7055864334,59.1413192749,2.47668981552
2023-04-14,7.35416603088,2.44768834114,45.0199737549,5.23186731339,8.89979934692,11.7510185242,1.51627671719,3.08317613602,20.2266960144,3.78989505768,15.6091136932,58.2739906311,2.52447152138
2023-04-17,7.413834095,2.47534608841,44.7616577148,5.30855607986,8.99178695679,11.8721618652,1.49507033825,3.1828815937,20.2935886383,3.83920574188,15.5319356918,58.2052879333,2.52447152138
2023-04-18,7.25720405579,2.47534608841,44.5894470215,5.41932868958,8.94579315186,11.646027565,1.47916531563,3.12919425964,20.3103084564,3.79693961143,15.0688724518,57.6814651489,2.50854444504
2023-04-19,7.23482942581,2.44077372551,44.3774986267,5.30003547668,8.87680244446,11.3714313507,1.46856164932,2.95279359818,20.5611572266,3.70536255836,14.4321594238,55.1567649841,2.42890810966
2023-04-20,7.24228811264,2.45460271835,43.8741073608,5.41080713272,8.86913776398,11.4360427856,1.4526566267,2.89683032036,20.3688411713,3.62787342072,14.9338121414,56.7540206909,2.46872615814
2023-04-24,7.30195522308,2.35088729858,42.2432632446,5.39376592636,9.05311393738,11.1291418076,1.44735491276,2.85023283958,20.5277080536,3.69831728935,14.7408685684,55.5346107483,2.46076273918
2023-04-25,7.38400030136,2.39928770065,42.7466468811,5.39376592636,9.03011512756,10.8787784576,1.45795869827,2.87353110313,20.5109863281,3.66309499741,14.5479259491,53.5852813721,2.4527990818
2023-04-26,7.45112800598,2.30940008163,41.8079071045,5.26595115662,8.96879005432,10.7172527313,1.46326065063,2.82693338394,20.8287296295,3.65605044365,14.9531059265,53.782787323,2.4527990818
2023-04-27,7.39891862869,2.38545870781,41.4609794617,5.36820268631,8.98412132263,10.9110822678,1.46856164932,2.89683032036,21.0461292267,3.75467276573,14.7215747833,54.555644989,2.50058078766
2023-04-28,7.4385228157,2.36471557617,42.6854171753,5.54714298248,9.25241756439,11.0403051376,1.47916531563,3.01332473755,21.0126819611,3.80398321152,14.7987518311,57.0030555725,2.55632638931
2023-05-02,7.32843875885,2.35780143738,41.3657455444,5.43637037277,9.19876003265,11.137219429,1.48446702957,2.93566060066,20.6698608398,3.65605044365,14.3163938522,54.8991508484,2.50854444504
2023-05-03,7.40707063675,2.42003107071,41.3453369141,5.58122730255,9.24475288391,11.3148975372,1.59050059319,2.97449278831,20.2183322906,3.66309499741,14.7408685684,51.8677978516,2.4527990818
2023-05-04,7.4385228157,2.37163090706,40.814743042,5.68347835541,9.07207202911,11.2179832458,1.60110342503,2.96672725677,19.6497440338,3.67013978958,13.7761516571,51.0949363708,2.46872615814
2023-05-05,7.52501726151,2.36471557617,42.753452301,5.73460435867,9.21802520752,11.6621799469,1.66472327709,3.10652112961,19.9674854279,3.76876068115,14.6064043045,54.3495559692,2.50058078766
2023-05-08,7.61151313782,2.35088729858,42.7602462769,5.70052051544,9.18729686737,11.597568512,1.80256712437,3.09875416756,19.7249965668,3.77580690384,14.9739818573,53.7226791382,2.56428980827
2023-05-09,7.62723827362,2.35088729858,42.1888389587,5.69199895859,9.27947711945,11.8721618652,1.77075719833,3.0832221508,19.6581039429,3.80398321152,15.4382925034,55.3972167969,2.62799859047
2023-05-10,7.69800758362,2.35780143738,41.8351173401,5.70904111862,9.3716583252,12.0013828278,1.78666198254,3.18418312073,19.9591236115,3.96600484848,15.4963312149,56.2216110229,2.65985321999
2023-05-11,7.83167886734,2.42003107071,42.4745445251,5.72608375549,9.45615577698,11.4683475494,1.83967828751,3.19194936752,19.9591236115,3.98713827133,15.9412937164,57.8532104492,2.67578053474
2023-05-12,7.8159532547,2.36471557617,44.5492973328,5.58974838257,9.49456310272,11.1452951431,1.85558378696,3.1375849247,18.8470344543,3.9730489254,15.5543699265,58.2052879333,2.65188956261
2023-05-15,7.67441654205,2.33014440536,45.2227401733,5.63235235214,9.47920131683,11.0968379974,1.7972650528,3.16088485718,19.1814956665,4.00827121735,15.9799871445,59.8454818726,2.66781711578
2023-05-16,7.6822810173,2.33014440536,44.0459136963,5.30003547668,9.47920131683,10.7414798737,1.79196381569,2.95119452477,19.164773941,3.98713827133,15.3802528381,58.8922767639,2.62799859047
2023-05-17,7.74518585205,2.30940008163,45.7125167847,5.35968208313,9.47151947021,10.8626241684,1.88209164143,3.15311837196,19.1145992279,4.10126590729,16.2121429443,61.4770812988,2.54039907455
2023-05-18,7.7609128952,2.3163151741,47.2158584595,5.58974838257,9.50224685669,11.1291418076,1.98812544346,3.33174324036,18.813583374,4.18626594543,16.8118743896,62.2413635254,2.52447152138
2023-05-19,7.80022716522,2.35088729858,48.2974510193,5.88798093796,9.54833602905,11.1210670471,2.04114174843,3.40866661072,19.1145992279,4.25001621246,17.1794528961,61.1164093018,2.54836273193
2023-05-22,7.74518585205,2.44077372551,47.4131317139,5.92206573486,9.48688411713,11.1533727646,2.01993513107,3.42437529564,19.1898574829,4.25001621246,17.4696445465,60.8502120972,2.58818078041
2023-05-23,7.80022716522,2.43385958672,45.2635498047,5.61531114578,9.49456310272,11.1291418076,1.96691906452,3.50291490555,19.3069210052,4.2925157547,17.1407604218,59.5620994568,2.62003493309
2023-05-24,7.86313247681,2.48917460442,45.2431411743,5.47897529602,9.53297233582,11.2745170593,1.95101368427,3.49506044388,19.3988952637,4.37043333054,16.6184120178,59.8884086609,2.61207127571
2023-05-25,7.99680519104,2.55140399933,45.1207046509,5.47897529602,9.54065322876,11.3795080185,1.88209164143,3.62072658539,19.6413841248,4.44835042953,17.1601066589,61.9408035278,2.65188956261
2023-05-26,7.9889421463,2.58597612381,45.4812355042,5.47045516968,9.58674240112,11.532957077,1.94571220875,3.6521422863,19.515958786,4.59710073471,17.7598400116,64.3538589478,2.71559882164
2023-05-29,8.08329963684,2.5583178997,45.8553657532,5.44489192963,9.67124176025,11.4118146896,1.86088502407,3.58145618439,19.9005908966,4.51210021973,17.6824550629,63.8643798828,2.7633805275
2023-05-30,8.09902572632,2.5583178997,45.379196167,5.32559776306,9.60210704803,11.3148975372,1.80786859989,3.58931064606,19.9842090607,4.51210021973,17.2761859894,63.3748931885,2.7633805275
2023-05-31,8.05184650421,2.61363315582,45.0730819702,5.65791559219,9.5252904892,11.4441184998,1.92450594902,3.70712041855,19.9925689697,4.61835050583,17.8759174347,63.3491287231,2.74745321274
2023-06-01,8.20910930634,2.5998044014,44.8962173462,5.66643714905,9.50224685669,11.2745170593,1.98812544346,3.59716391563,19.8755054474,4.7104344368,18.5336894989,65.2469406128,2.7633805275
2023-06-02,8.21697235107,2.66894841194,45.9165878296,5.70052051544,9.42542934418,11.4844999313,1.9828234911,3.57360219955,19.9758453369,4.68918371201,18.7658443451,64.9635467529,2.98636221886
2023-06-05,8.24056148529,2.76574969292,45.6376914978,5.78573036194,9.38701915741,11.5006523132,2.04114174843,3.71497488022,20.0678272247,4.72460126877,18.9786529541,65.2641143799,2.96247148514
2023-06-06,8.14620494843,2.76574969292,46.8621330261,6.03283786774,9.55601882935,11.7510185242,2.06765007973,3.87991189957,20.2517795563,4.72460126877,19.6751155853,66.6295089722,3.01025319099
2023-06-07,8.3585100174,2.78649258614,46.6172409058,5.96466970444,9.59442520142,11.8075523376,2.08355522156,3.93488907814,21.5979976654,4.69626712799,19.4623069763,67.4624862671,3.10581684113
2023-06-09,8.50004768372,2.93860888481,47.2430686951,6.08396291733,9.67892456055,11.7106380463,2.09946084023,3.8877632618,22.6599178314,4.6608505249,19.501001358,67.9347991943,3.1854531765
2023-06-12,8.41355133057,2.90403676033,50.1613273621,6.18621492386,9.69428730011,11.8721618652,2.06234836578,3.8877632618,22.2000312805,4.60418367386,19.636423111,67.909034729,3.24916172028
2023-06-13,8.28774166107,2.82106494904,47.2770767212,6.26290416718,9.57906341553,11.4198904037,2.11536574364,3.80137062073,22.3756198883,4.47668361664,18.7464962006,64.8948669434,3.12970781326
2023-06-14,8.17765712738,2.88329362869,49.18176651,6.29698753357,9.74805927277,11.646027565,2.17368364334,3.80922484398,22.6766414642,4.55460119247,19.3849239349,65.5217437744,3.06599831581
2023-06-15,8.05971050262,2.93860888481,49.3042144775,6.42480134964,9.69428730011,11.7025604248,2.20549368858,3.86420321465,22.7268123627,4.56876754761,19.2108078003,65.4100952148,3.05007123947
2023-06-16,7.9889421463,2.87638020515,48.6443710327,6.16065168381,9.57138061523,11.3875846863,2.22139883041,3.8877632618,22.8104286194,4.60418367386,18.4756507874,64.405380249,3.10581684113
2023-06-19,8.00466918945,2.88329362869,50.3381881714,6.37367630005,9.64819908142,11.3633556366,2.19489049911,3.80137062073,23.0278301239,4.5829334259,18.9979991913,64.4998397827,3.24119830132
2023-06-20,8.11475276947,2.86255049706,50.9504089355,6.59522151947,9.68660640717,11.4360427856,2.21079516411,3.91079354286,22.8438720703,4.61126756668,18.9012680054,66.2430801392,3.20138001442
2023-06-21,8.17765712738,2.83489322662,51.1816940308,6.51001119614,9.67124176025,11.4279670715,2.23730373383,4.10911035538,23.1281681061,4.70335102081,18.9206123352,68.5788497925,3.1774892807
2023-06-22,8.12261581421,2.80723571777,51.011631012,6.44184350967,9.62515449524,11.2664403915,2.21609687805,3.97425436974,23.0361881256,4.60418367386,18.5917263031,67.1533432007,3.08988976479
2023-06-23,8.16193199158,2.78649258614,51.1476821899,6.34811353683,9.72501564026,11.4360427856,2.21079516411,3.94252419472,23.1950569153,4.7387676239,18.1467647552,68.3985137939,3.1137804985
2023-06-26,8.13047885895,2.77957868576,50.3381881714,6.16917276382,9.69428730011,11.3391265869,2.19489049911,3.9663233757,23.3037605286,4.78126811981,17.585723877,66.3375396729,3.06599831581
2023-06-27,8.13834095001,2.80032157898,50.3381881714,6.12656831741,9.57906341553,11.1452951431,2.22139883041,3.87113165855,23.6215000153,4.65376806259,17.2181434631,64.8347549438,3.12174415588
2023-06-28,8.06757354736,2.79340648651,49.0457229614,5.93058633804,9.55601882935,11.0887622833,2.22139883041,3.81560230255,23.6967563629,4.6325173378,16.850566864,64.8089828491,3.1854531765
2023-06-29,8.11475276947,2.83489322662,50.3381881714,6.08396291733,9.54833602905,11.2664403915,2.27971696854,3.9187271595,23.9643249512,4.70335102081,17.3342227936,66.8613739014,3.12970781326
2023-06-30,8.09902572632,2.84180784225,50.7531433105,6.19473552704,9.67124176025,11.4602708817,2.26911377907,4.0377163887,24.0065097809,5.000852108,17.3922615051,67.9004440308,3.13767123222
2023-07-03,8.13047885895,2.85563707352,50.9504089355,6.13508892059,9.57138061523,11.4279670715,2.24790763855,3.99012088776,24.4504394531,4.84501791,17.7404937744,70.2527084351,3.08988976479
2023-07-04,8.01253128052,2.91095137596,53.031955719,6.06692171097,9.54833602905,11.1291418076,2.22139883041,4.07737827301,24.5955696106,4.80251789093,17.3342227936,70.5738983154,3.16156196594
2023-07-05,8.05971050262,2.93169474602,51.9639778137,6.36515474319,9.50224685669,11.2745170593,2.11006379128,4.26776266098,24.6126480103,4.98668575287,17.5276851654,73.7857513428,3.09785342216
2023-07-06,8.03612136841,2.89712285995,52.0728149414,6.21177768707,9.47920131683,11.06453228,2.12596869469,4.18843603134,24.5443515778,5.01501846313,17.3148765564,72.613861084,3.12174415588
2023-07-07,8.05184650421,2.87638020515,52.4605522156,6.38219738007,9.56369876862,11.1452951431,2.20019221306,4.33122348785,24.6980171204,5.19918584824,18.3402252197,72.5270462036,3.10581684113
2023-07-10,7.95748901367,2.82106494904,52.0796203613,6.40776014328,9.43311023712,11.06453228,2.19489049911,4.3074259758,25.0395069122,5.19918584824,18.224149704,71.0513305664,3.09785342216
2023-07-11,7.92603635788,2.80723571777,51.3653564453,6.30550813675,9.33324813843,10.8949298859,2.22139883041,4.25189733505,24.8858337402,5.17793607712,17.8952636719,70.0964660645,3.06599831581
2023-07-12,7.86313247681,2.76574969292,50.5422668457,6.43332290649,9.28715801239,10.789937973,2.23757386208,4.26776266098,24.9797458649,5.27710342407,18.2048034668,70.4870834351,3.06599831581
2023-07-13,7.98107814789,2.80032157898,50.4606285095,6.41628074646,9.29484081268,10.7980146408,2.23757386208,4.25982999802,24.7577781677,5.36918640137,18.224149704,69.6624298096,3.05007123947
2023-07-14,7.96535301208,2.77957868576,50.3926086426,6.30550813675,9.3025226593,10.628411293,2.22678995132,4.16463899612,24.4162960052,5.31252002716,17.4309539795,67.6050949097,3.01821637154
2023-07-17,8.09902572632,2.81625747681,51.0252418518,6.26290416718,9.31788539886,10.6607179642,2.23757386208,4.19636964798,24.6809425354,5.32668685913,17.4503002167,67.9262924194,3.06599831581
2023-07-18,7.98107814789,2.85818696022,51.14087677,6.15213108063,9.28715801239,10.789937973,2.23757386208,4.25982999802,24.6809425354,5.46835422516,17.6244163513,68.5860214233,3.10581684113
2023-07-19,7.92603635788,2.80228114128,50.739528656,6.15213108063,9.26411247253,10.7737865448,2.23218226433,4.19636964798,24.2967720032,5.37627077103,17.3922615051,68.6988677979,3.05803489685
2023-07-20,8.02039432526,2.76035165787,50.7599411011,6.08396291733,9.27179431915,10.9595413208,2.23757386208,4.17257118225,24.3565368652,5.6171040535,17.4503002167,69.4280471802,3.01821637154
2023-07-21,8.09902572632,2.80926990509,50.4470252991,6.15213108063,9.37933921814,11.0806856155,2.21600675583,4.19636964798,24.8602256775,5.6171040535,17.9146099091,71.1641845703,2.9704349041
2023-07-24,8.10688972473,2.85818696022,50.2565612793,5.91354417801,9.34861373901,11.1049127579,2.21061491966,4.29156112671,24.7321662903,5.6171040535,17.9726486206,71.1641845703,3.09785342216
2023-07-25,8.09902572632,2.89312815666,50.0932998657,5.81981372833,9.27947711945,11.1614494324,2.18904829025,4.42641544342,24.9285240173,5.92877244949,18.0887260437,72.0496063232,3.12970781326
2023-07-26,8.13047885895,2.8791513443,50.0456848145,5.88798093796,9.27947711945,11.0564556122,2.14591407776,4.34708976746,24.7748527527,5.95002222061,18.1080722809,72.1885070801,3.08988976479
2023-07-27,8.26415252686,2.85119915009,50.8619689941,5.8027715683,9.22570610046,10.9030065536,2.1297390461,4.27051782608,24.6467971802,5.80835485458,17.9919948578,71.9020309448,3.10581684113
2023-07-28,8.34278297424,2.86517572403,51.0184326172,6.04135847092,9.27947711945,10.9030065536,2.17287278175,4.3344950676,25.005355835,5.74460458755,18.2821865082,71.3464813232,3.16952562332
2023-07-31,8.48431968689,2.86517572403,50.9504089355,6.32255077362,9.27179431915,10.9030065536,2.22139883041,4.51043319702,24.4419002533,5.97835540771,18.9206123352,71.5287780762,3.13767123222
2023-08-01,8.4921836853,2.95602202415,50.9504089355,6.34811353683,9.25643157959,10.9030065536,2.22139883041,4.51043319702,24.0235805511,5.91460609436,19.6751155853,69.1849822998,3.30490756035
2023-08-02,8.531498909,2.94204568863,50.6443023682,6.40776014328,9.27179431915,11.137219429,2.35080075264,4.54242420197,23.9979724884,6.04210615158,19.6170787811,70.0443725586,3.42436170578
2023-08-03,8.56295108795,2.94903445244,51.1884994507,6.47592735291,9.35629463196,11.22605896,2.46402740479,4.63839197159,23.6394100189,6.1412730217,20.5070037842,70.4697341919,3.50399827957
2023-08-04,8.43714046478,3.13072776794,50.8755836487,6.84232854843,9.39470100403,11.2583637238,2.51794433594,4.63039302826,23.6479454041,6.23335790634,21.2228164673,71.7631454468,3.54381656647
2023-08-07,8.3191947937,3.05385732651,50.2837677002,6.8934545517,9.36397457123,11.1452951431,2.43167662621,4.51043319702,23.7589302063,6.18377304077,20.6811199188,71.9628067017,3.53585314751
2023-08-08,8.26415252686,3.13072776794,49.2361907959,6.76564025879,9.2956609726,11.0483798981,2.46402740479,4.47844552994,23.5540409088,6.19085693359,20.7971973419,71.4853591919,3.48807120323
2023-08-09,8.36637210846,3.04686927795,48.9776992798,6.64634656906,9.15386295319,10.9756946564,2.44785165787,4.42246437073,23.4515914917,6.24752283096,20.6811199188,71.8933563232,3.34472537041
2023-08-10,8.44500541687,2.86517572403,48.535533905,6.71451425552,9.16174030304,11.0968379974,2.52333641052,4.43046379089,23.4430541992,6.28294038773,21.2228164673,70.443687439,3.37657999992
2023-08-11,8.47645664215,2.84421014786,47.6104011536,6.73155593872,9.13022994995,10.4991912842,2.61499595642,4.3774600029,24.1601772308,6.30419063568,20.5263500214,69.0026931763,3.32083487511
2023-08-14,8.42927646637,2.77432823181,47.0525970459,6.5781788826,9.15386295319,10.5234203339,2.59882068634,4.25653553009,23.6906356812,6.16252374649,20.3135433197,67.9957275391,3.20138001442
2023-08-15,8.39782619476,2.75336360931,48.0525588989,6.5440955162,9.09084129333,10.5314970016,2.56647014618,4.00662469864,23.3406066895,6.13419008255,20.1394252777,70.5738983154,3.16156196594
2023-08-16,8.27201557159,2.80228114128,48.8552513123,6.48444890976,9.05933094025,10.4103517532,2.59882068634,3.82926869392,23.0247306824,6.02977275848,19.9653091431,70.4697341919,3.08988976479
2023-08-17,8.25628948212,2.7323987484,47.9641304016,6.25438261032,9.09084129333,10.2003698349,2.50716090202,3.78090000153,23.2210884094,5.87241220474,19.4042682648,69.6797866821,3.05803489685
2023-08-18,8.24056148529,2.72541046143,48.8212432861,6.29861545563,9.15386295319,10.1276826859,2.55029511452,3.85345458984,23.4942817688,6.00116109848,19.8105392456,68.6728286743,2.9465444088
2023-08-21,8.21697235107,2.79529285431,48.0185508728,6.08437681198,9.08296394348,9.88539218903,2.51794433594,3.89376330376,22.7088565826,5.9868555069,19.423614502,66.4332122803,2.99432563782
2023-08-22,8.27201557159,2.80926990509,49.4606704712,5.97297286987,9.08296394348,9.90962219238,2.5556871891,4.05499601364,22.6661739349,6.12275886536,20.274848938,70.4784088135,3.01821637154
2023-08-23,8.45286750793,2.79529285431,50.3313903809,5.87870788574,9.0750875473,9.95000267029,2.59342908859,4.02274751663,22.7430057526,6.25150823593,20.661775589,71.9280853271,3.02618026733
2023-08-24,8.26415252686,2.7463748455,50.0592842102,5.8187212944,9.15386295319,9.86923980713,2.55029511452,4.04693365097,23.1442565918,6.30872917175,20.4489650726,69.3672866821,3.09785342216
2023-08-25,8.34278297424,2.66950535774,49.6511421204,5.57020425797,9.1381072998,9.65117931366,2.59342908859,3.934071064,23.101568222,6.15137052536,19.288192749,66.3550949097,3.10581684113
2023-08-28,8.38996219635,2.7463748455,49.984462738,5.76730394363,9.12235164642,9.57849407196,2.70665574074,4.02274751663,23.0161972046,6.15137052536,19.1527671814,65.3741760254,3.04210734367
2023-08-29,8.54722499847,2.71143436432,50.3245849609,6.38431119919,9.16961860657,9.87731552124,2.71204781532,4.08724212646,23.058883667,6.1370639801,19.5203475952,63.8463783264,3.10581684113
2023-08-30,8.54722499847,2.72541046143,49.3314208984,6.31575489044,9.15386295319,9.76424789429,2.7282230854,4.00662469864,22.6576347351,6.00116109848,19.5396938324,64.2370071411,3.1774892807
2023-08-31,8.4921836853,2.65552854538,49.1885757446,6.3500328064,9.0120639801,9.47350120544,2.63117098808,3.86957716942,22.2820034027,5.85810565948,18.8625736237,61.3463287354,3.16952562332
2023-09-01,8.76739311218,2.70444560051,49.6579437256,6.30718517303,9.16174030304,9.76424789429,2.69587230682,3.89376330376,22.2820034027,6.05838298798,19.5396938324,63.9679031372,3.1774892807
2023-09-04,9.04260253906,2.69745779037,49.6035194397,6.29004621506,9.16961860657,9.92577457428,2.69587230682,3.89376330376,22.2051677704,5.78657865524,19.5396938324,63.8203201294,2.9704349041
2023-09-05,8.72807598114,2.65552854538,49.6579437256,6.28147649765,9.02781963348,9.85308742523,2.69587230682,3.86151623726,22.2051677704,5.65782928467,19.1334228516,62.3532943726,3.01821637154
2023-09-06,8.68089675903,2.65552854538,49.4198570251,6.2557682991,8.94116592407,9.67540836334,2.69587230682,3.8050839901,22.222240448,5.75796747208,18.4176120758,59.7838134766,2.92265343666
2023-09-08,8.73593997955,2.6415514946,49.208984375,6.51285409927,9.00418663025,9.66733169556,2.64734601974,3.87764048576,22.2990779877,6.02977275848,18.2434959412,58.5945625305,2.93061709404
2023-09-11,8.8774766922,2.68348073959,50.3313903809,6.3928809166,9.08296394348,9.68348503113,2.66891360283,3.9663169384,22.7173957825,5.93678665161,18.5143413544,59.6536026001,3.00228953362
2023-09-12,8.91679191589,2.69046926498,50.6238937378,6.52142381668,9.09872055054,10.0388422012,2.71204781532,4.02672100067,22.7942333221,6.06553554535,18.7271518707,61.0685577393,3.08988976479
2023-09-13,9.0504655838,2.69046926498,50.4402198792,6.41001987457,9.1381072998,10.0388422012,2.67969679832,4.06739473343,23.0930290222,5.97255134583,19.0753822327,62.5008735657,3.15359830856
2023-09-14,8.97183227539,2.69046926498,50.7667427063,6.32432460785,9.15386295319,10.0792236328,2.65273809433,4.07553052902,23.0759563446,5.8652586937,19.0947284698,62.7178840637,3.16156196594
2023-09-15,9.034740448,2.66950535774,50.8823814392,6.2129201889,9.25627326965,9.99038505554,2.66891360283,4.06739473343,23.2979221344,5.686439991,18.7078056335,61.0338287354,3.20934414864
2023-09-18,8.97969722748,2.6625161171,51.011631012,6.1100859642,9.25627326965,10.0307655334,2.62038779259,3.89656424522,23.0759563446,5.67928743362,17.8952636719,60.8949394226,3.1456348896
2023-09-19,8.963971138,2.69046926498,51.1476821899,6.3586025238,9.19325256348,9.89346981049,2.58803701401,3.91283297539,23.2210884094,5.55769062042,17.8178768158,60.2438964844,3.12970781326
2023-09-20,9.02687549591,2.69046926498,51.3585548401,6.2471985817,9.21688365936,9.82885932922,2.58264517784,3.92910242081,23.2893867493,5.61491298676,18.0306854248,59.7577705383,3.1854531765
2023-09-21,8.97969722748,2.66950535774,50.3313903809,6.11865520477,9.22476196289,9.69963932037,2.51255321503,3.83962035179,23.1869411469,5.44324684143,17.585723877,56.3462715149,3.1137804985
2023-09-22,8.78312015533,2.64854025841,50.0660896301,6.03295993805,9.17749500275,9.71578979492,2.55029511452,3.82335019112,23.0844955444,5.45755195618,17.1794528961,55.3132667542,3.07396221161
2023-09-25,8.94038200378,2.59962248802,49.542301178,5.98154258728,9.09084129333,9.61887454987,2.49637722969,3.84775519371,23.1698646545,5.39317703247,16.889257431,55.0528450012,3.08988976479
2023-09-26,8.76739311218,2.59263420105,48.9776992798,5.99868154526,9.00418663025,9.46542453766,2.39932632446,3.78267645836,22.8881397247,5.25727462769,16.5410270691,53.3687934875,3.16952562332
2023-09-27,8.64944553375,2.55769300461,48.8892669678,6.05009889603,9.06720924377,9.4008140564,2.48020219803,3.75827240944,22.6234855652,5.25727462769,16.2314891815,52.9694862366,3.08192586899
2023-09-28,8.8617515564,2.63456368446,49.5695075989,6.067237854,9.06720924377,9.60272216797,2.44785165787,3.77454209328,22.9052143097,5.36456632614,16.6764507294,55.2004165649,3.03414392471
2023-09-29,8.77525615692,2.6625161171,50.1477165222,6.1100859642,9.06720924377,9.57849407196,2.48020219803,3.87215924263,22.6558036804,5.40032958984,17.1020679474,56.389667511,3.09785342216
2023-10-02,8.75952911377,2.62757539749,48.6375732422,6.15293312073,9.08296394348,9.67540836334,2.45324349403,3.70946311951,22.5696296692,5.18574714661,16.4636440277,55.4868812561,2.93061709404
2023-10-03,8.83816051483,2.54371643066,48.447101593,6.07580757141,8.87814426422,9.50580883026,2.37775945663,3.64438509941,22.4834499359,5.02123451233,15.7091388702,53.5684547424,2.88283467293
2023-10-04,8.77525615692,2.62757539749,48.6171684265,5.91298627853,8.98055267334,9.66733169556,2.43706846237,3.71759819984,22.6558036804,5.12852478027,15.6511001587,56.8757858276,2.92265343666
2023-10-05,8.83816051483,2.59263420105,48.3926849365,5.87870788574,8.94116592407,9.63502788544,2.38315057755,3.57930755615,22.8023033142,4.964012146,15.7671766281,56.3115463257,3.01821637154
2023-10-06,8.83816051483,2.59962248802,48.542339325,5.87870788574,8.97267532349,9.53003501892,2.39958620071,3.59557723999,22.8453922272,4.92824792862,15.5156774521,55.3045845032,3.02618026733
2023-10-09,8.83029842377,2.53672862053,48.535533905,5.88727760315,8.8938999176,9.4977312088,2.43245744705,3.66878962517,22.7678356171,5.06414985657,15.7671766281,55.9556388855,3.02618026733
2023-10-10,8.8617515564,2.55667805672,48.7668228149,6.04152965546,8.95692062378,9.84501075745,2.45437145233,3.73386716843,22.6385688782,5.20005321503,15.9993333817,58.6813697815,3.09785342216
2023-10-11,8.963971138,2.52146196365,48.5219306946,6.00725126266,8.90965557098,9.89346981049,2.3393228054,3.75827240944,22.578245163,5.22866392136,15.6317539215,57.9174690247,2.97839856148
2023-10-13,8.92465496063,2.54963421822,47.8756942749,5.87013816833,8.79936695099,9.61079788208,2.29549455643,3.69319200516,22.259393692,4.97116422653,14.8965969086,55.4087562561,2.96247148514
2023-10-16,8.8774766922,2.55667805672,47.7668609619,5.93012523651,8.85451126099,9.44927215576,2.33384370804,3.66065454483,22.3628063202,4.9425535202,14.9933280945,55.1743812561,2.9704349041
2023-10-17,8.82243537903,2.44398713112,47.1614341736,5.69874763489,8.75210189819,9.29582309723,2.38315057755,3.5304980278,22.2076892853,4.84241485596,14.6644420624,54.4972839355,3.08192586899
2023-10-18,8.69662475586,2.46511626244,45.6785011292,5.61305236816,8.79149150848,9.28774642944,2.29549455643,3.35153365135,21.9319229126,4.70651245117,13.81320858,51.6586990356,2.96247148514
2023-10-19,8.94824409485,2.42285704613,45.154712677,5.43309164047,8.88602161407,9.40889072418,2.2681016922,3.31085920334,21.957775116,4.74227619171,13.6971311569,50.938205719,3.00228953362
2023-10-20,9.02687549591,2.42989993095,45.0730819702,5.4159526825,8.77573490143,9.46542453766,2.26262331009,3.3678021431,21.8888320923,4.79949855804,13.7164773941,51.1378631592,2.98636221886
2023-10-23,9.02687549591,2.39468455315,45.5764656067,5.45023059845,8.84663391113,9.72386646271,2.32288742065,3.42474532127,21.8026542664,4.92824792862,13.81320858,52.1795463562,2.95450782776
2023-10-24,9.11337089539,2.38764095306,45.5016403198,5.51021718979,8.8938999176,9.95000267029,2.23523139954,3.51422929764,21.9922428131,4.95685911179,13.8519001007,52.5354537964,2.93858075142
2023-10-25,9.00654125214,2.36651158333,45.6989097595,5.44166088104,8.85451126099,9.79655361176,2.22975254059,3.38407206535,22.3800392151,4.85672044754,13.3488998413,51.3201522827,2.9067261219
2023-10-26,8.9983253479,2.42989993095,45.7805366516,5.57877397537,8.95692062378,10.1438350677,2.27905917168,3.53863358498,22.1818294525,5.05699777603,13.9486322403,53.0389328003,2.78727126122
2023-10-27,8.9983253479,2.41581463814,45.5764656067,5.46737003326,8.87814426422,9.88539218903,2.25714564323,3.41661119461,21.7681865692,4.87817907333,13.3488998413,51.0423736572,2.74745321274
2023-10-30,8.9572353363,2.38059830666,45.4948310852,5.38167476654,8.83875465393,9.57849407196,2.26262331009,3.33526277542,21.7681865692,4.79949855804,13.1941289902,50.1395797729,2.7633805275
2023-10-31,8.89149284363,2.40172791481,45.4132080078,5.53592634201,8.84663391113,9.73194217682,2.24618816376,3.48982429504,21.7250976562,4.83526229858,13.387591362,50.6864624023,2.82708954811
2023-11-01,8.9572353363,2.45102953911,45.8553657532,5.57020425797,8.8938999176,9.93385028839,2.33384370804,3.45728540421,22.0698032379,4.84241485596,13.639093399,50.4434089661,2.85894393921
2023-11-03,9.05584907532,2.48624563217,46.9301528931,5.7758731842,9.11447525024,10.3295898438,2.49272060394,3.60371160507,22.4145107269,5.18574714661,15.1094055176,52.6917037964,3.02618026733
2023-11-06,9.15445899963,2.40877056122,46.8145141602,6.27290725708,9.20900726318,9.99038505554,2.45985007286,3.62811613083,22.8884792328,5.05699777603,14.5290193558,50.5128517151,3.1456348896
2023-11-07,9.18733024597,2.45807337761,47.2906837463,6.56427145004,9.39807224274,10.0226898193,2.5255920887,3.78267645836,23.2848930359,5.15713691711,15.3028678894,54.3149909973,3.1774892807
2023-11-08,9.26128864288,2.50737524033,47.3723144531,6.43572854996,9.31929302216,10.159986496,2.47080683708,3.78267645836,23.1297740936,5.11421966553,15.1287517548,51.7628746033,3.1456348896
2023-11-09,9.24485301971,2.55667805672,45.3043670654,6.42715883255,9.34292602539,10.3376665115,2.45985007286,3.67692565918,22.9660415649,5.22866392136,14.4322872162,50.1048660278,3.70308923721
2023-11-10,9.33524799347,2.57076454163,45.4404182434,6.51285409927,9.47684764862,10.6607179642,2.45985007286,3.78267645836,23.6382141113,5.30019140244,14.9546356201,51.2420272827,3.67123484612
2023-11-13,9.4009885788,2.59893679619,45.3587875366,6.47857618332,9.42958068848,10.4426584244,2.42149996758,3.66065454483,23.7588653564,5.1499838829,14.7418279648,51.0144996643,3.87032532692
2023-11-14,9.33524799347,2.60597991943,46.4607849121,6.76994085312,9.72429656982,10.7495574951,2.49272060394,3.8640255928,23.9398365021,5.47185754776,15.6317539215,53.5170326233,3.96588873863
2023-11-16,9.23663520813,2.60597991943,46.3655509949,7.18984889984,9.65220355988,10.9837694168,2.5255920887,3.57930755615,24.2759227753,5.50046920776,15.6317539215,55.0026359558,3.96588873863
2023-11-17,9.16267681122,2.69754171371,46.3655509949,7.04416656494,9.61215305328,10.7334041595,2.56942033768,3.57930755615,23.4486255646,5.31235122681,15.5350217819,55.1352767944,3.97385287285
2023-11-20,9.20376491547,2.72571396828,46.6104431152,7.0870141983,9.62016487122,10.7495574951,2.60229086876,3.59557723999,23.500333786,5.3483915329,16.0960636139,55.8427124023,4.04552555084
2023-11-21,9.16267681122,2.75388741493,46.1886901855,7.2241268158,9.62817287445,10.2892065048,2.58585524559,3.5304980278,23.3883037567,5.24027109146,15.7091388702,54.0918159485,3.98181629181
2023-11-22,9.16267681122,2.6411960125,45.9574050903,7.62689495087,9.74031352997,10.5880317688,2.55298471451,3.51422929764,23.7243938446,5.24027109146,15.9993333817,53.8265266418,4.11719799042
2023-11-23,9.37633419037,2.6411960125,46.5424118042,7.72116041183,9.72429656982,10.789937973,2.62968397141,3.5304980278,24.0518608093,5.36280870438,16.2508335114,53.6231422424,4.15701532364
2023-11-24,9.44207668304,2.67641234398,46.1206588745,7.81542491913,9.73230457306,10.4911146164,2.65159749985,3.52236437798,23.8364200592,5.24027109146,16.0380249023,52.5443191528,4.17294311523
2023-11-27,9.45029449463,2.6411960125,45.7193222046,7.96967697144,9.75633525848,10.6122608185,2.67899012566,3.51422929764,23.9312171936,5.26910305023,15.9799871445,53.1810035706,4.17294311523
2023-11-28,9.4667301178,2.61302351952,46.2159042358,8.50955867767,9.72429656982,10.5718784332,2.66255497932,3.56303858757,24.1380405426,5.38443183899,15.863907814,53.7646331787,4.26850652695
2023-11-29,9.38455295563,2.59893679619,46.3655509949,8.91232681274,9.70026302338,10.4265041351,2.61872673035,3.54676818848,23.8795089722,5.33397579193,16.2121429443,52.9864616394,4.22072458267
2023-11-30,9.39277076721,2.55667805672,45.9506034851,8.32959842682,9.70827484131,10.3295898438,2.61872673035,3.55490350723,24.1294250488,5.44930505753,16.4056015015,52.473575592,4.31628847122
2023-12-01,9.39277076721,2.73275780678,46.1138648987,8.6038236618,9.6762342453,10.3861236572,2.67899012566,3.70946311951,24.5516872406,5.4781370163,16.5603752136,52.6239013672,4.55693721771
2023-12-04,9.44207668304,2.72571396828,45.7533302307,8.50955867767,9.70827484131,10.0630722046,2.73925352097,3.70946311951,24.7326564789,5.35560035706,16.5410270691,50.8464889526,4.46742582321
2023-12-05,9.52425289154,2.67641234398,45.8825759888,8.1667766571,9.61215305328,10.3295898438,2.85430240631,3.78267645836,24.8188343048,5.46372079849,16.8118743896,52.78307724,4.36163949966
2023-12-06,9.49960136414,2.67641234398,45.3383789062,8.08108139038,9.65220355988,10.3134365082,2.8926525116,3.72573447227,24.6637153625,5.46372079849,16.8699131012,54.1006622314,4.28026628494
2023-12-07,9.58999538422,2.67641234398,45.4472198486,7.96110725403,9.61215305328,10.3134365082,3.02961397171,3.8640255928,24.60338974,5.58625841141,17.1601066589,55.3121299744,4.34536504745
2023-12-08,9.7050409317,2.65528249741,46.0594444275,8.1667766571,9.60414218903,10.4265041351,3.01317882538,3.83962035179,24.2500667572,5.61509084702,17.0440311432,57.3194656372,4.41860151291
2023-12-11,9.77899932861,2.60597991943,45.7261199951,8.18391609192,9.58812332153,10.4345808029,2.93100142479,3.8152179718,24.2414512634,5.76645994186,16.9666442871,56.8065795898,4.52438735962
2023-12-12,9.8776102066,2.63415312767,45.9846191406,8.19248580933,9.56409168243,10.4507341385,2.88717365265,3.83148479462,24.3448619843,5.83854055405,16.8312206268,57.3902130127,4.43487691879
2023-12-13,9.92691707611,2.65528249741,46.0662460327,8.40672397614,9.74031352997,10.8060922623,2.90908765793,3.96164298058,24.4913635254,6.12686443329,18.0887260437,59.0880355835,4.38605213165
2023-12-14,9.85295772552,2.69049906731,47.3791122437,8.26104164124,9.83643722534,11.1291418076,2.9255232811,3.98604679108,24.3793315887,6.25923347473,18.1854572296,60.7416572571,4.42673873901
2023-12-15,9.85295772552,2.67641234398,49.1137428284,7.84970331192,9.85245704651,11.1776008606,2.97482991219,3.95350694656,24.8877754211,6.13210439682,18.1854572296,58.0445823669,4.32909011841
2023-12-18,9.9597864151,2.67641234398,49.7939910889,7.90112066269,9.80439567566,11.06453228,2.94743657112,3.92910242081,24.6809501648,6.25175523758,18.3982658386,58.3629264832,4.38605213165
2023-12-19,10.296710968,2.68345499039,48.9762039185,7.89255094528,9.95658874512,11.2172870636,2.94195842743,3.994181633,24.5947780609,6.22932100296,18.2048034668,58.7785377502,4.43487691879
2023-12-20,10.3213663101,2.71867132187,48.3657302856,8.21819400787,9.95658874512,11.2676639557,3.01317882538,4.03485488892,24.4051837921,6.19940805435,17.7404937744,57.8765640259,4.4918384552
2023-12-21,10.3953237534,2.72571396828,48.379611969,8.38958454132,9.92454910278,11.4271907806,3.11727142334,4.12433862686,24.646484375,6.2442779541,18.3015346527,58.5044136047,4.41860151291
2023-12-22,10.3542346954,2.74684381485,48.8374595642,8.40672397614,10.0527105331,11.5867185593,2.99458765984,4.32770681381,25.0342750549,6.40879678726,18.5723819733,58.9377098083,4.50811290741
2023-12-26,10.4199762344,2.79614639282,48.7819633484,8.38101482391,10.0126600266,11.8973770142,2.96670556068,4.44159507751,24.991186142,6.39384126663,18.649766922,58.7166404724,4.47556352615
2023-12-27,10.4035415649,2.81727600098,48.5946578979,8.37244606018,10.0687303543,11.6454925537,3.00016403198,4.57175064087,25.3358955383,6.52097082138,18.9979991913,58.9200210571,4.58134937286
2023-12-28,10.6007642746,2.81023311615,48.8305244446,8.312458992,10.2529640198,11.7546415329,3.12284803391,4.55599117279,25.2220039368,6.58827352524,18.6304187775,57.0630226135,4.96380710602
2024-01-02,10.5185880661,2.72571396828,48.3379898071,8.26961040497,10.1888837814,11.460776329,3.16188311577,4.38422012329,25.0640335083,6.41627550125,17.4503002167,55.0645332336,4.5296125412
2024-01-03,10.5185880661,2.77501702309,48.5044784546,8.23533248901,10.2529640198,11.3432292938,3.27341341972,4.31060409546,25.1781196594,6.31158065796,17.7211475372,54.4101638794,4.49555587769
2024-01-04,10.5350236893,2.74684381485,48.1645584106,8.02966403961,10.0660009384,11.1333255768,3.1563065052,4.13883399963,24.9674987793,6.07975721359,17.4116077423,51.96068573,4.47001266479
2024-01-05,10.6829404831,2.74684381485,48.0258178711,8.11535930634,10.1801080704,10.7890825272,3.20649552345,4.15519332886,25.0640335083,6.14706087112,17.7211475372,53.6585159302,4.47001266479
2024-01-08,10.6911582947,2.76093029976,48.3379898071,8.14106750488,10.0904502869,11.057759285,3.24553060532,4.21245193481,25.1254634857,6.35645055771,18.1467647552,56.5766639709,4.43595600128
2024-01-09,10.6993761063,2.72571396828,47.8315734863,8.14963722229,10.2045602798,11.2256832123,3.20091843605,4.18791246414,24.976272583,6.29662466049,17.7404937744,56.6208763123,4.5381269455
2024-01-10,10.6336345673,2.71867132187,47.3875961304,8.11535930634,10.1964092255,11.2340803146,3.26783680916,4.19609308243,24.634016037,6.22184228897,17.7985305786,56.5678253174,4.34229803085
2024-01-11,10.7979888916,2.76093029976,47.6720237732,7.97824668884,10.0823001862,10.9402122498,3.20649552345,4.1306552887,24.4058380127,6.1545381546,17.4116077423,55.9753494263,4.18052625656
2024-01-12,10.8966007233,2.77501702309,47.4500312805,8.19248580933,10.1475048065,11.1753072739,3.12842416763,4.20427131653,24.1337852478,6.25923347473,17.488992691,55.9311332703,4.17201185226
2024-01-15,10.9952116013,2.78205966949,47.3320960999,8.22676372528,10.2127094269,11.2004947662,3.15073013306,4.20427131653,24.3970623016,6.09471321106,17.6437625885,54.2067756653,4.17201185226
2024-01-16,11.0527353287,2.73980045319,47.0407409668,8.0210943222,10.106751442,11.082947731,3.19534230232,4.11429595947,23.9319419861,5.98254108429,17.1214141846,53.6408309937,3.99321126938
2024-01-17,11.1513471603,2.71162819862,46.8603744507,7.92682933807,10.123052597,10.7638931274,3.20091843605,4.08975791931,23.7300949097,5.87036800385,16.7731819153,52.1994438171,4.00172519684
2024-01-18,11.2335224152,2.6411960125,46.6800041199,7.79828643799,10.0415468216,10.4952163696,3.12284803391,3.97524261475,24.0899066925,5.67593622208,15.7478322983,51.2797889709,4.02726840973
2024-01-19,11.3239164352,2.65528249741,46.659198761,7.92682933807,10.0496997833,10.2097473145,3.12284803391,4.07339763641,24.3093032837,5.72080516815,15.9606409073,51.739616394,4.01875400543
2024-01-22,11.4471826553,2.71162819862,46.4857711792,7.86684274673,9.91928958893,10.344083786,3.10611772537,3.97524261475,24.2654266357,5.64602279663,15.264175415,50.5723571777,4.00172519684
2024-01-23,11.8827161789,2.71162819862,46.3539619446,8.0125246048,9.93558883667,10.4532346725,3.17303681374,4.0325012207,24.0635814667,5.64602279663,15.3802528381,50.8464889526,4.19755458832
2024-01-24,12.0799417496,2.71162819862,46.8118171692,8.25247192383,9.92743968964,10.4028577805,3.25668430328,3.94252634048,24.1601142883,5.66845703125,15.1674451828,49.0867576599,4.11241197586
2024-01-25,11.8005399704,2.66936898232,46.8603744507,8.34673690796,9.94374084473,10.4448385239,3.3682141304,3.98342466354,23.7915287018,5.67593622208,15.1480989456,50.625415802,4.13795423508
2024-01-26,11.4800519943,2.67641234398,46.5273933411,8.34673690796,9.96004104614,10.3860654831,3.34590768814,3.98342466354,23.537021637,5.65350151062,15.1867904663,51.2090415955,4.05281162262
2024-01-29,11.5868825912,2.62710928917,46.4649581909,8.11535930634,9.87853622437,10.4364433289,3.24553060532,3.93434786797,23.589679718,5.66845703125,14.8965969086,50.4043464661,4.01023960114
2024-01-30,11.4553976059,2.63415312767,47.276599884,7.87541151047,9.84593391418,10.3356904984,3.31244945526,3.86891126633,23.2825202942,5.59367609024,14.7031345367,49.3785705566,3.89955425262
2024-01-31,11.611536026,2.62710928917,46.4788360596,8.06394195557,9.93558883667,10.2685194016,3.45743870735,3.8770904541,23.4141616821,5.79558706284,15.1094055176,55.3475036621,4.06132602692
2024-02-01,11.7101459503,2.64823913574,45.7226867676,7.88398122787,9.94374084473,10.3776693344,3.5243563652,3.77895665169,23.5106964111,5.7581949234,14.7031345367,55.5774154663,4.16349744797
2024-02-02,11.7265825272,2.63415312767,45.2301483154,7.79828643799,9.85408401489,10.2937088013,3.49647402763,3.79542326927,23.589679718,5.73576116562,14.5483646393,55.5332069397,4.14646911621
2024-02-05,11.8498477936,2.5848505497,43.9259643555,7.78971672058,9.8051815033,10.2937088013,3.45743870735,3.80365538597,23.7300949097,5.75071763992,14.3162107468,52.4824142456,4.04429769516
2024-02-06,12.1785516739,2.64823913574,44.0092124939,8.0210943222,9.8866853714,10.2349348068,3.45186138153,3.82835459709,24.1162319183,5.85541200638,14.5096731186,52.6150627136,4.12944078445
2024-02-07,12.1292467117,2.69589948654,44.4670639038,8.12392807007,9.8866853714,10.6631402969,3.54666209221,3.90245223045,24.2654266357,5.88532495499,15.0126752853,53.0837287903,4.05281162262
2024-02-08,11.3732233047,2.66014504433,44.1271438599,7.90968990326,9.7807264328,10.3776693344,3.50762701035,3.6225297451,23.24741745,5.76567363739,14.5483646393,51.8192024231,3.91658258438
2024-02-09,11.3732233047,2.65299415588,44.0369606018,7.71259069443,9.73182487488,10.4448385239,3.5801217556,3.54843306541,23.387834549,5.77315187454,14.2581710815,53.2340660095,3.84846830368
2024-02-14,11.4225292206,2.66729521751,43.9051551819,7.56690835953,9.67476940155,10.3608779907,3.51320362091,3.51549959183,22.7384147644,5.68341398239,14.026017189,51.9783744812,3.81441116333
2024-02-15,11.2663946152,2.7245028019,44.2450752258,7.80685520172,9.6992225647,10.344083786,3.53550982475,3.48256897926,22.9578151703,5.68341398239,14.2194795609,51.8457298279,3.91658258438
2024-02-16,11.3650054932,2.80316329002,44.5711212158,7.75543832779,9.6421661377,10.5791788101,3.5801217556,3.50726723671,22.9227142334,5.80306482315,14.3742485046,51.9783744812,4.08686876297
2024-02-19,11.6033172607,2.85322022438,43.8080329895,7.43836545944,9.51175785065,10.5791788101,3.58569860458,3.49903440475,22.8173961639,5.86289024353,14.0453643799,52.1729164124,4.21458292007
2024-02-20,11.611536026,3.13210654259,43.9051551819,7.43836545944,9.55251121521,10.7554979324,3.56896853447,3.58136367798,23.0631256104,6.00497484207,14.8579053879,53.3843841553,4.19755458832
2024-02-21,11.6361865997,2.90327620506,44.1479530334,7.43836545944,9.39764976501,10.9318180084,3.63031053543,3.56489777565,23.0982284546,5.88532495499,14.6064043045,53.1014137268,4.17201185226
2024-02-22,12.0963773727,2.91042661667,43.960647583,7.53262996674,9.50360774994,11.0745515823,3.55223917961,3.70485925674,23.3702812195,5.90775918961,14.9159440994,53.1367874146,4.35932683945
2024-02-23,12.137465477,2.89612579346,43.9675865173,7.30125284195,9.48730659485,11.0409669876,3.56896853447,3.58959722519,23.4755916595,5.8329782486,14.7224817276,53.0306777954,4.41041278839
2024-02-26,12.137465477,2.8603708744,43.6346054077,7.58404779434,9.42210292816,10.9570055008,3.72511172295,3.53196573257,23.4317150116,5.98254108429,14.838558197,51.5450744629,4.54664134979
2024-02-27,11.9073705673,2.96763443947,44.3976898193,8.07251167297,9.49545574188,11.435587883,3.89240598679,3.66369438171,24.1688919067,6.00497484207,15.6511001587,52.5973739624,4.88721370697
2024-02-28,11.8334121704,2.96048378944,43.7802848816,8.1667766571,9.40579986572,11.435587883,3.89798355103,3.69662714005,25.6081447601,5.960105896,15.1094055176,52.5266342163,4.98087120056
2024-02-29,11.808757782,2.93188047409,43.5583000183,8.48384952545,9.5199098587,11.3180418015,3.84779429436,3.67192792892,25.0640335083,5.94514942169,14.8772516251,52.3763008118,4.9723572731
2024-03-01,11.8827161789,2.92472910881,43.7039794922,8.39815425873,9.42210292816,11.3516263962,3.84202504158,3.66431736946,25.1079139709,6.0722784996,15.0126752853,52.4824142456,4.75949907303
2024-03-04,12.1621179581,2.91042661667,43.2877502441,8.37244606018,9.35689735413,11.0157775879,3.87086963654,3.60628390312,25.0113792419,6.16949462891,14.6257505417,50.2540130615,4.75098466873
2024-03-05,12.3264713287,3.00338935852,43.3154983521,8.54383659363,9.40579986572,11.410399437,3.92278909683,3.60628390312,25.2220039368,6.28166770935,14.7998666763,51.2002029419,4.65732765198
2024-03-06,12.5894365311,3.03914403915,43.530544281,8.24390220642,9.34874629974,11.410399437,3.97470736504,3.56483387947,25.6520214081,6.32653713226,14.7805194855,52.3143997192,4.68287038803
2024-03-07,13.2386293411,2.9962387085,43.01720047,8.32102870941,9.61771678925,11.460776329,4.09585237503,3.55654168129,27.0912742615,6.52844810486,14.8192119598,51.9253196716,4.61475610733
2024-03-08,13.1400184631,3.06774735451,43.01720047,8.26104164124,9.5443611145,11.5027570724,3.84894776344,3.59799361229,27.2931213379,6.73035907745,14.6257505417,52.0579566956,4.87018537521
2024-03-11,13.057841301,3.09635186195,42.9825134277,8.1667766571,9.46285438538,11.5279445648,3.84202504158,3.55654168129,27.1702537537,6.78270435333,14.7224817276,51.7307739258,4.75949907303
2024-03-12,13.0660581589,3.03914403915,42.7466506958,8.29531955719,9.49545574188,11.6035118103,3.85587072372,3.5897026062,27.3457717896,6.82757616043,15.0513677597,53.5877723694,4.81909942627
2024-03-13,13.0907115936,3.00338935852,42.6495323181,8.51812744141,9.49545574188,11.6035118103,3.93894147873,3.60628390312,26.9245319366,7.05939817429,15.3222150803,54.3836326599,4.82761383057
2024-03-14,13.1153650284,3.01054000854,42.573223114,8.79235363007,9.53620910645,11.435587883,3.93894147873,3.63944554329,27.0561676025,6.96218252182,14.8965969086,54.9584236145,4.67435598373
2024-03-15,13.2714996338,2.96763443947,43.1351280212,8.5952539444,9.53620910645,11.0493631363,3.98047614098,3.56483387947,26.9859600067,6.9297375679,14.8965969086,52.9510879517,4.48704147339
2024-03-18,13.1564512253,3.00338935852,43.9675865173,8.52669715881,9.53620910645,11.082947731,3.94586396217,3.53167176247,27.1614818573,7.34582471848,14.7418279648,52.5089454651,4.61475610733
2024-03-19,13.5262460709,3.00338935852,45.0914001465,8.55240535736,9.63401794434,11.2508716583,4.01508951187,3.53167176247,27.5300693512,7.33825969696,14.8965969086,52.7034912109,4.59772729874
2024-03-20,13.7481250763,2.9890871048,45.2529945374,8.5952539444,9.73997402191,11.4691705704,4.13969564438,3.59799361229,27.7319126129,7.13399934769,15.5350217819,55.8161735535,4.68287038803
2024-03-21,13.6823825836,2.96048378944,44.7500267029,8.82663154602,9.72367572784,11.5699262619,4.2089214325,3.53996133804,27.4861888885,7.11130332947,15.4963312149,55.4005661011,4.60624170303
2024-03-22,13.2961530685,2.96763443947,44.6296005249,8.24390220642,9.72367572784,11.5279445648,4.13277244568,3.49851083755,27.1614818573,7.00539064407,15.0513677597,53.6231422424,4.56366968155
2024-03-25,13.0907115936,2.96048378944,44.3391532898,8.32959842682,9.68292045593,11.4523801804,4.03585767746,3.4819290638,27.1439285278,6.88434743881,14.8965969086,54.3040504456,4.52109861374
2024-03-26,12.8030929565,2.97478604317,44.3745689392,8.02966403961,9.68292045593,11.4523801804,3.99432182312,3.56483387947,27.3369960785,6.84652042389,14.8772516251,54.9672622681,4.64881277084
2024-03-27,13.0907115936,2.9390308857,44.4029121399,7.83256435394,9.73997402191,11.5447387695,4.05662488937,3.71405863762,27.6880321503,7.04321575165,13.9292860031,56.1256790161,4.76801347733
2024-03-28,12.8359632492,2.94618153572,44.2824821472,8.83520126343,9.7807264328,11.6119060516,4.05662488937,4.04567146301,27.4510822296,7.19452095032,14.3742485046,56.8331031799,4.92978572845
2024-04-01,12.6140880585,2.89612579346,43.9211921692,8.83520126343,9.83778190613,11.5783224106,4.03585767746,3.84612202644,27.4270496368,7.15669345856,13.9292860031,55.1352767944,4.78504180908
2024-04-02,12.5401296616,2.83891820908,43.4253082275,8.71522712708,9.77257728577,11.4187955856,4.02893447876,3.92955207825,27.7292251587,7.11130332947,13.639093399,55.3740348816,4.57218408585
2024-04-03,12.6140880585,2.8603708744,43.5669898987,8.68951892853,9.8051815033,11.3600215912,4.04970216751,3.94623780251,27.8980865479,6.98269510269,13.4649763107,51.9518432617,4.63178443909
2024-04-04,12.9017066956,2.89612579346,43.7440910339,8.77521419525,9.77257728577,11.2088918686,4.08431482315,3.96292304993,27.9958515167,6.92217206955,13.7551708221,50.4308700562,4.65732765198
2024-04-05,12.8523988724,2.87467312813,43.9141082764,8.79235363007,9.78888034821,11.1920995712,4.04970216751,3.91286635399,27.8180980682,6.95243310928,13.5617074966,50.0329399109,4.57218408585
2024-04-08,12.9427928925,2.86752152443,43.2127838135,9.10085678101,9.76442623138,11.3012485504,4.09123754501,3.98795175552,27.8269882202,7.02052021027,13.9679775238,50.0506286621,4.61475610733
2024-04-09,13.0331878662,2.93188047409,43.1773643494,9.26367855072,9.86223506927,11.2928533554,4.08431482315,3.99629640579,27.6847839355,7.19452095032,14.5483646393,50.2274856567,4.69138479233
2024-04-10,13.0003166199,2.85322022438,42.7806587219,8.9466047287,9.8051815033,11.0409669876,4.11200618744,3.90452265739,27.5336971283,6.99026012421,13.8712472916,47.7072677612,4.56366968155
2024-04-11,13.1728887558,2.8603708744,43.8432693481,8.8866186142,9.87038326263,11.057759285,4.0704703331,3.81275010109,27.5514717102,6.91460704803,13.81320858,47.7072677612,4.70841360092
2024-04-12,12.9674463272,2.77455997467,42.5114631653,8.52669715881,9.70737266541,10.8310623169,3.86279344559,3.50405859947,27.2315216064,6.71034622192,13.5423612595,46.5665359497,4.58069801331
2024-04-15,12.8113117218,2.66729521751,42.4335365295,8.93803596497,9.68292045593,10.5455932617,3.86971545219,3.40394330025,27.0093307495,6.52121591568,12.4783182144,45.0632476807,4.63178443909
2024-04-16,12.6551780701,2.73165464401,42.561050415,8.90375804901,9.69107341766,10.5455932617,3.91817426682,3.42897224426,26.5649528503,6.40017271042,12.2655105591,45.4523391724,4.5296125412
2024-04-17,12.6387414932,2.69589948654,42.4406242371,8.32959842682,9.66661834717,10.6295547485,3.88356137276,3.41228604317,26.4049758911,6.34721660614,12.3622407913,44.9571342468,4.55515527725
2024-04-18,12.7044820786,2.68159747124,42.3485298157,8.32959842682,9.63401794434,10.4532346725,3.85587072372,3.45400047302,26.3338737488,6.52878189087,12.1107406616,44.7802810669,4.64029932022
2024-04-19,12.7784395218,2.70305013657,44.1443443298,8.39815425873,9.65847015381,10.4952163696,3.87663817406,3.57080292702,26.3249874115,6.50608634949,12.1300868988,45.5319252014,4.88721370697
2024-04-22,12.8195295334,2.7245028019,42.936504364,8.33816719055,9.67476940155,10.4616317749,3.84202504158,3.50405859947,26.2449970245,6.44556379318,11.9753170013,46.8671989441,5.0404715538
2024-04-23,12.8359632492,2.68159747124,42.952091217,8.21819400787,9.57696342468,10.4028577805,3.84202504158,3.4623439312,25.9961490631,6.42286777496,11.8592395782,46.2039833069,5.19372940063
2024-04-24,13.0989274979,2.71735262871,41.9234886169,8.21819400787,9.55251121521,10.2433309555,3.82818007469,3.4873726368,26.3427619934,6.40017271042,11.3368911743,46.1951446533,5.3384718895
2024-04-25,13.1564512253,2.67444682121,41.3000946045,8.29531955719,9.50360774994,9.83191871643,3.78664517403,3.5207452774,26.6093921661,6.30939006805,10.988658905,45.5938262939,5.06601428986
2024-04-26,13.4194173813,2.73880505562,41.7364654541,8.37244606018,9.53620910645,9.96625804901,3.73126459122,3.61251759529,26.9293422699,6.63469457626,11.5303525925,46.009437561,5.0489859581
2024-04-29,13.3141460419,2.73165464401,41.1909980774,8.29531955719,9.50360774994,10.0082387924,3.73126459122,3.69594764709,26.7160396576,6.65739011765,11.6851234436,45.885635376,5.10007190704
2024-04-30,13.3311729431,2.73165464401,40.9104652405,8.09821987152,9.5443611145,9.79833316803,3.67588376999,3.6126601696,26.627166748,6.58930301666,11.1821212769,45.9121627808,4.90424251556
2024-05-02,13.5354814529,2.68159747124,41.12865448,8.14963722229,9.82148170471,10.0334262848,3.55820035934,3.62946200371,26.5471782684,6.84652042389,11.1627750397,46.4692687988,5.03195714951
2024-05-03,13.9951763153,2.71020150185,42.6092262268,8.19248580933,9.91928958893,10.3272924423,3.73818659782,3.66306781769,26.6093921661,7.05078077316,11.7044696808,46.5400123596,5.20224332809
2024-05-06,14.2590780258,2.65299415588,41.9936180115,7.78971672058,9.95935535431,10.0250310898,3.59281253815,3.57905340195,26.4849662781,7.04321575165,11.3175449371,45.7618408203,5.1085858345
2024-05-07,13.9951763153,2.71020150185,41.6507530212,8.04680347443,9.91729736328,10.0670118332,3.67588376999,3.53704500198,26.1916732788,7.01295566559,12.3622407913,45.7972106934,5.18521499634
2024-05-08,14.1313829422,2.69589948654,41.8923149109,8.9466047287,9.90888786316,10.0502195358,3.64127087593,3.58745384216,26.2094497681,7.07347822189,12.323548317,45.9652252197,5.15967178345
2024-05-09,13.7993793488,2.6458427906,41.3000946045,8.91232681274,9.75747680664,9.95786094666,3.59973549843,3.52864384651,25.5695419312,7.01295566559,12.0527009964,43.9932632446,5.00641441345
2024-05-10,13.6887140274,2.60293698311,40.7234458923,8.52669715881,9.69859600067,10.2097473145,3.63434815407,3.52864384651,25.3562450409,6.92217206955,11.9172773361,42.2865905762,5.03195714951
2024-05-13,13.4503526688,2.57433390617,40.6377296448,8.62953186035,9.71542072296,10.3272924423,3.6205034256,3.53704500198,24.9740772247,7.01295566559,11.8592395782,41.747177124,4.99790000916
2024-05-14,13.2971200943,2.56003189087,40.5286331177,8.70665740967,9.83479785919,10.4952163696,3.70357370377,3.52864384651,25.3917942047,7.02052021027,11.723815918,41.411151886,5.08304262161
2024-05-15,13.5865592957,2.6458427906,40.544216156,9.25510883331,9.82628154755,10.6715354919,3.71741890907,3.52864384651,27.7736644745,7.15669345856,12.1881256104,42.5076599121,4.88721370697
2024-05-16,13.6035833359,2.63154149055,40.0221252441,9.66644668579,9.90291595459,10.6799325943,3.74510884285,3.52024245262,27.4714851379,7.05078077316,12.4976644516,43.0470733643,5.18521499634
2024-05-17,13.526968956,2.61008858681,40.0377082825,9.87211608887,9.86885547638,10.9737987518,3.75895452499,3.47823381424,27.8447628021,6.80270195007,12.4202804565,43.4096336365,5.08304262161
2024-05-20,13.6716871262,2.65299415588,40.2403144836,10.2234678268,9.93697547913,10.9486103058,3.71049690247,3.4866361618,27.7292251587,6.9706697464,12.4009332657,43.6926078796,5.03195714951
2024-05-21,13.5865592957,2.63154149055,39.3519744873,10.3605804443,10.0817298889,11.0325717926,3.80049037933,3.49503731728,27.7825508118,6.92486047745,12.1881256104,44.196647644,5.0575003624
2024-05-22,13.3396863937,2.63154149055,39.0636520386,10.0349378586,9.96251964569,10.9654026031,3.78664517403,3.44462800026,26.6627159119,6.69581317902,11.9559707642,44.7891235352,4.84464263916
2024-05-23,13.3056335449,2.61008858681,39.6480827332,10.1720495224,9.84331226349,10.9402122498,3.81433463097,3.41942381859,26.8404693604,6.66527318954,11.8592395782,45.0544090271,4.81909942627
2024-05-24,13.2375297546,2.57433390617,39.687046051,10.043507576,9.99658107758,10.9570055008,3.79318380356,3.41102218628,27.0626564026,6.77979755402,11.8592395782,45.0632476807,4.64029932022
2024-05-27,13.2886075974,2.67444682121,39.5389862061,9.95781135559,9.99658107758,10.9402122498,3.87778973579,3.43622732162,26.9293422699,6.82560634613,11.801199913,45.0720939636,4.58069801331
2024-05-28,12.7012205124,2.58863520622,38.962348938,9.966381073,9.85182762146,11.0745515823,3.75088024139,3.42782568932,26.7427043915,6.76452732086,11.7044696808,45.0897827148,4.47852754593
2024-05-29,12.7693223953,2.58148479462,39.0792350769,9.82926845551,9.78370571136,10.9150247574,3.6310210228,3.41102218628,26.9204559326,6.75689315796,11.6464300156,44.3735046387,4.47001266479
2024-05-31,12.658654213,2.56718230247,39.0168952942,9.66644668579,9.70707130432,10.9150247574,3.58871746063,3.38637518883,26.9737815857,6.71108293533,11.6657772064,43.6837654114,4.48704147339
2024-06-03,12.4032678604,2.63154149055,37.6064567566,9.82926845551,9.59637737274,10.7135162354,3.55346560478,3.49643158913,26.7871417999,6.52784585953,12.1300868988,44.9571342468,4.51258468628
2024-06-04,12.4628591537,2.66014504433,37.4817810059,9.5293340683,9.69004154205,10.7890825272,3.41950511932,3.51336455345,26.8049182892,6.55074977875,11.7431621552,44.9040794373,4.59772729874
2024-06-05,12.5820388794,2.55288147926,37.7233428955,9.3836517334,9.60489177704,10.7806863785,3.41245508194,3.25938630104,26.6804943085,6.47440052032,11.588391304,45.0632476807,4.59772729874
2024-06-06,12.5565004349,2.58148479462,37.5597076416,9.42649936676,9.63043785095,10.9570055008,3.49001049995,3.3525121212,26.769367218,6.55074977875,11.8205471039,45.2224235535,4.76801347733
2024-06-07,12.3692169189,2.58863520622,37.9025764465,9.5293340683,9.54528808594,10.9150247574,3.41245508194,3.27631807327,26.5916175842,6.42095565796,11.2208137512,44.6476364136,4.59772729874
2024-06-10,12.0882911682,2.54572963715,36.3129081726,9.49505615234,9.47716808319,10.864648819,3.3983540535,3.24245452881,26.4849662781,6.32170200348,10.6984653473,42.7994766235,4.51258468628
2024-06-11,12.2074728012,2.55288147926,37.7934799194,9.70929431915,9.50271224976,10.9402122498,3.40540504456,3.25938630104,26.7427043915,6.40568685532,11.1627750397,43.825252533,4.58921337128
2024-06-12,12.1989593506,2.63154149055,36.3518714905,9.3236656189,9.45162391663,10.9737987518,3.43360590935,3.21705627441,26.2983264923,6.16900396347,10.7178115845,43.4184799194,4.4614982605
2024-06-13,12.2585506439,2.63154149055,37.3960647583,9.15227413177,9.44310855865,10.9654026031,3.29964661598,3.21705627441,26.3605365753,6.07738542557,10.2148103714,43.4184799194,4.52109861374
2024-06-14,12.3266515732,2.6458427906,37.7856864929,9.01516151428,9.43459224701,11.1501178741,3.34899950027,3.17472743988,26.3338737488,6.06211614609,10.4276180267,44.4442481995,4.55515527725
2024-06-17,12.1138286591,2.56057929993,38.0272521973,8.78378391266,9.38350296021,10.9905910492,3.17978787422,3.16626119614,26.1116847992,6.02394151688,9.98265457153,44.5238380432,4.49555587769
2024-06-18,12.1308555603,2.53818321228,37.6298370361,9.04944038391,9.37498760223,10.9150247574,3.23619174957,3.19165873528,25.9961490631,6.10029029846,10.1180782318,44.3823471069,4.55515527725
2024-06-19,12.1478815079,2.53071761131,37.4038581848,9.3236656189,9.3920173645,10.889837265,3.26439332962,3.21705627441,26.0494747162,6.10792541504,10.2535018921,44.1347503662,4.5296125412
2024-06-20,12.2159852982,2.50085711479,37.0609893799,9.53790378571,9.44310855865,10.8478565216,3.44770717621,3.21705627441,26.2183380127,6.06975078583,10.4663105011,44.0816917419,4.43595600128
2024-06-21,12.0882911682,2.48592638969,38.1363449097,9.64073848724,9.52825737,10.9234218597,3.44770717621,3.25938630104,26.4405250549,6.13846445084,10.6210803986,43.8517799377,4.34229803085
2024-06-24,12.122341156,2.49339103699,37.5830802917,9.63216876984,9.57083129883,11.3432292938,3.52526330948,3.36097741127,27.0004444122,6.44386100769,10.8725814819,44.3911933899,4.38487052917
2024-06-25,12.0712661743,2.53818321228,37.5830802917,9.64073848724,9.59637737274,11.6790771484,3.41950511932,3.3779091835,27.0626564026,6.41332149506,10.7371587753,45.0367240906,4.3082408905
2024-06-26,12.0712661743,2.56804394722,37.1700782776,9.80355930328,9.59637737274,11.5111532211,3.42655587196,3.31018257141,27.1693058014,6.42095565796,10.6791191101,44.6211051941,4.34229803085
2024-06-27,12.1734199524,2.57550883293,37.7934799194,10.4291362762,9.61340713501,11.5867185593,3.55346560478,3.36944389343,27.4892597198,6.52784585953,10.7951965332,45.8148994446,4.52109861374
2024-06-28,12.1819343567,2.57550883293,37.0609893799,10.5919570923,9.63895130157,11.4187955856,3.48296046257,3.34404540062,27.5070362091,6.55838537216,10.3115406036,45.4081192017,4.4444694519
2024-07-01,12.122341156,2.57550883293,37.89478302,10.7719182968,9.69004154205,11.1501178741,3.31374740601,3.37045383453,27.1693058014,6.48203516006,10.4082717896,45.1782073975,4.34229803085
2024-07-02,12.1563930511,2.61283516884,37.7155532837,11.0118656158,9.69004154205,11.2088918686,3.377202034,3.37898683548,27.0004444122,6.52021026611,10.3115406036,44.9306106567,4.36784124374
2024-07-03,12.2159852982,2.56057929993,39.4143104553,10.3005933762,9.76667690277,11.5531349182,3.41245508194,3.45578193665,26.7160396576,6.55838537216,11.3368911743,45.4169654846,4.41892719269
2024-07-04,12.471370697,2.56057929993,40.5286331177,10.3263025284,9.73261642456,11.7210569382,3.59576845169,3.58377361298,26.7871417999,6.66527318954,12.7685117722,45.8679504395,4.66584205627
2024-07-05,12.2244968414,2.53818321228,40.0922584534,10.5662488937,9.77519321442,11.7966222763,3.56051588058,3.6349709034,26.5738391876,6.77979755402,13.3102064133,46.6726531982,4.58921337128
2024-07-08,12.1308555603,2.53071761131,39.2272911072,10.4034280777,9.71558570862,11.7462453842,3.63807201385,3.58377361298,26.2983264923,6.84087610245,12.9813203812,46.9733123779,4.5381269455
2024-07-09,12.1819343567,2.53818321228,39.9753684998,10.206328392,9.7496471405,12.0736970901,3.6310210228,3.62643814087,26.1294612885,6.8637804985,13.2908601761,47.7072677612,4.69138479233
2024-07-10,12.1734199524,2.53818321228,39.7260093689,10.206328392,9.83479785919,12.4683170319,3.59576845169,3.62643814087,26.1650104523,6.9477648735,13.3295516968,47.5304107666,4.77652788162
2024-07-11,12.1478815079,2.53071761131,38.8922195435,10.3091621399,9.90291595459,12.5186948776,3.59576845169,3.66056895256,26.2805500031,7.2531619072,13.5423612595,48.1474342346,4.74247074127
2024-07-12,12.2585506439,2.53071761131,39.2428817749,10.5062627792,9.91143226624,12.3927516937,3.64512276649,3.67763447762,27.2848472595,7.18444633484,13.0973978043,48.5047416687,4.63178443909
2024-07-15,12.2840881348,2.53071761131,40.1312179565,10.5748186111,9.90291595459,12.4515237808,3.66627383232,3.60083985329,27.329284668,7.10046339035,13.0587053299,48.1027679443,4.51258468628
2024-07-16,12.2585506439,2.53071761131,39.8195228577,10.4548444748,9.86885547638,12.6950139999,3.66627383232,3.60937309265,27.2226314545,7.10046339035,13.1167449951,47.6829299927,4.51258468628
2024-07-17,12.5650119781,2.55311346054,39.9597854614,10.5748186111,9.89440059662,12.6530313492,3.79318380356,3.60937309265,27.4181575775,7.10046339035,13.1167449951,48.1474342346,4.55515527725
2024-07-18,12.6841926575,2.50832176208,39.0558547974,9.6150302887,9.79222011566,12.2500171661,3.61692047119,3.49844527245,27.4892597198,7.03174877167,12.3042030334,46.9683113098,4.62327003479
2024-07-19,12.3692169189,2.5232527256,39.4610671997,9.59789085388,9.61340713501,12.3759584427,3.60986971855,3.43018364906,26.9382286072,7.00884485245,12.323548317,46.7092628479,4.70841360092
2024-07-22,12.5394735336,2.53818321228,39.7805557251,9.65787792206,9.67301177979,12.5270900726,3.61692047119,3.50697898865,27.0182189941,7.08519363403,12.226817131,47.7275924683,4.67435598373
2024-07-23,12.2670621872,2.53071761131,39.1181945801,9.46077823639,9.61340713501,12.1324701309,3.51116204262,3.46431469917,26.8404693604,6.96303462982,11.8398933411,46.9951095581,4.79355669022
2024-07-24,12.3862419128,2.51578783989,39.1181945801,9.44363880157,9.5793466568,12.0065279007,3.45475816727,3.40458464622,26.6627159119,6.84087610245,11.7044696808,46.1822280884,4.89572906494
2024-07-25,12.2670621872,2.51578783989,39.0636520386,9.42649936676,9.5197429657,12.1660556793,3.3842523098,3.37045383453,26.7515926361,6.75689315796,11.5496997833,45.0209770203,4.76801347733
2024-07-26,12.2840881348,2.54564833641,39.0792350769,9.72643375397,9.55380249023,12.0653009415,3.49706101418,3.41311740875,26.8493537903,6.8637804985,12.3622407913,45.4140129089,4.92127132416
2024-07-29,12.4543457031,2.53071761131,38.7675361633,9.59789085388,9.56231784821,12.1072816849,3.3983540535,3.42165088654,26.9026794434,6.74162244797,11.9172773361,44.4492797852,5.0404715538
2024-07-30,12.2500371933,2.5232527256,38.9545593262,9.8806848526,9.5793466568,11.9309625626,3.39130330086,3.41311740875,26.8671283722,6.69581317902,11.5303525925,43.4934768677,5.06601428986
2024-07-31,12.2755756378,2.53818321228,39.7416000366,9.69215583801,9.54528808594,12.1408653259,3.32079815865,3.48138070107,27.1959724426,6.80270195007,12.2461643219,43.4577484131,5.01492834091
2024-08-01,12.4543457031,2.5232527256,38.8844261169,10.0520763397,9.63043785095,12.2668085098,3.36310100555,3.43920588493,27.4181575775,6.84087610245,12.0333547592,45.0120429993,4.76801347733
2024-08-02,12.1679401398,2.5232527256,39.1026153564,9.87211608887,9.77519321442,12.2332239151,3.73677873611,3.44780445099,27.3381710052,6.88668727875,12.6524353027,44.97631073,4.84464263916
2024-08-05,12.2113323212,2.50085711479,39.1181945801,9.68358612061,9.70707130432,11.972943306,3.84253668785,3.43920588493,27.2404060364,6.60419416428,12.3428945541,43.9401130676,4.86167097092
2024-08-06,12.1852970123,2.49339103699,39.3441810608,9.64930820465,9.77519321442,11.972943306,4.02585077286,3.46499967575,27.329284668,6.46676635742,11.6464300156,44.1098365784,5.0489859581
2024-08-07,12.1245441437,2.50085711479,38.8064956665,9.74357318878,9.89440059662,12.4683170319,4.05405235291,3.49079394341,27.3115119934,6.63473320007,12.9813203812,44.9495124817,5.23630046844
2024-08-08,12.0637893677,2.73974466324,39.2896308899,10.1206331253,9.87737083435,12.359167099,3.96944618225,3.50799012184,27.3914985657,6.48967123032,12.4396257401,45.8427886963,5.26184368134
2024-08-09,12.0637893677,2.83679318428,38.6116905212,10.3862886429,9.95400619507,13.1400098801,3.87778973579,3.58537244797,27.7114505768,6.5660200119,12.8845891953,48.1563644409,5.23630046844
2024-08-12,12.306804657,2.91144537926,38.5727233887,10.4291362762,9.96251964569,13.0140676498,4.00469923019,3.58537244797,27.9958515167,6.57365465164,13.2715139389,47.7722587585,5.0489859581
2024-08-13,12.3501977921,2.86665391922,38.4168739319,10.6262359619,9.97955131531,13.0980291367,3.9200925827,3.58537244797,29.1867866516,6.58128976822,13.0200128555,48.5494041443,5.08304262161
2024-08-14,12.5064191818,2.82932806015,38.1831016541,10.994726181,10.0136098862,13.5178384781,3.86368894577,3.62836289406,29.2045593262,6.74162244797,12.6524353027,49.2729568481,4.9127573967
2024-08-15,12.2807655334,2.94877123833,38.751953125,11.2175350189,10.0391559601,13.4338769913,3.78613257408,3.6971476078,29.3556537628,6.74162244797,12.7685117722,48.1831626892,5.0489859581
2024-08-16,12.367556572,2.94877123833,37.4116439819,11.0461435318,9.97500324249,13.2239723206,3.75793027878,3.67135214806,29.0979156494,6.58777952194,12.4783182144,45.6462669373,4.98087120056
2024-08-19,12.714715004,3.00849342346,37.7934799194,12.5029668808,10.183177948,13.3751039505,3.81433439255,3.71434283257,29.1956710815,6.6802406311,13.7164773941,46.8075218201,4.98087120056
2024-08-20,12.8015050888,2.99356269836,37.7934799194,12.4515485764,10.2352228165,13.5430269241,3.82138490677,3.83471441269,29.3556537628,6.74188089371,13.600399971,46.6824645996,5.19372940063
2024-08-21,12.8796157837,3.02342438698,37.5830802917,12.7172050476,10.2612419128,13.8956651688,3.80728411674,3.86050868034,29.5422897339,6.65712547302,13.2328224182,46.2447624207,5.44915914536
2024-08-22,12.7928256989,2.91144537926,37.1311187744,12.5543832779,10.2872638702,13.4506702423,3.67332482338,3.7401368618,29.6578292847,6.57237005234,12.5363578796,44.8869857788,5.2533288002
2024-08-23,13.1313066483,2.98609781265,37.8714027405,12.4772577286,10.2699165344,13.6857614517,3.79318380356,3.83471441269,30.342168808,6.74188089371,13.4069375992,46.8700523376,5.46618747711
2024-08-26,13.3309230804,2.8815844059,37.4739875793,12.4001321793,10.1658306122,13.5766115189,3.89189004898,3.80892133713,30.2177448273,6.795814991,13.2134752274,46.9772453308,5.4065861702
2024-08-27,13.4090328217,2.88904929161,37.3025512695,12.5201053619,10.0183753967,13.4254798889,3.84253668785,3.79172444344,30.1199817657,6.80352067947,12.8458967209,48.0581054688,5.35550069809
2024-08-28,13.6173305511,2.81439733505,37.1311187744,12.8457479477,10.1224603653,13.5346326828,3.89894104004,3.81751871109,30.1022033691,6.74958562851,12.323548317,47.3077545166,5.44915914536
2024-08-29,13.6607246399,2.82932806015,36.2349853516,12.5629529953,10.1398086548,13.4002923965,3.91335511208,3.76593112946,30.0133323669,6.61859941483,11.9172773361,45.3068237305,5.32144355774
2024-08-30,14.1901435852,2.83679318428,36.9285125732,12.4772577286,10.2091999054,13.3834981918,4.158390522,3.78407096863,30.271068573,6.395154953,11.9366235733,43.7703971863,5.38104391098
2024-09-02,14.0859947205,2.83679318428,37.2947616577,11.9459457397,10.1658306122,12.9972743988,4.30973529816,3.85334396362,30.9198627472,6.2795791626,11.8205471039,42.877117157,5.44915914536
2024-09-03,14.2161808014,2.82186222076,37.4038581848,11.7145681381,10.2872638702,12.8713331223,4.35297727585,3.8446855545,30.8754196167,6.35663032532,11.6077384949,42.3500862122,5.41510105133
2024-09-04,13.8343048096,2.83679318428,37.0220222473,12.5886611938,10.408698082,13.0224647522,4.39621829987,3.89664006233,30.9642944336,6.64941978455,11.8205471039,42.8056564331,5.29590082169
2024-09-05,13.7561941147,2.84425806999,37.6610069275,12.4943971634,10.3046131134,12.921710968,4.38901138306,3.90530014038,31.1153869629,6.59548568726,11.8979320526,42.430480957,5.48321580887
2024-09-06,13.7561941147,2.82932806015,37.4194412231,12.408700943,10.3740053177,12.6362409592,4.35297727585,3.88798165321,30.697675705,6.5569601059,11.4916610718,42.2875595093,5.27887201309
2024-09-09,13.6694040298,2.82186222076,37.0843658447,12.2972974777,10.2699165344,12.745390892,4.31694221497,3.83602571487,30.5021476746,6.51843547821,11.3175449371,41.5372085571,5.31292915344
2024-09-10,13.4697875977,2.87411975861,36.9596824646,12.3915624619,10.2091999054,12.6698246002,4.32414960861,3.91395878792,30.6710071564,6.47220563889,11.4529685974,42.5108795166,5.26184368134
2024-09-11,13.122628212,2.94877123833,36.5466842651,12.2887277603,10.1137866974,12.7369947433,4.34577083588,3.93127727509,30.5554771423,6.51843547821,11.5110063553,43.073638916,5.22778606415
2024-09-12,13.0358381271,2.91144537926,36.2349853516,12.3572845459,10.08776474,12.54388237,4.31694221497,3.89664006233,30.8487625122,6.49532079697,11.1240816116,42.4751472473,5.22778606415
2024-09-13,13.0271587372,2.98609781265,37.0843658447,12.3572845459,10.1918506622,12.569070816,4.41784000397,3.93127727509,31.0265159607,6.73417472839,11.5303525925,43.1808357239,5.26184368134
2024-09-16,13.2007379532,3.01595854759,36.6246070862,12.374423027,10.2091999054,12.3423728943,4.43946075439,3.90530014038,31.0531730652,6.74188089371,11.5110063553,42.6270027161,5.29590082169
2024-09-17,13.0618743896,3.01595854759,36.4297981262,12.5972309113,10.0183753967,12.3423728943,4.40342569351,3.91395878792,30.8576488495,6.61859941483,11.6077384949,42.1089019775,5.2533288002
2024-09-18,12.9056529999,2.98609781265,36.632396698,11.9116678238,9.97500324249,12.2752056122,4.46108055115,3.94859576225,31.8175086975,6.73417472839,11.3562364578,42.6716690063,5.30441474915
2024-09-19,12.7928256989,3.02342438698,36.6479797363,12.4258403778,9.93163490295,11.9981307983,4.39621829987,3.75809407234,31.6397514343,6.61859941483,10.9693126678,41.3585548401,5.21927213669
2024-09-20,12.5845298767,2.79200148582,36.7025337219,12.2201719284,9.94898319244,11.7210569382,4.28090810776,3.61954641342,31.6130905151,6.38744974136,10.2728481293,39.8846549988,5.02344322205
2024-09-23,12.4890623093,2.73974466324,36.2739448547,12.0573501587,9.90561199188,11.5531349182,4.35297727585,3.5589325428,31.8352794647,6.2795791626,10.137424469,40.3759536743,4.73395633698
2024-09-24,12.541135788,2.76214027405,36.9752693176,11.9116678238,9.89693832397,11.7714347839,4.27370071411,3.5502717495,31.924156189,6.30269527435,10.2535018921,40.0275802612,4.80207061768
2024-09-25,12.6366043091,2.73227977753,36.2661552429,12.1601839066,9.85356903076,11.5699262619,4.39621829987,3.50697612762,31.8974914551,6.17941522598,10.0213470459,38.3571548462,4.70841360092
2024-09-26,12.7233934402,2.79200148582,36.5544776917,11.937376976,9.88826465607,11.5447387695,4.38901138306,3.56759047508,32.2530059814,6.22564458847,10.137424469,37.8926544189,4.69138479233
2024-09-27,12.7928256989,2.82932806015,36.5466842651,11.860250473,9.86224365234,11.5279445648,4.4754948616,3.5502717495,32.395198822,6.1640048027,10.176117897,38.2946281433,4.72544193268
2024-09-30,12.6279249191,2.85172367096,36.3908309937,11.6888599396,9.88826465607,11.6790771484,4.46828746796,3.5589325428,32.7725601196,6.14859437943,10.8145427704,37.6693344116,4.70841360092
2024-10-01,12.5584945679,2.78453588486,35.4479446411,11.7831249237,9.91428661346,11.8637933731,4.51873588562,3.76045846939,32.6557121277,6.21793985367,11.0660429001,37.3030929565,4.68287038803
2024-10-02,12.5584945679,2.92637586594,35.4167747498,11.8259725571,9.95765781403,12.1744508743,4.61242580414,3.80408287048,33.4287376404,6.31039953232,10.5050029755,37.8122634888,4.81909942627
2024-10-03,12.4977407455,2.82186222076,35.5570411682,11.6802902222,9.89693832397,11.9561500549,4.43946075439,3.69065904617,33.2489585876,6.19482469559,10.137424469,36.2132987976,4.76801347733
2024-10-04,12.5064191818,2.83679318428,36.4531745911,11.5346078873,9.89693832397,12.1744508743,4.43225336075,3.76045846939,33.7073860168,6.22564458847,10.137424469,37.0976409912,4.68287038803
2024-10-07,12.3762340546,2.82932806015,35.7362670898,11.5260381699,9.99235153198,12.2416200638,4.43225336075,3.88260769844,33.4377212524,6.25646448135,10.0213470459,36.5348815918,4.74247074127
2024-10-08,12.4283075333,2.90398001671,35.6895103455,11.5346078873,9.99235153198,12.0904884338,4.49711608887,3.93495798111,33.5635566711,6.27187538147,10.0020008087,37.3656272888,4.75949907303
2024-10-09,12.1592597961,2.85172367096,35.5960006714,11.1404085159,9.93163490295,11.8721885681,4.38180446625,3.83898353577,33.1680603027,6.2102355957,9.67311477661,36.9368515015,4.79355669022
2024-10-10,12.2026548386,2.85172367096,35.8453636169,11.2603826523,9.96632957458,11.8302078247,4.45387363434,3.75173401833,33.1141357422,6.20253038406,9.59572982788,36.9368515015,4.81058502197
2024-10-11,12.3328390121,2.88904929161,36.0167922974,10.8833217621,9.92296028137,12.0149230957,4.39621829987,3.69065904617,32.5927886963,6.24105501175,9.65376853943,37.3388252258,4.85315561295
2024-10-14,12.4977407455,2.92637586594,36.4921379089,11.2860908508,9.95765781403,12.149263382,4.54756355286,3.80408287048,32.9073905945,6.25646448135,10.0600395203,37.5532073975,5.10007190704
2024-10-15,12.4543457031,2.89651489258,36.2583580017,11.4746208191,10.0270490646,12.2584133148,4.59080553055,3.83898353577,33.2130050659,6.3258099556,9.96330833435,37.5442733765,5.02344322205
2024-10-16,12.4022722244,2.91144537926,36.4609642029,11.4746208191,10.1311349869,12.6110515594,4.70611572266,4.02220630646,33.4556999207,6.37974452972,9.92461681366,36.9457855225,5.0404715538
2024-10-17,12.4977407455,2.87411975861,36.5544776917,11.7659854889,10.0443954468,12.5270900726,4.73494386673,3.88260769844,33.2579536438,6.3335146904,9.82788467407,36.624206543,5.0489859581
2024-10-18,12.5237770081,2.87411975861,36.7726631165,12.4686880112,10.0270490646,12.4851083755,4.76377058029,3.8477063179,33.1770515442,6.29499006271,9.88592433929,36.0793113708,5.03195714951
2024-10-21,12.4022722244,2.87411975861,36.1414718628,12.6143703461,10.0096998215,12.5522794724,4.78539180756,3.90878224373,33.0601959229,6.23335027695,9.96330833435,36.5259437561,4.98087120056
2024-10-22,12.4109506607,2.87411975861,36.0869293213,12.3487148285,9.96632957458,12.5606746674,4.79980611801,3.80408287048,33.5276031494,6.21793985367,9.96330833435,35.9363822937,5.14264345169
2024-10-23,12.4803829193,2.83679318428,36.0557594299,12.4258403778,9.88826465607,12.7202014923,4.71332263947,3.83898353577,34.0040092468,6.17170953751,10.1567716599,36.0882415771,5.18521499634
2024-10-24,12.4456663132,2.88904929161,35.0661125183,12.3572845459,9.89693832397,12.8209571838,4.69890880585,3.91750836372,34.5163574219,6.28728485107,10.4663105011,37.0619125366,5.23630046844
2024-10-25,12.5758504868,2.85172367096,34.6764907837,12.3829927444,9.90561199188,12.753786087,4.74935770035,3.83898353577,34.4624252319,6.26417064667,10.2535018921,36.2043647766,5.34698677063
2024-10-28,12.593208313,2.87411975861,35.3154716492,12.6486492157,9.94030857086,12.7789754868,4.72773694992,3.91750836372,34.705116272,6.44138479233,10.5243492126,36.4723510742,5.36401510239
2024-10-29,12.5671720505,2.89651489258,35.3310546875,13.0257081985,9.91428661346,12.7621822357,4.72052955627,3.76918292046,34.5972557068,6.3258099556,10.3889255524,35.8738594055,5.19372940063
2024-10-30,12.541135788,2.90398001671,34.6453208923,13.2056694031,9.9836769104,13.1148233414,4.72052955627,3.8477063179,34.8309593201,6.52614116669,10.6017341614,36.3562240601,5.48321580887
2024-10-31,12.4977407455,2.88904929161,34.6141471863,13.4456157684,10.0530691147,12.9468994141,4.71332263947,3.87388300896,34.2916412354,6.53384447098,10.350233078,36.8385925293,5.96001672745
2024-11-01,12.6192464828,2.79946660995,34.4037513733,13.1713905334,9.95765781403,12.3171863556,4.59801244736,3.78687858582,34.1568145752,6.3258099556,9.63442325592,35.7309303284,5.91744470596
2024-11-04,13.0879116058,2.93384051323,35.0894889832,13.6255760193,10.0530691147,12.9133138657,4.86466789246,4.02410793304,33.7972679138,6.66482973099,10.5243492126,37.00831604,6.21544647217
2024-11-05,12.8534116745,2.97116708755,35.354434967,13.5912981033,9.9836769104,12.8881263733,4.87908172607,4.05046653748,34.2467002869,6.68794584274,10.775850296,36.9189910889,6.34316062927
2024-11-06,12.7476224899,3.05328512192,36.2194023132,13.7712583542,10.0270490646,12.6782217026,4.74215126038,4.04168081284,34.5702934265,6.70335531235,10.8338880539,36.624206543,6.56453275681
2024-11-07,12.509595871,2.85918831825,35.1128692627,13.3856296539,10.1051120758,12.3507709503,4.67008209229,3.9801774025,34.4804077148,6.78811073303,10.2535018921,36.0614433289,6.36018896103
2024-11-08,12.4390687943,2.82932806015,34.6764907837,12.9400138855,10.0964403152,12.2332239151,4.80701351166,3.98896241188,34.6781539917,6.83434057236,9.96330833435,35.9542503357,6.36018896103
2024-11-11,12.5801229477,2.88904929161,34.707660675,13.197098732,10.0964403152,12.3171863556,4.9007024765,3.90110039711,34.6691665649,6.91909503937,10.3115406036,36.1150398254,6.26653289795
2024-11-12,12.4390687943,2.82186222076,34.5985679626,13.4627552032,10.0195016861,12.0065279007,5.08087491989,3.90110039711,35.2444381714,6.87286520004,10.1567716599,35.8202590942,6.14039516449
2024-11-13,12.51841259,2.85172367096,35.7362670898,13.3770599365,10.0283460617,11.9981307983,5.04484128952,3.90988588333,34.848941803,6.88827466965,9.96330833435,36.7849960327,6.20987653732
2024-11-14,12.4126224518,2.83679318428,37.8869857788,14.4825305939,9.98412799835,11.9645471573,5.0880818367,3.90988588333,34.6781539917,7.06549119949,9.7698469162,37.6157417297,6.12302494049
2024-11-18,12.4302539825,2.8815844059,39.110408783,14.3625574112,9.94875526428,12.0317153931,5.15294504166,3.87474012375,34.848941803,6.89801454544,9.69246196747,37.3388252258,6.07091379166
2024-11-19,12.5713062286,2.89651489258,39.7416000366,14.6196432114,10.0460319519,12.1072816849,5.1673579216,3.87474012375,34.9837646484,6.91414928436,10.1180782318,36.7849960327,6.07959938049
2024-11-21,12.5713062286,2.8815844059,39.5617599487,15.0309829712,9.94875526428,11.9981307983,5.23942756653,3.8308095932,34.5613059998,6.84960699081,10.1180782318,35.5612106323,5.86247062683
2024-11-22,12.9239368439,2.8815844059,39.5781440735,15.596572876,10.0460319519,12.0149230957,5.24663448334,3.94503188133,34.6511878967,6.80926704407,10.5436944962,36.4812850952,5.94063711166
2024-11-25,13.1090698242,2.88904929161,40.0533103943,15.7336854935,10.1256217957,12.2080364227,5.19618606567,3.94503188133,34.6961288452,6.86574220657,10.8725814819,37.2316322327,6.13170957565
2024-11-26,13.1972284317,2.96370244026,40.9708747864,15.682267189,10.1344642639,12.3927516937,5.21780729294,4.06803846359,34.9927520752,7.05937099457,10.7178115845,37.9283828735,6.22724676132
2024-11-27,12.8534116745,2.94877123833,39.9795761108,16.0678977966,10.0018157959,11.7378501892,5.10022211075,4.00653553009,34.2916412354,6.84153842926,9.94396209717,35.1949729919,6.14039516449
2024-11-28,12.5713062286,2.80693173409,40.2663154602,15.7422552109,9.88685131073,11.9309625626,4.72542238235,3.83959555626,33.7343444824,6.48655319214,8.95730495453,31.8541259766,5.95800733566
2024-11-29,12.8093328476,2.77707123756,40.7988319397,16.0850372314,10.0106582642,12.1744508743,4.68867778778,3.82276296616,34.0129928589,6.50269031525,8.93795871735,32.7742004395,6.11433982849
2024-12-02,12.6065692902,2.73227977753,40.9626846313,16.2050094604,10.0195016861,11.9981307983,4.67397928238,3.7785179615,34.0579376221,6.32519674301,8.62841892242,32.9260559082,6.10969924927
2024-12-03,13.1795949936,2.7098839283,41.0446090698,16.4535274506,10.03718853,12.3255815506,4.67397928238,3.61038684845,35.0916366577,6.31712865829,8.53168773651,32.818862915,6.07422876358
2024-12-04,13.0914373398,2.68748831749,40.3973960876,16.7020435333,10.1167783737,12.149263382,4.86505365372,3.60153770447,35.8646507263,6.32519674301,8.26084041595,31.3449630737,6.21610927582
2024-12-05,13.3470964432,2.67255735397,40.9462966919,17.0276870728,10.0460319519,12.753786087,4.91649723053,3.67232966423,35.6848831177,6.51075696945,8.12541675568,31.6218795776,6.29591703415
2024-12-06,13.4705162048,2.61283516884,40.8807601929,16.7020435333,10.1609954834,12.6782217026,4.61518716812,3.57499098778,35.2354469299,6.45428228378,7.77718496323,30.362361908,6.21610927582
2024-12-09,13.8936738968,2.58297491074,40.1598091125,17.4561634064,10.0106582642,12.569070816,4.71072435379,3.62808442116,35.0556793213,6.51882505417,7.54503011703,29.6764621735,5.95895195007
2024-12-10,14.0964355469,2.68748831749,41.0691871643,17.0962429047,10.0902490616,12.5942592621,4.77686548233,3.66348052025,35.0466880798,6.55109643936,8.12541675568,30.803188324,5.95008468628
2024-12-11,14.5019645691,2.72481441498,39.4224815369,17.9103488922,10.081404686,12.8041648865,4.8871011734,3.7785179615,36.1522865295,6.59950399399,8.37691783905,30.8758792877,6.15403699875
2024-12-12,13.8848590851,2.64269685745,39.3241767883,16.9762687683,9.99297142029,12.4767131805,4.72542238235,3.53074598312,35.7567901611,6.35746860504,7.81587696075,29.104013443,5.71066188812
2024-12-13,13.8055152893,2.66509246826,40.5530548096,16.6399993896,9.99297142029,12.2752056122,4.58579158783,3.45995402336,34.7410736084,6.38167095184,7.17745161057,28.1408481598,5.58651781082
2024-12-16,13.6027526855,2.61283516884,39.0947875977,17.4599990845,9.91338253021,11.9981307983,4.51230144501,3.42455744743,34.3815307617,6.2283821106,6.75183439255,27.7137832642,5.36483049393
2024-12-17,14.0170946121,2.61283516884,37.6856689453,16,9.94875526428,12.2584133148,4.54169654846,3.44225692749,34.372543335,6.29292488098,6.75183439255,28.0863285065,5.4180355072
2024-12-18,13.6556472778,2.51578783989,37.0302658081,16.2900009155,9.63923835754,11.7084283829,4.29917860031,3.30952119827,34.1478271484,6.06702518463,6.38425588608,26.3508110046,5.4978427887
2024-12-19,13.8672266006,2.55311346054,37.6610908508,16.3700008392,9.73651504517,11.9280166626,4.26243400574,3.30952119827,34.1298484802,6.22031402588,6.3649096489,26.9414310455,5.71952962875
2024-12-20,13.3382797241,2.59790492058,38.2919158936,16.7999992371,9.98412799835,12.2969236374,4.15954828262,3.42455744743,33.7343444824,6.26872205734,6.9839887619,28.1681060791,5.51557779312
2024-12-23,13.1795949936,2.57550883293,38.5540771484,16.6599998474,9.62155151367,11.8577470779,3.96847271919,3.34491729736,33.3837928772,6.11543226242,6.94529676437,26.6597518921,5.40030050278
2024-12-26,12.7476224899,2.53071761131,37.3170051575,16.8299999237,9.7276725769,11.6381597519,4.05666065216,3.32721924782,32.9882888794,6.07509326935,6.79052686691,26.1963386536,5.47124004364
2024-12-27,12.8269643784,2.5232527256,36.841835022,16.6000003815,9.79841899872,11.5942430496,4.13015079498,3.30952119827,32.8714370728,6.09122943878,6.8098731041,26.4780197144,5.5687828064
2024-12-30,12.5624914169,2.61283516884,37.8495178223,17.0300006866,9.64808177948,11.9280166626,4.1375002861,3.26577854156,32.8534584045,6.04282140732,6.79052686691,26.8778247833,5.75499916077
2025-01-02,12.7123594284,2.57550883293,37.8495178223,17.1599998474,9.67461109161,11.497625351,4.28448152542,3.24793291092,32.9362564087,5.99441432953,6.59706449509,26.4780197144,5.71368408203
2025-01-03,12.6153869629,2.50832176208,37.0384559631,16.8500003815,9.46237182617,11.576675415,4.16689682007,3.26577854156,31.6177177429,5.75237941742,6.59706449509,26.241771698,5.64875602722
2025-01-06,12.7611074448,2.54564833641,37.808555603,16.4099998474,9.63039588928,11.8577470779,4.1375002861,3.34608435631,32.8907852173,5.76851415634,6.86791133881,27.7592144012,5.84354019165
2025-01-07,12.779132843,2.5232527256,37.7348213196,16.7999992371,9.77188873291,11.9192323685,4.26243400574,3.34608435631,33.6455421448,5.80885457993,6.86791133881,28.4588756561,5.77861213684
2025-01-08,12.6980237961,2.51578783989,36.8582229614,16.9500007629,9.63923835754,11.7172117233,4.08605718613,3.28362488747,33.199962616,5.80885457993,6.79052686691,27.8500785828,5.70440864563
2025-01-09,12.842215538,2.59044003487,36.9483375549,16.9899997711,9.69229888916,11.7435626984,4.18894386292,3.30147004128,33.2636184692,5.72817516327,6.65510320663,27.8955135345,5.67658233643
2025-01-10,12.7611074448,2.5232527256,36.6042518616,16.8600006104,9.57733440399,11.6820783615,4.07870817184,3.25685596466,33.1181221008,5.69590377808,6.50033330917,27.3594112396,5.64875602722
2025-01-13,12.716047287,2.50832176208,36.2519721985,16.8999996185,9.48005771637,11.5239753723,4.06401014328,3.23900961876,33.2181510925,5.72817516327,6.30687093735,26.98686409,5.65803098679
2025-01-14,12.779132843,2.51578783989,36.5796775818,16.5100002289,9.48890209198,11.6293754578,4.23303842545,3.28362488747,33.2727127075,5.78465032578,6.42294836044,27.5320510864,5.55600070953
2025-01-15,12.9593734741,2.60537028313,36.735332489,16.2199993134,9.54196166992,11.980717659,4.54904556274,3.31931614876,34.2638893127,5.88953256607,6.71314191818,28.5497379303,5.9455704689
2025-01-16,12.8151798248,2.54564833641,36.2110099792,15.1899995804,9.48890209198,11.6732940674,4.36532068253,3.23008680344,33.9365272522,5.79271841049,6.46164083481,27.7501296997,5.92701911926
2025-01-17,13.0494947433,2.53818321228,36.8664169312,15.4799995422,9.63923835754,11.6820783615,4.38001823425,3.26577854156,33.4363937378,5.84112548828,6.38425588608,27.5502243042,5.87136697769
2025-01-20,13.0134449005,2.55311346054,37.9560203552,15.5799999237,9.65692520142,11.6820783615,4.35797119141,3.32823848724,33.3727378845,5.94600725174,6.46164083481,28.5043087006,5.87136697769
2025-01-21,13.1035671234,2.59044003487,38.7015419006,14.9499998093,9.65692520142,11.6996440887,4.54169654846,3.34608435631,34.4639434814,6.24451732635,6.42294836044,28.5769996643,5.8991932869
2025-01-22,13.0224580765,2.5232527256,37.9314422607,15.029999733,9.62155151367,11.7259960175,4.6813287735,3.38177657127,34.4639434814,6.32519674301,6.55837249756,29.267572403,5.81571435928
2025-01-23,13.0224580765,2.51578783989,38.7097320557,15.6400003433,9.46237182617,11.5239753723,4.68867778778,3.28362488747,34.6640014648,6.2283821106,6.46164083481,29.213054657,5.64875602722
2025-01-24,13.3018341064,2.5232527256,38.48853302,15.6499996185,9.48005771637,11.55032444,4.6225361824,3.29254722595,34.5548820496,6.34940004349,6.28752470016,28.8950252533,5.78788709641
2025-01-27,13.4280014038,2.53818321228,39.037437439,15.8400001526,9.48005771637,11.8050470352,4.60783815384,3.46208238602,34.8731498718,6.6479101181,6.59706449509,30.1217021942,5.79716300964
2025-01-28,13.3919534683,2.53071761131,39.3651390076,15.9300003052,9.57733440399,11.980717659,4.57109308243,3.43531370163,35.0095481873,6.53496074677,6.48098707199,30.666891098,5.68585729599
2025-01-29,13.112578392,2.51578783989,39.3651390076,15.7399997711,9.51543235779,11.7611293793,4.54169654846,3.44423651695,35.3369102478,6.58336782455,6.48098707199,30.5305919647,5.68585729599
2025-01-30,13.2027006149,2.60537028313,39.5699462891,15.9200000763,9.7011423111,12.2530069351,4.61518716812,3.57808017731,36.2735290527,6.87381076813,7.04202795029,31.5119361877,6.01977396011
2025-01-31,13.2297363281,2.57550883293,39.7338027954,15.8900003433,9.81610584259,11.8928823471,4.68867778778,3.56106448174,36.3644638062,7.00289678574,6.9839887619,31.0303516388,6.05687665939
2025-02-03,13.455037117,2.54564833641,38.6851577759,15.1000003815,9.78957462311,11.6557273865,4.57844209671,3.49811673164,37.0191841125,7.04323482513,6.8098731041,31.0485210419,6.07542705536
2025-02-04,13.1576395035,2.65016174316,39.037437439,14.7299995422,9.82494831085,11.9280166626,4.4829044342,3.49811673164,37.0191841125,6.99482822418,6.77118062973,30.5760269165,5.9455704689
2025-02-05,13.3649177551,2.60537028313,38.5458831787,14.9899997711,9.7276725769,12.1036863327,4.45350837708,3.48013091087,37.9103355408,7.17232179642,6.5777182579,30.4760742188,6.00122308731
2025-02-06,13.1306028366,2.59790492058,38.6278076172,15.2299995422,9.7276725769,12.1651716232,4.53434753418,3.5430791378,37.5556945801,7.29333782196,6.50033330917,31.2847709656,5.98267221451
2025-02-07,12.9323387146,2.58955764771,38.365650177,14.8400001526,9.71882820129,11.9982843399,4.46085739136,3.48013091087,37.0555648804,7.22879648209,6.30687093735,30.77592659,5.76933670044
2025-02-10,13.0855426788,2.62029385567,38.0297546387,15.1300001144,9.65692520142,12.05098629,4.49760293961,3.52509379387,37.8739624023,7.30140686035,6.50033330917,30.2670879364,5.83426475525
2025-02-11,12.9954223633,2.65871477127,37.8904800415,15.2399997711,9.7630443573,12.4901609421,4.54904556274,3.5880420208,37.6921005249,7.32620334625,6.94529676437,29.7128105164,5.85281562805
2025-02-12,12.9683856964,2.62797760963,38.0625267029,14.6199998856,9.66576862335,12.2354393005,4.4167637825,3.52509379387,36.2462501526,7.21635246277,6.94529676437,28.6042575836,5.75078582764
2025-02-13,13.2838087082,2.64334607124,37.8986701965,14.1499996185,9.56849098206,12.5165109634,4.45350837708,3.56106448174,35.9097976685,7.29240322113,6.82921934128,28.3498382568,5.88064241409
2025-02-14,13.2207250595,2.68176698685,38.1034851074,14.4399995804,9.7630443573,12.8854198456,4.70337533951,3.60602760315,35.7279281616,7.4783039093,7.66110754013,29.0949287415,6.02904939651
2025-02-17,13.4280014038,2.77397656441,38.7506942749,14.1499996185,9.68345451355,13.0259552002,4.61518716812,3.67796778679,35.4187583923,7.59660434723,8.16410923004,29.0676689148,6.17745685577
2025-02-18,13.6262674332,2.72018790245,39.8075332642,14.0500001907,9.7011423111,12.9117698669,4.63723421097,3.63300466537,35.818862915,7.52900409698,8.08672428131,29.8127613068,6.09397792816
2025-02-19,13.7704601288,2.66639876366,38.9473190308,13.8699998856,9.59502220154,12.6482639313,4.47555541992,3.52509379387,35.7824859619,7.41915369034,7.66110754013,28.731470108,6.21455860138
2025-02-20,13.9056425095,2.65103006363,39.2258644104,13.5699996948,9.6038646698,12.6570482254,4.4829044342,3.48912358284,35.5915260315,7.43605422974,7.23549032211,28.8950252533,6.41861915588
2025-02-21,14.0948963165,2.65103006363,39.1930961609,13.7899999619,9.64808177948,12.6131296158,4.49760293961,3.45315337181,35.3187255859,7.41915369034,6.96464300156,28.1681060791,6.34441566467
2025-02-24,13.995762825,2.62797760963,38.1526412964,13.4600000381,9.63039588928,12.384759903,4.49025392532,3.39020514488,34.845867157,7.25015211105,6.65510320663,26.0691280365,6.27021169662
2025-02-25,13.9326791763,2.62029385567,38.4066085815,13.720000267,9.69229888916,12.8239355087,4.32122659683,3.39919734001,35.2186965942,7.29240322113,6.5777182579,25.1877384186,6.34441566467
2025-02-26,13.6623153687,2.62797760963,37.5791625977,13.9300003052,9.67461109161,12.964471817,4.30652761459,3.36382436752,34.845867157,7.19100236893,6.40360212326,24.3426971436,6.25166082382
2025-02-27,13.7434244156,2.59724140167,37.5873565674,15.1700000763,9.68345451355,13.0259552002,4.23003578186,3.38195800781,35.1732330322,7.24170255661,6.26817893982,24.5971164703,6.1310801506
2025-02-28,13.6983642578,2.59724140167,37.2678489685,13.6300001144,9.67461109161,12.7361001968,4.39831876755,3.227820158,34.5730705261,7.26705217361,6.03602361679,23.6248645782,6.26093626022
2025-03-05,14.266125679,2.56650424004,37.0958061218,14.5900001526,9.65692520142,12.7800178528,4.383020401,3.26408815384,34.9368019104,7.30930280685,5.86190795898,23.3977031708,6.16818141937
2025-03-06,14.3742694855,2.62029385567,37.0138816833,14.1899995804,9.67461109161,12.6394815445,4.07705068588,3.46355986595,34.1820487976,7.41070413589,5.90059995651,23.4703922272,6.40006780624
2025-03-07,14.410317421,2.63566255569,37.97240448,14.8500003815,9.79841899872,12.6921815872,4.3600730896,3.42729210854,34.2547950745,7.68955659866,6.34556341171,24.1700515747,6.41861915588
2025-03-10,13.8245334625,2.61260986328,37.5463943481,15.0399999619,9.80726242065,12.6131296158,4.20708847046,3.37289094925,34.0092773438,7.64730548859,6.3649096489,23.8792858124,6.27021169662
2025-03-11,13.6893520355,2.60492539406,37.2842330933,14.5699996948,9.73651504517,12.7448835373,4.03115510941,3.31848907471,33.9092483521,7.60505533218,6.51967906952,24.0155830383,6.42789459229
2025-03-12,13.6352796555,2.62029385567,37.6692810059,15.029999733,9.77188873291,12.6043481827,4.008207798,3.36382436752,34.4639434814,7.74025678635,6.53902626038,20.7989673615,6.42789459229
2025-03-13,13.7704601288,2.62029385567,37.2514648438,14.9399995804,9.83379173279,12.8327178955,4.15354347229,3.39102482796,34.954990387,7.85010766983,6.42294836044,21.8075656891,6.63195466995
2025-03-14,14.2841501236,2.67408251762,41.2903823853,15.2600002289,10.03718853,13.1752758026,4.33712530136,3.52702879906,35.4187583923,8.00220870972,7.06137418747,19.535943985,6.80818891525
2025-03-17,14.4373559952,2.73555588722,43.5842933655,14.8100004196,10.0902490616,13.3158121109,4.25298309326,3.54516220093,36.3644638062,8.11205863953,7.89326190948,19.7721939087,6.86384153366
2025-03-18,14.1309452057,2.72018790245,43.0927429199,15.8000001907,10.0990915298,13.1313581467,4.168841362,3.56329607964,36.700920105,8.09515953064,7.79653120041,20.8989162445,6.99369764328
2025-03-19,14.0768718719,2.74324035645,43.5014038086,15.9799995422,10.03718853,13.271894455,4.21473693848,3.6267645359,37.7739448547,8.15430831909,7.97064685822,21.2987232208,7.08645200729
2025-03-20,13.725399971,2.78934526443,42.2302284241,17.0499992371,10.1167783737,13.1752758026,4.22238588333,3.58142971992,37.7375640869,8.01065826416,7.98999357224,21.6167507172,7.04007530212
2025-03-21,13.6082429886,2.77397656441,42.6567955017,18.2099990845,10.1256217957,14.4137525558,4.28358078003,3.53609585762,37.8012161255,8.17965888977,8.04803180695,21.8075656891,6.77108669281
2025-03-24,13.5091104507,2.76629304886,42.9127388,17.8500003815,10.0548753738,14.1765956879,4.18414020538,3.49982786179,37.5920753479,8.15430831909,7.89326190948,21.7257881165,6.68760728836
2025-03-25,13.3288698196,2.87387084961,42.6653251648,17.5699996948,10.03718853,14.308350563,4.18414020538,3.56329607964,38.0831184387,8.12050819397,8.57038021088,21.6167507172,6.65978097916
2025-03-26,13.6262674332,2.86618614197,42.7421073914,17.3099994659,9.99297142029,14.6772565842,4.15354347229,3.55422949791,38.0467414856,8.09515953064,8.93795871735,22.0165538788,6.74326038361
2025-03-27,13.6803398132,2.86618614197,43.3051757812,17.8299999237,9.97528457642,15.0549478531,4.06940126419,3.56329607964,37.7830314636,8.15430831909,9.07338237762,22.716217041,6.83601427078
2025-03-28,13.6983642578,2.90460705757,43.3734321594,18.0599994659,10.0283460617,15.0461654663,3.9929087162,3.74463438988,37.1737747192,8.0529088974,8.45430278778,22.4163608551,6.78963756561
2025-03-31,13.4370126724,2.8200814724,45.2162017822,18.0599994659,9.99297142029,15.0637321472,3.78637909889,3.78996825218,37.3217048645,7.81630706787,7.85456943512,22.2618923187,6.76181077957
2025-04-01,13.5451593399,2.88155460358,43.7829322815,18.7000007629,9.98412799835,14.9934644699,3.73283433914,3.88970422745,37.9561729431,7.95150709152,8.20280075073,22.4436206818,6.48354721069
2025-04-02,13.725399971,2.90460705757,44.6701965332,18.7600002289,9.96644210815,15.0549478531,3.740483284,3.9259724617,38.3200531006,7.94305753708,8.58972644806,22.7525615692,6.37224149704
2025-04-03,13.6623153687,2.94302773476,43.5184631348,18.6000003815,10.0725631714,15.5468273163,3.77108097076,3.87157130241,38.2827339172,8.06135845184,9.26684474945,23.2341442108,6.38151741028
2025-04-04,13.6262674332,2.83544993401,42.76770401,18.5499992371,10.081404686,15.2745361328,3.6257443428,3.74460673332,37.6949195862,7.88390684128,8.45430278778,22.3527545929,6.25166082382
2025-04-07,13.2928209305,2.72018790245,42.5032310486,18.5499992371,9.93106937408,15.1164331436,3.56455087662,3.75374031067,36.5286178589,7.85855722427,7.83522367477,22.0074672699,5.9084687233
2025-04-08,13.6352796555,2.69713568687,42.1278533936,18.5900001526,9.95759868622,14.5630702972,3.51100611687,3.70807385445,36.5752677917,7.80785703659,7.81587696075,22.4890537262,6.07542705536
2025-04-09,13.9867515564,2.75092434883,43.5099334717,19.6100006104,10.0637187958,14.7826595306,3.64104294777,3.82680583,37.01379776,7.95995759964,8.16410923004,23.3795280457,6.37224149704
2025-04-10,13.6623153687,2.74324035645,42.0596008301,19.9300003052,9.92222595215,14.6245555878,3.6257443428,3.81767201424,36.2020530701,7.84165668488,8.26084041595,22.9252033234,6.40934324265
2025-04-11,13.7704601288,2.77397656441,42.6482658386,20.1599998474,9.99297142029,14.8090105057,3.57984972,3.82680583,36.3793334961,8.06135845184,9.07338237762,23.8429393768,6.49282312393
2025-04-14,13.9867515564,2.74324035645,42.2643547058,20.5,10.0637187958,15.0198144913,3.57219982147,3.94553756714,36.9484825134,8.06135845184,9.44096088409,24.3426971436,6.67833185196
2025-04-15,14.1399564743,2.74324035645,41.8121910095,20.1499996185,10.1433086395,15.1339988708,3.74813294411,3.97293686867,37.7135772705,8.07825946808,9.22815227509,24.5335121155,6.76181077957
2025-04-16,14.0588474274,2.72018790245,41.3600311279,20.6499996185,10.03718853,14.9319791794,3.79402828217,4.10993480682,37.6949195862,8.06135845184,9.09272861481,24.7334136963,6.84529018402
2025-04-17,14.2390899658,2.78166055679,41.8036613464,20.7000007629,10.1167783737,15.1954841614,3.89346837997,4.15560007095,37.7882232666,8.19655895233,9.63442325592,25.0787029266,6.95659589767
2025-04-22,14.3021736145,2.78166055679,42.5202941895,21.1399993896,10.2140569687,15.2833185196,3.82462525368,4.31086444855,38.3573799133,8.39935970306,10.0406942368,25.4421615601,6.98442220688
2025-04-23,14.5184650421,2.84313392639,42.6994552612,21.3299999237,10.3643922806,15.3184556961,3.94701385498,4.29259777069,38.8145675659,8.52611160278,10.2728481293,25.6784095764,6.98442220688
2025-04-24,14.8338871002,2.91229176521,42.4008560181,21.0699996948,10.5677890778,15.458990097,3.96231126785,4.64879274368,39.0571632385,8.76271247864,10.6404266357,26.8869132996,7.1421046257
2025-04-25,14.9870920181,2.9583966732,42.6909255981,22.8500003815,10.6120042801,16.1398563385,4.04645395279,4.6213927269,39.5516738892,8.49231052399,10.9306201935,27.5683994293,7.2812371254
2025-04-28,15.07721138,2.97376418114,42.6567955017,21.9300003052,10.5943183899,16.5147762299,4.09234905243,4.81318998337,39.9342193604,8.61906242371,10.4276180267,28.0772418976,7.34616565704
2025-04-29,14.4373559952,2.93534421921,42.7250480652,21.75,10.6296920776,16.6976642609,4.06175231934,4.69445896149,40.2981109619,8.65286254883,10.6404266357,28.1499347687,7.39254236221
2025-04-30,14.743765831,3.00450134277,42.7165145874,21.4799995422,10.8306570053,17.2920513153,4.17649078369,4.71378612518,41.04454422,8.82186412811,10.3695793152,28.9313716888,7.50384807587
2025-05-02,14.5233201981,3.03523755074,43.6805610657,21.5900001526,10.6765813828,17.4657936096,4.21922779083,4.59433364868,40.783290863,8.78806304932,10.176117897,28.8768539429,7.50384807587
2025-05-05,14.5141267776,2.96608042717,43.253993988,20.7600002289,10.5950107574,16.9354190826,4.23476791382,4.63108825684,40.5033760071,8.66131305695,9.92461681366,29.767326355,7.2812371254
2025-05-06,14.275135994,3.03523755074,42.0340080261,20.4500007629,10.6493902206,17.3011951447,4.13375473022,4.61271047592,40.5127067566,8.9908657074,9.88333320618,29.7128105164,7.1235537529
2025-05-07,14.1464490891,3.07365846634,42.3155403137,20.5699996948,10.5315685272,17.2280387878,4.11044406891,4.45650339127,40.6993179321,8.77116298676,9.11855220795,28.6224308014,7.18848228455
2025-05-08,13.7787694931,3.07365846634,42.6567955017,20.4500007629,10.8215942383,17.4475059509,4.14929533005,4.68622016907,41.1938323975,9.20211696625,9.98138237,34.9284515381,7.61515331268
2025-05-09,13.8247289658,3.06597471237,42.2302284241,19.8500003815,10.7400255203,17.7675590515,4.25030851364,4.58514404297,43.5264358521,9.08381557465,9.90294361115,34.7012901306,7.21630859375
2025-05-12,13.8982648849,3.05060648918,43.4928703308,19.8199996948,10.6584539413,17.8224258423,4.11821460724,4.60352182388,42.2948188782,8.85566425323,9.37347984314,35.8552742004,7.2997879982
2025-05-13,13.7879610062,3.1274471283,43.5099334717,20.0900001526,10.6604557037,18.2613563538,4.22699785233,4.58514404297,43.1345558167,9.134516716,9.84411430359,37.536277771,7.31833839417
2025-05-14,14.192407608,3.09671092033,43.5099334717,19.7999992371,10.7064857483,17.9321594238,4.30469989777,4.40137195587,45.0939483643,8.99931526184,9.29503917694,38.1632423401,7.10500335693
2025-05-15,14.1372556686,3.05829000473,44.021812439,20.6599998474,10.8077497482,17.7126941681,4.41348314285,4.7505402565,44.4034919739,9.28661727905,9.47152805328,39.3535728455,7.55950021744
2025-05-16,14.1096811295,3.05829000473,43.6634941101,25.0699996948,10.8077497482,17.7309799194,4.42125368118,4.70459747314,45.8590393066,9.38525772095,9.5695772171,39.8896751404,7.70790863037
2025-05-19,14.0545272827,3.05060648918,45.3782997131,23.4599990845,10.9090166092,17.2920513153,4.46787405014,4.7505402565,45.9616699219,9.54736614227,9.68723583221,40.8891868591,7.97689676285
2025-05-20,14.2475595474,3.04292225838,46.939540863,24.4699993134,10.9274272919,17.3926410675,4.47564458847,4.74135160446,46.5588226318,9.76919937134,9.7460641861,39.8533287048,8.1067533493
2025-05-21,14.1280641556,3.01986908913,46.2058410645,24.6200008392,10.8445749283,17.3469161987,4.27361965179,4.59433364868,44.5247917175,9.42791843414,9.15777111053,37.6453132629,7.96762084961
2025-05-22,13.8982648849,3.01218533516,46.2229042053,25.0799999237,10.8261632919,17.2829055786,4.32024002075,4.61271047592,45.1032791138,9.42791843414,9.35386943817,37.4363212585,7.91196870804
2025-05-23,14.0177602768,3.01986908913,45.907245636,24.8400001526,10.7893390656,17.511516571,4.32024002075,4.64946556091,46.1856079102,9.59855937958,9.21660041809,35.1647033691,7.9212436676
2025-05-26,13.8982648849,3.01218533516,46.9566040039,25.1100006104,10.8629865646,17.1914634705,4.30469989777,4.66784238815,46.2415885925,9.64121818542,9.17738056183,35.9643135071,7.88414144516
2025-05-27,14.2475595474,3.06597471237,47.2722625732,24.6900005341,11.1575746536,17.2737598419,4.5611166954,4.77810668945,46.7174377441,9.93130874634,9.94216346741,38.1632423401,7.74501085281
2025-05-28,14.0453357697,3.05060648918,47.0589790344,25.3099994659,10.8998088837,17.2646160126,4.55334615707,4.82405090332,47.20262146,9.89718055725,10.3343582153,38.0269432068,7.88414144516
2025-05-29,13.7879610062,3.00450134277,46.9821929932,25.8500003815,10.8353681564,17.5480937958,4.50672531128,4.93431425095,48.0516891479,10.0336933136,10.4127979279,38.6811714172,8.05109977722
2025-05-30,13.8523044586,2.99681687355,47.340511322,25.4099998474,10.8077497482,17.4292144775,4.53780603409,4.94458150864,48.5835227966,9.89718055725,10.4520168304,40.1168365479,8.0882024765
2025-06-02,13.5581617355,2.98913264275,46.4959068298,25.3799991608,10.6052207947,17.4657936096,4.6155090332,4.94458150864,48.8727722168,9.8715839386,10.3343582153,41.161781311,7.83776473999
2025-06-03,13.4202823639,3.01986908913,45.420955658,25.2600002289,10.7893390656,17.8041343689,4.76314306259,4.95382404327,48.9474067688,10.1958017349,11.0207014084,40.7710609436,7.90269327164
2025-06-04,13.3835144043,2.98913264275,46.3423423767,25.2600002289,10.5960149765,18.0053119659,4.65435934067,4.8983707428,48.8541069031,10.0848855972,10.3343582153,39.7079429626,7.86558961868
2025-06-05,13.4202823639,2.98913264275,45.6854286194,24.7900009155,10.5223684311,18.3253688812,4.5611166954,4.88912773132,49.0780334473,10.1360788345,10.2755289078,39.5989074707,7.9212436676
2025-06-06,13.5673551559,2.9583966732,46.0096206665,24.5300006866,10.5683956146,18.3436546326,4.68544101715,4.84291744232,48.9940605164,10.1702060699,9.98138237,38.881072998,7.81921386719
2025-06-09,13.5213937759,2.94302773476,46.4703178406,25.1599998474,10.3566608429,17.8315696716,4.59219789505,4.77822160721,48.6861610413,10.0848855972,10.0206022263,38.3449707031,7.93979549408
2025-06-10,13.2364425659,2.96608042717,46.4959068298,25.4899997711,10.430308342,18.1607685089,4.59219789505,4.84291744232,48.7794647217,10.2725906372,10.4912366867,38.9355926514,7.93979549408
2025-06-11,13.3375549316,2.97376418114,45.4977416992,25.5799999237,10.3290424347,18.1058998108,4.63881874084,4.8983707428,48.938079834,10.2811222076,10.883433342,37.9269943237,8.06965065002
2025-06-12,13.3927059174,2.98144888878,45.2929878235,25.2800006866,10.3750724792,17.7858486176,4.80976390839,4.8983707428,49.8151435852,10.1531419754,11.1971893311,38.6266479492,8.1067533493
2025-06-13,13.4202823639,2.9583966732,45.4636154175,25.1800003052,10.4395132065,17.4657936096,4.81753444672,4.83367395401,49.4419250488,10.1019506454,10.8246030807,37.372718811,8.06037521362
2025-06-16,13.5305862427,2.98144888878,45.6342430115,25,10.4763383865,17.5480937958,4.87192630768,4.97230815887,50.0950508118,10.2128667831,11.1971893311,37.9360771179,8.21805858612
2025-06-17,13.3467464447,2.9199757576,44.4825057983,24.3999996185,10.4947490692,17.5480937958,4.85638523102,4.99079227448,50.300327301,10.2469949722,11.5501651764,36.9638252258,8.0882024765
2025-06-18,13.2824029922,2.95071196556,45.1906089783,24.3600006104,10.4763383865,17.5572395325,4.88746595383,4.88912773132,50.0483970642,10.4005708694,11.7658729553,37.5453605652,8.37574100494
2025-06-20,13.0526037216,2.93534421921,44.6531333923,23.3199996948,10.5039548874,17.7858486176,4.85638523102,4.86140108109,49.9177742004,10.2555274963,10.7657737732,36.5731048584,8.21805858612
2025-06-23,13.0526037216,2.90460705757,45.8134002686,24.3600006104,10.4579257965,17.8315696716,4.91854715347,4.84291744232,49.843132019,10.2299318314,10.4716272354,35.1010971069,8.05109977722
2025-06-24,13.061794281,2.94302773476,45.2503318787,23.7700004578,10.4763383865,17.8864364624,4.86415576935,4.87988567352,50.3749732971,10.366443634,11.2167987823,36.682144165,7.95834541321
2025-06-25,13.1169471741,2.90460705757,44.7896347046,22.7600002289,10.448720932,17.9504451752,4.91854715347,4.82443237305,50.2909965515,10.1104831696,11.0207014084,35.0011444092,7.67080593109
2025-06-26,13.2915945053,2.92765951157,45.0967636108,22.9099998474,10.5315723419,18.041891098,4.91854715347,4.85216093063,50.8788070679,10.2384624481,10.3147497177,37.0910377502,7.78211164474
2025-06-27,13.2180585861,2.91229176521,44.7981681824,22.5,10.5315723419,18.0053119659,5.01956033707,4.85216093063,51.0042114258,10.3237838745,9.86372375488,37.3181991577,7.90269327164
2025-06-30,13.5030097961,2.94302773476,44.5507583618,22.8999996185,10.6328372955,18.7825889587,5.0506401062,4.9260969162,51.9644203186,10.6309366226,9.9617729187,39.07188797,8.29226207733
2025-07-01,13.5949306488,2.93534421921,44.5507583618,22.6000003815,10.6512508392,19.2489509583,4.97293806076,5.02776050568,51.5596237183,10.6650657654,9.92255306244,37.3454589844,8.13457870483
2025-07-02,13.5489702225,2.93534421921,44.7555084229,22.1299991608,10.5776023865,19.0294857025,5.01178979874,4.86152124405,51.3995895386,10.3493795395,9.53035736084,35.9643135071,7.82848930359
2025-07-03,13.5122032166,2.9583966732,45.1820793152,21.9400005341,10.6696624756,19.81590271,5.02733039856,4.89870357513,53.2917709351,10.5370845795,9.7460641861,37.3091125488,7.77283620834
2025-07-04,13.6960411072,3.01218533516,46.1973114014,22.2299995422,10.6972799301,20.1908226013,5.07395124435,4.92659091949,53.3388404846,10.7589168549,9.45191860199,37.3363723755,7.85631513596
2025-07-07,13.4662427902,2.93534421921,44.7725715637,23.1399993896,10.6420440674,20.702911377,5.08172178268,4.85222673416,52.0114898682,10.6480007172,9.41269874573,36.6003646851,7.58732700348
2025-07-08,13.4110898972,2.91229176521,45.6939620972,23.6800003052,10.5131616592,21.1235523224,5.31482791901,4.88011455536,51.1548271179,10.6565332413,9.1969909668,35.1647033691,7.50384807587
2025-07-09,13.2915945053,2.90460705757,45.2417984009,22.5599994659,10.4763383865,20.7577781677,5.08949184418,4.83363580704,49.7804069519,10.6138734818,9.07933235168,33.6199989319,7.59660196304
2025-07-10,13.3927059174,2.84313392639,45.3100471497,24,10.4579257965,20.5748882294,5.07395124435,4.83363580704,49.9498558044,10.7333221436,9.13816165924,33.1565895081,7.69863271713
2025-07-11,13.2364425659,2.86618614197,43.9450302124,23,10.3750724792,20.0170783997,5.00401926041,4.85222673416,49.2814712524,10.7930459976,8.70674610138,32.4205818176,7.68935680389
2025-07-14,13.300786972,2.83544993401,44.3971939087,23,10.2738075256,19.9073486328,4.98070859909,4.74997663498,49.714515686,10.7503862381,8.72635555267,31.9753456116,7.64298009872
2025-07-15,13.2824029922,2.81239771843,44.5507583618,23.6000003815,10.3106307983,20.2822666168,5.12057304382,4.86152124405,49.4979934692,11.0063476562,8.84401512146,32.893081665,7.67080593109
2025-07-16,12.9147233963,2.83544993401,44.542224884,23.2000007629,10.2830133438,20.4102878571,5.08172178268,4.82433986664,48.500125885,10.7077255249,8.7851858139,32.9021644592,7.61515331268
2025-07-17,12.9147233963,2.83544993401,44.4995689392,23.2600002289,10.2369842529,19.9987926483,5.08172178268,4.77786254883,48.9519882202,10.6821298599,8.70674610138,33.0657234192,7.68935680389
2025-07-18,12.8411884308,2.81239771843,42.7250480652,22.6399993896,10.2830133438,19.7518920898,5.00401926041,4.68490839005,48.7731285095,10.2981872559,8.33415985107,32.4296684265,7.43892002106
2025-07-21,12.8319959641,2.78166055679,41.9316329956,22.8299999237,10.3750724792,19.5964374542,5.0506401062,4.60125017166,48.9990539551,10.204334259,8.09884262085,32.2842826843,7.3276143074
2025-07-22,12.5654287338,2.78166055679,42.2216949463,23,10.2185726166,19.5141391754,5.08172178268,4.67561388016,48.5754318237,10.0678224564,8.17728233337,32.7022628784,7.3276143074
2025-07-23,12.6205797195,2.79702925682,42.110786438,23.2199993134,10.3382482529,19.3129634857,5.16719388962,4.83363580704,49.0461273193,10.1702060699,8.25572109222,33.7290382385,7.49457216263
2025-07-24,12.5010852814,2.77397656441,41.8377876282,22.9799995422,10.2830133438,18.9288978577,5.15942335129,4.72209024429,48.6036758423,10.1190137863,8.5694770813,33.1747589111,7.22558403015
2025-07-25,12.5102767944,2.76629304886,41.7865982056,23.2600002289,10.172542572,18.6179885864,5.21381568909,4.75927257538,48.2930183411,10.1275453568,8.60869693756,33.0475502014,7.22558403015
2025-07-28,12.5010852814,2.74324035645,41.6330337524,22.9099998474,10.1633367538,18.6271343231,5.12057304382,4.74068117142,47.7658500671,9.99956512451,8.4125995636,31.9480838776,7.06790065765
2025-07-29,12.5930051804,2.84313392639,41.6330337524,23.0499992371,10.2093658447,18.6454200745,5.07395124435,4.74068117142,48.1141586304,10.2555274963,8.17728233337,32.3933258057,7.1421046257
2025-07-30,12.6481571198,2.9199757576,41.5818481445,23.7199993134,10.2461891174,18.7825889587,5.08949184418,4.88011455536,48.6789855957,10.528553009,8.33415985107,33.3655776978,7.04935073853
2025-07-31,12.6665391922,2.88155460358,42.6567955017,21.2999992371,10.2093658447,18.6454200745,5.16719388962,4.78715848923,48.8484344482,10.468829155,8.4125995636,32.4205818176,6.87311697006
2025-08-01,12.5838127136,2.88155460358,41.9742889404,21.4200000763,10.2369842529,18.4991111755,5.44692182541,4.8257522583,49.206161499,10.5712127686,8.43220996857,32.0389480591,6.85456562042
2025-08-04,12.555598259,2.86618614197,41.5391845703,21.3299999237,10.1357183456,18.2887897491,5.38476085663,4.81640100479,50.1569595337,10.4517641068,8.51064872742,32.0298614502,6.7247095108
2025-08-05,12.4709539413,2.90460705757,41.5989074707,22.0900001526,10.172542572,17.9047241211,5.51685380936,4.8257522583,49.8557167053,10.3579120636,8.60869693756,32.3569793701,6.6690568924
2025-08-06,12.555598259,2.98144888878,42.4008560181,22.1599998474,10.2093658447,18.6271343231,5.54016494751,4.90057134628,49.9216156006,10.5626802444,9.04011249542,33.6472549438,6.76181077957
2025-08-07,12.5085735321,3.01986908913,41.4880027771,22.1000003815,10.2830133438,18.4991111755,5.5945558548,4.97538900375,49.7427558899,10.5370845795,9.5891866684,34.6013412476,6.82673883438
2025-08-08,12.6026220322,3.01218533516,46.0522766113,22.2399997711,10.2645998001,18.6545658112,5.4935426712,5.00344610214,50.3734779358,10.6138734818,9.60879707336,32.1661643982,6.87311697006
2025-08-11,12.555598259,3.05829000473,48.5007781982,22.2800006866,10.1909542084,18.4076652527,5.43915176392,4.99409341812,50.2699317932,10.6224050522,9.29503917694,30.3034305573,7.01224851608
2025-08-12,12.9600095749,3.11207962036,49.7548866272,22.1299991608,10.3198366165,18.5539779663,5.56347465515,5.09696769714,51.7855567932,10.7503862381,9.51074695587,31.2029933929,7.17920684814
2025-08-13,12.9882259369,3.13513159752,46.2462005615,21.4500007629,10.1541290283,18.5174007416,5.48577213287,5.03150272369,51.7855567932,10.579744339,9.00089359283,30.0035762787,7.09572792053
2025-08-14,12.9506063461,3.15050053596,47.5408744812,21.4799995422,10.2645998001,17.9870262146,5.50131320953,4.928627491,50.2040328979,10.5370845795,8.72635555267,29.1585350037,7.18848228455
2025-08-15,12.8095312119,3.19853568077,45.9112129211,23.3600006104,10.3014259338,19.6147270203,5.51685380936,5.09696769714,49.2908859253,10.463095665,8.37337970734,29.8945407867,7.41109323502
2025-08-18,13.0070343018,3.26266598701,48.1384162903,23.3600006104,10.467130661,19.2580947876,5.56347465515,5.17178630829,49.9969291687,10.7220830917,8.35377025604,30.8940525055,7.22558403015
2025-08-19,12.7719116211,3.29473209381,47.921131134,23.3999996185,10.3346176147,18.5265445709,5.44692182541,5.09696769714,48.7731285095,10.4976263046,8.00079345703,29.4765605927,7.18848228455
2025-08-20,12.7813167572,3.28671622276,47.9663963318,22.6599998474,10.4101924896,18.572265625,5.50131320953,5.07826375961,49.5450592041,10.7479810715,8.80479431152,28.467962265,7.1421046257
2025-08-21,12.7060775757,3.28671622276,48.3738136292,22.2299995422,10.4101924896,18.1058998108,5.50131320953,4.98474121094,47.8223304749,10.5148925781,8.49103832245,28.4316158295,6.95659589767
2025-08-22,12.9035816193,3.30274796486,48.8898735046,22.7000007629,10.6274642944,18.3252067566,5.68002843857,5.18113803864,48.0388450623,10.7738790512,8.84401512146,30.0762672424,7.17920684814
2025-08-25,12.94120121,3.33481407166,49.4330940247,22.7999992371,10.6274642944,18.2693386078,5.67225790024,5.17178630829,48.5283699036,10.6789169312,9.05972194672,30.3942966461,7.2905125618
2025-08-26,13.0728702545,3.41497755051,49.1162147522,22.7999992371,10.7219305038,18.2507133484,5.69556856155,5.10632038116,48.0011940002,10.7911462784,9.21660041809,30.7123222351,7.36471605301
2025-08-27,13.1669187546,3.51919078827,49.7137565613,22.8400001526,10.7597169876,18.2414016724,5.81083154678,5.17178630829,48.4624671936,11.1105632782,9.54996681213,31.3665504456,7.60587787628
2025-08-28,13.3362083435,3.55927276611,50.4108924866,23.6599998474,10.8636302948,18.6976699829,5.85057783127,5.20919466019,49.7050933838,11.369550705,10.1970901489,31.784526825,7.76356077194
2025-08-29,13.260969162,3.63141989708,51.2528839111,24.9300003052,10.8636302948,18.5300617218,5.88237333298,5.33077287674,48.7166442871,11.1450958252,10.1774806976,31.5391921997,8.21805858612
2025-09-01,13.4020423889,3.55927276611,50.7006111145,24.25,10.8163967133,18.3903884888,5.89827156067,5.26613998413,48.7825393677,11.3436527252,10.1774806976,31.5664558411,7.42036914825
2025-09-02,13.1857290268,3.55125594139,52.0133934021,23.6100006104,10.703037262,18.3158950806,5.90622186661,5.17210197449,48.4436416626,11.4127168655,9.88333320618,30.7032356262,7.25341081619
2025-09-03,13.1198940277,3.47109246254,53.4167137146,23.4400005341,10.7502708435,18.734916687,5.93801784515,5.16269731522,47.7658500671,11.4558811188,9.9617729187,30.5305919647,7.49457216263
2025-09-04,13.260969162,3.55927276611,54.3220825195,23.9400005341,10.8636302948,19.1632499695,5.88237333298,5.26613998413,48.4248085022,11.904791832,10.6088953018,30.194393158,7.44819450378
2025-09-05,13.3362083435,3.63141989708,54.2315444946,23.5499992371,10.9675426483,19.1818733215,5.98571300507,5.38838911057,47.9635353088,12.569527626,11.3736782074,29.8672790527,7.42036914825
2025-09-08,13.3268032074,3.60737109184,52.0677146912,22.7299995422,10.9392032623,19.0608215332,5.96186542511,5.16269731522,47.1162910461,12.5608940125,11.2952384949,29.2857437134,7.10500335693
2025-09-09,13.4960918427,3.57530498505,54.4940986633,23.75,10.9675426483,19.3029232025,6.0572552681,5.07806301117,47.1068763733,12.6040592194,11.393286705,28.5679111481,6.86384153366
2025-09-10,13.4020423889,3.59133815765,54.3582992554,24.7399997711,10.8919696808,19.5543365479,6.12879705429,5.14389038086,47.6058120728,12.7335519791,11.5501651764,28.9131984711,7.01224851608
2025-09-11,13.0728702545,3.63141989708,55.3451499939,25.0499992371,10.9769897461,19.6567630768,6.200340271,5.20031309128,47.4646034241,12.940741539,11.8639221191,29.9399738312,7.03079938889
2025-09-12,13.1104898453,3.63141989708,56.8933258057,25.7099990845,10.9014167786,19.7219467163,6.28778076172,5.18150568008,47.1445388794,12.9321088791,11.7266540527,29.5946865082,6.98442220688
2025-09-15,13.1010847092,3.61538696289,56.4044265747,26.0599994659,11.0053291321,20.3923797607,6.36727237701,5.17210197449,47.3516387939,13.0184383392,11.6482143402,30.3942966461,6.91021823883
2025-09-16,13.2421579361,3.64745330811,55.8249931335,27.5200004578,11.0525627136,20.3085746765,6.39906835556,5.22852373123,47.5964012146,13.2169952393,11.5697755814,30.3579483032,6.93804454803
2025-09-17,13.3173971176,3.67951822281,56.82995224,26.9200000763,11.0714559555,20.494808197,6.5421538353,5.66110038757,47.9164657593,13.3551225662,11.7462625504,30.7032356262,6.43717050552
2025-09-18,13.4866876602,3.66348528862,57.1468276978,26.5499992371,11.0903491974,20.3644447327,6.68523836136,5.76454257965,48.1800498962,13.3119573593,11.5501651764,29.6673774719,6.30731344223
2025-09-19,13.5619268417,3.71960020065,57.173992157,22.1399993896,11.1848154068,20.9696979523,6.44676399231,5.95261764526,48.6601600647,13.1565647125,11.6482143402,29.2584857941,6.89166736603
2025-09-22,13.5525217056,3.60737109184,57.3097953796,21.1200008392,11.1659212112,21.3607845306,6.35932302475,5.83977222443,48.2177085876,13.0270709991,10.530456543,28.6224308014,6.84529018402
2025-09-23,13.8158597946,3.60737109184,57.2373695374,19.7000007629,11.3643007278,21.491147995,6.42291641235,5.89619588852,48.057674408,13.0357046127,11.0207014084,29.0131492615,6.98442220688
2025-09-24,13.8064546585,3.70356750488,57.9435539246,19.7199993134,11.2792806625,21.4632110596,6.45471286774,5.90559959412,48.1894683838,12.8716783524,11.3736782074,28.6769485474,6.99369764328
2025-09-25,13.4772815704,3.63943600655,56.1328163147,19.6700000763,11.3170671463,21.1373081207,6.1844420433,5.83977222443,47.1633605957,12.6126909256,10.7265539169,28.0863285065,7.1235537529
2025-09-26,13.8064546585,3.63943600655,56.8208961487,19.2999992371,11.3359613419,21.7053127289,6.11289978027,5.90559959412,46.4913978577,12.8112487793,10.9226522446,27.913684845,7.1606554985
2025-09-29,13.8911008835,3.71158337593,56.1328163147,19.4099998474,11.5626802444,21.9753494263,6.03340816498,6.06546401978,47.2240715027,12.7249193192,10.4324083328,28.2135372162,7.271961689
2025-09-30,14.2108669281,3.71158337593,54.5031547546,19.4200000763,11.4587678909,21.5470161438,5.96981430054,6.08427095413,47.4429206848,12.8803119659,9.78528404236,27.3957557678,7.3368897438
2025-10-01,14.2672977448,3.64745330811,55.182182312,19.4200000763,11.5154476166,21.3049144745,5.77108573914,6.1138176918,46.7197608948,12.7767162323,9.84411430359,26.8505649567,7.10500335693
2025-10-02,14.0886030197,3.57530498505,55.8612098694,18.8700008392,11.4493207932,20.485496521,5.86647558212,6.00042438507,46.4913978577,12.4141340256,9.45191860199,25.4694213867,7.04935073853
2025-10-03,14.1732473373,3.57530498505,56.0332260132,18.2000007629,11.4304275513,20.2992630005,6.03340816498,5.98152494431,45.682598114,12.4918308258,9.39308834076,24.7970218658,7.10500335693
2025-10-06,14.2578926086,3.52720713615,58.1155776978,17.8799991608,11.3548555374,19.6474533081,5.99366188049,5.8964805603,44.7310829163,12.137881279,9.13816165924,24.1155357361,6.90094280243
2025-10-07,14.2484874725,3.58332204819,57.8530197144,17.5100002289,11.2981748581,19.8057498932,5.86647558212,5.754737854,43.8651924133,11.939324379,8.80479431152,22.7434749603,6.80818891525
2025-10-08,14.0791978836,3.56728887558,58.3962364197,17.5599994659,11.3359613419,19.8243732452,5.80288219452,5.7925362587,43.3704071045,11.8270959854,8.74596595764,22.9433784485,6.81746387482
2025-10-09,14.0415782928,3.50315761566,57.9616584778,16.8099994659,11.3076219559,19.7778148651,5.73928880692,5.754737854,44.1221046448,11.6630716324,8.76557540894,22.8161659241,6.77108669281
2025-10-10,14.0321741104,3.4470436573,57.9435539246,16.5799999237,11.2698354721,19.7498779297,5.73133993149,5.62244510651,44.0935630798,11.5853738785,8.49103832245,22.5799179077,6.7339849472
2025-10-13,14.0227689743,3.47910881042,55.7887763977,15.8900003433,11.2792806625,20.1130313873,5.81083154678,5.66969203949,44.4075622559,11.6026391983,8.45181846619,22.4072742462,6.86384153366
2025-10-14,14.0133638382,3.45505976677,56.359161377,15.3000001907,11.2320489883,19.8336830139,5.7154417038,5.59409666061,44.3504676819,11.5163116455,8.43220996857,22.716217041,6.60412788391
2025-10-15,13.7688350677,3.49514174461,56.82995224,15.3299999237,11.3265142441,19.8336830139,5.73133993149,5.76418781281,44.4170799255,11.6630716324,8.47142887115,22.7798194885,6.55775117874
2025-10-16,13.8346700668,3.50315761566,55.3179855347,15.4600000381,11.3454084396,19.7685031891,5.80288219452,5.63189458847,44.1125946045,11.6803359985,8.29494094849,22.2528038025,6.60412788391
2025-10-17,13.8911008835,3.49514174461,56.1328163147,15.6700000763,11.3926410675,19.8336830139,5.73133993149,5.66969203949,44.0840454102,11.7493991852,8.21650123596,22.5617446899,6.48354721069
2025-10-20,14.1074142456,3.62340426445,55.2727165222,15.7600002289,11.4398736954,20.2527046204,5.83467912674,5.78308582306,44.9023513794,11.8443622589,8.27533054352,23.1251068115,6.58557748795
2025-10-21,14.0697946548,3.62340426445,54.5936927795,15.6499996185,11.3926410675,20.0385398865,6.00161123276,5.73583936691,44.7501144409,11.7493991852,8.31455039978,23.2886638641,6.21455860138
2025-10-22,13.966340065,3.60737109184,54.6661224365,15.7100000381,11.4209823608,20.1782131195,5.82672977448,5.77363681793,44.9309005737,11.7752981186,8.54986858368,23.7248153687,6.34441566467
2025-10-23,13.8158597946,3.68753457069,55.2274513245,15.2600002289,11.5437870026,20.4110031128,5.96186542511,5.82088470459,45.0831451416,11.9134254456,8.66752719879,25.0423545837,6.45572042465
2025-10-24,13.8064546585,3.695551157,55.2908248901,15.029999733,11.4871082306,20.7648410797,5.96981430054,5.86813163757,44.7976913452,12.2846403122,9.02050304413,25.4785079956,6.61340379715
2025-10-27,14.050983429,3.77571439743,55.526222229,16,11.6665945053,20.494808197,6.00956058502,5.94372701645,45.2829627991,12.5522603989,9.13816165924,26.0691280365,6.59485292435
2025-10-28,14.1074142456,3.78373169899,55.4628448486,18.5,11.7610607147,20.5041179657,6.049305439,5.94372701645,45.6730880737,12.5436267853,8.90284442902,25.8328800201,6.76181077957
2025-10-29,14.0603885651,3.84786200523,54.9467849731,17.0499992371,11.7138271332,20.8393344879,6.00161123276,6.1138176918,45.5969619751,12.5954256058,8.90284442902,25.5421142578,7.26268577576
2025-10-30,14.2484874725,3.82381296158,54.5936927795,17.3799991608,11.8555259705,21.4166545868,6.0572552681,6.19886302948,46.2059402466,12.8285140991,9.04011249542,26.032781601,7.53167438507
2025-10-31,14.0791978836,3.86389493942,54.2315444946,17.8700008392,11.9216518402,21.8356781006,5.42132282257,6.25703620911,45.7206611633,12.9062108994,9.05972194672,26.0872993469,7.79138708115
2025-11-03,14.2014636993,4.13645172119,53.8331832886,17.5499992371,11.9688854218,21.3235378265,5.14310264587,6.26653146744,45.7016296387,12.9493751526,9.05972194672,25.6693229675,7.55785799026
2025-11-04,14.3455915451,4.14446926117,53.7788619995,17.5599994659,12.2050523758,21.7425613403,5.20669555664,6.36147785187,46.415271759,13.1997289658,9.27542972565,25.7874469757,7.66190910339
2025-11-05,14.4128522873,4.16050052643,53.5977897644,17.8299999237,12.4223241806,21.8822345734,5.23054361343,6.52288913727,46.5580062866,13.372387886,9.98138237,26.423500061,7.87946939468
2025-11-06,14.5569801331,4.29677915573,52.8191719055,17.2399997711,12.6112585068,21.9753494263,5.07156038284,6.44693088531,47.2145576477,13.9594259262,9.54996681213,25.6238899231,7.60515356064
2025-11-07,14.816411972,4.32082843781,52.6924209595,18.25,12.6868305206,22.3105659485,5.06361103058,6.54187822342,47.1860084534,13.9680595398,9.5891866684,26.1236476898,7.60515356064
2025-11-10,14.8356275558,4.29677915573,52.03150177,18.7700004578,12.7057228088,22.3943710327,5.22259378433,6.56086778641,47.4714660645,13.9766921997,9.53035736084,25.5875453949,7.7564997673
2025-11-11,14.8260202408,4.37694358826,52.3755378723,20.2999992371,13.3197555542,22.5806026459,5.16694927216,6.72227859497,43.8461647034,14.2874774933,10.6481151581,26.1236476898,7.80379629135
2025-11-12,14.5089378357,4.30479574203,52.6018829346,20.8799991608,14.0943784714,22.506111145,5.07156038284,6.7792468071,43.5797348022,14.0716533661,10.3343582153,26.8596515656,7.69974565506
2025-11-13,14.768368721,4.34487819672,54.2315444946,21.7900009155,13.8959989548,23.1858558655,5.07950925827,6.72227859497,44.245803833,14.1579828262,10.0402116776,26.6960964203,7.81325483322
2025-11-14,14.8836708069,4.31281232834,51.4249038696,24.3999996185,13.999912262,23.0648059845,5.13515377045,6.92166757584,44.264831543,14.3717813492,10.530456543,27.0232105255,7.80379629135
2025-11-17,15.0566263199,4.21661567688,51.2800445557,25.6000003815,14.2824621201,22.496799469,5.0318145752,6.66531085968,43.8651924133,14.3089056015,10.1970901489,26.3871555328,7.81325483322
2025-11-18,15.1623191833,4.35289430618,49.7952423096,23.5400009155,14.2149095535,23.1206741333,5.48491621017,6.8836889267,43.6844062805,14.2460289001,10.3539686203,27.5502243042,7.56731748581
2025-11-19,15.0950603485,4.27273035049,49.5598487854,21.5100002289,13.7034425735,23.1113624573,5.52466154099,6.79823684692,43.0659141541,14.1921348572,10.3147497177,27.0141239166,7.53893995285
2025-11-21,15.1142759323,4.24066495895,48.2108459473,20.7000007629,13.4911355972,23.1672325134,5.54056024551,6.80773067474,43.484588623,14.6771821976,10.2755289078,27.6229171753,7.5200214386
2025-11-24,15.4121437073,4.23264932632,48.7450141907,20.7999992371,13.7806444168,23.2696609497,5.46106863022,7.01661539078,44.245803833,14.7310762405,10.6481151581,26.9502925873,7.41597080231
2025-11-25,15.373708725,4.36091041565,47.5680389404,20.1200008392,13.8481969833,23.6421222687,5.31759309769,6.89318466187,44.3314437866,14.6771821976,10.9814815521,26.669462204,7.44434833527
2025-11-26,15.6427488327,4.45710754395,47.4865531921,20.0499992371,13.7323932648,24.4708557129,5.35346078873,7.09257268906,45.2068405151,15.0235729218,12.1972885132,27.3434524536,7.47272586823
2025-11-27,15.7484416962,4.49718856812,49.0890541077,19.6100006104,13.8578472137,24.8246955872,5.2817234993,7.06408929825,45.1973266602,14.8633480072,12.1776790619,26.7069072723,7.66190910339
2025-11-28,15.556271553,4.51322174072,49.641330719,19.3299999237,13.7709951401,25.1599140167,5.4251999855,7.28246879578,44.9023513794,15.4382762909,12.5110454559,27.1094284058,7.73758220673
2025-12-01,15.2680149078,4.48917293549,50.1483345032,18.3600006104,13.6551904678,24.7688274384,5.41623258591,7.25507640839,45.425693512,15.4571266174,12.8051919937,26.3605499268,7.57651376724
2025-12-02,15.508228302,4.47313976288,49.0800018311,18.4300003052,13.5297374725,24.9457473755,5.46106863022,7.37901306152,45.7206611633,15.419426918,13.5111436844,27.0064582825,8.08804988861
2025-12-03,15.5178365707,4.46512365341,54.7747650146,19.2099990845,13.3849830627,24.7595157623,5.35346078873,7.5124835968,45.739692688,15.1743745804,13.5307540894,26.669462204,8.54167556763
2025-12-04,15.5850963593,4.5372710228,56.974811554,20.0599994659,13.4911355972,25.5696220398,5.47003602982,7.71268987656,46.2344894409,15.5231018066,14.2955360413,26.6881847382,8.94704341888
2025-12-05,15.2680149078,4.20058250427,56.3320007324,19.4899997711,13.2209272385,23.744550705,5.29069042206,7.35041284561,44.997505188,14.655995369,12.8051919937,24.0296630859,8.34864234924
2025-12-08,15.6619644165,4.32884550095,55.3499984741,19.5300006866,13.1823263168,24.1170139313,5.29069042206,7.32181119919,45.7206611633,14.7313957214,12.6679239273,23.9173297882,8.56097793579
2025-12-09,15.7004003525,4.35289430618,54.1599998474,19.5100002289,13.1340742111,23.8376674652,5.29965782166,7.21694231033,46.2344894409,14.6182956696,12.3737764359,23.9641361237,8.65749454498
2025-12-10,15.6043138504,4.36091041565,54.1100006104,19.6200008392,13.3849830627,23.6421222687,5.29965782166,7.29321098328,45.8919372559,14.5711698532,12.2757282257,23.3743934631,8.6864490509
2025-12-11,15.5274448395,4.41702508926,53.3600006104,19.6499996185,13.4042835236,23.884223938,5.35346078873,7.47434997559,46.4343032837,14.750246048,12.0011901855,23.2714233398,8.57063007355
2025-12-12,15.7484416962,4.51597356796,53.8300018311,19.8600006104,13.3270807266,24.0634651184,5.29069042206,7.53155136108,47.0432815552,14.9858732224,12.0600204468,23.74883461,8.37759780884
2025-12-15,15.854136467,4.64523172379,53.9599990845,20.2000007629,13.5779876709,24.3811340332,5.30862522125,7.59828615189,47.205039978,15.3440265656,11.9423618317,23.1778125763,8.34864234924
2025-12-16,15.556271553,4.58868169785,56.1199989319,19.6299991608,13.2209272385,23.6564502716,5.16514825821,7.38854694366,46.7958831787,14.8821973801,11.1383600235,22.5880699158,8.30038547516
2025-12-17,15.3640995026,4.59675979614,55.75,19.5499992371,12.8445653915,23.2295818329,5.18308353424,7.19787454605,44.7310829163,14.7219705582,10.3931884766,22.4663772583,8.20386886597
2025-12-18,15.1527118683,4.70986127853,55.0800018311,19.5599994659,12.9603691101,23.289144516,5.09341096878,7.33134508133,45.2163543701,14.5617446899,10.0598220825,22.8408164978,8.65749454498
2025-12-19,15.2968397141,4.60483932495,55.7000007629,19.5400009155,13.0761728287,22.8324966431,5.2010178566,7.39808177948,44.2267723083,14.5523195267,10.0402116776,23.2152557373,8.51272010803
2025-12-22,15.3256654739,4.46750116348,56.9799995422,19.2700004578,12.7673625946,22.3361377716,5.47003602982,7.34087848663,44.245803833,14.4203681946,9.76567459106,23.3999996185,8.36794662476
2025-12-23,15.6235313416,4.58868169785,58.0600013733,19.5300006866,13.027920723,22.7332229614,5.55970859528,7.57921886444,45.4637565613,14.9198970795,10.1774806976,23.8199996948,8.73470783234
2025-12-26,15.8829631805,4.63715314865,58.8100013733,20.0100002289,13.2016267776,22.683588028,5.59288835526,7.60782003403,45.5874481201,14.9293231964,10.2363090515,24.4599990845,8.82157230377
2025-12-29,15.9310045242,4.60483932495,58.7000007629,19.9400005341,13.114774704,22.3857727051,5.62247991562,7.50295066833,45.7487411499,14.8350715637,10.1578702927,24.8199996948,8.7540102005
2025-12-30,15.9694414139,4.96000003815,57.8800010681,19.9799995422,13.4139328003,22.5446071625,5.66193580627,7.560151577,46.5378417969,15.0612735748,10.1774806976,25.1599998474,8.81192016602
2026-01-02,15.892572403,4.88999986649,58.8699989319,19.6399993896,13.4428844452,21.8397789001,5.47452020645,7.47434997559,46.3165092468,14.8350715637,10.2363090515,25.3899993896,8.47999954224
2026-01-05,15.9142942429,4.88999986649,59.6100006104,19.1000003815,13.4911355972,21.9886856079,5.59288835526,7.50295066833,46.508972168,15.1932258606,10.3147497177,25.0599994659,8.60000038147
2026-01-06,16.0124702454,4.94000005722,60.8400001526,19.1700000763,13.4042835236,22.2865028381,5.54356813431,7.55061864853,48.1160507202,15.2592010498,10.667725563,25.1599998474,8.30000019073
2026-01-07,15.855389595,4.92999982834,59.3899993896,18.6200008392,13.2016267776,22.048248291,5.50411176682,7.53155136108,47.7792396545,15.5042533875,10.4324083328,25,8.23999977112
2026-01-08,15.698307991,4.90000009537,59,18.6399993896,12.9700183868,22.0581760406,5.47452020645,7.67455530167,45.6043891907,15.6739034653,10.6088953018,24.7099990845,8.10000038147
2026-01-09,15.8848428726,4.92999982834,58.1500015259,19,12.7384119034,22.048248291,5.51397609711,7.79849243164,45.6621322632,15.7304544449,10.5500669479,23.6900005341,8.21000003815
2026-01-12,16.0713768005,4.82000017166,57.8100013733,19.7800006866,12.6612091064,21.7007980347,5.62247991562,8.00823116302,45.3060760498,15.7775793076,10.883433342,23.6599998474,8.21000003815
2026-01-13,15.7277612686,4.80000019073,57.6899986267,19.2900009155,12.6419086456,21.0654582977,5.46465587616,7.95102977753,44.7479286194,15.7870044708,10.7069444656,23.6700000763,8.17000007629
2026-01-14,15.7964839935,4.86999988556,59,19.4400005341,12.5936565399,21.2143669128,5.44492816925,7.89382696152,45.3060760498,16.050907135,10.883433342,24.1599998474,8.25
2026-01-15,15.8063020706,4.88000011444,58.2299995422,19.6200008392,12.7384119034,21.7305793762,5.44492816925,8.08450031281,44.2667617798,15.8812561035,11.7658729553,23.8199996948,8.26000022888
2026-01-16,15.8652067184,4.88999986649,56.0400009155,19.6100006104,12.5743560791,21.9092693329,5.4251999855,8.03683185577,44.2667617798,15.3157510757,10.4716272354,23.5900001526,8.10000038147
2026-01-19,15.9241123199,4.94999980927,57.8800010681,19.2800006866,12.7480621338,22.852350235,5.48438405991,8.17030239105,44.478477478,15.1083993912,10.5892858505,23.7600002289,8
2026-01-20,16.0910110474,4.94000005722,57.2400016785,19.3099994659,12.7384119034,22.8920574188,5.47452020645,8.36097621918,44.411113739,15.1178255081,10.4716272354,23.9500007629,8.10999965668
2026-01-21,16.3757209778,5.03999996185,58.3400001526,19.6399993896,13.0182704926,23.6663780212,5.67180013657,8.69588184357,45.3926811218,15.4948282242,11.4717264175,24.75,8.23999977112
2026-01-22,17.0531349182,5.11000013351,58.2999992371,20,13.3463811874,24.6293125153,5.81976032257,8.72470760345,46.7687950134,16.0320568085,12.0208005905,24.9200000763,8.5
2026-01-23,16.7291545868,5.07999992371,61.4500007629,20.4699993134,13.6069402695,25.9496269226,5.95785617828,9.11866378784,46.4993476868,16.2959594727,12.0600204468,25.4300003052,8.77000045776
2026-01-26,16.8862361908,5.15999984741,60.5999984741,19.7399997711,13.7613449097,26.0786819458,5.95785617828,9.27240180969,46.6918144226,16.3807830811,12.0404100418,25.75,8.82999992371
2026-01-27,16.9549598694,5.19000005722,59.5099983215,19.5200004578,14.0798044205,25.8007202148,6.0663599968,9.3588809967,47.4616737366,16.5692863464,12.7659730911,26.7600002289,8.89999961853
2026-01-28,17.2789382935,5.34000015259,61.4099998474,19.0300006866,13.8867988586,25.7907924652,6.13540792465,9.15709877014,47.9909477234,16.965139389,13.1189489365,27.3999996185,9.19999980927
2026-01-29,16.9549598694,5.26999998093,60.2000007629,18.7199993134,13.5683393478,24.2421550751,6.03676795959,9.25318527222,47.6926269531,16.7012367249,13.3542661667,27.0400009155,9.31000041962
2026-01-30,16.994228363,5.32999992371,60.1300010681,18.6700000763,13.4525346756,24.6094608307,5.91839981079,9.24210071564,48.3470077515,16.8614635468,13.1189489365,26.7399997711,9.18000030518
2026-02-02,17.5734653473,5.13999986649,60.5900001526,18.8700008392,13.5007867813,24.7087306976,6.01703977585,9.46468448639,49.8097343445,16.776638031,13.1385583878,26.1900005341,9.02000045776
2026-02-03,17.9367160797,5.17999982834,61,19.2900009155,13.4525346756,24.3910617828,6.05649614334,9.62920093536,49.8001098633,17.2000007629,13.3346567154,26.4099998474,9.10999965668
2026-02-04,17.5341968536,4.98000001907,60.0099983215,18.9200000763,13.2112760544,22.6935157776,5.77044010162,9.1743555069,50.5507164001,16.7999992371,12.9032411575,25.4500007629,8.55000019073
2026-02-05,17.6912765503,5.05999994278,61.1699981689,18.8799991608,13.2788286209,22.6041717529,5.74084806442,9.42597293854,48.6645698547,17.2999992371,13.1385583878,24.7099990845,8.5
2026-02-06,17.8483581543,5.13999986649,61.2000007629,18.8199996948,13.2305774689,23.021112442,5.87894392014,9.4356508255,50.204284668,17.3299999237,13.5503635406,24.8199996948,8.52999973297
2026-02-09,17.9563522339,5.32000017166,61.8499984741,18.9500007629,13.3849830627,23.4281272888,5.97758388519,9.39694023132,50.8586616516,17.8299999237,13.5699739456,25.6800003052,8.78999996185
2026-02-10,18.0937976837,5.26000022888,61,18.6800003052,13.3849830627,23.3884162903,5.95785617828,9.36790752411,50.8394203186,17.7900009155,13.4523153305,25.8500003815,8.65999984741
2026-02-11,18.1625213623,5.34999990463,62.5,19.0699996948,14.0412034988,23.9244842529,6.03676795959,9.35823059082,51.0415077209,18.0699996948,13.7464618683,25.7399997711,8.64999961853
2026-02-12,17.9367160797,5.26000022888,61.9000015259,18.9200000763,13.9447002411,24.1428813934,5.86908006668,9.20339012146,49.8578529358,18.0599994659,13.1777772903,25.0200004578,8.47999954224
2026-02-13,17.7010955811,5.17999982834,60.5999984741,18.7999992371,13.8578472137,23.8947029114,5.86908006668,9.33887386322,49.0783691406,18.1700000763,12.8640213013,24.4799995422,8.5
2026-02-18,17.3672981262,5.25,62.9500007629,18.5300006866,13.7806444168,23.8549957275,6.11567974091,9.33887386322,49.2997016907,18.1700000763,12.8934354782,24.7399997711,8.80000019073
2026-02-19,17.4752902985,5.34999990463,63.9099998474,18.7600002289,14.1666584015,24.9271297455,6.26363992691,9.61952495575,49.9637031555,18.6800003052,13.3444604874,25.4200000763,8.69999980927
2026-02-20,17.6225547791,5.32000017166,63.5800018311,18.7999992371,14.2342100143,24.8179302216,6.30309581757,9.76468849182,49.8963432312,18.9400005341,13.9621696472,26.1399993896,9.14999961853
2026-02-23,17.7207298279,5.21000003815,63.3899993896,19.5300006866,14.3886146545,24.4208431244,6.2143201828,9.63888072968,49.9155883789,18.7999992371,13.3248519897,26.1800003052,9.14999961853
2026-02-24,18.0250759125,5.32000017166,63.2999992371,20.4400005341,14.3403625488,24.6392402649,6.40173578262,9.80339813232,50.5892105103,18.7700004578,13.8347053528,26.5200004578,9.10999965668
2026-02-25,17.8483581543,5.23000001907,65.1299972534,20.2999992371,14.099105835,23.6961612701,6.31296014786,9.76468849182,50.6084594727,18.7199993134,12.8149967194,26.2299995422,9.30000019073
2026-02-26,18.2017917633,5.25,64.9599990845,20.2399997711,14.0798044205,24.0138301849,6.45105600357,9.75501060486,50.7624359131,18.6000003815,12.7953872681,26.5200004578,9.15999984741
2026-02-27,17.465473175,5.28000020981,65.0999984741,20.6800003052,14.0798044205,24.0237579346,6.43132781982,9.66589832306,50.3582572937,18.4099998474,12.4031906128,26.1700000763,8.94999980927
2026-03-02,17.6421890259,5.32000017166,63.9500007629,20.5200004578,14.0508546829,24.3116436005,6.24391174316,9.52948474884,49.8578529358,18.4099998474,12.4164276123,26.4400005341,9.10999965668
2026-03-03,17.2593040466,5.34000015259,63.4900016785,19.5400009155,13.4139328003,23.2792186737,6.16499996185,9.07152271271,48.7223129272,17.7600002289,11.2142181396,25.1200008392,9.06999969482
2026-03-04,17.3574790955,5.34000015259,64.8000030518,19.4799995422,13.713092804,24.3116436005,6.24391174316,9.20793628693,49.0495033264,18.2700004578,11.6566314697,25.5100002289,9.05000019073
2026-03-05,17.190580368,5.26000022888,65.8000030518,18.3799991608,13.587638855,23.7457962036,6.01703977585,8.7986946106,47.721496582,17.7600002289,11.3777179718,25.0400009155,8.86999988556
2026-03-06,17.2887573242,5.25,64.8899993896,18.0699996948,13.7034425735,23.2494373322,5.91839981079,8.74023246765,47.3750610352,17.5,10.887216568,24.5400009155,8.67000007629
2026-03-09,17.3378448486,5.34999990463,65.1800003052,17.6599998474,13.5683393478,23.7457962036,5.82962369919,8.87664604187,48.0775566101,17.5,11.1180419922,25.8600006104,8.35000038147
2026-03-10,17.5636482239,5.46999979019,65.5199966431,17.2000007629,13.5683393478,24.073392868,5.83948802948,8.94485378265,48.1160507202,17.5300006866,11.5604534149,27.5200004578,8.44999980927
2026-03-11,17.7207298279,5.65000009537,64.9499969482,16.4699993134,13.6262397766,24.1528091431,5.77044010162,8.87664604187,47.7118759155,17.2900009155,11.3638725281,27.9300003052,8.40999984741
2026-03-12,17.7796363831,5.38000011444,64,16.9899997711,13.3946323395,23.1402378082,5.57316017151,8.63304805756,47.0959854126,15.7600002289,10.9618721008,27.4899997711,8.18000030518
2026-03-13,17.8090877533,5.36000013351,63.3499984741,16.8999996185,13.3656826019,22.1872291565,5.44492816925,8.37971019745,47.4520492554,15.3100004196,10.6187000275,27.5200004578,8.10000038147
2026-03-16,18.0152568817,5.5,62.8699989319,16.8299999237,13.5200872421,22.6736602783,5.50411176682,8.69151306152,45.5562744141,15.3199996948,10.8147983551,28.0400009155,8.40999984741
2026-03-17,18.0054397583,5.46000003815,63,16.6200008392,13.4814863205,22.8225688934,5.55343198776,8.61356258392,46.19140625,15.0200004578,10.716750145,28,8.39999961853
2026-03-18,17.7207298279,5.34999990463,61,17.0300006866,13.2595281601,22.3361377716,5.48438405991,8.67202472687,45.8545951843,14.8400001526,10.667725563,27.1100006104,7.90000009537
2026-03-19,17.7698173523,5.76000022888,60.9300003052,17.0599994659,13.3753318787,22.8027133942,5.46465587616,8.57458686829,46.6725654602,14.279999733,10.530456543,27.5,7.5
2026-03-20,17.033498764,5.65999984741,57.8499984741,16.6000003815,13.0182704926,23.7259407043,5.37587976456,8.12637042999,45.6621322632,13.6899995804,10.1088466644,26.6200008392,7.38999986649
2026-03-23,17.4065666199,6.09000015259,60.0099983215,18.9799995422,13.4139328003,24.3612804413,5.73098421097,8.67202472687,47.3173217773,14.3299999237,11.030506134,27.5799999237,7.63000011444
2026-03-24,17.2985744476,6.48000001907,57.4799995422,19.6200008392,13.3656826019,24.4704780579,5.69152784348,8.4284286499,47.1537284851,13.9300003052,11.0010919571,26.7999992371,7.40999984741
2026-03-25,17.4458370209,6.69999980927,60.2000007629,19.75,13.4428844452,25.4631958008,5.77044010162,8.70125770569,47.8850860596,14.2299995422,11.2560186386,26.2600002289,7.57999992371
2026-03-26,17.190580368,6.63000011444,58.0999984741,20.5799999237,13.2691793442,25.2150173187,5.63234424591,8.36996555328,47.2788314819,13.7600002289,10.893237114,25.1100006104,7.34000015259
2026-03-27,17.1022224426,6.67000007629,58.7200012207,21.8299999237,13.1919765472,25.0561828613,5.55343198776,8.31150245667,46.893901825,13.6199998856,10.4618225098,24.3700008392,7.34999990463
2026-03-30,17.1022224426,6.53999996185,60.1800003052,22.3299999237,13.2209272385,24.8774929047,5.58302402496,8.43817329407,47.5771522522,13.720000267,10.5892858505,24.9300003052,7.65999984741
2026-03-31,18.0152568817,7.01000022888,59.7000007629,21.6399993896,13.6069402695,26.6544570923,5.73098421097,9.1047744751,49.1459236145,14.2600002289,11.2756280899,25.7000007629,8.27000045776
2026-04-01,18.0152568817,7.03000020981,60.2000007629,20.7900009155,13.6455411911,26.9522724152,5.81976032257,9.50746631622,49.369846344,14.3299999237,11.5991897583,25.4500007629,8.34000015259
2026-04-02,18.123249054,6.86000013351,58.75,20.7900009155,13.5779876709,27.1607437134,5.80989599228,9.76283168793,50.0532035828,14.3199996948,11.2364091873,25.1599998474,8.60000038147
2026-04-06,18.4374141693,6.82000017166,61,20.5100002289,13.7034425735,26.8033638,5.78030395508,10.5583953857,49.7560920715,14.3800001144,11.0697259903,24,8.27999973297
2026-04-07,18.4865016937,6.92999982834,60.0200004578,20.0599994659,13.5972890854,26.4658412933,5.76057624817,11.2753829956,49.8452262878,13.8500003815,11.1481647491,23.1499996185,8.18000030518
2026-04-08,18.8792037964,7.19000005722,60.8499984741,19.8099994659,14.0605039597,27.4089221954,5.87894392014,11.697719574,51.2515487671,14.5,11.2952384949,23.1000003815,8.39999961853
2026-04-09,19.0559196472,7.69000005722,61.2200012207,19.25,14.2342100143,28.1633872986,6.05649614334,12.3263130188,51.9150924683,14.9399995804,11.5501651764,23.3400001526,8.44999980927
2026-04-10,19.2522735596,7.44999980927,62.5,19.8299999237,14.3789634705,27.9549160004,6.19459247589,12.3164901733,52.7172927856,15.1300001144,11.2854337692,20.7999992371,8.39000034332
2026-04-13,19.4289894104,7.34999990463,63.7700004578,21,14.3789634705,27.9946250916,6.25377607346,12.3950643539,53.1035346985,15.2899999619,11.3442621231,21.5300006866,8.25
2026-04-14,19.3995361328,7.05000019073,62.3199996948,21.8700008392,14.4272155762,27.7365188599,6.47078418732,12.8272228241,51.855670929,15.4099998474,11.1971893311,22.1399993896,8.32999992371
2026-04-15,18.5159549713,7.09999990463,61.2400016785,19.6000003815,14.3596639633,27.7464466095,6.3326883316,12.9156169891,53.2619934082,15.3199996948,11.0893354416,22.7099990845,8.06999969482
2026-04-16,18.5355873108,7.17999982834,60.4599990845,19.6499996185,14.1280565262,27.4684848785,6.41160011292,13.0236577988,53.1728591919,15,10.9716758728,22.2199993134,8.06000041962
2026-04-17,18.5748596191,7.11999988556,60.2700004578,19.6100006104,14.2052593231,27.3890686035,6.50037622452,13.5736761093,53.7868919373,15.3400001526,12.1188488007,22.1200008392,7.96999979019
2026-04-20,18.6828536987,7.13000011444,61.0999984741,19.5699996948,14.4272155762,27.3592853546,6.63847208023,13.8486852646,54.8762931824,15.0900001526,12.5992898941,21.8700008392,8.07999992371
2026-04-22,18.3883247375,7.01000022888,61.0999984741,18.6900005341,14.3307132721,27.0713977814,6.50037622452,13.9370803833,53.4996833801,14.6899995804,12.3933868408,21.4300003052,7.94999980927
2026-04-23,18.1821556091,7.01000022888,59.8499984741,18.2800006866,14.0894556046,26.1680259705,6.24391174316,13.3870620728,50.9049186707,14.4499998093,11.8541173935,21.9300003052,7.65000009537
2026-04-24,18.0250759125,6.90000009537,59.7099990845,18.1000003815,14.0412034988,26.2871513367,6.16499996185,13.1906280518,51.3802947998,14.0100002289,11.393286705,22.1499996185,8
2026-04-27,17.8974456787,6.78999996185,59,18.1599998474,13.7613449097,26.1481704712,6.17999982834,12.7486476898,51.0435714722,13.2899999619,10.9814815521,21.8999996185,7.84999990463
2026-04-28,17.8287220001,6.73000001907,59.4900016785,18.0900001526,13.6937913895,25.9794101715,6.15999984741,12.5914993286,50.6276130676,13.3199996948,11.0108957291,21.5,7.98999977112
2026-04-29,17.4163837433,6.67000007629,60.1500015259,17.3899993896,13.5393867493,25.3539981842,6.19999980927,12.5227470398,49.0232200623,13,10.6383104324,21.1499996185,7.57000017166
2026-04-30,17.7600002289,6.84999990463,60.0499992371,17.4300003052,13.7888813019,26.0091915131,6.44000005722,12.393535614,49.3104286194,13.0500001907,10.8049936295,21.6200008392,7.94000005722
2026-05-04,17.5200004578,6.86999988556,59,18,13.4338035583,26.2573699951,6.19999980927,11.6825113297,48.9241828918,12.5799999237,10.5402612686,21.8500003815,7.67000007629
2026-05-05,17.3899993896,6.88000011444,59.0699996948,17.6499996185,13.4140777588,26.723947525,5.92000007629,12.038022995,48.7063026428,12.5799999237,10.6481151581,22.7299995422,7.69000005722
2026-05-06,17.6000003815,7.03000020981,60.0099983215,17.7900009155,13.6310691833,26.8430747986,6.01000022888,12.5219144821,49.1321601868,12.6700000763,10.9128475189,22.3500003815,7.61999988556
2026-05-07,17.5200004578,6.76000022888,59.4199981689,17.0100002289,13.3055810928,25.8007202148,6.01000022888,11.9590206146,49.8155136108,11.9600000381,10.3931884766,22.3199996948,7.15000009537
2026-05-08,17.7099990845,6.88999986649,59.8100013733,17.2600002289,13.3154439926,25.8702106476,6,11.188744545,50.994052887,12.0100002289,10.3049440384,20.3999996185,7.17000007629
2026-05-11,17.4099998474,6.67000007629,60,16.8400001526,13.4436674118,24.7682952881,5.92000007629,11.1492443085,50.3503112793,11.7299995422,9.91274738312,20.0599994659,6.94999980927
2026-05-12,17.2800006866,6.67000007629,60.8499984741,16.8899993896,13.1199998856,24.8774929047,5.88999986649,11.0011138916,49.5778274536,11.9200000763,10.0304059982,19.3999996185,7.05999994278
2026-05-13,17.3799991608,6.36999988556,58.6500015259,16.9300003052,12.75,24.8179302216,5.71000003815,10.665353775,47.864490509,11.6800003052,9.38328361511,18.5,6.78999996185
2026-05-14,17.5400009155,6.51000022888,60.5600013733,17.4200000763,12.7600002289,25.0263996124,5.90999984741,10.5962247849,48.2309265137,11.7899999619,9.30484485626,18.8500003815,6.75
2026-05-15,17.3899993896,6.42999982834,59.4000015259,17.4200000763,12.75,25.6518135071,5.94999980927,10.5468492508,47.4584350586,11.5,9.06952762604,19.0499992371,6.69999980927
2026-05-18,17.6200008392,6.48999977112,58.5,16.8099994659,12.8000001907,25.0400009155,5.78999996185,10.4085941315,48.2309265137,11.3699998856,8.85381889343,19.3400001526,6.57999992371
2026-05-19,17.5300006866,6.42000007629,57.2700004578,16.5,12.6999998093,24.0400009155,5.73000001907,10.0432071686,47.1811332703,11.2899999619,8.59889316559,18.7800006866,6.44999980927
2026-05-20,17.9400005341,6.65000009537,58.1500015259,17.6700000763,12.779999733,25.0200004578,5.90999984741,10.6159763336,48.7459182739,11.6999998093,9.23621082306,19.6000003815,6.34999990463
2026-05-21,17.7700004578,6.48000001907,58.4500007629,17.2999992371,12.8000001907,24.9799995422,5.86999988556,10.665353775,48.9836044312,11.75,9.09894180298,19.9500007629,6.34999990463
2026-05-22,17.4799995422,6.40000009537,58.5,16.6000003815,12.8199996948,24.7700004578,5.90999984741,10.4283456802,48.696395874,11.5100002289,8.96167373657,20.7199993134,6.46999979019
2026-05-25,17.6200008392,6.53000020981,58.5,16.2399997711,13.1000003815,25.6900005341,6.07000017166,10.665353775,48.7657241821,12.1099996567,9.29503917694,20.8899993896,6.78000020981
2026-05-26,17.6200008392,6.51000022888,58.4900016785,16.3600006104,12.9899997711,25.6000003815,6.03999996185,10.6554775238,48.4190940857,11.8900003433,9.03030776978,20.5,6.5
2026-05-27,17.4599990845,6.53999996185,58.5800018311,16.2900009155,13.0900001526,24.5,6.05000019073,10.7147302628,48.072467804,11.6999998093,8.99108791351,20.6499996185,6.51999998093
2026-05-28,17.4400005341,6.57000017166,58.7900009155,16.2900009155,13,24.3500003815,6.07999992371,10.8332338333,47.8149681091,11.6999998093,8.9420633316,19.8500003815,6.75
2026-05-29,17.7099990845,6.65999984741,58.5699996948,16.0100002289,13.0100002289,24.0300006866,5.96999979019,11.1603469849,47.8446846008,11.720000267,8.74596595764,19.3099994659,7.05000019073
2026-06-01,17.4500007629,6.36000013351,59.3400001526,15.8299999237,13.029999733,24.6800003052,5.92000007629,11.1702852249,47.5376663208,11.3800001144,8.90284442902,18.7800006866,6.86000013351
2026-06-02,17.7600002289,6.32000017166,59.1800003052,15.8500003815,13.1000003815,24.8099994659,5.82999992371,11.0709066391,48.2705421448,11.529999733,8.88323497772,18.9899997711,7
2026-06-03,17.4500007629,6.32999992371,57.5,15.779999733,12.9799995422,23.7299995422,5.73000001907,10.8920221329,47.6961250305,10.9300003052,8.60869693756,17.3799991608,6.71000003815
2026-06-05,17.5699996948,6.23999977112,57.3699989319,15.7600002289,12.8199996948,23.3099994659,5.65999984741,11.2299137115,47.3494987488,10.6400003433,8.48999977112,17.1299991608,6.67999982834
2026-06-08,17.6900005341,6.11000013351,57,15.529999733,12.8699998856,23.5200004578,5.71999979019,11.0311546326,47.4188232422,10.6700000763,8.31999969482,17.1000003815,6.5
2026-06-09,17.9599990845,6.07000017166,58,15.4799995422,12.9399995804,23.5,5.80999994278,11.5280532837,48.1913108826,11.1499996185,8.56000041962,17.2399997711,6.34000015259
2026-06-10,18.3500003815,5.96000003815,58.1500015259,15.8999996185,12.9799995422,23.6700000763,5.69000005722,11.259727478,48.01304245,10.9300003052,8.11999988556,16.8500003815,6.28000020981
2026-06-11,18.6399993896,6.07000017166,59.7999992371,16,13.1499996185,24.3400001526,5.71000003815,10.8622083664,49.0331230164,11.2299995422,8.43999958038,17.5100002289,6.53999996185
2026-06-12,18.6000003815,6.09999990463,60.0800018311,15.9899997711,13.1199998856,24.75,5.78999996185,10.8423318863,50.0036849976,11.1000003815,8.56000041962,17.1900005341,6.59999990463
2026-06-15,18.7000007629,6.03000020981,60,15.779999733,13.4799995422,24,5.73999977112,10.7628288269,49.4688873291,10.9300003052,8.30000019073,17.4400005341,6.46999979019
2026-06-16,18.7299995422,5.90000009537,60,15.9600000381,13.3199996948,23.5200004578,5.63999986649,10.7926425934,50.073009491,10.9399995804,8.06999969482,17.4500007629,6.53000020981
2026-06-17,19.0100002289,5.80999994278,58.4599990845,15.5,12.8900003433,23.2900009155,5.63999986649,10.4845657349,51.0534744263,10.6499996185,7.61999988556,16.6000003815,6.40000009537
2026-06-18,19.3299999237,5.73000001907,58.7599983215,15.4499998093,13.1800003052,23.6100006104,5.76999998093,10.4050617218,51.9745140076,10.7100000381,7.40000009537,16.2099990845,6.44999980927
2026-06-19,19.6399993896,5.69999980927,59.5800018311,15.279999733,12.9200000763,23.2099990845,5.73000001907,10.5740070343,51.9943237305,10.75,7.48000001907,17.5599994659,6.53999996185
2026-06-22,19.4400005341,5.73999977112,59.1599998474,15.2899999619,13.220000267,23.1499996185,5.65000009537,10.782705307,52.7271957397,10.8999996185,7.5,19.3999996185,6.30999994278
2026-06-23,19.4300003052,5.82000017166,58.5,16.7999992371,13.2600002289,23.2000007629,5.55000019073,10.6833248138,52.1899986267,10.9499998093,7.76999998093,20.1000003815,6.15999984741
2026-06-24,19.4099998474,5.80000019073,58,16.1399993896,13.1000003815,23.0799999237,5.55999994278,10.7131385803,52.3800010681,11.2100000381,7.65000009537,19.3099994659,6.42000007629
2026-06-25,19.3799991608,5.78999996185,57.9099998474,16.6499996185,13.2700004578,23.1800003052,5.46999979019,10.981464386,52.5999984741,11.3000001907,7.86999988556,19.7999992371,6.55999994278
2026-06-26,19.6200008392,5.86999988556,58.3499984741,17.1000003815,13.1800003052,23.5100002289,5.5,11.2796039581,53.2599983215,11.9399995804,8.06999969482,18.9899997711,6.59000015259
2026-06-29,19.7099990845,5.78000020981,58.1800003052,17.7000007629,13.2399997711,23.2399997711,5.55999994278,11.3591079712,53.2999992371,11.5699996948,7.98999977112,18.3799991608,6.71000003815
2026-06-30,19.7099990845,5.63000011444,57.7400016785,18.0300006866,13.1800003052,23.5499992371,5.63999986649,11.259727478,52.9199981689,11.4799995422,7.80000019073,17.8799991608,6.80000019073
2026-07-01,19.8600006104,5.59999990463,56.4000015259,18,13.1000003815,24.1399993896,5.53000020981,11.0808439255,52.9700012207,11.3400001526,7.75,17.0499992371,6.69999980927
2026-07-02,20.1599998474,5.71000003815,58,16.9400005341,13.3999996185,23.8500003815,5.55000019073,11.0100002289,53.4599990845,11.4600000381,7.88000011444,17.3400001526,6.71000003815
2026-07-03,20.5300006866,5.75,59.7000007629,16.7800006866,13.529999733,23.9300003052,5.55999994278,11.0200004578,54.1899986267,11.6000003815,7.96000003815,17.1399993896,6.71999979019
2026-07-06,20.5799999237,5.73999977112,58.1699981689,16.4099998474,13.3699998856,23.3099994659,5.38000011444,10.6400003433,53.4000015259,11.2100000381,7.76000022888,17.4500007629,6.80000019073
2026-07-07,20.8899993896,5.86000013351,58.0099983215,15.7299995422,13.3699998856,22.8400001526,5.21999979019,10.3999996185,51.5,10.8800001144,7.71000003815,18.0799999237,6.73000001907
2026-07-08,21.1100006104,5.96000003815,58.3600006104,15.3800001144,13.1499996185,22.9400005341,5.13999986649,10.3500003815,52.5,10.3999996185,7.53000020981,17.8999996185,6.67000007629
2026-07-09,21.5900001526,5.80000019073,58.8100013733,15.4099998474,13.3100004196,23.3799991608,5.23999977112,10.720000267,53.3499984741,10.720000267,7.82000017166,18.4599990845,6.78000020981
2026-07-10,22.0499992371,5.90000009537,59.9500007629,15.5500001907,13.6599998474,23.8700008392,5.40999984741,11.1499996185,54.9700012207,11.3400001526,8.18000030518,19.1000003815,6.90000009537
2026-07-13,21.7700004578,5.86000013351,59.1199989319,15.720000267,13.6700000763,23.2999992371,5.21999979019,10.7299995422,54.0400009155,11.1099996567,7.92999982834,19.2199993134,6.61999988556
2026-07-14,22.1100006104,5.88000011444,59.4799995422,16.0900001526,13.6300001144,23.5400009155,5.19999980927,10.7100000381,54.2900009155,11.2899999619,8.06000041962,18.8500003815,6.86000013351
2026-07-15,22.1599998474,5.71000003815,57.7700004578,15.3999996185,13.5200004578,23.9899997711,5,10.7700004578,55.2200012207,11.0699996948,7.71000003815,18.6599998474,6.76000022888
2026-07-16,22.2999992371,5.61999988556,58.5900001526,15.2899999619,13.529999733,23.9899997711,4.90000009537,11.0399999619,55.2200012207,10.9399995804,7.55999994278,18.5300006866,6.88000011444
2026-07-17,22.0599994659,5.59000015259,58.4000015259,15.029999733,13.6499996185,24.0300006866,4.84000015259,10.9300003052,55.1399993896,11.0600004196,7.53999996185,18.5900001526,6.76999998093
2026-07-20,22.2800006866,5.59999990463,57.7400016785,14.5200004578,13.5799999237,23.3899993896,4.76999998093,10.75,54.2000007629,10.720000267,7.55000019073,18.1700000763,6.84999990463
2026-07-21,22.3299999237,5.59999990463,57.75,15.1099996567,13.6300001144,23.2999992371,4.67999982834,11.029999733,53.4799995422,10.1499996185,7.25,17.4799995422,6.76000022888
