date,VULC3,ISAE4,BBDC3,FLRY3,POMO4,ITSA3,BBAS3,CMIG4,TAEE3,UNIP6
2016-07-21,0.804295957088,7.15804100037,8.48041915894,8.79322433472,1.33359920979,2.72765564919,5.68424606323,1.7579407692,4.06546640396,1.17700374126
2016-07-22,0.810082137585,7.21486663818,8.49472141266,8.83690166473,1.3467168808,2.75489640236,5.59199666977,1.75019729137,4.06546640396,1.18443012238
2016-07-25,0.810082137585,7.21486663818,8.43751335144,8.80778408051,1.35546183586,2.67998123169,5.7792096138,1.69405090809,4.06546640396,1.16029524803
2016-07-26,0.873731613159,7.17334032059,8.40891265869,8.8514585495,1.35546183586,2.69700741768,5.81719589233,1.74632465839,4.06546640396,1.14915657043
2016-07-27,0.89687693119,7.33835744858,8.44037818909,8.92424964905,1.29861962795,2.71403408051,5.82804632187,1.7618124485,4.06546640396,1.15658247471
2016-07-28,0.86794501543,7.40939044952,8.19725704193,9.02324867249,1.32048201561,2.70381879807,5.60827445984,1.75600504875,4.06546640396,1.15472602844
2016-07-29,0.86215865612,7.54053163528,8.3545665741,9.09021759033,1.3467168808,2.77192521095,5.71138000488,1.7598773241,4.06546640396,1.15658247471
2016-08-01,0.86215865612,7.34709978104,8.43751335144,9.09894943237,1.44291055202,2.71743822098,5.61370372772,1.75019729137,4.06546640396,1.13430500031
2016-08-02,0.86794501543,7.35802745819,8.31653308868,9.14262485504,1.41667592525,2.73787164688,5.48075437546,1.7076035738,4.06546640396,1.12873542309
2016-08-03,0.885303914547,7.21049642563,8.38807964325,9.58317375183,1.49538004398,2.82300376892,5.56757688522,1.7908539772,4.06546640396,1.13801789284
2016-08-04,1.65488255024,7.40392780304,8.554063797,9.84986019135,1.46477293968,2.81959843636,5.71680498123,1.87216842175,4.06546640396,1.15101325512
2016-08-05,2.14093232155,7.24000263214,8.53402805328,9.96415519714,1.47351861,2.826410532,5.75750350952,1.81021440029,4.06546640396,1.16215181351
2016-08-08,1.64909648895,7.21923923492,8.51400184631,10.1165494919,1.45602822304,2.79576206207,5.74393606186,1.845064044,4.06546640396,1.15101325512
2016-08-09,1.50443851948,7.10121202469,8.54834079742,10.3744449615,1.53473246098,2.81959843636,5.8063416481,1.81215107441,4.06546640396,1.16029524803
2016-08-10,1.55072951317,7.02253007889,8.29935932159,10.3685827255,1.48663532734,2.79576206207,5.66254043579,1.80634236336,4.06546640396,1.14915657043
2016-08-11,1.72431755066,7.14383459091,8.49969100952,10.2923870087,1.52161502838,2.83322024345,5.9827041626,1.87023258209,4.06546640396,1.15101325512
2016-08-12,1.62016427517,7.12744045258,8.53117179871,10.4975318909,1.51287007332,2.84343600273,6.15092515945,1.85861587524,4.06546640396,1.17886018753
2016-08-15,1.6085922718,7.25092935562,8.66281700134,10.482875824,1.53910493851,2.92559981346,6.28929853439,1.89733755589,4.06546640396,1.17886018753
2016-08-16,1.59701931477,7.26185798645,8.55120182037,10.667509079,1.54784977436,2.91872382164,6.142786026,1.84699964523,4.06546640396,1.17329072952
2016-08-17,1.57966017723,7.3984618187,8.60271549225,10.7642192841,1.50412487984,2.95310378075,6.17534685135,1.81602287292,4.06546640396,1.18443012238
2016-08-18,1.53337037563,7.20284748077,8.59413528442,11.151061058,1.53473246098,2.95654082298,6.16720342636,1.78698205948,4.14247608185,1.17329072952
2016-08-19,1.44657576084,7.19082546234,8.53117179871,10.9664316177,1.53473246098,2.95310378075,6.29472446442,1.81989502907,4.14247608185,1.18814229965
2016-08-22,1.35978114605,6.97116756439,8.31080818176,10.9312648773,1.50412487984,2.87059569359,6.05324697495,1.74245250225,4.14247608185,1.18999910355
2016-08-23,1.73589062691,6.99411678314,8.19347381592,10.8433465958,1.5522223711,2.88434672356,6.16518068314,1.74438881874,4.14247608185,1.18999910355
2016-08-24,1.62016427517,7.00067234039,8.18489074707,10.825761795,1.47351861,2.87059569359,6.10238361359,1.7076035738,4.14247608185,1.2215590477
2016-08-25,1.59701931477,7.23453807831,8.19919586182,10.9166135788,1.41667592525,2.85684418678,6.12695550919,1.71534776688,4.14247608185,1.23826754093
2016-08-26,1.52179729939,7.34272956848,8.22495174408,10.992811203,1.43416619301,2.87747073174,6.25255489349,1.7076035738,4.14247608185,1.26054501534
2016-08-29,1.51022517681,7.5077457428,8.4453163147,11.0103883743,1.43853855133,2.8946595192,6.50375127792,1.74245250225,4.14247608185,1.28467917442
2016-08-30,1.45814800262,7.46403312683,8.47393894196,11.2038125992,1.42542123795,2.91184806824,6.47917747498,1.72696423531,4.14247608185,1.28096616268
2016-08-31,1.48129355907,7.34382295609,8.32797527313,11.2038125992,1.40793097019,2.86715698242,6.3371963501,1.69405090809,4.14247608185,1.28096616268
2016-09-01,1.52179729939,7.40392780304,8.34801101685,10.9635028839,1.42542123795,2.91020774841,6.24163484573,1.76568555832,4.14247608185,1.28096616268
2016-09-02,1.54494297504,7.42578315735,8.57917404175,11.1364116669,1.42542123795,2.92053961754,6.47644710541,1.85667979717,4.14247608185,1.25868856907
2016-09-05,1.50443851948,7.41267251968,8.62785243988,11.4265422821,1.39918649197,2.89643192291,6.41364908218,1.86635994911,4.14247608185,1.23084127903
2016-09-06,1.46972084045,7.59189414978,8.68226242065,11.716676712,1.42979359627,2.94809150696,6.55835771561,1.88378500938,4.14247608185,1.22898495197
2016-09-08,1.41764390469,7.44217824936,8.67653083801,11.6053113937,1.41230332851,2.91020774841,6.58839082718,1.85474407673,4.14247608185,1.27725350857
2016-09-09,1.36556768417,7.19847726822,8.21836566925,11.6873664856,1.37295198441,2.77588963509,6.23617315292,1.71728396416,4.14247608185,1.25126290321
2016-09-12,1.35978114605,7.26950740814,8.22695922852,11.6785774231,1.35983383656,2.85510182381,6.26621055603,1.72115576267,4.14247608185,1.22712862492
2016-09-13,1.27298653126,7.20394182205,7.96064853668,11.6639251709,1.39044141769,2.81721973419,6.04290056229,1.62241697311,4.14247608185,1.23455417156
2016-09-14,1.33663570881,7.24327945709,7.95491743088,11.6287527084,1.33797192574,2.79999804497,6.02093648911,1.63209688663,4.14247608185,1.25311911106
2016-09-15,1.33084928989,7.21268320084,8.06087207794,11.0484905243,1.35983383656,2.86199140549,6.12526512146,1.65532982349,4.14247608185,1.25311911106
2016-09-16,1.3019182682,7.16350507736,7.84610319138,11.0953807831,1.35108911991,2.76211357117,6.02093648911,1.62048089504,4.14247608185,1.23084127903
2016-09-19,1.27298653126,7.08372735977,7.92915153503,11.0484905243,1.36420619488,2.79655432701,6.04290056229,1.64371347427,4.14247608185,1.22527229786
2016-09-20,1.24984133244,7.10339689255,8.04369258881,10.9312648773,1.36857867241,2.79655432701,6.20763254166,1.67081880569,4.14247608185,1.22712862492
2016-09-21,1.29034554958,7.16459655762,8.17827510834,11.2829437256,1.3467168808,2.85510182381,6.40805387497,1.70373141766,4.14247608185,1.24197995663
2016-09-22,1.24984133244,7.23453807831,8.23268604279,11.576002121,1.39481377602,2.87920975685,6.43825626373,1.7598773241,4.14247608185,1.24197995663
2016-09-23,1.27298653126,7.16459655762,8.23268604279,11.2829437256,1.42104899883,2.85510182381,6.30098295212,1.7250276804,4.14247608185,1.27354037762
2016-09-26,1.28455889225,7.23016881943,8.17254734039,11.2301874161,1.39918649197,2.82755088806,6.22959518433,1.7192196846,4.14247608185,1.27168393135
2016-09-27,1.26141369343,7.22798204422,8.20977306366,11.3796520233,1.39044141769,2.82755088806,6.28176164627,1.7192196846,4.14247608185,1.25868856907
2016-09-28,1.28455889225,7.40501928329,8.25845718384,11.576002121,1.36857867241,2.90331888199,6.39981794357,1.74245250225,4.14247608185,1.26240158081
2016-09-29,1.29613173008,7.27825069427,8.1066904068,11.3239707947,1.39918649197,2.81377482414,6.2131228447,1.69985997677,4.14247608185,1.26054501534
2016-09-30,1.27298653126,7.21268320084,8.11814212799,11.2389802933,1.36857867241,2.84477090836,6.25979661942,1.66113817692,4.14247608185,1.26240158081
2016-10-03,1.22090935707,7.18317747116,8.30258274078,11.5173950195,1.41230332851,2.8585486412,6.40805387497,1.70373141766,4.14247608185,1.23826754093
2016-10-04,1.26141369343,7.21923923492,8.39242839813,11.5173950195,1.49100804329,2.77244544029,6.42452859879,1.67469036579,4.14247608185,1.24940609932
2016-10-05,1.19197845459,7.19410181046,8.51817035675,11.2126064301,1.53036022186,2.81033086777,6.57003879547,1.72889995575,4.14247608185,1.23269844055
2016-10-06,1.23826885223,7.20612668991,8.55618286133,11.5203227997,1.53036022186,2.85165977478,6.77595758438,1.70179545879,4.14247608185,1.23269844055
2016-10-07,1.26141369343,7.23672485352,8.68777275085,11.31224823,1.49100804329,2.8585486412,6.94068861008,1.71728396416,4.14247608185,1.22898495197
2016-10-10,1.21512341499,7.33835744858,8.73748207092,11.4851560593,1.53036022186,2.90676355362,6.98735952377,1.71534776688,4.14247608185,1.23269844055
2016-10-11,1.23248231411,7.37660694122,8.74333000183,11.4880867004,1.46914613247,2.8585486412,6.82812213898,1.67469036579,4.14247608185,1.22712862492
2016-10-13,1.18619191647,7.52741718292,8.75795173645,11.722536087,1.49100804329,2.84821414948,6.94617557526,1.72889995575,4.14247608185,1.22712862492
2016-10-14,1.17461943626,7.44217824936,8.81936168671,11.6463394165,1.49100804329,2.87576723099,7.12738037109,1.74245250225,4.14247608185,1.24012386799
2016-10-17,1.21512341499,7.44764184952,8.91293334961,11.8104572296,1.53036022186,2.89298605919,7.54470205307,1.74245250225,4.14247608185,1.25126290321
2016-10-18,1.19197845459,7.43124866486,9.13517379761,11.8690662384,1.53910493851,2.91020774841,7.70120096207,1.73277211189,4.14247608185,1.26982736588
2016-10-19,1.19197845459,7.51320934296,9.07376766205,11.6639251709,1.49100804329,2.93775868416,7.55843114853,1.73083615303,4.14247608185,1.26240158081
2016-10-20,1.19776451588,7.63888692856,9.12347602844,11.4089574814,1.49538004398,2.93431448936,7.71492099762,1.71341180801,4.14247608185,1.24940609932
2016-10-21,1.19776451588,7.79188203812,9.04452323914,11.5554895401,1.4516556263,2.965310812,7.81101846695,1.68630671501,4.14247608185,1.26797091961
2016-10-24,1.20933747292,7.8115568161,8.95387744904,11.6961612701,1.48226308823,2.93087124825,7.7478723526,1.71147584915,4.14247608185,1.25126290321
2016-10-25,1.41764390469,7.74598407745,8.91878509521,11.4265422821,1.48663532734,2.88954353333,7.56392335892,1.75406861305,4.14247608185,1.25497555733
2016-10-26,1.35978114605,7.68259716034,8.90416145325,11.367931366,1.48663532734,2.91365098953,7.50626277924,1.78504574299,4.14247608185,1.26982736588
2016-10-27,1.38871228695,7.74160909653,9.03575134277,11.576002121,1.44291055202,2.94120287895,7.89063692093,1.83538305759,4.14247608185,1.25311911106
2016-10-28,1.35978114605,7.62139940262,9.00651359558,12.0155992508,1.41230332851,2.94809150696,7.76708841324,1.8760406971,4.14247608185,1.25311911106
2016-10-31,1.31349074841,7.5689458847,9.27846336365,12.3819284439,1.42542123795,3.05141210556,8.04164123535,1.88765716553,4.14247608185,1.24754965305
2016-11-01,1.22669577599,7.42578315735,9.05037403107,12.1240339279,1.40355813503,3.0376367569,7.67099714279,1.77923762798,4.14247608185,1.22527229786
2016-11-03,1.23248231411,7.29136562347,8.86524200439,12.0595598221,1.35546183586,2.96186852455,7.30584192276,1.7618124485,4.14247608185,1.20670723915
2016-11-04,1.25562775135,7.30994558334,8.81842708588,11.5789327621,1.33797192574,2.98597598076,7.37997102737,1.75019729137,4.14247608185,1.21227669716
2016-11-07,1.31927716732,7.3066649437,9.11101150513,11.6053113937,1.3467168808,3.03419423103,7.77807092667,1.83731997013,4.14247608185,1.22527229786
2016-11-08,1.33084928989,7.37114334106,9.17830562592,11.6375484467,1.32485461235,3.05141210556,7.76434326172,1.81602287292,4.14247608185,1.25311911106
2016-11-09,1.29034554958,7.26076698303,8.98520088196,11.576002121,1.31610929966,3.03419423103,7.48979282379,1.75213241577,4.14247608185,1.25497555733
2016-11-10,1.37135374546,7.03892278671,8.42344474792,11.4236106873,1.2680118084,2.90676355362,7.00932407379,1.5972481966,4.14247608185,1.25868856907
2016-11-11,1.21512341499,6.85969829559,8.1542673111,11.4294729233,1.25347900391,2.83099484444,6.52336597443,1.53335797787,4.14247608185,1.25683236122
2016-11-14,1.27298653126,6.83893632889,8.12793159485,11.4880867004,1.27184474468,2.82755088806,6.70457315445,1.58563220501,4.14247608185,1.25868856907
2016-11-16,1.38871228695,6.99411678314,8.29470825195,11.5730752945,1.32694268227,2.89643192291,7.1383638382,1.5836956501,4.14247608185,1.26054501534
2016-11-17,1.32506287098,6.96679639816,8.1542673111,11.9276809692,1.30857670307,2.82410764694,7.00658082962,1.55078279972,4.14247608185,1.25683236122
2016-11-18,1.41764390469,6.88592481613,8.28300189972,11.5906572342,1.30857670307,2.89987564087,7.21249389648,1.55852675438,4.14247608185,1.25868856907
2016-11-21,1.42343068123,6.97772216797,8.32981872559,11.619966507,1.29939317703,2.94464802742,7.77807092667,1.57401549816,4.14247608185,1.26054501534
2016-11-22,1.33663570881,6.96242380142,8.48488426208,11.4382648468,1.2672533989,2.96186852455,7.87726068497,1.57982373238,4.14247608185,1.25497555733
2016-11-23,1.38871228695,6.93182516098,8.54047679901,11.3093166351,1.24429535866,2.92398309708,7.84143018723,1.5972481966,4.14247608185,1.25126290321
2016-11-24,1.38292634487,6.95040416718,8.44392204285,11.3269014359,1.24888789654,2.89987564087,7.63195705414,1.57982373238,4.21702575684,1.25497555733
2016-11-25,1.44078946114,6.95477485657,8.46732616425,11.3532781601,1.2167468071,2.89298605919,7.61541938782,1.55078279972,4.21702575684,1.26054501534
2016-11-28,1.38871228695,6.97663068771,8.54632472992,11.3269014359,1.23970389366,2.94120287895,7.96545791626,1.59337592125,4.21702575684,1.25497555733
2016-11-29,1.38292634487,6.92636060715,8.367852211,11.1334781647,1.2167468071,2.87232279778,7.67605733871,1.552718997,4.21702575684,1.26054501534
2016-11-30,1.38871228695,6.90013074875,8.52584075928,11.447057724,1.21215510368,2.84132671356,7.85520982742,1.52948606014,4.21702575684,1.26054501534
2016-12-01,1.33084928989,6.85423326492,8.02845573425,10.8286943436,1.1662402153,2.75679421425,7.3370423317,1.43268334866,4.21702575684,1.24383711815
2016-12-02,1.35978114605,6.7952208519,8.07156467438,10.9312648773,1.15246605873,2.72919178009,7.48863601685,1.46753227711,4.21702575684,1.23641085625
2016-12-05,1.35978114605,6.77913093567,8.07741928101,10.7554273605,1.18460571766,2.7084903717,7.34531164169,1.44623529911,4.21702575684,1.23269844055
2016-12-06,1.33084928989,6.7425775528,8.19452571869,10.9019603729,1.12950789928,2.7981979847,7.35357999802,1.42881119251,4.21702575684,1.24012386799
2016-12-07,1.37135374546,6.75586843491,8.08034229279,10.7993860245,1.17083179951,2.81890058517,7.44178056717,1.45010745525,4.21702575684,1.25126290321
2016-12-08,1.48707985878,6.8400554657,8.13304424286,11.31224823,1.18919742107,2.82579898834,7.3866519928,1.41525900364,4.21702575684,1.24197995663
2016-12-09,1.53915584087,6.85667085648,8.22087574005,11.722536087,1.17083179951,2.78439712524,7.45280265808,1.41525900364,4.21702575684,1.25497555733
2016-12-12,1.52758395672,6.82676315308,8.1242647171,11.4646377563,1.1983808279,2.69123768806,7.09725427628,1.39589810371,4.21702575684,1.25126290321
2016-12-13,1.48129355907,6.77913093567,8.15061187744,11.777009964,1.17542314529,2.74644422531,7.16275167465,1.43461883068,4.21702575684,1.26240158081
2016-12-14,1.43500268459,6.78910112381,8.04521560669,11.4579544067,1.18460571766,2.74644422531,6.98859024048,1.38621759415,4.21702575684,1.25126290321
2016-12-15,1.38871228695,6.97630310059,8.05107021332,11.5013246536,1.2167468071,2.76024365425,7.25674295425,1.39977025986,4.21702575684,1.25683236122
2016-12-16,1.40028524399,7.00067043304,8.15646743774,11.318567276,1.17083179951,2.73264312744,7.30373764038,1.38815391064,4.21702575684,1.26054501534
2016-12-19,1.41764390469,7.18344259262,7.98958778381,10.8787059784,1.14787423611,2.7084903717,7.14063405991,1.43268334866,4.21702575684,1.26054501534
2016-12-20,1.38871228695,6.99180746078,8.05107021332,10.7826824188,1.15705740452,2.69813942909,7.25674295425,1.43849134445,4.21702575684,1.26054501534
2016-12-21,1.38871228695,7.00399303436,7.90468645096,10.7857818604,1.14787423611,2.69123768806,7.25674295425,1.4094504118,4.21702575684,1.25311911106
2016-12-22,1.44078946114,7.01617956161,7.89190101624,10.8074636459,1.21215510368,2.70503926277,7.18763113022,1.43461883068,4.21702575684,1.25311911106
2016-12-23,1.37714004517,7.04054880142,8.08106803894,10.7486085892,1.2167468071,2.78586125374,7.39220237732,1.45591592789,4.21702575684,1.25311911106
2016-12-26,1.43500268459,6.93531656265,8.24658966064,10.7764883041,1.23052108288,2.78586125374,7.50831127167,1.43268334866,4.21702575684,1.26054501534
2016-12-27,1.43500268459,7.0394411087,8.26727676392,10.7331199646,1.2672533989,2.79659032822,7.56083679199,1.4896030426,4.21702575684,1.26054501534
2016-12-28,1.43500268459,7.14356327057,8.45940685272,10.9685382843,1.29939317703,2.83235263824,7.65482664108,1.51584255695,4.21702575684,1.26797091961
2016-12-29,1.38871228695,7.18565654755,8.61310100555,11.0428791046,1.25807058811,2.87168979645,7.76540517807,1.55621099472,4.21702575684,1.27168393135
2017-01-02,1.39449894428,7.14799547195,8.51851463318,10.7486085892,1.27643620968,2.88241839409,7.61335945129,1.5582293272,4.21702575684,1.26797091961
2017-01-03,1.43500268459,7.12251710892,8.86373615265,10.6928529739,1.29480183125,2.95036673546,7.96168518066,1.59254300594,4.21702575684,1.25311911106
2017-01-04,1.45814800262,7.26652050018,8.86078071594,10.9313659668,1.34071683884,2.95751976967,7.92021608353,1.54813754559,4.21702575684,1.26611435413
2017-01-05,1.58544659615,7.27538299561,8.9110584259,11.1512956619,1.32235121727,3.01473879814,7.90086317062,1.52391636372,4.21702575684,1.27168393135
2017-01-06,1.52758395672,7.17901086807,8.97908306122,11.1512956619,1.30398511887,3.00758695602,7.98656368256,1.50373196602,4.21702575684,1.25868856907
2017-01-09,1.51601111889,7.35402774811,9.02048301697,11.1079292297,1.31775951385,3.03977322578,7.68523740768,1.52593457699,4.21702575684,1.26240158081
2017-01-10,1.48707985878,7.38393640518,9.02048301697,11.0924415588,1.31316828728,2.9539437294,7.79028511047,1.50373196602,4.21702575684,1.26054501534
2017-01-11,1.53337037563,7.3130440712,8.93175983429,11.1389036179,1.30398511887,2.97897672653,7.87321949005,1.55621099472,4.21702575684,1.25126290321
2017-01-12,1.51601111889,7.5323677063,9.1447019577,11.0738573074,1.30857670307,3.04334878922,8.072265625,1.7439249754,4.21702575684,1.2642583847
2017-01-13,1.58544659615,7.48141288757,9.09738445282,11.0893449783,1.31775951385,3.02189230919,7.86216402054,1.72575938702,4.21702575684,1.25497555733
2017-01-16,1.56230139732,7.52129173279,9.13287448883,11.3123722076,1.39581513405,3.05050110817,7.86769342422,1.73181498051,4.21702575684,1.26054501534
2017-01-17,1.56230139732,7.53126049042,9.32806873322,11.7243480682,1.37744927406,3.07553529739,7.99485826492,1.78429377079,4.21702575684,1.26611435413
2017-01-18,1.57387459278,7.36510372162,9.22751426697,11.7119579315,1.36826622486,3.08268618584,7.92851209641,1.75603592396,4.21702575684,1.26982736588
2017-01-19,1.74167728424,7.26652050018,9.28666496277,11.7088594437,1.34989964962,3.05765247345,7.93680620193,1.74190676212,4.21702575684,1.26982736588
2017-01-20,1.64330971241,7.24990510941,9.31919384003,11.6562013626,1.31316828728,3.07553529739,8.11373233795,1.73988878727,4.21702575684,1.27539682388
2017-01-23,1.63173735142,7.36621379852,9.57650375366,11.6066379547,1.34530842304,3.13275527954,8.4814043045,1.82668077946,4.21702575684,1.26611435413
2017-01-24,1.68959999084,7.31082630157,9.5587644577,11.9876422882,1.37285780907,3.12560105324,8.32106494904,1.84282875061,4.21702575684,1.27168393135
2017-01-26,1.82268571854,7.33852100372,9.72438526154,11.9969358444,1.37285780907,3.18639755249,8.84631347656,1.83071815968,4.21702575684,1.27725350857
2017-01-27,1.82268571854,7.26652050018,9.67114925385,11.8823232651,1.35449159145,3.17924427986,8.67768383026,1.80649638176,4.21702575684,1.30510044098
2017-01-30,1.83425760269,7.13580989838,9.5262298584,11.4610519409,1.32694268227,3.12202334404,8.43717384338,1.72575938702,4.21702575684,1.3088132143
2017-01-31,1.71853196621,7.27759647369,9.50552558899,11.7646150589,1.32235121727,3.13990664482,8.60027885437,1.84484624863,4.21702575684,1.29953086376
2017-02-01,1.75903606415,7.36510372162,9.47299385071,11.6840782166,1.33612561226,3.15063548088,8.64174365997,1.81457078457,4.21702575684,1.31809580326
2017-02-02,1.73589062691,7.52350616455,9.23840236664,11.4951267242,1.35908329487,3.17209196091,8.56157493591,1.84282875061,4.21702575684,1.31066966057
2017-02-03,1.73589062691,7.58443164825,9.46034240723,11.4765405655,1.37744927406,3.2364616394,8.53945827484,1.87108623981,4.21702575684,1.3088132143
2017-02-06,1.7127456665,7.45704460144,9.26799678802,11.7584199905,1.36826622486,3.14705824852,8.32659626007,1.78025686741,4.21702575684,1.32737863064
2017-02-07,1.73589062691,7.49691867828,9.31534671783,11.8327627182,1.35908329487,3.21858143806,8.40400123596,1.78025686741,4.21702575684,1.31809580326
2017-02-08,1.73589062691,7.62763118744,9.34197616577,12.2819156647,1.33612561226,3.23288822174,8.49246501923,1.80649638176,4.21702575684,1.29953086376
2017-02-09,1.68381392956,7.50467538834,9.31830787659,12.5483045578,1.34989964962,3.25434398651,8.46481800079,1.78833055496,4.21702575684,1.28839206696
2017-02-10,1.70695900917,7.49470663071,9.35084724426,12.6195497513,1.36826622486,3.30083584785,8.6196308136,1.82466232777,4.21702575684,1.36450767517
2017-02-13,1.77060866356,7.57667541504,9.33605670929,12.9324054718,1.40499794483,3.31513977051,8.67491340637,1.87915992737,4.21702575684,1.34594297409
2017-02-14,1.77060866356,7.44818210602,9.26208019257,12.9324054718,1.40040647984,3.36163067818,8.70256328583,1.89328944683,4.21702575684,1.3496556282
2017-02-15,1.75324940681,7.45482826233,9.43963336945,12.8146982193,1.41418123245,3.47249245644,8.80761146545,2.02448749542,4.21702575684,1.34779953957
2017-02-16,1.86897623539,7.49913644791,9.42187595367,12.7868185043,1.42336440086,3.46891617775,9.09235191345,2.087059021,4.21702575684,1.34594297409
2017-02-17,1.86897623539,7.50799751282,9.4337053299,12.7806215286,1.41418123245,3.51898288727,9.09788131714,2.1032063961,4.21702575684,1.35522520542
2017-02-20,1.88054835796,7.47698259354,9.46921539307,13.0253314972,1.40040647984,3.55832123756,9.24439907074,2.14761185646,4.21702575684,1.35522520542
2017-02-21,2.10042834282,7.5323677063,9.75625228882,13.2018957138,1.39581513405,3.58065629005,9.3992099762,2.27073669434,4.21702575684,1.35522520542
2017-02-22,1.90369367599,7.319688797,9.95747184753,13.2576503754,1.35449159145,3.58065629005,9.42409038544,2.22027492523,4.21702575684,1.34223020077
2017-02-23,1.85161662102,7.29088973999,9.78584671021,13.5333356857,1.31775951385,3.51948022842,9.21951580048,2.17385149002,4.21702575684,1.34223020077
2017-02-24,1.86318969727,7.40498209,9.65564441681,13.4187259674,1.2672533989,3.49788832664,9.15040969849,2.15770316124,4.21702575684,1.38307249546
2017-03-01,1.89212048054,7.39944505692,9.43963336945,13.4899673462,1.31316828728,3.47806572914,9.28863143921,2.15972208977,4.21702575684,1.392354846
2017-03-02,1.9962747097,7.45372056961,9.34407043457,13.3196029663,1.25807058811,3.48527312279,9.20173358917,2.1556854248,4.21702575684,1.43876636028
2017-03-03,2.11200070381,7.52793741226,9.47434329987,13.0098419189,1.23052108288,3.5285243988,9.64992427826,2.26266264915,4.21702575684,1.43876636028
2017-03-06,2.39552950859,7.53569078445,9.51875209808,13.0098419189,1.23970389366,3.51050329208,9.72738838196,2.24045920372,4.21702575684,1.46661376953
2017-03-07,2.16407680511,7.51685810089,9.44473743439,13.1027727127,1.26266205311,3.47806572914,9.60842418671,2.35147333145,4.21702575684,1.46661376953
2017-03-08,2.10621404648,7.32301330566,9.347032547,12.9138183594,1.21215510368,3.42760682106,9.38156223297,2.28082847595,4.21702575684,1.46661376953
2017-03-09,2.11200070381,7.14024162292,9.38551712036,12.8177938461,1.18460571766,3.42400193214,9.28473377228,2.19403553009,4.21702575684,1.38121592999
2017-03-10,2.05992388725,7.20005750656,9.46546077728,12.5761833191,1.17083179951,3.44562768936,9.32069778442,2.21018314362,4.21702575684,1.392354846
2017-03-13,2.14093232155,7.35845899582,9.57796859741,12.9788703918,1.1983808279,3.46725177765,9.42029476166,2.31716012955,4.21702575684,1.38492846489
2017-03-14,2.16986322403,7.17568826675,9.45065593719,12.9200134277,1.20756351948,3.48166942596,9.40147399902,2.22229385376,4.21702575684,1.34779953957
2017-03-15,2.25665831566,7.13027238846,9.59869194031,13.3248491287,1.21215510368,3.5285243988,9.47910785675,2.26468086243,4.21702575684,1.37193357944
2017-03-16,2.32609367371,7.16793441772,9.59277057648,13.4344520569,1.2213383913,3.52492046356,9.35157299042,2.33936285973,4.21702575684,1.3496556282
2017-03-17,2.31452131271,7.00399303436,9.3766374588,13.2653484344,1.24429535866,3.47806572914,9.09650421143,2.33734369278,4.21702575684,1.36079478264
2017-03-20,2.42446088791,7.08928823471,9.61941623688,13.1995849609,1.2672533989,3.47446131706,9.07986831665,2.20412731171,4.21702575684,1.39049816132
2017-03-21,2.36081147194,6.99291753769,9.28189373016,12.9302692413,1.2167468071,3.35191774368,8.86361503601,2.02650523186,4.21702575684,1.36450767517
2017-03-22,2.36659812927,6.98294782639,9.22564506531,13.1275558472,1.18460571766,3.38075041771,9.16304206848,1.98411893845,4.21702575684,1.33666014671
2017-03-23,2.34345293045,7.16128921509,9.28781604767,13.1526069641,1.26266205311,3.36272859573,9.16304206848,1.98411893845,4.21702575684,1.33666014671
2017-03-24,2.34345293045,7.20116472244,9.43584823608,12.7611656189,1.25807058811,3.24378967285,9.20462989807,2.06081938744,4.21702575684,1.35151195526
2017-03-27,2.36081147194,7.17790222168,9.50986671448,12.9803752899,1.23970389366,3.31587505341,9.23512744904,2.12742829323,4.21702575684,1.35708141327
2017-03-28,2.27401685715,7.20781135559,9.61941623688,13.027346611,1.23970389366,3.30866789818,9.17690753937,2.09311413765,4.21702575684,1.35893809795
2017-03-29,2.30873513222,7.3075056076,9.65198612213,13.1526069641,1.1983808279,3.3338971138,9.50960159302,2.08907699585,4.21702575684,1.38307249546
2017-03-30,2.34345293045,7.20116472244,9.60757064819,13.1995849609,1.1983808279,3.2834353447,9.44583129883,2.07091140747,4.21702575684,1.39792406559
2017-03-31,2.47653770447,7.21334838867,9.48914718628,13.2465572357,1.20297217369,3.26181316376,9.36266040802,2.08302259445,4.21702575684,1.39606750011
2017-04-03,2.4591782093,7.361784935,9.5898103714,13.0649280548,1.23970389366,3.27983283997,9.3903837204,2.06889343262,4.21702575684,1.40163695812
2017-04-04,2.42446088791,7.38615083694,9.6630525589,13.1526069641,1.21215510368,3.2870414257,9.42642688751,2.00430321693,4.21702575684,1.392354846
2017-04-05,2.48811006546,7.28202724457,9.40829753876,13.4970798492,1.18460571766,3.2834353447,9.26562309265,1.98411893845,4.21702575684,1.38121592999
2017-04-06,2.69063043594,7.09039783478,9.32239151001,13.3029232025,1.13869166374,3.22216486931,9.04936885834,1.95989704132,4.21702575684,1.392354846
2017-04-07,2.49968314171,7.29310321808,9.32831573486,13.6693201065,1.14787423611,3.22937297821,9.01055335999,1.98210000992,4.21702575684,1.392354846
2017-04-10,2.5112555027,7.06713342667,9.36386585236,13.638001442,1.1432826519,3.22576928139,9.09096050262,1.93769407272,4.21702575684,1.39049816132
2017-04-11,2.4591782093,7.07378053665,9.39644432068,13.6286096573,1.11114227772,3.27622914314,9.09927654266,1.99421072006,4.21702575684,1.392354846
2017-04-12,2.4591782093,7.08928823471,9.33423900604,13.4751634598,1.06981861591,3.26902103424,8.94956207275,1.9175106287,4.21702575684,1.39049816132
2017-04-13,2.4591782093,7.08928823471,9.07947731018,13.384346962,1.07900154591,3.17891454697,8.48378372192,1.82062578201,4.21702575684,1.392354846
2017-04-17,2.4591782093,7.06381034851,9.4349527359,14.0075292587,1.09277653694,3.25820732117,8.87747859955,1.89732670784,4.21702575684,1.392354846
2017-04-18,2.34923887253,6.93199491501,9.43791866302,14.0231866837,1.09736812115,3.25460338593,8.96342277527,1.90539979935,4.21702575684,1.37007677555
2017-04-19,2.45339226723,6.87550115585,9.28979682922,13.9355049133,1.09736812115,3.21495580673,8.63627243042,1.88521516323,4.21702575684,1.38307249546
2017-04-20,2.50546908379,6.84559392929,9.18612289429,14.1233997345,1.07441008091,3.21495580673,8.70558357239,1.9195291996,4.21702575684,1.40535032749
2017-04-24,2.54597306252,6.59968328476,9.36089420319,14.0983457565,1.08359360695,3.25820732117,8.95510578156,1.89934492111,4.21702575684,1.40163695812
2017-04-25,2.52861428261,6.71820783615,9.39052009583,14.7152671814,1.08359360695,3.27622914314,9.01055335999,1.89127087593,4.21702575684,1.40906250477
2017-04-26,2.52861428261,6.86220884323,9.42014122009,14.4240293503,1.07900154591,3.2906460762,8.90242767334,1.79640460014,4.21702575684,1.44247937202
2017-04-27,2.54597306252,6.92424201965,9.70156478882,14.802947998,1.07900154591,3.30866789818,9.02719116211,1.73181498051,4.21702575684,1.44247937202
2017-04-28,2.61540865898,6.86774778366,9.64231491089,16.4470233917,1.10195946693,3.36272859573,9.10759449005,1.79236757755,4.21702575684,1.44247937202
2017-05-02,2.62119555473,6.91316223145,9.97113609314,16.7758426666,1.14787423611,3.42039632797,9.39593315125,1.87512338161,4.21702575684,1.46957695484
2017-05-03,2.62119555473,6.86774778366,9.86916255951,16.87292099,1.17542314529,3.41679286957,9.36543178558,1.9477866888,4.21702575684,1.45984458923
2017-05-04,2.51704192162,6.66060781479,9.66701793671,17.0201034546,1.1432826519,3.35191774368,8.97173690796,1.84081029892,4.21702575684,1.45984458923
2017-05-05,2.89315152168,6.86774778366,9.715924263,17.9595756531,1.16164851189,3.42400193214,9.17967700958,1.83475482464,4.28716421127,1.50850594044
2017-05-08,3.06095504761,6.8400554657,9.65723609924,17.6933917999,1.18001437187,3.40958499908,8.94956207275,1.79842305183,4.28716421127,1.64865064621
2017-05-09,3.35026931763,6.87771701813,9.69636917114,18.0660476685,1.28561902046,3.40597867966,8.98283290863,1.81658887863,4.28716421127,1.66422259808
2017-05-10,3.37341380119,6.9486079216,9.90176677704,18.210100174,1.32235121727,3.46364688873,9.24621295929,1.79438662529,4.28716421127,1.62724041939
2017-05-11,3.10724520683,6.967441082,9.89850521088,18.288394928,1.37744927406,3.53212857246,9.53455352783,1.78631222248,4.28716421127,1.63502597809
2017-05-12,3.20561313629,7.02282428741,10.0745697021,18.351026535,1.34989964962,3.55375218391,9.81180000305,1.85292077065,4.28716421127,1.67395544052
2017-05-15,3.23454427719,7.14467191696,10.0550079346,18.2789936066,1.34071683884,3.53212857246,9.63436317444,1.82055556774,4.28716421127,1.78684926033
2017-05-16,3.14196276665,7.20116472244,10.041967392,18.2539424896,1.35449159145,3.52492046356,9.63436317444,1.81237304211,4.28716421127,1.87249386311
2017-05-17,3.095672369,7.10036325455,9.78113555908,18.116153717,1.31775951385,3.43481469154,9.37375164032,1.80214476585,3.31909632683,1.92115569115
2017-05-18,2.66169953346,6.90430355072,8.50958347321,17.5556030273,1.20297217369,3.10683059692,7.5078701973,1.43394303322,4.14886808395,1.78295660019
2017-05-19,2.89315152168,6.78467178345,8.77041912079,17.9126014709,1.27643620968,3.22216486931,7.75739431381,1.49735581875,4.14886808395,1.78684926033
2017-05-22,2.74849414825,6.7713766098,8.62043857574,17.0357589722,1.2213383913,3.08520698547,7.39697647095,1.45235335827,4.14886808395,1.75375974178
2017-05-23,2.83528876305,6.90873241425,8.70846939087,18.131811142,1.23970389366,3.13566350937,7.57087421417,1.51372039318,4.22164297104,1.80047476292
2017-05-24,2.89315152168,6.95525550842,8.77041912079,17.9814929962,1.2672533989,3.17170739174,7.70487070084,1.55054068565,4.22164297104,1.85692179203
2017-05-25,2.86421942711,6.93420982361,8.76390171051,17.9689750671,1.24429535866,3.11764287949,7.7355799675,1.53622174263,4.23008680344,1.90753078461
2017-05-26,2.80635714531,6.94528722763,8.98233985901,18.2320251465,1.2672533989,3.1104362011,8.05661487579,1.58531486988,4.23008680344,1.9951210022
2017-05-29,2.80635714531,6.94528722763,8.98233985901,18.2320251465,1.2672533989,3.1104362011,8.05661487579,1.58531486988,4.23008680344,1.9951210022
2017-05-30,2.91051030159,7.16682624817,9.03124904633,17.931394577,1.28561902046,3.13566350937,8.09570121765,1.58736050129,4.23008680344,1.86081516743
2017-05-31,2.83528876305,7.14910268784,8.81932353973,17.7779426575,1.29480183125,3.1104362011,7.9114522934,1.56281352043,4.23008680344,1.89779782295
2017-06-01,2.83528876305,7.17679452896,8.77041912079,17.9000759125,1.29939317703,3.06530451775,7.82770586014,1.5239481926,4.23008680344,1.94451272488
2017-06-02,2.86421942711,7.18572378159,8.64554405212,18.1349449158,1.29939317703,3.0689136982,7.83886909485,1.56485998631,3.37731480598,1.94451272488
2017-06-05,2.83528876305,7.14645719528,8.66185855865,17.9470500946,1.25807058811,3.0689136982,7.70487070084,1.56895065308,3.33509874344,1.93672728539
2017-06-06,2.81214332581,7.17786884308,8.74341964722,18.2226295471,1.22592961788,3.11946249008,7.98682546616,1.59758841991,3.33509874344,1.93478059769
2017-06-07,2.91629648209,7.25527954102,8.88044071198,18.2257575989,1.23511278629,3.15556550026,8.02032566071,1.56895065308,3.33509874344,1.94645988941
2017-06-08,2.83528876305,7.12401723862,8.78256893158,18.1631298065,1.21215510368,3.10501909256,7.90028333664,1.52803909779,3.33509874344,1.90947699547
2017-06-09,2.86421942711,7.09597253799,8.64228343964,17.9752388,1.18001437187,3.09418678284,7.77187204361,1.56485998631,3.33509874344,1.89195859432
2017-06-12,2.86421942711,7.14870071411,8.53135967255,17.7090511322,1.2213383913,3.0689136982,7.58762264252,1.5239481926,3.33509874344,1.94645988941
2017-06-13,2.83528876305,7.11167764664,8.52156925201,17.6808681488,1.23970389366,3.08696603775,7.67121553421,1.54031276703,3.33509874344,1.94451272488
2017-06-14,2.82950234413,7.1621632576,8.80866909027,17.6746006012,1.23970389366,3.09779763222,7.66841602325,1.58122420311,3.33509874344,1.94451272488
2017-06-15,2.82950234413,7.1621632576,8.80866909027,17.6746006012,1.23970389366,3.09779763222,7.66841602325,1.58122420311,3.33509874344,1.94451272488
2017-06-16,2.8237156868,7.12401723862,8.58355617523,17.9126014709,1.25807058811,3.195281744,7.69641399384,1.56485998631,3.37731480598,1.9620308876
2017-06-19,2.89315152168,7.12401723862,8.72710895538,18.0065498352,1.25807058811,3.1519548893,7.59562301636,1.55258631706,3.3730931282,1.92504918575
2017-06-20,2.88736581802,7.05446147919,8.64881038666,17.9595756531,1.23970389366,3.07974529266,7.27925539017,1.52803909779,3.36887121201,1.87249386311
2017-06-21,2.88157892227,7.11840963364,8.58682537079,17.4366054535,1.24429535866,3.09418678284,7.24006175995,1.51985692978,3.36887121201,1.95424556732
2017-06-22,2.92208266258,7.04885339737,8.68795681,17.0357589722,1.22592961788,3.05808353424,7.27925539017,1.61599874496,3.36887121201,1.99901401997
2017-06-23,3.03780889511,7.06007003784,8.58682537079,16.9887866974,1.23970389366,3.05808353424,7.1336684227,1.57304167747,3.29288220406,2.06324720383
2017-06-26,3.24032926559,7.13299465179,8.88044071198,17.0733413696,1.25807058811,3.12307190895,7.55083179474,1.62213540077,3.29288220406,1.98538887501
2017-06-27,3.14774918556,7.11279916763,8.79887962341,17.0482883453,1.24888789654,3.07974529266,7.30725097656,1.61599874496,3.29288220406,1.9756565094
2017-06-28,3.03780889511,7.09597253799,8.8510799408,16.7539196014,1.29939317703,3.0689136982,7.38844442368,1.69168484211,3.29288220406,1.97760260105
2017-06-29,3.26926112175,7.15543270111,8.86412620544,16.6599693298,1.28561902046,3.11585021019,7.43603801727,1.65486431122,3.29288220406,1.94451272488
2017-06-30,3.12460327148,7.23620843887,9.00441455841,16.7852363586,1.30398511887,3.11585021019,7.50323295593,1.65281879902,3.16623210907,1.94256663322
2017-07-03,3.26347470284,7.21937942505,9.09387874603,16.4407653809,1.29021012783,3.14473462105,7.60682296753,1.67327463627,3.16201066971,1.89974439144
2017-07-04,3.21139907837,7.21376895905,9.08640098572,16.1276054382,1.28561902046,3.13751339912,7.64601898193,1.66713774204,3.16201066971,1.86860096455
2017-07-05,3.23454427719,7.24742603302,9.10611343384,16.5221824646,1.30398511887,3.15917468071,7.60682296753,1.70191276073,3.16201066971,1.78879630566
2017-07-06,3.18825268745,7.46619462967,8.92543506622,16.5973415375,1.29021012783,3.16278576851,7.55642843246,1.7489606142,3.08179950714,1.86470806599
2017-07-07,3.30976510048,7.56043386459,8.96157264709,16.854133606,1.29480183125,3.13029360771,7.4556388855,1.70191276073,3.08179950714,1.92699491978
2017-07-10,3.48335456848,7.49760818481,9.09954547882,17.1297111511,1.31775951385,3.15556550026,7.53402996063,1.74282348156,3.09024381638,1.91531634331
2017-07-11,3.71480584145,7.48302221298,9.22437381744,17.2862873077,1.28102731705,3.20972251892,7.85039615631,1.76941609383,3.37731480598,1.89585185051
2017-07-12,3.76109671593,7.56155538559,9.62843132019,17.8061294556,1.32235121727,3.21333456039,8.07437610626,1.80419075489,3.3730931282,1.85692179203
2017-07-13,3.84789133072,7.662525177,9.73683452606,18.1631298065,1.34989964962,3.23138642311,8.14716815948,1.80214476585,3.46174812317,1.81410002708
2017-07-14,3.87103676796,7.662525177,9.85181713104,18.1568641663,1.36367487907,3.23138642311,8.233959198,1.84101116657,3.46174812317,1.86860096455
2017-07-17,4.16613769531,7.6490650177,9.78283405304,18.2946567535,1.35908329487,3.22777581215,8.19196605682,1.85533046722,3.16623210907,1.88417291641
2017-07-18,4.299223423,7.52004480362,9.9010925293,18.2194957733,1.44173002243,3.26749181747,8.19756317139,1.84714770317,3.18311929703,1.9756565094
2017-07-19,4.71005153656,7.52229070663,9.77297496796,18.1380767822,1.46009612083,3.22777581215,8.22555923462,1.82464635372,3.18311929703,1.9951210022
2017-07-20,5.06880140305,7.51107311249,9.68756866455,18.3197040558,1.48764514923,3.24582886696,8.29835224152,1.82055556774,3.06913423538,2.07881903648
2017-07-21,5.9888253212,7.55033922195,9.68756866455,18.6954994202,1.47846198082,3.17000818253,8.233959198,1.80214476585,3.20844984055,2.03988981247
2017-07-24,5.38126182556,7.70740556717,9.74998092651,18.6641807556,1.51519382,3.22777581215,8.14156723022,1.81646442413,3.4575252533,1.94645988941
2017-07-25,5.1498093605,7.78593635559,9.91094589233,18.7894382477,1.51060247421,3.23860478401,8.27595424652,1.8103274107,3.44908213615,2.33575129509
2017-07-26,4.86049365997,7.66477203369,9.77297496796,18.7581291199,1.49223661423,3.21333456039,8.07437610626,1.75918805599,3.33932042122,2.41944980621
2017-07-27,5.20767307281,7.7186217308,9.67442321777,18.5201244354,1.48764514923,3.21333456039,8.00438690186,1.72645962238,3.33932042122,2.54402279854
2017-07-28,5.3523311615,7.80051898956,9.77297496796,18.4762802124,1.48764514923,3.21694612503,7.99598073959,1.72645962238,3.33932042122,2.79615354538
2017-07-31,5.67057752609,7.85324811935,9.90437412262,18.8082313538,1.49682819843,3.23860478401,8.03518199921,1.74282348156,3.33932042122,2.75085949898
2017-08-01,5.42755174637,7.8296880722,9.9536485672,18.3823375702,1.52437710762,3.32525968552,8.2031621933,1.7366874218,3.37731480598,2.67536878586
2017-08-02,5.26553535461,8.01255702972,10.0579328537,18.494058609,1.54733419418,3.36136484146,8.53353023529,1.7775990963,3.33509874344,2.7596476078
2017-08-03,4.86628055573,7.97553348541,9.87386417389,18.4373264313,1.54733419418,3.36858534813,8.58952617645,1.80009961128,3.33509874344,2.8233320713
2017-08-04,4.88363838196,7.96431684494,9.94616985321,18.1536769867,1.54274332523,3.34692215919,8.64271640778,1.8103274107,3.38153672218,2.77481126785
2017-08-07,4.98779392242,8.11128520966,10.1138057709,18.494058609,1.57947540283,3.40107870102,8.77710342407,1.85328447819,3.38153672218,2.75054979324
2017-08-08,5.15559673309,8.06079864502,10.156539917,18.4814491272,1.52896869183,3.3938574791,8.77710342407,1.81646442413,3.38153672218,2.78390812874
2017-08-09,5.30604076385,8.08435726166,10.0842266083,18.3679924011,1.56110846996,3.3938574791,8.61471843719,1.76327991486,3.37731480598,2.79300689697
2017-08-10,5.21345996857,7.99012088776,10.0579328537,18.2797431946,1.53815162182,3.39746713638,8.65671825409,1.67736589909,3.35620617867,2.79907131195
2017-08-11,5.25974988937,7.95421695709,10.1631116867,18.3869037628,1.51519382,3.43357515335,8.65111446381,1.66304647923,3.20844984055,2.80210399628
2017-08-14,5.72843885422,7.86446857452,10.3307418823,18.8911685944,1.52896869183,3.47689938545,8.70431137085,1.68145692348,3.21689295769,2.94160270691
2017-08-15,5.85574007034,8.04845809937,10.396478653,18.4058055878,1.52437710762,3.49837732315,8.66231441498,1.65690934658,3.35620617867,3.44501066208
2017-08-16,5.63007307053,7.92953824997,10.2880125046,18.752494812,1.58865821362,3.53478050232,8.59232234955,1.67736589909,3.22533512115,3.33887004852
2017-08-17,5.66479206085,7.86895561218,10.1499681473,18.494058609,1.58406698704,3.43649029732,8.44113826752,1.66918349266,3.30525112152,3.20240449905
2017-08-18,5.46227073669,7.77583646774,10.5312366486,18.4751472473,1.58406698704,3.51657891273,8.51673030853,1.65486431122,3.23710250854,3.16904568672
2017-08-21,5.63007307053,7.78369092941,10.4129104614,17.8069934845,1.72181141376,3.50201702118,8.62872123718,1.62213540077,3.24561929703,3.09323143959
2017-08-22,5.67636394501,7.89812469482,10.8073387146,17.7124423981,1.74017775059,3.57482481003,9.01605224609,1.76123476028,3.24561929703,3.10536170006
2017-08-23,5.69950819016,7.93178033829,10.8467845917,18.3805999756,1.77231740952,3.61486840248,9.02168560028,1.77555286884,3.24561929703,3.34796786308
2017-08-24,5.67636394501,8.00470352173,10.8237810135,18.5949058533,1.79527580738,3.6112306118,9.05269241333,1.79396295547,3.24561929703,3.39648962021
2017-08-25,5.72265338898,7.9979724884,10.8829469681,18.5003604889,1.79986667633,3.6112306118,9.0188703537,1.75714290142,3.24561929703,3.30551218987
2017-08-28,5.74001121521,7.88241815567,10.781047821,18.4688434601,1.77690935135,3.60030770302,8.93431758881,1.72236812115,3.19024682045,3.29338216782
2017-08-29,5.65900468826,7.81173563004,10.9289674759,18.7840080261,1.76772642136,3.66583371162,8.87513160706,1.76123476028,3.20302629471,3.22059965134
2017-08-30,5.55485105515,7.79827547073,10.7251701355,19.1622123718,1.75854349136,3.65855073929,8.78494644165,1.75100624561,3.19450831413,3.15388321877
2017-08-31,5.38126182556,7.93739080429,10.600271225,19.9816493988,1.78609216213,3.59666752815,8.65247535706,1.71418571472,3.27969384193,3.12658929825
2017-09-01,5.3002538681,7.81959104538,10.810628891,19.4080429077,1.81364166737,3.6495320797,8.9878692627,1.75509750843,3.27969384193,3.16904568672
2017-09-04,5.26553535461,7.79715394974,10.6880521774,19.3828353882,1.8411911726,3.6276576519,8.97377490997,1.7489606142,3.31802821159,3.25395822525
2017-09-05,5.26553535461,7.88129663467,10.6946268082,19.4458656311,1.83659863472,3.63130283356,9.0188703537,1.74486982822,3.31802821159,3.19937181473
2017-09-06,5.09194612503,7.94861221313,10.9182500839,19.1622123718,1.85496509075,3.72245001793,9.23307132721,1.73259592056,3.31802821159,3.27518677711
2017-09-07,5.09194612503,7.94861221313,10.9182500839,19.1622123718,1.85496509075,3.72245001793,9.23307132721,1.73259592056,3.31802821159,3.27518677711
2017-09-08,4.98200654984,7.91944026947,10.9511384964,19.5088977814,1.83659863472,3.75161767006,9.20488548279,1.7366874218,3.31802821159,3.27518677711
2017-09-11,5.12666463852,7.93065786362,11.1813354492,19.2630653381,1.85955691338,3.80995130539,9.53463840485,1.78373527527,3.31802821159,3.3661634922
2017-09-12,5.06880140305,7.95982599258,11.0761013031,19.2567691803,1.85037374496,3.82818031311,9.42907142639,1.84714770317,3.30099153519,3.45714068413
2017-09-13,5.09194612503,8.00133895874,11.1813354492,18.8974704742,1.88251388073,3.82818031311,9.48839473724,1.8103274107,3.30099153519,3.62999868393
2017-09-14,5.03408384323,8.02714347839,11.1550331116,18.8407421112,2.02025938034,3.82818031311,9.4968662262,1.8103274107,3.31802821159,3.56024932861
2017-09-15,5.1498093605,8.10791873932,11.4740352631,18.1725845337,2.03403329849,3.95214056969,9.63528060913,1.82873761654,3.31802821159,3.66942214966
2017-09-18,5.06880140305,8.05070304871,11.3852405548,18.0969467163,2.02485084534,3.93391132355,9.76804637909,1.86555826664,3.4458091259,3.79072546959
2017-09-19,5.01672554016,8.08996868134,11.4806022644,17.8069934845,2.00648450851,3.90109920502,9.75674724579,1.80623686314,3.34358453751,3.70884561539
2017-09-20,5.00515174866,8.02826213837,11.3885288239,18.3427791595,2.03403329849,3.87193250656,9.81889152527,1.83487439156,3.38617801666,3.730073452
2017-09-21,5.00515174866,7.91270828247,11.279999733,18.7587966919,2.04780745506,3.84640955925,10.033572197,1.82464635372,3.23710250854,3.78162741661
2017-09-22,5.00515174866,7.93178033829,11.2832918167,18.7966194153,2.11668086052,3.82818031311,9.97142791748,1.77350795269,3.21580481529,3.77252960205
2017-09-25,5.01672554016,7.79042387009,11.1155700684,18.1725845337,2.08453989029,3.79901456833,9.83018779755,1.68554770947,3.21580481529,3.62696576118
2017-09-26,5.12666463852,7.76349592209,11.0530824661,18.5192699432,2.06617379189,3.80995130539,9.88668251038,1.64668190479,3.1135802269,3.73310613632
2017-09-27,5.08037424088,7.64008760452,10.9675807953,18.5255756378,2.06617379189,3.75526165962,9.83584117889,1.62008988857,3.12635779381,3.65425920486
2017-09-28,5.20767307281,7.60082292557,10.8195934296,18.4247188568,1.9973013401,3.75890851021,9.75392055511,1.64668190479,3.12635779381,3.66032481194
2017-09-29,5.23081827164,7.66477203369,10.9840240479,18.576002121,1.9973013401,3.82453489304,9.85843753815,1.63236343861,3.21580481529,3.60877037048
2017-10-02,5.26553535461,7.6288690567,11.1221475601,18.336473465,1.97434389591,3.80265903473,9.87256145477,1.62827169895,3.43303084373,3.72400856018
2017-10-03,5.31761264801,7.74779129028,11.6805887222,18.3112621307,2.01107621193,3.89016008377,10.2736787796,1.72236812115,3.46710515022,3.730073452
2017-10-04,5.38126182556,7.75115680695,11.516078949,18.2797431946,2.05239915848,3.90474295616,10.2256536484,1.67941129208,3.20728516579,3.730073452
2017-10-05,5.48541498184,7.84427261353,11.5391130447,18.6075191498,2.10749673843,3.98130655289,10.3923168182,1.71623194218,3.45432662964,3.68761777878
2017-10-06,5.49698829651,7.85324811935,11.4700126648,18.752494812,2.13504648209,3.93755698204,10.4516372681,1.68963897228,3.42877078056,3.730073452
2017-10-09,5.48541498184,7.688331604,11.4831781387,18.7398872375,2.11668086052,3.88651585579,10.3358240128,1.68554770947,3.25839781761,3.730073452
2017-10-10,5.375477314,7.76462125778,11.6180782318,18.6453361511,2.09831380844,3.94484949112,10.5561523438,1.70804929733,3.23710250854,3.78162741661
2017-10-11,5.5085606575,7.69506168365,11.6114931107,18.7398872375,2.06158280373,3.95943331718,10.5646286011,1.71009504795,3.30099153519,3.75736713409
2017-10-12,5.5085606575,7.69506168365,11.6114931107,18.7398872375,2.06158280373,3.95943331718,10.5646286011,1.71009504795,3.30099153519,3.75736713409
2017-10-13,5.5779967308,7.67935323715,11.4765911102,19.5088977814,2.00648450851,3.98860025406,10.5702733994,1.71418571472,3.30099153519,3.76343202591
2017-10-16,5.67057752609,7.64457798004,11.3844709396,19.2504615784,1.93302047253,3.98860025406,10.5928783417,1.68145692348,3.19450831413,3.730073452
2017-10-17,5.69950819016,7.61652946472,11.3120832443,19.1622123718,1.88710486889,3.93391132355,10.6098279953,1.66304647923,3.07524681091,3.75130105019
2017-10-18,5.69372272491,7.60082292557,11.2693080902,19.4143486023,1.9284286499,3.91203570366,10.5731067657,1.68759381771,3.15191459656,4.05152606964
2017-10-19,5.56642389297,7.60979890823,11.2693080902,19.3513126373,1.94679510593,3.91203570366,10.5024871826,1.69782102108,3.10931968689,4.00603818893
2017-10-20,5.52591943741,7.60082292557,11.2265300751,19.729516983,1.97893512249,3.90109920502,10.5957012177,1.69986712933,3.13061738014,4.06972122192
2017-10-23,5.58378267288,7.5727763176,11.0916252136,19.7799434662,1.96056938171,3.85005545616,10.2256536484,1.68554770947,3.13061738014,4.00907087326
2017-10-24,5.69372272491,7.53014278412,11.2298183441,19.3765296936,2.00189328194,3.87557625771,10.3188753128,1.69782102108,3.08802294731,4.06365680695
2017-10-25,5.71686697006,7.52340984344,11.1870450974,19.3450107574,1.9973013401,3.93755698204,10.4120922089,1.68350255489,3.08802294731,4.00603818893
2017-10-26,5.56642389297,7.6288690567,11.0291147232,19.0613594055,1.96975207329,3.93391132355,10.3555927277,1.73055028915,3.06672668457,4.06365680695
2017-10-27,5.51434803009,7.662525177,11.0883388519,18.2104034424,1.9973013401,3.89016008377,10.3104000092,1.68815791607,3.06672668457,4.02120065689
2017-10-30,5.41019248962,7.51780366898,10.91065979,17.9645748138,1.88251388073,3.77713704109,9.94600391388,1.64595425129,2.98153996468,4.04546117783
2017-10-31,5.41019248962,7.46058511734,10.7856283188,18.2041053772,1.82282412052,3.67505216599,9.72849559784,1.63118243217,2.98153996468,3.97874498367
2017-11-01,5.2713227272,7.36634588242,10.4960899353,18.2860469818,1.80445861816,3.70421934128,9.6042098999,1.56365680695,2.98153996468,3.91202831268
2017-11-02,5.2713227272,7.36634588242,10.4960899353,18.2860469818,1.80445861816,3.70421934128,9.6042098999,1.56365680695,2.98153996468,3.91202831268
2017-11-03,5.38126182556,7.25303697586,10.4754266739,18.0276088715,1.82282412052,3.70057487488,9.43189716339,1.47713828087,2.98153996468,3.91506004333
2017-11-06,5.3118262291,7.20367145538,10.4754266739,17.9393615723,1.78609216213,3.71515798569,9.35562705994,1.47713828087,2.94320607185,4.06365680695
2017-11-07,5.20188522339,7.11279916763,10.1264619827,17.535943985,1.69885396957,3.616720438,8.88671588898,1.46658706665,2.98153996468,3.94235372543
2017-11-08,5.26553535461,7.04548501968,10.4029941559,17.8069934845,1.71721971035,3.7370326519,9.35280704498,1.51934230328,2.98153996468,4.18192863464
2017-11-09,5.32339906693,7.09260511398,10.0408668518,17.4540023804,1.72181141376,3.67505216599,9.11269569397,1.47713828087,2.98153996468,4.20012235641
2017-11-10,5.32339906693,6.99387741089,10.0836706161,17.1199302673,1.67130482197,3.67140769958,8.84152126312,1.42649376392,2.98153996468,4.23044872284
2017-11-13,5.32339906693,7.13972520828,10.0408668518,17.277507782,1.69885396957,3.65317749977,8.85564613342,1.42860376835,2.97728133202,4.51854372025
2017-11-14,5.41597986221,7.08475160599,9.87955951691,17.1892623901,1.62998175621,3.63495016098,8.64378929138,1.38217973709,2.97728133202,4.51854372025
2017-11-15,5.41597986221,7.08475160599,9.87955951691,17.1892623901,1.62998175621,3.63495016098,8.64378929138,1.38217973709,2.97728133202,4.51854372025
2017-11-16,5.45648431778,7.17562437057,10.0968332291,17.3153266907,1.65293908119,3.68234634399,9.05337715149,1.38850986958,2.98153996468,5.17358064651
2017-11-17,5.45069742203,7.18011283875,10.3470306396,17.1892623901,1.66212201118,3.71880292892,9.20591640472,1.40328109264,2.99855971336,5.15841913223
2017-11-20,5.45069742203,7.18011283875,10.3470306396,17.1892623901,1.66212201118,3.71880292892,9.20591640472,1.40328109264,2.99855971336,5.15841913223
2017-11-21,5.47962999344,7.2066450119,10.5247983932,17.4350948334,1.72181141376,3.76620078087,9.36410331726,1.44337511063,2.97698688507,5.24636268616
2017-11-22,5.46227073669,7.21942901611,10.4029941559,16.9686450958,1.72640287876,3.77349328995,9.31099319458,1.43493449688,2.97698688507,5.24636268616
2017-11-23,5.46805667877,7.20548200607,10.3305768967,16.9875545502,1.73099434376,3.74797058105,9.3223657608,1.49824082851,2.96835851669,5.26152658463
2017-11-24,5.41019248962,7.32169771194,10.2054710388,16.5589294434,1.72640287876,3.75161767006,9.2711763382,1.45603632927,3.03307580948,5.20087480545
2017-11-27,5.41597986221,7.24732160568,10.271314621,16.7354202271,1.71721971035,3.74068021774,9.14603900909,1.48979949951,3.03307580948,5.1948094368
2017-11-28,5.40440654755,7.22640180588,10.2219343185,17.1262283325,1.74017775059,3.74797058105,9.28254985809,1.52989315987,3.06759047508,5.08260345459
2017-11-29,5.25396347046,7.1764292717,10.106710434,16.7984485626,1.71262836456,3.67869877815,8.86165046692,1.48135876656,3.06759047508,5.01891994476
2017-11-30,5.09194612503,7.08461713791,10.0013628006,16.5337162018,1.65293908119,3.6276576519,8.51184844971,1.39273059368,3.06759047508,4.93704080582
2017-12-01,5.09194612503,7.00907707214,10.0606212616,16.7921504974,1.66212201118,3.68425130844,8.75358104706,1.44337511063,2.97698688507,4.97343206406
2017-12-04,5.08616018295,7.04277992249,10.1255893707,16.6849918365,1.67589628696,3.68790459633,8.96687698364,1.46025657654,3.01581668854,4.85212850571
2017-12-05,4.83734989166,7.07648181915,9.997133255,16.363527298,1.66212201118,3.65139174461,8.83605480194,1.43493449688,3.01581668854,4.85212850571
2017-12-06,4.73898172379,7.20548200607,10.1354780197,15.9790172577,1.63457298279,3.72441864014,9.10338115692,1.43493449688,3.02013158798,4.85212850571
2017-12-07,4.56539154053,7.20548200607,10.0465364456,16.0924739838,1.62079799175,3.67329931259,8.75073623657,1.41383254528,3.02013158798,4.94310474396
2017-12-08,4.54224824905,7.34959411621,10.0465364456,16.7984485626,1.62998175621,3.71711587906,8.80192661285,1.41594278812,3.03738927841,5.07957172394
2017-12-11,4.51331758499,7.42629623413,10.0531349182,16.8930015564,1.62539029121,3.72076702118,8.73082828522,1.42227303982,3.02013158798,5.06440782547
2017-12-12,4.60011100769,7.48440313339,10.2573471069,17.0821056366,1.63916492462,3.72441864014,8.92547988892,1.42438340187,3.02013158798,4.88548612595
2017-12-13,4.61747026443,7.36818647385,10.1025371552,17.0821056366,1.6483476162,3.72076702118,8.71160888672,1.38006961346,3.01150226593,4.97343206406
2017-12-14,4.72162389755,7.41467523575,10.0037193298,17.3846683502,1.60243213177,3.79744696617,8.67739200592,1.34841632843,3.01581668854,5.0280175209
2017-12-15,4.84892272949,7.59946060181,9.97736549377,17.4413948059,1.5978410244,3.81205272675,8.72586727142,1.36740779877,3.06327676773,4.97343206406
2017-12-18,5.06301450729,7.47627162933,9.997133255,17.416185379,1.5978410244,3.81205272675,8.84278202057,1.37162864208,3.06327676773,4.9885931015
2017-12-19,5.05722904205,7.29961919785,9.90489768982,17.4792194366,1.5978410244,3.74632573128,8.79145336151,1.34208571911,3.06768846512,4.97343206406
2017-12-20,5.06301450729,7.45070314407,9.997133255,17.6809253693,1.6437561512,3.80109715462,8.7971572876,1.34630656242,3.06768846512,5.03408384323
2017-12-21,5.12087869644,7.62154340744,10.3495874405,17.9456634521,1.73099434376,3.8777756691,8.89411067963,1.39273059368,3.01524949074,5.04621315002
2017-12-22,5.13245201111,7.58551549911,10.4088668823,17.8700275421,1.79986667633,3.90698742867,8.92547988892,1.39062011242,3.02835917473,4.99769258499
2017-12-25,5.13245201111,7.58551549911,10.4088668823,17.8700275421,1.79986667633,3.90698742867,8.92547988892,1.39062011242,3.02835917473,4.99769258499
2017-12-26,5.13245201111,7.61224508286,10.5318632126,17.775478363,1.84578227997,3.92852663994,9.02243614197,1.41172230244,3.12449789047,5.00678920746
2017-12-27,5.17874145508,7.59016180038,10.5993518829,18.1536769867,1.83659863472,3.91368722916,9.133644104,1.43282425404,3.12449789047,4.930975914
2017-12-28,5.26553535461,7.77494859695,10.8186922073,18.6642475128,1.84051990509,3.9025580883,9.07376289368,1.44970560074,3.12449789047,4.80663919449
2017-12-29,5.26553535461,7.77494859695,10.8186922073,18.6642475128,1.84051990509,3.9025580883,9.07376289368,1.44970560074,3.12449789047,4.80663919449
2018-01-02,5.375477314,7.83189725876,10.8929347992,18.7209758759,1.81745553017,4.05836486816,9.39029312134,1.46869802475,3.12449789047,5.05834388733
2018-01-03,5.64164495468,7.67267751694,10.9392776489,18.354598999,1.86819756031,4.04352617264,9.51005554199,1.45603632927,3.27744531631,5.42831897736
2018-01-04,5.78630304337,7.46232271194,11.1384763718,17.9873771667,1.92355084419,4.13626766205,9.60130691528,1.43915498257,3.27744531631,5.37069892883
2018-01-05,5.78630304337,7.58202695847,11.1418609619,18.2469673157,1.90048694611,4.13626766205,9.60130691528,1.4412651062,3.06331825256,5.45561122894
2018-01-08,5.81523561478,7.54251337051,11.1418609619,17.7721176147,1.86358439922,4.18078279495,9.62412261963,1.44548547268,3.06331825256,5.70124959946
2018-01-09,5.84416627884,7.59132766724,11.0574417114,17.2592754364,1.85435891151,4.11771965027,9.53286647797,1.41594278812,3.06331825256,5.74370622635
2018-01-10,5.8673119545,7.55413627625,10.9865436554,17.8227653503,1.85897183418,4.12142848969,9.49294567108,1.43704414368,3.03272914886,5.75887012482
2018-01-11,6.01775503159,7.44605398178,11.1418609619,17.4618797302,1.8774228096,4.17707395554,9.70966720581,1.46658706665,2.99339914322,6.12277793884
2018-01-12,6.011967659,7.5645942688,11.1418609619,17.3542442322,1.84974646568,4.19191265106,9.73248291016,1.45181620121,3.05894899368,6.30776643753
2018-01-15,6.01775503159,7.61224508286,11.1688642502,17.6391563416,1.87281000614,4.25868463516,9.78095817566,1.44548547268,3.01524949074,6.52914428711
2018-01-16,6.01775503159,7.78540754318,11.3545618057,17.537853241,1.85897183418,4.27723503113,9.86650562286,1.44970560074,3.01524949074,6.81117677689
2018-01-17,6.19134569168,7.75054216385,11.7023153305,17.6391563416,1.86819756031,4.35142803192,10.1003360748,1.42649376392,3.05457878113,6.33809232712
2018-01-18,6.09297704697,7.55994606018,11.7495889664,17.594833374,1.86358439922,4.4182009697,10.0318975449,1.40117132664,3.05020928383,6.21678876877
2018-01-19,6.01775503159,7.63432645798,11.8171205521,17.5821704865,1.85897183418,4.37368488312,9.96630859375,1.40539181232,3.01524949074,6.31686496735
2018-01-22,5.8730969429,7.75867938995,12.0534572601,17.3985614777,1.85897183418,4.51094388962,10.0005273819,1.38428962231,3.01524949074,6.19252920151
2018-01-23,5.84416627884,7.59481287003,12.060213089,16.936372757,1.82668173313,4.47755384445,10.0433044434,1.38006961346,3.01524949074,5.93172740936
2018-01-24,6.02353906631,7.66686725616,12.8941640854,17.8860740662,1.87281000614,4.67787599564,10.8331956863,1.42438340187,3.01524949074,6.42603635788
2018-01-25,6.02353906631,7.66686725616,12.8941640854,17.8860740662,1.87281000614,4.67787599564,10.8331956863,1.42438340187,3.01524949074,6.42603635788
2018-01-26,6.16819953918,7.76565217972,13.4883890152,18.1076755524,1.90509986877,4.93013429642,11.1696805954,1.5678768158,2.98466014862,6.44423294067
2018-01-29,6.08140516281,7.81446456909,13.1001176834,18.1140079498,1.93277657032,4.86335945129,11.1069450378,1.58475840092,3.05894899368,6.60799312592
2018-01-30,6.05825853348,7.7389216423,13.1676464081,18.5508708954,1.91893815994,4.82997274399,11.0641746521,1.59108865261,3.03709888458,6.61102437973
2018-01-31,6.13926744461,7.81562566757,13.2790689468,18.9940643311,1.9281642437,4.87819766998,11.315112114,1.58264815807,3.05894899368,6.47152662277
2018-02-01,6.27813959122,7.85630369186,12.8975391388,18.7661380768,1.90509986877,4.86706876755,11.3464832306,1.61641168594,3.05894899368,6.62315416336
2018-02-02,6.13348150253,7.87605714798,12.5824718475,18.690158844,1.86358439922,4.84110212326,11.1924915314,1.57209682465,3.01087999344,6.58069944382
2018-02-05,5.9888253212,7.68894720078,12.302110672,17.8100986481,1.80361783504,4.78545713425,10.8588562012,1.51934230328,3.01087999344,6.81723880768
2018-02-06,6.0061841011,7.72613811493,12.6601629257,17.715133667,1.81284320354,4.82997274399,11.3350734711,1.5931994915,2.98466014862,6.77781772614
2018-02-07,5.9888253212,7.76100254059,12.3460226059,17.7911090851,1.77132761478,4.82255363464,11.3464832306,1.58897900581,2.98466014862,6.82330656052
2018-02-08,5.85574007034,7.55530118942,11.981212616,17.879743576,1.7897785902,4.73723125458,10.9900331497,1.54044437408,2.92785167694,6.82633876801
2018-02-09,5.80945062637,7.52391815186,11.9373044968,17.9493923187,1.72981214523,4.68158721924,10.7847156525,1.53411400318,2.84045243263,6.85362958908
2018-02-14,5.95410585403,7.74008274078,12.2953557968,18.690158844,1.77132761478,4.9227142334,11.2808971405,1.58686876297,2.88852095604,7.52079820633
2018-02-15,5.93674850464,7.70986557007,12.3764238358,18.5002174377,1.81284320354,4.89303731918,11.3778486252,1.67127645016,2.88852095604,7.30851840973
2018-02-16,5.90202999115,7.62386703491,12.315621376,18.3419342041,1.79439151287,5.00803518295,11.4919157028,1.70714998245,3.14634680748,7.7603726387
2018-02-19,5.90202999115,7.64129829407,12.2953557968,18.019033432,1.85897183418,4.96352052689,11.3008565903,1.71559047699,3.01524949074,8.97340393066
2018-02-20,5.89624452591,7.71683835983,12.5926017761,17.9747180939,1.84513270855,5.33819627762,11.6344957352,1.67760741711,3.05894899368,8.63982105255
2018-02-21,5.84416627884,7.71683835983,12.8324298859,17.9620552063,1.86358439922,5.45319652557,11.7257413864,1.64806473255,3.2206363678,8.73989772797
2018-02-22,5.95989227295,7.72846269608,12.967546463,18.0253658295,1.82206904888,5.50884056091,12.0907430649,1.69870972633,3.36047363281,8.78538322449
2018-02-23,6.03511381149,7.70637989044,12.9506607056,18.1709880829,1.8774228096,5.55250835419,12.0907430649,1.7409132719,3.27744531631,8.77931976318
2018-02-26,6.03511381149,7.82143640518,12.9236326218,17.7721176147,1.93738937378,5.57215452194,12.2675428391,1.78311705589,3.30366396904,8.76415634155
2018-02-27,6.13348150253,7.82143640518,12.8358106613,17.2909297943,1.9424893856,5.42675971985,12.1477832794,1.77045595646,3.14197731018,8.7550611496
2018-02-28,6.09297704697,7.75286960602,12.4406099319,17.1769657135,1.89612936974,5.23421096802,11.9196481705,1.7324719429,3.06331825256,8.64285469055
2018-03-01,6.02932929993,7.769135952,12.5351839066,17.2909297943,1.89612936974,5.35026597977,12.005194664,1.69659876823,3.05894899368,8.88546085358
2018-03-02,5.88467121124,7.72962522507,12.6863288879,18.0443611145,1.90076506138,5.33059358597,12.104347229,1.7409132719,3.14634680748,8.61252689362
2018-03-05,5.95410585403,7.8330578804,12.8586845398,18.2976131439,1.8544049263,5.35813570023,12.2047395706,1.73669278622,3.14634680748,8.05453395844
2018-03-06,5.90202999115,7.94113826752,12.993850708,18.0760173798,1.82658874989,5.44074869156,12.4743623734,1.71137011051,3.05894899368,8.0363368988
2018-03-07,6.06983375549,7.85630369186,12.5883274078,18.6381607056,1.82195341587,5.48795604706,12.3883094788,1.74302339554,3.04146909714,7.89683914185
2018-03-08,6.06404542923,7.81795024872,12.385556221,18.7612552643,1.78950059414,5.46828508377,12.4542837143,1.79155766964,3.05894899368,7.85438251495
2018-03-09,6.15084075928,7.67732572556,12.6728086472,18.6187267303,1.79413688183,5.43287801743,12.5374660492,1.76623570919,3.05457878113,8.21222686768
2018-03-12,6.16241312027,7.67732572556,12.8248796463,18.5345153809,1.89612936974,5.65711784363,12.4714956284,1.78311705589,3.05457878113,8.33959770203
2018-03-13,6.23763561249,7.78657150269,12.6423978806,18.1134204865,1.91930949688,5.70039224625,12.3139276505,1.72825217247,3.05894899368,8.21829223633
2018-03-14,6.24342250824,7.72729682922,12.5714216232,17.5951538086,1.85904145241,5.58237218857,12.2075977325,1.68815791607,3.05894899368,8.61252689362
2018-03-15,6.17398643494,7.6935968399,12.2875537872,17.6728935242,1.90076506138,5.58630561829,12.1817340851,1.73036241531,3.00651025772,8.64285469055
2018-03-16,6.07561779022,7.67035341263,12.3450069427,17.8024578094,1.85904145241,5.51155948639,12.1846132278,1.74935388565,3.01087999344,8.49425792694
2018-03-19,5.93095970154,7.55413627625,12.2774200439,17.7959804535,1.82195341587,5.38960504532,11.897236824,1.79366827011,3.05457878113,8.36385726929
2018-03-20,5.90202999115,7.70754289627,12.2571392059,17.4526309967,1.79877233505,5.38960504532,11.9432249069,1.79366827011,3.05457878113,8.2668132782
2018-03-21,5.93095970154,7.62619113922,12.3686599731,17.6210689545,1.80340850353,5.35419940948,12.1415090561,1.8147701025,3.10264801979,8.57310390472
2018-03-22,5.84416627884,7.60875797272,12.5545282364,18.0227222443,1.77559292316,5.27551984787,11.9231004715,1.81266009808,3.06331825256,8.94004440308
2018-03-23,5.78630304337,7.75402879715,12.7066040039,17.7571125031,1.76632082462,5.41320991516,11.8397598267,1.80421829224,3.09827780724,9.27666187286
2018-03-26,5.68214893341,7.78657150269,12.8282604218,17.8478088379,1.79877233505,5.52336168289,11.9202318192,1.84220266342,3.27744531631,9.1280670166
2018-03-27,5.64743185043,7.72846269608,12.5612869263,17.5562858582,1.7848649025,5.41320991516,11.6242351532,1.80632984638,3.45224237442,8.94611167908
2018-03-28,5.58378267288,7.61573123932,12.6829452515,17.2323646545,1.78950059414,5.48795604706,11.5868749619,1.74935388565,3.40854239464,8.7035036087
2018-03-29,5.66479206085,7.72846269608,13.0006122589,17.5822029114,1.80804491043,5.50762796402,11.7909088135,1.80632984638,3.40854239464,8.75202655792
2018-04-02,5.46805667877,7.67035341263,12.6761894226,17.2647571564,1.79877233505,5.40140771866,11.5667600632,1.75357425213,3.40854239464,8.49425792694
2018-04-03,5.52591943741,7.67035341263,12.8536891937,17.0898418427,1.77095663548,5.38567209244,11.4144554138,1.77045595646,3.40854239464,8.47605991364
2018-04-04,5.49120187759,7.69940853119,12.9057559967,16.9084510803,1.79413688183,5.40534210205,11.5092897415,1.74935388565,3.40854239464,8.4578666687
2018-04-05,5.38126182556,7.61805677414,12.6639995575,16.9149284363,1.82658874989,5.37780237198,11.8455104828,1.75357425213,3.40854239464,8.78235149384
2018-04-06,5.29446744919,7.67035341263,12.5673093796,16.8695831299,1.84049701691,5.36206579208,11.6903295517,1.73669278622,3.40854239464,8.64588546753
2018-04-09,5.24817752838,7.62967681885,11.9573507309,16.7659282684,1.79413688183,5.44468164444,11.2650165558,1.69448852539,3.22500562668,8.54884338379
2018-04-10,5.12087869644,7.60178661346,12.0689373016,17.0121059418,1.82195341587,5.40534210205,11.1299524307,1.69870972633,3.22500562668,8.55490970612
2018-04-11,5.24817752838,7.57156896591,12.3664674759,17.4979782104,1.79413688183,5.34239768982,11.2219171524,1.7324719429,3.21189641953,8.39418125153
2018-04-12,5.16716766357,7.55413627625,12.1135559082,17.6858520508,1.82195341587,5.45648431778,11.1931734085,1.77256584167,3.19441580772,8.54277992249
2018-04-13,5.12087869644,7.49602746964,11.8457756042,17.4137611389,1.80804491043,5.32666349411,10.8167171478,1.726141572,3.19878721237,8.60343074799
2018-04-16,5.09194612503,7.44372940063,11.4217767715,16.9797115326,1.78950059414,5.30305671692,10.4316329956,1.67338681221,3.19878721237,8.5215511322
2018-04-17,5.06301450729,7.55413627625,11.6635255814,17.0444927216,1.81731653214,5.33453083038,10.6816482544,1.70926010609,3.19878721237,8.53671360016
2018-04-18,5.03408384323,7.54642295837,11.9908266068,17.2647571564,1.84049701691,5.38960504532,10.9259185791,1.73880243301,3.19878721237,9.08257484436
2018-04-19,4.92993021011,7.5382232666,12.0614910126,17.6793708801,1.85904145241,5.25191497803,10.9316644669,1.78100681305,3.203155756,8.91423416138
2018-04-20,4.83156394958,7.59093666077,11.9201602936,17.6858520508,1.87294888496,5.30699205399,10.8109731674,1.77678656578,3.203155756,8.99312114716
2018-04-23,4.71583747864,7.54407978058,11.9499168396,17.2971515656,1.8544049263,5.25978374481,10.6155567169,1.77256584167,3.17256736755,8.84165763855
2018-04-24,4.88363838196,7.58039522171,11.8643665314,17.1351909637,1.83122491837,5.33846569061,10.5121030807,1.73458254337,3.17256736755,8.83534526825
2018-04-25,5.06880140305,7.82522535324,12.0466089249,17.2647571564,1.83122491837,5.30305671692,10.6500444412,1.72403156757,3.17693662643,8.76908111572
2018-04-26,5.08037424088,7.8392829895,12.0689373016,17.6145877838,1.86367726326,5.41714429855,10.733376503,1.75779497623,3.16819691658,8.75961399078
2018-04-27,4.84313631058,7.90137052536,12.0986833572,17.2064552307,1.86367726326,5.45648431778,10.733376503,1.78311705589,3.22937655449,8.97103023529
2018-04-30,4.84892272949,7.96579837799,11.8643665314,16.9149284363,1.89149296284,5.48795604706,10.5465869904,1.78522717953,3.22937655449,8.96787643433
2018-05-02,4.71005153656,7.80648231506,11.6746873856,16.7011489868,1.88685727119,5.24404859543,10.3511714935,1.7337064743,3.19004678726,9.41595745087
2018-05-03,4.5306763649,7.8474855423,11.5359773636,16.5715713501,1.8775857687,5.11422538757,10.058054924,1.71576416492,3.34815168381,9.34022331238
2018-05-04,4.59432458878,8.0431137085,11.4950447083,17.2258892059,1.90076506138,4.98440170288,10.0379390717,1.76959228516,3.25886750221,9.56110668182
2018-05-07,4.44387960434,8.07122993469,11.3499155045,17.0185852051,1.84049701691,5.039478302,10.0264434814,1.76510679722,3.21422457695,10.1606473923
2018-05-08,4.42652225494,8.01382827759,11.3796815872,17.1675834656,2.10938572884,5.05128145218,10.2994480133,1.75613558292,3.10261964798,10.5645494461
2018-05-09,4.50174331665,7.8990278244,11.394569397,17.4915027618,1.98421370983,5.04734611511,10.733376503,1.74716377258,3.10708498955,10.1227817535
2018-05-10,4.42652225494,8.10051441193,11.6773805618,17.5951538086,1.956397295,5.15356302261,10.3396778107,1.77856349945,3.12494015694,10.6529016495
2018-05-11,4.39759063721,8.05951499939,11.4243373871,17.1999740601,2.01202964783,5.07488298416,10.2908229828,1.77407824993,3.19190406799,10.958984375
2018-05-14,4.39759063721,7.93065404892,11.2271089554,16.3901863098,1.97030544281,5.03161001205,10.0350608826,1.76959228516,3.10261964798,11.0441837311
2018-05-15,4.37444543839,7.69402503967,11.1638526917,16.3254032135,1.91467392445,4.92539072037,9.76206302643,1.75164973736,3.10059189796,11.9434976578
2018-05-16,4.3397269249,7.77133798599,11.394569397,16.5067939758,1.89149296284,5.00407266617,9.90574645996,1.80323445797,2.98489809036,12.4641513824
2018-05-17,4.19507026672,7.52065134048,10.7768363953,16.0014820099,1.82658874989,4.80736875534,9.44594955444,1.75164973736,3.03117537498,12.3316173553
2018-05-18,4.11406230927,7.51830911636,10.8438224792,15.9950046539,1.7848649025,4.80736875534,9.39422130585,1.71800732613,2.9339928627,13.0636863708
2018-05-21,4.14299249649,7.61553907394,10.4940252304,15.9755735397,1.77095663548,4.79556751251,9.17007350922,1.73819243908,2.96175909042,13.7326526642
2018-05-22,4.16035079956,7.85568141937,10.7656755447,16.5197505951,1.85904145241,4.86244916916,9.37373447418,1.82790565491,2.96175909042,14.7360944748
2018-05-23,3.98097610474,7.66825294495,10.4568071365,16.0338802338,1.7848649025,4.85457849503,9.17121219635,1.82566297054,2.97101473808,16.0929508209
2018-05-24,4.04462623596,7.56751060486,10.4903001785,16.3254032135,1.74777650833,4.84277868271,8.89057922363,1.8301486969,2.96175909042,14.9096460342
2018-05-25,3.969404459,7.65067768097,10.2707471848,16.2476634979,1.6828725338,4.85064649582,8.70542049408,1.74267828465,2.96175909042,13.0163612366
2018-05-28,3.85946559906,7.49136447906,9.91722393036,15.4573059082,1.5530642271,4.5673956871,8.06603813171,1.63502204418,2.77664923668,12.9280052185
2018-05-29,3.98097610474,7.49487876892,9.83162975311,15.3342180252,1.57624387741,4.60280227661,8.24830722809,1.67315042019,2.77664923668,13.1899089813
2018-05-30,4.10248804092,7.55813741684,9.70510673523,15.9237442017,1.65505671501,4.63820791245,8.78642940521,1.72025024891,2.77664923668,14.1933526993
2018-06-01,4.39180374146,7.9517416954,10.0846843719,16.4938411713,1.60869634151,4.75816583633,8.87032794952,1.70454990864,3.31809592247,14.1681108475
2018-06-04,4.45545291901,8.0724029541,10.2028131485,16.5521450043,1.61333239079,4.84483671188,8.99762821198,1.72025024891,3.33197879791,13.8841142654
2018-06-05,4.27607774734,8.16611385345,9.73363304138,16.2606220245,1.60406041145,4.69749879837,8.42478656769,1.64175057411,3.33197879791,13.8557157516
2018-06-06,4.25293302536,8.10410785675,9.48042488098,15.7099590302,1.51597619057,4.65849637985,8.00817680359,1.57446622849,3.33197879791,13.5685663223
2018-06-07,4.00990724564,7.87829732895,9.29051494598,15.5480012894,1.4186193943,4.42015504837,7.68703985214,1.52736628056,3.05431389809,13.0952444077
2018-06-08,4.05041217804,7.67004728317,9.32775115967,15.5739145279,1.46961581707,4.42448711395,7.79698085785,1.52736628056,3.14686989784,13.6632299423
2018-06-11,4.10827493668,7.52703475952,9.13784408569,15.8200912476,1.50670397282,4.32481861115,7.53948974609,1.51166677475,3.28570055962,13.473900795
2018-06-12,4.07934379578,7.53456258774,9.08943748474,16.0533123016,1.50670397282,4.29448413849,7.83175230026,1.48699617386,3.33197879791,13.1899089813
2018-06-13,4.0214805603,7.51574468613,8.92932224274,16.1051387787,1.48816013336,4.19047927856,7.6895699501,1.50493848324,3.23942327499,13.2530212402
2018-06-14,3.95204472542,7.51449108124,8.47131443024,15.9237442017,1.52061164379,4.16014623642,7.34136152267,1.50045275688,3.37825727463,13.4107933044
2018-06-15,3.79581522942,7.50194501877,8.68728542328,15.5026531219,1.5113401413,4.09514522552,7.25431203842,1.52512383461,3.37825727463,12.9595603943
2018-06-18,3.69166254997,7.42667531967,8.45269012451,15.3795661926,1.56233632565,4.03880834579,7.11502790451,1.4712959528,3.36437273026,12.5430345535
2018-06-19,3.74373745918,7.6035618782,8.82506084442,16.1893558502,1.5530642271,4.24681472778,7.61412334442,1.51839518547,3.13298606873,12.2905988693
2018-06-20,3.83632016182,7.68761301041,8.88091850281,15.807135582,1.57624387741,4.33348417282,7.83465671539,1.54306650162,3.13298606873,12.1170454025
2018-06-21,3.65694379807,7.43169307709,8.60536384583,15.3860435486,1.5530642271,4.20347976685,7.54738378525,1.48250985146,3.14224052429,12.7260513306
2018-06-22,3.67430329323,7.4705824852,8.78782367706,15.7164373398,1.52061164379,4.125477314,7.57350111008,1.47802424431,3.05431389809,12.8428077698
2018-06-25,3.63958334923,7.42040348053,8.73196983337,15.9043092728,1.55770015717,4.19047927856,7.79403018951,1.53858101368,3.12372994423,12.8364953995
2018-06-26,3.59329366684,7.41914844513,8.73942089081,16.901971817,1.5669721365,4.1731467247,7.88688373566,1.64623641968,3.23479676247,12.4673051834
2018-06-27,3.5180721283,7.35391521454,8.60908031464,16.6039714813,1.5530642271,4.15147972107,7.72438955307,1.57895183563,3.23479676247,12.4231300354
2018-06-28,3.67430329323,7.22721004486,8.88091850281,16.9732341766,1.53915643692,4.25548219681,8.1683511734,1.61483693123,3.23479676247,12.4578371048
2018-06-29,3.58750772476,7.27613544464,9.0782699585,17.1351909637,1.5530642271,4.29015111923,8.31344032288,1.63726520538,3.23479676247,12.3379297256
2018-07-02,3.47178125381,7.31878757477,9.02293682098,16.6557998657,1.53915643692,4.33348417282,8.52816772461,1.66866469383,3.22554087639,12.7607660294
2018-07-03,3.52385902405,7.37524175644,9.2508354187,17.1675834656,1.57160794735,4.4851565361,8.60361289978,1.67090713978,3.01729226112,12.5745925903
2018-07-04,3.62801289558,7.42918395996,9.44222736359,17.3230628967,1.61333239079,4.53715848923,8.85025691986,1.70454990864,3.08670902252,13.0952444077
2018-07-05,3.46599674225,7.40660190582,9.3821849823,17.2129306793,1.63187623024,4.55449151993,8.64423370361,1.72025024891,3.10059189796,13.6316776276
2018-07-06,3.52964520454,7.45176553726,9.45348739624,17.5692424774,1.66432857513,4.57182693481,8.54847812653,1.7337064743,3.10059189796,14.1207752228
2018-07-10,3.5180721283,7.42918395996,9.30336952209,17.7441539764,1.7431397438,4.4851565361,8.47593593597,1.74940693378,3.17000746727,14.0418872833
2018-07-11,3.36184120178,7.54710769653,9.27335071564,17.9125976562,1.67360043526,4.53715848923,8.64423370361,1.70679295063,3.23016786575,13.5685663223
2018-07-12,3.43127822876,7.5320558548,9.49476909637,17.8802013397,1.68750834465,4.52849245071,8.80963420868,1.72473573685,3.35974574089,13.8210067749
2018-07-13,3.43706393242,7.57721805573,9.66364955902,17.944984436,1.7431397438,4.61516332626,9.0330657959,1.76734888554,3.35974574089,13.7200307846
2018-07-16,3.41391801834,7.67632293701,9.7387046814,18.1458072662,1.74777650833,4.5848274231,8.93441104889,1.76062047482,3.23942327499,13.9030475616
2018-07-17,3.43706393242,7.64370584488,10.0764656067,18.4697284698,1.76168501377,4.61516332626,9.23328590393,1.76510679722,3.35511779785,13.805229187
2018-07-18,3.41391801834,7.53581857681,9.88131427765,18.5150775909,1.7848649025,4.7148308754,9.17525100708,1.73146414757,3.35974574089,13.3192853928
2018-07-19,3.49492692947,7.52703475952,9.84753799438,18.3725528717,1.79877233505,4.70182991028,9.09400272369,1.77407824993,3.35974574089,13.0573787689
2018-07-20,3.58750772476,7.56216049194,10.3204011917,18.139339447,1.83122491837,4.79283428192,9.5756855011,1.80772042274,3.23942327499,13.2971973419
2018-07-23,3.48914194107,7.46556329727,10.2641048431,17.9385032654,1.83122491837,4.81016778946,9.51185035706,1.79650628567,3.27644681931,13.1331100464
2018-07-24,3.65694379807,7.52703475952,10.5117998123,18.1263809204,1.80340850353,4.7668337822,9.5872964859,1.83463442326,3.23942327499,13.8525600433
2018-07-25,3.60486698151,7.62739658356,10.7707490921,18.0097675323,1.79877233505,4.96184110641,9.74108982086,1.88173341751,3.26718974113,13.8210067749
2018-07-26,3.5064997673,7.69639492035,10.3992090225,18.0680732727,1.80804491043,4.98350811005,9.42479896545,1.83463442326,3.17000746727,13.4896764755
2018-07-27,3.44863605499,7.62739658356,10.4742746353,17.7506332397,1.81731653214,4.81883621216,9.54086875916,1.82790565491,3.26718974113,13.3161287308
2018-07-30,3.3849875927,7.63492250443,10.658159256,17.5627593994,1.79877233505,4.85350370407,9.54376983643,1.83687758446,3.23942327499,13.5685663223
2018-07-31,3.25768899918,7.69514083862,10.4630069733,17.7376747131,1.76168501377,4.68016529083,9.43060302734,1.84584844112,3.23942327499,13.8620300293
2018-08-01,3.32133698463,7.66001605988,10.6206321716,17.6089172363,1.76632082462,4.74083280563,9.56698036194,1.82566297054,3.26256322861,14.9096460342
2018-08-02,3.28662014008,7.63366985321,10.5820407867,18.0002269745,1.74777650833,4.7668337822,9.64242935181,1.82341992855,3.25793385506,14.9569816589
2018-08-03,3.29819297791,7.62739658356,10.7848291397,18.3458805084,1.7848649025,4.90983915329,9.93260097504,1.87276256084,3.23942327499,14.8244495392
2018-08-06,3.24611711502,7.61108875275,10.6646661758,18.3589267731,1.80804491043,4.85350370407,9.9529094696,1.87500572205,3.33197879791,14.4899673462
2018-08-07,3.12460327148,7.50445556641,10.4318437576,17.7393531799,1.87294888496,4.81016778946,9.74108982086,1.88621890545,3.32735133171,14.6572055817
2018-08-08,3.10724520683,7.46807336807,10.2403287888,17.9415283203,1.77559292316,4.7668337822,9.46832466125,1.86379098892,3.23942327499,14.7834291458
2018-08-09,3.095672369,7.49692678452,10.0751008987,17.7719631195,1.78950059414,4.70616388321,9.749792099,1.81669163704,3.23942327499,14.4994354248
2018-08-10,2.96258711815,7.40158319473,9.54937839508,17.2241287231,1.75241303444,4.50682449341,9.21297264099,1.74267828465,3.10163760185,13.9314508438
2018-08-13,2.97994613647,7.35767793655,9.78219509125,17.28282547,1.73850440979,4.57182693481,9.25649738312,1.76510679722,3.12531352043,15.1463069916
2018-08-14,2.88157892227,7.55212688446,9.91738605499,18.1045722961,1.81731653214,4.62816238403,9.5756855011,1.79426300526,3.12531352043,15.3040847778
2018-08-15,2.89315152168,7.57094287872,9.8535490036,17.6284828186,1.78022861481,4.61516332626,9.37257099152,1.77183520794,3.33840370178,14.4079236984
2018-08-16,2.92208266258,7.61485242844,9.68832015991,18.0328388214,1.79877233505,4.58049345016,9.40158557892,1.85033404827,3.33840370178,14.710852623
2018-08-17,2.89315152168,7.48438358307,9.42921447754,17.5045661926,1.7848649025,4.55882501602,9.07079124451,1.83912038803,3.55149316788,14.5467653275
2018-08-20,3.2519030571,7.43294858932,9.44047737122,17.6415252686,1.77095663548,4.5582947731,8.82994556427,1.8211773634,3.55149316788,14.5057439804
2018-08-21,2.99151873589,7.28366041183,9.12504196167,17.0349960327,1.73386895657,4.4477648735,8.47883892059,1.71800732613,3.30525588989,13.8399372101
2018-08-22,3.28083276749,7.3840212822,9.42545986176,17.2567386627,1.76168501377,4.51408243179,8.78625965118,1.75164973736,3.26737356186,14.1870412827
2018-08-23,3.06674075127,7.21089982986,9.18136882782,16.7871685028,1.71532487869,4.41681718826,8.56367301941,1.66642189026,3.31472587585,13.7263412476
2018-08-24,3.11881732941,7.23222494125,9.25647830963,16.8784751892,1.66432857513,4.469871521,8.68082523346,1.65745055676,3.22002124786,14.1649522781
2018-08-27,3.22297096252,7.36897039413,9.57566165924,17.158908844,1.71532487869,4.50082063675,8.94733905792,1.70006406307,3.50413966179,13.8841142654
2018-08-28,3.19982600212,7.32882213593,9.66203403473,16.6436843872,1.72459661961,4.47429323196,8.90340995789,1.67763590813,3.33840370178,14.3858346939
2018-08-29,3.12460327148,7.36269378662,9.71460723877,16.6371650696,1.72459661961,4.57598114014,9.0849905014,1.69333600998,3.26737356186,14.7613401413
2018-08-30,3.06674075127,7.16322851181,9.34284305573,16.6632537842,1.69214451313,4.43450164795,8.76575756073,1.65072238445,3.23422646523,14.3889913559
2018-08-31,3.15353512764,7.18204593658,9.42921447754,16.7610797882,1.75704872608,4.42565870285,8.81554794312,1.67315042019,3.22475552559,15.1463069916
2018-09-03,3.19982600212,7.18831825256,9.32031345367,16.487165451,1.71532487869,4.47215080261,8.60760498047,1.65296530724,3.22949123383,14.8307580948
2018-09-04,3.12460327148,7.19960927963,9.03369140625,16.2393341064,1.66896438599,4.43229866028,8.38794612885,1.58343732357,3.17266726494,14.2028188705
2018-09-05,3.11881732941,7.23097276688,9.08629322052,16.3958568573,1.67360043526,4.45001316071,8.40259361267,1.62380862236,3.26737356186,14.2154417038
2018-09-06,3.1361758709,7.21466159821,9.34934234619,16.6241188049,1.68750834465,4.4942908287,8.59003162384,1.6260509491,3.50413966179,14.5120573044
2018-09-10,3.14774918556,7.19584655762,9.35685539246,15.8088932037,1.71068871021,4.60055923462,8.47288036346,1.62380862236,3.27684426308,14.4836587906
2018-09-11,3.14774918556,7.08670425415,9.01866054535,15.5023670197,1.69678103924,4.41901493073,8.08921527863,1.57446622849,3.17266726494,14.1207752228
2018-09-12,3.06674075127,7.0252327919,9.04871845245,15.0849714279,1.63651180267,4.43229866028,8.12608337402,1.57895183563,3.31472587585,14.2564630508
2018-09-13,2.97994613647,6.95748853683,9.03369140625,14.9023599625,1.57624387741,4.41016101837,8.01738357544,1.52736628056,3.26737356186,13.2719526291
2018-09-14,2.92786955833,6.96878004074,9.12763023376,14.7654018402,1.60869634151,4.52085781097,8.08201313019,1.52512383461,3.31472587585,13.0321359634
2018-09-17,2.96258711815,7.00641489029,9.38316059113,14.9088830948,1.64578449726,4.58284807205,8.35817241669,1.56100952625,3.40469741821,13.4107933044
2018-09-18,3.03202271461,7.03025102615,9.54850578308,15.2154054642,1.63187623024,4.63155412674,8.73128032684,1.63502204418,3.19634342194,13.3161287308
2018-09-19,3.02045035362,7.04405021667,9.54850578308,14.7458324432,1.62260437012,4.65369176865,8.64314365387,1.60362231731,3.20581459999,13.7736730576
2018-09-20,2.99151873589,7.20337200165,9.52219867706,15.1632328033,1.62260437012,4.57841968536,8.66664505005,1.60810852051,3.20581459999,13.2908849716
2018-09-21,3.03780889511,7.2635884285,9.71760368347,15.176276207,1.62260437012,4.64041137695,8.98393344879,1.65969336033,3.20581459999,13.2183113098
2018-09-24,2.95101499557,7.16448354721,9.39443492889,14.6154031754,1.59942483902,4.55185174942,8.73421382904,1.61035120487,3.26263833046,12.9090719223
2018-09-25,2.93944168091,7.0252327919,9.4996509552,14.4458312988,1.57160794735,4.55628061295,8.6813325882,1.60362231731,3.31472587585,13.1268005371
2018-09-26,2.86421942711,7.08419513702,9.64244937897,14.3088750839,1.59015214443,4.61384296417,8.65195846558,1.60586607456,3.40943288803,12.8743619919
2018-09-27,2.99730491638,7.20086526871,9.86039924622,14.4393110275,1.57624387741,4.69797277451,8.89873790741,1.60810852051,3.39049196243,13.1772880554
2018-09-28,2.92208266258,7.3338394165,9.67626953125,13.8914804459,1.58551621437,4.64926433563,8.65195846558,1.60586607456,3.39049196243,12.8617401123
2018-10-01,2.92208266258,7.34513187408,9.59735393524,13.7284345627,1.54379224777,4.62269973755,8.28766155243,1.57222294807,3.31472587585,12.4767713547
2018-10-02,2.96258711815,7.6524848938,10.2656536102,14.2371358871,1.60406041145,4.76439094543,9.23365306854,1.68660783768,3.40943288803,12.7134342194
2018-10-03,3.07252621651,7.74782896042,10.7620182037,14.6219244003,1.67360043526,4.9282207489,10.0709371567,1.76959228516,3.45678687096,12.5840587616
2018-10-04,3.12460327148,7.92220544815,10.6717720032,14.269742012,1.71068871021,4.88837242126,10.3177156448,1.80547833443,3.48046422005,12.9185380936
2018-10-05,3.17089366913,7.89209651947,10.359662056,14.1393089294,1.7014169693,4.88837242126,10.4998617172,1.94004702568,3.59884619713,13.0573787689
2018-10-08,3.37920069695,7.7779378891,10.9049158096,14.6806192398,1.73850440979,5.00349569321,11.5163545609,2.28544306755,3.57516980171,13.1899089813
2018-10-09,3.5643620491,7.75284671783,10.9199495316,14.7067050934,1.71532487869,5.02120733261,11.4575977325,2.33478546143,3.70302295685,13.6916303635
2018-10-10,3.44285035133,7.64621353149,10.4536714554,14.158870697,1.64578449726,4.9326505661,10.9728574753,2.21591520309,3.45678687096,13.5685663223
2018-10-11,3.50071358681,7.53957986832,10.5138378143,14.0871315002,1.67360043526,4.90608263016,10.9287872314,2.276471138,3.55149316788,13.3918619156
2018-10-15,3.46599674225,7.67130279541,10.622885704,13.5588674545,1.67360043526,4.90165472031,11.0815582275,2.31011414528,3.55149316788,12.8680524826
2018-10-16,3.63958334923,7.65875864029,11.0703620911,14.1458272934,1.72923254967,5.03449106216,11.5662956238,2.39758467674,3.58464121819,14.082909584
2018-10-17,3.72059226036,7.62614154816,11.0741205215,14.0871315002,1.81268131733,5.01235151291,11.6661834717,2.37739920616,3.57516980171,14.3479709625
2018-10-18,3.68587446213,7.68761301041,10.7319355011,14.0740871429,1.81731653214,4.95479059219,11.5310497284,2.32357048988,3.58464121819,14.1996660233
2018-10-19,3.64537143707,7.64746904373,10.7507371902,14.1262636185,1.82195341587,4.93707895279,11.62799263,2.36618494987,3.55149316788,13.8870563507
2018-10-22,3.67430329323,7.67130279541,10.8785867691,14.178440094,1.84513294697,5.01235151291,11.7073106766,2.36618494987,3.55149316788,13.7432842255
2018-10-23,3.73216557503,7.69262981415,10.9086704254,14.4784412384,1.83122491837,5.01677942276,11.7484483719,2.3998272419,3.50887465477,13.3283052444
2018-10-24,3.64537143707,7.68259620667,10.6003274918,14.1066980362,1.82658874989,5.00349569321,11.4869794846,2.3639421463,3.62252211571,13.462272644
2018-10-25,3.74952459335,7.68886756897,11.0553245544,14.5762710571,1.8544049263,5.00792360306,11.7807598114,2.53215456009,3.59884619713,13.6746635437
2018-10-26,3.74952459335,7.80553722382,11.1794176102,14.2045297623,1.8544049263,5.08319759369,12.4623422623,2.70260906219,3.68881750107,13.7236776352
2018-10-29,3.5064997673,7.79675483704,10.9500255585,13.6958227158,1.79413688183,4.99463939667,12.3007631302,2.55458307266,3.68881750107,13.4949502945
2018-10-30,3.62222528458,8.10159873962,11.4351177216,13.8262577057,1.86367726326,5.1806101799,12.6621160507,2.52542591095,3.74090623856,13.5439634323
2018-10-31,3.61065292358,8.19819450378,11.3749465942,13.5979967117,1.82195341587,5.20717906952,12.5592908859,2.47384047508,4.18602657318,13.8543796539
2018-11-01,3.77266979218,8.3926486969,11.9728364944,13.8719120026,1.89149296284,5.2691693306,12.7443780899,2.46486949921,3.94926047325,14.32817173
2018-11-05,3.87103676796,8.47293281555,12.4157590866,14.4849624634,1.99812161922,5.35329771042,12.7531909943,2.57925319672,3.93031930923,14.4784784317
2018-11-06,3.70901966095,8.39640712738,12.2013072968,14.3480024338,1.88685727119,5.3710103035,12.4770364761,2.59046769142,4.00134754181,14.1419229507
2018-11-07,3.65694379807,8.50429439545,12.1523952484,13.9306106567,1.8544049263,5.41528844833,12.1773729324,2.57028222084,3.88296604156,14.8019695282
2018-11-08,3.5817220211,8.42902565002,11.7046718597,13.7545175552,1.77559292316,5.2691693306,11.9276561737,2.50075507164,3.78825974464,14.7170124054
2018-11-09,3.62801289558,8.45913505554,11.9642753601,13.4610395432,1.82658874989,5.34887075424,12.1920623779,2.53215456009,3.81193566322,14.5405626297
2018-11-12,3.55857658386,8.56827735901,11.9830856323,13.4284296036,1.84513294697,5.3355884552,12.391834259,2.56131076813,3.90326666832,13.9393358231
2018-11-13,3.59908103943,8.63727283478,11.731010437,13.3566913605,1.82195341587,5.31787490845,12.2508153915,2.54336953163,3.95205831528,13.2694921494
2018-11-14,3.63958334923,8.85681152344,11.8514108658,13.5327787399,1.8775857687,5.35772609711,12.2713813782,2.56131076813,4.04476070404,13.2335453033
2018-11-16,3.74952459335,9.11775016785,12.5098142624,13.5653896332,1.94712507725,5.5348405838,12.6591815948,2.63981103897,4.09843063354,13.374048233
2018-11-19,3.80738735199,9.07760715485,12.3668518066,13.4349527359,1.90076506138,5.54369544983,12.9558973312,2.61289572716,4.02036476135,12.9884796143
2018-11-21,3.83632016182,9.04498672485,12.250213623,13.2262525558,1.9424893856,5.51270151138,12.926525116,2.59943938255,3.90326666832,12.6617279053
2018-11-22,3.81896090508,9.0324420929,12.276556015,13.1936426163,1.9100369215,5.52598524094,13.310965538,2.7407374382,4.03988027573,12.5604333878
2018-11-23,3.67430329323,8.74390697479,12.3028869629,13.0306005478,1.86367726326,5.47285079956,13.4157743454,2.75867986679,3.90326666832,12.1356573105
2018-11-26,3.57593488693,8.81666660309,12.0395240784,13.0175523758,1.86367726326,5.43300056458,13.1791982651,2.7138235569,3.81056594849,12.0572319031
2018-11-27,3.60486698151,9.09517002106,12.5286331177,13.852347374,1.9424893856,5.59240245819,13.4906349182,2.78335142136,3.90326666832,12.2696180344
2018-11-28,3.57014942169,9.10018539429,12.93496418,14.2240886688,1.97030544281,5.70310115814,13.7032556534,2.79680848122,3.90326666832,13.1028442383
2018-11-29,3.66272902489,9.07760715485,13.02526474,14.178440094,1.92394578457,5.77837371826,13.5475378036,2.83269333839,3.89838814735,12.8153009415
2018-11-30,3.67430329323,9.05125999451,12.6377325058,14.0871315002,1.91930949688,5.66767549515,13.3648643494,2.8506360054,3.85447597504,12.7499513626
2018-12-03,3.68008875847,9.14535045624,12.5963497162,14.061044693,1.90076506138,5.65437412262,13.2061491013,2.8371784687,3.95205831528,12.8643131256
2018-12-04,3.64537143707,9.35861301422,12.610373497,14.0545244217,1.92394578457,5.65880680084,13.0743913651,2.81026554108,3.95205831528,12.8218374252
2018-12-05,3.70323371887,9.50162887573,12.655547142,13.956697464,1.90076506138,5.48141527176,13.2061491013,2.78559470177,3.99109053612,12.9623403549
2018-12-06,3.75531077385,9.4464302063,12.8324661255,14.2958316803,1.89149296284,5.68541526794,13.2870063782,2.76540875435,3.91302633286,12.6617279053
2018-12-07,3.79002904892,9.1870803833,12.6668424606,13.8262577057,1.89149296284,5.62332963943,13.1851911545,2.73625206947,3.9081454277,12.7270774841
2018-12-10,3.74952459335,9.20795822144,12.3807506561,13.4153842926,1.84976887703,5.49915313721,12.7988882065,2.7340092659,3.85447597504,12.7434148788
2018-12-11,3.83053326607,9.19821548462,12.4259176254,13.2197332382,1.92394578457,5.52132844925,12.8737535477,2.76989364624,3.95205831528,12.8610467911
2018-12-12,3.80738735199,9.3429813385,12.5350904465,13.0436429977,1.93321704865,5.64550352097,12.908495903,2.82372188568,4.19601249695,13.3969268799
2018-12-13,3.82474565506,9.44738292694,12.8964586258,13.0632066727,1.91467392445,5.72089385986,13.2388706207,2.86633563042,4.23992490768,13.0048208237
2018-12-14,3.81896090508,9.50444889069,12.738360405,12.7892904282,1.90076506138,5.72976589203,13.2448663712,2.88652157784,4.38629579544,13.331571579
2018-12-17,3.74373745918,9.49470806122,12.4786310196,12.6979856491,1.91550302505,5.55680847168,13.1247358322,2.81026554108,4.16185903549,12.9917497635
2018-12-18,3.73216557503,9.37778186798,12.6818904877,12.8936386108,1.93456315994,5.73790836334,13.1547708511,2.8371784687,4.01469755173,12.828371048
2018-12-19,3.75531077385,9.29843711853,12.4786310196,12.7371168137,1.91550302505,5.68909168243,13.1547708511,2.92016291618,3.96513462067,12.8577795029
2018-12-20,3.73216557503,9.40005397797,12.610373497,12.8023328781,1.93456315994,5.72459554672,13.2388706207,3.03454852104,3.99982953072,12.7434148788
2018-12-21,3.81317424774,9.52672290802,12.520029068,12.8675537109,1.9297978878,5.6580324173,13.2418670654,3.00090551376,4.1485209465,13.4705867767
2018-12-26,3.73216557503,9.43763637543,12.4754076004,12.730594635,1.85832393169,5.76453399658,13.3289651871,2.99501371384,4.01965522766,13.2567176819
2018-12-27,3.84789133072,9.47243690491,12.7903661728,12.6914625168,1.85832393169,5.72459554672,13.5512170792,3.04489278793,4.06921863556,13.0677919388
2018-12-28,4.10827493668,9.62973022461,13.0016231537,12.9001607895,1.94409310818,5.9021024704,13.9626789093,3.14238381386,4.19808578491,13.1390829086
2019-01-02,4.23557424545,9.74387168884,13.7390890121,13.1414690018,2.02033185959,6.08848285675,14.5963888168,3.24214243889,4.43599414825,13.4563331604
2019-01-03,4.2818646431,9.88306903839,14.0262336731,13.4216918945,2.02509641647,6.21273708344,14.6564598083,3.17412567139,4.48555850983,13.2959270477
2019-01-04,4.20664262772,10.2449874878,13.7188081741,13.6842164993,2.04892110825,6.24380159378,14.6564598083,3.14238381386,4.57477331161,13.2923622131
2019-01-07,4.20085668564,10.1614665985,13.8340978622,13.8811120987,2.04415678978,6.15948629379,14.5603494644,3.04942798615,4.54999113083,13.2602796555
2019-01-08,4.26450538635,10.1322364807,13.9878101349,14.0451946259,1.99650752544,6.18611431122,14.3951635361,3.03355693817,4.48555850983,13.6345624924
2019-01-09,4.44387960434,10.171210289,14.2798624039,13.8351678848,2.01556658745,6.30593013763,14.3561239243,3.08116936684,4.54999113083,13.5169305801
2019-01-10,4.72740983963,10.2937040329,14.3221216202,14.097700119,2.00127220154,6.34586906433,14.5663490295,3.1355817318,4.56486129761,13.427816391
2019-01-11,4.83156394958,10.4412546158,14.2644882202,14.0123767853,1.94885754585,6.35474443436,14.6264200211,3.14238381386,4.75816059113,13.3493938446
2019-01-14,4.86628055573,10.3800086975,14.2798624039,14.5702447891,1.99174213409,6.33255434036,14.9658050537,3.1605219841,4.65903186798,13.2994909286
2019-01-15,4.85470867157,10.1127471924,14.3336582184,14.2486543655,1.99174213409,6.30149126053,14.7916059494,3.1355817318,4.66398859024,13.2852334976
2019-01-16,4.78527355194,10.2268915176,14.4105138779,13.9139299393,1.9679172039,6.27486515045,14.6504487991,3.09703874588,4.57477331161,13.3066186905
2019-01-17,4.65797424316,10.1614665985,14.4681529999,14.0714464188,1.98697698116,6.28374147415,14.7045097351,3.18772888184,4.55990457535,13.4064283371
2019-01-18,4.54224824905,10.2853527069,14.6410837173,14.6293134689,2.00127220154,6.44349813461,14.5813703537,3.14691925049,4.65903186798,13.4385089874
2019-01-21,4.6290435791,10.2853527069,14.3874559402,14.4324216843,1.95362257957,6.376932621,14.5032835007,3.19679737091,4.66398859024,13.5133676529
2019-01-22,4.66376066208,10.3382492065,14.3759307861,14.2223978043,1.94409310818,6.36361980438,14.4762544632,3.18999552727,4.63425111771,13.3137493134
2019-01-23,4.79105997086,10.425945282,14.6487722397,14.5768089294,1.97744739056,6.40355587006,14.7765922546,3.22627091408,4.68877220154,13.3600893021
2019-01-24,4.91835689545,10.6751079559,14.8639698029,14.4389839172,1.97268235683,6.45237445831,14.7015113831,3.28521990776,4.68877220154,13.2959270477
2019-01-28,4.81998968124,10.7725467682,15.2136631012,14.1239538193,1.97744739056,6.61213111877,14.512295723,3.18999552727,4.75320482254,13.2674074173
2019-01-29,4.79105997086,10.8156967163,14.7986392975,14.6883831024,1.9583876133,6.66538286209,14.9958353043,3.19226288795,4.75816059113,13.2674074173
2019-01-30,4.80263137817,10.9131364822,14.9177598953,14.7802686691,1.95362257957,6.78076124191,15.1910543442,3.17412567139,4.76311635971,13.1676006317
2019-01-31,4.73319625854,10.9423685074,15.4711236954,14.6227521896,1.94409310818,6.87838792801,15.5754842758,3.14011621475,4.88207197189,13.3672199249
2019-02-01,4.70426464081,10.9604625702,15.2866678238,14.5636816025,1.9297978878,6.90057706833,15.6505775452,3.10837459564,4.83250713348,13.50623703
2019-02-04,4.81998968124,10.9006090164,15.6200904846,14.6227521896,1.96315264702,7.04701852798,15.9479026794,3.08343648911,4.85728979111,14.0623111725
2019-02-05,4.75634241104,10.9242744446,15.6085510254,14.7408876419,1.95362257957,7.00708150864,16.4134292603,3.09703874588,4.9812002182,14.0801324844
2019-02-06,4.67533397675,10.8045635223,14.866563797,13.9861211777,1.896443367,6.82069921494,15.4133071899,2.97687602043,4.83250713348,14.0444917679
2019-02-07,4.55960655212,10.715473175,15.0818595886,13.7826623917,1.86785376072,6.70531749725,15.5154094696,3.01088404655,4.83250713348,14.4651117325
2019-02-08,4.62325668335,10.8574562073,15.4740018845,14.1108236313,1.85355877876,6.92276716232,15.536444664,3.03809142113,4.9812002182,14.2583637238
2019-02-11,4.50174331665,10.8379678726,15.1741218567,14.0123767853,1.82973444462,6.99820947647,15.0769329071,2.96780705452,4.89694023132,14.1122179031
2019-02-12,4.55960655212,10.7697629929,15.5009050369,13.9073648453,1.74873054028,7.06477165222,16.0049743652,3.01088404655,4.842420578,14.1478652954
2019-02-13,4.60011100769,10.8574562073,15.3701906204,13.8023538589,1.81067419052,7.2999663353,15.6415700912,3.06076359749,4.75816059113,13.9090356827
2019-02-14,4.61747026443,10.8922567368,15.8930454254,14.0583200455,1.8202047348,7.30884456635,16.4404563904,3.11064243317,4.8077249527,14.1443004608
2019-02-15,4.54224824905,10.8184814453,15.6815900803,13.9401779175,1.8202047348,7.131336689,16.461479187,3.12877988815,4.8077249527,14.0979576111
2019-02-18,4.54224824905,10.7488851547,15.3202171326,13.7170333862,1.83926415443,7.10471248627,16.2993011475,3.16278934479,4.93163537979,14.2191553116
2019-02-19,4.60011100769,10.7614107132,15.570110321,13.7826623917,1.87261855602,7.21121644974,16.3683834076,3.17639231682,4.85233402252,14.4508533478
2019-02-20,4.61168336868,10.7168693542,15.2702455521,13.5660791397,1.84879338741,7.35321855545,15.9058609009,3.16278934479,4.842420578,14.4009504318
2019-02-21,4.55382108688,10.7182588577,15.4547719955,13.3757505417,1.85355877876,7.26002979279,15.9779443741,3.15145301819,4.7085981369,14.1621227264
2019-02-22,4.56539154053,10.7711544037,15.4240140915,13.3626203537,1.863088727,7.29927158356,16.1243019104,3.18546104431,4.88702726364,14.0480546951
2019-02-25,4.57696485519,10.8059530258,15.3163671494,13.3691854477,1.87738347054,7.17358446121,15.8600692749,3.23307299614,4.77798604965,14.2369775772
2019-02-26,4.72740983963,10.7363519669,15.3817224503,13.257610321,1.89167809486,7.08048009872,15.945101738,3.25347900391,4.68877220154,14.1692523956
2019-02-27,4.71583747864,10.8574562073,15.2817735672,13.5332632065,1.896443367,7.12237405777,15.7628726959,3.33056330681,4.86224603653,14.0801324844
2019-02-28,4.60589647293,10.7461013794,14.812743187,13.1263465881,1.9297978878,6.98271942139,15.3680362701,3.26481437683,4.74824714661,14.1906385422
2019-03-01,4.62325668335,11.0662546158,14.3783187866,13.1263465881,1.97744739056,6.97805976868,15.5836830139,3.18772888184,4.64416360855,13.9482440948
2019-03-06,4.57696485519,11.0509405136,14.269572258,13.1263465881,1.98221230507,6.92212486267,15.377158165,3.14011621475,4.55990457535,14.2548017502
2019-03-07,4.71583747864,10.762802124,14.4003391266,13.1585865021,1.9297978878,6.97805976868,15.3164129257,3.12197828293,4.55494832993,14.8643474579
2019-03-08,4.69269132614,10.8922567368,14.538807869,13.4916286469,1.9679172039,7.00136899948,15.8539905548,3.19679737091,4.67885875702,14.5328416824
2019-03-11,4.6464009285,10.9702072144,15.1311283112,13.8450622559,2.00127220154,7.05730438232,16.3399410248,3.25347900391,4.7085981369,15.2528886795
2019-03-12,4.42073535919,11.1163644791,15.2965145111,13.8586530685,1.97744739056,7.10857915878,16.2473754883,3.31242609024,4.83250713348,15.2600135803
2019-03-13,4.45545291901,11.0676450729,15.2888288498,14.0149822235,1.94409310818,7.0945982933,16.4971485138,3.33283114433,4.77798604965,15.4346818924
2019-03-14,4.42073535919,11.3432588577,15.2349834442,13.9334182739,1.92503333092,6.99670505524,16.3722648621,3.31469368935,4.71850919724,15.3348712921
2019-03-15,4.22400140762,11.2945384979,15.3080539703,14.1305274963,1.94409310818,7.07594776154,16.5123767853,3.33736586571,4.74329328537,14.7930545807
2019-03-18,4.27607774734,11.1358547211,15.4195871353,14.0761528015,1.98697698116,7.11790180206,16.3874950409,3.37364196777,4.73337888718,15.0425777435
2019-03-19,4.25293302536,10.9827308655,15.1157417297,14.0285778046,1.9583876133,7.09925556183,16.0371990204,3.36230492592,4.70364046097,15.2386264801
2019-03-20,4.11406230927,10.8351840973,14.8311233521,13.8450622559,1.95362257957,7.11790180206,15.6777715683,3.27161645889,4.59955501556,15.227935791
2019-03-21,4.08513116837,10.5721006393,14.3657188416,13.6751394272,1.89167809486,7.1225643158,15.3488044739,3.20813345909,4.51034021378,14.7217617035
2019-03-22,4.05041217804,10.4663095474,13.9849462509,13.4576463699,1.863088727,6.86152219772,14.5142030716,3.12424683571,4.80276870728,14.1692523956
2019-03-25,4.02726697922,10.6597967148,14.0387945175,13.3828773499,1.85355877876,6.88017225266,14.617767334,3.20586681366,4.54999113083,13.8912153244
2019-03-26,4.03305387497,10.6918106079,14.0849599838,13.8450622559,1.863088727,6.87551021576,14.9619607925,3.23307299614,4.48555850983,13.8484392166
2019-03-27,3.9288995266,10.4983234406,13.6387872696,13.423658371,1.8202047348,6.68905687332,14.1334533691,3.0086171627,4.33686542511,13.4420747757
2019-03-28,3.93468618393,10.7168693542,14.2311077118,13.6615467072,1.84402906895,6.85220384598,14.6269044876,3.08797097206,4.51034021378,13.4563331604
2019-03-29,3.90575480461,10.737745285,14.5580339432,13.8654508591,1.85832393169,6.83355712891,14.8401231766,3.15145301819,4.58468532562,13.5989141464
2019-04-01,3.91154098511,10.7934274673,14.5849580765,13.9674034119,1.82496964931,6.66108608246,14.9863328934,3.14918637276,4.61442470551,13.8199176788
2019-04-02,3.90575480461,10.6597967148,14.4543895721,14.2732582092,1.84879338741,6.58184337616,14.8553504944,3.06076359749,4.54999113083,13.9304208755
2019-04-03,3.91732764244,10.7349672318,14.2696723938,14.5383338928,1.81543970108,6.43268156052,14.6969594955,3.10384106636,4.50042819977,13.9304208755
2019-04-04,3.95783042908,11.0244960785,14.5005636215,15.36074543,1.83449888229,6.47929525375,14.8736314774,3.16959071159,4.63920593262,13.7842760086
2019-04-05,4.00990724564,11.3028917313,14.5790777206,15.3879337311,1.8202047348,6.47929525375,14.9589157104,3.18546104431,4.67885875702,13.7058553696
2019-04-08,3.9288995266,11.4699306488,14.6298704147,15.4626998901,1.8202047348,6.5026011467,14.9832801819,3.25347900391,4.70364046097,13.8199176788
2019-04-09,3.71480584145,11.2138051987,14.5421228409,15.6326169968,1.772554636,6.36742210388,14.7578802109,3.18999552727,4.74824714661,13.7628860474
2019-04-10,3.72637939453,11.3084592819,14.408200264,15.3199653625,1.76302540302,6.32546901703,14.8675394058,3.32602953911,4.73337888718,13.7236766815
2019-04-11,3.70323371887,11.1358547211,14.2558107376,15.1568393707,1.75349545479,6.28817892075,14.7274179459,3.27841830254,4.68381500244,13.7236766815
2019-04-12,3.69744825363,11.0634708405,14.0849456787,14.8849668503,1.73443543911,6.19961261749,14.2339715958,3.17639231682,4.49547100067,13.5133676529
2019-04-15,3.66272902489,11.3028917313,13.9741096497,14.9121570587,1.73443543911,6.36275815964,14.2735624313,3.19226288795,4.45581960678,13.8840875626
2019-04-16,3.63379836082,11.4420852661,13.9648809433,14.8034105301,1.75826060772,6.29750156403,14.569026947,3.18546104431,4.58468532562,13.9874563217
2019-04-17,3.5817220211,11.3307304382,13.8909873962,14.5927066803,1.72014045715,6.19961261749,14.3771314621,3.12424683571,4.63425111771,14.133605957
2019-04-18,3.64537143707,11.4420852661,14.0618534088,14.7218475342,1.73920047283,6.31148338318,14.8797159195,3.19453024864,4.7383351326,14.0771980286
2019-04-22,3.61643886566,11.4532222748,14.0572366714,14.776222229,1.72490608692,6.26953172684,14.7243709564,3.24440979958,4.80276870728,13.8580827713
2019-04-23,3.69166254997,11.5033378601,14.3158435822,15.1568393707,1.72014045715,6.39538812637,15.0198345184,3.28748703003,4.75320482254,14.1131162643
2019-04-24,3.67430329323,11.5256071091,14.3204612732,15.0344991684,1.73443543911,6.40937185287,14.7152338028,3.23987579346,4.67885875702,13.9335136414
2019-04-25,3.68008875847,11.5701522827,14.3158435822,15.3267621994,1.71061038971,6.44200277328,14.9558677673,3.29428887367,4.68381500244,13.9155540466
2019-04-26,3.58750772476,11.542309761,14.3158435822,14.2868537903,1.70108139515,6.52590608597,15.0320243835,3.28748703003,4.60946893692,13.6605205536
2019-04-29,3.5817220211,11.8819561005,14.2742843628,14.2868537903,1.70108139515,6.40937185287,15.0381116867,3.27615070343,4.60946893692,13.5922708511
2019-04-30,3.57593488693,11.6926469803,14.3158435822,14.1033391953,1.67725610733,6.43268156052,15.1325397491,3.34190130234,4.63920593262,13.9335136414
2019-05-02,3.58750772476,11.6982154846,14.3712530136,13.7023296356,1.69155132771,6.40471076965,15.1660470963,3.34416723251,4.55990457535,13.8473081589
2019-05-03,3.5064997673,11.4699306488,14.6610908508,14.0285778046,1.71537613869,6.33945274353,15.2543811798,3.28068399429,4.63425111771,13.7215852737
2019-05-06,3.59908103943,11.5645866394,14.1851644516,13.8518600464,1.73920047283,6.24622631073,15.0381116867,3.27853155136,4.62194347382,13.613822937
2019-05-07,3.58750772476,11.6926469803,13.9864835739,13.7227163315,1.65343165398,6.12502908707,15.0746688843,3.25513100624,4.73163366318,13.3659753799
2019-05-08,3.61065292358,11.9042301178,14.3145465851,14.0625610352,1.71061038971,6.25088596344,15.4097290039,3.26917123795,4.73662042618,13.5779037476
2019-05-09,3.5817220211,11.9153623581,14.0326900482,13.7634983063,1.72490608692,6.24156475067,15.5437488556,3.25045084953,4.6817741394,13.6641120911
2019-05-10,3.61643886566,11.7538919449,13.8894405365,13.5663919449,1.71061038971,6.1856303215,15.2787485123,3.22470927238,4.60199975967,13.5779037476
2019-05-13,3.57014942169,11.5645866394,13.4920825958,13.3217077255,1.68678641319,6.0551109314,14.7335128784,3.09600090981,4.43746423721,13.2007417679
2019-05-14,3.51228642464,11.636967659,13.3765668869,13.4168634415,1.63437199593,6.05977153778,14.5903501511,3.13110375404,4.56709957123,12.5721340179
2019-05-15,3.45442318916,11.5534467697,13.2564315796,13.4984226227,1.57242798805,6.0551109314,14.3497209549,3.06089949608,4.49729537964,12.6080541611
2019-05-16,3.34448313713,11.2082386017,13.016163826,13.3217077255,1.52954375744,5.89662408829,13.9019498825,2.97197389603,4.43746423721,12.6547489166
2019-05-17,3.30397891998,11.0634708405,13.1224355698,12.9818687439,1.4866591692,6.01315927505,13.66132164,2.92283034325,4.31780290604,12.9133787155
2019-05-20,3.41391801834,11.4699306488,13.5752544403,12.9274930954,1.57719266415,6.15299701691,14.1852302551,3.08898043633,4.53636026382,13.1073455811
2019-05-21,3.43706393242,11.559015274,14.1620616913,13.2945213318,1.64866733551,6.27885627747,14.9954710007,3.25045084953,4.45067405701,13.5922708511
2019-05-22,3.43127822876,11.687078476,13.9587602615,13.1925697327,1.65343165398,6.31614589691,14.9969644547,3.23406887054,4.53636026382,13.1468572617
2019-05-23,3.46599674225,11.5701522827,13.9633808136,13.3285036087,1.64390182495,6.17164421082,15.021531105,3.21300840378,4.53636026382,12.9852170944
2019-05-24,3.46599674225,11.7204856873,13.8709659576,13.2129621506,1.64866733551,6.20427513123,15.2427053452,3.15918493271,4.53636026382,13.3264636993
2019-05-27,3.46021056175,11.8040046692,14.069653511,13.3217077255,1.68202126026,6.26953172684,15.5406799316,3.2083272934,4.61700773239,13.4306325912
2019-05-28,3.43706393242,11.9153623581,14.5409479141,13.6139688492,1.72014045715,6.38140535355,15.7434186935,3.27619194984,4.66237020493,13.344420433
2019-05-29,3.54700446129,12.0434236526,14.8089523315,13.6071720123,1.74396562576,6.49327659607,15.7280607224,3.34639596939,4.56660366058,12.9061937332
2019-05-30,3.57014942169,12.1436481476,15.0399608612,13.6887350082,1.72967147827,6.57718229294,15.9584531784,3.41659998894,4.68253183365,12.8487195969
2019-05-31,3.53543162346,12.5835151672,15.0861873627,13.4576463699,1.73443543911,6.61913394928,15.9277362823,3.45404148102,4.77830028534,13.2186985016
2019-06-03,3.5643620491,12.5779476166,15.1416358948,13.5256118774,1.76779067516,6.5724568367,16.0014591217,3.44000148773,4.80854177475,13.391119957
2019-06-04,3.59908103943,12.7561206818,15.1172409058,13.5256118774,1.71061038971,6.58179140091,16.2625732422,3.48680448532,4.78838157654,13.4234457016
2019-06-05,3.55857658386,12.8117980957,14.941570282,13.3828773499,1.69155132771,6.46976232529,15.8140764236,3.4517018795,4.83374452591,13.6497430801
2019-06-06,3.58750772476,13.1013336182,15.1403522491,13.7838907242,1.67725610733,6.51643943787,16.2164897919,3.56870937347,4.91439056396,13.7575054169
2019-06-07,3.5817220211,13.1959838867,15.2328071594,14.0625610352,1.68202126026,6.60513067245,16.084405899,3.54530739784,4.96479463577,14.080789566
2019-06-10,3.52385902405,13.1681461334,15.0941228867,14.2732582092,1.69631648064,6.51177167892,15.9338855743,3.44000148773,5.06560325623,13.8544893265
2019-06-11,3.61643886566,13.1959838867,15.1311044693,14.5043487549,1.72490608692,6.46509075165,16.2502861023,3.51020550728,5.0454416275,14.1921453476
2019-06-12,3.67430329323,12.9621372223,15.1588478088,14.3820075989,1.73443543911,6.41841077805,16.1057567596,3.41893959045,5.04040050507,14.5621213913
2019-06-13,3.79581522942,13.0512218475,14.9970378876,14.4635686874,1.75826060772,6.23169898987,15.8499727249,3.45872187614,5.03032064438,14.4256258011
2019-06-14,3.74373745918,12.9454307556,14.7936296463,14.205288887,1.73920047283,6.24103212357,15.5695228577,3.40021896362,4.90935087204,14.5118341446
2019-06-17,3.65694379807,13.0567874908,14.7104215622,13.994591713,1.75349545479,6.28771114349,15.5541114807,3.44234156609,4.86398696899,14.6016340256
2019-06-18,3.71480584145,13.3574552536,14.881477356,14.0625610352,1.78684997559,6.41374397278,15.9177684784,3.41425967216,4.89926862717,15.0685987473
2019-06-19,3.74373745918,13.5022230148,15.2281885147,14.1373224258,1.78208482265,6.46976232529,16.179725647,3.41659998894,4.93455266953,15.2332391739
2019-06-21,3.88260960579,13.4688158035,15.579533577,14.2732582092,1.80590975285,6.56778717041,16.3060798645,3.44936227798,4.92951107025,14.6172056198
2019-06-24,3.8941822052,13.6636953354,15.648891449,14.361615181,1.83449888229,6.52110719681,16.3461494446,3.45638203621,4.93959331512,14.8854084015
2019-06-25,3.77266979218,13.4966516495,15.3807611465,14.2596645355,1.78684997559,6.42775154114,16.1951370239,3.36745643616,4.91439056396,15.0781803131
2019-06-26,3.76109671593,13.5189285278,15.4408502579,14.3412265778,1.83007967472,6.56311845779,16.5464630127,3.35341620445,4.94967412949,15.1787614822
2019-06-27,3.82474565506,13.6525564194,15.4870815277,14.5451335907,1.84448993206,6.20835733414,16.580373764,3.43064069748,4.95471334457,15.0111312866
2019-06-28,3.87103676796,13.7750482559,15.4639701843,14.5111474991,1.84929347038,6.14300441742,16.6235160828,3.4751033783,4.98495769501,14.9398880005
2019-07-01,3.81896090508,13.669260025,15.5673770905,14.6130990982,1.8973274231,6.18501996994,16.6050224304,3.50084543228,5.04040050507,14.8728380203
2019-07-02,3.74952459335,13.5913085938,15.552148819,14.7218475342,1.902130723,6.19435358047,16.3923721313,3.44000148773,5.03032064438,14.7094011307
2019-07-03,3.80160093307,13.3964300156,15.8450641632,14.7082538605,1.94536042213,6.06832027435,16.734457016,3.47276329994,5.11600637436,14.5920610428
2019-07-04,3.90575480461,13.4020032883,16.1984157562,14.9529352188,1.94536042213,6.18501996994,17.0056629181,3.50786519051,5.14120912552,14.7135896683
2019-07-05,3.87103676796,13.6302852631,16.3239498138,15.4423074722,1.96937787533,6.27370643616,16.9501953125,3.51956653595,5.21681451797,14.7094011307
2019-07-08,4.25871944427,13.9866342545,16.4308834076,15.8161296844,1.93575465679,6.27837514877,16.9347782135,3.53594708443,5.18657207489,15.0865659714
2019-07-10,4.23557424545,14.2316207886,16.3192977905,16.1695632935,1.92134416103,6.30638313293,16.7221336365,3.60381054878,5.21681451797,14.9608421326
2019-07-11,4.22400140762,14.2705974579,16.1333122253,16.0880012512,1.91173684597,6.29704666138,16.3954563141,3.57806992531,5.24201774597,14.9356975555
2019-07-12,4.10827493668,14.2594594955,15.8125123978,16.142375946,1.91173684597,6.20835733414,16.0256347656,3.53828716278,5.11096715927,14.789024353
2019-07-15,4.02726697922,14.0311756134,15.8171567917,16.0744056702,1.91173684597,6.17568016052,15.93009758,3.47978305817,5.12104654312,14.7094011307
2019-07-16,4.03883934021,14.114695549,15.6776838303,15.9860553741,1.84929347038,6.18968439102,15.9547548294,3.48680448532,5.07064342499,14.4537668228
2019-07-17,4.14299249649,14.142537117,15.7334814072,16.1899528503,1.84929347038,6.18501996994,15.9578342438,3.50786519051,5.11600637436,14.4370059967
2019-07-18,4.31658315659,14.2817344666,16.021736145,16.0880012512,1.8973274231,6.30171537399,16.2290382385,3.47744393349,5.13616704941,14.5375804901
2019-07-19,4.25293302536,14.2538890839,15.821811676,15.9792509079,1.87331008911,6.23169898987,16.0256347656,3.39319849014,5.0454416275,14.5166282654
2019-07-22,4.21242856979,14.5378599167,15.989192009,15.7345676422,1.85409641266,6.30638313293,16.0287151337,3.37681770325,5.18657207489,14.5333909988
2019-07-23,4.16613769531,14.5155878067,15.9938421249,15.7753505707,1.85890054703,6.34839391708,15.8407211304,3.38149738312,5.16136980057,14.3741416931
2019-07-24,4.09670257568,14.4487705231,16.2867527008,16.0404186249,1.84929347038,6.3670668602,16.1273384094,3.33001422882,5.12104654312,14.5417709351
2019-07-25,4.05041217804,14.3095722198,15.4870557785,16.142375946,1.84448993206,6.18501996994,15.4462442398,3.29257273674,5.08072328568,14.2903261185
2019-07-26,4.0214805603,13.7806215286,15.2359905243,16.0608158112,1.84448993206,6.14300441742,15.4092588425,3.30193352699,4.98999643326,14.1897506714
2019-07-29,3.94625902176,13.6191473007,15.2359905243,16.006439209,1.83968710899,6.09632873535,15.5479478836,3.2878921032,4.86398696899,13.9802150726
2019-07-30,4.04462623596,13.6414222717,14.9709815979,16.0540218353,1.85409641266,6.14300441742,15.3907728195,3.31831359863,5.01519823074,14.1436538696
2019-07-31,4.10827493668,13.4743804932,14.4641942978,15.9925088882,1.83007967472,5.91427659988,15.1688766479,3.30895400047,4.91439056396,14.1268911362
2019-08-01,4.08513116837,13.669260025,14.3386611938,16.2735595703,1.8060631752,5.7882399559,15.0240278244,3.36277723312,5.15128898621,13.8293504715
2019-08-02,4.03305387497,13.7750482559,14.3048191071,16.0884780884,1.82047331333,5.69488334656,15.0271139145,3.36043667793,5.13616704941,13.6617221832
2019-08-05,3.9983355999,13.6566553116,14.0071058273,15.821138382,1.75802981853,5.60152435303,14.7466650009,3.2902328968,5.05048084259,13.2007436752
2019-08-06,4.19507026672,13.8560609818,14.3559875488,15.9033956528,1.87331008911,5.81158161163,14.9469871521,3.39319849014,5.13616704941,13.246840477
2019-08-07,4.21821451187,13.9757061005,14.5606746674,15.7937202454,1.87811374664,5.98429441452,14.9315776825,3.27619194984,5.04040050507,12.9912071228
2019-08-08,4.4612402916,13.9870996475,14.6397514343,16.0404930115,1.84929347038,6.09632873535,15.0394420624,3.39319849014,5.07568359375,13.2007436752
2019-08-09,4.46702575684,14.1466274261,14.3373842239,16.0884780884,1.86850678921,6.07765388489,14.9932146072,3.41659998894,5.163813591,13.3055114746
2019-08-12,4.32236766815,14.1580190659,14.0024394989,16.109041214,1.80126035213,5.95628786087,14.4847135544,3.40021896362,5.18446874619,13.2007436752
2019-08-13,4.31079626083,14.2377843857,14.1745643616,16.451789856,1.83007967472,5.85826063156,14.6542081833,3.47276329994,5.21545219421,13.3725633621
2019-08-14,4.11984825134,14.1181430817,13.7977561951,16.115896225,1.81567013264,5.88160228729,14.142624855,3.39319849014,5.04504680634,12.5511846542
2019-08-15,3.88260960579,13.6338644028,13.727973938,15.5675029755,1.72920918465,5.91427659988,14.1302986145,3.30193352699,4.96758842468,11.4406442642
2019-08-16,3.9231133461,13.7022314072,13.7651910782,16.1364650726,1.7388163805,5.94809341431,14.0933160782,3.40255856514,4.93660593033,11.5118837357
2019-08-19,3.89996910095,13.7592058182,13.537238121,15.9033956528,1.73401260376,5.84736013412,13.8159427643,3.4517018795,4.93660593033,11.7046585083
2019-08-20,3.93468618393,13.4971237183,13.3976869583,16.25299263,1.76283347607,5.78020381927,13.8036184311,3.45404148102,4.84365653992,11.7717103958
2019-08-21,3.97519016266,13.5427055359,13.727973938,16.5957393646,1.753226161,5.86654806137,14.5925750732,3.59912967682,4.93660593033,11.6292276382
2019-08-22,4.0214805603,13.6566553116,13.4442052841,16.8082466125,1.72440588474,5.78979921341,14.5135965347,3.5172264576,4.87980413437,11.4783601761
2019-08-23,3.8536772728,13.2578334808,13.0953025818,16.4723529816,1.68597912788,5.73223400116,13.9847002029,3.40957927704,4.77652692795,11.6082725525
2019-08-26,3.84210538864,13.223651886,13.0394849777,16.0610561371,1.64274907112,5.73223400116,13.9193668365,3.36277723312,4.71456193924,11.4029273987
2019-08-27,3.90575480461,13.3148107529,13.2023000717,15.9993619919,1.63794577122,5.78500127792,13.8073635101,3.38383769989,4.7713637352,11.8219985962
2019-08-28,3.95204472542,13.4743356705,13.1278734207,15.9787988663,1.64274907112,5.86175298691,13.6922531128,3.28087162971,4.86431264877,11.9938144684
2019-08-29,4.13142156601,13.5597953796,13.546544075,16.5066280365,1.68117570877,5.91931295395,14.0251436234,3.38383769989,5.03471803665,12.5092763901
2019-08-30,4.21821451187,14.1295347214,14.0954818726,16.451789856,1.7388163805,5.97687578201,14.3860435486,3.45404148102,5.02439069748,12.8151979446
2019-09-02,4.27607774734,14.1010513306,13.7791538239,16.451789856,1.67637217045,5.94324302673,14.2024822235,3.48680448532,5.02955532074,12.3626012802
2019-09-03,4.19507026672,13.9586143494,13.4846105576,16.451789856,1.6955858469,5.85676193237,13.9380340576,3.41893959045,5.01406288147,12.3919382095
2019-09-04,4.16035079956,14.186507225,13.6894235611,16.4106616974,1.68117570877,5.92402601242,14.2678203583,3.43766093254,5.03988265991,13.0373058319
2019-09-05,4.22978830338,14.2206916809,14.0245666504,16.2941265106,1.6955858469,6.07296943665,14.7656068802,3.46808290482,5.03988265991,12.9534921646
2019-09-06,4.23557424545,14.0725631714,14.5691537857,16.3146934509,1.65235602856,6.19788694382,15.3660573959,3.44234156609,5.06053829193,13.112739563
2019-09-09,4.14877939224,13.8503637314,14.7646608353,16.0816192627,1.67156875134,6.26995420456,15.5558338165,3.38617777824,5.05020999908,13.1965513229
2019-09-10,4.21821451187,14.0212860107,14.6669092178,16.0816192627,1.7051923275,6.20269203186,15.294500351,3.36979746819,5.01406288147,13.0959730148
2019-09-11,4.33394098282,14.3289413452,14.7087974548,16.3215427399,1.66196250916,6.26034450531,14.9304933548,3.44702148438,5.09668445587,13.3306541443
2019-09-12,4.4380941391,14.6707868576,14.5877733231,16.6025943756,1.66196250916,6.31799936295,15.0064516068,3.4517018795,5.18963336945,13.355799675
2019-09-13,4.41494989395,14.1979036331,14.420214653,16.6642875671,1.64274907112,6.3420214653,14.7375822067,3.37681770325,5.14315843582,13.1546440125
2019-09-16,4.34551429749,14.186507225,14.2898845673,16.5546092987,1.61873221397,6.26515293121,14.5843954086,3.30193352699,5.15348625183,13.1797904968
2019-09-17,4.40337705612,14.3859176636,14.4574460983,16.8699321747,1.65235602856,6.3420214653,14.7876062393,3.37447738647,5.18963336945,13.0959730148
2019-09-18,4.40337705612,14.4428930283,14.5645093918,16.9453430176,1.65235602856,6.35163545609,15.0127058029,3.34639596939,5.23094272614,13.1588344574
2019-09-19,4.50174331665,14.3973112106,14.3690109253,16.8219509125,1.62353587151,6.30839109421,14.6219091415,3.35809612274,5.3187289238,12.9367284775
2019-09-20,4.40916347504,14.2036018372,14.8484458923,17.2332439423,1.6331423521,6.24593162537,14.8532581329,3.34405636787,5.18963336945,12.8193902969
2019-09-23,4.49595880508,14.175113678,14.7274236679,17.4868812561,1.62353587151,6.31319284439,14.7813501358,3.32299470901,5.14315843582,13.0121631622
2019-09-24,4.54224824905,14.0953464508,14.5645093918,17.5005931854,1.59445738792,6.27956342697,14.3311624527,3.2878921032,5.08635663986,13.2845573425
2019-09-25,4.57118082047,13.8560609818,14.7041463852,17.3429317474,1.5702252388,6.28436756134,14.23736763,3.25279092789,5.03471803665,13.2510347366
2019-09-26,4.57696485519,13.8674554825,14.8298273087,17.4800243378,1.5702252388,6.4236998558,14.2905158997,3.29959273338,5.01406288147,13.2929410934
2019-09-27,4.57696485519,13.8503637314,14.8158578873,17.6171226501,1.57507157326,6.4140920639,14.1748466492,3.29959273338,5.02955532074,13.1630296707
2019-09-30,4.58275127411,14.0725631714,14.5458850861,18.1106758118,1.57507157326,6.37565517426,14.22174263,3.35341620445,5.05537462234,13.3138923645
2019-10-01,4.60011100769,13.9073352814,14.420214653,17.8913173676,1.57991755009,6.26995420456,14.0529193878,3.39319849014,5.08635663986,13.4940948486
2019-10-02,4.4380941391,13.6680440903,13.8647146225,17.0413074493,1.61868929863,6.07777070999,13.5745868683,3.29725337029,4.91595029831,12.7816724777
2019-10-03,4.45545291901,13.8218774796,13.8833398819,17.1372833252,1.72046244144,6.09698820114,14.1592102051,3.2621512413,4.9469332695,12.7774820328
2019-10-04,4.48438501358,13.8788499832,13.9392356873,17.1372833252,1.66230630875,6.03933429718,14.2561225891,3.26683092117,4.95726156235,12.6014709473
2019-10-07,4.4612402916,13.223651886,13.7249956131,16.5888843536,1.63807451725,5.89039134979,13.6933860779,3.22470927238,4.81783819199,12.1446819305
2019-10-08,4.44387960434,13.2578334808,13.7808790207,16.4860649109,1.60414993763,5.91441726685,13.4464035034,3.23172998428,4.76103591919,12.5302314758
2019-10-09,4.47859859467,13.2635354996,14.3304424286,16.5957393646,1.64776706696,5.96726751328,13.818441391,3.22938728333,4.73521709442,12.2159261703
2019-10-10,4.57118082047,13.280620575,14.414276123,16.5957393646,1.63807451725,6.07777070999,13.8809690475,3.19896697998,4.70423460007,12.2159261703
2019-10-11,4.55960655212,13.343296051,14.6238451004,16.8630867004,1.64776706696,6.24112701416,14.1404542923,3.24576997757,4.77652692795,12.9283475876
2019-10-14,4.6290435791,13.56549263,14.8380861282,16.9727649689,1.65261375904,6.35163545609,14.0685472488,3.24576997757,4.90045928955,12.5386133194
2019-10-15,4.58853769302,13.3091106415,14.9824666977,16.8630867004,1.66230630875,6.29397773743,13.8747148514,3.25279092789,4.80751037598,12.4547977448
2019-10-16,4.68111944199,13.2692270279,15.4388685226,17.1372833252,1.69623112679,6.52940034866,14.0685472488,3.23874950409,4.80751037598,12.7271900177
2019-10-17,4.73319625854,13.2065582275,15.2246446609,17.1372833252,1.67199885845,6.54381275177,14.0404100418,3.25747084618,4.83849334717,12.5344190598
2019-10-18,4.69847774506,13.3262042999,15.0801010132,16.9590511322,1.70107722282,6.39487266541,14.3999376297,3.19428634644,4.84365653992,12.3961277008
2019-10-21,4.69847774506,13.2692270279,15.3151216507,16.9933261871,1.77861988544,6.47655105591,14.5062322617,3.20598816872,4.87980413437,12.5344190598
2019-10-22,4.65218734741,13.1267957687,15.7180337906,16.8630867004,1.78831195831,6.60627031326,14.8188772202,3.20598816872,4.87980413437,12.6978588104
2019-10-23,4.60589647293,13.1951637268,15.8811159134,16.917924881,1.74469470978,6.63029575348,14.88139534,3.1755657196,4.95209789276,12.5260353088
2019-10-24,4.61168336868,13.1267957687,15.8523330688,16.8013858795,1.73015606403,6.59185934067,14.7876062393,3.15684533119,4.84882164001,12.4086971283
2019-10-25,4.58853769302,13.1153993607,15.9770393372,17.0755825043,1.69623112679,6.67833948135,14.9220409393,3.07961940765,4.81783819199,12.6308059692
2019-10-28,4.57118082047,13.1381912231,16.4518890381,17.4183311462,1.73500192165,6.70236539841,15.2534341812,3.1030216217,4.82816696167,12.4464149475
2019-10-29,4.51910352707,13.2464399338,16.2696266174,17.4457511902,1.73015606403,6.65912485123,15.2127914429,3.1030216217,4.82300233841,12.4883232117
2019-10-30,4.54224824905,13.4629364014,16.4327087402,17.507440567,1.74954116344,6.72158241272,15.4503860474,3.17088651657,4.92627763748,12.4464149475
2019-10-31,4.56539154053,13.4287557602,15.7564086914,17.4457511902,1.75923395157,6.63029575348,15.0533475876,3.19428634644,5.08119249344,12.1572599411
2019-11-01,4.66376066208,13.3660812378,15.5837287903,17.5005931854,1.82223677635,6.63029575348,14.9939479828,3.14514350891,5.02439069748,12.4631786346
2019-11-04,4.68111944199,13.280620575,15.6639938354,17.4868812561,1.7931586504,6.70236539841,14.9095277786,3.14280366898,5.00889873505,12.7732906342
2019-11-05,4.53646230698,13.1609792709,15.927939415,17.6171226501,1.72530925274,6.73599863052,15.003326416,3.1030216217,4.95726156235,12.5344190598
2019-11-06,4.57118082047,13.22935009,15.7071828842,17.7199440002,1.7398481369,6.70716810226,14.9032764435,3.07259964943,4.94177055359,12.572136879
2019-11-07,4.65218734741,13.3091106415,15.8463535309,18.0284156799,1.74469470978,6.75041103363,14.9032764435,3.10068154335,4.99340867996,12.7774820328
2019-11-08,4.5306763649,13.3603887558,15.3712558746,17.7268009186,1.73015606403,6.60627031326,14.6938199997,3.06323838234,4.90562391281,12.3751735687
2019-11-11,4.5306763649,13.2570295334,15.4432287216,17.8776073456,1.70107722282,6.64471197128,14.7688465118,3.07494044304,4.90045928955,12.5386133194
2019-11-12,4.48438501358,13.3218755722,15.2272834778,17.6445446014,1.66715288162,6.57264089584,14.6062793732,3.02345728874,4.87980413437,12.6056623459
2019-11-13,4.45545291901,13.0801925659,15.1648893356,17.8433380127,1.71561658382,6.52459430695,14.3655529022,3.00707602501,4.85914850235,12.383556366
2019-11-14,4.54803371429,13.0271396637,15.0641212463,18.5082626343,1.71077024937,6.58224821091,14.5406284332,3.01409649849,4.83332872391,11.9435319901
2019-11-18,4.48438501358,12.9740924835,14.9489402771,18.453420639,1.70107722282,6.57264089584,14.546880722,2.94857239723,4.86947631836,12.0902032852
2019-11-19,4.51331758499,12.7913560867,14.924946785,18.2409210205,1.70107722282,6.44772624969,14.315530777,2.93687224388,4.85398483276,12.1069698334
2019-11-21,4.53646230698,12.6793575287,15.0977048874,19.0223827362,1.71077024937,6.53420305252,14.4999799728,2.94857239723,4.88583612442,11.9854364395
2019-11-22,4.58853769302,12.8738822937,15.3520593643,19.0429458618,1.73500192165,6.57744693756,14.7316045761,3.01877641678,4.94901323318,12.0818223953
2019-11-25,4.54224824905,12.8444099426,15.1313028336,19.5159301758,1.75923395157,6.47655105591,14.684343338,2.9953751564,4.90163087845,11.9141921997
2019-11-26,4.55960655212,12.7265138626,14.6561994553,19.570772171,1.70592343807,6.29397773743,14.4952707291,2.96963405609,4.88583612442,12.3667898178
2019-11-27,4.48438501358,12.7441997528,14.8625545502,19.3308486938,1.72046244144,6.40447854996,14.9175243378,2.96261382103,4.90163087845,12.5302314758
2019-11-28,4.50753068924,12.9917726517,14.8481531143,19.1800441742,1.72046244144,6.39487266541,14.9994525909,3.00005555153,4.92269039154,12.5679454803
2019-11-29,4.50753068924,13.0507230759,14.9969291687,19.5364971161,1.73015606403,6.38526153564,15.0656251907,3.0538790226,4.97533893585,12.5469894409
2019-12-02,4.51331758499,12.9681959152,15.1457014084,19.5159301758,1.73500192165,6.49593544006,14.9458856583,3.03749775887,4.98060512543,12.6517591476
2019-12-03,4.49595880508,13.0035600662,15.0723524094,19.5433521271,1.73015606403,6.44781494141,15.2483949661,3.00005555153,5.05431365967,12.4925127029
2019-12-04,4.61168336868,12.9681959152,15.4132652283,19.5296421051,1.76408004761,6.57773542404,15.4689722061,3.01409649849,5.01219463348,12.4883232117
2019-12-05,4.69269132614,12.956404686,15.5189056396,19.4062576294,1.74469470978,6.59217071533,15.3366241455,3.06089949608,5.08063840866,12.4464149475
2019-12-06,4.8084192276,13.0035600662,15.5092935562,19.7969818115,1.7543874979,6.51999187469,15.273601532,3.04685807228,5.08063840866,12.3416481018
2019-12-09,4.76212787628,13.1627178192,15.3796634674,19.9135227203,1.7543874979,6.64028930664,15.3208694458,3.01409649849,5.12802267075,12.3793640137
2019-12-10,4.77369880676,13.1214561462,15.3220310211,19.4953689575,1.77377307415,6.64028930664,15.1002864838,2.98133420944,5.1438164711,12.3709859848
2019-12-11,4.80263137817,13.2629270554,15.2932319641,19.5364971161,1.78346550465,6.59217071533,15.0782308578,3.04217815399,5.13855171204,12.5511846542
2019-12-12,4.84313631058,13.2806110382,15.4756946564,19.4953689575,1.83192956448,6.68359375,15.4692058563,3.04685807228,5.23331880569,12.6643323898
2019-12-13,4.91257095337,13.4102916718,15.6149358749,19.728433609,1.88039267063,6.66720247269,15.3490228653,3.04919815063,5.2596449852,13.3893241882
2019-12-16,5.03408384323,13.5074701309,15.3796634674,19.8449707031,1.89977800846,6.60462331772,15.1402769089,3.13812422752,5.36494207382,14.0011701584
2019-12-17,5.01093864441,13.2759199142,15.624540329,19.7490005493,1.96278131008,6.70090007782,15.4818563461,3.15918493271,5.30146217346,14.2903261185
2019-12-18,5.04565572739,13.353105545,16.2295436859,20.4619121552,2.00639891624,6.80680799484,16.0163707733,3.1755657196,5.34383058548,14.7345438004
2019-12-19,5.10351991653,13.3293533325,16.4696311951,20.8389320374,2.03547716141,6.73941135406,16.1808395386,3.20364737511,5.32264661789,14.6088228226
2019-12-20,5.16716766357,13.2462320328,16.2373752594,20.4482002258,2.05970883369,6.73459815979,16.1492118835,3.19428634644,5.29616546631,14.2693748474
2019-12-23,5.32339906693,13.4777879715,16.5638771057,20.5647335052,2.14694428444,6.76348161697,16.6362819672,3.20598816872,5.34383058548,14.8644542694
2019-12-26,5.3002538681,13.6321601868,16.7393112183,20.6332874298,2.1760225296,6.80199384689,16.8260440826,3.26910448074,5.38620138168,15.1619958878
2019-12-27,5.3002538681,13.5371580124,16.6320877075,20.8389320374,2.20509958267,6.78754997253,16.7532997131,3.26910448074,5.36501407623,15.3421964645
2019-12-30,5.32339906693,13.4065437317,16.6028575897,20.9280490875,2.1808681488,6.76348161697,16.7058601379,3.2929828167,5.44445943832,14.9650325775
2020-01-02,5.20767307281,13.5193500519,17.2704772949,21.2639350891,2.19540786743,6.84050273895,17.0158100128,3.31447577477,5.3544216156,14.7303514481
2020-01-03,5.10930633545,13.1809196472,17.0009841919,20.7152500153,2.1808681488,6.85494709015,16.9873523712,3.27865600586,5.44975423813,14.1059360504
2020-01-06,5.19610023499,13.2581033707,16.9034633636,21.3275604248,2.15179014206,6.78754997253,16.7627887726,3.32402729988,5.47623586655,14.4579572678
2020-01-07,5.20188522339,13.1631116867,16.6158046722,21.5477161407,2.1808681488,6.72015619278,16.6362819672,3.44581198692,5.42327404022,14.3573789597
2020-01-08,5.20188522339,13.0621738434,16.3622913361,21.4169979095,2.12271165848,6.63350534439,16.484462738,3.54132986069,5.42327404022,14.8770284653
2020-01-09,5.19610023499,13.014673233,16.2013950348,21.816028595,2.16148304939,6.53722810745,16.1492118835,3.5126748085,5.3544216156,14.7471160889
2020-01-10,5.2713227272,13.121544838,15.9186143875,21.4307537079,2.14694428444,6.50834846497,15.7696695328,3.56521058083,5.39149618149,14.7513084412
2020-01-13,5.36390256882,13.2996683121,16.1136379242,21.3275604248,2.16148304939,6.59499597549,15.9467849731,3.66550374031,5.44975423813,14.89798069
2020-01-14,5.40440654755,13.2759199142,16.1477603912,21.644033432,2.29233455658,6.61906337738,15.8613939285,3.70371127129,5.42327404022,15.141046524
2020-01-15,5.23660469055,13.2818574905,15.7772159576,21.4857940674,2.24387097359,6.52278614044,15.5704183578,3.6798312664,5.48153305054,16.5030212402
2020-01-16,5.25396347046,13.5371580124,16.0356235504,21.4926776886,2.30202746391,6.51797103882,15.639995575,3.7013232708,5.45505285263,17.580039978
2020-01-17,5.3118262291,13.7212171555,16.3720321655,21.595872879,2.36503052711,6.5853676796,15.8519058228,3.73475551605,5.56097412109,17.8566226959
2020-01-20,5.30604076385,13.8874645233,16.1185092926,22.1737804413,2.38441610336,6.52278614044,15.7506923676,3.6798312664,5.64571285248,17.307641983
2020-01-21,5.21924543381,13.9112186432,15.5578184128,22.1187458038,2.39895510674,6.40243911743,15.295255661,3.63446044922,5.64571285248,16.5533123016
2020-01-22,5.17874145508,13.7924633026,15.6894598007,22.6140918732,2.44741916656,6.49871969223,15.415438652,3.59386563301,5.66160106659,17.3537387848
2020-01-23,5.20767307281,13.7865247726,16.1136379242,22.187543869,2.52011466026,6.61425065994,16.2820472717,3.64878797531,5.67749071121,17.2028713226
2020-01-24,5.1498093605,13.7152843475,16.0258731842,22.263217926,2.60734939575,6.55167150497,16.0669746399,3.68699550629,5.66160106659,16.6999855042
2020-01-27,4.97622060776,13.4362287521,15.6016988754,22.1187458038,2.44741916656,6.40243911743,15.90883255,3.63446044922,5.55038166046,15.8115539551
2020-01-28,5.09194612503,13.5074701309,15.6406946182,22.359539032,2.45711231232,6.42651224136,16.0385131836,3.7013232708,5.66689825058,15.7612705231
2020-01-29,5.08616018295,13.3887271881,15.309173584,21.4376354218,2.38441610336,6.41206932068,15.6431560516,3.6798312664,5.60334253311,15.3002910614
2020-01-30,5.09194612503,13.2581033707,15.4554395676,21.7816295624,2.42318677902,6.49390554428,15.7506923676,3.62729740143,5.64041614532,14.4579572678
2020-01-31,4.92993021011,13.1809196472,15.2847976685,21.3275604248,2.34564495087,6.31579208374,15.352183342,3.56998634338,5.50801277161,13.7036275864
2020-02-03,5.04565572739,13.2581033707,15.3969335556,21.816028595,2.35533809662,6.3591170311,15.4280910492,3.62490916252,5.53978872299,14.3531913757
2020-02-04,5.05144357681,13.4124765396,15.4541292191,22.4696140289,2.56373214722,6.36874437332,15.2604637146,3.67028045654,5.53449296951,13.8293504715
2020-02-05,5.19031381607,13.2818574905,15.7370576859,23.0475215912,2.49588322639,6.37837314606,15.9404668808,3.81355690956,5.44445943832,14.2358484268
2020-02-06,5.03987073898,13.1809196472,15.5175457001,22.0843448639,2.47649717331,6.33023357391,15.671628952,3.74430632591,5.44445943832,14.3448066711
2020-02-07,4.9357175827,12.9612369537,15.4687595367,21.4651546478,2.3892621994,6.31097888947,15.6874332428,3.62490916252,5.38620138168,13.9969787598
2020-02-10,4.9241437912,12.9078006744,15.5516939163,21.2793998718,2.43772649765,6.38318634033,15.5324630737,3.49357151985,5.31735134125,12.9912071228
2020-02-11,5.00515174866,13.157169342,15.9760866165,21.4445171356,2.56373214722,6.47464799881,16.2314395905,3.59625220299,5.45505285263,13.6198120117
2020-02-12,4.96464776993,13.2937297821,15.7468166351,21.8710689545,2.57342457771,6.52278614044,16.3263244629,3.60102915764,5.56627130508,13.4521856308
2020-02-13,4.97622060776,13.2224826813,15.3760738373,21.1074028015,2.655813694,6.51797103882,16.0733013153,3.52939009666,5.49741983414,13.3222732544
2020-02-14,4.97622060776,13.1927947998,14.9614286423,21.3206787109,2.655813694,6.4505777359,15.7665081024,3.53894329071,5.45505285263,13.2300786972
2020-02-17,5.03408384323,13.4659137726,14.8784980774,21.3825969696,2.64127397537,6.44095277786,15.5292978287,3.59864091873,5.57156610489,13.0498790741
2020-02-18,5.06301450729,13.4302873611,14.7945346832,21.2931556702,2.60734939575,6.52278614044,15.6779518127,3.59625220299,5.49741983414,13.033115387
2020-02-19,5.12087869644,13.5371580124,14.8825101852,22.0086669922,2.71396946907,6.68645811081,15.7159032822,3.57714962959,5.48153305054,13.4102802277
2020-02-20,5.08037424088,13.2877902985,14.5452709198,21.6371536255,2.70427680016,6.5853676796,15.5546035767,3.48640727997,5.40738582611,13.355799675
2020-02-21,5.00515174866,13.3293533325,14.3546638489,21.4995555878,2.69458436966,6.54228401184,15.5672616959,3.57237386703,5.3597202301,13.0959730148
2020-02-26,4.6290435791,12.9196767807,13.3038368225,20.7083740234,2.46195793152,6.28855419159,14.43400383,3.30969953537,5.18494653702,12.4464149475
2020-02-27,4.54803371429,12.8899869919,13.0252523422,20.056427002,2.39895510674,6.24377584457,14.6127128601,3.27149271965,5.2590918541,11.7549476624
2020-02-28,4.57118082047,13.0859222412,13.3380556107,20.8918170929,2.39797711372,6.3383026123,14.9541835785,3.333578825,5.2432050705,11.2311086655
2020-03-02,4.70426464081,13.2877902985,13.4944486618,21.6921005249,2.62798690796,6.48281335831,15.0467290878,3.43625974655,5.3332400322,12.2452602386
2020-03-03,4.57118082047,13.1749820709,13.2779178619,21.4955406189,2.60841107368,6.35823392868,14.6063327789,3.44342446327,5.38090467453,11.9854364395
2020-03-04,4.59432458878,13.9527778625,13.3806247711,21.7693271637,2.61819887161,6.43796491623,14.622294426,3.60102915764,5.48682880402,11.922577858
2020-03-05,4.21242856979,13.4481019974,12.9844865799,21.0532741547,2.39308285713,6.40308189392,13.7574625015,3.42909669876,5.23261213303,11.1053857803
2020-03-06,4.09670257568,13.3293533325,12.5736837387,20.7514152527,2.33925080299,6.27851057053,13.498966217,3.26910448074,5.29087018967,11.2352991104
2020-03-09,3.63958334923,12.8246774673,11.3412561417,18.9612884521,2.1092402935,6.02936267853,12.0086584091,2.93717908859,5.10020780563,9.6889257431
2020-03-10,3.84210538864,12.8187427521,11.6689243317,19.1438121796,2.18754196167,6.20376443863,12.6405248642,3.01836967468,5.29087018967,10.8120355606
2020-03-11,3.65115785599,12.2962532043,10.7446041107,18.3926582336,2.01136422157,5.83004426956,11.549118042,2.71987485886,5.2432050705,10.0577087402
2020-03-12,2.98573255539,11.4590873718,9.37524032593,16.005821228,1.65411484241,5.37659645081,10.0228872299,2.19452619553,5.10020780563,8.42333126068
2020-03-13,3.10145902634,12.0290756226,10.9059925079,16.5674304962,1.79114174843,5.53106641769,11.7035284042,2.50734758377,5.12139225006,9.21956729889
2020-03-16,2.73113536835,11.3700256348,9.34100246429,14.0401992798,1.4975117445,5.47625541687,9.75026512146,2.22557020187,4.76654958725,7.22897863388
2020-03-17,2.67905807495,11.5659599304,9.93765449524,14.8194284439,1.50240588188,5.4314084053,10.221745491,2.36884665489,5.05783748627,7.70672035217
2020-03-18,2.44181895256,10.4972372055,9.13560390472,12.734459877,1.12558078766,5.32178258896,8.53469085693,2.19213843346,4.72947597504,6.51655769348
2020-03-19,2.77163934708,10.7584819794,8.81771278381,13.6891918182,1.13047480583,5.11249923706,8.20112705231,2.25422501564,4.57588720322,7.19964551926
2020-03-20,2.54018712044,10.6931686401,8.30909538269,13.5066690445,1.15494370461,4.95802688599,7.89001655579,2.12527608871,4.67121839523,7.48880290985
2020-03-23,2.1987953186,10.3369283676,7.66842603683,13.1697044373,1.10111165047,4.62915372849,7.09780788422,1.94617938995,4.37993001938,7.12420988083
2020-03-24,2.16986322403,10.7228555679,8.74924659729,13.6470746994,1.06399512291,4.8583688736,8.31338310242,2.00587821007,4.53881406784,7.59356975555
2020-03-25,2.40131545067,11.3344039917,9.44370937347,14.0963573456,1.23720383644,4.89325046539,9.31086349487,2.1658706665,4.5335187912,9.01003265381
2020-03-26,2.54597306252,12.0825071335,9.77626514435,14.6720046997,1.31638491154,4.88826751709,9.77913188934,2.38795018196,4.69769954681,9.82302951813
2020-03-27,2.37238454819,11.7203321457,9.20895862579,13.8295946121,1.30648756027,4.928129673,9.05748271942,2.20169043541,4.64473772049,9.76435947418
2020-03-30,2.38974285126,11.5006513596,9.41436290741,14.4965019226,1.31638491154,5.05270385742,9.2980298996,2.17542290688,4.62355232239,10.1624755859
2020-03-31,2.35502529144,11.2631530762,9.19918251038,14.2086811066,1.22235774994,4.95802688599,8.94522857666,2.12766385078,4.71358680725,10.0577087402
2020-04-01,2.29716205597,10.8297281265,8.79814720154,14.0401992798,1.19761323929,4.81850671768,8.56676006317,2.01304149628,4.55999946594,9.84817314148
2020-04-02,2.1987953186,11.3106517792,9.00240707397,14.1806001663,1.16792035103,4.903216362,8.66618919373,1.96050703526,4.74536418915,10.0116109848
2020-04-03,2.10042834282,11.5481481552,8.64994716644,13.4856081009,1.09863722324,4.73379421234,8.17867660522,1.89842033386,4.70829105377,9.57577514648
2020-04-06,2.22193980217,11.7559566498,9.5261964798,14.0401992798,1.12338078022,5.0078587532,8.93560504913,2.02975797653,4.87247228622,9.16508865356
2020-04-07,2.36081147194,11.488776207,10.0548963547,15.0159912109,1.19761323929,5.13243293762,9.35576438904,2.07035255432,4.87247228622,9.53386974335
2020-04-08,2.40710258484,11.3106517792,10.2360210419,15.1914920807,1.23225498199,5.38157844543,9.53537273407,2.11811184883,4.80891895294,9.5799665451
2020-04-09,2.38395690918,11.3878393173,10.123421669,15.1283130646,1.20256245136,5.33673334122,9.50971603394,2.18974995613,4.82480669022,9.99484825134
2020-04-13,2.31452131271,11.3759641647,10.3975582123,14.9808883667,1.22235774994,5.43639087677,9.69894981384,2.26377701759,4.79832601547,9.82129573822
2020-04-14,2.41288852692,11.86876297,10.651137352,15.7250232697,1.32628297806,5.44635820389,9.68932533264,2.37362265587,4.84599256516,10.8328771591
2020-04-15,2.36659812927,11.9400119781,10.2311248779,15.7811822891,1.43515646458,5.39154291153,9.50971603394,2.39989042282,4.84599256516,11.0164146423
2020-04-16,2.36659812927,11.8450155258,10.0318813324,15.9496650696,1.45990097523,5.41646099091,9.23709106445,2.41421794891,4.79832601547,10.7859249115
2020-04-17,2.40710258484,11.4775457382,10.1611194611,16.6516742706,1.43020737171,5.31181716919,9.4872636795,2.42138171196,4.71888399124,10.6664142609
2020-04-20,2.4591782093,11.3814487457,9.91880226135,17.2554016113,1.56382572651,5.27693796158,9.2980298996,2.40227866173,4.73477268219,10.6066598892
2020-04-22,2.65591311455,11.7598295212,9.91880226135,17.0237388611,1.5390816927,5.27693796158,9.25633430481,2.42138171196,4.90424966812,11.2084846497
2020-04-23,2.58647751808,11.8379077911,9.63340759277,16.9886379242,1.47969567776,5.21714019775,8.99654579163,2.35213088989,4.87247228622,11.0804357529
2020-04-24,2.47075152397,11.279343605,8.57798862457,16.223449707,1.35102629662,4.9081993103,7.79379653931,2.08945679665,4.72418117523,10.333489418
2020-04-27,2.41867494583,11.5075740814,8.85799598694,16.427028656,1.41536104679,5.10253429413,8.23961448669,2.10617160797,5.04194974899,11.2170228958
2020-04-28,2.44760656357,11.6937627792,9.73033428192,16.4340496063,1.41536104679,5.35666418076,9.34614181519,2.24467396736,5.00487709045,10.9481210709
2020-04-29,2.53440070152,11.6637334824,10.1072702408,16.3498134613,1.46484959126,5.53106641769,9.4808473587,2.33063960075,4.90954685211,10.7773895264
2020-04-30,2.44181895256,11.6697359085,9.45570755005,16.005821228,1.41536104679,5.30185222626,9.14087486267,2.27332830429,4.840695858,9.98775959015
2020-05-04,2.44760656357,11.4114761353,9.09492683411,15.2406377792,1.43515646458,5.11249923706,8.90353012085,2.2064666748,4.84599256516,9.89385795593
2020-05-05,2.37817072868,11.4475183487,9.08266639709,15.1072511673,1.3708217144,5.15236186981,8.91635990143,2.20885467529,4.89895391464,9.63349151611
2020-05-06,2.40131545067,11.3754425049,8.87244033813,15.1634140015,1.34607815742,5.10253429413,8.65657043457,2.10617160797,4.83539915085,9.85970878601
2020-05-07,2.29716205597,11.321390152,8.581366539,14.7281646729,1.27184557915,4.96799564362,8.42243480682,1.97722351551,4.80328512192,9.67190551758
2020-05-08,2.30873513222,11.5376052856,8.96407604218,14.5035257339,1.30153846741,5.07762002945,8.69184780121,2.06080079079,4.79795455933,9.64202785492
2020-05-11,2.22772622108,11.2312955856,8.80776023865,13.9419145584,1.28669178486,5.01284217834,8.74637126923,1.98199832439,4.74997615814,9.48837089539
2020-05-12,2.12935948372,11.2433109283,8.52746391296,14.0401992798,1.20256245136,4.81850671768,8.43846797943,1.92468774319,4.73931264877,9.50971221924
2020-05-13,2.16407680511,11.3574237823,8.46278095245,13.7664108276,1.13822758198,4.97796106339,8.19471359253,1.89125680923,4.7446436882,9.50117683411
2020-05-14,2.25665831566,11.3514204025,8.82932090759,14.6228656769,1.20751070976,4.99789142609,8.54751777649,2.05124950409,4.79795455933,9.59934616089
2020-05-15,2.13514566422,11.3153800964,8.52207374573,14.1455011368,1.18771541119,4.78362464905,8.38715267181,1.96050703526,4.8246088028,9.31764125824
2020-05-18,2.31452131271,11.6817502975,8.92634677887,14.5316019058,1.30648756027,4.98792552948,8.78806591034,2.09662055969,4.96321773529,9.54385948181
2020-05-19,2.25665831566,11.5195875168,8.62448883057,14.0121164322,1.26194810867,4.8583688736,8.55072593689,2.03692173958,4.9898724556,9.38593196869
2020-05-20,2.31452131271,11.4655332565,8.7861995697,14.6509466171,1.27184557915,4.88328409195,8.76561832428,2.09423208237,4.94825315475,9.43288135529
2020-05-21,2.44181895256,11.8198881149,9.32522773743,15.500374794,1.34607815742,5.07762002945,9.3846321106,2.20885467529,5.11228513718,9.74873542786
2020-05-22,2.29716205597,11.9580278397,9.17430019379,15.6056785583,1.29658973217,5.22710752487,9.14408111572,2.23512101173,5.07400989532,9.727394104
2020-05-25,2.42446088791,12.1802520752,9.90738201141,16.1462249756,1.34607815742,5.36662864685,10.1030721664,2.39511370659,5.19430065155,10.0773925781
2020-05-26,2.43603348732,12.2643346786,9.45998764038,16.216424942,1.32628297806,5.21714019775,9.87535095215,2.50018405914,5.12321996689,9.73166370392
2020-05-27,2.7195622921,12.4204940796,9.6109161377,16.3919277191,1.41041207314,5.25700616837,9.91063117981,2.61002993584,5.19430065155,9.97068691254
2020-05-28,2.54597306252,12.6066799164,9.52467250824,16.0479507446,1.35597527027,5.2071762085,9.87535095215,2.53361558914,5.15055894852,9.95361232758
2020-05-29,2.41288852692,12.4925642014,9.59474658966,16.3919277191,1.30648756027,5.19721078873,9.8913860321,2.57898664474,5.22163772583,9.6847114563
2020-06-01,2.57490468025,12.6126890182,9.9019908905,16.841217041,1.34607815742,5.33699989319,10.1992912292,2.60286569595,5.28178405762,9.80422210693
2020-06-02,2.67327141762,12.7688455582,10.2781829834,17.978471756,1.4500027895,5.52671480179,10.5264396667,2.65778923035,5.3036532402,10.0389785767
2020-06-03,2.91051030159,12.2703437805,10.742184639,18.1469516754,1.4500027895,5.69147014618,11.1454496384,2.68883109093,5.25444412231,10.4572687149
2020-06-04,2.91629648209,12.2222919464,10.7853517532,17.6906509399,1.47969567776,5.74139547348,11.2063903809,2.66972875595,5.17242956161,10.6280002594
2020-06-05,2.97415971756,12.276350975,11.0335330963,18.1048355103,1.47474706173,5.74139547348,11.2897787094,2.7222635746,5.29818534851,10.8456802368
2020-06-08,3.06674075127,12.3604335785,11.5622816086,18.2943782806,1.71723878384,5.87619304657,11.6714506149,2.86792802811,5.32005548477,11.3365345001
2020-06-09,3.21718454361,12.4685440063,11.4435777664,17.96443367,1.65785324574,5.88617706299,11.4790115356,2.8774805069,5.29271888733,11.1401948929
2020-06-10,3.08409976959,12.3724451065,10.9849758148,17.8170108795,1.56877481937,5.74139547348,10.9722557068,2.74852991104,5.3036532402,10.867023468
2020-06-12,3.01466417313,12.1442155838,10.7313909531,17.4870662689,1.5390816927,5.59161806107,10.6964216232,2.63390898705,5.23257350922,10.6280002594
2020-06-15,2.95101499557,12.1382102966,10.5479536057,17.3958053589,1.46979820728,5.49176645279,10.6066207886,2.56704616547,5.19976854324,10.350561142
2020-06-16,2.94522857666,12.1622343063,10.8932533264,17.5502490997,1.45990097523,5.55167865753,10.7445335388,2.65540027618,5.17789649963,10.8414134979
2020-06-17,3.01466417313,12.3123846054,11.0389270782,18.3856391907,1.50938904285,5.68647527695,11.0652685165,2.79867744446,5.24351024628,10.704829216
2020-06-18,2.9683740139,12.30037117,11.0335330963,18.2522544861,1.47969567776,5.76136350632,11.0331926346,2.71271157265,5.24897575378,10.6408061981
2020-06-19,2.97994613647,12.2463178635,10.7853517532,17.6274662018,1.46979820728,5.69147014618,10.8856573105,2.71748805046,5.27084732056,9.60788345337
2020-06-22,3.01466417313,12.342414856,10.5965108871,17.4098453522,1.51928651333,5.69147014618,10.6611461639,2.7652463913,5.28724956512,10.1627559662
2020-06-23,2.91629648209,12.2703437805,10.6019077301,17.6555519104,1.49949121475,5.69147014618,10.7541561127,2.7222635746,5.21070289612,10.3932447433
2020-06-24,2.89315152168,12.1982707977,10.3698997498,17.2413635254,1.45990097523,5.59161806107,10.3339977264,2.63629722595,5.17789649963,10.2694625854
2020-06-25,2.91051030159,12.2883577347,10.5911130905,17.5081214905,1.47474706173,5.63655185699,10.5873775482,2.67211651802,5.16149377823,10.2908067703
2020-06-26,2.90472483635,12.1862592697,10.2943668365,17.1009597778,1.42525911331,5.52172231674,10.2057056427,2.53122711182,5.13415527344,10.1371507645
2020-06-29,3.00309205055,12.3724451065,10.5533428192,17.2764568329,1.43020737171,5.57164859772,10.7252912521,2.59570240974,5.18883323669,10.2438545227
2020-06-30,3.03202271461,12.5586328506,10.2296190262,17.262424469,1.4500027895,5.47179841995,10.3115472794,2.63152170181,5.15602684021,10.21824646
2020-07-01,3.03202271461,12.7988729477,10.4022760391,17.4940834045,1.43020737171,5.56665706635,10.6066207886,2.66734027863,5.2161693573,10.3932447433
2020-07-02,3.00309205055,12.7688455582,10.4925937653,17.3045425415,1.37577068806,5.68647527695,10.6354866028,2.65540027618,5.18336486816,10.3591003418
2020-07-03,3.04359555244,12.8529281616,10.4925937653,17.4028224945,1.44505417347,5.73640012741,10.7445335388,2.65778923035,5.2052359581,10.3292207718
2020-07-06,3.17668032646,13.0571327209,11.1946144104,17.5362071991,1.46979820728,5.82626676559,11.1197910309,2.71271157265,5.24897575378,10.4828777313
2020-07-07,3.15353512764,12.7013578415,10.7356033325,18.0697364807,1.48959374428,5.71143913269,10.6739740372,2.68883109093,5.17242956161,10.6023902893
2020-07-08,3.23454427719,12.909576416,11.1028156281,18.4418010712,1.47969567776,5.7913184166,10.9337663651,2.74614238739,5.23257350922,10.6962919235
2020-07-09,3.18825268745,12.7328987122,10.9624042511,18.0416545868,1.49454188347,5.7913184166,10.8920698166,2.76285910606,5.2161693573,10.5853157043
2020-07-10,3.24611711502,12.7633647919,11.0434150696,17.8591308594,1.47969567776,5.78632831573,10.9498023987,2.75091934204,5.19430065155,10.6322689056
2020-07-13,3.29819297791,12.6232357025,10.8220062256,17.992515564,1.46484959126,5.74139547348,10.8407554626,2.78673744202,5.19976854324,10.5639753342
2020-07-14,3.35605692863,12.7024393082,10.9732112885,17.992515564,1.47474706173,5.74638748169,11.0171585083,2.72465205193,5.16696214676,10.5511713028
2020-07-15,3.35605692863,12.8364658356,11.2000179291,18.5119991302,1.47474706173,5.76635599136,11.126206398,2.73420262337,5.17242956161,10.5938520432
2020-07-16,3.28083276749,12.8364658356,11.0164117813,18.1188793182,1.45990097523,5.74638748169,11.0331926346,2.68644452095,5.13415527344,10.6280002594
2020-07-17,3.30397891998,12.7389907837,11.2270231247,18.1820545197,1.47474706173,5.81128835678,11.373169899,2.70554804802,5.15602684021,10.6621465683
2020-07-20,3.28083276749,12.9765911102,11.3674259186,17.9082717896,1.49949121475,5.8512301445,11.3282680511,2.77957391739,5.14509105682,10.764585495
2020-07-21,3.26347470284,13.0375146866,11.556435585,17.7257480621,1.49454188347,5.9261174202,11.3827962875,2.74852991104,5.18883323669,10.9523868561
2020-07-22,3.25768899918,13.0984373093,11.4160299301,17.5151481628,1.47474706173,5.98602771759,11.2897787094,2.96105861664,5.17242956161,11.2767772675
2020-07-23,3.07252621651,12.94003582,11.2756280899,17.0518169403,1.44505417347,5.90614652634,11.0171585083,2.89897179604,5.14509105682,11.3536052704
2020-07-24,3.06674075127,13.0070543289,11.1892185211,17.150100708,1.43515646458,5.90614652634,10.8888635635,2.86792802811,5.17242956161,11.5670213699
2020-07-27,3.08409976959,13.2568387985,11.6536397934,17.0588359833,1.42525911331,6.06590843201,11.1967697144,2.94911909103,5.2161693573,11.9170188904
2020-07-28,3.04938197136,13.1045274734,11.5672340393,17.2273216248,1.42031013966,6.04094648361,11.2352581024,2.95867013931,5.27631521225,11.7590932846
2020-07-29,3.11303114891,13.0740671158,11.9128465652,17.4730243683,1.46484959126,6.23066043854,11.5303316116,2.91091275215,5.27631521225,11.6054363251
2020-07-30,3.11303114891,13.2568387985,11.6104373932,17.992515564,1.46484959126,6.18073606491,11.1614894867,2.92285180092,5.32552480698,11.814581871
2020-07-31,2.99151873589,13.7320365906,11.1946144104,17.978471756,1.47474706173,6.06590843201,10.7701950073,2.86554121971,5.31458997726,11.6737260818
2020-08-03,3.00309205055,13.6101894379,11.1514186859,18.5611400604,1.40051460266,6.04094648361,11.0171585083,2.87413573265,5.27084732056,11.502995491
2020-08-04,2.94522857666,13.3543119431,10.8202457428,18.3224563599,1.38566863537,5.84124469757,10.6803884506,2.81060433388,5.22163772583,11.1487283707
2020-08-05,3.02045035362,13.3055753708,10.8850984573,18.3926582336,1.41041207314,5.9161324501,10.6900119781,2.78773212433,5.17242956161,11.3536052704
2020-08-06,3.08409976959,13.5614490509,11.0364370346,18.1820545197,1.41041207314,5.97104930878,11.0171585083,2.89954710007,5.24897575378,11.3920202255
2020-08-07,3.07831215858,13.5127124786,10.9661684036,18.28033638,1.40051460266,5.93110895157,10.9401788712,2.84109997749,5.25444412231,11.2895822525
2020-08-10,3.04938197136,13.4396038055,11.0580511093,18.2382164001,1.39556598663,6.00599765778,11.0428152084,2.84364104271,5.26538038254,11.1828756332
2020-08-11,3.17668032646,13.4274244308,10.9175319672,18.2241764069,1.43515646458,5.9261174202,10.8824520111,2.79789853096,5.28178405762,11.2810468674
2020-08-12,3.1361758709,13.3969593048,10.863483429,17.662569046,1.38071942329,5.88118219376,10.8247213364,2.7369081974,5.2161693573,11.1444597244
2020-08-13,3.20561313629,13.4152345657,10.5446033478,17.5642871857,1.36092436314,5.82626676559,10.6066207886,2.64796543121,5.23257350922,11.4560461044
2020-08-14,3.26926112175,13.4274244308,10.6310777664,17.3817653656,1.3708217144,5.85622262955,10.6418991089,2.64288282394,5.3528637886,11.5926294327
2020-08-17,3.1361758709,13.4091444016,10.350030899,17.1009597778,1.32628297806,5.7913184166,10.3692789078,2.58951687813,5.3473944664,11.5968980789
2020-08-18,3.17089366913,13.463973999,10.4959583282,17.5432262421,1.39061689377,5.85133314133,10.5104007721,2.65813016891,5.34753751755,12.5487203598
2020-08-19,3.21139907837,13.4578809738,10.4581260681,17.3747444153,1.39061689377,5.72130298615,10.4622907639,2.6733777523,5.381275177,12.1773824692
2020-08-20,3.3386964798,13.3604040146,10.3878622055,17.3256034851,1.40051460266,5.65128803253,10.4719171524,2.65558981895,5.37002944946,12.8432331085
2020-08-21,3.53543162346,13.2751150131,10.436507225,17.5362071991,1.40546369553,5.56126737595,10.5681324005,2.74707388878,5.36440515518,12.5914058685
2020-08-24,3.48914194107,13.3299427032,10.598651886,17.5502490997,1.42525911331,5.5912733078,10.8743677139,2.74453258514,5.2913069725,12.8432331085
2020-08-25,3.5180721283,13.2629299164,10.5932445526,17.8661499023,1.43020737171,5.51625537872,10.8093500137,2.8258523941,5.31379938126,12.6554288864
2020-08-26,3.43127822876,13.1654529572,10.3554372787,17.6344871521,1.38071942329,5.3662238121,10.5492706299,2.7064139843,5.29693031311,12.7621383667
2020-08-27,3.39077401161,12.9644060135,10.5716228485,17.7397842407,1.38071942329,5.41123199463,10.6468000412,2.73944926262,5.29693031311,12.6468925476
2020-08-28,3.43706393242,13.1288976669,10.7715988159,18.1329154968,1.41041207314,5.47124528885,10.8548622131,2.78773212433,5.30817604065,12.5188465118
2020-08-31,3.39656019211,13.0557899475,10.2851781845,18.3224563599,1.39556598663,5.39122772217,10.6142950058,2.67591881752,5.31379938126,12.7322587967
2020-09-01,3.54700446129,12.9765911102,10.604054451,18.5962409973,1.41536104679,5.36116695404,10.7963438034,2.75469708443,5.33066797256,12.5914058685
2020-09-02,3.69166254997,13.0679759979,10.6025657654,19.8247585297,1.42031013966,5.32609176636,10.8093500137,2.76232123375,5.37565326691,12.4206752777
2020-09-03,3.5817220211,12.9522228241,11.0082798004,19.4456748962,1.42525911331,5.39122772217,10.9783964157,2.77502655983,5.3250451088,12.0792140961
2020-09-04,3.66272902489,12.9765911102,10.9920492172,20.0002593994,1.48464488983,5.41126823425,11.0369119644,2.74199128151,5.3250451088,11.7164077759
2020-09-08,3.68008875847,13.0801591873,10.7810773849,19.9792041779,1.48464488983,5.40625858307,10.8125972748,2.72420287132,5.39252328873,11.8871412277
2020-09-09,3.64537143707,13.1593599319,10.8081283569,20.1547031403,1.47969567776,5.46137332916,10.7995967865,2.84364104271,5.47686862946,11.9042129517
2020-09-10,3.55279040337,12.9461288452,10.445690155,20.0915260315,1.44505417347,5.3361120224,10.5752801895,2.80298113823,5.39814424515,11.6523838043
2020-09-11,3.5180721283,12.8303747177,10.2076730728,19.4948139191,1.41041207314,5.29102039337,10.4029808044,2.73436760902,5.31379938126,11.4816541672
2020-09-14,3.63958334923,12.8547439575,10.3645486832,20.3582878113,1.48464488983,5.33110237122,10.5539388657,2.74961495399,5.36440515518,11.742017746
2020-09-15,3.59908103943,12.8547439575,10.2347211838,20.4776268005,1.48464488983,5.30104112625,10.4332695007,2.69879007339,5.35315990448,12.3566522598
2020-09-16,3.64537143707,12.8669281006,10.2996358871,20.8496932983,1.48464488983,5.27097892761,10.4658813477,2.74707388878,5.37002944946,12.4420146942
2020-09-17,3.65694379807,12.8973894119,10.3374996185,20.7233257294,1.46484959126,5.33110237122,10.4854488373,2.77502655983,5.37002944946,12.1645793915
2020-09-18,3.5180721283,12.9826803207,10.1535758972,20.5829277039,1.44010519981,5.17076873779,10.2212753296,2.70133113861,5.30255365372,12.1645793915
2020-09-21,3.74952459335,13.1776371002,9.97506713867,20.5197505951,1.37577068806,5.19582080841,10.0712490082,2.65304851532,5.33629179001,11.951166153
2020-09-22,3.71480584145,13.2812070847,10.0778465271,20.3231868744,1.3708217144,5.14571762085,10.0516824722,2.70133113861,5.31379938126,11.9212846756
2020-09-23,3.5817220211,13.3055753708,9.81278610229,19.5790538788,1.32628297806,5.03548717499,9.84295082092,2.64542412758,5.33629179001,11.7804346085
2020-09-24,3.59329366684,13.6223745346,9.96965694427,19.5509777069,1.34607815742,5.20083236694,9.92122554779,2.73944926262,5.31379938126,11.891409874
2020-09-25,3.70323371887,13.4213256836,9.94801902771,19.1789093018,1.33617997169,5.23590421677,9.88208866119,2.67846083641,5.2913069725,11.8743362427
2020-09-28,3.60486698151,13.250743866,9.85606098175,18.4347801208,1.31143581867,5.11565303802,9.95057868958,2.6116437912,5.22945308685,11.7377519608
2020-09-29,3.52964520454,13.1837282181,9.67754650116,18.6875019073,1.28174340725,5.03548717499,9.70597171783,2.59372138977,5.24632263184,11.5798244476
2020-09-30,3.61643886566,13.2751150131,9.74786567688,18.5892219543,1.32628297806,5.09060239792,9.66031360626,2.58603978157,5.22945308685,11.8828735352
2020-10-01,3.73795247078,13.3969593048,9.76409721375,18.6804828644,1.32628297806,5.11565303802,9.71575832367,2.62956690788,5.25756692886,12.0834817886
2020-10-02,3.74952459335,13.1898212433,9.81133937836,18.4768981934,1.31638491154,5.16575956345,9.68966579437,2.59884190559,5.24069929123,11.695069313
2020-10-05,3.76688313484,13.232465744,10.027926445,19.101688385,1.33123111725,5.12567472458,9.85925579071,2.6884572506,5.25194501877,11.7761678696
2020-10-06,3.81896090508,13.1715450287,9.9683675766,19.5579948425,1.35597527027,5.12066650391,9.79403114319,2.66797351837,5.26881456375,11.8060445786
2020-10-07,3.95783042908,13.1593599319,9.8384103775,19.2701702118,1.34112930298,5.12066650391,9.72227954865,2.66285252571,5.28006029129,11.7377519608
2020-10-08,3.94047307968,13.293390274,10.3961210251,19.7264766693,1.36092436314,5.34613370895,10.1919240952,2.71662211418,5.26318979263,12.0109224319
2020-10-09,3.9231133461,13.0862512589,10.374464035,19.4597110748,1.39061689377,5.28099918365,10.1234321594,2.73454403877,5.22945308685,12.0023813248
2020-10-13,4.14299249649,13.2994832993,10.3798761368,19.6983966827,1.36092436314,5.33110237122,10.1266965866,2.74222612381,5.24069929123,12.1218957901
2020-10-14,4.07934379578,13.5248975754,10.4015331268,19.937078476,1.38071942329,5.29603052139,10.0614671707,2.78831410408,5.24632263184,12.4590902328
2020-10-15,4.08513116837,13.4700679779,10.3798761368,19.7124404907,1.40051460266,5.31106042862,10.1299562454,2.79599452019,5.25194501877,12.5231132507
2020-10-16,4.05619859695,13.5188064575,10.1037330627,19.4948139191,1.38071942329,5.20584249496,9.87230587006,2.79343438148,5.26881456375,12.7834777832
2020-10-19,4.07934379578,13.5248975754,10.2282676697,19.5228900909,1.38071942329,5.26596736908,9.97993087769,2.7703909874,5.30817604065,12.9542102814
2020-10-20,4.13720703125,13.8477916718,10.607293129,19.7264766693,1.38071942329,5.37619781494,10.4397888184,2.80623674393,5.35315990448,13.2743272781
2020-10-21,4.14877939224,13.7685899734,10.7047576904,19.7264766693,1.365873456,5.50145769119,10.5180635452,2.79855537415,5.35878324509,13.368229866
2020-10-22,4.13142156601,13.945268631,11.0675420761,19.83177948,1.34607815742,5.44133329391,10.9746637344,2.81647849083,5.35315990448,13.5731086731
2020-10-23,4.24714708328,13.9513568878,11.045879364,19.628194809,1.33617997169,5.4764046669,10.9355249405,2.79343438148,5.33629179001,13.8718862534
2020-10-26,4.40916347504,14.0610189438,11.1704139709,19.4737529755,1.31638491154,5.55156230927,10.9257421494,2.79855537415,5.3419137001,13.517619133
2020-10-27,4.41494989395,14.4752960205,10.883436203,19.6352138519,1.2916405201,5.42129039764,10.6909198761,2.74734687805,5.37565326691,13.5901823044
2020-10-28,3.93468618393,14.4326505661,10.2282676697,18.4277610779,1.22730612755,5.23590421677,10.156047821,2.67565536499,5.30817604065,13.1633520126
2020-10-29,4.11984825134,14.4021892548,10.1470499039,19.2561302185,1.23225498199,5.24592351913,10.0973415375,2.66029191017,5.33066797256,13.1548185349
2020-10-30,3.80160093307,14.3229913712,9.8384103775,19.199968338,1.21245968342,5.17076873779,9.71901702881,2.6244456768,5.28006029129,12.911523819
2020-11-03,3.76109671593,14.8469276428,10.0874862671,18.9402236938,1.20256245136,5.17577934265,9.81686210632,2.64492917061,5.31379938126,13.2316465378
2020-11-04,3.9983355999,15.3221216202,10.0914163589,19.0806293488,1.23720383644,5.26095628738,9.8886089325,2.72942447662,5.43750572205,13.2999401093
2020-11-05,4.03305387497,15.5722875595,10.2865171432,20.3653087616,1.27679443359,5.53653049469,10.0092859268,2.82928109169,5.47686862946,13.739572525
2020-11-06,4.11984825134,15.846031189,10.2973642349,19.92304039,1.31638491154,5.50145769119,9.94405651093,2.86768746376,5.65118265152,13.8676166534
2020-11-09,4.17771244049,16.1259994507,11.2349653244,19.7545566559,1.31638491154,5.62671899796,10.6648273468,2.92913746834,5.68492126465,14.1663980484
2020-11-10,4.03883934021,16.2628631592,11.8636426926,19.2982501984,1.38071942329,5.812104702,11.209485054,2.99314928055,5.7130355835,14.3456659317
2020-11-11,4.02726697922,16.1882076263,11.8853254318,18.9191646576,1.35102629662,5.82212543488,11.140994072,2.89073038101,5.71865987778,14.5249319077
2020-11-12,3.88839530945,16.1135520935,11.4680128098,18.6032619476,1.27184557915,5.67682409286,10.6746110916,2.82416033745,5.96045160294,14.9389543533
2020-11-13,4.07934379578,16.318857193,11.7823438644,19.2491130829,1.3708217144,5.72692584991,10.7789793015,2.89841294289,6.1685051918,14.9602937698
2020-11-16,4.06777048111,16.5490550995,12.2972126007,19.3403720856,1.3708217144,5.75698852539,11.0561981201,3.00851202011,6.42154407501,15.3657846451
2020-11-17,4.03883934021,16.5179481506,12.3676738739,19.2771892548,1.365873456,5.80208301544,11.218495369,3.0443572998,6.31261348724,15.3821315765
2020-11-18,3.95204472542,16.3686256409,12.0804300308,18.9753227234,1.35102629662,5.6668009758,11.2447366714,3.08532452583,6.31846857071,15.6745033264
2020-11-19,4.00990724564,16.4495124817,12.0804300308,19.1859321594,1.33617997169,5.67682409286,11.3562669754,3.05971980095,6.40045022964,15.9057846069
2020-11-23,3.98097610474,16.4432907104,11.9937229156,19.1367874146,1.34112930298,5.72191619873,11.3234653473,3.03411531448,6.29504585266,16.3639717102
2020-11-24,4.08513116837,16.5801620483,12.4327096939,18.9542694092,1.35597527027,5.79206228256,11.6252498627,3.14421463013,6.4238743782,16.4381561279
2020-11-25,4.18928337097,16.7419185638,12.2321863174,18.9823474884,1.42031013966,5.78705215454,11.5924472809,3.18005990982,6.46486520767,16.5472488403
2020-11-26,4.16613769531,16.8227958679,12.020813942,18.8840637207,1.41041207314,5.69185495377,11.4087514877,3.15189599991,6.48828840256,16.7479782104
2020-11-27,4.13720703125,16.9098930359,11.9340991974,18.9121456146,1.40546369553,5.75198078156,11.3529882431,3.18774223328,6.4590086937,16.5167045593
2020-11-30,4.12563419342,16.9223384857,11.7335739136,18.6453819275,1.37577068806,5.52651023865,11.1069660187,3.23382902145,6.46486520767,17.1538047791
2020-12-01,4.35708665848,16.7916908264,12.3568353653,18.1258926392,1.42031013966,5.86281728745,11.4120378494,3.31576442719,6.41801834106,17.9480018616
2020-12-02,4.34551429749,16.5490550995,12.4692373276,18.4137172699,1.45495164394,5.82266283035,11.4612369537,3.33112549782,6.35945940018,18.3712844849
2020-12-03,4.45545291901,16.7605857849,12.3824567795,19.1157245636,1.47969567776,5.95316791534,11.5596485138,3.30552148819,6.49414539337,18.5414676666
2020-12-04,4.45545291901,16.7916908264,12.4475469589,19.2140102386,1.49454188347,5.91301298141,11.8023843765,3.24151086807,6.37702655792,18.2840099335
2020-12-07,4.48438501358,17.295627594,12.4909362793,19.0244674683,1.47474706173,5.91803312302,11.8581514359,3.38745570183,6.52927970886,18.4498310089
2020-12-08,4.53646230698,17.1836433411,12.355345726,18.8559875488,1.49949121475,5.92305135727,11.9598350525,3.34136795998,6.52927970886,18.5065612793
2020-12-09,4.51331758499,17.1960830688,12.3282222748,18.7366428375,1.45495164394,5.92305135727,11.7958240509,3.33368730545,6.49414539337,19.1523933411
2020-12-10,4.56539154053,17.4698257446,12.8651790619,18.9332084656,1.4500027895,5.99834632874,12.4092321396,3.39001631737,6.47072219849,19.2658481598
2020-12-11,4.58275127411,17.7995700836,12.8489046097,19.0174465179,1.44505417347,6.02955675125,12.6257286072,3.50523543358,6.61711978912,19.7414970398
2020-12-14,4.57118082047,17.9488792419,12.8760271072,19.2701702118,1.42031013966,6.02955675125,12.6675100327,3.47963094711,6.63468503952,19.4185829163
2020-12-15,4.6348285675,17.9364337921,12.9465341568,18.9332084656,1.42031013966,6.08524608612,12.8287343979,3.4514670372,6.57612705231,19.7240371704
2020-12-16,4.70426464081,17.9551010132,13.2502641678,19.3895130157,1.44505417347,6.13587284088,12.947183609,3.4514670372,6.54227352142,20.0775032043
2020-12-17,4.72740983963,17.8510131836,13.4183940887,19.1859321594,1.43515646458,6.13587284088,12.9603424072,3.53596067429,6.63052368164,20.2651424408
2020-12-18,4.65218734741,17.7741241455,13.3153533936,18.7787628174,1.44010519981,6.14599657059,12.8649234772,3.57436871529,6.58934020996,20.1211433411
2020-12-21,4.54224824905,17.5947170258,12.9899225235,18.7226066589,1.40051460266,6.13587284088,12.4339027405,3.45658755302,6.41284036636,19.4578533173
2020-12-22,4.44966745377,17.6459751129,13.1960229874,18.7647190094,1.3708217144,6.06499385834,12.5984144211,3.54620194435,6.47167348862,20.4178733826
2020-12-23,4.54803371429,17.8125667572,13.4780607224,18.6453819275,1.40571582317,6.21687364578,12.8057012558,3.63069677353,6.45402383804,20.531332016
2020-12-28,4.52488994598,17.934305191,13.5919618607,19.0455265045,1.43063986301,6.23206281662,12.947183609,3.71775221825,6.59522342682,20.7233333588
2020-12-29,4.57118082047,18.1777877808,13.5905923843,19.1718902588,1.47051846981,6.30800056458,12.8715085983,3.70495080948,6.58934020996,20.5182361603
2020-12-30,4.62325668335,17.8189735413,13.3262805939,18.9683094025,1.43063986301,6.24724912643,12.7662143707,3.72799372673,6.58934020996,22.3379135132
2021-01-04,4.57696485519,17.7741241455,12.9958677292,18.9542694092,1.44060921669,6.19662380219,12.3680973053,3.69287490845,6.50109100342,23.2368412018
2021-01-05,4.51910352707,17.658788681,12.9337377548,18.6453819275,1.41568565369,6.14599657059,12.239777565,3.69287490845,6.45990610123,23.3808403015
2021-01-06,4.4901714325,17.5498638153,13.2588653564,18.2522544861,1.43063986301,6.1915602684,12.519446373,3.76861262321,6.42460584641,23.5946674347
2021-01-07,4.47281265259,17.2423095703,13.5839977264,18.3264446259,1.42067027092,6.38393974304,13.0162792206,3.72682714462,6.35400676727,24.4281349182
2021-01-08,4.57118082047,17.9279003143,13.4793014526,19.4032173157,1.52036702633,6.32825136185,13.0919570923,3.98276758194,6.45990610123,23.537935257
2021-01-11,4.52488994598,17.6139392853,13.275396347,18.9852600098,1.61009275913,6.12068367004,12.8780879974,3.84435176849,6.38930606842,23.6339378357
2021-01-12,4.51331758499,18.0688648224,13.2809114456,19.6653289795,1.60012364388,6.18649864197,12.9965410233,3.82868051529,6.56580686569,23.3633823395
2021-01-13,4.55382108688,18.1073055267,13.0329275131,19.6086559296,1.60012364388,6.16118574142,12.3549356461,3.86263251305,6.6775894165,23.062292099
2021-01-14,4.73319625854,18.0944919586,13.4462356567,19.7220001221,1.6699103117,6.35356283188,12.3253221512,3.92008829117,6.61875629425,23.6775760651
2021-01-15,4.6290435791,18.0240116119,12.9502687454,19.8565998077,1.6150778532,6.11056041718,11.943652153,3.83129262924,6.60699081421,23.5422992706
2021-01-18,4.69847774506,17.9855651855,13.0053739548,19.7715892792,1.55526030064,6.11056041718,11.8219175339,3.76861262321,6.55992364883,22.4644603729
2021-01-19,4.67533397675,17.9214935303,12.7628936768,19.5023937225,1.5103969574,6.02449512482,11.6212091446,3.70332169533,6.56580686569,21.7749919891
2021-01-20,4.69847774506,17.6395664215,12.5094032288,19.282793045,1.50541162491,6.0194311142,11.3612747192,3.61452531815,6.5128569603,22.7350101471
2021-01-21,4.61747026443,17.4986057281,12.2834653854,19.0773544312,1.43562495708,5.93843126297,11.2461166382,3.61191320419,6.44225597382,22.2375488281
2021-01-22,4.66376066208,17.3640499115,12.0795669556,18.8931694031,1.43063986301,5.918176651,11.0848922729,3.6040790081,6.38930606842,22.1808166504
2021-01-26,4.8084192276,17.2487182617,11.8205661774,18.9285888672,1.42067027092,5.85772657394,10.788772583,3.52050662041,6.30105638504,22.9182853699
2021-01-27,4.76791381836,17.3192005157,11.9197568893,18.7514858246,1.46553337574,5.878013134,11.1046333313,3.5126709938,6.30694007874,21.9582672119
2021-01-28,4.83734989166,17.2551250458,12.2889757156,19.0490169525,1.5103969574,5.97944498062,11.3645687103,3.69548606873,6.35988855362,22.2724571228
2021-01-29,4.72740983963,16.8834953308,11.9252662659,18.602722168,1.45057916641,5.89322710037,11.1408281326,3.57796216011,6.32459020615,21.8186283112
2021-02-01,5.05722904205,17.0821208954,12.1787548065,19.3252925873,1.47550356388,5.90844154358,11.2823114395,3.69287490845,6.3834233284,23.0099277496
2021-02-02,5.07458877563,16.8770885468,12.1551818848,20.3312282562,1.52535128593,6.00987529755,11.2066354752,3.72943782806,6.50109100342,24.2797737122
2021-02-03,5.13245201111,16.9860172272,12.2323961258,20.0762042999,1.51538169384,5.97944498062,11.2954711914,3.76600122452,6.5128569603,25.6805324554
2021-02-04,5.12087869644,16.6784591675,12.607419014,19.7999267578,1.45556426048,5.94394493103,11.2494068146,3.73204874992,6.47755622864,25.2747001648
2021-02-05,5.12666463852,16.7040882111,12.5246896744,19.9486904144,1.44559431076,5.96930265427,11.1737298965,3.69287490845,6.53050804138,25.619430542
2021-02-08,5.05144357681,16.6400108337,12.2985782623,19.8070106506,1.41070079803,5.878013134,11.1441202164,3.69809818268,6.45990610123,25.1045188904
2021-02-09,4.98779392242,16.5118656158,12.4143877029,19.6299095154,1.39574670792,5.88815641403,11.2790193558,3.63541936874,6.4363732338,24.7816009521
2021-02-10,4.83734989166,16.3644943237,12.2930622101,19.4811439514,1.37580728531,5.81208276749,11.1243772507,3.58579659462,6.41872358322,23.7168483734
2021-02-11,4.87785339355,16.2427577972,12.3261508942,19.8991012573,1.36583721638,5.82729625702,11.1671485901,3.58840823174,6.3834233284,23.8870372772
2021-02-12,4.80263137817,16.1786823273,12.3537302017,20.0549526215,1.36583721638,5.79686594009,11.1046333313,3.53356552124,6.40695619583,23.4332141876
2021-02-17,4.84892272949,15.9223871231,12.2268791199,19.9841098785,1.32595896721,5.79179573059,10.9763154984,3.45782661438,6.37165546417,24.6812324524
2021-02-18,4.76212787628,16.0184955597,12.0610818863,19.5519866943,1.31100463867,5.77150726318,10.9434127808,3.36903047562,6.30105638504,24.6463241577
2021-02-19,4.58275127411,16.0120887756,12.0169219971,19.6299095154,1.30601966381,5.75122261047,10.7361297607,3.32724380493,6.30105638504,23.7997608185
2021-02-22,4.44387960434,15.4866828918,11.332447052,18.921503067,1.25617146492,5.65486192703,9.48582553864,3.21233201027,6.14808893204,22.9837493896
2021-02-23,4.46702575684,16.4349784851,11.8513174057,19.1836128235,1.30601966381,5.72586631775,10.1659641266,3.24367070198,6.14808893204,23.4157524109
2021-02-24,4.58275127411,16.7809772491,11.7740449905,19.1056900024,1.33094382286,5.7461514473,10.1258716583,3.2332239151,6.14220619202,23.511756897
2021-02-25,4.48438501358,16.524679184,11.4704427719,18.9923439026,1.2960498333,5.63964748383,9.84191036224,3.13398170471,6.06572437286,23.9524898529
2021-02-26,4.3397269249,15.8078069687,11.3655653,19.0065155029,1.25118684769,5.50778532028,9.37085914612,3.12353444099,6.0892572403,24.7816009521
2021-03-01,4.15456581116,15.556470871,10.9957332611,18.3618659973,1.24121689796,5.34549283981,9.30738830566,3.01123356819,5.94805574417,23.5815734863
2021-03-02,4.17192459106,15.6887550354,11.1875743866,18.1564292908,1.25617146492,5.51792812347,9.66484642029,3.10002923012,5.95982265472,24.0877685547
2021-03-03,4.17771244049,15.7681255341,11.4140882492,18.202917099,1.27611029148,5.56357192993,9.68488883972,3.07391357422,6.01277303696,23.1932010651
2021-03-04,4.26450538635,16.2377300262,11.7952919006,18.4123935699,1.28608047962,5.6700758934,10.0356712341,3.1731569767,6.36577320099,22.9270172119
2021-03-05,4.42652225494,16.2178897858,12.4416809082,18.1812477112,1.30601966381,5.77150726318,10.2227573395,3.11308836937,6.34224033356,23.8652191162
2021-03-08,4.20664262772,15.6887550354,11.9610385895,17.6539402008,1.24620199203,5.49764204025,9.75504970551,2.99817585945,6.22457313538,22.625919342
2021-03-09,4.16035079956,16.092218399,11.9776172638,17.5817050934,1.25118684769,5.61428833008,9.68488883972,2.96683549881,6.39518880844,22.7961025238
2021-03-10,4.28765010834,15.9533195496,12.1599273682,17.7333984375,1.32595896721,5.71355676651,9.98889923096,3.11047625542,6.48343896866,22.8048305511
2021-03-11,4.28765010834,15.926867485,12.4030170441,17.9500999451,1.32595896721,5.60690259933,10.0390129089,3.14442801476,6.47755622864,23.1582927704
2021-03-12,4.3397269249,15.9400949478,12.2262268066,17.755065918,1.34091317654,5.63229417801,10.0711460114,3.15748667717,6.49520683289,23.2237453461
2021-03-15,4.32815361023,16.4163093567,12.3477630615,18.3112659454,1.35088300705,5.60182237625,10.0006465912,3.19404983521,6.59522342682,24.3059501648
2021-03-16,4.33394098282,16.6676483154,12.1267786026,18.1595745087,1.35088300705,5.55611515045,10.0275058746,3.16009807587,6.71289110184,25.7459812164
2021-03-17,4.40916347504,16.5882778168,12.5577068329,18.2390327454,1.37580728531,5.70339870453,10.306139946,3.1757683754,6.83644104004,26.1823558807
2021-03-18,4.32815361023,16.535364151,12.7897472382,18.0223331451,1.3458981514,5.69831895828,10.2188549042,3.2018840313,6.80702209473,26.0819892883
2021-03-19,4.38601827621,16.4626064301,12.8726215363,18.289598465,1.39574670792,5.69831895828,10.306139946,3.26456427574,6.9011554718,27.1860084534
2021-03-22,4.32236766815,16.3700141907,12.8173685074,18.2173633575,1.35586798191,5.77957773209,10.336353302,3.21494293213,6.96587276459,28.2987575531
2021-03-23,4.27029132843,16.4163093567,12.6902942657,18.3835029602,1.38079166412,5.66276884079,9.96371746063,3.21494293213,6.98940753937,28.1765804291
2021-03-24,4.15456581116,15.9863910675,12.4914102554,17.9428749084,1.36085224152,5.62721586227,9.78243923187,3.14965176582,6.93645811081,28.8224048615
2021-03-25,4.22400140762,16.2245025635,12.745549202,18.1379032135,1.37082207203,5.6881608963,9.92343425751,3.24889492989,7.03059196472,28.8747806549
2021-03-26,4.24136018753,16.9255981445,12.850520134,18.1740264893,1.38079166412,5.6927819252,9.95700454712,3.24628186226,7.03059196472,28.9140453339
2021-03-29,4.07934379578,17.3753604889,12.944437027,18.0151062012,1.35586798191,5.7690911293,10.0040025711,3.34291434288,7.53067493439,30.6246337891
2021-03-30,4.18349599838,17.3952007294,13.2482967377,18.4990749359,1.41568565369,5.72330474854,10.3128509521,3.38208985329,7.65422534943,30.3409862518
2021-03-31,4.21242856979,17.2765083313,12.9886341095,18.4918518066,1.39574670792,5.6469950676,10.2222146988,3.40298199654,7.5895075798,29.6864261627
2021-04-01,4.15456581116,17.2765083313,12.5411319733,18.5568599701,1.38079166412,5.59611988068,10.0543584824,3.33507919312,7.39535808563,30.5024471283
2021-04-05,4.33394098282,17.3788127899,12.6944198608,18.7157783508,1.39574670792,5.66225624084,10.0409326553,3.26717591286,7.52478981018,29.7955169678
2021-04-06,4.44387960434,17.3242435455,12.4400930405,19.4453372955,1.42565512657,5.60629415512,9.92007827759,3.30896186829,7.5895075798,29.8042469025
2021-04-07,4.41494989395,17.3447093964,12.3571529388,19.510351181,1.38577651978,5.62155580521,9.85629272461,3.31418514252,7.67187595367,30.9213638306
2021-04-08,4.48438501358,17.4879417419,12.3405704498,19.3008728027,1.37082207203,5.59611988068,9.77236843109,3.31679654121,7.64834165573,32.2784805298
2021-04-09,4.61168336868,17.1946544647,12.2521085739,19.0625,1.35586798191,5.57068300247,9.79922389984,3.28545761108,7.57185792923,32.693031311
2021-04-12,4.71583747864,17.2151203156,12.511964798,19.4886779785,1.3458981514,5.61647081375,9.92007827759,3.29851531982,7.62480640411,32.5490341187
2021-04-13,4.71005153656,17.2628669739,12.4456186295,19.6548156738,1.34091317654,5.58085870743,9.92007827759,3.34813666344,7.67187595367,32.9897727966
2021-04-14,4.76791381836,17.440202713,12.5617303848,19.6331443787,1.33592891693,5.62664461136,9.93686389923,3.37947678566,7.70717668533,33.6006851196
2021-04-15,4.82577705383,17.3856334686,12.6059579849,19.5825843811,1.35088300705,5.63681983948,9.95029258728,3.35074853897,7.70717668533,33.6486930847
2021-04-16,4.86628055573,17.8153324127,12.7828845978,19.6475906372,1.33094382286,5.63681983948,9.99393558502,3.36903047562,7.82484149933,33.7316017151
2021-04-19,4.79105997086,17.8016910553,12.6258563995,19.5753612518,1.35088300705,5.60629415512,9.94357585907,3.39514708519,7.98369169235,34.3817977905
2021-04-20,4.67533397675,17.7334842682,12.4373245239,19.3731060028,1.33592891693,5.59611988068,10.104716301,3.52572894096,8.0131072998,35.3025474548
2021-04-22,4.69847774506,17.6789226532,12.3339347839,19.0841693878,1.33592891693,5.60120820999,10.0140743256,3.5126709938,8.11900901794,34.8646697998
2021-04-23,4.69847774506,17.7334842682,12.5711202621,18.9685974121,1.33592891693,5.60629415512,10.0946435928,3.52572894096,7.98369169235,35.0773391724
2021-04-26,4.71005153656,17.6175346375,12.5711202621,18.6941070557,1.3458981514,5.63681983948,10.104716301,3.5126709938,7.98957443237,35.2811431885
2021-04-27,4.5306763649,17.6107120514,12.4677371979,18.3546085358,1.33094382286,5.60120820999,9.99393558502,3.48133134842,8.0131072998,35.8526954651
2021-04-28,4.47859859467,17.8767147064,13.0637540817,18.3979473114,1.31598961353,5.69362688065,10.1718559265,3.68504071236,8.03664207458,35.5248298645
2021-04-29,4.60011100769,18.3814373016,12.6197786331,18.4412918091,1.31100463867,5.63245773315,9.95029258728,3.66414642334,8.08959293365,36.1539840698
2021-04-30,4.39759063721,18.4155387878,12.5711202621,18.4557361603,1.30103468895,5.63245773315,9.95029258728,3.61452531815,8.16607475281,34.3950119019
2021-05-03,4.44387960434,18.2109241486,12.9360342026,18.123462677,1.29106533527,5.63755512238,9.98721694946,3.68633937836,8.32492351532,33.0968475342
2021-05-04,4.44966745377,17.4606590271,12.5387201309,18.5857563019,1.25118684769,5.56109762192,9.85965156555,3.64064049721,8.29551124573,32.8531608582
2021-05-05,4.51910352707,17.4743022919,12.6239366531,18.816904068,1.26115643978,5.60187625885,9.822722435,3.68633937836,8.15704727173,34.2045021057
2021-05-06,4.64061498642,17.2833251953,12.6604557037,18.5929813385,1.28608047962,5.60697221756,9.80593681335,3.65282654762,7.95510959625,34.8602371216
2021-05-07,4.84892272949,17.4333782196,12.7761087418,18.5351924896,1.30601966381,5.58658409119,10.0510015488,3.65891957283,7.8816781044,35.6045799255
2021-05-10,4.72740983963,17.290145874,13.0682697296,18.7663402557,1.33094382286,5.67833518982,10.1819267273,3.61017465591,7.78988695145,35.3919067383
2021-05-11,4.84313631058,17.3037891388,13.043923378,18.816904068,1.35088300705,5.71401596069,10.2557811737,3.65891957283,7.83884191513,35.3476104736
2021-05-12,4.71005153656,16.8468132019,12.7639312744,18.3401584625,1.33094382286,5.61207056046,10.1886415482,3.51268529892,7.64914274216,34.2488136292
2021-05-13,4.72740983963,16.8945541382,13.1534786224,18.7374458313,1.3458981514,5.72930622101,10.4605617523,3.58884859085,7.73481464386,35.7153511047
2021-05-14,4.90099906921,17.290145874,13.2387008667,18.9397029877,1.36085224152,5.73950052261,10.4605617523,3.71071076393,8.2121219635,35.2944297791
2021-05-17,5.08037424088,17.5697898865,13.2569627762,19.0841693878,1.38079166412,5.96887683868,10.6451997757,3.77773571014,8.31003093719,38.2363739014
2021-05-18,5.03408384323,17.8085098267,13.3969602585,19.0697231293,1.37580728531,5.89241790771,10.7929115295,3.84780621529,8.32226753235,38.8743972778
2021-05-19,4.97043514252,17.8698940277,13.4699993134,19.5175743103,1.39574670792,5.91280889511,10.9775476456,4.04278707504,8.25989437103,39.3972129822
2021-05-20,4.91835689545,17.9926643372,13.6221590042,19.965423584,1.41568565369,5.91790485382,11.0111169815,3.97880864143,8.31052875519,38.9940185547
2021-05-21,4.89521312714,18.1358947754,13.6586809158,19.6620426178,1.40571582317,5.96378040314,11.1051168442,3.99708724022,8.29154109955,38.2319526672
2021-05-24,5.16138267517,18.3882598877,13.7073783875,19.5825843811,1.41568565369,5.91280889511,11.1780185699,4.09153079987,8.44344997406,38.9054031372
2021-05-25,5.15559673309,18.4837493896,13.5734672546,19.3658828735,1.38577651978,5.9375166893,11.0284366608,4.09762430191,8.39281463623,38.125617981
2021-05-26,5.19610023499,18.3882598877,13.8960666656,19.2864246368,1.38079166412,6.00899219513,11.2120161057,4.10067224503,8.37382221222,38.1123275757
2021-05-27,5.28868103027,18.1290721893,13.9386739731,18.8385715485,1.38079166412,5.91709756851,11.3649988174,4.18902206421,8.34217739105,40.3232116699
2021-05-28,5.28868103027,17.9722061157,13.9143285751,19.0913925171,1.35586798191,6.01409769058,11.4023952484,4.17378902435,8.27888298035,43.1366539001
2021-05-31,5.3002538681,18.2382068634,13.9143285751,19.1202850342,1.33592891693,5.97836017609,11.3853979111,4.13722991943,8.17761135101,45.8171958923
2021-06-01,5.30604076385,18.6679000854,14.1638832092,19.3731060028,1.35586798191,6.15223693848,11.5519800186,4.17074155807,8.33584880829,44.7494163513
2021-06-02,5.17295503616,18.3336925507,14.5885953903,19.2503032684,1.39574670792,6.24429178238,11.9667339325,4.23472070694,8.34850597382,48.6180763245
2021-06-04,5.20767307281,18.5314884186,14.6677894592,19.3947715759,1.48547267914,6.39260292053,12.153717041,4.20425510406,8.39914131165,49.096244812
2021-06-07,5.27710866928,18.5928764343,14.8687992096,19.719827652,1.48048830032,6.48976755142,12.4154872894,4.2530002594,8.45610713959,44.0686759949
2021-06-08,5.24817752838,18.2586669922,14.8078889847,19.7559452057,1.49045753479,6.38748884201,12.3406963348,4.24081325531,8.45610713959,41.550327301
2021-06-09,5.28868103027,18.4155387878,14.6007871628,19.7126045227,1.5004273653,6.33634757996,12.1027202606,4.19206762314,8.42445850372,42.0968132019
2021-06-10,5.1498093605,18.4837493896,14.7104206085,19.8426246643,1.56024515629,6.33634757996,12.0687246323,4.1798825264,8.53838920593,42.1241264343
2021-06-11,5.16138267517,18.3541526794,14.5215988159,19.5320186615,1.5403059721,6.1726975441,12.0347318649,4.09457826614,8.43711853027,41.6687393188
2021-06-14,5.329185009,18.6815395355,14.5276947021,19.2864246368,1.6699103117,6.1726975441,12.1674442291,4.16769552231,8.58902359009,42.3563842773
2021-06-15,5.5085606575,18.640619278,14.5033216476,19.2286376953,1.59015369415,6.20337915421,12.1264505386,4.11590433121,8.57636642456,42.3245048523
2021-06-16,5.49698829651,18.4223632812,14.5337791443,19.0697231293,1.62504708767,6.21360778809,12.21185112,4.10676431656,8.44977855682,41.8144683838
2021-06-17,5.47962999344,18.2927703857,14.4545879364,19.0769424438,1.58516860008,6.1726975441,11.921500206,4.04887962341,8.39914131165,39.0319976807
2021-06-18,5.54327869415,18.285949707,14.2474899292,19.0480556488,1.60510778427,6.14201068878,11.9044189453,4.04278707504,8.48142337799,41.3499488831
2021-06-21,5.61271429062,18.2450256348,14.2413930893,19.0552749634,1.65495622158,6.11644124985,11.8121929169,3.98185443878,8.33584880829,43.030380249
2021-06-22,5.56063699722,17.8767147064,14.0708456039,19.1275100708,1.62006282806,6.12155389786,11.562828064,3.90264558792,8.24090671539,42.7708053589
2021-06-23,5.54906463623,17.8085098267,14.0464744568,19.2069664001,1.74468278885,6.08575630188,11.562828064,3.86913299561,8.10798835754,42.9210739136
2021-06-24,5.70529508591,17.8085098267,14.0464744568,19.2286376953,1.7247440815,6.075527668,11.5867433548,3.88436532021,8.11431694031,43.5222053528
2021-06-25,5.69372272491,17.658454895,13.6870861053,18.8241291046,1.68984997272,5.95790338516,11.2383184433,3.8173418045,8.01304721832,42.1605644226
2021-06-28,5.75158643723,17.4538402557,13.5835390091,19.1780757904,1.70480465889,5.88630771637,11.1529226303,3.8173418045,7.95608329773,43.0713500977
2021-06-29,5.61849975586,17.3037891388,13.4678068161,18.9974899292,1.7247440815,5.86585044861,11.0777702332,3.73813056946,7.86114025116,45.1206436157
2021-06-30,5.63007307053,17.1128101349,13.3155241013,18.7230014801,1.68984997272,5.83005285263,10.9752950668,3.69547796249,7.81683588028,44.7654342651
2021-07-01,5.8730969429,16.7308578491,13.181520462,18.3979473114,1.73471319675,5.7737994194,10.8591527939,3.62236046791,7.74721050262,44.8565216064
2021-07-02,5.97724962234,17.3242435455,13.39930439,18.5568599701,1.7596373558,5.85050773621,10.9787101746,3.68938541412,7.89911603928,44.3874473572
2021-07-05,5.9251742363,17.5697898865,13.2371931076,18.607427597,1.80948579311,5.8198223114,10.9103908539,3.68329143524,8.0257062912,43.831867218
2021-07-06,5.89624452591,17.3788127899,13.0314302444,17.9500999451,1.80948472023,5.78402471542,10.7464294434,3.64368772507,7.91177511215,42.20154953
2021-07-07,6.06983375549,17.2275123596,13.1311941147,18.1884708405,1.80948472023,5.90676403046,10.8898963928,3.68024563789,7.96874237061,42.3290557861
2021-07-08,6.04090070724,17.3597068787,12.9441375732,17.8561954498,1.7535738945,5.89653396606,10.8591527939,3.57361602783,7.93709373474,42.2653045654
2021-07-12,6.11612176895,17.3597068787,13.2184839249,17.9717693329,1.74340808392,5.93233442307,11.1358375549,3.69852495193,7.91177511215,43.1760940552
2021-07-13,6.15662431717,17.2553424835,13.2621307373,18.0512275696,1.72816002369,5.98858785629,11.088019371,3.62236046791,7.96241188049,42.3973731995
2021-07-14,6.16819953918,17.311000824,13.4304876328,18.1812477112,1.67733216286,6.02438688278,11.1631689072,3.69852495193,8.0257062912,43.5267601013
2021-07-15,6.01775503159,17.2275123596,13.3681297302,18.0512275696,1.63666880131,5.95278930664,10.9923715591,3.66196632385,8.01304721832,44.3464660645
2021-07-16,6.00039815903,17.373626709,13.137424469,18.0728969574,1.62142062187,5.93744754791,10.8591527939,3.63454771042,8.05102348328,44.2462844849
2021-07-19,5.83259296417,17.116186142,12.9566087723,17.9934406281,1.57567512989,5.80959510803,10.7771749496,3.61626791954,8.03203392029,42.8800964355
2021-07-20,5.8673119545,17.1092281342,13.0937805176,18.0945682526,1.61125516891,5.83005285263,10.9684619904,3.69852495193,8.15229511261,43.4538879395
2021-07-21,5.82102060318,17.3597068787,13.1561346054,17.5744838715,1.59600639343,5.89142084122,11.0777702332,3.70766496658,8.19026947021,44.3100318909
2021-07-22,5.84995174408,17.4571170807,13.0251979828,17.675611496,1.60617232323,5.87607765198,10.9138050079,3.74117708206,8.13963508606,44.2872619629
2021-07-23,5.66479206085,17.213596344,12.9004936218,17.6900577545,1.57567512989,5.84027957916,10.8557376862,3.70461845398,8.0763425827,43.2626304626
2021-07-26,5.64164495468,17.1857643127,12.9940185547,17.430015564,1.57059276104,5.89653396606,11.0231151581,3.68329143524,7.97507095337,42.9210739136
2021-07-27,5.54327869415,17.2553424835,13.0251979828,17.2711048126,1.55534386635,5.89653396606,11.0743541718,3.69547796249,7.99406051636,42.7753448486
2021-07-28,5.36968898773,17.2483825684,13.274600029,17.5744838715,1.56042671204,5.96813297272,11.2383184433,3.76859593391,8.0383644104,43.2444114685
2021-07-29,5.34654378891,17.1927223206,13.2060203552,17.3794498444,1.56042671204,5.96813297272,11.0606927872,3.68633937836,8.01304721832,43.0349311829
2021-07-30,5.21924543381,16.7891693115,12.8755455017,16.8738174438,1.52992999554,5.83516645432,10.8044996262,3.63759303093,8.01304721832,41.6778450012
2021-08-02,5.27710866928,17.2553424835,12.9815502167,17.2638759613,1.59600639343,5.95790338516,10.9513835907,3.61626791954,8.25989437103,41.8372383118
2021-08-03,5.25396347046,17.1996803284,13.0672016144,17.1483020782,1.49943304062,5.96813297272,10.8898963928,3.64064049721,8.25989437103,42.3518371582
2021-08-04,5.26553535461,17.1231460571,12.6054201126,16.8460063934,1.5095988512,5.86585044861,10.7293491364,3.5949420929,8.30419921875,42.6614952087
2021-08-05,5.21924543381,16.8935394287,12.3932514191,16.7951583862,1.43843913078,5.86585044861,10.5380573273,3.53705644608,8.27255344391,43.6132698059
2021-08-06,5.14402341843,16.9770298004,12.65533638,16.6353397369,1.39777636528,5.97835826874,10.8591527939,3.57056951523,8.36116600037,43.7908821106
2021-08-09,5.12666463852,16.9631156921,12.6428604126,16.8678016663,1.39269351959,6.04484272003,10.7600908279,3.58580327034,8.47509384155,45.1752853394
2021-08-10,5.13823747635,16.7195892334,12.424451828,16.9985580444,1.37744510174,5.96301794052,10.4868173599,3.52182459831,8.36116600037,44.9976844788
2021-08-11,5.55485105515,16.60131073,12.5055685043,16.4900531769,1.38252806664,6.0806427002,10.3843431473,3.53705644608,8.37382221222,46.2272529602
2021-08-12,5.43912506104,16.6917610168,12.3807659149,17.1511096954,1.35203099251,5.89142084122,10.1588935852,3.49440455437,8.36749362946,45.9585723877
2021-08-13,5.329185009,16.6848011017,12.4618883133,17.0203514099,1.35711395741,5.93744754791,10.0769119263,3.52487015724,8.36749362946,45.858379364
2021-08-16,5.09194612503,16.4204082489,12.3370828629,16.8314762115,1.30120241642,5.87451696396,10.0598335266,3.46698665619,8.38015460968,43.9457206726
2021-08-17,5.00515174866,16.524772644,12.3308401108,16.6716594696,1.33169972897,5.77703475952,10.0188426971,3.56447649002,8.43711853027,42.3746032715
2021-08-18,4.94728946686,16.1073055267,12.1623563766,16.511844635,1.30628538132,5.86938714981,10.0666627884,3.63454771042,8.34850597382,42.6022338867
2021-08-19,5.03987073898,16.0029373169,12.2434806824,17.1729011536,1.36727929115,5.82834100723,10.1349802017,3.71071076393,8.38015460968,42.5833358765
2021-08-20,5.08037424088,16.8030853271,12.1935577393,17.5797042847,1.41302478313,5.82321071625,10.148645401,3.80515527725,8.54471969604,43.1922836304
2021-08-23,5.09773349762,16.6639289856,12.2122812271,17.5651721954,1.39777636528,5.82834100723,10.2408733368,3.80820155144,8.45610713959,43.0742683411
2021-08-24,5.28868103027,17.0535640717,12.5742082596,17.6523456573,1.4333562851,5.93095254898,10.5755195618,3.97271633148,8.44977855682,44.5281715393
2021-08-25,5.2828950882,17.1718482971,12.5367746353,17.5797042847,1.45877027512,5.93608236313,10.5409593582,4.00318145752,8.39281463623,44.4951324463
2021-08-26,5.16138267517,17.1509742737,12.2871627808,17.4489440918,1.42827296257,5.86425447464,10.3923482895,3.96966958046,8.13330554962,44.145816803
2021-08-27,5.31761264801,17.213596344,12.4431695938,17.3617706299,1.45368742943,5.94634485245,10.5513305664,4.03364610672,8.0383644104,44.2024650574
2021-08-30,5.46805667877,17.3040485382,12.3370828629,17.2600727081,1.42319095135,5.88477802277,10.4511032104,4.0153670311,8.01937484741,43.319732666
2021-08-31,5.46805667877,17.116186142,12.4431695938,17.1874294281,1.41302478313,5.95147562027,10.5167665482,4.11590433121,8.04469490051,42.6871871948
2021-09-01,5.52591943741,17.3318767548,12.4556484222,17.3690395355,1.39269351959,6.04912376404,10.5271377563,4.25604534149,8.12064647675,42.8240852356
2021-09-02,5.41019248962,17.213596344,11.9855003357,16.9767627716,1.35203099251,5.87438297272,10.0916728973,4.17074155807,8.04469490051,42.9184913635
2021-09-03,5.33497333527,17.0466079712,11.9855003357,17.2963924408,1.36727929115,5.82298851013,10.067481041,4.14636993408,8.0257062912,42.8193588257
2021-09-06,5.29446744919,17.0326976776,12.1041698456,17.5433826447,1.4028595686,5.95147514343,10.2471952438,4.10981035233,8.01304721832,43.6171226501
2021-09-08,4.86049365997,16.4551944733,11.3359537125,17.1075210571,1.32661676407,5.65852689743,9.8151884079,4.036693573,7.87379932404,41.6817321777
2021-09-09,4.97622060776,16.8378734589,11.4233894348,17.5942363739,1.3469479084,5.71505832672,9.98799133301,4.07325172424,7.87379932404,42.2481918335
2021-09-10,5.06880140305,16.9422416687,11.3047161102,17.1511096954,1.3621969223,5.70992231369,10.0190963745,4.10067224503,7.85481023788,43.0223388672
2021-09-13,5.3002538681,17.213596344,11.4920959473,17.5288543701,1.39269351959,5.74589586258,10.2402820587,4.16464853287,7.95608329773,43.4755096436
2021-09-14,5.31761264801,17.3179607391,11.4108982086,17.6450824738,1.36727929115,5.85382556915,10.1654214859,4.19206762314,8.05735206604,43.7587356567
2021-09-15,5.26553535461,17.1301021576,11.3234577179,17.6014995575,1.35711395741,5.73561620712,10.0854330063,4.18902206421,7.96874237061,43.9050788879
2021-09-16,5.40440654755,17.4501571655,11.1111049652,17.6959342957,1.36727929115,5.75103569031,10.2488870621,4.19816160202,7.90544652939,42.6399841309
2021-09-17,5.20767307281,17.311000824,10.7925767899,17.4489440918,1.37236225605,5.64310836792,10.0645675659,4.19206762314,7.81683588028,41.9649658203
2021-09-20,5.02829742432,17.1231460571,10.424079895,17.1293144226,1.32153379917,5.47350692749,9.73765945435,4.18597459793,7.68391895294,38.1413841248
2021-09-21,5.17874145508,17.2762145996,10.5614852905,17.2455425262,1.32153379917,5.5660161972,9.9845790863,4.24995231628,7.78518867493,36.8149299622
2021-09-22,5.46227073669,17.213596344,10.7988195419,17.0348777771,1.37236225605,5.65338611603,10.217587471,4.28041934967,7.84215402603,37.3861083984
2021-09-23,5.56642389297,17.311000824,11.1673164368,16.9985580444,1.41810774803,5.76131391525,10.241932869,4.28955793381,7.88645935059,39.038269043
2021-09-24,5.65900468826,17.3666667938,11.0174198151,16.8532676697,1.4028595686,5.68936300278,10.1619415283,4.31088447571,7.81683588028,39.5291938782
2021-09-27,5.64743185043,17.2066364288,11.2485084534,16.3810863495,1.39269351959,5.76645421982,10.3879966736,4.41142129898,7.79784679413,39.7463340759
2021-09-28,5.60114145279,17.116186142,10.9924373627,16.1994781494,1.38761043549,5.69450235367,10.1758556366,4.32611703873,7.83582210541,37.4285964966
2021-09-29,5.78630304337,17.0674800873,11.161072731,16.2358036041,1.39269351959,5.79215097427,10.2314996719,4.3352560997,7.82949399948,37.6646118164
2021-09-30,6.13926744461,16.9213657379,11.1548194885,16.0687198639,1.47910153866,5.80243015289,10.050655365,4.27432537079,7.65859985352,37.3294639587
2021-10-01,6.23184919357,16.9631156921,11.3921632767,15.7272968292,1.51976418495,5.89494085312,10.2767114639,4.32002401352,7.61429309845,37.6268501282
2021-10-04,6.13348150253,16.907453537,10.9778356552,15.3568143845,1.47910153866,5.77159404755,10.1549882889,4.28955793381,7.62062311172,37.0131912231
2021-10-05,5.90202999115,16.8170013428,11.2341508865,15.3568143845,1.49943304062,5.82812833786,10.6383953094,4.28955793381,7.55099964142,36.980140686
2021-10-06,5.55485105515,16.8796215057,11.2779150009,15.3568143845,1.46385335922,5.85382556915,10.6557836533,4.20425510406,7.61429309845,36.1399040222
2021-10-07,5.5085606575,16.7195892334,11.040350914,15.3568143845,1.40794205666,5.77673339844,10.5444946289,4.18597459793,7.62695360184,35.9227638245
2021-10-08,5.52013254166,16.9839897156,11.2091493607,15.4512529373,1.4333562851,5.83326816559,10.7670698166,4.30479001999,7.7662024498,36.8951759338
2021-10-11,5.55485105515,17.1509742737,10.9965925217,15.4512529373,1.4333562851,5.76131391525,10.6836023331,4.44188737869,7.7408823967,36.4089660645
2021-10-13,5.76894426346,17.2970867157,11.052854538,15.6255989075,1.4333562851,5.76131391525,10.6975154877,4.56984090805,7.91810560226,38.7880859375
2021-10-14,5.72843885422,17.311000824,10.9465761185,15.5456876755,1.4333562851,5.68936300278,10.6453495026,4.59726142883,7.93076562881,38.0422515869
2021-10-15,5.84416627884,17.2414302826,11.4279537201,15.523897171,1.46385335922,5.77673339844,10.9826889038,4.56984090805,8.01304721832,39.18932724
2021-10-18,5.93095970154,17.3457927704,11.5529794693,15.6691808701,1.47910153866,5.82812833786,11.2017850876,4.60335445404,8.01304721832,40.5913124084
2021-10-19,5.73422574997,17.0326976776,11.1716365814,14.9136924744,1.41810774803,5.60713100433,10.6523017883,4.49977064133,7.96241188049,38.8919410706
2021-10-20,5.84995174408,17.0535640717,11.5842428207,14.7974624634,1.41810774803,5.7407579422,10.8505363464,4.52109670639,7.96874237061,39.977645874
2021-10-21,5.63585805893,16.8170013428,11.2529087067,14.5432109833,1.34186577797,5.49920463562,10.3706083298,4.19816160202,7.94342327118,38.4954185486
2021-10-22,5.45069742203,16.6987190247,10.8840618134,14.1654653549,1.33678257465,5.40155363083,10.0541343689,4.07325172424,7.82949399948,37.9620056152
2021-10-25,5.687936306,16.8796215057,11.0591049194,14.5940608978,1.38252806664,5.50948286057,10.2627983093,4.10371780396,7.93709373474,40.5441017151
2021-10-26,5.43912506104,16.8796215057,10.8027906418,14.3325452805,1.37236225605,5.44780826569,10.1549882889,4.07325172424,7.82949399948,40.7376289368
2021-10-27,5.60114145279,17.0674800873,10.984087944,13.8167743683,1.3469479084,5.49920463562,10.1445550919,4.09457826614,7.89911603928,38.377407074
2021-10-28,5.3523311615,16.8865776062,10.8778085709,13.3227996826,1.3164511919,5.40669393539,10.0541343689,3.94834399223,7.79784679413,37.2350463867
2021-10-29,5.05144357681,16.9213657379,10.6277456284,13.6787538528,1.3164511919,5.30904340744,9.91154766083,3.92397069931,7.84848117828,35.2477264404
2021-11-01,5.21924543381,17.3040485382,10.9715833664,13.8821544647,1.35711395741,5.40669393539,10.1375980377,3.96966958046,7.83582210541,35.7953071594
2021-11-03,5.39862203598,17.3249206543,10.9448328018,14.5867958069,1.38252806664,5.48892498016,10.2036762238,4.05801916122,8.05102348328,35.3091049194
2021-11-04,5.14699077606,17.0387172699,10.3503456116,14.5214176178,1.42319095135,5.3347401619,9.96371269226,3.97271633148,7.92443466187,34.6812858582
2021-11-05,5.23097372055,16.9138622284,10.7696170807,15.0299215317,1.46385335922,5.30904340744,10.1862878799,4.02450799942,7.82316589355,36.5883483887
2021-11-08,5.09899950027,16.8477592468,10.5568532944,14.8701057434,1.42827296257,5.24737119675,10.2523670197,4.02755403519,7.7535405159,36.484500885
2021-11-09,5.3629488945,16.7890090942,10.4754981995,15.1606779099,1.42827296257,5.20111608505,10.2384519577,4.10371780396,7.86114025116,38.4293327332
2021-11-10,5.91484022141,16.9358921051,10.9698619843,15.3132305145,1.44352209568,5.29876661301,10.707950592,4.19206762314,7.97507095337,38.0800170898
2021-11-11,6.05281400681,16.9652729034,11.0762462616,15.5456876755,1.47401881218,5.29876661301,10.5027608871,4.24995231628,7.79784679413,39.5150375366
2021-11-12,5.9028429985,16.9579277039,11.1137943268,15.0299215317,1.43843913078,5.29876661301,10.4853725433,4.24081325531,7.7662024498,43.3763809204
2021-11-16,6.02282047272,16.7229099274,11.0887613297,14.5286827087,1.39269351959,5.19597625732,10.3393068314,4.17378902435,7.56365823746,43.8012275696
2021-11-17,5.98682785034,16.5907154083,11.1263074875,13.9039468765,1.3621969223,5.22167301178,10.1932439804,4.08848524094,7.4687166214,43.3716545105
2021-11-18,6.32875967026,16.5760250092,10.9886360168,13.9475336075,1.36727929115,5.15486049652,10.1167345047,4.10067224503,7.50669240952,42.1880645752
2021-11-19,6.51472377777,16.5686817169,11.0074090958,14.0129117966,1.37744510174,5.20111608505,10.1028232574,4.14636993408,7.51302289963,43.6175117493
2021-11-22,6.40074396133,16.4878940582,10.8634805679,13.5915803909,1.3621969223,5.11888504028,10.0471763611,4.09153079987,7.47504520416,45.379825592
2021-11-23,6.40074396133,16.6127471924,11.132566452,13.5334672928,1.37744510174,5.19083547592,10.4672584534,4.1585559845,7.5320110321,46.0162277222
2021-11-24,6.18478679657,16.7522850037,11.3328056335,13.5044088364,1.38252806664,5.27158975601,10.6611604691,4.10676431656,7.5256819725,44.3909683228
2021-11-25,6.27476978302,16.8404178619,11.3766155243,13.7659244537,1.39777636528,5.28203010559,11.2146635056,4.1585559845,7.56998825073,44.8853912354
2021-11-26,6.11880159378,16.8404178619,10.9761228561,13.0903434753,1.3469479084,5.17242288589,10.8444862366,4.07934474945,7.51935100555,44.4448242188
2021-11-29,6.13679552078,17.0019931793,10.9135408401,12.9886436462,1.36727929115,5.19329977036,10.8621149063,4.09762430191,7.6396112442,44.4105453491
2021-11-30,6.05881309509,17.1121559143,10.6507167816,12.6908035278,1.30628538132,5.0680346489,11.2252426147,4.00318145752,7.56365823746,43.6126098633
2021-12-01,5.7828669548,17.1562252045,10.5943946838,12.2985277176,1.34186577797,5.10127305984,11.034863472,3.94834399223,7.59530448914,44.3860740662
2021-12-02,5.88484811783,17.7657985687,11.125125885,13.0249624252,1.41810774803,5.25823497772,11.338057518,4.08239269257,7.88645935059,44.9588279724
2021-12-03,5.87884902954,17.8612747192,11.1564483643,13.4826145172,1.40794205666,5.19545078278,11.3521585464,4.20425510406,8.00671768188,44.6308441162
2021-12-06,5.91484022141,17.8465843201,11.2879953384,13.4099721909,1.4333562851,5.22684335709,11.6588792801,4.16464853287,8.1586227417,45.6637611389
2021-12-07,5.97482872009,17.7070446014,11.1376523972,13.6569595337,1.39269351959,5.22684335709,11.4931783676,4.18902206421,7.89249706268,47.6806373596
2021-12-08,6.28076887131,17.8979988098,11.1063318253,13.9838542938,1.38252806664,5.21114730835,11.5460643768,4.25909137726,7.85955810547,46.716255188
2021-12-09,6.19678497314,17.8465843201,10.7743358612,13.8385705948,1.36727929115,5.14313077927,11.2887020111,4.21339321136,7.82002925873,46.0358085632
2021-12-10,6.13079738617,17.7878265381,10.7743358612,13.8385705948,1.38252806664,5.158826828,11.4579248428,4.25604534149,7.85296916962,47.6855430603
2021-12-13,6.13079738617,17.9200267792,10.5989370346,13.8385705948,1.38761043549,5.08557796478,11.362739563,4.26213884354,7.80026531219,47.3183937073
2021-12-14,5.85485219955,17.8392429352,10.743013382,13.3445930481,1.36727929115,5.20805740356,11.3645076752,4.28955793381,7.89908504486,47.0442466736
2021-12-15,6.10080432892,17.986125946,10.7367506027,13.962061882,1.37236225605,5.18183517456,11.1695423126,4.30174350739,7.93861532211,48.1456985474
2021-12-16,5.97482872009,18.0081596375,10.8495044708,13.6496963501,1.38761043549,5.18707942963,11.1340961456,4.24995231628,8.01767158508,49.012172699
2021-12-17,5.8368563652,17.9420604706,10.5488214493,13.4245004654,1.44352209568,5.18707942963,10.7512607574,4.30174350739,8.00449371338,49.379322052
2021-12-20,5.70488166809,17.802520752,10.3483715057,13.0612840652,1.44860458374,5.10840892792,10.4286899567,4.23776721954,7.95837926865,50.4367179871
2021-12-21,5.80086183548,17.8465843201,10.3015632629,12.9187288284,1.45877027512,5.13253307343,10.4570465088,4.20730066299,7.95837926865,49.3058891296
2021-12-22,5.6448931694,18.0816020966,10.3269519806,12.7361564636,1.44860458374,5.07195806503,10.3967847824,4.18009519577,7.98472929001,48.2987976074
2021-12-23,5.57290840149,17.9513492584,10.3142595291,12.6996431351,1.43843913078,5.08296966553,10.3577928543,4.15468454361,7.95837926865,49.8994903564
2021-12-27,5.5789065361,17.9735355377,10.4221611023,12.8456983566,1.48418462276,5.0994925499,10.3790626526,4.18009519577,7.98472929001,50.6509513855
2021-12-28,5.74087572098,17.9365539551,10.4158124924,12.9698476791,1.49943304062,5.16006851196,10.3188018799,4.19597768784,7.97155380249,51.2685661316
2021-12-29,5.60889911652,17.8477916718,10.3396434784,12.8895177841,1.52362561226,5.17108249664,10.2656297684,4.14197921753,7.96496534348,52.447227478
2021-12-30,5.48292589188,17.9809322357,10.2761726379,13.1378135681,1.56995248795,5.12152004242,10.2266387939,4.16421318054,7.98472929001,53.1369132996
2022-01-03,5.30295991898,17.9217567444,10.5046749115,12.3564090729,1.52362561226,5.06094312668,10.2160043716,4.0911564827,8.01767158508,52.3442802429
2022-01-04,4.97902393341,17.9439506531,10.5537576675,11.932844162,1.50818312168,5.0884771347,10.2266387939,4.08797979355,8.0703754425,52.478099823
2022-01-05,4.80505752563,17.6776733398,10.4838628769,11.6042175293,1.5030361414,5.08296966553,10.0564899445,3.9577498436,7.99131727219,49.6318435669
2022-01-06,4.88904190063,17.5963153839,10.5982341766,11.9912662506,1.49274098873,5.06644916534,10.1380186081,3.87198781967,7.91884994507,48.5921783447
2022-01-07,4.9310336113,17.5001564026,10.6427125931,12.1081123352,1.58539402485,5.18760490417,10.1486520767,3.89422249794,7.99131727219,49.1274528503
2022-01-10,4.81705570221,17.3818149567,10.782494545,12.5608892441,1.53392004967,5.16006851196,10.2018251419,3.85928273201,7.97814083099,48.1392440796
2022-01-11,4.84704971313,17.3078517914,10.8905124664,13.0428752899,1.5750991106,5.19861698151,10.2443618774,3.97045516968,7.93202638626,48.4943847656
2022-01-12,5.0390124321,17.4557781219,10.7952079773,13.1524181366,1.60598385334,5.24267339706,10.3436155319,4.02762937546,7.92543697357,49.7193450928
2022-01-13,5.00301933289,17.4779644012,10.915927887,12.7799730301,1.59054195881,5.37484264374,10.5102176666,4.03398180008,7.96496534348,49.8840522766
2022-01-14,5.1709856987,17.5075569153,11.0811262131,13.0939970016,1.61627817154,5.40237760544,10.7796192169,4.04351139069,7.93202638626,48.3862876892
2022-01-17,4.87704372406,17.5815181732,11.1446657181,12.9917573929,1.59054195881,5.34841394424,10.8008880615,4.04668855667,7.95837926865,47.8921928406
2022-01-18,4.9190363884,17.7812232971,11.2082042694,13.0282707214,1.61627817154,5.4433221817,10.8965988159,4.04986476898,7.96496534348,47.1561698914
2022-01-19,5.05101013184,17.8182067871,11.1954965591,13.2400522232,1.62657320499,5.44890594482,10.9923086166,4.11656808853,8.0703754425,47.3054351807
2022-01-20,5.16498661041,17.7590351105,11.1446657181,13.5029563904,1.65745711327,5.47123718262,11.0596551895,4.13244962692,8.29436969757,46.919418335
2022-01-21,5.29096221924,17.9069633484,11.0874824524,13.9703369141,1.64201521873,5.38191127777,11.0596551895,4.12609767914,8.34048652649,46.3069343567
2022-01-24,5.23697376251,17.8551902771,11.2018499374,13.4518375397,1.60598385334,5.37632656097,11.1128282547,4.07209920883,8.34048652649,47.1973609924
2022-01-25,5.320956707,17.7516384125,11.5894355774,13.9046125412,1.65745711327,5.52148294449,11.3999519348,4.11974477768,8.37342643738,47.876739502
2022-01-26,5.43493413925,17.7738265991,11.5957889557,13.9776391983,1.68319404125,5.57731199265,11.2900648117,4.09750938416,8.30095767975,46.5797195435
2022-01-27,5.41693925858,17.8551902771,11.6720399857,14.2989664078,1.69863688946,5.61080884933,11.4460344315,4.16103792191,8.29436969757,46.4356079102
2022-01-28,5.59690332413,17.8477916718,11.8181734085,14.4523229599,1.72952079773,5.64988851547,11.5169324875,4.13880300522,8.32731151581,47.7583656311
2022-01-31,5.6448931694,17.8699855804,11.9452552795,14.7663459778,1.76040530205,5.75038099289,11.5771923065,4.17056465149,8.43930721283,48.3296737671
2022-02-01,5.66888999939,17.7294521332,11.9452552795,14.3500843048,1.67804670334,5.67222070694,11.5594673157,4.21185827255,8.34048652649,51.0060806274
2022-02-02,5.58490610123,17.7294521332,11.7463541031,14.2770557404,1.6934889555,5.6331410408,11.3680515289,4.13880300522,8.34048652649,50.6766738892
2022-02-03,5.3329539299,17.7738265991,11.9116973877,14.1748180389,1.68319404125,5.64430522919,11.4460344315,4.16738796234,8.33389854431,49.2097969055
2022-02-04,5.19498157501,17.6776733398,11.9371433258,14.1602125168,1.58539402485,5.76154708862,11.4247703552,4.06892204285,8.28119468689,51.3148956299
2022-02-07,5.3989405632,17.6406936646,11.9562244415,13.9630346298,1.54936254025,5.72246599197,11.2936105728,3.98633646965,8.36024856567,51.4075469971
2022-02-08,5.26096916199,17.5519332886,12.0007410049,13.8315820694,1.56480467319,5.73921537399,11.4141321182,4.01174783707,8.28119468689,50.7899131775
2022-02-09,5.21897697449,17.5741233826,10.9450340271,13.8827018738,1.55450940132,5.67222070694,11.3148803711,4.05939435959,8.3141336441,51.0060806274
2022-02-10,5.21897697449,17.6776733398,11.0340681076,13.5978927612,1.54936254025,5.74479818344,11.4389467239,4.08797979355,8.3141336441,52.0766525269
2022-02-11,5.12299537659,17.5889205933,11.1485424042,13.3203840256,1.5030361414,5.88995218277,11.8395051956,4.05304002762,8.27460670471,51.0575523376
2022-02-14,5.14099121094,17.5667266846,11.231218338,13.283870697,1.5287733078,5.94020080566,11.8891305923,4.01174783707,8.24825191498,50.9546127319
2022-02-15,5.44093322754,17.6850719452,11.3584098816,13.8754024506,1.56480467319,5.95694923401,12.4527463913,4.0911564827,8.30095767975,49.6678886414
2022-02-16,5.43493413925,17.5667266846,11.4538049698,13.729341507,1.56995248795,5.97927904129,12.5236415863,4.17374181747,8.2416639328,49.9458122253
2022-02-17,5.3149561882,17.5297451019,11.3393316269,13.4737434387,1.51333045959,5.87878704071,12.5236415863,4.11974477768,8.2350769043,48.7929000854
2022-02-18,5.3869433403,17.6037082672,11.390212059,13.2473564148,1.50818312168,5.90670204163,12.7788629532,4.13562631607,8.3141336441,48.6848144531
2022-02-21,5.30295991898,17.7294521332,11.1994180679,12.9479379654,1.46185708046,5.73363351822,12.5059194565,4.0562171936,8.3141336441,48.3502616882
2022-02-22,5.42893648148,18.0253143311,11.1994180679,14.0141534805,1.47215139866,5.73363351822,12.6228971481,4.04668855667,8.49201107025,49.0862808228
2022-02-23,5.52491617203,18.4838943481,11.0658655167,13.6855258942,1.451562047,5.64988851547,12.6867027283,4.13880300522,8.63694763184,48.8031959534
2022-02-24,5.50692129135,18.0475025177,10.8178358078,13.3568973541,1.44641435146,5.55498027802,12.2825975418,4.05939435959,8.63694763184,49.4362678528
2022-02-25,5.3089594841,18.0696907043,10.8496379852,13.1159057617,1.49274098873,5.66663789749,12.4811058044,4.06574630737,8.57106781006,48.8701095581
2022-03-02,5.47692584991,18.2250137329,10.7605991364,13.0428752899,1.41038298607,5.65547132492,12.619351387,4.18327045441,8.73577022552,50.7229995728
2022-03-03,5.3629488945,18.3655529022,10.8988132477,13.0720853806,1.35890948772,5.65547132492,12.6207523346,4.21185827255,8.72918128967,50.9031333923
2022-03-04,5.33895254135,18.750169754,10.6887331009,13.0355730057,1.34861433506,5.6052274704,12.3049621582,4.12609767914,9.02564334869,50.7487373352
2022-03-07,5.14699077606,18.3285713196,10.3576917648,12.4878616333,1.2765506506,5.4433221817,11.7786426544,3.90375137329,8.94658756256,49.44140625
2022-03-08,5.17698526382,18.180639267,10.4468164444,12.2979850769,1.26625621319,5.38191127777,11.8693876266,3.97680902481,8.78188610077,49.6009750366
2022-03-09,5.7828669548,18.1214675903,11.0452346802,12.7142477036,1.27140402794,5.64988851547,12.5408964157,4.12927341461,8.93341255188,50.8465309143
2022-03-10,5.89684391022,18.0031223297,10.9433784485,12.6120080948,1.28169834614,5.58289337158,12.3775568008,4.08480358124,8.95317554474,52.241355896
2022-03-11,5.69888401031,18.1954288483,10.8478851318,12.1738376617,1.20963537693,5.5605635643,12.130730629,4.01810073853,8.9861164093,51.3663711548
2022-03-14,5.50092172623,18.1732406616,10.9561090469,12.1373224258,1.19419264793,5.58289337158,12.2069578171,4.04033565521,8.97952747345,51.9428291321
2022-03-15,5.52491617203,18.1880340576,10.8988132477,11.9401464462,1.20448768139,5.55498027802,12.0683860779,4.04668855667,8.99929237366,52.2053184509
2022-03-16,5.7828669548,18.2915859222,11.0834302902,12.6120080948,1.24566662312,5.6331410408,12.2291030884,4.04351139069,9.05199718475,53.9192466736
2022-03-17,5.9028429985,18.5282726288,11.1661911011,12.3125915527,1.22507703304,5.76154708862,12.3423347473,4.30079698563,9.13764190674,54.7633323669
2022-03-18,6.05881309509,18.7649650574,11.1407232285,12.0496902466,1.33317244053,5.83970737457,12.3167648315,4.44373369217,9.22328662872,55.2780418396
2022-03-21,6.07680892944,19.0238399506,11.3508090973,11.9693593979,1.302287817,5.97369670868,12.5688009262,4.53267145157,9.32210731506,55.3603858948
2022-03-22,6.13679552078,19.0460338593,11.4908618927,12.3564090729,1.35376191139,6.07977247238,12.8208341599,4.54537773132,9.42751598358,54.1714439392
2022-03-23,6.25077438354,19.3418903351,11.4272050858,11.8379278183,1.32287728786,6.10210371017,12.7550840378,4.58031654358,9.51974964142,54.4185028076
2022-03-24,6.25677061081,19.7486972809,11.5608940125,11.9903783798,1.34346675873,6.12443494797,12.9011907578,4.70737123489,9.74374198914,54.0118942261
2022-03-25,6.25077438354,19.8448524475,11.713675499,12.3333978653,1.35376191139,6.18274784088,12.8938846588,4.69149017334,9.89526748657,54.3155517578
2022-03-28,6.17878818512,19.8300609589,11.6627492905,12.4172468185,1.3794990778,6.09813117981,12.7696933746,4.66925573349,9.78327178955,53.3788223267
2022-03-29,6.20878410339,19.6007671356,11.8091726303,12.7297735214,1.41553044319,6.19403028488,12.8244848251,4.89745426178,9.73715400696,53.5743980408
2022-03-30,6.09480524063,19.556388855,11.7582406998,12.3791332245,1.37435138226,6.12069511414,12.7477798462,4.94094276428,9.58563041687,53.3994064331
2022-03-31,5.98682785034,19.556388855,11.6309156418,12.2038116455,1.37435138226,6.13761854172,12.6747274399,5.08813381195,9.77668476105,53.5538139343
2022-04-01,6.03481721878,19.556388855,11.5545244217,12.6611700058,1.37435138226,6.12069511414,12.6674232483,5.10820579529,9.76350688934,52.6273651123
2022-04-04,6.40674257278,19.7265090942,11.5145378113,12.7297735214,1.36920392513,6.08120679855,12.550535202,5.07809782028,9.82938957214,51.726650238
2022-04-05,6.20278549194,19.556388855,11.2086744308,12.4248695374,1.302287817,5.99094676971,12.2181425095,5.04799222946,9.73056697845,52.2619438171
2022-04-06,6.00482225418,19.3714771271,11.1194639206,12.2343034744,1.33317244053,5.96838235855,12.2802391052,5.08478927612,9.63174724579,52.9516220093
2022-04-07,5.99282264709,19.4676361084,11.1576967239,12.2419242859,1.34346675873,5.88940620422,12.5067043304,5.05802774429,9.71739292145,52.7817687988
2022-04-08,5.97482872009,19.7265090942,11.2150478363,12.0513601303,1.35376191139,5.92325496674,12.7295160294,5.08144330978,9.77668476105,51.592830658
2022-04-11,5.91484022141,19.6821327209,11.2341623306,11.6244935989,1.33831930161,5.86684274673,12.8098745346,5.05133628845,9.75033092499,51.3921051025
2022-04-12,5.93883514404,19.578578949,11.1576967239,11.4491729736,1.33317244053,5.85556030273,12.7843065262,4.97774028778,9.849152565,51.2994613647
2022-04-13,6.01682138443,19.578578949,11.2660255432,11.4872875214,1.33831930161,5.78222322464,12.8464002609,5.14834880829,9.78327178955,51.1090164185
2022-04-14,5.96883010864,19.637752533,11.2978849411,11.8074369431,1.36920392513,5.78786468506,12.8573598862,5.17176532745,9.78327178955,51.2531433105
2022-04-18,5.99882316589,19.4750289917,11.5145378113,12.104719162,1.37435138226,5.81607151031,13.3322048187,5.21190690994,9.80303478241,51.2788734436
2022-04-19,6.06481027603,19.2161502838,11.3061676025,12.0818519592,1.389793396,5.78222322464,12.8610134125,4.90749073029,9.77009677887,53.5692443848
2022-04-20,6.02881717682,19.2087554932,11.2711229324,12.0818519592,1.389793396,5.7765827179,12.8427495956,4.92756128311,9.72397899628,54.1405639648
2022-04-22,5.96883010864,19.0312347412,11.1028966904,11.8989095688,1.36920392513,5.66939973831,12.5761032104,4.89410924911,9.71080303192,53.6905517578
2022-04-25,6.02282047272,19.1495838165,11.0468215942,11.9141530991,1.39494097233,5.72581195831,12.6747274399,5.03460979462,9.85573959351,55.6605262756
2022-04-26,5.9208407402,19.3492870331,10.6262578964,11.769323349,1.3794990778,5.51708745956,12.3898191452,5.05133628845,9.93479728699,55.8062400818
2022-04-27,5.92683792114,19.3197002411,10.6262578964,11.822681427,1.389793396,5.49452257156,12.4446077347,5.14165735245,10.0006771088,56.4939727783
2022-04-28,5.95683383942,19.2161502838,10.5281257629,11.5940055847,1.38464593887,5.5283703804,12.4226922989,5.13162374496,9.92820930481,56.4182128906
2022-04-29,5.88484811783,18.6096382141,10.4510211945,10.9918174744,1.37435138226,5.43811225891,12.1341304779,4.90749073029,9.74374198914,55.9577674866
2022-05-02,5.79486370087,18.6540107727,10.3599004745,11.0146856308,1.3794990778,5.39298057556,12.0464696884,4.94551086426,9.67786026001,57.1933746338
2022-05-03,6.00482225418,18.9128932953,10.414106369,11.0527973175,1.41038298607,5.29708099365,12.2948465347,4.77561044693,9.77009677887,57.6421585083
2022-05-04,6.11880159378,18.6244277954,10.5334091187,11.2128734589,1.43611991405,5.44939279556,12.6528100967,4.86285734177,9.90844535828,58.7203979492
2022-05-05,6.10680294037,17.8256034851,10.2176179886,10.8012514114,1.42582511902,5.28015851974,12.3240718842,4.70213985443,9.86232566833,57.2225189209
2022-05-06,6.35875415802,17.9069633484,10.421131134,10.6183071136,1.40008854866,5.30272245407,12.3642492294,4.6745891571,9.87550449371,56.2958068848
2022-05-09,6.29876422882,18.1658477783,10.5755147934,10.6183071136,1.35890948772,5.18989801407,12.3971233368,4.7434668541,9.94797325134,54.2850456238
2022-05-10,6.4907283783,17.9291553497,10.6035814285,10.8241186142,1.36920392513,5.19553899765,12.2546672821,4.7618355751,9.51351356506,54.8911819458
2022-05-11,6.59270620346,17.8403949738,10.7790231705,10.4353647232,1.35376191139,5.19553899765,12.5249700546,4.7847943306,9.26352310181,56.2258682251
2022-05-12,6.97663354874,18.1658477783,10.8351631165,10.8774785995,1.3794990778,5.28579807281,12.8427495956,4.80316257477,9.38157367706,55.6022453308
2022-05-13,6.77867269516,18.106678009,10.9895553589,11.1137781143,1.40523529053,5.3252863884,12.8244848251,4.85367488861,9.28435611725,57.1933746338
2022-05-16,6.71868181229,18.0844860077,11.2281522751,11.0832881927,1.42582511902,5.43811225891,12.8244848251,4.93173599243,9.27741146088,58.5513763428
2022-05-17,6.66469097137,18.151052475,11.4456930161,11.2204971313,1.42067801952,5.45503425598,13.3066339493,5.07868003845,9.44406890869,58.7203979492
2022-05-18,6.59870576859,18.2619972229,11.2351703644,11.2357406616,1.3794990778,5.40990495682,13.1166973114,5.06949424744,9.46490287781,57.4906234741
2022-05-19,6.68269109726,18.4469146729,11.2141132355,11.1747579575,1.3794990778,5.38733911514,13.0399923325,5.11082172394,9.54823589325,58.8719406128
2022-05-20,6.81466436386,18.4469146729,11.4316625595,11.4186820984,1.39494097233,5.47759819031,13.5148391724,5.20266056061,9.43018436432,60.1483345032
2022-05-23,6.83866071701,18.7649650574,11.5439414978,11.2433633804,1.42067801952,5.53401136398,14.084654808,5.36337900162,9.47879219055,59.8394393921
2022-05-24,6.82066440582,18.9868583679,11.7685060501,11.4110603333,1.41553044319,5.5283703804,14.0523386002,5.48276996613,9.66628456116,59.4081382751
2022-05-25,6.91664409637,18.5874443054,11.6562232971,11.3729476929,1.4412676096,5.47759819031,13.9668292999,5.52868700027,9.63850879669,59.8627586365
2022-05-26,6.89264965057,18.114068985,11.7053489685,11.7464561462,1.52362561226,5.51708745956,13.9259395599,5.38633871078,9.37463092804,58.0501480103
2022-05-27,6.9886302948,17.9661407471,11.789557457,11.7388334274,1.4875934124,5.4719581604,13.773519516,5.29909181595,9.26352310181,57.9335784912
2022-05-30,7.07861280441,17.9217567444,11.6983299255,11.5863819122,1.46185708046,5.44375228882,13.409198761,5.15215015411,9.29824447632,58.5280723572
2022-05-31,6.91064453125,17.9587459564,11.8456983566,11.5711355209,1.47729885578,5.44939279556,13.6136665344,5.34960269928,9.40935134888,58.586353302
2022-06-01,6.99462795258,17.9513492584,11.6492061615,11.7235879898,1.49274098873,5.46835327148,13.6396884918,5.23480272293,9.33990859985,59.5888214111
2022-06-02,7.07861280441,18.062292099,11.6613273621,12.1199645996,1.45670938492,5.51359224319,13.6508426666,5.32205104828,9.48573684692,59.5888214111
2022-06-03,7.19858837128,17.6554889679,11.5910720825,11.8760404587,1.46700406075,5.36656475067,13.4612474442,5.25776386261,9.61767673492,58.061794281
2022-06-06,6.89264965057,17.3374328613,11.5348796844,11.6321172714,1.43611991405,5.43442487717,13.2939538956,5.20725250244,9.57601070404,58.1550521851
2022-06-07,6.64669752121,17.3448314667,11.4365282059,11.4720430374,1.42582511902,5.40049409866,13.2010192871,5.14755773544,9.44406890869,56.8320274353
2022-06-08,6.53272008896,17.2042961121,11.3100767136,11.5101556778,1.40523529053,5.37787437439,13.0820550919,5.12000656128,9.42323875427,56.8786468506
2022-06-09,6.61670207977,17.2190933228,11.324131012,11.5025320053,1.42067801952,5.29305076599,13.0634660721,5.08327007294,9.44406890869,56.4240379333
2022-06-10,6.45473384857,16.9676055908,11.1766042709,11.5558900833,1.3794990778,5.2817401886,12.8441333771,5.01439142227,9.38157367706,56.6396865845
2022-06-13,6.38874864578,17.0267772675,11.0009813309,11.2357406616,1.29199337959,5.2251906395,12.550444603,4.94092130661,9.38851833344,54.9436454773
2022-06-14,6.34675455093,16.9750061035,10.9166841507,10.9155912399,1.28684580326,5.18560600281,12.5542993546,4.9776558876,9.38851833344,53.5390052795
2022-06-15,6.42474126816,16.9380226135,10.9939537048,11.3500804901,1.3280248642,5.17429733276,12.7527971268,5.01439142227,9.43712806702,54.3549880981
2022-06-17,6.34675455093,17.1821060181,10.8183364868,10.8393640518,1.31772959232,5.25346565247,12.7827625275,4.93173599243,9.40935134888,54.2733840942
2022-06-20,6.26277112961,17.2486782074,11.0361070633,10.7555160522,1.31772959232,5.21388149261,12.8801403046,4.94092130661,9.37463092804,53.8012962341
2022-06-21,6.32875967026,17.1895065308,10.9570388794,10.9460802078,1.32287728786,5.20822572708,12.3520517349,4.89040851593,9.18019199371,54.0635643005
2022-06-22,6.44873380661,17.4040031433,10.9001913071,10.8241186142,1.31772959232,5.20257091522,12.3071060181,4.9041852951,9.24963569641,52.804649353
2022-06-23,6.65269517899,17.0785579681,10.6372795105,10.7936286926,1.33831930161,5.17995071411,12.2284564972,4.8812251091,9.13158512115,52.50157547
2022-06-24,6.48472738266,17.0267772675,10.6230669022,10.9765720367,1.35890948772,5.09512662888,12.157292366,4.87663507462,9.05520057678,53.5973014832
2022-06-27,6.51472377777,17.0637645721,10.7154417038,10.8012514114,1.35890948772,5.12340068817,12.4082317352,4.96541213989,9.09686183929,55.1359634399
2022-06-28,6.37075090408,17.0489711761,10.6159658432,10.7174024582,1.32287728786,5.10643672943,12.4531764984,4.94676303864,9.06214141846,55.7246398926
2022-06-29,6.22078132629,16.9823970795,10.4596357346,10.7021579742,1.31258285046,5.04988670349,12.3895044327,4.84419155121,8.97881317139,54.7454833984
2022-06-30,6.13079738617,16.9897994995,10.2180452347,12.4248695374,1.27140402794,5.01030111313,12.5018634796,4.83952856064,8.97881317139,53.0960693359
2022-07-01,6.23277711868,17.2190933228,10.2393569946,12.0970945358,1.26110863686,4.94244194031,12.4157218933,4.88615226746,9.11769580841,54.401599884
2022-07-04,6.26877212524,16.9084358215,10.1306848526,11.7998151779,1.27140402794,4.97071647644,12.3745231628,4.82554149628,9.00658798218,52.4957504272
2022-07-05,6.17279052734,16.8196792603,10.166258812,11.7464561462,1.25081443787,4.93678617477,12.3071060181,4.72296857834,8.86770629883,51.76720047
2022-07-06,6.29876422882,16.9528179169,10.1306848526,11.9065322876,1.28684580326,4.92547655106,12.2284564972,4.70898199081,8.97186756134,50.2751617432
2022-07-07,6.29876422882,17.1895065308,10.2587480545,12.2647943497,1.3280248642,4.99899053574,12.4082317352,4.79290437698,9.08297538757,52.4432983398
2022-07-08,6.25077438354,17.1229343414,10.2943143845,12.1352090836,1.35376191139,5.02161026001,12.5280828476,4.79290437698,9.00658798218,52.5132293701
2022-07-11,6.28076887131,17.1303310394,10.137802124,12.0437374115,1.35376191139,4.94809865952,12.3220911026,4.78358030319,9.02741909027,52.5773353577
2022-07-12,6.41874217987,17.1969013214,10.1093416214,12.1733217239,1.31258285046,4.8915476799,12.3632898331,4.81621599197,9.04130840302,52.7871551514
2022-07-13,6.41874217987,17.2412776947,9.91726207733,12.0818519592,1.3280248642,4.83499670029,12.2284564972,4.85351467133,9.06214141846,51.7613792419
2022-07-14,6.23277711868,17.1081428528,9.69672298431,12.2114362717,1.31258285046,4.86327219009,12.21347332,4.90946435928,9.11769580841,49.9429359436
2022-07-15,6.31076192856,16.9306278229,9.7820892334,12.4629802704,1.30743551254,4.97071647644,12.4644107819,4.87216567993,9.18019199371,48.8064155579
2022-07-18,6.22078132629,16.9454154968,9.86034488678,11.9293985367,1.28169834614,4.97637271881,12.6404418945,4.82554149628,9.13852787018,49.3426246643
2022-07-19,6.09480524063,16.9010410309,10.1947145462,11.6321172714,1.28684580326,5.06685113907,12.9812660217,4.84419155121,9.10380649567,51.4408149719
2022-07-20,6.46073436737,16.9084358215,10.0310869217,11.5406446457,1.29199337959,5.05554008484,12.9850082397,4.86750364304,9.08991909027,51.8021736145
2022-07-21,6.49672412872,17.0415744781,10.1520290375,11.5406446457,1.29199337959,5.10078048706,13.0748968124,4.90013933182,9.15935993195,51.563205719
2022-07-22,6.48472738266,17.0267772675,10.0737724304,11.6397399902,1.2765506506,5.05554008484,12.9850082397,4.96541213989,9.29824447632,51.5807037354
2022-07-25,6.57470846176,17.0785579681,10.1804885864,11.433927536,1.28169834614,5.06119680405,13.1835126877,5.04467248917,9.37463092804,51.7497215271
2022-07-26,6.47872877121,16.9454154968,10.1591405869,11.5406446457,1.26110863686,5.06119680405,13.2284555435,4.98872423172,9.37463092804,50.3567504883
2022-07-27,6.61070346832,17.2264881134,10.2160596848,11.8379278183,1.2765506506,5.11774587631,13.3145990372,5.24981594086,9.38851833344,51.176399231
2022-07-28,6.59870576859,17.3522262573,10.2587480545,12.1504564285,1.27140402794,5.15167617798,13.561788559,5.22184181213,9.39546203613,49.6802444458
2022-07-29,6.88065004349,16.8566646576,10.2943143845,12.3257761002,1.27140402794,5.2251906395,13.4719018936,5.24049139023,9.44406890869,49.2603874207
2022-08-01,7.03662157059,17.2042961121,10.2729730606,12.0818519592,1.26110863686,5.04988670349,13.363286972,5.20319271088,9.43712806702,48.8819122314
2022-08-02,7.24657917023,17.4853630066,10.4277162552,12.15807724,1.21992969513,5.14036417007,13.5430603027,5.27312850952,9.61767673492,49.437789917
2022-08-03,7.40254926682,17.3670196533,10.5559206009,12.2724180222,1.302287817,5.14602088928,13.6366958618,5.28711557388,9.61073303223,50.1415214539
2022-08-04,7.50452899933,17.4557781219,10.8123407364,12.6078128815,1.31258285046,5.15732955933,13.8951187134,5.44097423553,9.70100593567,50.3248291016
2022-08-05,7.67849588394,17.6332950592,10.912062645,11.769323349,1.29714024067,5.24215555191,14.1535482407,5.45496034622,9.81905651093,49.9818496704
2022-08-08,7.96044015884,17.5889205933,10.9405536652,11.9141530991,1.28684580326,5.26477575302,14.5992412567,5.55753231049,9.82600021362,49.7985229492
2022-08-09,7.88245344162,17.7146587372,11.1114959717,12.0132484436,1.28684580326,5.35525465012,14.8426856995,5.67875337601,9.98571777344,50.2479553223
2022-08-10,8.03242588043,17.6924705505,11.2895650864,12.5392084122,1.34346675873,5.35525465012,14.9700288773,5.69740200043,10.0065488815,51.0699424744
2022-08-11,7.74448156357,17.4187965393,11.3465480804,12.2419242859,1.31772959232,5.35525465012,15.6329469681,5.68341636658,9.82600021362,51.276927948
2022-08-12,7.89444971085,17.7886238098,11.553109169,12.3333978653,1.302287817,5.41180562973,16.5168399811,5.7906498909,9.97182941437,55.712146759
2022-08-15,7.83446645737,17.8995704651,11.4106550217,12.7450199127,1.29714024067,5.38918495178,16.1011142731,5.73936510086,10.0690469742,56.859375
2022-08-16,7.91244697571,17.8847789764,11.6100921631,12.7221508026,1.28684580326,5.43442487717,16.1797637939,5.75801324844,9.88959121704,56.2798423767
2022-08-17,7.87645530701,18.3433609009,11.6528291702,12.4248695374,1.28684580326,5.41745901108,16.0336952209,6.08437776566,9.99020957947,56.9501571655
2022-08-18,8.12240791321,17.9291553497,11.7026863098,12.3867559433,1.28169834614,5.41745901108,15.6629076004,5.99579286575,10.1123924255,57.8300590515
2022-08-19,8.08041572571,18.077085495,11.5459861755,12.4324922562,1.25596117973,5.43435955048,15.3745183945,5.9771437645,9.99739837646,56.8253440857
2022-08-22,8.04442214966,17.9587459564,11.4177780151,12.2190580368,1.26110863686,5.40021705627,15.5318260193,5.9678196907,9.96146202087,57.0874443054
2022-08-23,8.20638942719,17.8108158112,11.4818840027,12.2876625061,1.27140402794,5.38314676285,15.8517370224,5.99579286575,9.88240432739,57.9985427856
2022-08-24,8.41035175323,17.7516384125,11.4391441345,12.5773229599,1.302287817,5.36038541794,15.588306427,5.99113082886,9.81053066254,59.096862793
2022-08-25,8.46434116364,17.4409885406,11.5174970627,12.7678871155,1.29714024067,5.40591001511,15.9586391449,5.88855838776,9.6595993042,59.3839149475
2022-08-26,8.42234897614,17.396604538,11.4605150223,12.493473053,1.34861433506,5.3490023613,15.8784589767,5.74402618408,9.63084888458,59.4962463379
2022-08-29,8.46434116364,17.7442417145,11.4961242676,12.5544528961,1.36920392513,5.3490023613,16.2067985535,5.71138954163,9.79615497589,60.8566627502
2022-08-30,8.40435600281,17.6554889679,11.4890031815,12.2495498657,1.37435138226,5.35469388962,16.1609840393,5.54820632935,9.76022052765,60.2762985229
2022-08-31,8.61431026459,17.6406936646,11.2824459076,12.0132484436,1.34861433506,5.32055139542,15.9166431427,5.64145469666,9.93271160126,63.9643936157
2022-09-01,8.78227806091,17.6111049652,11.2824459076,12.3333978653,1.389793396,5.26551628113,16.1609840393,5.65077924728,10.1339550018,64.4761123657
2022-09-02,8.84826469421,17.5001564026,11.3589162827,12.691660881,1.40008854866,5.34538316727,16.2373409271,5.64611721039,10.1555175781,63.5150947571
2022-09-05,8.78227806091,17.3818149567,11.4516153336,13.0575456619,1.37435138226,5.41384029388,15.8937301636,5.64611721039,10.1698894501,62.260761261
2022-09-06,8.70429325104,17.1747131348,11.3446550369,12.7221508026,1.34346675873,5.37961149216,15.1301622391,5.52955818176,10.0764579773,61.6117515564
2022-09-08,8.78227806091,17.396604538,11.3018712997,12.9127168655,1.34861433506,5.37390756607,15.0652580261,5.67409038544,10.069270134,62.017375946
2022-09-09,8.82426738739,17.4705734253,11.40883255,12.9660749435,1.34346675873,5.37961149216,15.4814033508,5.66010427475,10.0261478424,62.7787094116
2022-09-12,8.85426425934,17.4409885406,11.5728330612,12.9508304596,1.34346675873,5.48229789734,15.7219314575,5.63679122925,9.99020957947,61.5555953979
2022-09-13,8.64430618286,17.1673126221,11.40883255,12.4477357864,1.31772959232,5.40243053436,15.4581689835,5.46428442001,9.92552566528,59.8956298828
2022-09-14,8.64430618286,17.2264881134,11.3446550369,12.3410196304,1.32287728786,5.40243053436,15.4735412598,5.41766119003,9.91115188599,60.4822387695
2022-09-15,8.48833656311,17.1081428528,11.2947463989,12.5849428177,1.34346675873,5.39102125168,15.3159627914,5.36637449265,9.83209323883,61.1000328064
2022-09-16,8.39835071564,17.0637645721,11.1806564331,12.9584522247,1.34346675873,5.35679340363,15.1430110931,5.30576467514,9.78178119659,61.7240867615
2022-09-19,8.29037761688,17.3374328613,11.4516153336,12.935585022,1.389793396,5.51652622223,15.4427938461,5.45496034622,9.89677715302,62.9721717834
2022-09-20,8.35635948181,17.3448314667,11.8723154068,13.13377285,1.37435138226,5.64203166962,15.6772413254,5.44097423553,9.90396308899,61.3496551514
2022-09-21,8.63230705261,17.3818149567,11.79388237,13.0880365372,1.3640563488,5.61921405792,15.565785408,5.41766119003,10.0045852661,60.7318496704
2022-09-22,8.93824863434,17.5741233826,12.0291891098,13.4310560226,1.389793396,5.77894687653,15.8501987457,5.56219577789,10.0620832443,60.6257743835
2022-09-23,8.81827163696,17.4705734253,11.7796211243,13.9265260696,1.40008854866,5.63632774353,15.6541824341,5.52023363113,9.96146202087,60.5633583069
2022-09-26,8.45834159851,17.1599216461,11.5157928467,13.6597337723,1.38464593887,5.52793645859,15.0008058548,5.62197875977,9.75303268433,58.7723579407
2022-09-27,8.50033378601,17.0859546661,11.430226326,13.3776960373,1.38464593887,5.44806957245,14.8124799728,5.1376543045,9.63803768158,59.4088821411
2022-09-28,8.54832553864,16.9528179169,11.4730072021,13.2404899597,1.5030361414,5.49941396713,14.816321373,5.06642913818,9.47273159027,59.2403907776
2022-09-29,8.53632831573,16.8492698669,11.5942230225,13.2404899597,1.451562047,5.53934574127,14.7356109619,5.00944900513,9.30742740631,59.1218223572
2022-09-30,8.83626747131,16.9897994995,11.6298799515,13.4767913818,1.4875934124,5.63062334061,14.8047962189,5.10916423798,9.37211322784,59.9018783569
2022-10-03,9.16020584106,17.6628818512,12.3999757767,14.1475801468,1.5287733078,5.96720504761,15.9347515106,5.65521812439,9.59491443634,62.7787094116
2022-10-04,8.88426017761,17.4631748199,12.3409118652,14.2466754913,1.4412676096,5.91015720367,15.0776748657,5.37031984329,9.54460334778,61.6803970337
2022-10-05,8.63230705261,17.4040031433,12.533624649,14.4905986786,1.41553044319,5.93297719955,15.31980896,5.24686479568,9.48710727692,61.6055030823
2022-10-06,8.81827163696,17.4187965393,12.3765983582,15.169011116,1.42067801952,5.92156791687,15.5926914215,5.24686479568,9.50148010254,60.9877128601
2022-10-07,8.62031078339,17.2190933228,12.0768175125,14.9098424911,1.43611991405,5.85311079025,15.62728405,5.1139125824,9.55897808075,61.2997360229
2022-10-10,8.38036060333,17.3596286774,11.9626216888,15.1080331802,1.45670938492,5.84740400314,15.4005174637,5.14240217209,9.58772754669,62.0548171997
2022-10-11,8.23638534546,17.278263092,11.8484210968,14.7573919296,1.42067801952,5.80746984482,15.0315504074,5.05693340302,9.55897808075,62.6975898743
2022-10-13,8.22438621521,16.9084358215,11.6913890839,14.5820703506,1.43097233772,5.78465175629,15.1353254318,4.97621107101,9.45117092133,64.0892028809
2022-10-14,8.08041572571,16.7900943756,11.6414251328,14.0789775848,1.46185708046,5.73330926895,15.0507707596,4.87174892426,9.36492347717,64.0892028809
2022-10-17,8.39835071564,17.1229343414,11.7270755768,13.6749792099,1.47215139866,5.84740400314,15.1776018143,5.09491920471,9.35055065155,64.3076171875
2022-10-18,8.32636547089,17.2116966248,11.8341407776,14.0103721619,1.49274098873,5.9386806488,15.3543977737,5.29434776306,9.38648605347,66.0798950195
2022-10-19,8.39835071564,17.2412776947,11.919793129,13.9570159912,1.49274098873,5.99572849274,16.0077800751,5.24686479568,9.42242145538,66.5042495728
2022-10-20,8.30237388611,17.2042961121,12.0768175125,13.9189023972,1.4412676096,5.98431873322,16.7572364807,5.33708190918,9.42960834503,66.9722824097
2022-10-21,8.39835071564,17.6258983612,12.3980121613,13.9882650375,1.43097233772,6.23532915115,17.1723327637,5.47003412247,9.5733537674,69.2687530518
2022-10-24,8.27837944031,17.6406936646,11.8198680878,14.0883464813,1.39494097233,6.01854610443,15.4504833221,5.42255163193,9.71709728241,67.4028701782
2022-10-25,8.30237388611,17.7516384125,11.7342157364,14.0729494095,1.40008854866,5.99002552032,15.1852903366,5.29434776306,9.63803768158,66.1485366821
2022-10-26,7.95443868637,17.4779644012,11.2774095535,13.487859726,1.39494097233,5.89304256439,14.6472139359,5.09491920471,9.47273159027,66.4917602539
2022-10-27,7.96643686295,17.6776733398,11.4986743927,13.9035825729,1.42067801952,5.97861385345,14.831694603,5.30384349823,9.55897808075,68.0144271851
2022-10-28,7.96044015884,17.8995704651,11.5843229294,14.1191396713,1.42067801952,6.0014333725,14.9200935364,5.38931322098,9.50866699219,67.3903961182
2022-10-31,8.34436416626,18.1214675903,11.8769645691,14.3193035126,1.48244655132,6.1725769043,14.2282838821,5.39880943298,9.64522647858,66.6415328979
2022-11-01,8.59631538391,17.8108158112,11.9269285202,14.1499347687,1.49788832664,6.17828226089,14.5665016174,5.58399200439,9.59491443634,70.217300415
2022-11-03,9.04622364044,18.0105190277,11.6891841888,14.2731122971,1.52362561226,6.21251058578,14.8701295853,5.61723232269,9.50866699219,71.6650772095
2022-11-04,8.99223709106,18.143655777,11.6606016159,14.6041488647,1.42582511902,6.18969154358,15.0892009735,5.63147640228,9.50148010254,71.6526031494
2022-11-07,8.85426425934,17.6258983612,11.3533649445,13.9882650375,1.4412676096,6.16687297821,14.5626592636,5.46528673172,9.44398403168,71.6401290894
2022-11-08,8.70429325104,17.7442417145,11.2890644073,14.0113592148,1.45670938492,6.10982465744,14.6318397522,5.51751756668,9.49429416656,70.5293197632
2022-11-09,8.64430618286,17.7220516205,9.48138237,13.9651699066,1.45670938492,5.92156791687,14.2436552048,5.39406108856,9.44398403168,70.9911193848
2022-11-10,8.12240791321,17.1895065308,9.18129634857,13.7111196518,1.302287817,5.76183271408,13.9630870819,5.10441493988,9.28586387634,67.352935791
2022-11-11,8.48535633087,17.4927635193,9.28846549988,13.3877792358,1.25081443787,5.86109542847,13.6517705917,5.16614437103,9.50866699219,68.0518722534
2022-11-14,8.6700925827,17.5297451019,9.35991573334,13.4493675232,1.28169834614,5.7355928421,13.989991188,5.14240217209,9.67397499084,71.1408920288
2022-11-16,8.36836051941,16.9823970795,9.29561233521,13.1876163483,1.24566662312,5.69793891907,13.547999382,4.97621107101,9.16728878021,68.6572036743
2022-11-17,8.10357666016,16.8788509369,9.43136882782,13.3184900284,1.23537158966,5.67911243439,13.2597436905,4.86225223541,9.15252494812,64.4531326294
2022-11-18,8.23289012909,16.8936443329,9.47423934937,13.1645183563,1.22507703304,5.67911243439,13.2136259079,4.90973520279,9.13776493073,62.8712234497
2022-11-21,8.25752162933,17.3892097473,9.3956413269,13.5032558441,1.24566662312,5.73688602448,13.5287828445,5.28010320663,9.13776493073,63.3680267334
2022-11-22,7.96810913086,17.1599216461,9.40993118286,13.2338056564,1.2405192852,5.7431974411,13.3890266418,5.26585817337,9.07871723175,62.9169845581
2022-11-23,7.67869472504,17.1007480621,9.37420463562,13.018248558,1.24566662312,5.66115140915,13.5542221069,5.20887851715,8.96799850464,63.1719284058
2022-11-24,8.00505447388,17.3596286774,9.53854084015,13.3954763412,1.28684580326,5.79999732971,13.7744894028,5.41780328751,9.07871723175,64.1459121704
2022-11-25,7.67869472504,17.1525249481,9.41707992554,13.2107124329,1.25081443787,5.82524251938,13.4558925629,5.28485012054,8.94585609436,63.596824646
2022-11-28,7.80800914764,17.0711612701,9.38135242462,13.4570665359,1.2405192852,5.73688602448,13.6997566223,5.29434776306,8.91633224487,62.3482818604
2022-11-29,7.86342763901,17.0193843842,9.53139591217,13.641831398,1.26110863686,5.73057460785,13.8649587631,5.41780328751,8.87204647064,64.4466094971
2022-11-30,7.81416320801,17.0563640594,9.83148670197,13.6495285034,1.26625621319,5.91990995407,13.8767576218,5.45104074478,8.54727935791,63.5249061584
2022-12-01,7.94347763062,16.8788509369,9.58855724335,13.4416666031,1.25596117973,5.72600460052,13.8610258102,5.35132694244,8.78347301483,63.2765159607
2022-12-02,8.17747020721,16.8418693542,9.56512641907,13.5032558441,1.27140402794,5.75763988495,14.1717557907,5.39406108856,8.65061664581,63.6556472778
2022-12-05,7.72795724869,16.7457122803,9.31473064423,13.2492046356,1.25596117973,5.67538785934,13.8452882767,5.21837472916,8.59156703949,62.5247688293
2022-12-06,7.72179889679,16.8714542389,9.45065879822,12.8257827759,1.25081443787,5.65640640259,13.9868907928,5.29909563065,8.67275810242,62.8123970032
2022-12-07,7.86958503723,16.9750061035,9.40058135986,12.9027671814,1.25081443787,5.69436836243,13.9554233551,5.37506866455,8.7022819519,62.3286628723
2022-12-08,7.39543914795,16.6347675323,9.22887992859,12.2791872025,1.21478199959,5.66273450851,13.778421402,5.21837472916,8.67275810242,61.0474510193
2022-12-09,7.28460025787,16.553401947,9.16449451447,12.086722374,1.18904578686,5.60813808441,13.7587528229,5.26110887527,8.66537666321,60.6160240173
2022-12-12,7.11218309402,16.4942340851,8.99279308319,11.9327526093,1.15816116333,5.57583332062,13.2906923294,5.02844381332,8.56942176819,60.2957229614
2022-12-13,7.10602617264,16.0800247192,8.72809123993,11.5170316696,1.15816116333,5.48538017273,12.6610298157,4.92398023605,8.30370330811,59.8577461243
2022-12-14,6.97671556473,16.1465911865,8.93555927277,11.9173574448,1.16330862045,5.67920970917,12.3470859528,5.01894521713,8.14132022858,59.5570526123
2022-12-15,7.20455265045,16.0504417419,8.82109165192,12.1175174713,1.16330862045,5.60813808441,12.6967945099,5.05218505859,8.25203800201,60.8317337036
2022-12-16,7.0567650795,16.0652332306,8.87117195129,11.9943418503,1.18389832973,5.57583332062,12.9551019669,5.19938087463,8.02322483063,57.4979515076
2022-12-19,7.53706645966,16.1244049072,9.05002880096,12.1637077332,1.19934022427,5.69212961197,13.0941905975,5.09017038345,8.22989177704,57.7005958557
2022-12-20,7.5801692009,16.3315105438,9.34335041046,11.7906742096,1.24566662312,5.73735809326,13.431977272,5.25161218643,8.2594165802,60.1453704834
2022-12-21,7.72795724869,16.6421642303,9.40058135986,11.8534326553,1.302287817,5.75027990341,13.5591459274,5.24211502075,8.38489627838,58.6157531738
2022-12-22,7.92500591278,17.1007480621,9.42919921875,12.0887765884,1.3640563488,5.74381923676,13.6823339462,5.2957701683,8.62847137451,58.8314704895
2022-12-23,7.99273777008,17.4927635193,9.557970047,12.3790311813,1.43611991405,5.78258609772,14.0201244354,5.36335372925,8.65799331665,58.6353569031
2022-12-26,7.93116092682,17.5001564026,9.33619308472,12.1515331268,1.389793396,5.84719514847,14.0002536774,5.29094266891,8.57680416107,58.3542709351
2022-12-27,7.58632850647,17.5175113678,9.39342689514,12.3162717819,1.43977820873,5.7115149498,13.5352993011,5.28611469269,8.47346782684,58.1450958252
2022-12-28,7.74027299881,17.5407390594,9.67959213257,12.5908403397,1.52127552032,5.78258609772,13.7777090073,5.51020717621,8.6210899353,58.4719429016
2022-12-29,7.6848526001,17.8117904663,9.63666725159,12.1201553345,1.53757476807,5.75027990341,13.8015575409,5.495408535,8.58418464661,57.5306396484
2023-01-02,7.32770442963,17.6414203644,9.4363527298,11.8534326553,1.46694409847,5.70505285263,13.217382431,5.38194704056,8.53251743317,56.0140991211
2023-01-03,7.10602617264,17.2154827118,8.99024105072,11.4141263962,1.49954319,5.64044332504,12.970998764,5.25368976593,8.36275291443,54.798248291
2023-01-04,7.08755159378,17.2309741974,9.06904220581,11.6494693756,1.51584243774,5.62106084824,13.1379041672,5.31781816483,8.37751483917,53.9876785278
2023-01-05,7.28460025787,17.1225509644,9.36274433136,11.8612775803,1.58103966713,5.74381923676,13.7379703522,5.36714982986,8.46609020233,53.4189720154
2023-01-06,7.27228593826,16.9134540558,9.61346912384,12.2299814224,1.54844093323,5.75027990341,13.9287214279,5.36714982986,8.72442340851,52.3011741638
2023-01-09,7.21686601639,17.0296211243,9.6361207962,11.8534326553,1.54844093323,5.79550695419,13.7936077118,5.50527524948,8.80561637878,52.2946357727
2023-01-10,7.4015955925,17.2851829529,9.83749580383,12.1358442307,1.5538738966,5.86011648178,14.0280714035,5.53487348557,8.84990215302,52.2946357727
2023-01-11,7.48780202866,17.4323253632,9.94190979004,12.5202379227,1.54844093323,5.86011648178,14.2267665863,5.7617931366,8.89213371277,52.3077125549
2023-01-12,7.30923175812,17.5872039795,9.74053573608,12.4025650024,1.55930733681,5.8407330513,14.1353673935,5.70752859116,8.93046188354,52.2946357727
2023-01-13,7.16144657135,17.4245796204,9.77782917023,11.9083452225,1.55930733681,5.82781267166,14.1671600342,5.63353395462,8.9074640274,53.2097892761
2023-01-16,7.38928079605,17.3239078522,9.56153678894,11.6730012894,1.52127552032,5.71797561646,14.1512651443,5.57926940918,8.89213371277,52.6541633606
2023-01-17,7.22302341461,17.4478130341,9.62866210938,12.0573968887,1.54300808907,5.80842971802,14.9818181992,5.74699401855,8.95345878601,52.6214752197
2023-01-18,7.32770442963,17.7653274536,9.73307704926,12.0809297562,1.57017302513,5.8536567688,15.1964159012,5.7716588974,8.99945259094,52.954864502
2023-01-19,7.42007064819,17.6569023132,9.77782917023,12.1593790054,1.58647322655,5.87949991226,15.5421476364,5.7617931366,9.06077671051,55.5107574463
2023-01-20,7.4139122963,17.6104393005,9.59136772156,11.7671394348,1.57560646534,5.80842971802,15.9236469269,5.6088681221,9.03778171539,54.4452514648
2023-01-23,7.52475166321,17.5717201233,9.2855796814,11.4298152924,1.57560646534,5.7632021904,15.804432869,5.52500677109,9.01478385925,54.3994941711
2023-01-24,7.48164653778,17.4710445404,9.3899974823,11.680847168,1.58103966713,5.75674152374,15.7249546051,5.62860202789,9.12210178375,55.0466384888
2023-01-25,7.51243782043,17.6259288788,9.40491104126,12.1436901093,1.67340290546,5.7115149498,16.1541366577,5.7815246582,9.14509963989,55.1120071411
2023-01-26,7.57401371002,17.7343482971,9.3825378418,11.8534326553,1.65710377693,5.7115149498,16.1461906433,5.61873435974,9.19875812531,55.7003288269
2023-01-27,7.35849380493,17.6569023132,9.18862247467,11.6651582718,1.60277211666,5.68567085266,15.9673604965,5.52500677109,9.26775169373,54.8832168579
2023-01-30,7.30307531357,17.533000946,9.2110004425,11.7592935562,1.58647322655,5.70505285263,16.2177257538,5.51020717621,9.31374168396,54.9878082275
2023-01-31,7.27228593826,17.7111186981,9.41237258911,12.1436901093,1.64080381393,5.672747612,16.1740055084,5.65326547623,9.42872714996,55.7853050232
2023-02-01,7.38928079605,17.4710445404,9.29303646088,12.2378253937,1.65710377693,5.55645036697,15.9792871475,5.63353395462,9.24475383759,54.9224472046
2023-02-02,7.34001922607,17.3935985565,9.35073471069,12.4731683731,1.68426883221,5.56291151047,15.6772623062,5.63353395462,9.24475383759,53.7327346802
2023-02-03,7.16144657135,17.1767616272,9.14907836914,11.8534326553,1.65710377693,5.54999113083,15.577911377,5.51020717621,9.07611083984,53.5104904175
2023-02-06,7.24765348434,17.1612739563,9.16402244568,11.641623497,1.66796958447,5.53060722351,15.6653423309,5.58913612366,9.19875812531,53.5235595703
2023-02-07,7.08755159378,17.0218791962,9.10426998138,11.7671394348,1.66253662109,5.42723083496,15.4507474899,5.41154670715,9.09143924713,53.7719573975
2023-02-08,7.16760349274,17.1535282135,9.43288898468,11.9397249222,1.71686816216,5.79550695419,15.8163499832,5.495408535,9.19875812531,55.3015708923
2023-02-09,6.90897703171,16.882478714,9.21629810333,11.6573133469,1.69513547421,5.7115149498,15.7328996658,5.35728311539,9.11443805695,54.58253479
2023-02-10,6.97671556473,17.0296211243,8.65615177155,11.3749027252,1.71686816216,5.60167646408,16.0428676605,5.40661382675,9.15276527405,55.667640686
2023-02-13,6.89050531387,17.0373668671,8.91008377075,11.6494693756,1.67883622646,5.72443675995,16.1342697144,5.4312787056,9.24475383759,56.3540077209
2023-02-14,6.8042974472,17.0296211243,8.88767814636,11.5317974091,1.72230148315,5.77612400055,16.5117931366,5.38194704056,9.19109344482,54.7001800537
2023-02-15,6.835085392,17.1535282135,9.05945777893,11.7906742096,1.73316705227,5.75674152374,16.6628055573,5.3770160675,9.19875812531,55.4257774353
2023-02-16,6.90897703171,17.1457824707,9.12667274475,12.0338630676,1.70600140095,5.78904676437,16.8495769501,5.39674901962,9.16043186188,54.7655563354
2023-02-17,7.13681316376,17.4090862274,9.11920642853,12.0730857849,1.77663230896,5.72443675995,17.0164871216,5.39674901962,9.18342685699,53.8373336792
2023-02-22,6.76119279861,17.2154827118,8.9773015976,11.9005022049,1.74403333664,5.672747612,16.5952472687,5.26848936081,9.18342685699,53.2097892761
2023-02-23,6.8042974472,17.1999950409,8.99223804474,11.641623497,1.71686816216,5.7115149498,16.7303600311,5.2734208107,9.11443805695,52.4842071533
2023-02-24,6.75503635406,16.9212017059,8.80552196503,11.4925727844,1.72773396969,5.52414464951,16.4088668823,5.20435857773,9.04544639587,52.2750244141
2023-02-27,6.74887466431,16.8979644775,8.79805374146,11.3984365463,1.70056891441,5.40138626099,16.1859207153,5.20435857773,9.09910583496,51.6605606079
2023-02-28,7.13065814972,16.8515014648,8.69349384308,11.1317138672,1.71686816216,5.44661283493,16.3359031677,5.16982793808,9.09143924713,51.8305206299
2023-03-01,6.94592523575,16.8437595367,8.67855930328,11.1787843704,1.76033318043,5.39058876038,15.8089342117,5.1500954628,9.14509963989,51.9743270874
2023-03-02,6.71808671951,16.8360099792,8.54186248779,10.9591274261,1.79836475849,5.2739648819,15.1725244522,5.105697155,9.13743400574,52.3861465454
2023-03-03,6.69961595535,16.8360099792,8.51194667816,10.912062645,1.80923128128,5.34523534775,15.3427753448,5.07116651535,9.16043186188,52.3534698486
2023-03-06,6.73656082153,16.8205242157,8.76625728607,11.0846443176,1.8363969326,5.39706802368,15.6913795471,5.1500954628,9.19109344482,52.2815628052
2023-03-07,6.71808671951,16.7895507812,8.89341163635,11.0846443176,1.8821952343,5.41650533676,16.0521507263,5.19449281693,9.19875812531,51.6801757812
2023-03-08,6.95824146271,16.9289455414,9.12528419495,11.5082616806,1.8821952343,5.47481632233,16.2142906189,5.29808568954,9.2600851059,52.6476173401
2023-03-09,7.13681316376,16.9521827698,9.08040714264,11.5945549011,1.95480239391,5.45537996292,15.8616323471,5.16489458084,9.24475383759,51.8305206299
2023-03-10,7.12450122833,16.9831562042,8.84105396271,11.3749027252,1.93246138096,5.39706802368,15.561665535,5.18462657928,9.19875812531,50.7977027893
2023-03-13,7.21070766449,17.2309741974,8.76625728607,11.4455051422,1.92129123211,5.29988336563,15.4643850327,5.20929193497,9.27541446686,49.4707298279
2023-03-14,7.19839143753,17.3781108856,8.70641708374,11.3042993546,1.90453588963,5.31932020187,15.3465690613,5.30302047729,9.38273334503,49.9479217529
2023-03-15,7.21070766449,17.5252513885,8.87097358704,11.4298152924,1.8821952343,5.30636072159,15.3629341125,5.38688135147,9.57437419891,49.0981292725
2023-03-16,7.30307531357,17.4168300629,9.00560855865,11.641623497,1.87102425098,5.3711514473,15.5265855789,5.34741687775,9.14509963989,48.7843589783
2023-03-17,7.64174890518,16.8205242157,8.72138023376,11.3827466965,1.82075810432,5.29340314865,15.2606487274,5.18955850601,9.10677146912,50.1832466125
2023-03-20,7.50012111664,16.7895507812,8.69146060944,10.9591274261,1.80400264263,5.22861289978,15.1747369766,5.16982793808,9.12210178375,52.9483146667
2023-03-21,7.45085906982,16.5727100372,8.66154098511,11.3278331757,1.78166210651,5.26100730896,15.3547477722,5.13529586792,8.92279815674,49.026222229
2023-03-22,7.53706645966,16.6656398773,8.59422302246,11.2415418625,1.82634353638,5.28692436218,15.3915719986,5.1500954628,8.92279815674,47.5423622131
2023-03-23,7.24765348434,16.58045578,8.4072303772,11.1630935669,1.81517326832,5.2221326828,15.2238302231,5.18955850601,8.8231420517,45.5617027283
2023-03-24,7.31538963318,16.8515014648,8.52690410614,11.4533491135,1.82075810432,5.31849527359,15.3793010712,5.24382257462,8.96112632751,46.7383308411
2023-03-27,7.26612663269,16.8902225494,8.63909721375,11.3199892044,1.81517326832,5.33811903,15.3874826431,5.37208271027,8.95345878601,46.8298492432
2023-03-28,7.34001922607,16.9444332123,8.59422302246,11.610244751,1.78724753857,5.35120248795,15.4938602448,5.49400758743,8.95345878601,48.1437530518
2023-03-29,7.25996923447,16.7972927094,8.69146060944,11.3984365463,1.79841768742,5.35774421692,15.673874855,5.59444618225,8.9074640274,46.8298492432
2023-03-30,7.56169939041,16.7972927094,8.92333126068,11.6259336472,1.83751392365,5.39699745178,15.9602622986,5.69990777969,8.9074640274,46.4703216553
2023-03-31,7.4385433197,16.7818050385,8.8634929657,11.3905916214,1.77607691288,5.4493303299,16.0011787415,5.7451043129,8.89979934692,45.7904853821
2023-04-03,7.27844285965,16.7121086121,8.66154098511,11.1003360748,1.77049231529,5.38391208649,15.8129825592,5.81541156769,8.86147117615,45.2675437927
2023-04-04,7.41470527649,17.1612739563,8.79431438446,11.0924911499,1.80958819389,5.4297041893,16.0748214722,5.86061000824,8.968791008,45.738193512
2023-04-05,7.29691028595,17.18450737,8.80930137634,11.1238689423,1.78724753857,5.41007852554,16.0175437927,5.87065315247,8.94579315186,45.7120513916
2023-04-06,7.19771957397,17.1070632935,8.72689723969,11.0689554214,1.80958819389,5.37736988068,15.9643592834,5.87065315247,8.93812847137,45.3982849121
2023-04-10,7.17292070389,17.1148090363,8.77184486389,10.9277505875,1.85985457897,5.39045333862,15.9725465775,5.96104812622,8.63916873932,46.2284584045
2023-04-11,7.49529886246,17.3548812866,9.13140678406,11.3984365463,1.8821952343,5.57362365723,16.3407649994,6.06650876999,8.67749595642,47.2612762451
2023-04-12,7.68128681183,17.5020217896,9.19133377075,11.5553321838,1.90453588963,5.67175149918,17.4781494141,6.26236391068,8.85380458832,46.6468200684
2023-04-13,7.84867620468,17.4787864685,9.28122615814,11.3984365463,1.92687630653,5.6979174614,17.4699649811,6.19707965851,8.88446998596,45.8101005554
2023-04-14,7.76188278198,17.4323253632,9.28871536255,11.4298152924,1.93246138096,5.73717021942,17.7686367035,6.18201351166,8.89979934692,45.3852043152
2023-04-17,7.81767892838,17.3781108856,9.27373313904,11.4062814713,1.91570556164,5.7240858078,17.8095474243,6.24227666855,8.99178600311,45.391746521
2023-04-18,7.60689353943,17.292924881,9.22878742218,11.3199892044,1.93804657459,5.6979174614,17.8422794342,6.26236391068,8.94579315186,45.6859016418
2023-04-19,7.52629804611,17.3471355438,9.0490064621,10.9748191833,1.8821952343,5.67829370499,17.6336193085,6.21214485168,8.87680244446,45.1237297058
2023-04-20,7.70608711243,17.3781108856,9.15387916565,11.1709384918,1.94921660423,5.63904285431,17.8013591766,6.29751825333,8.86913585663,44.8295783997
2023-04-24,7.79907941818,17.5175113678,9.0789680481,11.2180070877,1.94363164902,5.69137907028,17.764541626,6.2824511528,9.05311203003,43.5161056519
2023-04-25,7.71228694916,17.486530304,9.22130012512,11.1317138672,1.93246138096,5.68483543396,17.6008930206,6.2673869133,9.03011417389,43.5295524597
2023-04-26,7.73708343506,17.3084125519,9.05649471283,11.1317138672,1.96038663387,5.64558362961,17.4576931,6.22721004486,8.968791008,42.7696495056
2023-04-27,7.81147861481,17.4013442993,9.18384075165,11.2101602554,1.97714304924,5.71754360199,17.4781494141,6.2824511528,8.98412132263,43.1058921814
2023-04-28,8.25164890289,17.8505115509,9.30369853973,11.3905916214,2.00506806374,5.75679636002,17.5354270935,6.25866985321,9.25241756439,43.8792419434
2023-05-02,8.08425998688,17.9047241211,9.06398963928,11.3592119217,2.04974937439,5.59324884415,17.1181125641,6.26373672485,9.19875812531,42.305644989
2023-05-03,8.77861404419,18.1602840424,9.09943389893,11.3513679504,2.15586733818,5.58670854568,17.0649261475,6.19278860092,9.24475383759,41.7071342468
2023-05-04,8.69181919098,18.4468193054,9.30947971344,11.4611940384,2.15586733818,5.65866708755,17.2572174072,6.16238164902,9.07207202911,42.1711463928
2023-05-05,8.95840263367,18.6171913147,9.64704990387,12.4025650024,2.26198482513,5.77642011642,17.6949920654,6.01541805267,9.21802330017,44.5517234802
2023-05-08,9.0141992569,18.7643318176,9.84959411621,12.4417896271,2.3960287571,5.8091301918,17.6254425049,6.00021314621,9.1872959137,43.5900764465
2023-05-09,8.95840263367,18.872756958,9.94711399078,12.7320451736,2.40161418915,5.85492277145,17.5722484589,6.07116222382,9.27947711945,43.0453681946
2023-05-10,8.85300827026,18.9734306335,9.97712039948,12.8261833191,2.37927317619,5.92034101486,17.8013591766,6.15224742889,9.37165546417,43.4757537842
2023-05-11,9.17538642883,19.0663585663,10.044634819,12.9124746323,2.47980642319,5.97267580032,18.1654930115,6.24346590042,9.45615673065,43.7514686584
2023-05-12,8.98940181732,19.0818519592,10.0221290588,13.045835495,2.51331663132,5.90725803375,18.0959415436,6.16744947433,9.49456310272,45.7554588318
2023-05-15,9.21878433228,19.221244812,10.1496601105,13.006611824,2.42953944206,5.92688322067,18.1818580627,6.26373672485,9.47920036316,45.8697776794
2023-05-16,9.02659797668,19.1283130646,10.0521383286,12.7163562775,2.41836953163,5.88108968735,17.6581668854,6.17758512497,9.47920036316,44.88123703
2023-05-17,9.36137580872,19.1360607147,10.1496601105,12.7085123062,2.5468275547,5.97267580032,17.6868095398,6.05596017838,9.47151851654,46.7978019714
2023-05-18,9.48536491394,18.9656829834,10.172162056,13.0223007202,2.5635831356,5.95305013657,17.6745300293,6.06609535217,9.50224876404,48.546245575
2023-05-19,9.71475315094,18.9347076416,10.2921876907,13.1713523865,2.64177536964,5.9334230423,18.0182037354,6.14211177826,9.5483379364,48.3512268066
2023-05-22,9.65895557404,18.9424533844,10.2471780777,13.2105760574,2.58592367172,5.92034101486,17.7809028625,6.11170530319,9.48688220978,48.2906990051
2023-05-23,9.55363368988,19.0276412964,10.3146915436,12.834028244,2.60826420784,5.92688322067,18.1982192993,6.0812997818,9.49456310272,46.1656646729
2023-05-24,9.39096546173,19.1128292084,10.0971469879,12.8497180939,2.60826420784,5.86800527573,18.2514152527,6.0812997818,9.53297328949,46.3405151367
2023-05-25,9.76009559631,19.2754554749,10.2696857452,13.0929050446,2.53007245064,5.95959234238,18.2718696594,6.10156869888,9.54065513611,47.3156089783
2023-05-26,9.81014823914,19.3374099731,10.2546806335,12.9281644821,2.56916856766,5.92688322067,18.1654930115,6.09650182724,9.58674526215,47.2550849915
2023-05-29,9.74758243561,19.4768047333,10.2471780777,12.6300640106,2.46305060387,5.92034101486,18.1327590942,6.06609535217,9.67124271393,48.0755081177
2023-05-30,9.87897014618,19.5155296326,10.059636116,12.5045471191,2.45746564865,5.91379737854,18.288230896,6.03568935394,9.60210514069,47.0667915344
2023-05-31,9.94779014587,18.895986557,9.95461750031,12.2299814224,2.58033895493,5.82875490189,18.2554988861,5.92926549911,9.52529239655,45.9908218384
2023-06-01,10.5734357834,18.7488441467,10.0371322632,12.4339447021,2.66411566734,5.88354301453,18.3045978546,5.96474075317,9.50224876404,45.6478614807
2023-06-02,10.4295387268,18.8262882233,10.0500917435,12.3162717819,2.66970133781,6.03440332413,18.6282939911,6.02048587799,9.42542934418,46.885219574
2023-06-05,10.4420509338,18.7023773193,10.4331655502,12.0887765884,2.70321178436,6.04752159119,18.7448768616,6.02048587799,9.38702106476,46.7439994812
2023-06-06,10.6109743118,18.9114742279,10.6509943008,12.1986017227,2.76464915276,6.04752159119,18.9613857269,6.17251825333,9.55601596832,47.3156089783
2023-06-07,10.729850769,19.0431289673,10.6810407639,12.4967021942,2.80374479294,6.06063890457,18.9530582428,6.18265390396,9.59442615509,47.6854705811
2023-06-09,10.9363117218,19.546503067,10.9213972092,12.4653244019,2.83167076111,6.15902662277,19.8773975372,6.36002492905,9.67892551422,48.3781280518
2023-06-12,10.9675941467,19.6316890717,10.816236496,12.8026485443,2.79257416725,6.12623119354,20.5977134705,6.47658157349,9.69428825378,49.8979301453
2023-06-13,10.7548761368,19.4845523834,10.8387737274,12.3966827393,2.79257416725,6.191822052,20.3833293915,6.36002492905,9.57906341553,48.4453735352
2023-06-14,10.786157608,19.7013893127,10.8688192368,13.1133022308,2.85401105881,6.27709150314,20.4839458466,6.46138000488,9.74806118011,50.4695281982
2023-06-15,10.8549785614,19.5232696533,10.9213972092,13.1709604263,2.88193631172,6.39515590668,20.9031848907,6.46644639969,9.69428825378,51.6463737488
2023-06-16,10.3607158661,19.2832012177,10.9213972092,12.8909025192,2.89869236946,6.32956361771,20.7480621338,6.28907585144,9.57138252258,51.1420097351
2023-06-19,10.4983596802,19.4845523834,11.1467380524,12.8332452774,2.90427708626,6.48698282242,21.133764267,6.34988832474,9.6482000351,52.3928222656
2023-06-20,10.6547708511,19.6549224854,11.1617603302,12.9485607147,2.91544747353,6.52633857727,21.1295719147,6.45631313324,9.68660545349,53.4015464783
2023-06-21,10.6547708511,19.6007118225,11.2443847656,12.9485607147,2.97688388824,6.5591340065,21.7961597443,6.5323266983,9.67124271393,53.5091400146
2023-06-22,10.5484113693,19.4768047333,11.0415773392,12.9320869446,2.91544747353,6.4607462883,21.3811149597,6.32961750031,9.62515163422,52.850112915
2023-06-23,10.729850769,19.9646911621,11.0115337372,13.286277771,2.93778800964,6.4835767746,21.389497757,6.54246330261,9.72501564026,52.8971786499
2023-06-26,10.6672849655,19.8253002167,11.0115337372,12.9897460938,2.93220281601,6.46366739273,21.4398059845,6.50331401825,9.69428825378,51.5925750732
2023-06-27,10.5734357834,19.3451557159,11.0259799957,12.8497180939,2.89869236946,6.42385053635,21.0457229614,6.49302530289,9.57906341553,51.7539749146
2023-06-28,10.604719162,19.2522258759,10.8815021515,12.8414802551,2.91544747353,6.35748672485,20.7899856567,6.44157361984,9.55601596832,51.4648017883
2023-06-29,10.7423620224,19.5310153961,11.0183763504,13.0885906219,3.03832149506,6.4835767746,20.982837677,6.50331401825,9.5483379364,52.0767593384
2023-06-30,10.8236970901,19.6394367218,11.1324396133,13.2203826904,2.90986227989,6.46366739273,20.7103366852,6.61650371552,9.67124271393,53.2199745178
2023-07-03,10.9801092148,19.4225959778,11.2769165039,13.4263076782,2.90986227989,6.56321048737,21.125377655,6.60107040405,9.57138252258,53.2468719482
2023-07-04,11.0113897324,19.5387592316,11.1682395935,13.3439369202,2.82608509064,6.50348472595,20.9912261963,6.54447507858,9.5483379364,55.9435119629
2023-07-05,11.0489301682,19.5929698944,11.1834640503,13.5498638153,2.74230742455,6.57648229599,20.8528747559,6.52389574051,9.50224876404,54.7061538696
2023-07-06,10.7548761368,19.3993644714,10.9246253967,13.2945146561,2.73672294617,6.51012039185,20.5468292236,6.43128395081,9.47920036316,54.0067672729
2023-07-07,10.8862609863,19.5387592316,11.0388183594,13.3521728516,2.79815936089,6.5499382019,20.9451084137,6.48273468018,9.56369972229,54.4102554321
2023-07-10,10.786157608,19.4845523834,11.0464344025,13.2780418396,2.78698968887,6.60302877426,20.5594100952,6.45186328888,9.43311023712,54.3766365051
2023-07-11,10.7799034119,19.2677154541,10.9474639893,13.0556430817,2.82050013542,6.43712186813,20.2659397125,6.43128395081,9.33324813843,54.6725311279
2023-07-12,10.8549785614,19.3528938293,10.8789491653,12.8085317612,2.86014533043,6.41721248627,19.9389381409,6.42613840103,9.28715896606,52.6349182129
2023-07-13,10.9801092148,19.5697383881,11.0997209549,12.7838230133,2.89979076385,6.53666496277,20.1275920868,6.53933000565,9.29484081268,53.5225830078
2023-07-14,10.829955101,19.3761329651,11.0540418625,12.6108446121,2.91678214073,6.47030258179,19.9934387207,6.47244501114,9.30252170563,53.2670478821
2023-07-17,10.9300537109,19.3219203949,11.1834640503,12.7096881866,2.97341799736,6.53666496277,20.1695194244,6.47244501114,9.31788444519,53.3410186768
2023-07-18,10.942568779,19.3064346313,11.1377887726,12.6355552673,3.04138207436,6.55657434464,20.2365951538,6.40555858612,9.28715896606,53.0518531799
2023-07-19,10.6985673904,19.2134971619,11.107334137,12.5120010376,3.04704594612,6.51675748825,19.8844394684,6.3798327446,9.26411247253,52.3928222656
2023-07-20,10.5984640121,19.221244812,11.1758546829,12.4872894287,3.10934615135,6.56321048737,20.102437973,6.3695435524,9.27179527283,51.5925750732
2023-07-21,10.8800039291,19.3064346313,11.4956016541,12.7508735657,3.05270981789,6.62293577194,20.3414020538,6.46729898453,9.37933731079,51.9019126892
2023-07-24,11.3554964066,19.461315155,11.297662735,12.9073762894,3.06970071793,6.58311796188,19.9431304932,6.52389574051,9.34861278534,52.742515564
2023-07-25,11.6933469772,19.4071083069,11.2367582321,13.0144577026,3.02439141273,6.70257139206,19.8383178711,6.51874876022,9.27947711945,52.4533462524
2023-07-26,11.6495513916,19.5929698944,11.3281145096,13.1956720352,2.99607300758,6.67021989822,20.0060157776,6.56505346298,9.27947711945,53.159450531
2023-07-27,11.574473381,19.5387592316,11.0768852234,13.0309314728,2.87147259712,6.5901799202,19.595161438,6.44157361984,9.22570514679,52.1641845703
2023-07-28,11.7621679306,19.4148540497,11.2291460037,13.2368564606,2.94509959221,6.65021181107,19.8215465546,6.48273468018,9.27947711945,52.1372795105
2023-07-31,12.2751998901,19.4380836487,11.3052721024,13.2698049545,2.96209168434,6.61018848419,20.2030563354,6.51874876022,9.27179527283,54.4304275513
2023-08-01,12.4128398895,19.7091350555,11.2672080994,13.0226945877,2.94509959221,6.61018848419,19.8550891876,6.49816894531,9.25643157959,54.201789856
2023-08-02,12.8257656097,19.8562736511,11.2956027985,13.0062198639,3.1489918232,6.66354990005,19.9431304932,6.49816894531,9.27179527283,54.4976806641
2023-08-03,12.6318206787,19.8717651367,11.1812744141,13.1791973114,3.26792883873,6.62352848053,19.9766674042,6.41584777832,9.35629367828,55.1768836975
2023-08-04,13.02597332,19.7865791321,10.6477432251,13.1297740936,3.30757403374,6.56349754333,19.8718585968,6.26664209366,9.39470100403,54.9482383728
2023-08-07,13.126077652,19.5387592316,10.5791463852,12.9238491058,3.24527406693,6.60351896286,19.8383178711,6.18432188034,9.36397457123,54.127822876
2023-08-08,12.6318206787,19.4458293915,10.5410356522,12.6849775314,3.24527406693,6.52347517014,19.6999721527,6.17917633057,9.2956609726,53.7983016968
2023-08-09,13.1073064804,19.461315155,10.4648180008,12.6273183823,3.25660133362,6.4634437561,19.590970993,6.24606466293,9.15386199951,53.7512359619
2023-08-10,13.1010541916,19.4380836487,10.5791463852,12.7261610031,3.347219944,6.41675281525,19.6915874481,6.26664209366,9.16174125671,53.3948173523
2023-08-11,12.9258708954,19.7633457184,10.5257911682,12.561422348,3.44350218773,6.45010232925,19.9053993225,6.37468719482,9.13022994995,52.0767593384
2023-08-14,13.0885410309,19.7710895538,10.5181684494,12.330786705,3.42651081085,6.45010232925,19.7083530426,6.35925340652,9.15386199951,51.1352882385
2023-08-15,13.2887458801,19.3606433868,10.4571943283,12.2154684067,3.42084717751,6.42342376709,19.6035499573,6.15345191956,9.09084129333,51.5387802124
2023-08-16,13.532749176,19.5310153961,10.3047590256,12.2566537857,3.43783760071,6.43009185791,19.7712402344,6.158598423,9.0593328476,52.3121299744
2023-08-17,12.8445339203,19.5852279663,10.1142101288,12.4378671646,3.38120174408,6.3500494957,19.955701828,6.17917633057,9.09084129333,50.7116203308
2023-08-18,12.900847435,19.5232696533,10.19805336,12.5037631989,3.36421060562,6.32651281357,20.0353603363,6.17917633057,9.15386199951,51.3773803711
2023-08-21,12.8257656097,19.3993644714,10.1447000504,12.6108446121,3.30757403374,6.28621816635,19.9640884399,6.28207778931,9.08296394348,51.3975639343
2023-08-22,13.2762346268,19.4225959778,10.2132968903,12.7508735657,3.36987423897,6.34666156769,20.4613227844,6.30265712738,9.08296394348,52.937538147
2023-08-23,13.6328544617,19.4535675049,10.3276233673,12.7343988419,3.40952038765,6.44740152359,20.5508975983,6.28722190857,9.0750875473,53.1190948486
2023-08-24,13.40762043,19.5542507172,10.1218347549,12.5449495316,3.35854697227,6.40710544586,20.2821731567,6.31809282303,9.15386199951,53.4620666504
2023-08-25,12.969666481,19.4768047333,10.0684833527,12.3637332916,3.36987423897,6.35337686539,20.0177211761,6.29751253128,9.13810825348,53.0653076172
2023-08-28,12.7694616318,19.5542507172,10.2666482925,12.3554983139,3.57376599312,6.44068527222,20.5935554504,6.34381818771,9.12235164642,53.0653076172
2023-08-29,13.0072059631,19.608455658,10.3504896164,12.4378671646,3.58509325981,6.46083498001,20.7087211609,6.39012384415,9.16961956024,53.8857269287
2023-08-30,13.1323337555,19.4690608978,10.2132968903,12.3225498199,3.59642076492,6.3668088913,20.4101390839,6.48787927628,9.15386199951,53.4418830872
2023-08-31,12.4467897415,19.2986850739,10.0913467407,12.1578092575,3.43217539787,6.29964876175,20.0902290344,6.34381818771,9.01206493378,51.9826126099
2023-09-01,12.8877162933,19.1980133057,10.0684833527,12.1330976486,3.60774731636,6.3668088913,20.2267246246,6.41070318222,9.16174125671,53.5562171936
2023-09-04,12.768034935,19.1825256348,10.0282268524,12.1578092575,3.59642076492,6.3063659668,20.1627464294,6.39012384415,9.16961956024,52.937538147
2023-09-05,12.768034935,18.8030586243,9.90611553192,11.9238500595,3.60208415985,6.23920440674,20.0902290344,6.31294822693,9.02782154083,53.7915840149
2023-09-06,12.768034935,18.7023773193,9.76873970032,11.9155158997,3.61907505989,6.138463974,19.9537353516,6.23062801361,8.94116687775,53.7176055908
2023-09-08,13.0011024475,18.6714038849,9.76873970032,11.8738546371,3.59075665474,6.11159992218,19.8940238953,6.25635242462,9.00418758392,53.6436309814
2023-09-11,13.3223457336,18.7953147888,9.90611553192,12.0405054092,3.60208415985,6.23920440674,20.2096691132,6.37468719482,9.08296394348,54.2555885315
2023-09-12,13.8199672699,18.7023773193,10.0053262711,12.2321529388,3.6643846035,6.28621816635,20.3188610077,6.43642807007,9.09871959686,54.8608207703
2023-09-13,13.6750917435,18.4390735626,10.0358562469,12.2071552277,3.57376599312,6.32651281357,20.3016777039,6.46729898453,9.13810825348,54.9347991943
2023-09-14,13.8199672699,18.6249370575,10.0740156174,12.0904998779,3.51146531105,6.33322811127,20.3575229645,6.53418397903,9.15386199951,55.9031639099
2023-09-15,13.756975174,18.6094512939,10.0205898285,12.190489769,3.55111169815,6.32651281357,20.4262561798,6.58563566208,9.25627326965,55.9367828369
2023-09-18,13.4735269547,18.5784702301,10.0358562469,12.1988239288,3.48314714432,6.33322811127,20.3403358459,6.58048915863,9.25627326965,55.9704170227
2023-09-19,13.4357280731,18.5087718964,9.95190811157,12.1738243103,3.42651081085,6.31979799271,20.3102703094,6.64223098755,9.19325065613,55.8359146118
2023-09-20,13.5113191605,18.5939617157,9.96716976166,12.3988027573,3.42084717751,6.36009407043,20.4906902313,6.76571035385,9.21688365936,56.0981903076
2023-09-21,13.0703907013,18.6171913147,9.53978824615,12.4404668808,3.31890082359,6.27278470993,20.0224533081,6.6628112793,9.22476100922,55.271030426
2023-09-22,12.8814163208,18.5010318756,9.54742050171,12.3988027573,3.38120174408,6.18879413605,20.0568180084,6.63194179535,9.1774969101,55.2777519226
2023-09-25,12.5979652405,18.4313297272,9.50162792206,12.6321153641,3.3245651722,6.23640012741,19.9408340454,6.65766477585,9.09084129333,54.1883392334
2023-09-26,12.2956142426,18.1215610504,9.36425209045,12.4571313858,3.18297338486,6.14118719101,19.6573200226,6.51665019989,9.00418758392,53.5629310608
2023-09-27,12.364906311,17.6646461487,9.36425209045,12.4321327209,3.28491973877,6.14798879623,19.8291492462,6.45921134949,9.0672082901,53.3006706238
2023-09-28,12.4026966095,18.0208892822,9.57031536102,12.6071176529,3.25660133362,6.16839027405,20.4649162292,6.47487640381,9.0672082901,53.8857269287
2023-09-29,12.4656839371,18.1215610504,9.66189575195,12.6237812042,3.29624629021,6.22279834747,20.2673130035,6.48009777069,9.0672082901,54.4909553528
2023-10-02,12.1507358551,17.9511852264,9.50925922394,13.048740387,3.26226496696,6.14118719101,20.2114677429,6.45921134949,9.08296394348,53.2804985046
2023-10-03,11.9932632446,17.5872039795,9.36959457397,13.3320474625,3.1489918232,6.09358167648,19.9537220001,6.31300544739,8.8781452179,52.9913253784
2023-10-04,12.0247592926,17.6259288788,9.62943649292,13.2070598602,3.24527406693,6.13438796997,20.1040744781,6.375664711,8.98055362701,53.0249557495
2023-10-05,11.8735847473,17.4942798615,9.65236186981,13.0820703506,3.19996523857,6.17519235611,20.1642131805,6.37044286728,8.94116687775,52.4735183716
2023-10-06,11.7098112106,17.2696933746,9.66000556946,12.9487514496,3.24609065056,6.2023973465,20.9846973419,6.32867050171,8.97267627716,52.1776313782
2023-10-09,11.766497612,17.1225509644,9.66000556946,12.9737491608,3.28645038605,6.1207857132,20.8730144501,6.45921134949,8.89389896393,52.8232040405
2023-10-10,12.1633367538,17.0838298798,9.73642635345,13.2903852463,3.25185656548,6.21599769592,20.8386421204,6.52187156677,8.95692062378,53.6032905579
2023-10-11,12.4719839096,17.0063858032,9.82813930511,13.2903852463,3.14230775833,6.270403862,21.0362472534,6.53753709793,8.90965557098,53.5494842529
2023-10-13,12.1318407059,16.882478714,9.682929039,12.8737564087,3.04429125786,6.2023973465,20.9718151093,6.34433460236,8.79936599731,52.1978034973
2023-10-16,12.1175479889,16.9212017059,9.78992462158,12.9904127121,3.15960526466,6.19559621811,21.3970890045,6.38610887527,8.85451126099,52.0095100403
2023-10-17,11.9440717697,16.8902225494,9.682929039,12.8320960999,3.25185656548,6.05957746506,21.2037830353,6.27122974396,8.75210285187,51.6934509277
2023-10-18,11.911945343,16.8669929504,9.57593822479,12.5237913132,3.10194802284,6.15478944778,21.1006851196,6.09891700745,8.79148864746,49.6154823303
2023-10-19,11.9376487732,16.9599266052,9.63708019257,12.5987844467,3.05582213402,6.1071844101,21.2639274597,6.15113210678,8.8860206604,48.8623085022
2023-10-20,11.7513189316,17.1535282135,9.51480007172,12.6487789154,3.05582213402,6.03296804428,21.195192337,6.16679763794,8.77573394775,48.5126228333
2023-10-23,11.7770242691,17.3239078522,9.52244091034,12.9654150009,3.14807319641,6.07400894165,21.1651229858,6.21901512146,8.84663295746,48.8959312439
2023-10-24,11.6613721848,17.2774353027,9.54536819458,13.0404081345,3.00969672203,6.09452962875,21.0663204193,6.22945785522,8.89389896393,49.0976753235
2023-10-25,11.6677970886,17.207736969,9.4842300415,12.8737564087,2.96933722496,6.06716966629,21.0706138611,6.18768501282,8.85451126099,48.465549469
2023-10-26,11.7448949814,17.3935985565,9.70585918427,12.907087326,3.11347985268,6.16977071762,21.5087833405,6.34955644608,8.95692062378,48.1091308594
2023-10-27,11.2437477112,16.9831562042,9.54536819458,12.5987844467,3.07311892509,6.04664993286,20.9632205963,6.22945785522,8.8781452179,47.6451187134
2023-10-30,11.3465471268,16.7663135529,9.46894454956,12.3488092422,3.07311892509,5.98508834839,20.8171672821,6.14591217041,8.83875465393,47.8737678528
2023-10-31,11.5071716309,16.4100799561,9.39251804352,12.4904623032,3.02122783661,6.00560808182,20.7699127197,6.13024711609,8.84663295746,47.8266983032
2023-11-01,11.9697723389,16.6656398773,9.52244091034,12.7987642288,3.11924505234,6.07400894165,20.79139328,6.39133024216,8.89389896393,48.3915748596
2023-11-03,13.0748720169,17.9279537201,9.98716926575,13.2820501328,3.37293624878,6.24501180649,21.5216693878,6.55320215225,9.1144733429,49.0573310852
2023-11-06,12.9335231781,18.6559123993,10.0101327896,13.2903852463,3.36140465736,6.28605175018,21.6720237732,6.62108421326,9.20900630951,48.4252052307
2023-11-07,13.3832702637,18.7720756531,10.2167596817,13.6236858368,3.41906189919,6.39549303055,21.9168758392,6.66807937622,9.39807128906,49.5482406616
2023-11-08,13.4089727402,18.6636562347,10.2856378555,13.8236675262,3.33834195137,6.43653535843,22.196100235,6.61586046219,9.31929302216,49.0506057739
2023-11-09,13.4359207153,18.7333583832,10.3162508011,13.6820135117,3.3671708107,6.45021343231,21.2682170868,6.6837439537,9.34292697906,49.1111297607
2023-11-10,13.4359207153,18.9114742279,10.1861476898,14.0903072357,3.33834195137,6.49809503555,21.5818099976,6.71507358551,9.47684860229,49.5213394165
2023-11-13,13.3906373978,18.9269638062,10.0330886841,13.748673439,3.29798126221,6.53229522705,21.5001869202,6.64197158813,9.42958164215,49.9113769531
2023-11-14,13.9534311295,18.9501934052,10.2703323364,14.1819658279,3.41906189919,6.60753822327,21.6032886505,6.84039354324,9.72429561615,51.0276908875
2023-11-16,13.7464256287,20.3054409027,10.5534925461,14.3236179352,3.45942187309,6.82642030716,21.5989894867,7.00748682022,9.65220355988,51.0545883179
2023-11-17,13.1965703964,19.5310153961,10.5152254105,14.1736316681,3.50554776192,6.81273889542,21.7622299194,6.98137807846,9.61215400696,51.1689186096
2023-11-20,13.1318807602,19.4303379059,10.5075731277,14.215294838,3.51131296158,6.84010076523,21.8782176971,6.78295612335,9.62016391754,51.3437614441
2023-11-21,12.6596517563,19.3683853149,10.4769639969,14.1736316681,3.49401664734,6.86746025085,22.0328598022,6.56364536285,9.62817382812,50.9402656555
2023-11-22,12.9830961227,19.5697383881,10.6682901382,14.1403017044,3.44212508202,6.79905939102,21.8438472748,5.92660140991,9.74031639099,50.8192214966
2023-11-23,13.5200166702,19.5155296326,10.867266655,14.1986322403,3.56320500374,6.84010076523,21.9168758392,5.73861980438,9.72429561615,51.04114151
2023-11-24,13.0542545319,19.1205692291,10.9361419678,14.0403118134,3.58626747131,6.78537988663,21.8910999298,5.51408863068,9.73230457306,49.5885848999
2023-11-27,12.9442825317,18.9114742279,10.8366556168,14.056977272,3.56320500374,6.82642030716,22.2949047089,5.54541826248,9.75633621216,49.2792434692
2023-11-28,13.2159814835,18.9037322998,10.8902244568,14.1986322403,3.57473564148,6.88045787811,22.6170806885,5.59241342545,9.72429561615,50.4628067017
2023-11-29,13.7464256287,18.6714038849,10.8290014267,14.0903072357,3.51131296158,6.86609268188,22.6514472961,5.64985132217,9.70026493073,50.5569572449
2023-11-30,13.8369922638,18.6946372986,10.9284925461,14.3069524765,3.43635940552,7.0671916008,23.3129940033,5.78039312363,9.70827388763,49.9046554565
2023-12-01,13.9728403091,19.0353832245,10.9897146225,14.5485973358,3.54590702057,7.0481338501,23.360250473,5.74384212494,9.67623519897,50.5031547546
2023-12-04,13.7917108536,19.0586166382,11.0259180069,14.4736051559,3.67275238037,7.0913310051,23.2700309753,5.75950670242,9.70827388763,49.4070167542
2023-12-05,13.3518266678,19.4768047333,11.1101999283,14.6819181442,3.86302065849,7.20651960373,23.2700309753,5.80650234222,9.61215400696,49.8037796021
2023-12-06,13.1965703964,19.4768047333,10.972284317,14.5652599335,3.91491174698,7.01213788986,22.771730423,5.81172370911,9.65220355988,48.1225776672
2023-12-07,13.3647661209,19.5929698944,11.0029315948,14.4986009598,4.09364891052,7.06253290176,23.1411628723,5.78039312363,9.61215400696,47.4433746338
2023-12-08,13.5588302612,19.4458293915,11.1178646088,14.573595047,4.00716352463,7.11292743683,23.3903179169,5.70206832886,9.6041431427,48.7479896545
2023-12-11,13.0219097137,20.3906269073,11.0489063263,14.540263176,3.93797588348,7.06973361969,23.3860187531,5.66029500961,9.58812236786,48.8757553101
2023-12-12,13.2483205795,20.0343933105,11.0795555115,14.6902494431,3.83419251442,7.03373622894,22.6953525543,5.73339891434,9.56409263611,48.9833564758
2023-12-13,13.5976457596,20.3286762238,11.4626607895,15.2068662643,3.86878728867,7.20651960373,22.9028491974,5.91093635559,9.74031639099,50.2139930725
2023-12-14,13.4294528961,20.0869560242,11.7308416367,15.3318529129,3.92644333839,7.35050582886,23.054151535,5.96315288544,9.83643627167,51.2630615234
2023-12-15,13.2483205795,19.9855098724,11.8764247894,15.48183918,3.97256946564,7.29291200638,23.6074867249,5.92660140991,9.85245800018,52.2852287292
2023-12-18,13.2483205795,20.2983112335,11.930056572,15.3090372086,3.9668033123,7.3289103508,23.6247787476,6.01536989212,9.80439662933,52.6819877625
2023-12-19,13.358297348,21.363527298,12.0220012665,15.5626363754,3.94374060631,7.32847166061,23.7112350464,6.10413789749,9.95658969879,51.8265075684
2023-12-20,13.4229822159,21.4142532349,11.8534402847,15.4020233154,4.01869535446,7.29219484329,23.4345703125,6.036257267,9.95658969879,51.764755249
2023-12-21,13.4294528961,21.4987945557,11.8457746506,15.4442901611,4.19743204117,7.35024118423,23.4691524506,5.99970436096,9.92454814911,52.2588005066
2023-12-22,13.2418527603,21.6340579987,12.0185117722,15.6809825897,4.09805107117,7.42280244827,23.5339946747,6.06638526917,10.0527105331,52.1147079468
2023-12-26,13.0801296234,21.6086978912,12.0664281845,15.6556224823,4.05712795258,7.53163957596,23.7501411438,6.18209314346,10.0126571655,52.5126800537
2023-12-27,13.0283784866,22.0652160645,12.1542749405,15.6302623749,4.02205228806,7.61871194839,23.7155609131,6.20413255692,10.0687303543,52.4920959473
2023-12-28,13.0283784866,22.4033794403,12.2021856308,15.2498645782,4.12143468857,7.50261449814,23.9446754456,6.32534980774,10.2529630661,52.5538597107
2024-01-02,12.7566843033,22.1497612,12.0664281845,15.0892486572,4.27927541733,7.40828704834,23.6723308563,6.24821233749,10.1888837814,51.751033783
2024-01-03,12.5755558014,22.0398597717,12.0722255707,14.9201803207,4.35527420044,7.41554260254,23.6939430237,6.31984043121,10.2529630661,51.9774627686
2024-01-04,12.24563694,22.1074886322,11.9123258591,14.734208107,4.20912456512,7.30670452118,23.4432125092,6.29229164124,10.0659990311,50.8315620422
2024-01-05,12.4979305267,22.1159439087,12.1121997833,14.8271961212,4.3026599884,7.42280244827,23.7242069244,6.35840988159,10.1801071167,50.7629547119
2024-01-08,12.6143703461,22.0398597717,12.0722255707,14.9117259979,4.43711948395,7.39377737045,23.9273834229,6.47411680222,10.0904502869,51.3736381531
2024-01-09,12.7049360275,22.6062812805,11.7524299622,14.7933797836,4.39619636536,7.38652181625,23.5685787201,6.61186552048,10.2045593262,50.7286376953
2024-01-10,12.620839119,22.8683586121,11.5525579453,14.7088460922,4.43127250671,7.36475324631,23.5296726227,6.61737346649,10.1964101791,50.5021972656
2024-01-11,12.6337747574,22.7753677368,11.536570549,14.8187417984,4.3085064888,7.34298419952,23.6896209717,6.66145420074,10.0823011398,50.6737442017
2024-01-12,12.9572181702,22.6570072174,11.4326372147,14.8271961212,4.23250865936,7.36475324631,23.8279571533,6.6669626236,10.1475067139,50.6257095337
2024-01-15,13.125412941,22.7077293396,11.4726114273,14.7764730453,4.27343082428,7.40103149414,24.294834137,6.69451236725,10.2127094269,50.7149162292
2024-01-16,12.7049360275,22.5555553436,11.288728714,14.4636993408,4.3026599884,7.32847166061,24.1564979553,6.52921676636,10.1067523956,50.282623291
2024-01-17,12.5173358917,22.5640125275,11.3047180176,14.2439126968,4.29681396484,7.30670452118,24.2040519714,6.54023456573,10.1230545044,50.1110839844
2024-01-18,12.4332380295,22.2850227356,11.1768007278,13.9142313004,4.19743251801,7.27042675018,23.9230594635,6.41350793839,10.0415496826,49.7954483032
2024-01-19,12.5432109833,22.361114502,11.0728673935,13.7958841324,4.20912456512,7.23414707184,24.1737918854,6.35289955139,10.0496969223,49.7199630737
2024-01-22,12.4008951187,22.26811409,11.0169038773,13.7705249786,4.25589179993,7.21963596344,24.013841629,6.29780101776,9.91928958893,48.9720420837
2024-01-23,13.7011480331,22.462562561,11.0328960419,14.0241260529,4.32604455948,7.24865818024,24.4418144226,6.36392021179,9.93558883667,49.2121963501
2024-01-24,14.2251253128,22.2089347839,10.9769287109,14.1847400665,4.4137339592,7.18335485458,24.489364624,6.39146852493,9.92743873596,49.4523620605
2024-01-25,13.8175868988,22.1751232147,10.9529466629,14.0917520523,4.60080766678,7.16158723831,24.459104538,6.42452764511,9.94373989105,48.9445877075
2024-01-26,12.9679918289,22.0821266174,10.9929208755,13.9395914078,4.54234647751,7.2051243782,24.6276988983,6.41350793839,9.96004199982,48.8896980286
2024-01-29,13.178853035,22.0736713409,10.9529466629,13.8719644547,4.44296360016,7.24865818024,24.4331645966,6.41901826859,9.87853527069,48.6495399475
2024-01-30,13.1577692032,21.5579719543,10.9049758911,13.6859912872,4.48973226547,7.17609882355,24.3078022003,6.3363699913,9.84593391418,48.3750762939
2024-01-31,13.228053093,21.6509666443,10.9369573593,13.7536172867,4.67680501938,7.24140405655,24.4029045105,6.3473906517,9.93558883667,48.2309799194
2024-02-01,13.228053093,21.8031387329,10.9849252701,13.8804178238,4.76449489594,7.25591421127,24.9605636597,6.45758771896,9.94373989105,47.990814209
2024-02-02,13.178853035,21.8538646698,10.9186840057,13.7536172867,4.79957056046,7.29944849014,24.9519176483,6.25923109055,9.85408401489,47.4556007385
2024-02-05,13.0031375885,22.0736713409,11.1348180771,13.7958841324,4.7586479187,7.335729599,25.2199363708,6.26474142075,9.80517959595,47.5516700745
2024-02-06,13.0031375885,22.6992778778,11.6231136322,13.9903116226,4.75280284882,7.61871194839,25.764629364,6.32534980774,9.8866853714,47.4830436707
2024-02-07,12.7079277039,22.6992778778,10.1101884842,13.9480447769,4.85803031921,7.57517242432,25.6954593658,6.27025175095,9.8866853714,48.0319862366
2024-02-08,12.3002634048,22.4963798523,10.0221366882,13.6268177032,4.81710863113,7.48084640503,25.3063907623,6.18760347366,9.78072834015,47.1399612427
2024-02-09,12.4338092804,22.4287471771,9.92607688904,13.609910965,4.87556838989,7.56791782379,24.8870716095,6.27025175095,9.7318239212,46.0283660889
2024-02-14,12.3354072571,22.3780174255,9.797996521,13.4577512741,4.81710863113,7.53163957596,25.2242584229,6.22066307068,9.67477035522,45.4588470459
2024-02-15,12.475982666,22.4118347168,9.78198719025,13.4408426285,4.81710863113,7.55340862274,25.2285842896,6.30882072449,9.6992225647,46.6116104126
2024-02-16,12.7430744171,22.2596607208,9.83001804352,13.4239377975,4.84049320221,7.56791782379,25.0167579651,6.42452764511,9.64216804504,46.8449134827
2024-02-19,12.8485040665,22.3695659637,9.85403156281,13.3140439987,4.88141489029,7.60419845581,25.4706630707,6.55125570297,9.51175785065,45.9323043823
2024-02-20,13.0663938522,22.6654567719,10.0781707764,13.4239377975,4.84049320221,7.91620159149,25.6349391937,6.61737346649,9.55251121521,47.1125183105
2024-02-21,13.0734224319,21.8200511932,10.0061244965,13.3394031525,4.86387729645,7.78559541702,25.6954593658,6.48513889313,9.39765071869,46.2548027039
2024-02-22,13.1507377625,21.7608699799,9.9821138382,13.3478555679,4.7352643013,7.8581571579,25.1161823273,6.47962760925,9.50360774994,47.181137085
2024-02-23,13.1437110901,21.422706604,9.96610355377,13.2886819839,4.66511249542,7.69434165955,24.8049373627,6.39146852493,9.48730754852,45.7607574463
2024-02-26,13.1999416351,21.3127975464,9.93407917023,13.3394031525,4.79957056046,7.70926856995,25.0426998138,6.41350793839,9.42210197449,45.9048500061
2024-02-27,13.3545713425,21.6509666443,10.0221366882,13.7282571793,5.033411026,7.86599206924,25.3453025818,6.47411680222,9.49545669556,46.4400672913
2024-02-28,13.136680603,21.7101459503,9.9821138382,13.4492959976,5.05094909668,7.88091659546,25.3971786499,6.53472566605,9.40579795837,46.2273521423
2024-02-29,13.0382785797,21.8115940094,9.84602642059,13.4492959976,5.13279342651,7.66448926926,25.0124359131,6.59533548355,9.5199098587,45.4039459229
2024-03-01,13.2491426468,21.6594200134,9.92607688904,13.5760955811,5.15080308914,7.74193334579,25.0383720398,6.65594387054,9.42210197449,45.877407074
2024-03-04,13.445941925,20.7379245758,9.77156448364,13.4323892593,5.15680551529,7.70453214645,24.9346218109,6.57329511642,9.35689544678,45.5960769653
2024-03-05,13.6778936386,20.8309173584,9.87577629089,13.2295093536,5.16881227493,7.70453214645,25.1075439453,6.5677857399,9.40579795837,45.5274581909
2024-03-06,13.7833213806,20.5434761047,9.81966590881,13.2633209229,5.19282531738,7.77185344696,25.4793148041,6.61737346649,9.34874534607,45.4108123779
2024-03-07,14.1699047089,20.8731880188,9.76355075836,13.2295093536,5.27086830139,7.75689315796,25.2372283936,6.50717687607,9.61771583557,45.7676200867
2024-03-08,13.1718244553,21.2620773315,9.79561519623,12.9674549103,5.0571513176,7.8167347908,24.9908237457,6.59533548355,9.54435920715,45.9117164612
2024-03-11,13.3053684235,21.0929985046,9.86775779724,12.9928159714,5.12198734283,7.80177211761,24.7400932312,6.52921676636,9.46285533905,45.7813453674
2024-03-12,13.2210264206,21.2451667786,10.004034996,12.8068408966,5.10757923126,7.86161231995,25.0797290802,6.58982419968,9.49545669556,45.5549049377
2024-03-13,13.4951457977,20.7125606537,10.1002254486,12.5616931915,5.25886201859,7.98129558563,24.8010616302,6.38044929504,9.49545669556,45.7607574463
2024-03-14,13.4793014526,20.7717399597,10.1002254486,12.671587944,5.28767776489,8.0186958313,24.6922092438,6.11597394943,9.53620910645,44.8138427734
2024-03-15,13.4063234329,20.7210159302,10.0441102982,12.6208677292,5.22284317017,8.02617740631,24.9447517395,6.29780101776,9.53620910645,45.9940605164
2024-03-18,13.114402771,20.8140087128,10.164355278,12.7223081589,5.22284317017,8.0186958313,24.3961315155,6.38044929504,9.53620910645,46.8654937744
2024-03-19,13.0706148148,20.9661808014,10.1242733002,12.7392148972,5.4101433754,7.98129558563,24.309053421,6.36392021179,9.63401603699,48.0319862366
2024-03-20,13.3552350998,21.0338153839,10.3246717453,12.9591388702,5.49659109116,7.99625492096,24.5702972412,6.55676555634,9.73997497559,47.9849586487
2024-03-21,12.9538488388,21.3550758362,10.2284822464,12.9762125015,5.6046500206,7.89901399612,24.2263202667,6.64492464066,9.7236738205,47.1437339783
2024-03-22,12.6765289307,21.4565219879,10.0360994339,12.7883987427,5.59024143219,7.83124446869,24.1261787415,6.80470991135,9.7236738205,47.4241409302
2024-03-25,12.559762001,20.9070053101,9.99601745605,12.7969369888,5.48218202591,7.71076440811,24.2219676971,6.85429906845,9.68292140961,46.4076576233
2024-03-26,12.559762001,21.0591812134,10.1242733002,12.7883987427,5.38132810593,7.77100515366,24.3525924683,6.8708281517,9.68292140961,46.7301292419
2024-03-27,12.5524606705,21.2536239624,10.2685623169,12.924990654,5.47497797012,7.85383415222,24.3700084686,7.04159784317,9.73997497559,47.4591903687
2024-03-28,12.6400365829,20.9830951691,10.2124500275,12.8054733276,5.43175601959,7.87642478943,24.6530246735,7.01924324036,9.78072834015,46.7441482544
2024-04-01,12.3043327332,21.0422706604,10.076174736,12.7030296326,5.41734790802,7.74841690063,24.4179019928,7.09189367294,9.8377828598,46.3726119995
2024-04-02,12.2751407623,21.1437206268,10.1381855011,12.6859550476,5.46057081223,7.71829366684,24.4570865631,7.08630657196,9.77257728577,45.7837486267
2024-04-03,12.1875667572,21.422706604,10.3709716797,12.6432714462,5.44616365433,7.68817329407,24.5528793335,7.11424779892,9.80517959595,45.692615509
2024-04-04,12.0926923752,21.6847839355,10.3950538635,12.6859550476,5.40293979645,7.61287355423,24.71833992,7.23160886765,9.77257728577,46.6530189514
2024-04-05,12.1875667572,21.7777786255,10.3468923569,12.5493631363,5.36692047119,7.53004217148,24.8228340149,7.19248914719,9.78887939453,45.6996269226
2024-04-08,12.5086746216,21.9468612671,10.4030799866,12.5920495987,5.42455101013,7.60534238815,25.2103538513,7.29308176041,9.76442718506,45.7486953735
2024-04-09,12.5378684998,22.4456558228,10.515460968,12.7286405563,5.46777534485,7.65805387497,25.4237041473,7.43838453293,9.8622341156,45.8818893433
2024-04-10,12.3554191589,22.3949260712,10.2826738358,12.5493631363,5.46777534485,7.54510450363,25.0797290802,7.3433804512,9.80517959595,45.4332389832
2024-04-11,12.2824392319,22.4456558228,10.2264862061,12.6347341537,5.4893860817,7.52251148224,25.1406898499,7.32661294937,9.87038421631,45.0827217102
2024-04-12,11.9905195236,22.192029953,10.0739707947,12.5664386749,5.17241382599,7.49239253998,24.8141326904,7.18131160736,9.70737266541,44.2204704285
2024-04-15,11.7350912094,22.5217399597,9.977643013,12.2249574661,5.12198734283,7.2966132164,24.5833625793,7.24837446213,9.68292140961,43.6105804443
2024-04-16,11.7496910095,22.225851059,9.87329292297,11.9859237671,5.28047323227,7.25896072388,24.3046951294,7.16454601288,9.69107151031,43.0427474976
2024-04-17,11.5818357468,21.9891300201,9.84118652344,11.8493318558,5.24445390701,7.21378135681,24.3569488525,7.19807672501,9.66661930084,42.9586296082
2024-04-18,11.6037282944,21.9299507141,9.76091575623,11.8407945633,5.20123004913,7.20625162125,24.3221130371,7.2986702919,9.63401603699,42.3837928772
2024-04-19,11.6329212189,21.346616745,9.68866729736,11.9859237671,5.13639545441,7.22884082794,24.1305351257,7.32661294937,9.65846920013,43.4528465271
2024-04-22,11.6913061142,21.3381671906,9.65656280518,11.9603118896,5.07876348495,7.16860151291,23.8518695831,7.25396299362,9.67477035522,42.8745079041
2024-04-23,11.8153715134,20.9492759705,9.68064403534,12.5664386749,5.15800571442,7.23637199402,24.03474617,7.19248914719,9.57696437836,41.9414482117
2024-04-24,11.8518590927,20.9154586792,9.65656280518,12.4042339325,5.10757923126,7.25896072388,23.9476547241,7.15895748138,9.55251121521,41.5790176392
2024-04-25,11.7496910095,21.3127975464,9.64050769806,12.5152158737,5.01392793655,7.1836605072,23.8431606293,7.04718589783,9.50360774994,41.0238075256
2024-04-26,11.9029483795,21.4142532349,9.79302597046,12.4725313187,5.01392793655,7.28155088425,23.8431606293,7.03600788116,9.53620910645,41.1009216309
2024-04-29,11.8445606232,21.3719806671,9.94553756714,12.4810676575,5.0211315155,7.28908109665,23.9911956787,7.09189367294,9.50360774994,41.3168411255
2024-04-30,11.552646637,21.1099052429,9.92145442963,12.3615493774,4.74738311768,7.22884082794,23.8779945374,7.2361907959,9.54435920715,40.707649231
2024-05-02,11.6621112823,21.7270545959,9.94553756714,12.4298477173,4.78340244293,7.30414056778,24.1305351257,7.69539499283,9.82148075104,41.147190094
2024-05-03,11.9467344284,22.0567626953,10.0397863388,12.6603450775,5.06435632706,7.40203285217,24.5746498108,7.79168224335,9.91928958893,41.6252861023
2024-05-06,11.932138443,22.361114502,9.90313434601,12.7115678787,4.75458669662,7.43968200684,24.7139816284,7.72502183914,9.95935630798,41.7640914917
2024-05-07,11.9248418808,22.0483074188,9.93528938293,12.7371778488,4.94909238815,7.49239253998,24.6356105804,7.64354848862,9.91729927063,41.3476791382
2024-05-08,11.7715816498,21.7355079651,9.8709821701,12.7457151413,4.85544157028,7.57522296906,24.7139816284,7.70280170441,9.90888690948,41.517326355
2024-05-09,11.4796638489,21.388885498,9.61375713348,12.5920495987,4.82662582397,7.48486185074,23.6341590881,7.61392307281,9.75747776031,41.6407089233
2024-05-10,11.5088567734,21.3381671906,9.60571956635,12.335940361,4.84103345871,7.56769132614,24.0521564484,7.502825737,9.69859790802,40.0984611511
2024-05-13,11.4650697708,21.4311599731,9.58160209656,12.3530139923,4.89146137238,7.5978140831,24.2350311279,7.53245162964,9.71541881561,40.33751297
2024-05-14,11.5380477905,21.8876819611,9.63787460327,12.5152158737,5.00672388077,7.72582483292,24.3917789459,7.65095615387,9.83479595184,39.9056816101
2024-05-15,11.5908155441,22.5555553436,9.58964252472,12.2505702972,5.0427441597,7.72582483292,24.0782833099,7.76205539703,9.8262796402,39.5586700439
2024-05-16,11.67918396,21.8792285919,9.58964252472,12.5237531662,5.0859670639,7.77853441238,24.1044082642,7.65095615387,9.90291595459,39.2810668945
2024-05-17,11.5245428085,22.1413040161,9.66198635101,12.4298477173,4.97070503235,7.74841690063,24.1131153107,7.69539499283,9.86885643005,39.2348022461
2024-05-20,11.8485536575,23.2910614014,9.63787460327,12.6688814163,5.06435632706,7.72582483292,24.3134040833,7.77686738968,9.9369764328,39.188533783
2024-05-21,11.5245428085,23.4601459503,9.63787460327,12.7115678787,5.16521024704,7.71829366684,24.2959842682,7.9324054718,10.0817317963,39.0188865662
2024-05-22,11.1784362793,22.6062812805,9.44495487213,12.3444766998,5.11478328705,7.63546180725,23.9476547241,7.73983621597,9.96251964569,38.7875480652
2024-05-23,11.3036241531,22.6992778778,9.35653686523,12.1908111572,5.13639545441,7.61287355423,23.4599990845,7.68798875809,9.84331226349,39.0882873535
2024-05-24,11.3183517456,22.8176345825,9.36457061768,12.139588356,5.12178182602,7.51498413086,23.5819149017,7.68798875809,9.99658107758,38.9417762756
2024-05-27,11.2962598801,22.462562561,9.36457061768,12.216422081,5.19484519958,7.53004217148,23.8692836761,7.69539499283,9.99658107758,39.1731071472
2024-05-28,11.1931638718,22.7077293396,9.34045791626,12.3786249161,4.99757289886,7.50745248795,23.7909049988,7.56207895279,9.85182571411,38.8723716736
2024-05-29,10.9501571655,22.4033794403,9.24399757385,12.0712938309,4.84413909912,7.47733354568,23.7909049988,7.48060703278,9.78370666504,38.6641693115
2024-05-31,10.8691511154,21.2451667786,9.20380687714,11.9944601059,4.76376819611,7.38697099686,23.6167469025,7.36950778961,9.70707130432,38.5639228821
2024-06-03,11.0090665817,21.6509666443,9.21988201141,12.412771225,4.71993017197,7.37453937531,23.6428699493,7.53245162964,9.59637832642,37.6385726929
2024-06-04,10.8691511154,21.6256027222,9.24181652069,12.3786249161,4.52996349335,7.44247293472,23.7125339508,7.59170389175,9.69004249573,37.6231536865
2024-06-05,10.8617897034,21.0845413208,9.17741584778,12.3017911911,4.51535081863,7.44247293472,23.7647857666,7.62873697281,9.60489177704,36.9291419983
2024-06-06,11.1563425064,21.2789878845,9.31427097321,12.3786249161,4.64686584473,7.49531078339,24.0782833099,7.73242902756,9.63043689728,37.0756568909
2024-06-07,10.9722471237,21.1437206268,9.24181652069,12.3103294373,4.60302734375,7.35189533234,23.6689949036,7.53985881805,9.54528713226,36.7672042847
2024-06-10,10.8986091614,21.0676326752,9.24986934662,12.2847185135,4.50804424286,7.26131916046,23.6951198578,7.51763868332,9.47716808319,36.2968177795
2024-06-11,11.0090665817,21.0929985046,9.29012393951,12.3615493774,4.56649637222,7.38963651657,23.9563655853,7.58429813385,9.50271224976,37.8776245117
2024-06-12,10.8028774261,20.8393745422,9.10496425629,12.199347496,4.55918931961,7.32170248032,23.5029125214,7.38432121277,9.45162296295,36.821182251
2024-06-13,10.78814888,21.0591812134,9.0808134079,12.1651992798,4.45689916611,7.2915096283,23.6623096466,7.5102314949,9.44310760498,37.245300293
2024-06-14,10.7513313293,21.346616745,9.16131591797,12.1225147247,4.47881889343,7.26131916046,23.6036300659,7.41394710541,9.43459320068,37.4997711182
2024-06-17,10.8102407455,21.363527298,9.19351768494,11.9347009659,4.26693344116,7.2915096283,23.6036300659,7.45838546753,9.38350200653,37.7850875854
2024-06-18,10.714509964,21.0845413208,9.12631130219,11.9688491821,4.33999824524,7.33680009842,23.2734489441,7.48801183701,9.37498760223,37.5923042297
2024-06-19,10.7292356491,21.4649753571,9.17618274689,12.0712938309,4.38383626938,7.36699104309,23.4430027008,7.55467176437,9.3920173645,37.3995246887
2024-06-20,10.640871048,21.5410633087,9.20111465454,12.0883665085,4.65417289734,7.39718437195,23.5500850677,7.59170389175,9.44310760498,37.1604766846
2024-06-21,10.6482343674,22.3780174255,9.25930023193,12.1310520172,4.57380247116,7.39306783676,23.7464141846,7.78427505493,9.52825737,37.245300293
2024-06-24,10.8838787079,22.361114502,9.33410644531,12.259106636,4.75646162033,7.51501750946,23.9248905182,7.90465593338,9.5708322525,37.3147010803
2024-06-25,10.8102407455,22.192029953,9.28423500061,12.3188657761,4.59572172165,7.53788042068,23.9962768555,7.90465593338,9.59637832642,37.2221679688
2024-06-26,10.7513313293,21.9722213745,9.26760959625,12.2932548523,4.55918931961,7.49977207184,23.835647583,7.76940584183,9.59637832642,36.9985389709
2024-06-27,10.9796123505,22.26811409,9.28423500061,12.7371778488,4.80030012131,7.49214982986,23.8267269135,7.54398775101,9.61340713501,37.862197876
2024-06-28,10.8912439346,22.2004814148,9.30085659027,12.8310842514,4.63956069946,7.49977207184,23.835647583,7.4312787056,9.63895130157,37.6231536865
2024-07-01,10.6924180984,22.4033794403,9.23436260223,13.1213417053,4.46420621872,7.43117713928,23.5233135223,7.66421079636,9.69004249573,37.5151939392
2024-07-02,10.6997804642,22.6570072174,9.26537322998,12.8652324677,4.55188369751,7.49977207184,23.6036300659,7.57404232025,9.69004249573,37.5460395813
2024-07-03,10.7955121994,22.5724639893,9.33197021484,12.8310842514,4.5811085701,7.56836891174,23.835647583,7.78443193436,9.76667499542,38.8723716736
2024-07-04,11.3478050232,22.75,9.35694408417,12.8396215439,4.80030012131,7.62172031403,23.9605808258,7.79194688797,9.73261642456,40.3837738037
2024-07-05,11.0679769516,22.8091812134,9.42354202271,12.8652324677,4.76376819611,7.57598924637,23.8534946442,7.79194688797,9.77519130707,40.3220863342
2024-07-08,11.3625354767,22.7922706604,9.44019126892,12.8481588364,4.78568792343,7.50739383698,23.460849762,7.91968393326,9.71558570862,40.2064170837
2024-07-09,11.4729948044,23.113527298,9.44851589203,13.2067117691,4.76376819611,7.56836891174,23.3805332184,7.89714336395,9.7496471405,40.1987075806
2024-07-10,11.2226200104,23.2657012939,9.61500930786,13.1725635529,4.69801139832,7.68269491196,23.7464141846,7.85957241058,9.83479595184,39.7514533997
2024-07-11,11.5687265396,22.9106292725,9.64830780029,13.3347663879,4.78568792343,7.7284245491,23.630399704,8.03990650177,9.90291595459,39.628074646
2024-07-12,11.4361724854,21.9384059906,9.62333488464,13.3006181717,4.77838134766,7.76653289795,23.942735672,8.02487754822,9.91143226624,40.0136375427
2024-07-15,11.6939115524,21.8538646698,9.57338809967,13.3176937103,4.84413909912,7.78177642822,24.049823761,8.05493545532,9.90291595459,40.1524391174
2024-07-16,11.7086381912,22.3103885651,9.63998413086,13.4030618668,4.8514456749,7.78177642822,24.1301383972,8.16764259338,9.86885643005,39.6203651428
2024-07-17,11.6350011826,22.0313987732,9.75653076172,13.3176937103,5.01949262619,7.87323665619,24.3710803986,8.40057468414,9.89440059662,39.9519462585
2024-07-18,11.6350011826,21.422706604,9.57338809967,13.1384153366,4.82952547073,7.81226205826,24.2639961243,8.21272754669,9.79222202301,38.8955039978
2024-07-19,11.5024471283,20.7548313141,9.54008483887,13.3262300491,4.81491374969,7.880859375,24.1926059723,7.92719841003,9.61340713501,39.3736038208
2024-07-22,11.5171775818,20.8478240967,9.60668373108,13.3347663879,4.77838134766,7.92659091949,24.2193756104,8.12256145477,9.67301177979,40.3606452942
2024-07-23,11.1195259094,20.7886505127,9.48181247711,13.2067117691,4.71262311935,7.85799360275,24.076593399,8.02487754822,9.61340713501,39.7128982544
2024-07-24,11.0974340439,20.7548313141,9.46516609192,13.1725635529,4.61764097214,7.79701900482,23.9784317017,7.99482250214,9.57934570312,39.4507141113
2024-07-25,11.252076149,20.6280212402,9.34861850739,12.9591388702,4.5007390976,7.76653289795,23.9962768555,7.98730897903,9.51974201202,38.779838562
2024-07-26,11.4582662582,20.8647346497,9.43186759949,13.0786571503,4.61764097214,7.80464172363,24.2015304565,8.10001754761,9.55380153656,38.7489929199
2024-07-29,11.4582662582,20.9661808014,9.43186759949,13.0701198578,4.52265739441,7.85037183762,24.2372226715,8.22024059296,9.56231689453,38.7952613831
2024-07-30,11.4435377121,20.8985500336,9.35694408417,12.9506006241,4.53726959229,7.86561441422,24.049823761,8.16764259338,9.57934570312,38.6718788147
2024-07-31,11.3993549347,20.7632827759,9.34861850739,12.942065239,4.43497991562,7.75891160965,23.6928672791,8.16012859344,9.54528713226,40.1678619385
2024-08-01,11.3919897079,20.5772953033,9.44851589203,13.1128034592,4.47151279449,7.55312395096,23.5322380066,8.15261745453,9.63043689728,39.188533783
2024-08-02,11.6202726364,20.7632827759,9.44622421265,13.1298789978,4.95373487473,7.51501750946,23.3448352814,8.02487754822,9.77519130707,39.4969825745
2024-08-05,11.4877214432,20.6195640564,10.2299356461,13.0103607178,5.13639497757,7.49977207184,23.3805332184,8.06996154785,9.70707130432,39.0574455261
2024-08-06,11.6202726364,20.4673900604,10.5801029205,12.924990654,5.41403722763,7.61409759521,23.7821063995,8.07747650146,9.77519130707,39.0034637451
2024-08-07,12.8132286072,20.4758434296,10.5550889969,13.0701198578,5.34097337723,7.66745090485,23.4697704315,8.11504650116,9.89440059662,38.9417762756
2024-08-08,12.9825973511,20.4420337677,10.6551389694,13.2835454941,5.29713535309,7.69793748856,23.3716068268,8.03990650177,9.87737178802,39.2039604187
2024-08-09,13.2403354645,20.653383255,10.863571167,13.5311164856,5.18753957748,7.85799360275,23.6928672791,8.16012859344,9.95400714874,38.5562095642
2024-08-12,13.2403354645,20.6618366241,10.9719572067,13.3176937103,5.34097337723,7.94945430756,24.2015304565,8.26532363892,9.96251964569,38.548500061
2024-08-13,13.2314767838,20.7717399597,11.0970172882,13.5311164856,5.12908792496,8.10188865662,24.5138626099,8.34046459198,9.97955131531,38.3402938843
2024-08-14,13.2463035583,20.8900966644,11.1637191772,13.5567274094,5.0706372261,8.24669933319,24.9243621826,8.99417591095,10.0136108398,37.8313560486
2024-08-15,13.4538545609,20.7125606537,11.3054542542,13.6329479218,5.02679824829,8.35340499878,25.1206855774,8.64853382111,10.0391569138,38.2863197327
2024-08-16,13.1647624969,20.8562812805,11.1220321655,13.7201690674,4.93912124634,8.33816242218,25.3170127869,8.73118877411,9.97500610352,37.4226570129
2024-08-19,13.2092380524,21.2536239624,11.7473306656,13.8335590363,5.07794332504,8.44486618042,25.995223999,8.90400886536,10.183177948,38.4405403137
2024-08-20,13.3122491837,21.3381671906,11.7223215103,13.8161153793,5.10716915131,8.44486618042,26.1112327576,8.94157791138,10.2352218628,38.4482574463
2024-08-21,13.3420982361,21.1352672577,11.7056455612,13.9992828369,5.04141187668,8.39913368225,25.995223999,9.00168895721,10.2612438202,38.0626907349
2024-08-22,12.8794527054,21.1521759033,11.697309494,13.9120597839,4.89528417587,8.32291984558,25.4097881317,9.01671791077,10.2872638702,37.3995246887
2024-08-23,13.2301683426,21.2789878845,11.8390445709,13.9556722641,5.07794332504,8.35340499878,25.6002922058,9.02423191071,10.2699193954,37.9855804443
2024-08-26,13.2600154877,20.9746360779,11.7806797028,13.973115921,5.09255599976,8.3686504364,25.7000808716,9.01353931427,10.1658306122,37.507484436
2024-08-27,13.2824001312,20.8562812805,11.6639604568,13.9992828369,5.01949262619,8.33816242218,25.4097881317,8.84894657135,10.0183734894,37.5151939392
2024-08-28,13.3197116852,20.9492759705,11.8140335083,14.0516176224,5.13639497757,8.50584125519,25.5640068054,9.05272960663,10.1224622726,37.2838554382
2024-08-29,13.0809278488,20.8140087128,11.7556695938,13.9033374786,5.15126132965,8.39913368225,25.6728668213,9.09191989899,10.1398086548,36.6900939941
2024-08-30,13.1853933334,20.8900966644,11.7890195847,13.9120597839,5.46345853806,8.32291984558,25.5095767975,9.11543369293,10.2092008591,36.4587516785
2024-09-02,13.4988012314,20.9154586792,11.6889715195,13.7550592422,5.70132350922,8.33325195312,25.7817268372,9.16246128082,10.1658306122,37.1142120361
2024-09-03,13.5808830261,20.9323692322,11.8619737625,14.0690603256,5.82768917084,8.4554643631,26.0175914764,9.10759544373,10.2872638702,36.8982925415
2024-09-04,13.7525091171,21.3212547302,11.9287567139,14.5749549866,5.86485624313,8.60822868347,26.2988147736,9.3662443161,10.4086999893,37.862197876
2024-09-05,13.8644390106,21.2198066711,12.0038833618,14.6534538269,5.88715553284,8.5242099762,26.5346775055,9.33489227295,10.3046131134,37.3301277161
2024-09-06,13.6704292297,21.0084552765,11.8285856247,14.5923986435,5.87228965759,8.53948307037,26.0992355347,9.28002738953,10.3740034103,36.9445610046
2024-09-09,13.4316415787,21.0084552765,11.8619737625,14.5051755905,5.78309011459,8.54712104797,26.4258174896,9.28786659241,10.2699193954,36.8057594299
2024-09-10,13.3943328857,20.8985500336,11.895365715,14.3656187057,5.738489151,8.585313797,26.0357341766,9.24083900452,10.2092008591,36.5975570679
2024-09-11,13.3943328857,20.923915863,11.7117204666,14.470287323,5.78309011459,8.56239795685,26.044801712,9.21732521057,10.1137866974,36.5667114258
2024-09-12,13.2450933456,20.8900966644,11.6365890503,14.4790096283,5.71619033813,8.56239795685,25.7768993378,9.17029762268,10.08776474,36.0037879944
2024-09-13,13.3420982361,20.8816432953,11.6449384689,14.5400657654,5.94662189484,8.53184509277,25.9503898621,9.2251625061,10.1918525696,37.1758995056
2024-09-16,13.4017934799,20.923915863,11.5865039825,14.470287323,5.93175554276,8.53184509277,26.0873565674,9.20164966583,10.2092008591,37.5845947266
2024-09-17,13.4689512253,20.8393745422,11.5030250549,14.4441194534,5.89458847046,8.5165681839,25.9230003357,9.18597507477,10.0183734894,37.2221679688
2024-09-18,13.4316415787,20.8562812805,11.3694658279,14.4877319336,5.92432165146,8.47073841095,25.7951641083,9.17813682556,9.97500610352,37.3609695435
2024-09-19,13.2973251343,20.7632827759,11.2525978088,14.4266757965,5.86485624313,8.5242099762,25.4847106934,9.09975719452,9.93163490295,37.5691757202
2024-09-20,12.6197986603,20.6618366241,11.0606031418,14.3481760025,5.82025575638,8.36954975128,25.1103382111,9.06840515137,9.9489812851,36.9060058594
2024-09-23,12.5897512436,20.6111106873,10.7934799194,14.0428953171,5.84998893738,8.3005065918,25.0190258026,9.03705501556,9.90561294556,36.6746711731
2024-09-24,12.5897512436,20.6026592255,10.7433929443,14.0341730118,5.73105621338,8.31585025787,25.0007610321,9.0093832016,9.89693832397,37.1681861877
2024-09-25,12.5446805954,20.5857505798,10.7600898743,13.8422813416,5.83512306213,8.40790748596,24.9277172089,9.01733493805,9.85356903076,36.219707489
2024-09-26,12.7099409103,20.5688438416,10.9854736328,13.6155023575,5.87228965759,8.53832149506,25.0920753479,9.11275672913,9.88826465607,36.7672042847
2024-09-27,12.7550096512,20.4758434296,11.0522565842,13.5980577469,5.98378753662,8.55366516113,24.8820610046,9.00143241882,9.86224269867,36.62840271
2024-09-30,12.6498451233,20.5434761047,10.9270439148,13.4585008621,5.90945577621,8.49996471405,24.818145752,9.06504535675,9.88826465607,35.9575233459
2024-10-01,12.9052457809,20.5096664429,10.9859247208,13.2055540085,5.95405483246,8.32352256775,24.7268352509,9.08094978333,9.91428661346,35.2172431946
2024-10-02,12.9803647995,20.653383255,11.3395414352,13.2666101456,6.10272073746,8.36188030243,24.7907505035,9.06504535675,9.95765590668,35.3406219482
2024-10-03,12.7249631882,20.3574886322,11.2293701172,13.2142763138,5.87228965759,8.09337711334,24.5624752045,8.93781661987,9.89693832397,35.780166626
2024-10-04,12.7174530029,20.3997573853,11.2632703781,13.2142763138,5.96892261505,8.15474891663,24.5259532928,8.87420368195,9.89693832397,35.9035453796
2024-10-07,12.4695634842,20.4420337677,11.2717437744,13.1357765198,5.98378753662,8.15474891663,24.6446552277,8.8980588913,9.99235248566,35.8418579102
2024-10-08,12.5446805954,20.3321228027,11.3310699463,13.2142763138,6.05812072754,8.1777639389,24.6355247498,8.87420368195,9.99235248566,35.6876335144
2024-10-09,12.3719081879,20.1038665771,11.0683412552,13.0398302078,5.96148824692,8.02433490753,24.13331604,8.77878093719,9.93163490295,35.3483390808
2024-10-10,12.2817678452,21.177532196,11.1615695953,12.8741073608,6.125020504,8.08570575714,23.9233016968,8.84239578247,9.96633052826,35.7724533081
2024-10-11,12.2817678452,20.8900966644,11.0090179443,12.9177188873,6.02838850021,8.04734992981,24.0420074463,8.76287937164,9.92296028137,35.9189720154
2024-10-14,12.4695634842,21,11.1615695953,12.908996582,6.2365193367,8.09337711334,24.2154960632,8.83444499969,9.95765590668,36.011505127
2024-10-15,12.3944473267,20.8055553436,11.1869926453,13.1357765198,6.33315229416,8.12406539917,24.1698417664,8.81854057312,10.027048111,35.6953430176
2024-10-16,12.3118162155,20.9154586792,11.2124147415,13.3014993668,6.51155090332,8.11639404297,24.4346427917,8.8662519455,10.1311368942,35.5411148071
2024-10-17,12.3043031693,20.6618366241,11.2632703781,13.0049409866,6.56358385086,8.10872173309,24.3981170654,8.82649230957,10.0443954468,35.7724533081
2024-10-18,12.4541511536,20.6787414551,11.3056440353,13.0136642456,6.60075044632,8.1777639389,24.3707237244,8.77878093719,10.027048111,35.2789344788
2024-10-21,12.5903463364,20.7548313141,11.2802171707,13.0485525131,6.57101678848,8.12406539917,24.3068084717,8.84239578247,10.0096979141,35.6953430176
2024-10-22,12.3255271912,20.7125606537,11.2208938599,13.1881084442,6.57845020294,8.11639404297,24.0146102905,8.79468631744,9.96633052826,35.1786842346
2024-10-23,12.2498636246,20.6280212402,11.1869926453,13.1706647873,6.38518476486,8.17009449005,24.0420074463,8.79468631744,9.88826465607,34.893371582
2024-10-24,12.4844179153,20.7971019745,11.2378435135,13.2055540085,6.27368593216,8.22379398346,24.0694026947,8.92191505432,9.89693832397,34.9165039062
2024-10-25,12.280128479,20.653383255,11.1107168198,13.1096086502,6.35545253754,8.1394071579,24.0785312653,8.8662519455,9.90561294556,35.4871368408
2024-10-28,12.3330936432,20.6871948242,11.297170639,13.2142763138,6.35545253754,8.27749061584,24.032875061,8.97757816315,9.94030857086,35.086151123
2024-10-29,12.3330936432,20.5350246429,11.1446170807,12.9002733231,6.35545253754,8.23146343231,23.8959083557,9.04119205475,9.91428661346,34.8162612915
2024-10-30,12.5903463364,20.653383255,11.1785173416,12.9962186813,6.31828546524,8.17009449005,24.0785312653,9.04914283752,9.98367881775,34.8162612915
2024-10-31,12.4238882065,20.5350246429,10.7971448898,12.9264411926,6.28855323792,8.11639404297,24.0420074463,9.04119205475,10.0530700684,34.4692573547
2024-11-01,12.3633594513,20.3743991852,10.6106939316,12.4205474854,6.184486866,8.04734992981,23.8228645325,9.03323936462,9.95765590668,34.0374221802
2024-11-04,12.7416734695,20.7971019745,10.591386795,12.6909389496,6.57101678848,8.1317358017,23.9598293304,9.239985466,10.0530700684,35.1555519104
2024-11-05,12.9535322189,20.8562812805,10.5659255981,12.6734933853,6.48181772232,8.45393466949,23.9689598083,9.21613121033,9.98367881775,35.587387085
2024-11-06,13.1426897049,20.7294692993,10.4216508865,12.5775499344,6.35545253754,8.49996471405,24.0146102905,9.08890151978,10.027048111,36.9291419983
2024-11-07,12.4465875626,20.5434761047,10.3282966614,12.586271286,6.42235183716,8.33119297028,23.9141712189,9.04119205475,10.1051130295,34.7160110474
2024-11-08,12.3330936432,20.6026592255,10.2179718018,11.8623218536,6.60075044632,8.23913669586,23.731552124,8.97757816315,10.0964393616,34.3150291443
2024-11-11,12.1741981506,20.7379245758,10.1755418777,12.176322937,6.71968269348,8.15474891663,23.7498149872,9.15251731873,10.0964393616,34.9473495483
2024-11-12,12.2347307205,20.3743991852,10.1076469421,12.1152677536,7.02444696426,8.10872173309,23.6950263977,9.03323936462,10.0195026398,35.2866439819
2024-11-13,12.1514997482,20.4166679382,10.1500768661,12.1414346695,6.92781448364,8.10104846954,23.6950263977,9.13661193848,10.028345108,36.165725708
2024-11-14,12.1817655563,20.458940506,10.2009973526,12.01060009,7.00214719772,8.04734992981,23.1654281616,9.61372089386,9.98412895203,37.5614624023
2024-11-18,12.2347307205,20.3490314484,10.2943506241,11.8099870682,7.1136469841,7.93995094299,23.4758796692,9.21613121033,9.94875431061,40.6999397278
2024-11-19,12.0579357147,20.30676651,10.3282966614,12.0803785324,7.12851142883,8.03200721741,23.603717804,9.50239562988,10.0460309982,41.3091239929
2024-11-21,11.8597660065,20.30676651,10.2519187927,11.7489299774,7.10621404648,7.82487726212,23.0649871826,9.21613121033,9.94875431061,40.2197532654
2024-11-22,12.3018407822,20.30676651,10.3028392792,11.8448753357,7.10621404648,7.87857818604,23.3754425049,9.30360031128,10.0460309982,41.5525588989
2024-11-25,12.2561063766,20.5603866577,10.1500768661,12.1239900589,7.12851142883,7.80953264236,23.5124073029,9.35926055908,10.1256227493,41.6094474792
2024-11-26,12.7362909317,20.9408226013,10.2264595032,12.2461023331,7.12107896805,7.99364709854,23.8877124786,9.57396125793,10.1344652176,40.1872444153
2024-11-27,12.5457420349,20.4335746765,9.89547729492,11.8535985947,7.01547145844,7.80186367035,23.468952179,9.43878173828,10.0018148422,40.2928962708
2024-11-28,12.2561063766,20.0954093933,9.53055095673,11.5832071304,6.525141716,7.59473323822,22.780330658,9.12070941925,9.8868522644,40.1059799194
2024-11-29,12.4619026184,20.4251194,9.44568538666,11.4959850311,6.47988033295,7.61774873734,23.0501976013,9.46263694763,10.0106582642,42.2595901489
2024-12-02,11.9740972519,20.2475891113,9.31838130951,11.5483188629,6.51005506516,7.47435855865,22.8640842438,9.26384067535,10.0195026398,42.5277748108
2024-12-03,12.2332420349,20.2560386658,9.33304595947,11.7925434113,6.50251102448,7.50088787079,23.1432533264,9.20022678375,10.03718853,40.6342201233
2024-12-04,12.2713527679,20.5181179047,9.45204734802,11.5395956039,6.78916501999,7.56548023224,23.4224243164,9.08890151978,10.1167783737,41.9345169067
2024-12-05,12.2865972519,20.7971019745,9.59654521942,11.5047073364,6.7665348053,7.65429544449,23.7108974457,9.28769493103,10.0460309982,42.032043457
2024-12-06,12.3399505615,20.7379245758,9.45204734802,11.4174833298,6.30638027191,7.63007354736,23.0129737854,9.1445646286,10.1609954834,40.3254013062
2024-12-09,12.3323287964,21.0169086456,9.44354820251,11.4436511993,6.44216346741,7.60585212708,22.9571399689,9.24793815613,10.0106582642,39.8215408325
2024-12-10,12.3628149033,21.1014499664,9.59654521942,11.6268186569,6.58549070358,7.67044496536,23.1060295105,9.27179336548,10.0902481079,40.8211364746
2024-12-11,12.5381231308,21.2874412537,9.81754875183,11.9757099152,6.66092538834,7.74311208725,23.5992336273,9.39902210236,10.081404686,41.828868866
2024-12-12,12.3933038712,20.9323692322,9.51154708862,11.609375,6.41198921204,7.57097911835,23.2867069244,9.1445646286,9.99297237396,40.9674224854
2024-12-13,12.1722669601,20.4504852295,9.40104675293,11.4523735046,6.34409761429,7.56285381317,22.9680976868,9.08094978333,9.99297237396,40.016582489
2024-12-16,11.8521442413,20.458940506,9.2225446701,11.3494415283,6.23848819733,7.44100427628,22.6401119232,9.05709457397,9.91338157654,38.8625717163
2024-12-17,11.9888896942,20.5519294739,9.29054450989,11.2253074646,6.19322776794,7.44912862778,22.8837566376,9.12866020203,9.94875431061,38.1555366516
2024-12-18,11.7354412079,19.9855098724,8.90804576874,10.7642364502,5.89902973175,7.18918037415,22.2465343475,8.8662519455,9.63923835754,37.3834838867
2024-12-19,11.9351291656,19.6980705261,8.95904445648,11.0036373138,5.85376882553,7.33540058136,22.3870983124,8.98552799225,9.73651504517,37.5460243225
2024-12-20,12.2039375305,20.0108718872,9.1630449295,11.2253074646,5.71044206619,7.33540058136,22.5651435852,9.1763715744,9.98412895203,37.91173172
2024-12-23,12.0887336731,19.5543479919,9.01854133606,10.968170166,5.50676727295,7.26229000092,22.4152107239,8.82649230957,9.62155246735,38.3424530029
2024-12-26,12.019610405,19.5712585449,9.12054347992,10.7819690704,5.49922323227,7.41663360596,22.6775970459,8.94451808929,9.72767162323,38.3018188477
2024-12-27,12.1424942017,19.4867153168,9.05254364014,10.8529033661,5.56711530685,7.31103134155,22.5932598114,8.9364233017,9.79841899872,38.504989624
2024-12-30,11.9274463654,19.4528999329,9.0440454483,10.7021684647,5.56711530685,7.30290651321,22.6494846344,8.99308490753,9.64808082581,38.8300628662
2025-01-02,11.9274463654,19.3599071503,9.13755893707,10.6667013168,5.77833366394,7.2054271698,22.4152107239,8.96880149841,9.67461109161,37.3834838867
2025-01-03,11.5203933716,19.0640087128,9.01288795471,10.5957679749,5.54448461533,7.09982347488,22.2465343475,8.77453136444,9.46237182617,36.5626716614
2025-01-06,12.1271352768,19.5289878845,9.15262413025,10.8883695602,5.6274638176,7.27041435242,22.4526939392,8.78262710571,9.63039588928,37.440372467
2025-01-07,12.4189853668,19.7656974792,9.25742340088,10.8529033661,5.80096483231,7.35977125168,22.7244510651,8.99308490753,9.77188873291,37.0827941895
2025-01-08,12.1501731873,19.6642513275,9.08275508881,10.7376356125,5.61992025375,7.21354913712,22.6401119232,8.77453136444,9.63923835754,36.863368988
2025-01-09,12.0964126587,19.8333320618,9.10022258759,10.7021684647,5.65009355545,7.27853631973,22.7431945801,8.70977306366,9.69229793549,37.1478042603
2025-01-10,12.1271352768,19.7781791687,9.00415611267,10.4982337952,5.51431035995,7.18105697632,22.6869678497,8.47503376007,9.57733345032,36.4082641602
2025-01-13,12.3114614487,19.8394069672,9.0216217041,10.2410974503,5.49922323227,7.27853631973,22.6869678497,8.49122047424,9.48005867004,36.1482009888
2025-01-14,12.3652238846,19.6994476318,9.21375751495,10.3120326996,5.72552967072,7.21354913712,23.0992889404,8.44265460968,9.48890018463,36.7902259827
2025-01-15,12.9950037003,20.075592041,9.5368938446,10.4272994995,6.16305303574,7.44100427628,23.6802825928,8.57216644287,9.54196166992,37.7085609436
2025-01-16,12.6877946854,19.8131656647,9.42335891724,10.0637626648,5.8839430809,7.43287992477,23.7833633423,8.32123565674,9.48890018463,37.0421562195
2025-01-17,12.6801118851,20.075592041,9.3010931015,10.2322311401,5.96692228317,7.45725250244,23.7552509308,8.46693706512,9.63923835754,36.993396759
2025-01-20,12.6724338531,20.3292694092,9.3709564209,10.4361658096,6.00463914871,7.56285381317,23.8302154541,8.56407260895,9.65692520142,37.3509788513
2025-01-21,12.8874807358,20.180562973,9.388422966,10.2854328156,6.11024856567,7.56285381317,24.045747757,8.58835697174,9.65692520142,38.374961853
2025-01-22,12.9323787689,20.1455745697,9.28362369537,10.4095649719,6.35164117813,7.58722448349,24.4861831665,8.52359962463,9.62155246735,38.3180732727
2025-01-23,12.893705368,20.2155532837,9.15262413025,10.1435623169,6.35164117813,7.56285381317,25.0390663147,8.56407260895,9.46237182617,38.5862579346
2025-01-24,12.9865236282,20.0668449402,9.10022258759,10.2676973343,6.27620601654,7.55473089218,24.945356369,8.49931526184,9.48005867004,38.6837768555
2025-01-27,13.365521431,20.6266860962,9.34475898743,10.6135015488,6.29129314423,7.67658090591,25.9667816162,8.70168018341,9.48005867004,40.0490875244
2025-01-28,13.2495002747,20.635433197,9.29235649109,10.3208990097,6.28374958038,7.66845750809,25.7981128693,8.7259645462,9.57733345032,39.3257980347
2025-01-29,12.8550329208,20.4779777527,9.23995780945,10.1967639923,6.1328792572,7.67658090591,25.7137699127,8.64501857758,9.51543140411,39.3176727295
2025-01-30,13.2262973785,20.9678382874,9.6504278183,10.5780344009,6.23848819733,7.8309264183,25.9011859894,8.83928966522,9.70114135742,40.1059799194
2025-01-31,13.1566848755,20.8191337585,9.6242275238,10.4982337952,6.28374958038,7.81468009949,25.9386692047,8.87166595459,9.81610584259,39.8540458679
2025-02-03,13.2881736755,20.9765892029,9.61549186707,10.5336999893,6.29129314423,7.71719837189,25.8730735779,9.05784320831,9.78957462311,38.4399757385
2025-02-04,13.3500528336,20.8103866577,9.57809829712,10.5071001053,6.08761739731,7.67658090591,26.0230083466,8.98499107361,9.82494926453,39.6346206665
2025-02-05,13.0484008789,20.7928905487,9.7180557251,10.2322311401,6.08761739731,7.80655622482,26.0792331696,8.96070575714,9.72767162323,39.0901184082
2025-02-06,12.9942550659,20.8278827667,9.82301712036,10.1790304184,6.11779260635,7.80655622482,26.3791027069,8.87166595459,9.72767162323,39.2038993835
2025-02-07,12.878235817,20.9066085815,9.51686954498,10.365231514,6.07253026962,7.82280349731,26.0323791504,8.87976264954,9.71882820129,38.6756515503
2025-02-10,12.9014425278,21.1078014374,9.59559345245,10.5425672531,6.09516191483,7.84717226028,26.0698642731,8.92832756042,9.65692520142,38.4074630737
2025-02-11,13.1566848755,21.3527317047,9.66556930542,11.0745716095,6.17059659958,8.02588653564,26.2947654724,9.0092754364,9.76304626465,38.5943870544
2025-02-12,12.9478492737,21.0516872406,9.30693817139,10.6223678589,5.99709606171,7.77406263351,25.863702774,8.94451808929,9.66576957703,38.3993415833
2025-02-13,13.0948085785,21.1330375671,9.47313308716,10.4361658096,6.03481388092,7.85529518127,25.7231426239,8.97689723969,9.56849193573,38.5293693542
2025-02-14,13.1721534729,21.4945964813,9.7180557251,11.0391054153,6.38181591034,8.09087371826,26.9413604736,9.2116394043,9.76304626465,39.0007286072
2025-02-17,13.3113765717,21.4855556488,9.74429512024,11.0302381516,6.24603176117,8.26146411896,27.3255653381,9.22782802582,9.68345546722,39.382686615
2025-02-18,13.0840005875,21.3047733307,9.7180557251,10.7553691864,6.29129314423,8.13878536224,27.597322464,9.22782802582,9.70114135742,39.1226272583
2025-02-19,12.9204521179,21.2415065765,9.53436374664,10.5514335632,6.11024856567,8.06069564819,27.0444393158,9.13878917694,9.59502220154,39.1145057678
2025-02-20,12.9126634598,21.196308136,9.54311180115,10.5336999893,6.10270500183,8.06937122345,26.2385406494,9.06593704224,9.6038646698,39.1632614136
2025-02-21,12.9905462265,21.3861255646,9.51686954498,10.4095649719,6.07253026962,7.98260450363,26.2197971344,9.10641002655,9.64808082581,39.3257980347
2025-02-24,12.4921073914,21.1691932678,9.35067367554,10.3563652039,6.06498718262,7.93922233582,26.0604915619,9.05784320831,9.63039588928,38.1392784119
2025-02-25,12.4220142365,21.5669078827,9.42939758301,10.1346969604,5.80850791931,8.05201816559,26.4540691376,9.21973514557,9.69229793549,38.3587036133
2025-02-26,12.2818288803,21.1330375671,9.31568622589,9.91302776337,5.76324701309,8.00863361359,26.3041362762,9.13878917694,9.67461109161,37.6923065186
2025-02-27,12.4998960495,21.1872711182,9.25445747375,9.85982704163,5.56102848053,8.02598667145,26.2010574341,9.11450481415,9.68345546722,37.5216369629
2025-02-28,12.2974033356,20.9703388214,9.06201934814,9.83322715759,5.71658086777,7.93054485321,25.5919494629,9.0092754364,9.67461109161,36.9527626038
2025-03-05,12.4921073914,21.1601524353,9.22821521759,10.0992298126,5.78658008575,7.9454202652,26.0230083466,9.03355979919,9.65692520142,37.5622787476
2025-03-06,12.8036317825,21.1601524353,9.30493831635,10.2854328156,5.28881025314,8.02391719818,25.9855270386,9.16307163239,9.67461109161,38.2124214172
2025-03-07,13.0528497696,21.2866954803,9.41007709503,10.2171993256,5.61547136307,8.18963050842,26.2947654724,9.19545078278,9.79841899872,38.3424530029
2025-03-10,12.9749689102,21.5307502747,9.30493831635,10.1710100174,5.40547466278,8.12857627869,26.2104244232,9.01736831665,9.80726242065,38.4237174988
2025-03-11,12.8503599167,21.1420764923,9.20855808258,9.89387130737,5.16436767578,8.11113262177,25.97615242,9.04165267944,9.73651504517,37.8385887146
2025-03-12,12.7880535126,20.9708518982,9.25236606598,9.9031085968,5.14103364944,8.0675239563,25.9477825165,9.07403182983,9.77188873291,37.5866546631
2025-03-13,12.3441333771,21.1766319275,9.35750865936,10.3927211761,5.35880899429,8.11985397339,26.3698539734,9.10641002655,9.83379173279,38.3505783081
2025-03-14,12.4609546661,21.3730564117,9.71673870087,10.6698608398,5.53769493103,8.37278175354,26.7439613342,8.88785648346,10.03718853,43.4786186218
2025-03-17,12.4765319824,21.6069011688,9.88320922852,10.7899551392,5.37436437607,8.65187644958,27.3003292084,9.05784320831,10.0902481079,46.3230133057
2025-03-18,12.5777769089,21.5040073395,9.83064079285,10.7437639236,5.31992006302,8.64315319061,27.3386974335,9.17116546631,10.0990915298,45.4696922302
2025-03-19,12.6233167648,21.7191410065,9.94454288483,10.993188858,5.49880647659,8.74781322479,27.2331790924,9.30068016052,10.03718853,47.0357818604
2025-03-20,12.607626915,21.6349601746,9.79559230804,10.956237793,5.52213954926,8.66059589386,27.0988864899,9.1873550415,10.1167783737,44.6628074646
2025-03-21,12.5448627472,21.5881919861,9.95330429077,10.9100475311,5.56102848053,8.6954832077,27.2139968872,8.74215316772,10.1256227493,45.7475967407
2025-03-24,12.3957996368,21.3824138641,10.0759687424,10.6606225967,5.42880773544,8.67803955078,27.2044048309,8.69358634949,10.0548753738,45.7645454407
2025-03-25,12.5762443542,21.363702774,10.1548242569,10.863858223,5.54547309875,8.64315319061,27.3099212646,8.62073421478,10.03718853,45.9509925842
2025-03-26,12.7488451004,21.3262901306,10.3300571442,10.9100475311,5.46769618988,8.62571144104,27.6360664368,8.62000656128,9.99297237396,45.4255447388
2025-03-27,12.7488451004,21.1485729218,10.2424430847,11.0578556061,5.19547796249,8.64315319061,27.5209579468,8.58704376221,9.97528553009,46.9849319458
2025-03-28,12.7331523895,20.9895610809,10.1811122894,10.8546199799,5.02436923981,8.60826683044,27.4729938507,8.53759765625,10.028345108,46.5527114868
2025-03-31,12.3957996368,20.8960227966,9.94454288483,10.808429718,4.75992870331,8.45999908447,27.0413322449,8.45518779755,9.99297237396,46.4933853149
2025-04-01,12.4742527008,20.7837791443,10.0222845078,10.808429718,4.83770561218,8.32917499542,27.1756248474,8.31509304047,9.98412895203,48.1375236511
2025-04-02,12.5448627472,20.7744235992,9.99301242828,10.956237793,4.83770561218,8.35533809662,27.1948127747,8.31509304047,9.96644306183,48.90026474
2025-04-03,12.5291728973,20.9895610809,10.1807165146,11.0393791199,4.83770561218,8.52105140686,27.3482875824,8.3645401001,10.0725622177,48.747718811
2025-04-04,11.9329166412,20.6715335846,9.98407363892,10.808429718,4.68215227127,8.27684497833,26.8398895264,8.24092483521,10.081404686,47.5527534485
2025-04-07,11.6975545883,20.6154155731,9.85894012451,10.623670578,4.54993152618,8.24195671082,26.5521125793,8.24092483521,9.93106842041,46.9171333313
2025-04-08,11.540646553,20.7744235992,9.60866451263,10.6144323349,4.66659736633,8.26812267303,26.5041465759,8.24916553497,9.95759868622,45.1543502808
2025-04-09,11.885846138,20.9147281647,9.92150497437,11.0301408768,4.7443728447,8.42511177063,26.6192569733,8.3645401001,10.0637187958,47.3663024902
2025-04-10,11.9643001556,20.7370090485,9.91256999969,11.0209035873,4.69770765305,8.38150405884,26.4370002747,8.28212928772,9.92222499847,46.2391433716
2025-04-11,12.0662908554,20.7370090485,9.99301242828,11.1040458679,4.689930439,8.48616409302,26.6672210693,8.33157539368,9.99297237396,46.3493118286
2025-04-14,12.7723798752,20.8586063385,10.1539030075,11.205663681,4.64326334,8.54721641541,26.9262199402,8.40574455261,10.0637187958,46.5188102722
2025-04-15,12.9763641357,20.9427890778,10.1717786789,11.205663681,4.96992540359,8.67803955078,26.6384449005,8.48815250397,10.1433076859,45.476398468
2025-04-16,12.8273010254,20.9053783417,10.1985940933,11.418135643,5.07881259918,8.67803955078,26.5233325958,8.43870830536,10.03718853,45.2560539246
2025-04-17,13.0626621246,20.9427890778,10.2075328827,11.3534708023,5.10214567184,8.6954832077,26.3122997284,8.52935886383,10.1167783737,44.9170532227
2025-04-22,12.8793849945,20.9615001678,10.1539030075,11.4366121292,5.07881259918,8.86119365692,26.6480388641,8.4799118042,10.2140550613,45.8492927551
2025-04-23,13.0611209869,21.2327537537,10.4488668442,11.630610466,5.14881086349,9.02690505981,26.897441864,8.61176681519,10.3643922806,45.8662452698
2025-04-24,13.5194063187,21.4478855133,10.6455106735,12.000128746,5.22658777237,9.22750377655,26.5712985992,8.76834392548,10.5677881241,46.0272674561
2025-04-25,13.5115041733,21.7752685547,10.6991386414,11.9908905029,5.31214237213,9.2187833786,26.8686656952,9.00733089447,10.6120052338,46.0696411133
2025-04-28,12.9742031097,21.8875083923,10.6723232269,11.9354639053,5.37436437607,9.29727649689,27.1948127747,8.92492103577,10.5943193436,46.340839386
2025-04-29,13.234951973,21.9062156677,10.8153381348,11.9354639053,5.35103082657,9.30599880219,27.3386974335,8.94140434265,10.6296930313,46.5018615723
2025-04-30,13.2744579315,22.4393730164,10.9315347672,12.000128746,5.4754743576,9.33216285706,27.7511787415,9.02381229401,10.8306570053,46.2476158142
2025-05-02,13.7880563736,22.8135147095,10.7617063522,11.9631767273,5.5896282196,9.16645240784,27.7223987579,9.05784511566,10.6765804291,46.6798362732
2025-05-05,13.6695318222,21.9716930389,10.7055387497,11.8985118866,5.5896282196,9.13156509399,27.9334354401,8.88247585297,10.5950117111,45.9679412842
2025-05-06,13.9381818771,21.9436264038,10.6070775986,11.8615598679,5.36131954193,9.15773200989,27.7223987579,8.89124488831,10.6493902206,45.7221717834
2025-05-07,15.305138588,21.1579265594,10.5175647736,11.8523216248,5.32195568085,9.15773200989,28.115694046,8.96139144897,10.5315675735,45.8492927551
2025-05-08,16.0399703979,21.3917655945,11.9945001602,12.1756505966,5.34557437897,9.25366783142,28.2116184235,9.12799263,10.8215942383,46.7306861877
2025-05-09,16.277015686,21.65366745,11.8691835403,11.5105161667,5.36919260025,9.7508020401,28.3267288208,9.03154087067,10.7400255203,44.8746795654
2025-05-12,16.3481292725,21.3824138641,11.7528190613,11.6860370636,5.18024730682,9.42810153961,27.885471344,8.92631721497,10.6584539413,47.0357818604
2025-05-13,16.6878948212,21.65366745,11.9855470657,11.907749176,5.41642856598,9.55892848969,28.4514331818,8.97015953064,10.6604566574,47.2900276184
2025-05-14,16.6325817108,21.5601291656,11.9139404297,11.7045135498,5.54239273071,9.58508968353,28.5473594666,8.95262241364,10.7064857483,47.2985038757
2025-05-15,16.8933296204,21.9062156677,11.9945001602,11.6860370636,5.65260982513,9.69847488403,28.2020244598,9.23321437836,10.8077507019,48.7646636963
2025-05-16,16.7273979187,22.1026382446,12.0840110779,11.5936584473,5.57388305664,9.7682466507,24.6240158081,9.18937110901,10.8077507019,48.6460189819
2025-05-19,16.7273979187,22.0278110504,12.0661058426,11.8892726898,5.66835546494,9.86418437958,24.0196838379,9.2595205307,10.9090166092,49.8918304443
2025-05-20,16.7511043549,22.0558738708,12.271985054,11.7784175873,5.66835546494,9.88162899017,24.4609394073,9.38227844238,10.9274272919,52.28175354
2025-05-21,16.3681564331,22.0745811462,11.9945001602,11.5197544098,5.27472019196,9.77696800232,24.2307224274,9.2595205307,10.8445739746,50.8494949341
2025-05-22,16.3284301758,21.8313865662,12.0124006271,11.5197544098,5.4400472641,9.60253429413,24.0292758942,9.11045646667,10.8261613846,51.2393379211
2025-05-23,16.1456794739,21.9810447693,12.1108646393,11.630610466,5.47153759003,9.66358757019,23.4249477386,9.38227844238,10.7893390656,51.6969833374
2025-05-26,15.970872879,21.9997520447,12.1824703217,11.6952753067,5.55026435852,9.69847488403,23.6647605896,9.45242595673,10.8629865646,51.9427604675
2025-05-27,16.4317245483,22.2897148132,12.3525466919,11.7876548767,5.83368206024,9.85546207428,23.5688362122,9.60149097443,11.1575756073,51.7986831665
2025-05-28,16.3443202972,22.1213474274,12.5673694611,11.8800354004,5.66048240662,9.72463703156,23.0988006592,9.4699640274,10.8998098373,51.9512329102
2025-05-29,16.2648658752,22.0278110504,12.4420547485,11.9169874191,5.69197368622,9.65486526489,22.734287262,9.56641578674,10.8353691101,51.8664855957
2025-05-30,16.1297874451,21.8875083923,12.5136642456,11.8707971573,5.70771932602,9.65486526489,22.4656963348,9.50503826141,10.8077507019,50.9342422485
2025-06-02,16.0106048584,21.5881919861,12.5494689941,11.8430833817,5.81793689728,9.55306625366,22.3314037323,9.33843517303,10.6052207947,50.9511947632
2025-06-03,16.3999404907,21.7659130096,12.708322525,12.0463190079,5.97539186478,9.56180763245,22.4532432556,9.36474227905,10.7893390656,51.2308654785
2025-06-04,16.0900611877,21.8594493866,12.708322525,12.0647954941,5.91240930557,9.50062561035,21.8376865387,9.2419834137,10.5960149765,52.171585083
2025-06-05,15.8437452316,21.6817264557,12.358798027,12.0093669891,5.76282787323,9.42196464539,21.7302074432,9.10168743134,10.5223684311,50.3409996033
2025-06-06,15.5815343857,21.6443099976,12.3498363495,12.0740318298,5.77070093155,9.50062561035,21.21235466,9.18937110901,10.5683965683,50.9935684204
2025-06-09,15.4782390594,21.5227165222,12.2691774368,11.9816532135,5.78644609451,9.47440338135,21.2318992615,9.15429878235,10.3566598892,50.7901687622
2025-06-10,15.5576992035,21.6162528992,12.2871026993,11.8338460922,5.84155511856,9.35204219818,21.0462532043,9.07538223267,10.4303073883,51.2478141785
2025-06-11,15.5259132385,21.6162528992,12.6187028885,11.7968940735,5.82580947876,9.44818305969,20.9094619751,9.10168743134,10.3290424347,50.612197876
2025-06-12,15.6530475616,21.6069011688,12.7979440689,11.9354639053,5.99113607407,9.43944263458,20.9290046692,9.23321437836,10.3750734329,50.7732200623
2025-06-13,15.4941310883,21.6256065369,12.6455860138,12.0278434753,5.96751928329,9.37826156616,21.0951080322,9.26828956604,10.4395132065,50.0952262878
2025-06-16,15.2160320282,21.9155693054,12.8786020279,12.2310781479,6.05411911011,9.51810455322,21.4761676788,9.37350940704,10.4763383865,49.9765777588
2025-06-17,15.3511066437,21.9529819489,12.9951095581,12.2495546341,5.99113607407,9.52684593201,21.3980026245,9.44365882874,10.4947500229,49.332485199
2025-06-18,15.7563371658,21.8033275604,12.9503011703,12.4435520172,6.01475524902,9.50062561035,21.3100643158,9.52257537842,10.4763383865,49.3918075562
2025-06-20,15.7467880249,21.5414237976,12.8069067001,12.0647954941,5.95964574814,9.50062561035,20.8606090546,9.42612171173,10.5039548874,49.2392616272
2025-06-23,15.8746776581,21.7472038269,12.7172822952,12.2495546341,6.02262783051,9.35043716431,20.6065692902,9.40858459473,10.4579248428,49.2562103271
2025-06-24,15.8746776581,21.6256065369,12.7800207138,12.1664123535,6.01475524902,9.54377269745,20.9485473633,9.36262798309,10.4763383865,49.3240089417
2025-06-25,15.866686821,21.4198284149,12.7172822952,11.8985118866,6.02262783051,9.45589447021,20.7726707458,9.22849178314,10.4487199783,48.6883926392
2025-06-26,16.2263832092,21.466594696,12.8248319626,11.8615598679,6.10922765732,9.46468257904,21.1048774719,9.4699344635,10.5315723419,48.9765396118
2025-06-27,16.5541095734,21.3169403076,12.7979440689,11.7599411011,6.21157312393,9.49104499817,21.2318992615,9.37156867981,10.5315723419,49.018913269
2025-06-30,16.8578529358,21.6817264557,13.0040750504,12.0278434753,6.26668167114,9.6052904129,21.5836486816,9.65772438049,10.6328382492,49.2731590271
2025-07-01,17.0416984558,21.6069011688,13.1046619415,12.0093669891,6.27455425262,9.62286758423,21.4077701569,9.81868648529,10.6512489319,48.874835968
2025-07-02,16.7859153748,21.4291801453,12.9101419449,12.055557251,6.28242778778,9.51741218567,21.4859390259,9.69349384308,10.5776033401,49.035861969
2025-07-03,17.3454475403,21.7284946442,13.1844367981,11.8800354004,6.38477325439,9.77226257324,21.7888317108,9.8812828064,10.6696624756,50.3071022034
2025-07-04,17.4893245697,21.8033275604,13.1752939224,12.0278434753,6.41626310349,9.78983879089,21.9158535004,9.99753379822,10.6972789764,50.6291465759
2025-07-07,17.1376190186,21.6256065369,13.0198583603,12.0093669891,6.49499130249,9.65801715851,21.5543365479,9.90810871124,10.6420440674,49.900302887
2025-07-08,17.1615982056,21.5881919861,12.9924268723,11.9354639053,6.44775438309,9.57892608643,21.4957103729,9.83657169342,10.5131607056,50.4257507324
2025-07-09,17.0816650391,21.363702774,12.8552827835,11.8707971573,6.38477325439,9.46468257904,20.958316803,9.51464748383,10.4763383865,50.5528717041
2025-07-10,16.4182243347,21.344997406,12.6907043457,11.7322273254,6.36115503311,9.31528568268,20.7238197327,9.64878177643,10.4579248428,50.9172973633
2025-07-11,16.1464500427,21.3262901306,12.6449890137,11.658323288,6.31391811371,9.2274055481,20.6554222107,9.65772438049,10.3750734329,49.6206321716
2025-07-14,15.7308006287,21.2701683044,12.635846138,11.8800354004,6.35328149796,9.13073825836,20.2059669495,9.53252983093,10.2738075256,49.6630058289
2025-07-15,15.8906669617,21.223400116,12.6449890137,11.7968940735,6.57371807098,9.15710067749,20.4209251404,9.4967622757,10.3106307983,49.468082428
2025-07-16,15.4910020828,21.3262901306,12.5901298523,11.8430833817,6.5658454895,9.24498176575,20.4013824463,9.40734004974,10.2830133438,49.5189323425
2025-07-17,15.4270553589,21.0737438202,12.5901298523,11.8061304092,6.55797290802,9.41195487976,20.264591217,9.35368442535,10.2369832993,49.2053642273
2025-07-18,15.1439971924,20.9895610809,12.2975492477,11.6675624847,6.41626310349,9.14831256866,19.7955951691,9.28214645386,10.2830133438,47.6035995483
2025-07-21,14.9590206146,21.120508194,12.3249778748,13.4043016434,6.49499130249,9.28013324738,19.4047641754,9.37156867981,10.3750734329,47.1968040466
2025-07-22,14.6373195648,20.7557182312,12.2609777451,13.2934455872,6.52648162842,9.10437297821,19.4340744019,9.25531959534,10.2185726166,46.7137336731
2025-07-23,14.9590206146,20.9895610809,12.4621267319,13.4043016434,6.58946275711,9.25377178192,19.7467384338,9.46099376678,10.3382482529,46.9425582886
2025-07-24,14.9590206146,20.9521427155,12.3341226578,13.0717334747,6.52648162842,9.16588973999,19.6099491119,9.41628074646,10.2830133438,46.8662834167
2025-07-25,14.9911880493,20.9240837097,12.233546257,13.3765859604,6.62095403671,9.14831256866,19.776052475,9.37156867981,10.172542572,46.7561073303
2025-07-28,14.5890655518,20.7557182312,12.132973671,13.3211593628,6.47137260437,9.05164718628,19.4829330444,9.27320384979,10.1633367538,46.2476158142
2025-07-29,14.7177448273,20.81183815,12.132973671,13.3303976059,6.45562744141,9.02528190613,19.4927024841,9.34474182129,10.2093667984,46.5018615723
2025-07-30,14.8785963058,21.0456829071,12.3066940308,13.432015419,6.5658454895,9.13073825836,19.4438457489,9.38945484161,10.2461891174,46.6205101013
2025-07-31,15.1359548569,20.269329071,12.251832962,13.2564935684,6.5028629303,9.08679771423,19.2484321594,9.23743438721,10.2093667984,46.5866127014
2025-08-01,14.9429340363,20.2038536072,12.233546257,13.1548748016,6.99884462357,9.08679771423,17.9293746948,9.24637794495,10.2369832993,46.7222099304
2025-08-04,15.0314035416,19.8016490936,12.3500452042,13.2103033066,6.86500835419,9.13073825836,18.2908916473,9.21060848236,10.1357192993,46.7645835876
2025-08-05,14.9188070297,19.8951854706,12.3775091171,13.1548748016,7.04608058929,9.2625579834,18.1931877136,9.15695285797,10.172542572,46.6289863586
2025-08-06,15.5219926834,20.147731781,12.3775091171,13.4689674377,7.05395412445,9.42074298859,18.2713565826,9.3358001709,10.2093667984,47.4341049194
2025-08-07,15.5943746567,20.241268158,12.4415931702,13.4412527084,7.17204523087,9.51741218567,18.4765377045,9.46099376678,10.2830133438,47.1035804749
2025-08-08,15.7713117599,20.4096336365,12.5514526367,13.2564935684,7.05395412445,9.57013893127,18.4960823059,9.54147338867,10.2646007538,50.6884727478
2025-08-11,15.4737377167,20.3348045349,12.5239896774,13.1918268204,7.0145907402,9.6052904129,18.6621856689,9.57724285126,10.1909542084,53.3156967163
2025-08-12,15.7552261353,20.6902446747,12.7894830704,13.2842073441,7.06182670593,9.78105163574,18.7989749908,9.75608825684,10.3198366165,53.7140159607
2025-08-13,15.4093980789,20.3815727234,12.6521596909,13.1898851395,7.03820800781,9.66680622101,18.8380584717,9.73820495605,10.1541290283,51.8248405457
2025-08-14,15.6667585373,20.5967063904,12.6338481903,13.1615600586,7.06182670593,9.64922904968,19.3949928284,9.67560863495,10.2646007538,52.0588531494
2025-08-15,16.1895198822,20.699596405,12.6246929169,13.2937421799,7.10119009018,9.64044189453,20.1766548157,9.58618545532,10.3014249802,51.7258377075
2025-08-18,16.2056064606,20.7089481354,12.816945076,13.3787164688,7.14842605591,9.76347351074,20.5870265961,9.63089752197,10.4671325684,52.4188728333
2025-08-19,15.9532375336,20.4657535553,12.3958187103,13.1804437637,7.05395412445,9.42912101746,19.3461380005,9.45205116272,10.3346176147,52.3198699951
2025-08-20,15.8561620712,20.6060600281,12.4507513046,13.1710014343,7.0933175087,9.46487045288,19.4047641754,9.80974388123,10.4101915359,53.5709381104
2025-08-21,15.7752590179,20.5779953003,12.4141302109,13.123793602,7.14842605591,9.45593357086,19.238658905,9.4967622757,10.4101915359,54.1469688416
2025-08-22,15.969417572,20.9521427155,12.7803268433,13.4164829254,7.266518116,9.83131027222,20.0300922394,9.72926330566,10.6274633408,55.2180252075
2025-08-25,16.1797561646,20.9989147186,12.8261032104,13.3975992203,7.28226137161,9.73299789429,19.5904083252,9.7203207016,10.6274633408,55.7850570679
2025-08-26,16.3496456146,21.120508194,12.8444137573,13.3598327637,7.31375312805,9.66149616241,19.9128417969,9.82763004303,10.7219305038,55.713054657
2025-08-27,16.7379589081,21.2327537537,12.8627223969,13.539223671,7.40592622757,9.8849363327,20.1571140289,9.89916706085,10.7597169876,56.2080802917
2025-08-28,17.4822254181,21.6630210876,13.1648359299,13.784705162,7.44600200653,9.98324966431,20.5674858093,9.9438791275,10.8636302948,57.2971420288
2025-08-29,17.4903182983,21.7097892761,13.2197656631,14.0585107803,7.42997169495,10.0458106995,20.8996925354,9.93493652344,10.8636302948,58.2601966858
2025-09-01,17.7572822571,21.5507793427,13.1282148361,14.5117053986,7.38989686966,10.0847978592,20.6065692902,9.8544549942,10.8163957596,58.7192153931
2025-09-02,17.7977313995,21.4291801453,12.8965444565,14.3795232773,7.41394138336,10.0041923523,19.9519271851,9.70243644714,10.703037262,59.0432357788
2025-09-03,17.6602039337,21.4104709625,12.9148769379,14.5400304794,7.41394138336,9.87880420685,19.8151359558,9.71137905121,10.7502698898,59.8892822266
2025-09-04,18.0646972656,21.4853000641,13.1898565292,14.5683555603,7.37386655807,9.94149684906,19.9519271851,9.90810871124,10.8636302948,61.410369873
2025-09-05,18.1132354736,21.672372818,13.4831676483,14.8893699646,7.50210762024,9.95941066742,20.6651935577,9.96176242828,10.9675426483,60.7623329163
2025-09-08,17.8462715149,21.6817264557,13.419008255,14.8327198029,7.40592622757,9.95045280457,20.4697780609,9.91705226898,10.9392023087,61.0143432617
2025-09-09,17.6279392242,21.6069011688,13.3273468018,14.9082517624,7.4780626297,9.95045280457,20.9094619751,9.90810871124,10.9675426483,61.653377533
2025-09-10,17.6194458008,21.7284946442,13.2173566818,14.8421611786,7.52615261078,10.0579280853,21.5445613861,9.89916706085,10.8919696808,62.2474136353
2025-09-11,17.5854816437,21.7565555573,13.354845047,14.7288627625,7.54218292236,10.0310611725,21.7106647491,9.87234020233,10.9769887924,63.1114616394
2025-09-12,17.2373390198,21.7565555573,13.2081899643,14.9176940918,7.60630321503,9.86984634399,21.7986049652,9.79185962677,10.9014167786,65.0015640259
2025-09-15,17.1439342499,21.7565555573,13.3823442459,14.7005376816,7.66240978241,9.96836662292,21.3686923981,9.92599582672,11.0053291321,63.9485092163
2025-09-16,17.1948814392,21.9249210358,13.3823442459,14.7383031845,7.73454523087,10.0221042633,21.437084198,10.0064754486,11.0525617599,63.7684936523
2025-09-17,17.2458286285,22.2429466248,13.7856454849,14.7099790573,7.80668020248,10.1385364532,21.3686923981,10.1942653656,11.0714559555,65.2985839844
2025-09-18,17.0135555267,22.093290329,13.6389913559,14.662771225,7.91889190674,10.2012290955,21.5934181213,10.1048412323,11.0903491974,65.0915679932
2025-09-19,17.0477199554,22.4019584656,13.8681402206,15.0782012939,7.67843961716,10.19227314,21.124420166,10.0958995819,11.1848154068,66.3156356812
2025-09-22,16.7146244049,22.0091075897,13.9048032761,15.0498752594,7.52615261078,10.1564502716,21.0169410706,10.0869560242,11.1659221649,66.2436294556
2025-09-23,16.8341960907,22.3177757263,14.0239629745,15.1820583344,7.64637899399,10.2997493744,21.6227283478,10.2121496201,11.3643007278,66.1176223755
2025-09-24,16.8769016266,22.2897148132,13.9048032761,15.3520069122,7.61431789398,10.1564502716,21.6031894684,10.2389764786,11.2792816162,66.8826599121
2025-09-25,16.5950489044,22.2335948944,13.7581472397,15.1537322998,7.32577562332,10.1295804977,21.2905235291,9.99753379822,11.3170681,64.5245361328
2025-09-26,16.7146244049,22.7854595184,13.8314771652,15.1914997101,7.2857003212,10.2549676895,21.6031894684,10.0690717697,11.3359613419,65.6765975952
2025-09-29,16.7060832977,23.3373241425,14.0056304932,15.2387065887,7.24562501907,10.2907915115,21.6129589081,10.0869560242,11.5626811981,65.127571106
2025-09-30,16.8085746765,23.0754184723,14.2110462189,15.2387065887,7.14142990112,10.3624429703,21.5836486816,10.1611318588,11.4587678909,63.7144927979
2025-10-01,17.0220966339,23.309261322,13.9311189651,15.0687589645,6.92502260208,10.1206235886,21.4273147583,9.84217453003,11.5154476166,65.2625808716
2025-10-02,16.6035900116,23.1689586639,13.7417163849,15.1065254211,7.0372338295,10.0041923523,21.2612094879,9.8512878418,11.4493207932,65.7666015625
2025-10-03,16.671918869,22.9444694519,13.7417163849,15.1065254211,7.11738443375,10.0579280853,21.0853385925,9.87862682343,11.4304285049,66.9006652832
2025-10-06,16.6462974548,22.9351158142,13.62961483,15.0309925079,7.00517272949,10.0400180817,20.9192352295,9.87862682343,11.3548555374,66.9726715088
2025-10-07,16.2961177826,22.4113121033,13.3867282867,14.8704862595,6.82082653046,9.85193443298,20.7238197327,9.7237033844,11.2981748581,68.7637710571
2025-10-08,16.4498538971,22.4580783844,13.5829048157,14.7383031845,6.876932621,9.88775920868,20.6358833313,9.73281764984,11.3359613419,71.1759033203
2025-10-09,16.4413127899,22.3738956451,13.62961483,14.615562439,6.82884120941,9.88775920868,20.7042770386,9.61434555054,11.3076219559,70.3838577271
2025-10-10,16.492559433,22.3458347321,13.4334373474,14.5683555603,6.76472091675,9.80715370178,20.1375713348,9.63257312775,11.2698354721,70.5278625488
2025-10-13,16.7402477264,22.4393730164,13.4988288879,14.5872383118,6.84487199783,9.84297657013,20.4013824463,9.73281764984,11.2792816162,67.0626754761
2025-10-14,16.6462974548,22.4019584656,13.6389551163,14.4928236008,6.78876638412,9.89671611786,20.2255115509,9.76926898956,11.2320480347,66.7206573486
2025-10-15,16.817111969,22.5048503876,13.816450119,14.615562439,6.79678106308,9.83402061462,19.8542194366,9.76926898956,11.3265142441,66.9186630249
2025-10-16,16.6975402832,22.5890312195,13.9192075729,14.5022640228,6.74869060516,9.85193443298,19.9030742645,9.77838230133,11.3454084396,65.712600708
2025-10-17,17.4320640564,22.663860321,14.0593347549,14.7099790573,6.80479621887,9.89671611786,20.4209251404,9.86951351166,11.3926410675,65.8926086426
2025-10-20,17.850566864,22.86028862,14.3115615845,14.0773935318,7.02921867371,10.0489730835,20.2939052582,9.92419242859,11.439874649,64.1375198364
2025-10-21,17.9090175629,22.6825695038,14.1714353561,14.0207443237,7.09333896637,10.0400180817,20.0691776276,9.80572223663,11.3926410675,64.1285171509
2025-10-22,18.0722179413,22.7854595184,14.2274856567,13.6430807114,6.99715805054,10.0758419037,20.2157363892,9.78749656677,11.4209804535,63.9485092163
2025-10-23,18.2955436707,22.9351158142,14.3489284515,13.4070415497,7.02120351791,10.0668840408,20.1766548157,9.86040019989,11.5437879562,64.7855529785
2025-10-24,18.7851467133,22.9444694519,14.4610290527,13.6430807114,6.96509838104,10.1206235886,20.0496349335,9.7601556778,11.4871072769,64.7225494385
2025-10-27,19.0428276062,23.2344341278,14.5170822144,13.822470665,7.01318788528,10.1564502716,20.3720703125,9.89685344696,11.6665945053,65.2355804443
2025-10-28,18.8366794586,23.2718429565,14.5824718475,13.8413534164,7.0372338295,10.1206235886,20.4795475006,10.0882282257,11.761059761,65.0195617676
2025-10-29,18.8624477386,23.2718429565,14.9468011856,13.680847168,7.04524898529,10.3355760574,20.7335891724,10.1337938309,11.7138261795,63.7684936523
2025-10-30,17.9594173431,23.7956523895,14.4143228531,13.6619644165,7.06929349899,10.3355760574,21.1341915131,10.2522640228,11.8555269241,63.903503418
2025-10-31,18.7381420135,23.696559906,14.4516887665,13.737496376,6.32389211655,10.3713998795,21.3980026245,10.3342838287,11.9216527939,63.903503418
2025-11-03,18.9003791809,24.1872882843,14.6478643417,13.7186126709,5.81092786789,10.5415697098,21.5738735199,10.4436397552,11.9688854218,62.0944023132
2025-11-04,18.6894721985,24.5364627838,14.6920518875,13.737496376,5.7948975563,10.5773944855,21.7595214844,10.5256595612,12.2050514221,62.3554153442
2025-11-05,19.3310203552,24.6874580383,14.963262558,13.9829778671,5.78688192368,10.5594816208,22.0917263031,10.7717123032,12.4223232269,60.6453208923
2025-11-06,19.0156841278,24.8384456635,14.9165019989,14.2567834854,5.53039979935,10.5863513947,22.3359966278,10.6896944046,12.6112575531,59.3672523499
2025-11-07,19.1207942963,25.0743789673,14.9539117813,14.8232774734,5.6746711731,10.5326128006,22.3653087616,10.5438833237,12.6868305206,59.3402519226
2025-11-10,18.9201278687,25.2159309387,15.1877117157,14.8893699646,5.74680662155,10.6221752167,22.2578315735,10.6805830002,12.7057237625,58.5032081604
2025-11-11,19.0539073944,25.6594791412,15.4776239395,14.9365768433,5.70673131943,10.8102588654,22.9320144653,11.063334465,13.3197555542,59.1782417297
2025-11-12,19.2259082794,25.9237155914,15.5150327682,15.2387065887,5.59452056885,10.6759147644,22.2773704529,10.9448623657,14.0943784714,58.6382141113
2025-11-13,19.1972427368,25.8199081421,15.5711450577,14.9649019241,5.69070100784,10.6221752167,21.984249115,10.8172779083,13.8959999084,59.4032554626
2025-11-14,19.5794658661,25.876531601,15.5337381363,15.0121088028,5.70673131943,10.7296533585,21.9256229401,10.2431516647,13.999912262,57.7021636963
2025-11-17,19.1590156555,25.8954048157,15.4028072357,14.8988103867,5.63459634781,10.6132211685,21.984249115,10.5074319839,14.2824621201,56.8021125793
2025-11-18,19.4042167664,25.8576526642,15.2625293732,14.7666292191,5.83497238159,10.5326128006,21.3784580231,10.4436397552,14.2149095535,55.7490539551
2025-11-19,19.1926727295,25.6028518677,15.1503038406,14.7571868896,5.8910779953,10.4699192047,21.0853385925,10.1246805191,13.7034425735,54.8130073547
2025-11-21,19.0195922852,25.5839805603,15.0754880905,14.4739398956,5.8910779953,10.4878330231,21.4957103729,10.0335502625,13.4911355972,53.6429405212
2025-11-24,19.2695980072,25.8859672546,15.0380764008,14.3795232773,5.84298753738,10.5594816208,21.3393764496,10.2066993713,13.7806444168,54.3809776306
2025-11-25,19.3176746368,26.0429668427,15.1690073013,14.1906919479,5.74425792694,10.5773944855,21.4664001465,10.2704916,13.8481969833,53.0489044189
2025-11-26,19.5484485626,26.1952114105,15.5617923737,14.6533298492,5.78015995026,10.774433136,21.7106647491,10.4345273972,13.7323932648,53.5079345703
2025-11-27,19.67345047,26.2903594971,15.5150327682,14.7666292191,5.71733236313,10.7475643158,21.6520423889,10.4527540207,13.8578472137,54.0839653015
2025-11-28,19.7363357544,26.4996929169,15.6553144455,15.1537322998,5.80708646774,11.0341663361,21.9549350739,10.4800930023,13.7709951401,54.4439849854
2025-12-01,19.5234947205,26.1095733643,15.5337381363,15.0215511322,5.75323343277,10.9655475616,21.7497520447,10.2613782883,13.6551904678,53.7059402466
2025-12-02,19.7169857025,26.4045391083,15.6903104782,15.2009420395,5.85196304321,11.1360416412,22.1143283844,10.3160562515,13.5297374725,54.0929641724
2025-12-03,19.6976394653,26.2427825928,15.2877578735,15.1999998093,5.73528289795,11.2437229156,21.9825439453,10.3160562515,13.3849830627,58.4132041931
2025-12-04,20.0846252441,26.6424217224,15.4562664032,15.3900003433,5.932741642,11.5757389069,22.3656196594,10.4618663788,13.4911355972,58.9532318115
2025-12-05,19.0010604858,25.3578777313,14.5856246948,14.4899997711,5.60065221786,11.0642547607,20.7842140198,10.0973405838,13.2209272385,58.3232002258
2025-12-08,19.436422348,25.5862388611,14.6605176926,14.5,5.68143081665,11.1450138092,21.2163963318,10.1337938309,13.1823263168,56.7000007629
2025-12-09,19.3590240479,25.2912693024,14.5481767654,14.4099998474,5.63655328751,11.1898822784,21.1083526611,10.0882282257,13.1340742111,56.1599998474
2025-12-10,19.4170722961,25.4910869598,14.7354125977,14.8199996948,5.60962772369,11.059132576,21.2163963318,10.0426626205,13.3849830627,57.9799995422
2025-12-11,19.7266616821,25.7194519043,14.8290300369,14.8100004196,5.69938182831,11.2603797913,21.1869297028,9.97887134552,13.4042835236,57.6599998474
2025-12-12,19.7847099304,25.8526630402,15.0069046021,15.0799999237,5.69040632248,11.3370466232,21.314622879,10.1337938309,13.3270807266,56.5400009155
2025-12-15,20.0846252441,27.0135116577,15.1754159927,15.1999998093,5.7083568573,11.5191297531,21.6191158295,10.2340393066,13.5779876709,56.9000015259
2025-12-16,19.7073135376,26.5853309631,14.7541351318,14.7700004578,5.57372570038,11.183713913,21.3244438171,10.0153245926,13.2209272385,57.2999992371
2025-12-17,19.4460964203,25.8241195679,14.632434845,14.5600004196,5.47499608994,11.2124643326,21.1672859192,9.99709701538,12.8445653915,57
2025-12-18,19.4557723999,25.9344539642,14.7166900635,14.6999998093,5.43909406662,11.2699642181,21.2065753937,9.99709701538,12.9603691101,55.9399986267
2025-12-19,19.6879634857,25.8768863678,14.8477535248,14.529999733,5.46602106094,11.4464883804,21.0592403412,10.0973405838,13.0761728287,57.0900001526
2025-12-22,19.3299999237,26.2127037048,14.6979656219,14.6400003433,5.78015995026,11.3878383636,20.9217262268,10.0608892441,12.7673625946,58.1399993896
2025-12-23,19.7800006866,26.6444625854,14.8383932114,15,5.84298753738,11.5344629288,21.363735199,10.2971925735,13.027920723,58.8699989319
2025-12-26,20.0200004578,26.8267612457,14.8477535248,14.8900003433,5.94351291656,11.6713132858,21.4619579315,10.4923229218,13.2016267776,59.4799995422
2025-12-29,19.8999996185,26.2606773376,14.8383932114,14.7700004578,5.9336400032,11.6322135925,21.3342666626,10.4545812607,13.114774704,59.2000007629
2025-12-30,20.0499992371,26.6679134369,14.9352731705,15,5.89414787292,11.7201871872,21.5307159424,10.5678081512,13.4139328003,57.9300003052
2026-01-02,19.9099998474,26.0481777191,14.973567009,14.8299999237,5.80529165268,11.8374872208,21.2949771881,10.5300664902,13.4428844452,58.1899986267
2026-01-05,19.9099998474,26.2902622223,15.488489151,15,5.94351291656,11.9841117859,21.4914245605,10.5583715439,13.4911355972,59.2099990845
2026-01-06,19.8999996185,26.1450099945,15.5364131927,15.5900001526,5.92376708984,12.0916366577,21.7271652222,10.4923229218,13.4042835236,60.9099998474
2026-01-07,19.6900005341,25.9610290527,15.3638944626,15.3500003815,5.85465621948,11.8472623825,21.314622879,10.3790969849,13.2016267776,60.0400009155
2026-01-08,19.6499996185,25.9513435364,15.1817884445,15.1499996185,5.86452913284,12.2187108994,21.4324913025,10.3319196701,12.9700183868,59.7599983215
2026-01-09,19.7000007629,25.8738765717,15.2201271057,15.5,5.86452913284,11.9254617691,21.4717826843,10.3413543701,12.7384119034,58.6899986267
2026-01-12,19.5,25.6511592865,15.0763587952,15.5,5.96325874329,11.9254617691,21.4816036224,10.284740448,12.6612091064,58.9000015259
2026-01-13,19.1900005341,25.0895271301,14.9517631531,15.1300001144,5.80529165268,11.8765869141,20.8235034943,10.1149015427,12.6419086456,59.2999992371
2026-01-14,18.9400005341,25.380027771,15.2009572983,15.5600004196,5.67694330215,11.8277139664,21.1181735992,10.13377285,12.5936565399,61.1500015259
2026-01-15,18.7900009155,25.4574947357,15.4405708313,15.7299995422,5.81516456604,11.9743366241,21.0788822174,10.1809511185,12.7384119034,60.8100013733
2026-01-16,18.2000007629,25.1185779572,15.5268316269,15.4300003052,5.84478330612,11.866812706,20.9904823303,10.1620807648,12.5743560791,60.3899993896
2026-01-19,17.8999996185,25.1766796112,15.5651674271,15.6000003815,5.8250374794,11.8765869141,20.9315471649,10.1809511185,12.7480621338,60.5699996948
2026-01-20,18.0599994659,25.2250938416,15.7664432526,15.6400003433,5.89414787292,11.9450120926,21.1574630737,10.2469987869,12.7384119034,57.1699981689
2026-01-21,17.9699993134,25.7867279053,16.2840023041,16.0200004578,6.07186126709,12.433760643,22.0021896362,10.5300664902,13.0182704926,58.2700004578
2026-01-22,18.2000007629,26.5807609558,16.8590717316,16.4699993134,6.18046379089,12.8931837082,23.0335426331,10.8225679398,13.3463811874,58.8800010681
2026-01-23,18.0100002289,27.1036624908,17.1274356842,16.7700004578,6.34830331802,13.1473331451,23.8488025665,11.0490198135,13.6069402695,61.6399993896
2026-01-26,17.6900005341,27.1811294556,17.3095378876,16.7800006866,6.3384308815,13.2353076935,23.96667099,10.7753896713,13.7613449097,60.6300010681
2026-01-27,17.9099998474,27.7524452209,17.7120857239,17.0100002289,6.46677923203,13.6654062271,24.2515220642,10.9735364914,14.0798044205,63.1599998474
2026-01-28,18.0499992371,27.4619464874,17.9037761688,17.1000003815,6.51614379883,13.8218069077,24.9489116669,10.9357948303,13.8867988586,62.8600006104
2026-01-29,17.9799995422,27.2489128113,17.6545810699,16.7999992371,6.41741418839,13.6263074875,25.0471382141,10.8603096008,13.5683393478,62.1399993896
2026-01-30,18.0200004578,27.2201404572,17.5587348938,16.6200008392,6.36804914474,13.4796819687,24.7721099854,10.8320026398,13.4525346756,62.8699989319
2026-02-02,18.0699996948,27.9431476593,17.7504272461,16.8700008392,6.48652505875,13.645857811,24.8506889343,10.9452295303,13.5007867813,63.7299995422
2026-02-03,18.0799999237,28.4316616058,17.8437213898,16.9500007629,6.41741418839,13.6751813889,25.2337627411,11.1716833115,13.4525346756,65.7300033569
2026-02-04,17.9400005341,27.6695747375,17.3160800934,16.4799995422,6.14097166061,13.254858017,24.6542396545,10.9074869156,13.2112760544,63.3699989319
2026-02-05,17.6200008392,28.4414329529,17.4312019348,16.8400001526,6.16071748734,13.6654062271,24.0059604645,10.8791799545,13.2788286209,63.7900009155
2026-02-06,17.3999996185,28.2655677795,17.0858402252,16.9300003052,6.26932001114,13.9097805023,23.8979148865,10.7093410492,13.2305774689,64.1600036621
2026-02-09,17.6599998474,28.7833938599,17.3256778717,16.9400005341,6.35817670822,14.3203296661,24.3792133331,10.7753896713,13.3849830627,64.4499969482
2026-02-10,17.8400001526,28.7931632996,17.3928318024,16.8999996185,6.38779497147,14.2910051346,24.3595676422,10.8036966324,13.3849830627,65.4000015259
2026-02-11,17.9799995422,29.4086952209,17.8820915222,17.1499996185,6.43716001511,14.6429033279,24.4676151276,11.2471666336,14.0412034988,67.1600036621
2026-02-12,17.8299999237,29.6138706207,17.5942897797,17.3400001526,6.2791929245,14.2519054413,25.5677242279,11.1811180115,13.9447002411,66.0599975586
2026-02-13,17.9200000763,28.9201793671,17.4024219513,17.5200004578,6.2791929245,14.2519054413,24.9783782959,11.096198082,13.8578472137,66.6399993896
2026-02-18,18.1700000763,28.7736244202,17.2968997955,17.75,6.42728757858,14.0564060211,25.36145401,11.0018434525,13.7806444168,68.5
2026-02-19,18.7999992371,29.0276527405,17.6134796143,17.9500007629,6.4470334053,14.2519054413,25.9900856018,11.1999883652,14.1666584015,69.9100036621
2026-02-20,19.1700000763,29.0374202728,17.9780273438,17.8700008392,6.45690584183,14.5647039413,26.5106754303,11.2849092484,14.2342100143,69.3300018311
2026-02-23,18.9799995422,28.7833938599,17.6326675415,17.5499992371,6.53588962555,14.1932563782,26.3535175323,11.2094249725,14.3886146545,69.3499984741
2026-02-24,19.1299991608,29.2719097137,17.8245334625,17.6000003815,6.70372962952,14.3594293594,26.85912323,11.4830551147,14.3403625488,71
2026-02-25,19.2000007629,27.9724559784,17.6518516541,17.5699996948,6.57538127899,14.2910051346,27.3146972656,11.6434602737,14.099105835,71.6200027466
2026-02-26,19.5300006866,28.4121208191,17.5079517365,17.2399997711,6.94068050385,14.3007802963,27.0175857544,11.5774116516,14.0798044205,70.9700012207
2026-02-27,19.0300006866,28.0480194092,17.6230754852,16.8199996948,6.7925863266,13.9977560043,26.6907596588,11.3887004852,14.0798044205,70.5
2026-03-02,18.8400001526,28.1564273834,17.5463237762,16.8999996185,6.59512710571,13.894203186,26.6907596588,11.256603241,14.0508546829,68.8300018311
2026-03-03,17.9300003052,27.50598526,16.8138980865,16.4200000763,6.51614379883,13.2969198227,25.5887088776,10.8886156082,13.4139328003,67.6900024414
2026-03-04,18.1900005341,28.0283126831,16.99634552,16.5799999237,6.60500001907,13.5417070389,25.7575130463,11.1433763504,13.713092804,69.7600021362
2026-03-05,17.9899997711,27.4271411896,16.4586086273,16.0300006866,6.48652505875,13.2381696701,24.8241252899,10.9074869156,13.587638855,69.3000030518
2026-03-06,17.3500003815,27.4862728119,16.1609306335,16.0200004578,6.25944709778,13.1108808517,24.5758838654,10.9074869156,13.7034425735,69.0299987793
2026-03-09,16.9799995422,27.8213500977,16.1705322266,15.9200000763,6.25944709778,13.1304636002,24.5262374878,11.0207147598,13.5683393478,70.0500030518
2026-03-10,17.1299991608,28.0184555054,16.4970149994,16.2700004578,6.2298283577,13.4144182205,24.9631404877,11.2282953262,13.5683393478,69.1100006104
2026-03-11,16.9099998474,27.9100475311,16.4490032196,16.25,6.15084457397,13.3165025711,25.1617336273,11.1811180115,13.6262397766,67.5
2026-03-12,16.4699993134,27.3581542969,16.0168952942,15.6599998474,5.99287796021,13.0521306992,24.0595417023,11.0207147598,13.3946323395,67.6500015259
2026-03-13,16.4099998474,27.418888092,15.7672300339,15.3900003433,5.81516456604,12.905257225,23.5829200745,11.0584564209,13.3656826019,66.2200012207
2026-03-16,16.6399993896,27.9438877106,15.7672300339,15.5500001907,5.85465621948,13.1500463486,23.7318649292,11.2754735947,13.5200872421,66.5100021362
2026-03-17,16.5,27.953792572,15.6712055206,15.4899997711,5.8842754364,13.0815048218,23.5034828186,11.2471666336,13.4814863205,66.8300018311
2026-03-18,16.3299999237,27.7754917145,15.4407482147,15.3400001526,5.78554582596,13.1206703186,23.2453117371,11.1433763504,13.2595281601,63.1500015259
2026-03-19,16.3199996948,27.8052082062,15.4695539474,15.3400001526,5.8250374794,13.1206703186,23.3446083069,11.5019254684,13.3753318787,63.5999984741
2026-03-20,16.2299995422,26.9830379486,15.1814813614,14.9099998474,5.69668912888,12.9488105774,23.1062965393,11.5491046906,13.0182704926,58.5999984741
2026-03-23,16.8899993896,28.1023788452,15.7864360809,15.5600004196,6.05211544037,13.3438940048,23.7914409637,11.7566871643,13.4139328003,60.4700012207
2026-03-24,17.1399993896,28.0429458618,15.6520013809,15.3999996185,6.04224205017,13.235244751,23.4836235046,11.6434602737,13.3656826019,57.5499992371
2026-03-25,17.6000003815,28.5085124969,16.0264987946,15.7299995422,6.14097166061,13.3735237122,23.6921463013,11.9799757004,13.4428844452,59.6399993896
2026-03-26,17.2600002289,28.3203029633,15.81524086,15.4499998093,6.04224205017,13.1661062241,22.8977737427,11.8261394501,13.2691793442,58.2999992371
2026-03-27,16.8500003815,27.7061500549,15.5847826004,15.3999996185,5.94351291656,13.0772123337,22.5005874634,11.845369339,13.1919765472,58.7799987793
2026-03-30,16.9699993134,27.9934158325,15.5943861008,15.6800003052,5.94351291656,13.1661062241,22.2424163818,11.8357543945,13.2209272385,59.8600006104
2026-03-31,17.5200004578,28.8155860901,16.0457000732,15.9300003052,6.12122583389,13.6994657516,22.8381958008,12.1241960526,13.6069402695,62.3899993896
2026-04-01,17.5499992371,28.5580387115,16.2953643799,16.0300006866,6.15084457397,14.0254096985,23.4637622833,12.1434268951,13.6455411911,61.8199996948
2026-04-02,17.5799999237,28.5580387115,16.1100902557,15.8800001144,6.12122583389,13.7784824371,23.2254524231,12.2684183121,13.5779876709,60.5099983215
2026-04-06,17.0599994659,28.8878421783,16.1581516266,15.9200000763,6.15084457397,13.7488517761,23.265171051,12.3164920807,13.7034425735,62.1399993896
2026-04-07,16.7900009155,28.9475688934,16.2952232361,15.9099998474,6.11135292053,13.7982368469,23.275100708,12.4222536087,13.5972890854,62.5499992371
2026-04-08,17.1900005341,29.9231052399,16.9497661591,16.1299991608,6.31868505478,14.134057045,24.3177127838,12.7972288132,14.0605039597,63.7400016785
2026-04-09,17.3600006104,30.5104179382,17.1646900177,16.7800006866,6.53588962555,14.3414754868,24.5460948944,12.9991388321,14.2342100143,65.5599975586
2026-04-10,17.3999996185,30.6099643707,17.2623844147,16.9200000763,6.67411088943,14.4995079041,24.5560245514,13.277967453,14.3789634705,66.0699996948
2026-04-13,17.6599998474,30.9185504913,17.4480018616,17.2600002289,6.60500001907,14.4600000381,24.5758838654,13.2202777863,14.3789634705,66.5
2026-04-14,17.5900001526,31.3864116669,17.6043109894,17.6800003052,6.85182380676,14.5587701797,25.2014522552,13.124130249,14.4272155762,65.0500030518
2026-04-15,17.5,31.6253185272,17.5750026703,17.0499992371,6.76296710968,14.6871709824,24.228345871,13.1145153046,14.3596639633,63.1599998474
2026-04-16,17.1000003815,31.1972770691,17.7020053864,17.0900001526,6.77284049988,14.4797534943,24.1091918945,12.9991388321,14.1280565262,62.4700012207
2026-04-17,17.2999992371,30.8886890411,17.8778514862,16.6499996185,6.92093467712,14.4797534943,24.228345871,13.1145153046,14.2052593231,61.5600013733
2026-04-20,17.2199993134,30.8299999237,17.6433868408,16.6800003052,7.00979089737,14.3711061478,24.1091918945,13.2010478973,14.4272155762,62.25
2026-04-22,16.5300006866,30.4699993134,17.1744594574,16.5,6.7925863266,14.0846719742,23.2353820801,12.9029912949,14.3307132721,61.4799995422
2026-04-23,16.1200008392,30.0200004578,16.8129959106,16.3199996948,6.66423797607,13.8476228714,22.8381958008,12.8260736465,14.0894556046,60.8699989319
2026-04-24,15.9399995804,29.4899997711,16.715303421,16.2099990845,6.60500001907,13.9266395569,22.5403079987,12.5472459793,14.0412034988,60.5400009155
2026-04-27,15.779999733,29.2099990845,16.5785312653,15.9899997711,6.63000011444,13.7982368469,22.3516426086,12.3068771362,13.7613449097,59.8800010681
2026-04-28,15.6099996567,29.1700000763,16.4808387756,15.9200000763,6.44999980927,13.7883605957,22.3814334869,12.2972621918,13.6937913895,60.4000015259
2026-04-29,15.3800001144,28.7299995422,16.1389122009,16.0300006866,6.40000009537,13.422908783,21.55727005,11.9319019318,13.5393867493,61.8400001526
2026-04-30,15.779999733,29.5100002289,16.3342971802,16.0799999237,6.48000001907,13.6599578857,22.0537528992,12.0568943024,13.7888813019,62.6399993896
2026-05-04,15.6899995804,29.3199996948,15.9923734665,16.2900009155,6.34999990463,13.3932781219,21.7558631897,11.9357299805,13.4338035583,61.8300018311
2026-05-05,15.8699998856,29.2700004578,16.1657180786,16.3799991608,6.28000020981,13.4525403976,21.765794754,11.8181362152,13.4140777588,61.9700012207
2026-05-06,15.9600000381,30.5100002289,16.2732906342,16.8299999237,6.38000011444,13.2747535706,21.9147377014,11.7299413681,13.6310691833,62.8499984741
2026-05-07,16.0599994659,29.8199996948,15.7451944351,16.25,6.36999988556,13.1364746094,21.5374126434,11.4359579086,13.3055810928,61.3699989319
2026-05-08,16.1000003815,30.3700008392,15.7940912247,16.5799999237,6.44000005722,13.3340158463,21.6466369629,11.533952713,13.3154439926,62.3899993896
2026-05-11,15.5100002289,30.0799999237,15.4322452545,16.3400001526,6.17000007629,13.1364746094,21.3884677887,11.5633506775,13.4436674118,63.1699981689
2026-05-12,15.3000001907,29.7399997711,15.295331955,16.25,6.09999990463,12.8599176407,21.1700153351,11.2399682999,13.1199998856,63.6699981689
2026-05-13,14.75,28.8099994659,15.0606203079,15.8999996185,5.92000007629,12.7611465454,20.6139545441,11.0243806839,12.75,61.7700004578
2026-05-14,14.9399995804,28.8899993896,15.1975345612,15.9600000381,6.11000013351,13.0475816727,20.6139545441,11.0537786484,12.7600002289,63.9300003052
2026-05-15,14.8599996567,28.5400009155,15.0215015411,15.6000003815,6.05000019073,12.9191799164,20.5543766022,11.0439796448,12.75,62.2400016785
2026-05-18,14.9899997711,28.3400001526,15.0019426346,15.6199998856,5.96000003815,12.7907781601,20.2763462067,11.269367218,12.8000001907,60.8699989319
2026-05-19,14.6899995804,27.9400005341,14.7965698242,15.3199996948,5.82999992371,12.6327457428,20.087682724,11.0831775665,12.6999998093,59.5
2026-05-20,15.220000267,28.6399993896,15.1486358643,15.8000001907,5.98000001907,12.9488105774,20.5543766022,11.2987651825,12.779999733,61.1100006104
2026-05-21,15.1800003052,28.4099998474,15.2268733978,15.6899995804,5.98000001907,12.9586877823,20.673532486,11.1321744919,12.8000001907,60.2900009155
2026-05-22,15.1000003815,28.2000007629,15.0801792145,15.6899995804,5.92999982834,12.830286026,20.7926883698,10.9949827194,12.8199996948,60.1500015259
2026-05-25,15.5500001907,28.1000003815,15.295331955,15.9200000763,6.21999979019,12.9586877823,21.4976921082,11.0439796448,13.1000003815,60.7999992371
2026-05-26,15.3299999237,27.7800006866,15.2366533279,16.0499992371,6.15999984741,12.9685659409,20.9614925385,10.9753828049,12.9899997711,60.3800010681
2026-05-27,15.3100004196,27.3799991608,15.295331955,15.9799995422,6.21999979019,13.017950058,20.9217739105,10.9361858368,13.0900001526,60.9199981689
2026-05-28,15.3400001526,27.0900001526,15.2464332581,15.7399997711,6.17999982834,12.9685659409,20.4650096893,10.8283920288,13,60.8699989319
2026-05-29,14.8199996948,27.0300006866,15.158416748,15.3900003433,6.05999994278,12.9290571213,20.1571903229,10.5442075729,13.0100002289,60.9099998474
2026-06-01,15.0399999619,26.8600006104,14.9530439377,15.3100004196,6.11999988556,12.784825325,19.9387378693,10.593205452,13.029999733,61.5299987793
2026-06-02,14.8900003433,27.5,15.1070022583,15.3299999237,5.94999980927,12.854092598,19.8899993896,10.7793941498,13.1000003815,61.3499984741
2026-06-03,14.4099998474,27.1800003052,14.7937011719,14.6999998093,5.73000001907,12.6759757996,19.5300006866,10.6422014236,12.9799995422,58.3800010681
2026-06-05,14.3999996185,26.9500007629,14.8132820129,14.75,5.65000009537,12.5968122482,19.1700000763,10.6618013382,12.8199996948,58.8400001526
2026-06-08,14.3699998856,26.7900009155,14.6566314697,14.6099996567,5.71000003815,12.468173027,19.1000003815,10.5442075729,12.8699998856,59.9000015259
2026-06-09,14.8000001907,27.3600006104,14.8230733871,15.2100000381,5.80000019073,12.5473365784,19.1100006104,10.593205452,12.9399995804,60.3300018311
2026-06-10,14.7100000381,26.8700008392,14.7447481155,14.8199996948,5.69999980927,12.5176496506,19,10.5148086548,12.9799995422,60.3199996948
2026-06-11,14.9099998474,27.4099998474,15.0972118378,15.1599998474,5.80000019073,12.8244066238,19.4099998474,10.593205452,13.1499996185,62.2000007629
2026-06-12,14.8699998856,27.3299999237,15.1755371094,15.1800003052,5.86000013351,12.8145112991,19.4599990845,10.5148086548,13.1199998856,61.4900016785
2026-06-15,14.8000001907,27.6200008392,15.0874214172,14.9799995422,5.86999988556,12.7155580521,19.3899993896,10.5148086548,13.4799995422,60.7000007629
2026-06-16,14.7399997711,27.7000007629,14.9797239304,14.8000001907,5.80999994278,12.7254524231,19.3999996185,10.5050096512,13.3199996948,60.2000007629
2026-06-17,14.3900003433,27.1100006104,14.9895143509,14.6899995804,5.90999984741,12.9728364944,19.4099998474,10.4266147614,12.8900003433,59.5999984741
2026-06-18,14.4600000381,27.8999996185,14.9503517151,14.8299999237,5.98999977112,13.0520000458,19.5300006866,10.5050096512,13.1800003052,60.0400009155
2026-06-19,14.3800001144,27.6499996185,14.8426542282,14.9300003052,5.98999977112,12.8999996185,19.4200000763,10.4658126831,12.9200000763,60.5699996948
2026-06-22,14.3999996185,27.9899997711,15.1070022583,14.970000267,5.90999984741,13.0500001907,19.5799999237,10.7205972672,13.220000267,60
2026-06-23,14.5200004578,27.8500003815,15.2146997452,15.0699996948,5.80999994278,13.1000003815,19.8600006104,10.7695951462,13.2600002289,60
2026-06-24,14.5500001907,27.8299999237,15.058049202,15.1599998474,5.82999992371,13.220000267,19.7299995422,10.720000267,13.1000003815,59.7299995422
2026-06-25,14.4200000763,28.0499992371,15.0384674072,15.4499998093,5.76999998093,13.3000001907,20.0499992371,10.7899999619,13.2700004578,59.2700004578
2026-06-26,14.3999996185,28.2000007629,15.3126068115,15.6099996567,5.84999990463,13.5,20.3400001526,10.9600000381,13.1800003052,59.7099990845
2026-06-29,14.3000001907,28.25,15.4790477753,15.5799999237,5.90000009537,13.6899995804,20.2600002289,10.9499998093,13.2399997711,60.2000007629
2026-06-30,14.1400003433,28.1100006104,15.4398851395,15.3999996185,5.98999977112,13.5600004196,19.9099998474,10.8699998856,13.1800003052,59.5099983215
2026-07-01,13.8500003815,28.4200000763,15.4105129242,15.4799995422,5.94000005722,13.4899997711,19.7299995422,10.8100004196,13.1000003815,59.9099998474
2026-07-02,13.9899997711,28.8899993896,15.5352373123,15.779999733,5.98999977112,13.4899997711,20,10.970000267,13.3999996185,60.2000007629
2026-07-03,14.1099996567,27.6499996185,15.5646409988,15.720000267,5.96000003815,13.6000003815,19.9799995422,11.029999733,13.529999733,60
2026-07-06,13.8500003815,27.5799999237,15.5500001907,15.6499996185,5.73999977112,13.5,19.7700004578,10.8800001144,13.3699998856,59.5299987793
2026-07-07,13.8199996948,28.2600002289,15.5600004196,15.5699996948,5.67000007629,13.529999733,19.7299995422,10.9300003052,13.3699998856,59.7099990845
2026-07-08,13.8000001907,28.7900009155,15.5,15.4099998474,5.55999994278,13.3999996185,19.5300006866,10.8000001907,13.1499996185,60.7000007629
2026-07-09,14.2299995422,29.3299999237,15.6999998093,15.75,5.69000005722,13.75,20,11.0799999237,13.3100004196,61.0400009155
2026-07-10,14.6199998856,30,16.4599990845,16.4200000763,5.80999994278,14.1099996567,20.5799999237,11.3800001144,13.6599998474,62.8499984741
2026-07-13,14.3599996567,29.2000007629,16.3299999237,16.1499996185,5.63999986649,13.9200000763,20.2399997711,11.0699996948,13.6700000763,61.9099998474
2026-07-14,14.3400001526,29.25,16.2700004578,16.4099998474,5.61999988556,13.9300003052,20.5900001526,11.1999998093,13.6300001144,62.2200012207
2026-07-15,14.3000001907,27.7800006866,16.3199996948,16.5100002289,5.42999982834,14,20.5499992371,11.1499996185,13.5200004578,61.9900016785
2026-07-16,14.4200000763,28,15.9899997711,16.4200000763,5.26999998093,13.8199996948,20.7600002289,11.0900001526,13.529999733,61.6699981689
2026-07-17,14.3500003815,28.0100002289,15.9399995804,16.5900001526,5.23999977112,13.779999733,20.4899997711,11.1199998856,13.6499996185,61.6899986267
2026-07-20,14.220000267,28.1100006104,16.0499992371,16.5599994659,5.13000011444,13.7600002289,20.1700000763,11.0200004578,13.5799999237,61
2026-07-21,14.25,28.4300003052,16.1499996185,16.5499992371,5.09999990463,13.75,20.8799991608,11.0200004578,13.6300001144,61.1599998474
