point,brazilian_stocks,fiis,international_equity,fixed_income,crypto,total_return,annualized_return,annualized_volatility,max_drawdown,calmar,hhi,feasible
1,0.25,0.21,0.24,0.23,0.07,0.6515108366608393,0.18198121969617764,0.08925680309989241,-0.05772293336318324,3.152667563707853,0.222,True
2,0.25,0.2,0.24,0.24,0.07,0.6541749006424302,0.18261628745987046,0.08907759809453107,-0.05805654757091738,3.1454899593676413,0.2226,True
3,0.25,0.2,0.25,0.23,0.07,0.6580658454406711,0.18354259868289913,0.09017239787682019,-0.060441765145675785,3.036684951879345,0.2228,True
4,0.24,0.2,0.26,0.23,0.07,0.6602565527904427,0.18406349940952027,0.09007619928452837,-0.062243783927038665,2.9571386538015916,0.223,True
5,0.26,0.2,0.24,0.23,0.07,0.6558636888501164,0.1830185128996018,0.0903384665068219,-0.05892667401594076,3.1058687081183622,0.223,True
6,0.25,0.19,0.25,0.24,0.07,0.6607369368109002,0.18417766260772295,0.08999713424534651,-0.06077007599597051,3.0307295093712776,0.2236,True
7,0.25,0.19,0.24,0.25,0.07,0.656841469506156,0.18325126981690976,0.08890186811057853,-0.058389110865458504,3.1384493975111463,0.2236,True
8,0.23,0.2,0.27,0.23,0.07,0.6624358250507048,0.18458122663904808,0.09005024175750778,-0.06438637681701864,2.8667745533129527,0.22360000000000002,True
9,0.24,0.19,0.26,0.24,0.07,0.662930956157878,0.18469879128035438,0.08990240611076598,-0.06256882687675935,2.9519299066314946,0.2238,True
10,0.26,0.19,0.24,0.24,0.07,0.6585314604901822,0.1836533498081081,0.0901618138951436,-0.05896651614021997,3.11453621189673,0.2238,True
11,0.25,0.19,0.26,0.23,0.07,0.6646310594104909,0.18510228867718648,0.09111113067473155,-0.06314387405628408,2.9314369991330156,0.224,True
12,0.26,0.19,0.25,0.23,0.07,0.662431842725967,0.18458028097550794,0.09124398876641446,-0.06134620072141328,3.0088298672924827,0.224,True
13,0.26,0.19,0.23,0.25,0.07,0.6546297343908223,0.18272464396178756,0.08909912117651174,-0.05801533236290135,3.149592297753226,0.224,True
14,0.24,0.19,0.27,0.23,0.07,0.6668188238065849,0.18562112202243486,0.0910474279093587,-0.06493676131654003,2.8584906031517057,0.22440000000000002,True
15,0.27,0.19,0.24,0.23,0.07,0.6602211596017076,0.18405508735188847,0.09144555933754908,-0.06051992970904119,3.04123101657192,0.22440000000000002,True
16,0.25,0.18,0.25,0.25,0.07,0.6634105362574063,0.18481264121925522,0.0898253101742062,-0.0610973558194714,3.0248877179780735,0.2248,True
17,0.24,0.22,0.24,0.24,0.06,0.6285672723732965,0.17648338054400647,0.08444772174206742,-0.055229932145780425,3.195429972250832,0.2248,True
18,0.22,0.24,0.24,0.24,0.06,0.6199583498067647,0.1744071504294309,0.08233054272648711,-0.05312528507973091,3.2829405087931116,0.2248,True
19,0.24,0.2,0.28,0.21,0.07,0.6680219116921948,0.18590624359885877,0.09238265460155268,-0.0670014360411808,2.7746605831641578,0.225,True
20,0.25,0.18,0.26,0.24,0.07,0.6673091809407863,0.18573734904488726,0.09093971622699343,-0.06346694033643463,2.9265212417725537,0.225,True
21,0.24,0.18,0.26,0.25,0.07,0.6656078692519547,0.18533399751637902,0.08973205939505226,-0.06289285042093684,2.9468213998245165,0.225,True
22,0.26,0.18,0.25,0.24,0.07,0.6651066478805328,0.18521511423027315,0.09107117183304618,-0.06167251975319965,3.0032032900790298,0.225,True
23,0.26,0.18,0.24,0.25,0.07,0.6612017385561519,0.18428810172421417,0.08998859183628106,-0.05929706849617422,3.107878793976202,0.225,True
24,0.24,0.22,0.25,0.23,0.06,0.6324545670430655,0.17741848895348244,0.08557229434213452,-0.05602785951559397,3.166611940691798,0.225,True
25,0.23,0.22,0.25,0.24,0.06,0.6307816242297186,0.17701623627422847,0.08432315913527207,-0.055561667629115075,3.1859417441507736,0.225,True
26,0.23,0.22,0.24,0.25,0.06,0.6268992521536665,0.17608167352269732,0.08318391412880945,-0.05349966518254068,3.291266831706465,0.225,True
27,0.22,0.23,0.24,0.25,0.06,0.622593392030097,0.1750434281742479,0.08213702305872592,-0.052948552113397995,3.3059152930067612,0.225,True
28,0.22,0.24,0.23,0.25,0.06,0.616088676098477,0.17347149697938358,0.08119815185522983,-0.051190151486096847,3.388767017548251,0.225,True
29,0.24,0.18,0.27,0.24,0.07,0.6695002539796586,0.18625641042618635,0.09087749173427243,-0.06526447586518835,2.853871236335697,0.2254,True
30,0.27,0.18,0.24,0.24,0.07,0.6628926406475906,0.1846896944237757,0.09127141716347735,-0.06040774901497714,3.057384150798018,0.2254,True
31,0.24,0.21,0.25,0.24,0.06,0.6351015168934269,0.1780543767980669,0.08538543711106557,-0.05591368725760226,3.1844506333081775,0.2254,True
32,0.24,0.21,0.24,0.25,0.06,0.6312096840011578,0.17711918778661184,0.08426011056075791,-0.0551155483780188,3.213597487442411,0.2254,True
33,0.24,0.19,0.28,0.22,0.07,0.6707053424964409,0.1865417002125802,0.09220974154090296,-0.0673919219628707,2.7680127644282737,0.22540000000000002,True
34,0.26,0.18,0.26,0.23,0.07,0.6690102074070086,0.1861403586980901,0.09217253217222603,-0.06404083297507457,2.906588656811164,0.22540000000000002,True
35,0.26,0.18,0.23,0.26,0.07,0.6572954828460009,0.18335931480795487,0.08892547851185886,-0.05790200867792472,3.166717683800511,0.22540000000000002,True
36,0.23,0.22,0.23,0.26,0.06,0.6230155909768964,0.17514531155854773,0.08206452596084228,-0.05270071838254864,3.3233951440127902,0.22540000000000002,True
37,0.22,0.23,0.23,0.26,0.06,0.6187191867412585,0.17410769392535563,0.08100368324553198,-0.051073800886707765,3.408943350653742,0.22540000000000002,True
38,0.25,0.18,0.27,0.23,0.07,0.6712064749846962,0.18666029673411066,0.09207215589904487,-0.06582941390943253,2.835515093464391,0.2256,True
39,0.27,0.18,0.25,0.23,0.07,0.6668024703419364,0.18561724544557778,0.09234095876614323,-0.06224748577765726,2.9819235769391046,0.2256,True
40,0.25,0.21,0.25,0.23,0.06,0.636775350268922,0.17845613463534038,0.08665966665583624,-0.057631932409633935,3.096480148659896,0.2256,True
41,0.23,0.21,0.25,0.25,0.06,0.6334273805063586,0.17765227184866417,0.08413711579829249,-0.055383032856145875,3.2077021189884154,0.2256,True
42,0.21,0.23,0.25,0.25,0.06,0.6247939615296085,0.17557426705507817,0.08209596033518067,-0.0549315599852519,3.196236682559472,0.2256,True
43,0.21,0.25,0.23,0.25,0.06,0.6118005103423219,0.17243290932473432,0.08017122430643522,-0.050496646747843044,3.4147397981847134,0.2256,True
44,0.24,0.21,0.26,0.23,0.06,0.6389920521801138,0.17898777180355707,0.08652992082416108,-0.05816165884573399,3.077418618308294,0.2258,True
45,0.23,0.21,0.26,0.24,0.06,0.6373129932872874,0.17858512298177165,0.08529618618557709,-0.05775849472982619,3.0919282750897454,0.2258,True
46,0.23,0.21,0.24,0.26,0.06,0.6295404726903913,0.17671762833676308,0.0829970800935386,-0.053384331447163924,3.3102901833970857,0.2258,True
47,0.21,0.23,0.24,0.26,0.06,0.6209259544471539,0.17464087587312815,0.08092813205106894,-0.052543431553941033,3.323743248360968,0.2258,True
48,0.21,0.24,0.23,0.26,0.06,0.6144273434859335,0.17306934286782316,0.0799736516088905,-0.05032221267340664,3.4392236285604283,0.2258,True
49,0.25,0.19,0.28,0.21,0.07,0.6724152568457498,0.18694626590514796,0.09339262452948778,-0.06787009802172128,2.7544717239883356,0.226,True
50,0.25,0.2,0.25,0.24,0.06,0.6394259920246501,0.1790917885641241,0.08647561761680218,-0.0575186242674991,3.113631294991176,0.2262,True
51,0.24,0.2,0.25,0.25,0.06,0.6377509648718676,0.17869017783670738,0.0852021979318562,-0.055919626512906384,3.1954823195298925,0.2262,True
52,0.23,0.19,0.29,0.22,0.07,0.672875417648213,0.18705509284015887,0.09224486964414952,-0.06981472088298701,2.6793073219281736,0.2264,True
53,0.22,0.19,0.29,0.23,0.07,0.6711600523385897,0.18664931148559294,0.09112850814156336,-0.06972455454380622,2.6769523693166914,0.2264,True
54,0.24,0.2,0.26,0.24,0.06,0.6416460379583409,0.1796236536416902,0.08634736815179601,-0.05831812441257922,3.08006568199826,0.22640000000000002,True
55,0.24,0.2,0.24,0.26,0.06,0.633854591657613,0.1777549083007699,0.08407616121079439,-0.055001088469627146,3.2318434643148963,0.22640000000000002,True
56,0.23,0.21,0.23,0.27,0.06,0.6256522732515148,0.17578118588905367,0.08187687646597823,-0.05258517275988073,3.342789928478926,0.22640000000000002,True
57,0.21,0.23,0.23,0.27,0.06,0.6170566659272858,0.17370568847650047,0.07977993375824782,-0.050148142673296814,3.4638508869241997,0.22640000000000002,True
58,0.25,0.18,0.28,0.22,0.07,0.6751024149770122,0.18758149056545936,0.09322197314729586,-0.06818480849961883,2.7510745383483477,0.2266,True
59,0.25,0.2,0.26,0.23,0.06,0.6433259930558213,0.18002580838259807,0.08760624213765593,-0.05889801009305795,3.0565686022016716,0.22660000000000002,True
60,0.23,0.2,0.26,0.25,0.06,0.6399657825600673,0.17922115245534398,0.08511453337859058,-0.057738037622881655,3.1040395523300295,0.22660000000000002,True
61,0.23,0.2,0.25,0.26,0.06,0.6360756344619449,0.1782882203656906,0.08395474355296219,-0.05533824223871331,3.2217904500219996,0.22660000000000002,True
62,0.2,0.23,0.26,0.25,0.06,0.6269831237374126,0.1761018787561932,0.08213302247649588,-0.056908589173691015,3.0944692411669474,0.22660000000000002,True
63,0.2,0.23,0.25,0.26,0.06,0.6231213101760564,0.17517082053219268,0.08093184161705003,-0.054527021185295066,3.21255070833455,0.22660000000000002,True
64,0.2,0.25,0.23,0.26,0.06,0.6101400604883318,0.1720302559371787,0.07897593381164483,-0.05009011351308257,3.4344153740487675,0.22660000000000002,True
65,0.24,0.2,0.27,0.23,0.06,0.645539807504909,0.18055534223419745,0.08751091938673695,-0.060709360716840854,2.9740939470000245,0.227,True
66,0.23,0.2,0.27,0.24,0.06,0.6438546296888201,0.18015229894932672,0.0862925645436765,-0.06013056622546453,2.9960186683396723,0.227,True
67,0.23,0.2,0.24,0.27,0.06,0.6321841888065935,0.17735349617095908,0.08281396283272825,-0.05326892068876954,3.3293990919615117,0.227,True
68,0.2,0.23,0.24,0.27,0.06,0.619258214335701,0.1742379742653184,0.07974929624664512,-0.05213832321487555,3.341840771273724,0.227,True
69,0.2,0.24,0.23,0.27,0.06,0.6127657056340825,0.17266683877338074,0.07877912535481582,-0.049916106765887314,3.459140745555527,0.227,True
70,0.25,0.19,0.25,0.25,0.06,0.6420791334522475,0.1797273561099184,0.08629513945083842,-0.05740524088435972,3.1308527469115774,0.2272,True
71,0.24,0.18,0.29,0.22,0.07,0.6772809655797694,0.18809598558857132,0.09321952639170165,-0.07028938412129249,2.676022673125004,0.2274,True
72,0.22,0.18,0.29,0.24,0.07,0.6738480765983343,0.18728505870341783,0.09096174675389448,-0.07010901946551085,2.6713404370966862,0.2274,True
73,0.26,0.18,0.28,0.21,0.07,0.6768132634177964,0.18798556879435524,0.0944289563559583,-0.06875617362304731,2.734090029863759,0.22740000000000002,True
74,0.24,0.17,0.28,0.24,0.07,0.6760797469764275,0.1878123562534224,0.09187401896211603,-0.06816905256589678,2.7550970592098283,0.22740000000000002,True
75,0.28,0.17,0.24,0.24,0.07,0.6672584418372514,0.18572532365338268,0.09240525174224583,-0.06199263844936875,2.9959254566180484,0.22740000000000002,True
76,0.25,0.19,0.26,0.24,0.06,0.6459836768652798,0.1806614564933744,0.08742637548472763,-0.0592300813249802,3.050163910836649,0.22740000000000002,True
77,0.24,0.19,0.26,0.25,0.06,0.6443025250587902,0.1802594487696738,0.08616839512893482,-0.05865116892694899,3.0734161324932834,0.22740000000000002,True
78,0.24,0.19,0.25,0.26,0.06,0.6404029120730561,0.17932589224236084,0.08502258218721971,-0.05625696955228787,3.1876209058094913,0.22740000000000002,True
79,0.22,0.21,0.23,0.28,0.06,0.6239876816460881,0.17537982548069064,0.0806261704369374,-0.05084086600946214,3.449583755084939,0.22740000000000002,True
80,0.21,0.22,0.23,0.28,0.06,0.6196884787610599,0.17434194632695044,0.07959007927897926,-0.04997443560887638,3.4886226168001806,0.22740000000000002,True
81,0.21,0.23,0.22,0.28,0.06,0.6131860993821041,0.17276869827516284,0.07865222839365851,-0.04851847443214585,3.56088480310286,0.22740000000000002,True
82,0.25,0.17,0.28,0.23,0.07,0.6777920885776656,0.18821662985537801,0.09305464836317932,-0.06849853663897154,2.7477467270197726,0.22760000000000002,True
83,0.23,0.17,0.28,0.25,0.07,0.6743671268024392,0.18740774134289162,0.09071981790796693,-0.0680795682117531,2.7527751169041346,0.22760000000000002,True
84,0.28,0.17,0.25,0.23,0.07,0.6711777290111849,0.1866534944387681,0.09346217539528955,-0.06314563674761131,2.955920694644494,0.22760000000000002,True
85,0.24,0.19,0.27,0.24,0.06,0.6482008319824253,0.18119121835645657,0.08733256480754745,-0.0610381311504663,2.96849223495717,0.2278,True
86,0.24,0.19,0.24,0.27,0.06,0.6365019964373293,0.17839054225934348,0.08389587950290826,-0.054886552344556416,3.2501684773253214,0.2278,True
87,0.21,0.21,0.24,0.28,0.06,0.6262011360961339,0.1759134656733179,0.08055412998214188,-0.05233547633059299,3.3612661622129294,0.2278,True
88,0.19,0.24,0.24,0.27,0.06,0.6149587032438759,0.1731979976296809,0.07879300600996501,-0.051908684375305825,3.3365900082814512,0.2278,True
89,0.21,0.24,0.21,0.28,0.06,0.6066940015448856,0.17119371410667195,0.07774169943428089,-0.047835449422655496,3.578804342237294,0.2278,True
90,0.26,0.19,0.26,0.23,0.06,0.6476645271426631,0.1810631185176672,0.08870915819516402,-0.05991003166172559,3.0222504227675455,0.22780000000000003,True
91,0.23,0.19,0.26,0.26,0.06,0.6426210727059578,0.1798570949679119,0.08493651174347852,-0.05807205607437094,3.097136680292066,0.22780000000000003,True
92,0.25,0.18,0.29,0.21,0.07,0.67899699750561,0.188500936775716,0.09438853479992175,-0.07053315587689168,2.6725152792641924,0.22799999999999998,True
93,0.25,0.19,0.27,0.23,0.06,0.6498869116456729,0.18159376831967222,0.0885760939293177,-0.06161575624753757,2.9471969408300414,0.228,True
94,0.23,0.19,0.27,0.25,0.06,0.6465144547291792,0.1807883226118998,0.08611519058527474,-0.06046030634693056,2.9901985870615433,0.228,True
95,0.23,0.19,0.25,0.27,0.06,0.6387263871911615,0.1789240819989113,0.08377604813951499,-0.05567656348981731,3.2136337227716063,0.228,True
96,0.22,0.2,0.24,0.28,0.06,0.6305134807248574,0.17695173661737873,0.08157904339440634,-0.05260794988729567,3.3635930880498144,0.228,True
97,0.2,0.22,0.24,0.28,0.06,0.6218933669882063,0.1748744619364535,0.07956130551394022,-0.05206241842346049,3.358938505585272,0.228,True
98,0.2,0.24,0.22,0.28,0.06,0.6089045846096128,0.17173047760841254,0.07763748403699085,-0.04751079926874713,3.6145566955632717,0.228,True
99,0.24,0.17,0.29,0.23,0.07,0.6799739394639626,0.18873135340451608,0.0930536796557772,-0.07067256020558788,2.6705039813966387,0.2284,True
100,0.23,0.17,0.29,0.24,0.07,0.6782564155885942,0.18832620726738658,0.09191224418803902,-0.07058236238525206,2.6681765940259417,0.2284,True
101,0.25,0.18,0.26,0.25,0.06,0.6486438635407525,0.1812970183159679,0.08725004211335004,-0.05956110552598781,3.0438826934947345,0.2286,True
102,0.26,0.18,0.25,0.25,0.06,0.6464118869700908,0.18076380907041245,0.08741463548641168,-0.059001735952490364,3.063703230968795,0.2286,True
103,0.25,0.18,0.25,0.26,0.06,0.644734775646375,0.18036283744455917,0.086118236926156,-0.057291782185247664,3.148144996805522,0.2286,True
104,0.27,0.18,0.28,0.2,0.07,0.6785238315659026,0.1883893060983004,0.09566002000485861,-0.06932734302769528,2.717388231985778,0.22860000000000003,True
105,0.21,0.2,0.28,0.25,0.06,0.6443610978760812,0.18027345968114727,0.08516365904952614,-0.061836868734125194,2.9153070550233386,0.22860000000000003,True
106,0.2,0.21,0.28,0.25,0.06,0.6400118764896616,0.17923219781366706,0.08422299361779316,-0.06138239087949282,2.919928586123982,0.22860000000000003,True
107,0.21,0.2,0.25,0.28,0.06,0.6327240678017338,0.1774832636683965,0.08154328780278296,-0.0548757912636747,3.2342725194722144,0.22860000000000003,True
108,0.2,0.21,0.25,0.28,0.06,0.6284031631032732,0.17644387050415067,0.08056158895428234,-0.05460623675971321,3.2312036311999712,0.22860000000000003,True
109,0.2,0.25,0.21,0.28,0.06,0.6024256055173156,0.17015588710230922,0.07671622165253972,-0.04618619535539781,3.684128683754485,0.22860000000000003,True
110,0.21,0.21,0.23,0.29,0.06,0.6223227830819131,0.1749781165948574,0.07940409637130127,-0.05005706971938406,3.4955725050581417,0.22879999999999998,True
111,0.21,0.23,0.21,0.29,0.06,0.6093142582237252,0.1718298986340352,0.07754591424949238,-0.04771770441704126,3.6009674131069507,0.22879999999999998,True
112,0.26,0.18,0.26,0.24,0.06,0.6503259107307002,0.1816985339380761,0.08853193419780751,-0.06013884819234294,3.0213171585353127,0.2288,True
113,0.24,0.18,0.26,0.26,0.06,0.646961514576142,0.18089515736007877,0.08599300646277062,-0.05898316316012808,3.066894816559478,0.2288,True
114,0.24,0.18,0.3,0.21,0.07,0.681169285627947,0.18901316025624837,0.09441486401838775,-0.0727892940173539,2.59671649255432,0.22899999999999998,True
115,0.26,0.18,0.29,0.2,0.07,0.6807127530778732,0.18890554695536643,0.09558275534798723,-0.07110326472419803,2.6567774023894803,0.229,True
116,0.25,0.16,0.28,0.24,0.07,0.6804842787423859,0.18885168394357987,0.09289065225478306,-0.06881128703202499,2.7444870178883254,0.229,True
117,0.24,0.16,0.28,0.25,0.07,0.6787707228414852,0.18844755601959662,0.09171121417378215,-0.06855570982214632,2.748823642968398,0.229,True
118,0.28,0.16,0.25,0.24,0.07,0.6738599669764547,0.1872878693955149,0.09329413135248807,-0.0634680076496924,2.950901979297007,0.229,True
119,0.28,0.16,0.24,0.25,0.07,0.6699361435497744,0.18635961773022802,0.09223691725696097,-0.061881232091699045,3.0115692824937614,0.229,True
120,0.25,0.18,0.27,0.24,0.06,0.6525516402802793,0.18222941090368727,0.08840030757704065,-0.0619425256357552,2.941911215814207,0.229,True
121,0.24,0.18,0.27,0.25,0.06,0.6508643609763229,0.1818270078643116,0.08715775087753036,-0.06136586634608754,2.9629991180904143,0.229,True
122,0.22,0.19,0.28,0.25,0.06,0.6487149366146865,0.18131398944696087,0.08613581491952203,-0.06232634239114232,2.909106847776917,0.229,True
123,0.24,0.18,0.25,0.27,0.06,0.6430573595916491,0.1799615201875,0.08484659498489049,-0.056593247144549275,3.179911548949402,0.229,True
124,0.25,0.18,0.24,0.27,0.06,0.6408243800092686,0.17942686176854195,0.08500563080413488,-0.056494782651518416,3.175989947165846,0.229,True
125,0.22,0.19,0.25,0.28,0.06,0.6370495597893404,0.178521924999689,0.08255691685151804,-0.05514477057416134,3.2373319018455997,0.229,True
126,0.22,0.2,0.23,0.29,0.06,0.6266256680974651,0.17601576043963063,0.08044314139802117,-0.05072428157511244,3.4700493525765714,0.229,True
127,0.19,0.22,0.25,0.28,0.06,0.6240868449713668,0.1754037430704889,0.07961329830160979,-0.054336105215286756,3.228125062985584,0.229,True
128,0.2,0.22,0.23,0.29,0.06,0.6180244635661112,0.1739397400518441,0.0783972563714152,-0.04978118863309411,3.4940857144622384,0.229,True
129,0.2,0.23,0.22,0.29,0.06,0.6115281894664244,0.17236689141339245,0.07744352334400331,-0.04733940886816568,3.641086687275979,0.229,True
130,0.21,0.2,0.24,0.29,0.06,0.6288424683951339,0.17654962925795736,0.0803728690429308,-0.05260744586202759,3.3559817695957004,0.2294,True
131,0.2,0.21,0.24,0.29,0.06,0.6245310127781574,0.17551086169252095,0.0793771935366959,-0.052335091920749144,3.3535980400740764,0.2294,True
132,0.2,0.24,0.21,0.29,0.06,0.6050421940647057,0.17079230837859782,0.07651715068953553,-0.04606754916752842,3.707432052820904,0.2294,True
133,0.26,0.16,0.28,0.23,0.07,0.6821975548422208,0.18925547128730447,0.09409540330736393,-0.0693807647944632,2.7277801253411327,0.22940000000000002,True
134,0.28,0.16,0.26,0.23,0.07,0.6777824304197513,0.1882143503937279,0.09437019793299085,-0.06582542231137523,2.859295752079099,0.22940000000000002,True
135,0.23,0.16,0.28,0.26,0.07,0.67705688812229,0.18804308714528095,0.09055826177442164,-0.06846623869851864,2.7465082166014985,0.22940000000000002,True
136,0.28,0.16,0.23,0.26,0.07,0.6660109635518154,0.18542958901471351,0.09119921178782313,-0.06108584084299251,3.0355576096810846,0.22940000000000002,True
137,0.26,0.16,0.23,0.28,0.07,0.662634497114297,0.18462840242324274,0.08858861188908594,-0.05767513519390444,3.201178494034215,0.22940000000000002,True
138,0.23,0.18,0.27,0.26,0.06,0.649176783836793,0.181424259409815,0.08594140727195528,-0.06078900799781828,2.9844911997301606,0.22940000000000002,True
139,0.23,0.18,0.26,0.27,0.06,0.6452788648196182,0.18049295069268245,0.08476212630247516,-0.05840502099120359,3.0903670203263274,0.22940000000000002,True
140,0.23,0.17,0.3,0.23,0.07,0.6821443461178001,0.1892429351061755,0.09312051750486738,-0.07307684236397627,2.589643024853303,0.2296,True
141,0.21,0.25,0.23,0.26,0.05,0.5931935837878277,0.1679048723813148,0.07650126264525466,-0.0491002007674366,3.41963718593733,0.2296,True
142,0.2,0.2,0.28,0.26,0.06,0.6426701229449248,0.17986883605997073,0.08404596288858973,-0.0617486494610856,2.9129193533750923,0.22960000000000003,True
143,0.2,0.2,0.26,0.28,0.06,0.6349232243880418,0.17801156641029436,0.08158599144428412,-0.057135428971681335,3.1156074193216297,0.22960000000000003,True
144,0.25,0.18,0.3,0.2,0.07,0.6828902191583806,0.1894186415602872,0.09557123030858436,-0.07288028113442813,2.5990382941978964,0.2298,True
145,0.24,0.16,0.29,0.24,0.07,0.682669431562587,0.1893666356992778,0.09289116510886194,-0.07105448398645309,2.6650905766254183,0.2298,True
146,0.22,0.19,0.29,0.24,0.06,0.652600784615434,0.18224112734034104,0.08736292615099965,-0.06486270388563886,2.8096443167348553,0.2298,True
147,0.21,0.19,0.28,0.26,0.06,0.6470230507124985,0.180909861254533,0.08498911079654965,-0.06223806787967212,2.906739675857143,0.2298,True
148,0.21,0.19,0.26,0.28,0.06,0.6392572702922341,0.17905134760976416,0.08255649109461936,-0.057401515771349,3.1192790852943753,0.2298,True
149,0.22,0.19,0.24,0.29,0.06,0.6331585012802501,0.17758766508344714,0.08140059961029365,-0.052911131758319296,3.3563384335570325,0.2298,True
150,0.19,0.21,0.26,0.28,0.06,0.6305937768187748,0.17697105190680196,0.08064869684287009,-0.05686877419423275,3.1119195800205794,0.2298,True
151,0.19,0.22,0.24,0.29,0.06,0.6202241337067038,0.1744713599497838,0.0784150955135083,-0.05206215414341819,3.3512128497249445,0.2298,True
152,0.21,0.26,0.19,0.28,0.06,0.5937406648381074,0.168038507484924,0.07600722983098045,-0.046472719317343314,3.6158526970943385,0.2298,True
153,0.25,0.16,0.29,0.23,0.07,0.6843878966037935,0.1897712949898991,0.09405780413924146,-0.07115139232681378,2.6671480175431896,0.23,True
154,0.23,0.16,0.29,0.25,0.07,0.6809506906594103,0.1889616357459718,0.09175099169313679,-0.07096430216794536,2.6627702939820628,0.23,True
155,0.29,0.16,0.25,0.23,0.07,0.675557619456284,0.18768903028833828,0.09460654307570199,-0.06436275474562048,2.9161124477990037,0.23,True
156,0.21,0.24,0.23,0.27,0.05,0.5958023311311034,0.1685418346292331,0.07629619556323412,-0.048983371405413534,3.4407969438095116,0.23,True
157,0.2,0.2,0.25,0.29,0.06,0.6310478335169372,0.1770802636769515,0.0803822109533402,-0.054874290960177374,3.2270168885728254,0.23020000000000002,True
158,0.2,0.25,0.24,0.26,0.05,0.5954171532298456,0.1684478317508642,0.07643252606690294,-0.04890757760604236,3.4442072168802946,0.23020000000000002,True
159,0.21,0.19,0.25,0.29,0.06,0.6353724308503161,0.17811942086363297,0.08136662670226406,-0.05514315372409595,3.2301275649709527,0.2304,True
160,0.19,0.21,0.25,0.29,0.06,0.6267278244974532,0.17604037327681166,0.0794311773845035,-0.05460485350509059,3.223896082065308,0.2304,True
161,0.21,0.25,0.19,0.29,0.06,0.5963468849606632,0.1686747074816095,0.07580118495937863,-0.04635470898446814,3.6387825784458396,0.2304,True
162,0.22,0.18,0.28,0.26,0.06,0.6513805975796154,0.1819501553969729,0.08596372567628097,-0.06272620975858223,2.9007038062279604,0.23040000000000002,True
163,0.22,0.18,0.26,0.28,0.06,0.6435959152539303,0.180090397934896,0.08355875629169053,-0.057826678915586016,3.1143133465746424,0.23040000000000002,True
164,0.21,0.2,0.23,0.3,0.06,0.6249595799845036,0.17561419945541523,0.07922199290179104,-0.05033285867528936,3.4890567330647575,0.2306,True
165,0.2,0.21,0.23,0.3,0.06,0.6206575785417305,0.17457605884728933,0.07821221351628042,-0.050057690893053564,3.487497240339446,0.2306,True
166,0.21,0.23,0.2,0.3,0.06,0.6054411458642777,0.1708892828725752,0.0764619251226516,-0.04691769701679549,3.6423203553959747,0.2306,True
167,0.2,0.24,0.24,0.27,0.05,0.5980292707667696,0.1690850241123545,0.07622935479141409,-0.04873417727828555,3.469536853917375,0.2306,True
168,0.28,0.17,0.28,0.2,0.07,0.6829274321174379,0.18942740651403378,0.0967436180544002,-0.07020921112890965,2.698042086902673,0.23060000000000003,True
169,0.2,0.26,0.23,0.26,0.05,0.5889470509812718,0.16686653287177822,0.07545913932381257,-0.04746158119487576,3.515823296881524,0.23060000000000003,True
170,0.25,0.15,0.28,0.25,0.07,0.6831789865658253,0.18948665299826994,0.09272998668073643,-0.06912306424244496,2.7412941696805713,0.2308,True
171,0.28,0.15,0.25,0.25,0.07,0.6765447176493575,0.18792216027138187,0.09312939582647352,-0.06378937144285557,2.945979181496218,0.2308,True
172,0.25,0.15,0.25,0.28,0.07,0.6714463940012096,0.18671706686056377,0.08933050527689447,-0.062073057469033355,3.008021104062936,0.2308,True
173,0.2,0.25,0.23,0.27,0.05,0.5915521411605571,0.16750373463946122,0.07525053444653047,-0.04734386068269336,3.5380244074749174,0.2308,True
174,0.22,0.18,0.29,0.25,0.06,0.65527097504731,0.1828773750483912,0.08719140895492232,-0.0652577179548548,2.80238691728242,0.23099999999999998,True
175,0.22,0.18,0.25,0.29,0.06,0.6397016172201824,0.17915784726742956,0.08238294140106761,-0.055434184238280504,3.231901934325043,0.23099999999999998,True
176,0.18,0.22,0.25,0.29,0.06,0.6224124030692852,0.17499974721954525,0.07851504293597626,-0.05433483951427043,3.2207649600875983,0.23099999999999998,True
177,0.24,0.16,0.3,0.23,0.07,0.6865667769339716,0.19028397600103086,0.09408708118985065,-0.07354496800145827,2.5873146888480236,0.231,True
178,0.26,0.15,0.28,0.24,0.07,0.6848934771688786,0.18989029526462886,0.09393355760697451,-0.06969160297758548,2.7247227377694587,0.231,True
179,0.23,0.16,0.3,0.24,0.07,0.6848431324173627,0.18987844651093377,0.09295954704184381,-0.07345408069131387,2.5849952068542787,0.231,True
180,0.24,0.15,0.28,0.26,0.07,0.6814642159161568,0.1890826705082016,0.09155178315800847,-0.06894110336299175,2.742669630809869,0.231,True
181,0.28,0.15,0.26,0.24,0.07,0.6804717169226882,0.18884872234269157,0.0942057037679765,-0.06614262883487743,2.8551741240002007,0.231,True
182,0.28,0.15,0.24,0.26,0.07,0.6726163558704388,0.18699382780171336,0.09207192668377802,-0.06176975205651347,3.027271788797723,0.231,True
183,0.26,0.15,0.24,0.28,0.07,0.6692276222561937,0.18619184919752452,0.08948953936839045,-0.06028251813494001,3.088654139841031,0.231,True
184,0.24,0.17,0.28,0.25,0.06,0.6574364690388514,0.18339286234371355,0.08816933991553778,-0.06406387411200709,2.8626564485169244,0.231,True
185,0.24,0.17,0.25,0.28,0.06,0.6457143085223336,0.18059706184412572,0.08467424115117089,-0.05692846432931131,3.1723508436734686,0.231,True
186,0.25,0.17,0.24,0.28,0.06,0.6434779749615536,0.1800621769293984,0.08483176127790606,-0.05638103746270229,3.193665548430442,0.231,True
187,0.22,0.19,0.23,0.3,0.06,0.6292661486743762,0.17665160841832583,0.08026394017478873,-0.050879606418656964,3.471953123315626,0.231,True
188,0.19,0.22,0.23,0.3,0.06,0.6163601436234809,0.17353718415572428,0.07723616967924973,-0.04978193242951934,3.485947123515467,0.231,True
189,0.21,0.24,0.22,0.28,0.05,0.5919266037767423,0.1675952705452992,0.0751506746415619,-0.04818611440866094,3.478082277478172,0.231,True
190,0.2,0.19,0.28,0.27,0.06,0.6453308731248997,0.18050538643388303,0.08387262059129184,-0.06214985482267665,2.9043573303412114,0.23100000000000004,True
191,0.2,0.19,0.27,0.28,0.06,0.6414535472569061,0.17957755688690402,0.08263345869840526,-0.05965012084091381,3.010514553119436,0.23100000000000004,True
192,0.19,0.2,0.27,0.28,0.06,0.6371109646350677,0.1785366566948503,0.08170720342617667,-0.05938690744475872,3.006330256562422,0.23100000000000004,True
193,0.2,0.2,0.24,0.3,0.06,0.6271711528002031,0.17614717370945998,0.0791969680309792,-0.05260694228061891,3.3483636583522727,0.23120000000000002,True
194,0.21,0.19,0.24,0.3,0.06,0.6314862964700372,0.17718570553219304,0.08019544424889298,-0.05287859525793226,3.3508020526625772,0.2314,True
195,0.19,0.21,0.24,0.3,0.06,0.6228605874232589,0.17510790876556315,0.07823204044379047,-0.052334707849789996,3.3459231160352374,0.2314,True
196,0.21,0.24,0.19,0.3,0.06,0.5989555848883625,0.1693108196826565,0.07559918126483223,-0.04623661961932979,3.661833868405769,0.2314,True
197,0.28,0.16,0.28,0.21,0.07,0.6856232637077182,0.19006202570871444,0.09657635863304236,-0.07051913702534673,2.6951836583082454,0.23140000000000002,True
198,0.23,0.17,0.28,0.26,0.06,0.6557427642688589,0.18298972090221333,0.08696848103680853,-0.06348925353351187,2.8822156619879755,0.23140000000000002,True
199,0.21,0.18,0.28,0.27,0.06,0.649687508817415,0.1815461753836105,0.08481820627504337,-0.06263794200923956,2.898341956331054,0.23140000000000002,True
200,0.23,0.17,0.26,0.28,0.06,0.6479391599957243,0.18112871980238454,0.08459138179232835,-0.05873693734999719,3.0837276843885904,0.23140000000000002,True
201,0.21,0.18,0.27,0.28,0.06,0.6458007399820271,0.18061772473905968,0.0835927105184317,-0.0600986512660856,3.00535404595651,0.23140000000000002,True
202,0.2,0.19,0.26,0.29,0.06,0.6375749221968567,0.17864795329024896,0.08141121864428667,-0.057398912377709777,3.11239265501527,0.23140000000000002,True
203,0.19,0.2,0.26,0.29,0.06,0.6332417776141399,0.1776076756229521,0.0804713119823213,-0.05713293959300869,3.1086738558904083,0.23140000000000002,True
204,0.21,0.27,0.18,0.28,0.06,0.5872794331397664,0.1664582699176842,0.07518565937115919,-0.04579300884694859,3.635014909678208,0.23140000000000002,True
205,0.25,0.15,0.29,0.24,0.07,0.687087125242863,0.1904063463505663,0.093897376273565,-0.07152538898988692,2.6620805428613346,0.2316,True
206,0.24,0.15,0.29,0.25,0.07,0.6853674429702885,0.19000183264176274,0.09273198452253441,-0.07143516159307606,2.6597802595322877,0.2316,True
207,0.29,0.15,0.25,0.24,0.07,0.6782435764479264,0.18832317760598327,0.09444082078967123,-0.06436108436705434,2.9260410923465363,0.2316,True
208,0.29,0.15,0.24,0.25,0.07,0.6743102809385579,0.1873943064983974,0.09339624127971335,-0.06345781993284128,2.9530530153213688,0.2316,True
209,0.19,0.24,0.25,0.27,0.05,0.600244796510673,0.16962492895175907,0.07624721526792057,-0.050735792749012965,3.3432990746963154,0.2316,True
210,0.19,0.25,0.24,0.27,0.05,0.5937704631252934,0.1680457854132058,0.07522984942418919,-0.048499593275792674,3.4648906117132645,0.2316,True
211,0.21,0.25,0.21,0.28,0.05,0.5854500028314162,0.1660100632619541,0.07423501166177666,-0.04750686323927544,3.4944437906965047,0.2316,True
212,0.27,0.15,0.28,0.23,0.07,0.6866076867425426,0.19029359767533638,0.09516136095202112,-0.07025994787081158,2.70842213013356,0.23160000000000003,True
213,0.28,0.15,0.27,0.23,0.07,0.6843973502783018,0.18977352035297557,0.09530021248765645,-0.06848886089003114,2.770866939336086,0.23160000000000003,True
214,0.23,0.15,0.28,0.27,0.07,0.6797491662026232,0.18867834742524559,0.09040012308164681,-0.06885164586124959,2.7403607432343993,0.23160000000000003,True
215,0.27,0.15,0.23,0.28,0.07,0.6669973484543121,0.18566343951050013,0.08971831140507337,-0.05927338600560317,3.1323238306809262,0.23160000000000003,True
216,0.21,0.18,0.29,0.26,0.06,0.6535729699558819,0.1824728570381895,0.0860600640573946,-0.06516871960546289,2.800006784587699,0.2318,True
217,0.21,0.18,0.26,0.29,0.06,0.6419126668618362,0.17968749870667744,0.08238430646734086,-0.057664319487855,3.116095018593299,0.2318,True
218,0.24,0.17,0.24,0.29,0.06,0.6418043017452093,0.17966155119878358,0.0835463408197979,-0.05465725113966369,3.2870579374674542,0.2318,True
219,0.18,0.21,0.26,0.29,0.06,0.6289132323911053,0.1765666632679237,0.07956606198191929,-0.05686639932335125,3.1049383356230806,0.2318,True
220,0.2,0.22,0.25,0.28,0.05,0.6071383750539696,0.1713016543401671,0.07704088495447492,-0.05079254448302706,3.372574776154591,0.2318,True
221,0.2,0.25,0.22,0.28,0.05,0.5876858981655384,0.16655780624205296,0.07408949423406333,-0.04654504761739142,3.5784216531732396,0.2318,True
222,0.22,0.18,0.24,0.3,0.06,0.6358060191553314,0.17822350666521203,0.08122594125725563,-0.05326744670077466,3.345824095274688,0.23199999999999998,True
223,0.21,0.22,0.23,0.29,0.05,0.6010272728763415,0.1698154927107427,0.07589811966443029,-0.04874947848335531,3.4834319872513784,0.23199999999999998,True
224,0.21,0.23,0.22,0.29,0.05,0.5945332790903148,0.16823206456607664,0.07494833757237217,-0.04806899631013406,3.499803979277375,0.23199999999999998,True
225,0.26,0.15,0.29,0.23,0.07,0.688806530425174,0.19081052012291666,0.09508814010125247,-0.07202636450141875,2.649176054403775,0.232,True
226,0.23,0.15,0.29,0.26,0.07,0.6836474845901832,0.18959697862740033,0.09159311531929791,-0.07134499615205347,2.657467080428783,0.232,True
227,0.29,0.15,0.26,0.23,0.07,0.6821755068811632,0.18925027673454098,0.09550427490931865,-0.06671308501217355,2.8367789722212264,0.232,True
228,0.26,0.15,0.23,0.29,0.07,0.665307765116748,0.18526281952713308,0.08842539407528242,-0.05791257942278205,3.199008253019604,0.232,True
229,0.23,0.17,0.29,0.25,0.06,0.6596425950711746,0.18391756037376616,0.08818245870921868,-0.06585470199863996,2.7927779610568195,0.232,True
230,0.23,0.17,0.25,0.29,0.06,0.6440353933491343,0.18019554530591497,0.0834297093096627,-0.05635000488309594,3.1977911213982986,0.232,True
231,0.19,0.26,0.23,0.27,0.05,0.5873064643071642,0.1664648899151684,0.07423919399109304,-0.046251927261677483,3.5990908870319576,0.232,True
232,0.2,0.19,0.25,0.3,0.06,0.6336950013568583,0.17771656920852386,0.08020667436846822,-0.0551415382937781,3.222916420316415,0.23220000000000002,True
233,0.19,0.2,0.25,0.3,0.06,0.6293712999060146,0.17667691541156993,0.07925294677847608,-0.054872791975497326,3.2197544365969666,0.23220000000000002,True
234,0.21,0.21,0.24,0.29,0.05,0.6075316215884845,0.17139715901652064,0.07687533497862752,-0.04943106233137662,3.467397845255804,0.23239999999999997,True
235,0.21,0.24,0.21,0.29,0.05,0.5880496438160281,0.1666468669184331,0.07402723249474578,-0.04738961314284185,3.5165272697231322,0.23239999999999997,True
236,0.23,0.16,0.31,0.23,0.07,0.6887342099840386,0.19079352557170925,0.0941833220590124,-0.07593561541651239,2.512569688481391,0.23240000000000002,True
237,0.24,0.15,0.3,0.24,0.07,0.6892693041525166,0.19091925564882595,0.09392813101359965,-0.07392095879687921,2.5827486379530855,0.2326,True
238,0.21,0.18,0.3,0.25,0.06,0.6574571199853017,0.1833977760577934,0.0873175870375345,-0.06769102679447592,2.7093365951535544,0.2326,True
239,0.25,0.16,0.25,0.28,0.06,0.6500535667128968,0.1816335421653461,0.08577517653622653,-0.057839917872678503,3.140280084165598,0.2326,True
240,0.21,0.18,0.25,0.3,0.06,0.6380232928689396,0.1787554908453497,0.0811937576317024,-0.055409712256836885,3.226067841983667,0.2326,True
241,0.18,0.21,0.25,0.3,0.06,0.6250521877938255,0.17563652701673194,0.07833409750949964,-0.0546034714676934,3.216581698851304,0.2326,True
242,0.2,0.22,0.24,0.29,0.05,0.6032609578504122,0.1703591414042438,0.0758351003267089,-0.04838846516462103,3.520656024626319,0.2326,True
243,0.2,0.24,0.22,0.29,0.05,0.590288919353404,0.1671948390970679,0.0738835539967701,-0.046427036828718404,3.6012386427739034,0.2326,True
244,0.28,0.15,0.28,0.22,0.07,0.6883216143040956,0.19069656059735163,0.09641230311640377,-0.07082809902123777,2.6923856948380243,0.23260000000000003,True
245,0.2,0.2,0.23,0.31,0.06,0.6232931856499739,0.1752122899815074,0.07803110961862113,-0.050333357309549576,3.481037215617345,0.23260000000000003,True
246,0.2,0.26,0.21,0.28,0.05,0.5812224346721122,0.16497299702969093,0.07316197450238765,-0.04586513664629377,3.596914979278099,0.23260000000000003,True
247,0.25,0.15,0.3,0.23,0.07,0.6909938954774659,0.1913242990343358,0.09508084121532225,-0.07401188933675751,2.5850481692718503,0.2328,True
248,0.23,0.15,0.3,0.25,0.07,0.6875444396763786,0.1905138722440527,0.09280191195166357,-0.073830090592239,2.580436658221837,0.2328,True
249,0.3,0.15,0.25,0.23,0.07,0.6799421423998442,0.18872385531525482,0.09577300365551852,-0.06592788435690988,2.86258018372881,0.2328,True
250,0.24,0.16,0.28,0.26,0.06,0.6601095515028244,0.18402856017230107,0.08800208185174098,-0.06438534818016262,2.858236623297488,0.2328,True
251,0.24,0.16,0.26,0.28,0.06,0.6522870052401948,0.1821663156160236,0.08565299967151449,-0.05964402059329077,3.0542259526433586,0.2328,True
252,0.19,0.19,0.29,0.27,0.06,0.6475095201644947,0.1810260889315929,0.08405709419204566,-0.06459586542334461,2.8024408024444702,0.2328,True
253,0.19,0.19,0.27,0.29,0.06,0.6397659894711452,0.17917327420787488,0.08153441966317947,-0.059646538023210516,3.003917413247897,0.2328,True
254,0.21,0.19,0.23,0.31,0.06,0.6275988705635054,0.1762501950833324,0.07904377639412419,-0.05060781483553045,3.4826675614453055,0.2328,True
255,0.18,0.25,0.25,0.27,0.05,0.5959773883971997,0.16858455245110515,0.07529527068512017,-0.050503632696169976,3.3380678468281753,0.2328,True
256,0.28,0.16,0.29,0.2,0.07,0.6895416267281531,0.19098323258010863,0.09770523551777036,-0.0728555000226071,2.6213975955260267,0.233,True
257,0.26,0.14,0.28,0.25,0.07,0.687591918698037,0.19052503461884496,0.09377500116777568,-0.07000147559521375,2.721728834982899,0.233,True
258,0.25,0.14,0.28,0.26,0.07,0.6858762131426543,0.19012153718719493,0.092572653276889,-0.0694338728055428,2.7381669710351777,0.233,True
259,0.28,0.14,0.26,0.25,0.07,0.6831635193274026,0.18948301030122328,0.09404448453469252,-0.06645884740567165,2.8511329596885644,0.233,True
260,0.28,0.14,0.25,0.26,0.07,0.6792319821245607,0.18855636723201985,0.09296797059873307,-0.06410973283915622,2.9411504132311017,0.233,True
261,0.25,0.14,0.26,0.28,0.07,0.6780467907128576,0.18827673999858296,0.09028811923735569,-0.064749138270351,2.907787578769924,0.233,True
262,0.26,0.14,0.25,0.28,0.07,0.6758309756460432,0.18775359992496554,0.09041388793840612,-0.06296761386698824,2.9817486862623253,0.233,True
263,0.2,0.18,0.29,0.27,0.06,0.6518746758898177,0.1820679930628999,0.084958932710749,-0.06507978300853268,2.7976121714946216,0.233,True
264,0.2,0.18,0.27,0.29,0.06,0.6441122752322899,0.18021393776169514,0.08246316168753544,-0.060011180479800585,3.003006045221092,0.233,True
265,0.23,0.17,0.24,0.3,0.06,0.6401303215786915,0.1792605795269644,0.08228697215776092,-0.05398337791448382,3.3206625159865832,0.233,True
266,0.24,0.17,0.23,0.3,0.06,0.6378929906858104,0.17872424109619045,0.08243829041308894,-0.05385902127400877,3.3183714978207193,0.233,True
267,0.18,0.2,0.27,0.29,0.06,0.6354243148380403,0.17813187693443555,0.08064008691565758,-0.05938343613550001,2.999689619306932,0.233,True
268,0.19,0.22,0.26,0.28,0.05,0.6093544561328434,0.171839653094068,0.07709823410509166,-0.052783869131688865,3.2555334787101433,0.233,True
269,0.19,0.26,0.22,0.28,0.05,0.5834496956504642,0.16551959730642873,0.07306275394988293,-0.04489433670552301,3.6868703148935515,0.233,True
270,0.2,0.21,0.25,0.29,0.05,0.6097624974796838,0.17193865957423715,0.07685097967788201,-0.050617979835225646,3.3967902341014216,0.2332,True
271,0.2,0.25,0.21,0.29,0.05,0.5838184276569007,0.16561003971192534,0.0729504126375092,-0.045746993975420036,3.620129440655882,0.2332,True
272,0.24,0.16,0.25,0.29,0.06,0.6483737599597561,0.18123251738375168,0.08450552522458862,-0.057262626114468085,3.1649354855201293,0.2334,True
273,0.25,0.16,0.24,0.29,0.06,0.6461340707702334,0.18069740629843123,0.0846615196157198,-0.05626721670304491,3.211415401122067,0.2334,True
274,0.19,0.19,0.26,0.3,0.06,0.6358922774861235,0.17824421136639512,0.08029777069065673,-0.05739631126597178,3.1054994203446267,0.2334,True
275,0.22,0.18,0.23,0.31,0.06,0.631909124471483,0.17728736959034674,0.08008857353251934,-0.05123956757742654,3.459970057757674,0.2334,True
276,0.22,0.23,0.18,0.31,0.06,0.5993290196016645,0.16940182234835088,0.07566415198817722,-0.047082620057072644,3.5979693174042833,0.2334,True
277,0.27,0.14,0.28,0.24,0.07,0.6893073429784788,0.19092819254971105,0.09500163319683817,-0.07056888516259863,2.705557727173826,0.23340000000000002,True
278,0.28,0.14,0.27,0.24,0.07,0.6870936880903373,0.19040788957517707,0.09513918506757185,-0.06880095990798352,2.7675179216951964,0.23340000000000002,True
279,0.24,0.14,0.28,0.27,0.07,0.6841602272950933,0.18971769988759513,0.09139572770167748,-0.06932523937364665,2.736632453081937,0.23340000000000002,True
280,0.24,0.14,0.27,0.28,0.07,0.6802511148264494,0.18879671032515954,0.09023186383611134,-0.06682760653951769,2.825130512694883,0.23340000000000002,True
281,0.28,0.14,0.24,0.27,0.07,0.6752990798939156,0.18762795403340138,0.09191028202412357,-0.06175358476099502,3.0383329932922614,0.23340000000000002,True
282,0.27,0.14,0.24,0.28,0.07,0.6736036554747211,0.18722727857346655,0.09060873495063765,-0.06118136456252132,3.0602010908426003,0.23340000000000002,True
283,0.23,0.16,0.28,0.27,0.06,0.6584146434657103,0.18362556567662036,0.08680237643297715,-0.06381168347757915,2.8776166944590793,0.23340000000000002,True
284,0.23,0.16,0.27,0.28,0.06,0.6545089586324695,0.18269587310246926,0.08560462965717226,-0.061443315449364655,2.9734051908873416,0.23340000000000002,True
285,0.21,0.17,0.28,0.28,0.06,0.6523544732854976,0.18218240224257198,0.08465094994003458,-0.0630364976760791,2.89010984047272,0.23340000000000002,True
286,0.2,0.19,0.24,0.31,0.06,0.6298137881490273,0.17678339816272715,0.07902063636486834,-0.05287797322473886,3.343233247828405,0.23340000000000002,True
287,0.19,0.2,0.24,0.31,0.06,0.6254995349227976,0.1757443695874601,0.07805292977278219,-0.052606439142481976,3.3407387470470113,0.23340000000000002,True
288,0.21,0.21,0.23,0.3,0.05,0.6036434694676296,0.17045218890137193,0.07570513265605562,-0.048632414766775156,3.5049090142614507,0.23359999999999997,True
289,0.21,0.23,0.21,0.3,0.05,0.5906517625896728,0.16728358187049164,0.07382357626488885,-0.047272284799701025,3.538724277434325,0.23359999999999997,True
290,0.25,0.14,0.29,0.25,0.07,0.6897888747348166,0.191041312770881,0.09374024200013183,-0.07190480964986723,2.6568641750271813,0.2336,True
291,0.29,0.14,0.25,0.25,0.07,0.6809320476909817,0.1889572412486129,0.09427836353497045,-0.06468049951896848,2.9213942788614133,0.2336,True
292,0.2,0.18,0.3,0.26,0.06,0.6557539151168867,0.18299237596440032,0.08623034026514434,-0.06760136537844541,2.706933135743249,0.2336,True
293,0.2,0.18,0.26,0.3,0.06,0.6402291206260684,0.1792842526268137,0.08124024148264554,-0.057661604948583745,3.109248394779847,0.2336,True
294,0.18,0.2,0.26,0.3,0.06,0.6315600354532054,0.17720343647467263,0.0793899375621117,-0.057130452398626796,3.1017334719886085,0.2336,True
295,0.19,0.22,0.25,0.29,0.05,0.6054832134668013,0.17089950744322602,0.07585708176024596,-0.05038642257799786,3.3917769648891958,0.2336,True
296,0.19,0.25,0.22,0.29,0.05,0.5860490644599867,0.16615687007917979,0.0728531637973758,-0.044775424740384984,3.710894336404036,0.2336,True
297,0.26,0.14,0.29,0.24,0.07,0.6915094973520446,0.1914453415603241,0.09492977081664374,-0.0723321556346116,2.6467528843937256,0.2338,True
298,0.24,0.14,0.29,0.26,0.07,0.688067974781748,0.19063694440042034,0.09257613944355153,-0.071814599114712,2.6545708915802653,0.2338,True
299,0.29,0.14,0.26,0.24,0.07,0.6848685185363308,0.18988442122224547,0.09534200782491947,-0.06702836141446367,2.8328966606853587,0.2338,True
300,0.29,0.14,0.24,0.26,0.07,0.6769942092473016,0.18802828956614093,0.09323358122672645,-0.06334718147064411,2.968218714723332,0.2338,True
301,0.26,0.14,0.24,0.29,0.07,0.671907936972459,0.18682626282110237,0.08933006870121789,-0.060608948369682225,3.0824864619257526,0.2338,True
302,0.23,0.16,0.29,0.26,0.06,0.6623190104165326,0.18455348660091642,0.08801681302701952,-0.06617294629914217,2.7889567704394156,0.2338,True
303,0.23,0.16,0.26,0.29,0.06,0.650601959328931,0.18176440246926262,0.08442428265797923,-0.05906781009607398,3.077215867214685,0.2338,True
304,0.21,0.18,0.24,0.31,0.06,0.6341326214154874,0.1778216946703317,0.08002186224106703,-0.05314892822245154,3.3457249396651996,0.2338,True
305,0.22,0.2,0.23,0.3,0.05,0.6079091592746626,0.17148883395399972,0.07679355814944842,-0.0502650234183476,3.4116931076849624,0.2338,True
306,0.2,0.22,0.23,0.3,0.05,0.5993822987423849,0.16941480483868987,0.07464918194326162,-0.04699022563428723,3.6053200969325294,0.2338,True
307,0.2,0.23,0.22,0.3,0.05,0.5928944199806752,0.16783178290807776,0.0736817508316949,-0.04630894699094945,3.62417618653429,0.2338,True
308,0.2,0.27,0.2,0.28,0.05,0.5747693248894106,0.16338641174885815,0.07226475221846962,-0.04518632571528869,3.615837516383341,0.23380000000000004,True
309,0.28,0.15,0.29,0.21,0.07,0.692244505587944,0.1916178493290861,0.09754137599485796,-0.07316037445442103,2.6191480122680915,0.23399999999999999,True
310,0.29,0.15,0.28,0.21,0.07,0.6900352588707765,0.19109918439651885,0.09768533190790113,-0.07139605652791825,2.6766069960991845,0.23399999999999999,True
311,0.24,0.15,0.31,0.23,0.07,0.6931697960507177,0.19183494566635573,0.09513962459117803,-0.07639853595082036,2.5109767259132383,0.234,True
312,0.23,0.15,0.31,0.24,0.07,0.6914400280490842,0.19142903440375836,0.09402590688523194,-0.07630697011854326,2.50867036269914,0.234,True
313,0.19,0.27,0.21,0.28,0.05,0.5769993578405905,0.16393518518265116,0.07212353150928169,-0.04421376988931636,3.7077857326584542,0.234,True
314,0.21,0.2,0.24,0.3,0.05,0.6101548612457459,0.1720338462926403,0.07668748276148864,-0.049314131801794225,3.4885303665912066,0.2342,True
315,0.2,0.21,0.24,0.3,0.05,0.6058805295864533,0.17099606669322065,0.07564403866607616,-0.048216151103279814,3.5464478764998097,0.2342,True
316,0.2,0.24,0.21,0.3,0.05,0.5864168968869348,0.16624699325055148,0.07274303041238081,-0.04562877223122441,3.643468476602715,0.2342,True
317,0.2,0.26,0.2,0.29,0.05,0.5773582924425351,0.1640234645735097,0.07204743707914724,-0.04506805174337103,3.639462063004212,0.23420000000000002,True
318,0.27,0.14,0.29,0.23,0.07,0.6932298416506821,0.1918490311358445,0.09614361105728332,-0.07289832581263678,2.631734391664011,0.2344,True
319,0.29,0.14,0.27,0.23,0.07,0.6888036183712261,0.1908098358299133,0.09642389012433089,-0.06936922617217212,2.7506409737990967,0.2344,True
320,0.23,0.14,0.29,0.27,0.07,0.6863467984755893,0.1902322360807387,0.09143861674638508,-0.07172445042290843,2.652264812892585,0.2344,True
321,0.27,0.14,0.23,0.29,0.07,0.6696743274556425,0.186297628648723,0.08955747935365813,-0.05916069587307726,3.149010096980671,0.2344,True
322,0.24,0.16,0.24,0.3,0.06,0.6444592044627,0.18029692652297546,0.08337709400899829,-0.05487403460513762,3.2856509972404147,0.2344,True
323,0.19,0.19,0.25,0.31,0.06,0.6320172722917041,0.17731336965095967,0.07907861364705503,-0.05513992428134051,3.2156984609963084,0.2344,True
324,0.19,0.21,0.26,0.29,0.05,0.6119819409655491,0.17247688886424317,0.07691040447208228,-0.052607493405862904,3.278561240954721,0.2344,True
325,0.19,0.26,0.21,0.29,0.05,0.5795917045728924,0.16457246797702063,0.07190813585598682,-0.04409472616658694,3.732248327277888,0.2344,True
326,0.22,0.16,0.28,0.28,0.06,0.6567194410409882,0.1832222264135721,0.0856303470966975,-0.06352199431347116,2.8843903343052943,0.23440000000000003,True
327,0.23,0.17,0.23,0.31,0.06,0.6362239480965131,0.17832381592186475,0.08116397239339349,-0.05212221821689389,3.421262985773432,0.23440000000000003,True
328,0.25,0.14,0.3,0.24,0.07,0.6937001653623263,0.19195934793890412,0.09492388752370202,-0.07438663776342758,2.580562231477567,0.2346,True
329,0.24,0.14,0.3,0.25,0.07,0.6919743538742926,0.19155445003841454,0.09377247682391325,-0.07429572680011387,2.578270087508195,0.2346,True
330,0.3,0.14,0.25,0.24,0.07,0.6826318201651929,0.1893577759930387,0.09560955760939842,-0.06581836121415374,2.876974942857112,0.2346,True
331,0.23,0.16,0.3,0.25,0.06,0.6662220560728305,0.18547964224163516,0.0892472592878603,-0.06864705004685434,2.701931723432222,0.2346,True
332,0.2,0.18,0.31,0.25,0.06,0.659631842393323,0.18391500411901363,0.08751652332695362,-0.07011452513044847,2.6230656740074716,0.2346,True
333,0.23,0.16,0.25,0.3,0.06,0.6466936489672137,0.18083114732448458,0.08326207589365993,-0.05668513510540063,3.190098197494744,0.2346,True
334,0.2,0.18,0.25,0.31,0.06,0.6363446677176916,0.1783527872739199,0.08003498567084272,-0.055407982398151034,3.218900590754439,0.2346,True
335,0.18,0.2,0.25,0.31,0.06,0.6276944679517131,0.17627321848671973,0.07815709854253029,-0.05487129430789095,3.2124851565852377,0.2346,True
336,0.19,0.22,0.24,0.3,0.05,0.6016107280547152,0.1699575465753691,0.07463462548851255,-0.047981769262215646,3.542127545288458,0.2346,True
337,0.19,0.24,0.22,0.3,0.05,0.5886509111651095,0.1667940533670389,0.07264776608938335,-0.04465643288829624,3.7350509787527844,0.2346,True
338,0.18,0.27,0.22,0.28,0.05,0.5792179955089489,0.16448064122305572,0.07207225758734245,-0.04358270586812307,3.773988740413635,0.2346,True
339,0.25,0.15,0.26,0.28,0.06,0.6566394517099559,0.1832031877668101,0.08674228174946463,-0.060547945230235545,3.025754004866292,0.23460000000000003,True
340,0.26,0.15,0.25,0.28,0.06,0.6543974150829641,0.1826693002699531,0.08690252658577546,-0.058748193358657885,3.1093603024480516,0.23460000000000003,True
341,0.17,0.25,0.25,0.28,0.05,0.5943251475965095,0.16818124488852004,0.07417709105304236,-0.05009625072312429,3.357162311767336,0.2348,True
342,0.18,0.22,0.26,0.29,0.05,0.6076940538767861,0.17143660311605147,0.0759641673308638,-0.05237833185872254,3.2730443493018995,0.235,True
343,0.18,0.26,0.22,0.29,0.05,0.5818137136874613,0.16511815500318638,0.07185897903620597,-0.04341403179311498,3.8033361146930478,0.235,True
344,0.26,0.14,0.3,0.23,0.07,0.6954257024708721,0.19236390654427704,0.0961007177168275,-0.074655917133154,2.576673275625061,0.23500000000000001,True
345,0.23,0.14,0.3,0.26,0.07,0.6902482689895062,0.19114921247467787,0.09264761367250914,-0.07420487805731169,2.5759655898503726,0.23500000000000001,True
346,0.3,0.14,0.26,0.23,0.07,0.6865732276093899,0.19028549316092103,0.09666044891468158,-0.06759768107105024,2.8149707230476837,0.23500000000000001,True
347,0.24,0.15,0.28,0.27,0.06,0.6627851438666628,0.18466417182528327,0.08783833159167616,-0.06470581625482685,2.853903752609069,0.23500000000000001,True
348,0.24,0.15,0.27,0.28,0.06,0.6588699860029708,0.18373385842086343,0.08665459228550552,-0.06234290917169494,2.947149256619591,0.23500000000000001,True
349,0.2,0.17,0.29,0.28,0.06,0.654544963404452,0.18270445020384152,0.08479354733807956,-0.06547351638648802,2.790509205666351,0.23500000000000001,True
350,0.2,0.17,0.28,0.29,0.06,0.6506598890376396,0.18177822426535029,0.08353702099005886,-0.06294829836653615,2.8877384930548837,0.23500000000000001,True
351,0.19,0.18,0.27,0.3,0.06,0.6424235165779912,0.17980980384699308,0.08136543211219682,-0.0599237705689607,3.0006423517703493,0.23500000000000001,True
352,0.18,0.19,0.27,0.3,0.06,0.6380781390091295,0.1787686438371019,0.08046864217223675,-0.059642958340224816,2.9973134936959607,0.23500000000000001,True
353,0.2,0.19,0.23,0.32,0.06,0.6259312859854869,0.17584843362985136,0.07785395262746388,-0.05060819166688979,3.474702964834436,0.23500000000000001,True
354,0.2,0.2,0.25,0.3,0.05,0.6123891089272533,0.1725755760627805,0.07666507480492848,-0.050443779162395064,3.421146847606385,0.23500000000000001,True
355,0.2,0.25,0.2,0.3,0.05,0.5799497330467618,0.16466042815490045,0.0718343422874343,-0.04494969867433096,3.6632153943432697,0.23500000000000001,True
356,0.25,0.15,0.25,0.29,0.06,0.6527167177746254,0.1822687658927875,0.08560902685242383,-0.05817206466885627,3.133269670422566,0.2352,True
357,0.21,0.19,0.25,0.3,0.05,0.6166766071358127,0.17361374975605526,0.07769592074407024,-0.050674798729148596,3.4260372830290313,0.2352,True
358,0.19,0.21,0.25,0.3,0.05,0.6081061526146292,0.17153666282410307,0.07566808991396297,-0.05021228439353209,3.416229014392321,0.2352,True
359,0.19,0.25,0.21,0.3,0.05,0.5821865260066561,0.16520966118586133,0.07169697577200072,-0.043975602533371405,3.756848153711823,0.2352,True
360,0.28,0.14,0.29,0.22,0.07,0.6949499066479781,0.19225238186342986,0.09738068709977973,-0.0734643035752055,2.6169496273332373,0.2354,True
361,0.29,0.14,0.28,0.22,0.07,0.6927373437835516,0.19173349137223927,0.09752340440259816,-0.07170312502503617,2.673990726419424,0.2354,True
362,0.24,0.15,0.29,0.26,0.06,0.6666989787551945,0.1855927122524279,0.08903890840490114,-0.06706164680324844,2.7674941057880176,0.2354,True
363,0.24,0.15,0.26,0.29,0.06,0.6549535085762279,0.1828017656243086,0.0854883895853111,-0.05997289362073788,3.0480731308435325,0.2354,True
364,0.26,0.15,0.24,0.29,0.06,0.6504684199537403,0.18173253927791633,0.08580309380420253,-0.057867846401952194,3.140475247957137,0.2354,True
365,0.21,0.18,0.23,0.32,0.06,0.6302406559135734,0.17688610365282464,0.07886945401994408,-0.05088194196659135,3.476402370195826,0.2354,True
366,0.26,0.13,0.28,0.26,0.07,0.690292880524372,0.19115968951662676,0.0936197352556544,-0.07031038713941484,2.7187972829332607,0.23540000000000003,True
367,0.28,0.13,0.26,0.26,0.07,0.6858578387285754,0.19011721443460972,0.09388654159219655,-0.06677408263210349,2.847170742607935,0.23540000000000003,True
368,0.26,0.13,0.26,0.28,0.07,0.682444553698248,0.189313661710526,0.09136080953033443,-0.06563635117091726,2.884280712338086,0.23540000000000003,True
369,0.23,0.15,0.32,0.23,0.07,0.6953342462961969,0.1923424711946633,0.09526451842709273,-0.07877567539750008,2.4416480115734713,0.2356,True
370,0.21,0.2,0.23,0.31,0.05,0.6062621513309261,0.17108879676244282,0.07551619353839809,-0.048515272775289775,3.5264935550271352,0.2356,True
371,0.2,0.21,0.23,0.31,0.05,0.6019973172665416,0.17005165046863868,0.0744569242956529,-0.046872189182911805,3.6279860922441065,0.2356,True
372,0.17,0.24,0.25,0.29,0.05,0.5969382629964031,0.16881897136191104,0.07397768756020572,-0.04992187469490539,3.3816632967739753,0.2356,True
373,0.17,0.25,0.24,0.29,0.05,0.5904761340271094,0.1672406290121411,0.0729257243155056,-0.04768366180163763,3.5072941693919453,0.2356,True
374,0.2,0.23,0.21,0.31,0.05,0.5890178434568745,0.16688385782531445,0.07253984168335771,-0.045510471334293645,3.6669331899351687,0.2356,True
375,0.19,0.27,0.2,0.29,0.05,0.5731446955527406,0.16298629159470068,0.07099347861594,-0.04341513250827356,3.754135532435393,0.2356,True
376,0.27,0.13,0.28,0.25,0.07,0.6920095199607064,0.19156270320891688,0.0948451534412876,-0.07087686444471974,2.702753637730769,0.23560000000000003,True
377,0.28,0.13,0.27,0.25,0.07,0.6897925449983011,0.19104217489734854,0.0949813986544767,-0.06911208983634332,2.7642366964988954,0.23560000000000003,True
378,0.25,0.13,0.28,0.27,0.07,0.688575959567544,0.19075633667763947,0.09241865345263917,-0.06979761445038679,2.7329922115494645,0.23560000000000003,True
379,0.25,0.13,0.27,0.28,0.07,0.6846574028860446,0.1898347325942964,0.09126755607503259,-0.06740893706230666,2.816165643122818,0.23560000000000003,True
380,0.28,0.13,0.25,0.27,0.07,0.6819217614967299,0.18919049044262382,0.09280985723306712,-0.06442909652129925,2.9364138356352774,0.23560000000000003,True
381,0.27,0.13,0.25,0.28,0.07,0.6802201963582872,0.1887894202214624,0.0915224531173387,-0.0638590784243468,2.9563442642712,0.23560000000000003,True
382,0.18,0.22,0.25,0.3,0.05,0.6038277374753371,0.17049700755783004,0.07470664031111236,-0.04998031295482963,3.411283312930012,0.23579999999999998,True
383,0.18,0.25,0.22,0.3,0.05,0.5844119082178028,0.16575557885480285,0.07164994741730749,-0.04324571284697798,3.832878866890638,0.23579999999999998,True
384,0.28,0.15,0.3,0.2,0.07,0.6961660207177387,0.1925373927599756,0.09868685063883648,-0.07548571822989403,2.550646629255049,0.2358,True
385,0.24,0.14,0.31,0.24,0.07,0.6958793611606073,0.19247022293555127,0.09498414145673864,-0.07676866319628273,2.507145688383838,0.2358,True
386,0.21,0.16,0.29,0.28,0.06,0.6589184666170445,0.18374538725183354,0.08573024701110923,-0.06595487257144261,2.7859258927806994,0.2358,True
387,0.21,0.16,0.28,0.29,0.06,0.6550239452114153,0.18281854200512648,0.0844873459486877,-0.06343374139030122,2.8820394004550822,0.2358,True
388,0.23,0.16,0.24,0.31,0.06,0.6427840309594457,0.17989610117191113,0.08211878091450141,-0.05433687260576803,3.3107555246529703,0.2358,True
389,0.24,0.16,0.23,0.31,0.06,0.6405433421611708,0.1793595364842684,0.08226849191938822,-0.053744044459534845,3.3372913834073725,0.2358,True
390,0.19,0.18,0.26,0.31,0.06,0.6385452775293927,0.17888065931292907,0.08012807922498018,-0.057658892785062976,3.102394976257151,0.2358,True
391,0.18,0.19,0.26,0.31,0.06,0.6342093371428073,0.17784012145370576,0.0792177109604666,-0.057393712433135735,3.09859937464215,0.2358,True
392,0.19,0.19,0.24,0.32,0.06,0.6281409772999862,0.17638074259158154,0.07787777125324666,-0.05287735173825814,3.3356576453499938,0.2358,True
393,0.18,0.21,0.27,0.29,0.05,0.614189966197364,0.17301185908963945,0.07705359321402447,-0.054590999672763596,3.1692377887697503,0.236,True
394,0.18,0.27,0.21,0.29,0.05,0.5753694738414219,0.1635341491974618,0.07090226293535218,-0.042432724452657444,3.853962980386005,0.236,True
395,0.25,0.14,0.31,0.23,0.07,0.6976100816130706,0.19287564883364894,0.0961229999764956,-0.07686026947415014,2.509432378434705,0.23600000000000002,True
396,0.26,0.13,0.29,0.25,0.07,0.6942149866755885,0.19208007846682418,0.09477465470142031,-0.07263699976072358,2.6443834285496757,0.23600000000000002,True
397,0.23,0.14,0.31,0.25,0.07,0.6941483702677347,0.19206445765915747,0.09387178813411494,-0.07667711951134937,2.5048470636762645,0.23600000000000002,True
398,0.25,0.13,0.29,0.26,0.07,0.6924931461743071,0.1916761944182077,0.09358640251004546,-0.07228299590677045,2.651746680027331,0.23600000000000002,True
399,0.29,0.13,0.26,0.25,0.07,0.6875640476370783,0.19051848212445166,0.09518297297873321,-0.06734265756930835,2.829090638847629,0.23600000000000002,True
400,0.29,0.13,0.25,0.26,0.07,0.6836230342801439,0.18959122138082396,0.09411917268882503,-0.06499892007340702,2.9168364823093627,0.23600000000000002,True
401,0.25,0.13,0.26,0.29,0.07,0.6807374795419237,0.18891137594675667,0.09013374638478971,-0.0650671944486031,2.9033275146968065,0.23600000000000002,True
402,0.26,0.13,0.25,0.29,0.07,0.6785183398475632,0.1883880103530593,0.09025807440710819,-0.06328886568290104,2.9766374909758686,0.23600000000000002,True
403,0.23,0.15,0.29,0.27,0.06,0.6649979373121269,0.18518932632798402,0.08785467865323247,-0.06652400993177554,2.783796805362561,0.23600000000000002,True
404,0.23,0.15,0.27,0.29,0.06,0.6571788065098556,0.18333155034140391,0.08544164318865537,-0.06176893095412861,2.9680220704734426,0.23600000000000002,True
405,0.2,0.18,0.24,0.32,0.06,0.6324589199192816,0.17741953522728116,0.07884820554938299,-0.05314818845237779,3.33820475153643,0.23600000000000002,True
406,0.22,0.19,0.23,0.31,0.05,0.6105315062244479,0.1721252051153508,0.07660788710002037,-0.050148767473103595,3.4322918346431366,0.23600000000000002,True
407,0.19,0.22,0.23,0.31,0.05,0.5977370033087035,0.16901376375736565,0.07343180361920897,-0.04556987663996925,3.708892281905455,0.23600000000000002,True
408,0.19,0.23,0.22,0.31,0.05,0.5912552368605248,0.16743114735053877,0.07244657455003245,-0.04453736106872308,3.7593414457624745,0.23600000000000002,True
409,0.24,0.15,0.25,0.3,0.06,0.6510357149985784,0.18186788697741862,0.08434045144967509,-0.057595737476422104,3.157662267140336,0.2362,True
410,0.25,0.15,0.24,0.3,0.06,0.6487926685299441,0.18133255004594928,0.0844949101260425,-0.056153320297207654,3.2292400357840716,0.2362,True
411,0.2,0.19,0.26,0.3,0.05,0.618908033179201,0.17415334047941866,0.0777110848249136,-0.05280903654504565,3.2977943146315,0.23620000000000002,True
412,0.19,0.2,0.26,0.3,0.05,0.6146119164704795,0.1731140355515357,0.07672657940807777,-0.052536482061099066,3.295120433648506,0.23620000000000002,True
413,0.2,0.2,0.24,0.31,0.05,0.6085025882448607,0.17163290331576575,0.07545703445201962,-0.04804419686322359,3.572396137755935,0.23620000000000002,True
414,0.2,0.24,0.2,0.31,0.05,0.5825436477967574,0.16529730267318254,0.07162548302050727,-0.04483126642879687,3.68709866663516,0.23620000000000002,True
415,0.19,0.26,0.2,0.3,0.05,0.5757324944865687,0.16362349503890816,0.07077641580502152,-0.04329587767845966,3.7791933969804536,0.23620000000000002,True
416,0.27,0.13,0.29,0.24,0.07,0.6959365486127127,0.19248362365528227,0.09598726992137697,-0.0732022416690642,2.6294771753776396,0.2364,True
417,0.29,0.13,0.27,0.24,0.07,0.6915036874613629,0.19144397776935107,0.09626499816319384,-0.06967942106140479,2.7474966762516813,0.2364,True
418,0.24,0.13,0.29,0.27,0.07,0.6907710280916308,0.1912719711432327,0.09242363119021701,-0.07219280260100891,2.649460392891848,0.2364,True
419,0.24,0.13,0.27,0.29,0.07,0.682945120550104,0.18943157271344346,0.09007899685247563,-0.06721520133363168,2.8182846879112122,0.2364,True
420,0.29,0.13,0.24,0.27,0.07,0.6796806508026585,0.18866218919876943,0.09307422197379038,-0.06323647002588584,2.9834396056823,0.2364,True
421,0.27,0.13,0.24,0.29,0.07,0.6762876873157384,0.18786146440842866,0.09045154767230174,-0.06150582784797087,3.0543685205373,0.2364,True
422,0.21,0.19,0.24,0.31,0.05,0.6127805893691616,0.1726704453372685,0.07650363257399038,-0.0491971230230297,3.5097671312291903,0.2364,True
423,0.19,0.21,0.24,0.31,0.05,0.6042291189954625,0.17059462184817886,0.07444442708824306,-0.04780988287039123,3.5681874040697243,0.2364,True
424,0.19,0.24,0.21,0.31,0.05,0.5847838232365472,0.1658467649901081,0.07149006634323549,-0.04385639890918103,3.7815864757511872,0.2364,True
425,0.23,0.15,0.3,0.26,0.06,0.6689055186942288,0.18611556360732906,0.08908551286039396,-0.06903339812819065,2.6960220509748667,0.2366,True
426,0.23,0.15,0.26,0.3,0.06,0.6532672639139097,0.18239999886508662,0.08426083304636736,-0.05939764414370008,3.070828843376486,0.2366,True
427,0.18,0.21,0.26,0.3,0.05,0.610320352703452,0.1720739895747827,0.07577738362780699,-0.052263342416292824,3.2924413483577646,0.2366,True
428,0.17,0.24,0.24,0.3,0.05,0.593084712483563,0.16787827481430706,0.07272482634221546,-0.04751155254176831,3.5334201017052025,0.2366,True
429,0.18,0.26,0.21,0.3,0.05,0.5779606492262552,0.1641715831663204,0.07068728168969328,-0.042312690338723424,3.879960878216128,0.2366,True
430,0.29,0.14,0.29,0.21,0.07,0.6966696913611858,0.19265539410796761,0.09863996268628243,-0.07403008902038954,2.602393116870439,0.23679999999999998,True
431,0.19,0.17,0.29,0.29,0.06,0.6528451750636701,0.18229938869759854,0.08372542605155413,-0.0653846513240881,2.788106765210176,0.23679999999999998,True
432,0.17,0.19,0.29,0.29,0.06,0.6441139084081311,0.18021432846019247,0.08201572853182881,-0.06441828188386012,2.7975649643233473,0.23679999999999998,True
433,0.25,0.13,0.3,0.25,0.07,0.69640895929422,0.19259431199622146,0.09477019031164569,-0.07476016900091653,2.576162073601791,0.2368,True
434,0.3,0.13,0.25,0.25,0.07,0.6853240137257617,0.18999161339923942,0.09544933331266917,-0.0657087660225657,2.8914195913219936,0.2368,True
435,0.21,0.19,0.21,0.33,0.06,0.6198201578201532,0.1743737624820907,0.07680249512667238,-0.04724593377283026,3.690767618659447,0.2368,True
436,0.17,0.23,0.25,0.3,0.05,0.599553862786786,0.16945660776829508,0.0737824411560836,-0.04974786337251047,3.4063092619558195,0.2368,True
437,0.17,0.25,0.23,0.3,0.05,0.5866258938314799,0.166298193696645,0.07169361812458161,-0.045263787001148637,3.673978796613393,0.2368,True
438,0.26,0.14,0.26,0.28,0.06,0.660996500127569,0.18423933863301745,0.08785794144226518,-0.06144872773030319,2.9982612405197213,0.23680000000000004,True
439,0.18,0.22,0.24,0.31,0.05,0.5999601808983761,0.16955559845143586,0.07346753994595873,-0.047575085677518,3.5639578160877754,0.237,True
440,0.18,0.24,0.22,0.31,0.05,0.5870125801946249,0.16639291295962133,0.0714451776331055,-0.04307774790935348,3.8626186612576467,0.237,True
441,0.28,0.14,0.3,0.21,0.07,0.6988759496184618,0.19317200733663054,0.09852630737184372,-0.07578559670458729,2.548927708382586,0.23700000000000002,True
442,0.24,0.16,0.33,0.2,0.07,0.698250598828766,0.19302562183612215,0.0977647589298359,-0.0809670896694461,2.384000988848222,0.23700000000000002,True
443,0.26,0.13,0.3,0.24,0.07,0.698135716769406,0.19299872571379795,0.09594573420640976,-0.07495671659366387,2.5748022923687164,0.23700000000000002,True
444,0.24,0.13,0.3,0.26,0.07,0.694681927193971,0.19218955933786308,0.09362011971882873,-0.07466927796660061,2.5738772969497443,0.23700000000000002,True
445,0.3,0.14,0.28,0.21,0.07,0.6944519183426809,0.19213563299271996,0.09881647449689465,-0.07226995551718252,2.6585824166868184,0.23700000000000002,True
446,0.2,0.16,0.33,0.24,0.07,0.6912956647020547,0.1913951452639273,0.0935712590642286,-0.08059557856536725,2.3747598648813693,0.23700000000000002,True
447,0.3,0.13,0.26,0.24,0.07,0.689269966164141,0.19091941118401312,0.09650036602887571,-0.06791103877636318,2.811316313577929,0.23700000000000002,True
448,0.26,0.13,0.24,0.3,0.07,0.6745907635879638,0.1874605922885071,0.0891740419498965,-0.06093436012210418,3.0764349032772564,0.23700000000000002,True
449,0.25,0.14,0.28,0.27,0.06,0.6671602672822801,0.18570205515767335,0.08890183624108072,-0.0655968497066921,2.830959962071597,0.23700000000000002,True
450,0.22,0.15,0.29,0.28,0.06,0.6632966041922308,0.18478559629384272,0.08669818403135537,-0.06643498152113303,2.7814502550145552,0.23700000000000002,True
451,0.25,0.14,0.27,0.28,0.06,0.6632356263671104,0.1847711210138272,0.08773214756206639,-0.06323937996417395,2.9217731280493706,0.23700000000000002,True
452,0.22,0.15,0.28,0.29,0.06,0.659392625726781,0.18385813182581656,0.08546906532522203,-0.06391792448712252,2.8764721836807805,0.23700000000000002,True
453,0.27,0.14,0.25,0.28,0.06,0.6587458543551232,0.1837043385301227,0.08805502214230307,-0.060253528811156976,3.0488560944849867,0.23700000000000002,True
454,0.19,0.17,0.3,0.28,0.06,0.6567240280411644,0.18322331816904325,0.08501114456290303,-0.06790071276084564,2.698400513325648,0.23700000000000002,True
455,0.19,0.17,0.28,0.3,0.06,0.6489650135959917,0.1813737000152016,0.08245488952882343,-0.06286016023550545,2.8853521743451727,0.23700000000000002,True
456,0.17,0.19,0.28,0.3,0.06,0.6402526000771571,0.17928987836502452,0.080718968828095,-0.061885583737462446,2.8971186427783726,0.23700000000000002,True
457,0.19,0.18,0.25,0.32,0.06,0.634665742749196,0.1779497361706892,0.07890818479257644,-0.05540625405549826,3.2117265316735537,0.23700000000000002,True
458,0.22,0.2,0.19,0.33,0.06,0.6110615700844377,0.1722537530194974,0.07611385032752624,-0.04752728323846567,3.6243130530988523,0.23700000000000002,True
459,0.2,0.19,0.25,0.31,0.05,0.6150182104913477,0.17321240398392956,0.07648317943396214,-0.05053124586224389,3.427827694099088,0.23720000000000002,True
460,0.19,0.2,0.25,0.31,0.05,0.6107315803351927,0.17217372920098262,0.07548316145354468,-0.050255869509546636,3.425942698459856,0.23720000000000002,True
461,0.19,0.25,0.2,0.31,0.05,0.5783227660223675,0.16426060897823502,0.07056364618317164,-0.0431765428346087,3.8043946595596783,0.23720000000000002,True
462,0.24,0.14,0.32,0.23,0.07,0.699782993228578,0.19338426918536156,0.09621055829473187,-0.0792334488009172,2.44068978584109,0.2374,True
463,0.23,0.14,0.32,0.24,0.07,0.6980470988981606,0.1929779777193732,0.09511055820285642,-0.07914121524365791,2.438400486083485,0.2374,True
464,0.25,0.14,0.26,0.29,0.06,0.6593096607961613,0.18383840614645441,0.08658012023556078,-0.06087483043986708,3.0199411615290215,0.2374,True
465,0.2,0.16,0.29,0.29,0.06,0.6572177600272788,0.18334081992062434,0.0846318137325096,-0.06586595629856118,2.7835444928418864,0.2374,True
466,0.26,0.14,0.25,0.29,0.06,0.6570642675163445,0.18330429321215558,0.08673889657333073,-0.059078337166191375,3.102732778285688,0.2374,True
467,0.24,0.15,0.24,0.31,0.06,0.6471166086821163,0.1809322159782396,0.08321153515571153,-0.05521140841933825,3.277080247691465,0.2374,True
468,0.18,0.18,0.27,0.31,0.06,0.6407344650018798,0.1794053226114778,0.08030104599860827,-0.05990170334094258,2.994995344128302,0.2374,True
469,0.23,0.16,0.23,0.32,0.06,0.6388731087177217,0.17895925747120356,0.08099520083128375,-0.052316531094626306,3.420701902951386,0.2374,True
470,0.21,0.18,0.22,0.33,0.06,0.6263473997753255,0.17594871121959477,0.07773740282034362,-0.04884530736478554,3.60216202358147,0.2374,True
471,0.22,0.21,0.18,0.33,0.06,0.6045520915426084,0.17067315558496254,0.07527716747869612,-0.0468475721849827,3.643159028840196,0.2374,True
472,0.27,0.13,0.3,0.23,0.07,0.699862198636779,0.19340280085672013,0.09714565696579741,-0.07552072793441278,2.5609234199210045,0.2376,True
473,0.3,0.13,0.27,0.23,0.07,0.6932145424993272,0.1918454422995064,0.0975696648242028,-0.07024655926763679,2.731029737251363,0.2376,True
474,0.23,0.13,0.3,0.27,0.07,0.6929546214514235,0.19178446737149368,0.09249665341260511,-0.07457844903819977,2.5715802600461686,0.2376,True
475,0.27,0.13,0.23,0.3,0.07,0.6723538167058447,0.1869317339475136,0.08940008028804086,-0.059145530627060405,3.160538623386501,0.2376,True
476,0.2,0.16,0.3,0.28,0.06,0.6611060495119199,0.1842653672342116,0.08590423834658309,-0.06837795787585588,2.694806527693559,0.2376,True
477,0.2,0.16,0.28,0.3,0.06,0.6533281569597436,0.18241451207209725,0.08337477276051317,-0.06334554960331362,2.8796736821201265,0.2376,True
478,0.23,0.15,0.25,0.31,0.06,0.6493544077375835,0.1814666631488291,0.0830981392969548,-0.05701921167874602,3.182552999351112,0.2376,True
479,0.16,0.2,0.28,0.3,0.06,0.6359033284768907,0.1782468638977177,0.07990579205405231,-0.06162138237693371,2.8926138463982203,0.2376,True
480,0.18,0.21,0.25,0.31,0.05,0.6064494930997146,0.17113431346598218,0.0745186486867879,-0.04997990112115347,3.4240626657332736,0.2376,True
481,0.18,0.25,0.21,0.31,0.05,0.5805542988634338,0.1648089272871085,0.07047660733997642,-0.04219257538484711,3.9061120536931573,0.2376,True
482,0.19,0.27,0.19,0.3,0.05,0.5692888201904669,0.162035547164338,0.06988748581440037,-0.04261725563315688,3.802111251815845,0.2376,True
483,0.24,0.14,0.29,0.27,0.06,0.6693816249436475,0.18622831904825743,0.08887901970889961,-0.06737696116233183,2.763976229197635,0.2378,True
484,0.24,0.14,0.27,0.29,0.06,0.6615435440090522,0.18436930318812994,0.08649397890751294,-0.06266655192978432,2.9420687354030473,0.2378,True
485,0.2,0.2,0.23,0.32,0.05,0.6046148206135797,0.17068840751150116,0.07426878185846257,-0.04675407354800709,3.6507708218458927,0.2378,True
486,0.2,0.23,0.2,0.32,0.05,0.5851400377871727,0.16593408830799583,0.07142087406402715,-0.04471275492729043,3.711113049907778,0.2378,True
487,0.18,0.27,0.2,0.3,0.05,0.5715197382578874,0.162585814983206,0.06975503658083008,-0.04163231828366509,3.905278919982661,0.2378,True
488,0.24,0.15,0.33,0.21,0.07,0.7009666583465775,0.1936611510786408,0.09760637660093456,-0.08132919266425642,2.3812009529974523,0.238,True
489,0.21,0.15,0.33,0.24,0.07,0.6957471674081728,0.19243924485709418,0.09442217542832865,-0.08105054523046473,2.3743115399149888,0.238,True
490,0.21,0.19,0.23,0.32,0.05,0.608883319560892,0.17172531647122313,0.07533131228441106,-0.04839805243036588,3.5481865043701495,0.238,True
491,0.19,0.21,0.23,0.32,0.05,0.6003508435201579,0.16965075920681438,0.07324035545891784,-0.045400256390423,3.736779760622707,0.238,True
492,0.19,0.23,0.21,0.32,0.05,0.5873835973572223,0.16648377957018323,0.07128742225426127,-0.043737115213418165,3.806464572659046,0.238,True
493,0.25,0.13,0.31,0.24,0.07,0.7003233955151524,0.19351069555106104,0.09596942663191396,-0.07722917432989496,2.5056683206847934,0.23800000000000002,True
494,0.24,0.13,0.31,0.25,0.07,0.6985914519678904,0.19310541504055712,0.09483191622645719,-0.0771375906536701,2.503389247760611,0.23800000000000002,True
495,0.17,0.23,0.24,0.31,0.05,0.5956957732310217,0.16851583062898134,0.07252814803046076,-0.04733980378838243,3.5597069937652868,0.23800000000000002,True
496,0.17,0.24,0.23,0.31,0.05,0.5892299328222819,0.16693575910880765,0.07149117183588552,-0.04509395899811186,3.7019539383489803,0.23800000000000002,True
497,0.17,0.28,0.21,0.29,0.05,0.5711517347398998,0.16249508084324416,0.06993471037523184,-0.04089980913162061,3.973003402541929,0.23800000000000002,True
498,0.25,0.14,0.25,0.3,0.06,0.6553823739815448,0.18290390409166757,0.08544646916123927,-0.058503169193586,3.1263930931064885,0.2382,True
499,0.21,0.15,0.29,0.29,0.06,0.6615949803782708,0.1843815217729785,0.08557074728143968,-0.06634601460113698,2.7790896390906763,0.23839999999999997,True
500,0.29,0.13,0.29,0.22,0.07,0.6993788328634825,0.19328969891102732,0.09848131469724758,-0.07433215017548267,2.600351240408232,0.2384,True
501,0.24,0.14,0.26,0.3,0.06,0.6576225187078317,0.18343712978050997,0.0853273799220511,-0.060300736022408596,3.0420379895917384,0.2384,True
502,0.26,0.14,0.24,0.3,0.06,0.6531307145030261,0.18236745247586428,0.08563907173632167,-0.057754810689543135,3.1576149293635036,0.2384,True
503,0.18,0.18,0.26,0.32,0.06,0.636861138554562,0.17847671838147194,0.07904938872456373,-0.05765618299417652,3.095534756428443,0.2384,True
504,0.21,0.17,0.23,0.33,0.06,0.6328849371293865,0.17752192533762812,0.07869903258987598,-0.05123738499424624,3.464695268065752,0.2384,True
505,0.19,0.19,0.26,0.31,0.05,0.6172443837422785,0.17375109333483607,0.07654676778021703,-0.05280844329564671,3.2902142629369897,0.2384,True
506,0.19,0.26,0.19,0.31,0.05,0.5718720688036039,0.16267267155618104,0.06966871904074973,-0.042497790152277504,3.827791303342939,0.2384,True
507,0.26,0.13,0.31,0.23,0.07,0.7020550673937074,0.19391563740533946,0.09713239248146321,-0.07732082054621325,2.5079355862427715,0.23840000000000003,True
508,0.23,0.13,0.31,0.26,0.07,0.6968592377346527,0.19269979550666938,0.09372096679300936,-0.07704606945354708,2.50109832822624,0.23840000000000003,True
509,0.31,0.13,0.26,0.23,0.07,0.6909755933270045,0.19132000197531251,0.09783771564263483,-0.06847922635226489,2.793840003260854,0.23840000000000003,True
510,0.28,0.13,0.3,0.22,0.07,0.7015884039135853,0.19380653779001378,0.09836890125965324,-0.07608454817362986,2.5472522666196915,0.2386,True
511,0.3,0.13,0.28,0.22,0.07,0.6971577393191897,0.192769713051838,0.09865663665257249,-0.07257514170839119,2.6561396714372494,0.2386,True
512,0.22,0.13,0.3,0.28,0.07,0.6912270430493068,0.19137903572876658,0.09140095803469284,-0.07448768215208323,2.569270921036629,0.2386,True
513,0.21,0.15,0.3,0.28,0.06,0.6654927163910496,0.18530668684419083,0.0868296734696069,-0.06885396889329931,2.6913000052524843,0.2386,True
514,0.21,0.15,0.28,0.3,0.06,0.6576959256898294,0.1834545948444981,0.08432739815425279,-0.06382967961922559,2.8741268315757194,0.2386,True
515,0.2,0.18,0.26,0.31,0.05,0.6215441804203972,0.17479016000222902,0.07753415235969494,-0.053080295324468674,3.2929387248841318,0.2386,True
516,0.22,0.18,0.23,0.32,0.05,0.6131563410846852,0.17276148855653228,0.07642621616865963,-0.05003243399405344,3.4529898860620234,0.2386,True
517,0.18,0.2,0.26,0.31,0.05,0.6129491417532096,0.17271128669125813,0.07559466555609524,-0.05253600849734563,3.28748398729196,0.2386,True
518,0.2,0.19,0.24,0.32,0.05,0.6111271349202985,0.1722696514499118,0.07527409750054208,-0.04824716914912319,3.5705649572404496,0.2386,True
519,0.19,0.2,0.24,0.32,0.05,0.6068499964094487,0.1712316081961267,0.07425835176602741,-0.047968956372491434,3.569633803713983,0.2386,True
520,0.16,0.23,0.26,0.3,0.05,0.6017508811041463,0.1699916645063939,0.07399160873211554,-0.051742759807080874,3.2853227222551618,0.2386,True
521,0.18,0.22,0.23,0.32,0.05,0.5960913875580267,0.16861236907321198,0.07224781893569959,-0.04516261747562489,3.733449886163379,0.2386,True
522,0.18,0.23,0.22,0.32,0.05,0.5896157307126113,0.16703015749885308,0.07124468417558152,-0.04291013586458703,3.8925571810342388,0.2386,True
523,0.16,0.26,0.23,0.3,0.05,0.5823827922074836,0.16525782863223393,0.0707852525093982,-0.045025013644384715,3.6703559922817264,0.2386,True
524,0.19,0.24,0.2,0.32,0.05,0.5809155112548055,0.16489763359351395,0.07035518585451488,-0.043057127896166336,3.8297406643371557,0.2386,True
525,0.18,0.26,0.2,0.31,0.05,0.5741063683268399,0.16322316943353798,0.06953830804680465,-0.041512072248215626,3.9319446270368745,0.2386,True
526,0.28,0.12,0.28,0.25,0.07,0.6964317910764417,0.19259966108383608,0.09593937066587806,-0.07174924636425362,2.6843440292885314,0.23860000000000003,True
527,0.25,0.12,0.28,0.28,0.07,0.6912782269351503,0.19139105163642522,0.09226798838736082,-0.07017923891359146,2.7271747969805773,0.23860000000000003,True
528,0.28,0.12,0.25,0.28,0.07,0.6846140568605332,0.18982453006793576,0.09265505707198095,-0.06474746714286927,2.931767657398493,0.23860000000000003,True
529,0.25,0.15,0.33,0.2,0.07,0.7027059614054183,0.19406777432593514,0.0987219033751626,-0.08142220194599925,2.3834748961302297,0.2388,True
530,0.2,0.15,0.33,0.25,0.07,0.6940068131172474,0.1920312627199916,0.09341859135555249,-0.08095778934032383,2.3719924208002525,0.2388,True
531,0.18,0.17,0.3,0.29,0.06,0.6550190450734217,0.1828173749207591,0.0839897603872505,-0.06781118802199337,2.6959765822339743,0.239,True
532,0.18,0.17,0.29,0.3,0.06,0.6511450994681829,0.18189398083023423,0.0826904314058555,-0.0652958477776091,2.7856898565701496,0.239,True
533,0.17,0.18,0.29,0.3,0.06,0.6467780696713656,0.1808513215191967,0.0818509886958228,-0.06481334309047182,2.79034089117652,0.239,True
534,0.21,0.18,0.24,0.32,0.05,0.6154088070533914,0.17330695632727533,0.07632379330915781,-0.04908003591651222,3.5311089955614494,0.239,True
535,0.18,0.21,0.24,0.32,0.05,0.602577390798261,0.17019282408889236,0.07327829240857175,-0.04769014463498278,3.5687210720692297,0.239,True
536,0.18,0.24,0.21,0.32,0.05,0.5831504238476062,0.16544618174143944,0.07027025583753745,-0.04207237950933651,3.9324179823184084,0.239,True
537,0.28,0.14,0.31,0.2,0.07,0.7028006105005582,0.19408989393311704,0.09968775162644987,-0.07810001170145775,2.4851455166874747,0.23900000000000002,True
538,0.23,0.14,0.3,0.27,0.06,0.6715914960599816,0.18675139856872747,0.08892723548890885,-0.06941848195859646,2.690225906698916,0.23900000000000002,True
539,0.23,0.14,0.27,0.3,0.06,0.6598511628331702,0.18396714140408243,0.08528226301966126,-0.0620935273970058,2.962742641883693,0.23900000000000002,True
540,0.23,0.15,0.24,0.32,0.06,0.6454402413929896,0.18053153669969801,0.08195433433927012,-0.054689243747387595,3.3010428437003516,0.23900000000000002,True
541,0.24,0.15,0.23,0.32,0.06,0.6431961930389694,0.1799947460806839,0.0821024276317241,-0.053628991018384475,3.3562955905506437,0.23900000000000002,True
542,0.2,0.17,0.24,0.33,0.06,0.6351065492056465,0.1780555850775991,0.0786796822295661,-0.05341759164057169,3.3332761663175106,0.23900000000000002,True
543,0.24,0.14,0.33,0.22,0.07,0.7036852466660874,0.19429659484128692,0.09745117506391712,-0.08169012384519792,2.3784588111223495,0.2394,True
544,0.24,0.13,0.32,0.24,0.07,0.7024995990012552,0.19401954434188484,0.0960584454119441,-0.07959778095316627,2.437499412905016,0.2394,True
545,0.28,0.12,0.29,0.24,0.07,0.7003682797474462,0.19352119494992936,0.09706882415003441,-0.0740693434158306,2.6127029891906495,0.2394,True
546,0.22,0.14,0.33,0.24,0.07,0.7002033927262854,0.1934826233792779,0.09530303108516576,-0.08150435030729952,2.3738932050839208,0.2394,True
547,0.29,0.12,0.28,0.24,0.07,0.6981490796373955,0.1930018542831924,0.09720904407380582,-0.07231441076553968,2.6689265976175864,0.2394,True
548,0.24,0.12,0.29,0.28,0.07,0.6934766039945921,0.1919069130377169,0.0922744608488497,-0.07256977806232456,2.644446740251884,0.2394,True
549,0.24,0.12,0.28,0.29,0.07,0.689559809344428,0.19098750398987918,0.09109374941979012,-0.0700897633440637,2.724898685309301,0.2394,True
550,0.29,0.12,0.24,0.28,0.07,0.6823696066992753,0.18929600556032766,0.09291816487856014,-0.06312568552632847,2.9987160374104147,0.2394,True
551,0.28,0.12,0.24,0.29,0.07,0.6806720674279974,0.1888959556373606,0.09159703731713613,-0.06239960818596546,3.0271977842297724,0.2394,True
552,0.19,0.16,0.3,0.29,0.06,0.6594001416279605,0.18385991876833208,0.08485135658060579,-0.06828838430199269,2.692403995901349,0.2394,True
553,0.19,0.16,0.29,0.3,0.06,0.6555167649545266,0.18293590697833784,0.08356514026961367,-0.0657771014972578,2.7811488012430026,0.2394,True
554,0.24,0.14,0.25,0.31,0.06,0.6537001747334761,0.18250317079569722,0.08417902377087026,-0.057927803360340646,3.1505280747559836,0.2394,True
555,0.25,0.14,0.24,0.31,0.06,0.6514537693353804,0.18196760834180492,0.08433193682189166,-0.05612436409271904,3.242221293433085,0.2394,True
556,0.22,0.16,0.23,0.33,0.06,0.6372025661049492,0.17855863220623802,0.07974936933795902,-0.051956048488869366,3.436724643223992,0.2394,True
557,0.16,0.24,0.24,0.31,0.05,0.5914358952708139,0.1674753158706721,0.07162806596133163,-0.047104035700583635,3.5554345478002647,0.2394,True
558,0.26,0.13,0.27,0.28,0.06,0.6676058804474809,0.18580766325309428,0.08883603686225983,-0.06413274406044744,2.8972355069972338,0.23940000000000003,True
559,0.27,0.13,0.26,0.28,0.06,0.6653581512156364,0.1852747705803086,0.08899873509291611,-0.06234638444866136,2.9717003194126144,0.23940000000000003,True
560,0.18,0.17,0.28,0.31,0.06,0.6472698479433177,0.18096882910967693,0.08140604038818088,-0.06277208321935224,2.882950825087248,0.23940000000000003,True
561,0.17,0.18,0.28,0.31,0.06,0.6429122442864148,0.1799267889068512,0.08055355913647054,-0.06228548385624677,2.888743536489456,0.23940000000000003,True
562,0.25,0.13,0.32,0.23,0.07,0.7042364514250024,0.19442535118163806,0.09718354352635798,-0.07969005222349601,2.439769403543109,0.2396,True
563,0.23,0.13,0.32,0.25,0.07,0.7007624788478786,0.19361339876236427,0.09495985540689199,-0.07950557252446688,2.4352179679327772,0.2396,True
564,0.19,0.19,0.25,0.32,0.05,0.6133594977231425,0.17281070675265986,0.07530230597419088,-0.05053165765287648,3.419850342923051,0.2396,True
565,0.21,0.2,0.21,0.33,0.05,0.5984729965915132,0.1691931962833244,0.07323746999458913,-0.04691982950598017,3.606006203875056,0.2396,True
566,0.16,0.23,0.25,0.31,0.05,0.597898944500447,0.16905324916796238,0.07270306498715143,-0.049426180583871604,3.4203178795313716,0.2396,True
567,0.2,0.21,0.21,0.33,0.05,0.5942271729951771,0.168157320799718,0.07214609815440141,-0.04527363176404209,3.7142441250598868,0.2396,True
568,0.17,0.23,0.23,0.32,0.05,0.5918364520046158,0.1675732346132548,0.07129300867793134,-0.04492448725916409,3.7301090081795367,0.2396,True
569,0.16,0.25,0.23,0.31,0.05,0.5849831748485339,0.16589563615077307,0.07057936050341068,-0.044855260692557186,3.69846554427227,0.2396,True
570,0.19,0.25,0.19,0.32,0.05,0.5744577879192392,0.16330970652404764,0.0694543033648856,-0.042378244554214684,3.853621315416328,0.2396,True
571,0.17,0.29,0.2,0.29,0.05,0.5647309428030838,0.16090969900269325,0.06899731569325585,-0.04008001842439701,4.014711203444614,0.2396,True
572,0.22,0.14,0.29,0.29,0.06,0.665976836839191,0.18542149665834606,0.08654089553424858,-0.06682483106923176,2.7747394747058314,0.23979999999999999,True
573,0.26,0.13,0.26,0.29,0.06,0.6636704167112968,0.18487432640827972,0.08769818510631601,-0.0617736369352192,2.9927706312994617,0.2398,True
574,0.19,0.16,0.31,0.28,0.06,0.6632822038768962,0.18478217789296703,0.0861520458866932,-0.07079130923664079,2.610238175921824,0.2398,True
575,0.23,0.14,0.26,0.31,0.06,0.6559350748453299,0.18303550916114975,0.08410103680036587,-0.059726444376344556,3.0645639644613327,0.2398,True
576,0.19,0.16,0.28,0.31,0.06,0.6516320772687174,0.1820101362341362,0.08229407325872726,-0.06325741888900527,2.8772931211989627,0.2398,True
577,0.21,0.16,0.24,0.33,0.06,0.639432766296733,0.17909341223315245,0.07968625140873956,-0.05368715956271142,3.3358705078065323,0.2398,True
578,0.21,0.18,0.21,0.34,0.06,0.6224528564128604,0.1750095107525551,0.07662661507930657,-0.04712779305804671,3.7135095746367353,0.2398,True
579,0.2,0.18,0.25,0.32,0.05,0.6176498032666209,0.1738491435153131,0.07630530227954459,-0.05080632221814585,3.4218013807191423,0.2398,True
580,0.22,0.19,0.19,0.34,0.06,0.6136838655253558,0.17288928187655328,0.07593139104807924,-0.04740977355337517,3.646701279471626,0.2398,True
581,0.18,0.2,0.25,0.32,0.05,0.6090737368476946,0.1717715301108036,0.07433478415810477,-0.05025640347704341,3.417903356121912,0.2398,True
582,0.2,0.2,0.22,0.33,0.05,0.6007258094455417,0.16974208186796647,0.07310128764071125,-0.04595420238801029,3.693722729311327,0.2398,True
583,0.2,0.22,0.2,0.33,0.05,0.5877389041126893,0.166570785238481,0.07122052979582837,-0.04459416409022621,3.735259728189157,0.2398,True
584,0.18,0.25,0.2,0.32,0.05,0.5766954705486502,0.16386043411649642,0.06932594683401544,-0.04139174526882983,3.9587708382978475,0.2398,True
585,0.17,0.28,0.2,0.3,0.05,0.5673114636381302,0.16154738545690184,0.06877218456910827,-0.03995893422021979,4.04283519091349,0.2398,True
586,0.29,0.13,0.3,0.21,0.07,0.7033143316170853,0.19420993687761023,0.09961444713287707,-0.07664817740842222,2.5337841478311542,0.24,True
587,0.3,0.13,0.29,0.21,0.07,0.701099553211628,0.19369222970522504,0.09976070541114232,-0.07489681696871564,2.5861209800962595,0.24,True
588,0.25,0.13,0.27,0.29,0.06,0.6659128962492356,0.1854063343366752,0.08757386964190285,-0.06356106169078946,2.916979820737358,0.24,True
589,0.27,0.13,0.25,0.29,0.06,0.6614164099074968,0.18433910170835577,0.08789386265862421,-0.060141555616865294,3.0650870237327577,0.24,True
590,0.21,0.19,0.22,0.33,0.05,0.6049848011231225,0.1707783563698846,0.07417991221256497,-0.04759974091353669,3.587800124376678,0.24,True
591,0.19,0.21,0.22,0.33,0.05,0.5964713296008441,0.1687050681240101,0.07205686284478678,-0.044298977204464074,3.808328741888186,0.24,True
592,0.19,0.22,0.21,0.33,0.05,0.5899858494633645,0.1671207051060064,0.07108905777191733,-0.04361775136537771,3.8314837394084726,0.24,True
593,0.25,0.14,0.33,0.21,0.07,0.7054257773357917,0.19470307217064087,0.09856537675759874,-0.08178310556745871,2.380724855331401,0.24000000000000002,True
594,0.26,0.15,0.33,0.19,0.07,0.7044449991993547,0.19447405877551094,0.09986271859080403,-0.08151527473788223,2.3857376350733674,0.24000000000000002,True
595,0.21,0.14,0.33,0.25,0.07,0.6984620714216889,0.19307512850752273,0.09427128109955674,-0.08141155836241332,2.3715935721071157,0.24000000000000002,True
596,0.22,0.14,0.3,0.28,0.06,0.669884029401145,0.1863472794017853,0.08778615912276012,-0.06932875059383747,2.6878788064925754,0.24000000000000002,True
597,0.22,0.14,0.28,0.3,0.06,0.6620683205088431,0.18449395073698827,0.0853113931228716,-0.0643125551780086,2.868708143010856,0.24000000000000002,True
598,0.19,0.17,0.25,0.33,0.06,0.637316712373144,0.17858601514597194,0.0787416666473829,-0.055671784909056776,3.2078370657183526,0.24000000000000002,True
599,0.19,0.18,0.27,0.31,0.05,0.6237675256311195,0.17532672171049346,0.0776340527552455,-0.05534632025313191,3.167811715550722,0.24000000000000002,True
600,0.18,0.27,0.19,0.31,0.05,0.5676687921704604,0.1616356316505676,0.06863172974382345,-0.04083267680415226,3.95848727786886,0.24000000000000002,True
601,0.2,0.15,0.3,0.29,0.06,0.6637858846156215,0.18490173179287184,0.08574659352547563,-0.06876434703599532,2.6889186004497847,0.2402,True
602,0.2,0.15,0.29,0.3,0.06,0.6598930668529772,0.18397710238720655,0.0844737355536057,-0.0662571091081049,2.7767149044645167,0.2402,True
603,0.28,0.13,0.31,0.21,0.07,0.7055175922136578,0.1947245066083121,0.09953044091088445,-0.07839494899794541,2.4838909789126267,0.2404,True
604,0.29,0.12,0.29,0.23,0.07,0.7020904992044812,0.19392392006922776,0.09832579852737132,-0.07463327779575657,2.5983572716707575,0.2404,True
605,0.31,0.13,0.28,0.21,0.07,0.698873242846008,0.19317137379809424,0.09996881766626119,-0.07314084957235634,2.641087366738813,0.2404,True
606,0.21,0.13,0.31,0.28,0.07,0.6933940011412971,0.19188753789459279,0.09158333869925255,-0.07686321422606257,2.496480791581678,0.2404,True
607,0.23,0.12,0.29,0.29,0.07,0.691752990488957,0.1915024953770743,0.09113975851867133,-0.07247966396866579,2.6421548458042543,0.2404,True
608,0.29,0.12,0.23,0.29,0.07,0.6784213068578848,0.18836511540705425,0.09189256097172664,-0.06233122029193061,3.022002690222318,0.2404,True
609,0.28,0.12,0.3,0.23,0.07,0.7043033846977713,0.19444098428529588,0.09821463272992782,-0.07638257692882877,2.545619591578728,0.2406,True
610,0.3,0.12,0.28,0.23,0.07,0.6998660834840402,0.19340370977873955,0.0984999232604266,-0.07287938346787692,2.6537506298195592,0.2406,True
611,0.23,0.12,0.3,0.28,0.07,0.6956634981567802,0.1924196371027136,0.09234903214674255,-0.07495080944799803,2.5672789729671583,0.2406,True
612,0.28,0.12,0.23,0.3,0.07,0.6767287113353799,0.18796560524564399,0.09055847622327409,-0.06063863513889145,3.09976642474081,0.2406,True
613,0.25,0.13,0.26,0.3,0.06,0.6619823782217138,0.18447353909044106,0.08642151002041176,-0.061200693031142506,3.014239381187564,0.2406,True
614,0.26,0.13,0.25,0.3,0.06,0.6597336266386995,0.18393920104066241,0.0865788084628943,-0.0594074467881035,3.0962313815091735,0.2406,True
615,0.2,0.16,0.25,0.33,0.06,0.6416515003807943,0.17962496170397202,0.07970317606138046,-0.055938475360755024,3.2111165087275904,0.2406,True
616,0.16,0.21,0.28,0.3,0.05,0.6147145406681571,0.173138883602016,0.07625069238025563,-0.05680667214355828,3.047861757584923,0.2406,True
617,0.18,0.22,0.22,0.33,0.05,0.5922213608664111,0.1676673126531889,0.07104848110987622,-0.042802568694077614,3.9172254789556176,0.2406,True
618,0.16,0.28,0.21,0.3,0.05,0.5695223750747462,0.16209317915368437,0.06878473100520531,-0.04048881206769306,4.003406641881257,0.2406,True
619,0.2,0.15,0.31,0.28,0.06,0.6676773828610267,0.18582460721627392,0.0870341335327753,-0.07126325132283395,2.6075796959425643,0.24060000000000004,True
620,0.2,0.15,0.28,0.31,0.06,0.6559989329852198,0.18305071270483597,0.0832162310987342,-0.06374149578151711,2.8717668209774665,0.24060000000000004,True
621,0.24,0.14,0.24,0.32,0.06,0.649776515498115,0.18156741973504853,0.08304966857340708,-0.05554772178269041,3.26867446419068,0.24080000000000001,True
622,0.15,0.27,0.23,0.3,0.05,0.5781442060523299,0.16421671200882315,0.06991842969557,-0.04478574457583018,3.6667183623747786,0.24080000000000001,True
623,0.24,0.13,0.3,0.27,0.06,0.6759883765372634,0.18779077650208365,0.08993995475649179,-0.0700318352797793,2.68150585732694,0.241,True
624,0.24,0.13,0.27,0.3,0.06,0.6642196120048434,0.18500466219712997,0.08633692379002349,-0.06298918355565852,2.937086206771613,0.241,True
625,0.27,0.13,0.24,0.3,0.06,0.6574733431045217,0.18340163618005456,0.08680827906331262,-0.05934703815197151,3.0903250084766354,0.241,True
626,0.26,0.14,0.33,0.2,0.07,0.7071660424950375,0.1951092110564452,0.0997049179038547,-0.08187615067823639,2.3829797742104577,0.24100000000000002,True
627,0.2,0.14,0.33,0.26,0.07,0.6967204885376386,0.19266729371401037,0.09326925207725849,-0.08131882954755687,2.369282671503956,0.24100000000000002,True
628,0.23,0.14,0.25,0.32,0.06,0.6520176707549017,0.18210209295014712,0.08293790373956306,-0.05735223956434088,3.1751522579315328,0.24100000000000002,True
629,0.25,0.14,0.23,0.32,0.06,0.6475238502697811,0.18102951234502918,0.08323729349214772,-0.05524225694105189,3.2770115192469924,0.24100000000000002,True
630,0.22,0.15,0.24,0.33,0.06,0.6437635676453097,0.18013051183408968,0.0807247365102123,-0.054329596842626726,3.3155135009719086,0.24100000000000002,True
631,0.19,0.18,0.26,0.32,0.05,0.6198793438756263,0.1743880623925418,0.07637097806695267,-0.053079583529776264,3.2854075106809124,0.24100000000000002,True
632,0.18,0.19,0.26,0.32,0.05,0.6155804221207155,0.17334849464504143,0.07541602242834466,-0.052807850569244974,3.2826273513582223,0.24100000000000002,True
633,0.16,0.23,0.24,0.32,0.05,0.5940457753845263,0.16811302333865563,0.07143240432827504,-0.04713071652366352,3.5669524195383064,0.24100000000000002,True
634,0.16,0.24,0.23,0.32,0.05,0.5875860361373182,0.16653335331589836,0.07037780561147838,-0.04468586421586895,3.726756911568438,0.24100000000000002,True
635,0.18,0.26,0.19,0.32,0.05,0.5702508744013266,0.16227290687876228,0.06841321246493559,-0.0407122193068874,3.9858526418212263,0.24100000000000002,True
636,0.2,0.17,0.23,0.34,0.06,0.6312149707170644,0.17712045916792096,0.07751150928934734,-0.0511553792274585,3.462401449129491,0.24100000000000005,True
637,0.21,0.14,0.3,0.29,0.06,0.6681762747590125,0.18594281640424848,0.08667415473286871,-0.06923908100087695,2.6855182610221737,0.24139999999999998,True
638,0.21,0.14,0.29,0.3,0.06,0.6642740058861318,0.18501756946760528,0.08541485774880815,-0.06673587544371362,2.77238544092604,0.24139999999999998,True
639,0.23,0.14,0.34,0.22,0.07,0.7058404245671206,0.1947998666080235,0.09762967585684479,-0.08404513004895453,2.317800763643969,0.24140000000000003,True
640,0.22,0.14,0.34,0.23,0.07,0.7040944704846168,0.19439218840059858,0.09658126895074777,-0.08395159541927633,2.315527029948066,0.24140000000000003,True
641,0.28,0.11,0.28,0.26,0.07,0.6991402286438366,0.19323386040286272,0.09578814045719661,-0.07205439737822772,2.681777482483687,0.24140000000000003,True
642,0.26,0.11,0.28,0.28,0.07,0.6957023694472588,0.19242874660729403,0.09331907898023797,-0.07092534483691704,2.713116827979577,0.24140000000000003,True
643,0.28,0.11,0.26,0.28,0.07,0.6912540328989321,0.19138537188480664,0.09358048894761298,-0.06740162134243732,2.8394772718072114,0.24140000000000003,True
644,0.18,0.17,0.26,0.33,0.06,0.6395154407831587,0.17911322743393643,0.07888497702897938,-0.057917867627684694,3.0925383611381516,0.24140000000000003,True
645,0.18,0.16,0.3,0.3,0.06,0.6576939492000868,0.18345412460279897,0.08383151152492457,-0.06819887252958001,2.6899876463973666,0.24159999999999998,True
646,0.16,0.18,0.3,0.3,0.06,0.6489382551153875,0.18136731121470362,0.08221034456947977,-0.06724333993968945,2.6971788042856284,0.24159999999999998,True
647,0.25,0.13,0.33,0.22,0.07,0.7081481236116449,0.19533828494674,0.09841199484711811,-0.08214284274643724,2.378031711779446,0.2416,True
648,0.22,0.13,0.33,0.25,0.07,0.7029220540854819,0.1941182742440517,0.09515389813859806,-0.08186417072425867,2.371223851981548,0.2416,True
649,0.25,0.13,0.25,0.31,0.06,0.6580505364283233,0.18353895693145494,0.08528750684126422,-0.05883323634512727,3.119647470262889,0.2416,True
650,0.21,0.15,0.25,0.33,0.06,0.6459908836917447,0.18066317924616815,0.08069795891132896,-0.05622996833957716,3.2129340382183593,0.2416,True
651,0.22,0.17,0.23,0.33,0.05,0.6157836649500483,0.1733976844531646,0.07624855398586021,-0.04991602290360719,3.473788061761507,0.2416,True
652,0.15,0.23,0.26,0.31,0.05,0.6000907366943682,0.1695874020096242,0.0729669179220737,-0.051715188685872104,3.279257145124817,0.2416,True
653,0.17,0.22,0.23,0.33,0.05,0.5944454524731273,0.16821062039145773,0.07109914242480429,-0.0451117690437034,3.7287524731849593,0.2416,True
654,0.17,0.23,0.22,0.33,0.05,0.5879759025196842,0.16662881295718535,0.07007804164834495,-0.04251666263492915,3.9191414055225744,0.2416,True
655,0.15,0.26,0.23,0.31,0.05,0.5807409340909766,0.16485476273356126,0.0697090838755447,-0.044616067352434285,3.694964001002806,0.2416,True
656,0.17,0.29,0.19,0.3,0.05,0.5608940074466962,0.1599602354799361,0.06786058725816188,-0.039279030592619724,4.072407925209631,0.2416,True
657,0.18,0.16,0.31,0.29,0.06,0.661571104164715,0.18437585006767598,0.08514557403378052,-0.07070108435376543,2.607822097114079,0.2418,True
658,0.18,0.16,0.29,0.31,0.06,0.6538154823815088,0.18253064804353558,0.08253167234395678,-0.06568830810380721,2.7787387636028384,0.2418,True
659,0.21,0.14,0.31,0.28,0.06,0.6720772190219042,0.186866308043383,0.08794833519473513,-0.07173397704206197,2.6049902117348376,0.24180000000000001,True
660,0.21,0.14,0.28,0.31,0.06,0.6603704158154025,0.18409056093343001,0.08417111010015287,-0.0642243187877336,2.8663684474702444,0.24180000000000001,True
661,0.24,0.13,0.26,0.31,0.06,0.6602940367296435,0.18407240825480886,0.08516997397885236,-0.060627552635405646,3.036118072615604,0.24180000000000001,True
662,0.26,0.13,0.24,0.31,0.06,0.6557955136418145,0.18300228063687807,0.08547863417731985,-0.057641700045763966,3.17482448455867,0.24180000000000001,True
663,0.19,0.16,0.26,0.33,0.06,0.6438587825084543,0.1801532925160132,0.07980026902271593,-0.05819268512092857,3.0958064942636994,0.24180000000000001,True
664,0.21,0.16,0.23,0.34,0.06,0.6355317153056039,0.17815766031098956,0.07853251854469981,-0.051595608000040816,3.452961738736534,0.24180000000000001,True
665,0.15,0.28,0.22,0.3,0.05,0.5717219273594212,0.16263566025472587,0.06889244068315661,-0.04252050352422665,3.824876160322559,0.24180000000000001,True
666,0.28,0.11,0.29,0.25,0.07,0.7030812539761977,0.19415547583180492,0.09691765109750775,-0.0743704628341112,2.6106530527433054,0.242,True
667,0.29,0.11,0.28,0.25,0.07,0.7008587327678053,0.19363591054677798,0.09705661232734547,-0.07261863682029956,2.6664768029995525,0.242,True
668,0.25,0.11,0.29,0.28,0.07,0.6979092592745735,0.19294570406107492,0.09328861153780478,-0.07303568922916515,2.641800277336555,0.242,True
669,0.25,0.11,0.28,0.29,0.07,0.6939830163401561,0.19202568222992156,0.0921206590269304,-0.07055962378640046,2.721466922942016,0.242,True
670,0.29,0.11,0.25,0.28,0.07,0.6890125578753681,0.19085893177007662,0.09381059467986035,-0.06563279591409044,2.9079811260806263,0.242,True
671,0.28,0.11,0.25,0.29,0.07,0.6873088693106368,0.19045848627224493,0.09250357123317124,-0.0650648493285575,2.9272101332393485,0.242,True
672,0.21,0.17,0.24,0.33,0.05,0.618039515393116,0.1739433794390397,0.07614797347132746,-0.049230936152006466,3.5332129151874847,0.24200000000000002,True
673,0.17,0.21,0.24,0.33,0.05,0.6009253459776158,0.16979067302164386,0.07214750111933121,-0.04769181692622948,3.560163649967016,0.24200000000000002,True
674,0.17,0.24,0.21,0.33,0.05,0.5815166997028873,0.1650452431076559,0.06908560736182358,-0.040276598865597646,4.097794941881989,0.24200000000000002,True
675,0.17,0.28,0.19,0.31,0.05,0.5634699871252207,0.16059784238027675,0.06763345809815015,-0.039157734321399795,4.101305787053916,0.24200000000000002,True
676,0.19,0.15,0.3,0.3,0.06,0.6620787670679764,0.1844964317897655,0.08469522050158695,-0.06867478693356,2.6865235412853647,0.2422,True
677,0.16,0.29,0.2,0.3,0.05,0.5631076699047219,0.160508203915249,0.06782989480186472,-0.03827563819639479,4.193482107121793,0.2422,True
678,0.2,0.2,0.21,0.34,0.05,0.596835558152867,0.16879391955632506,0.07195556903734611,-0.04515509293136388,3.7380926180994294,0.24220000000000003,True
679,0.2,0.21,0.2,0.34,0.05,0.5903402478679667,0.16720739364326898,0.07102446416967974,-0.04447549383791227,3.7595398997174545,0.24220000000000003,True
680,0.26,0.13,0.33,0.21,0.07,0.7098896165853121,0.1957442785109489,0.09955022561395543,-0.0822358598686499,2.3802788567371795,0.2424,True
681,0.21,0.13,0.33,0.26,0.07,0.7011795039842115,0.19371092611280516,0.09412367888132096,-0.08177140628355617,2.3689323067415495,0.2424,True
682,0.23,0.13,0.31,0.27,0.06,0.678195316123654,0.18831178944378846,0.09001918709672767,-0.07229391425300569,2.6048083215518965,0.2424,True
683,0.19,0.15,0.31,0.29,0.06,0.6659653525901292,0.18541877341086388,0.08599632368621599,-0.07117298049300447,2.6051848907618607,0.2424,True
684,0.23,0.13,0.27,0.31,0.06,0.6625260286970682,0.18460264646141078,0.08512649233576106,-0.062417109554481986,2.9575648052122117,0.2424,True
685,0.19,0.15,0.29,0.31,0.06,0.6581908645991223,0.1835723377571976,0.08340855856790938,-0.0661682649784403,2.774325997772667,0.2424,True
686,0.18,0.16,0.28,0.32,0.06,0.6499357071210932,0.1816054141097343,0.08124673676507985,-0.06316934918395967,2.8748976593200144,0.2424,True
687,0.16,0.18,0.28,0.32,0.06,0.6412177056968646,0.17952107376190019,0.07957425057306494,-0.06219752221007824,2.8863058749438624,0.2424,True
688,0.21,0.19,0.21,0.34,0.05,0.6010850374679675,0.16982955819836798,0.07305042832698352,-0.046802187391431826,3.6286671128849637,0.2424,True
689,0.19,0.21,0.21,0.34,0.05,0.5925905806496194,0.16775754177698077,0.0708949867290081,-0.04349830728424431,3.856645286924645,0.2424,True
690,0.19,0.14,0.33,0.27,0.07,0.6949786450568765,0.19225911862639355,0.09229810435981772,-0.08122616379832492,2.366960467365546,0.24240000000000003,True
691,0.2,0.16,0.24,0.34,0.06,0.6377566771027767,0.17869154788766606,0.0785150726757304,-0.05368618644428946,3.3284455410722003,0.24240000000000003,True
692,0.18,0.18,0.27,0.32,0.05,0.6220974430317177,0.17492372513952148,0.07652078496819187,-0.055344613776688756,3.160627804637416,0.2426,True
693,0.15,0.24,0.24,0.32,0.05,0.589786764136804,0.16707200167399083,0.07057025552476502,-0.04685009625208758,3.5660972983923447,0.2426,True
694,0.18,0.27,0.18,0.32,0.05,0.5638166389912629,0.16068359222154416,0.06753354677514704,-0.04003379891879322,4.013698338933152,0.2426,True
695,0.2,0.13,0.32,0.28,0.07,0.6955495218375436,0.19239292589784962,0.09183439827182223,-0.07922932364683077,2.428304534763569,0.24260000000000004,True
696,0.2,0.15,0.33,0.26,0.06,0.6754564071516627,0.187665121084845,0.08965073438569955,-0.076236224620574,2.4616266350917844,0.24260000000000004,True
697,0.2,0.15,0.26,0.33,0.06,0.6482067305828108,0.18119262712033546,0.0807501383161203,-0.058684974502091536,3.087547172979989,0.24260000000000004,True
698,0.16,0.2,0.28,0.31,0.05,0.6173500291774345,0.17377664512353852,0.0760727664441805,-0.05707149964767322,3.044893619343036,0.24260000000000004,True
699,0.2,0.19,0.22,0.34,0.05,0.6033412387770711,0.17037867129133244,0.07291615460933368,-0.04583579555826578,3.71715313798251,0.24260000000000004,True
700,0.19,0.2,0.22,0.34,0.05,0.5990830988350664,0.169341895272493,0.07186836805294564,-0.04417966499817383,3.8330280521478097,0.24260000000000004,True
701,0.19,0.22,0.2,0.34,0.05,0.5861084271882744,0.1661714155727081,0.06995125539994614,-0.04281805741274347,3.880872361184053,0.24260000000000004,True
702,0.16,0.28,0.2,0.31,0.05,0.5656870222820096,0.16114604268234012,0.06760514486564216,-0.03815354357525835,4.223619291468366,0.24260000000000004,True
703,0.29,0.11,0.29,0.24,0.07,0.7048046914788393,0.1945580577466024,0.09817341446160066,-0.07493347620223512,2.5964104110360107,0.2428,True
704,0.24,0.11,0.29,0.29,0.07,0.6961847035853048,0.19254177025093466,0.09212862927035373,-0.07294553147005345,2.6395279651911157,0.2428,True
705,0.29,0.11,0.24,0.29,0.07,0.6850610780318367,0.18992973881441988,0.09276541107766428,-0.06329030541943814,3.0009294086308422,0.2428,True
706,0.2,0.17,0.25,0.33,0.05,0.620283888347738,0.1744857948340648,0.07613145166175156,-0.05108056791690241,3.415893791899834,0.24280000000000002,True
707,0.17,0.2,0.25,0.33,0.05,0.6074155794475349,0.17136897839958065,0.07322176097642545,-0.0502569369726501,3.4098572002674956,0.24280000000000002,True
708,0.15,0.23,0.25,0.32,0.05,0.596243715003627,0.16864953600728794,0.0716625405074258,-0.04942708423946163,3.4120874941808,0.24280000000000002,True
709,0.15,0.25,0.23,0.32,0.05,0.5833401392335598,0.16549272265640957,0.06950412783409857,-0.04444674681424343,3.723393375628915,0.24280000000000002,True
710,0.17,0.25,0.2,0.33,0.05,0.5750678476083535,0.163459903171723,0.06812329809333777,-0.03959519094804809,4.128276673452462,0.24280000000000002,True
711,0.28,0.11,0.3,0.24,0.07,0.7070208930656781,0.19507534698719442,0.09806350202566157,-0.07667968723553442,2.5440289862944803,0.243,True
712,0.3,0.11,0.28,0.24,0.07,0.702576951931897,0.1940376233367771,0.09834633463293392,-0.0731826851728341,2.6514143732021074,0.243,True
713,0.24,0.11,0.3,0.28,0.07,0.7001046490057157,0.1934595233362968,0.09332530003987999,-0.07541275341833908,2.5653422606533653,0.243,True
714,0.24,0.11,0.28,0.3,0.07,0.6922633822041631,0.1916222790471822,0.09094782896174251,-0.0704701634740611,2.719197311323326,0.243,True
715,0.3,0.11,0.24,0.28,0.07,0.6867595261504793,0.19032930778309654,0.09410619048766128,-0.0646957055476941,2.9419156367772277,0.243,True
716,0.28,0.11,0.24,0.3,0.07,0.6833623331279282,0.18952983133848345,0.09144544012734132,-0.0627211133895682,3.021786781132079,0.243,True
717,0.25,0.12,0.29,0.28,0.06,0.6764588303192944,0.18790187928692514,0.08977657180165978,-0.06857307784425681,2.7401698333227498,0.243,True
718,0.22,0.13,0.3,0.29,0.06,0.6725713127807056,0.18698317499948902,0.0876327455474775,-0.06971259094888149,2.6822009116918224,0.243,True
719,0.25,0.12,0.28,0.29,0.06,0.6725264205482331,0.18697255768506005,0.08858937082694175,-0.06623090968703671,2.823040761006729,0.243,True
720,0.22,0.13,0.29,0.3,0.06,0.6686595827765909,0.18605731061745634,0.08638717169819549,-0.06721340531267517,2.7681577767399546,0.243,True
721,0.28,0.12,0.25,0.29,0.06,0.665773145670673,0.185373193735352,0.08907270000525867,-0.061723049456418155,3.0033058212109496,0.243,True
722,0.24,0.13,0.25,0.32,0.06,0.6563671402591162,0.1831383690086832,0.08402124582656337,-0.05825882868039867,3.1435298847726503,0.243,True
723,0.25,0.13,0.24,0.32,0.06,0.6541173742811814,0.18260258135536622,0.08417260341487103,-0.0564586596574429,3.234270570064691,0.243,True
724,0.22,0.18,0.19,0.35,0.06,0.6163086477885238,0.1735247242398723,0.07575296701940427,-0.04729218527009538,3.669205033534335,0.243,True
725,0.19,0.15,0.32,0.28,0.06,0.6698506177534633,0.18633936886438818,0.0873112254979771,-0.07366288709694457,2.529623480805944,0.24300000000000002,True
726,0.19,0.15,0.28,0.32,0.06,0.654301648595697,0.18264648502741765,0.08213701423027205,-0.06365337291070794,2.8693920946440903,0.24300000000000002,True
727,0.22,0.14,0.25,0.33,0.06,0.6503348630285608,0.18170067017976987,0.08172451230482022,-0.056776477703402994,3.2002807769964803,0.24300000000000002,True
728,0.22,0.15,0.23,0.34,0.06,0.639853034130639,0.17919413399484063,0.07958554357755966,-0.052312579191272524,3.4254501835905686,0.24300000000000002,True
729,0.21,0.18,0.22,0.34,0.05,0.6076038922992826,0.17141470913810108,0.07399809110922227,-0.04748223092102111,3.6100811990746875,0.24300000000000002,True
730,0.16,0.22,0.24,0.33,0.05,0.5966581384347913,0.1687506407383461,0.07124104174123003,-0.04741253004897472,3.5591992362363984,0.24300000000000002,True
731,0.18,0.21,0.22,0.34,0.05,0.5948294717507034,0.16830437860281777,0.07085658205802374,-0.04309158100540533,3.90573691370725,0.24300000000000002,True
732,0.18,0.22,0.21,0.34,0.05,0.5883501042356463,0.16672042237465234,0.06987058303534817,-0.0418317446660843,3.9855000958117666,0.24300000000000002,True
733,0.16,0.24,0.22,0.33,0.05,0.5837349538380532,0.1655895665240641,0.06914749355523639,-0.042260386751797774,3.9183164010447644,0.24300000000000002,True
734,0.2,0.14,0.3,0.3,0.06,0.6664682331163339,0.1855380091989416,0.08559255687219254,-0.06914947311595077,2.6831442213280345,0.2432,True
735,0.24,0.12,0.33,0.24,0.07,0.7091300140888377,0.19556722659972792,0.09715031615116415,-0.08240849344496781,2.3731440586318597,0.2434,True
736,0.22,0.13,0.31,0.28,0.06,0.6764817130820997,0.18790728277042779,0.08889339562492048,-0.0722034910908077,2.60246810689671,0.2434,True
737,0.2,0.14,0.31,0.29,0.06,0.6703642592170362,0.1864609668939412,0.08688045031576434,-0.07164366080150131,2.6026164046887157,0.2434,True
738,0.22,0.13,0.28,0.31,0.06,0.6647465264818604,0.18512968331872237,0.0851573335343255,-0.0647058927731965,2.861094645083233,0.2434,True
739,0.2,0.14,0.29,0.31,0.06,0.6625708849762022,0.18461329777705715,0.08431931614939753,-0.06664698113680478,2.770017405561184,0.2434,True
740,0.23,0.13,0.26,0.32,0.06,0.6586053932178433,0.1836709335282658,0.08394489745285755,-0.060054215646905384,3.0584186563717184,0.2434,True
741,0.18,0.16,0.27,0.33,0.06,0.6460546268309695,0.1806784164790518,0.07997742157533057,-0.060641953596925036,2.979429351501193,0.2434,True
742,0.21,0.15,0.24,0.34,0.06,0.6420865884218525,0.17972914100403536,0.07952423410234356,-0.05396999184363749,3.3301680223474706,0.2434,True
743,0.24,0.13,0.34,0.22,0.07,0.7103117461978585,0.19584264790282013,0.09855351419856818,-0.08449395423173811,2.3178303073103965,0.24340000000000003,True
744,0.22,0.13,0.34,0.24,0.07,0.7068176367996064,0.19502792308302452,0.09643221689593418,-0.08430688190620805,2.313309645350119,0.24340000000000003,True
745,0.19,0.16,0.25,0.34,0.06,0.6399701822582335,0.1792222067515401,0.07857906526519316,-0.05593652043146102,3.204028519634877,0.24340000000000003,True
746,0.25,0.12,0.33,0.23,0.07,0.7108730013276492,0.19597341282146918,0.09826175786546103,-0.08250141912873288,2.3753944464358585,0.2436,True
747,0.23,0.12,0.33,0.25,0.07,0.7073867618311906,0.19516070227432936,0.09606537467556303,-0.08231563084272864,2.370882665616708,0.2436,True
748,0.21,0.16,0.25,0.33,0.05,0.6245824179602852,0.17552325766579302,0.07717112028891868,-0.051626183857352737,3.3998882844174148,0.2436,True
749,0.15,0.21,0.28,0.31,0.05,0.6130421911773412,0.17273383196118286,0.07525944640245427,-0.05680431950199538,3.040857341053354,0.2436,True
750,0.16,0.21,0.25,0.33,0.05,0.6031352340513034,0.17032855534995917,0.07232741960293212,-0.049981213878035224,3.4078515132825107,0.2436,True
751,0.16,0.25,0.21,0.33,0.05,0.5772888720290468,0.16400639177871845,0.06814316056930288,-0.039992357782607124,4.1009433019737,0.2436,True
752,0.15,0.28,0.21,0.31,0.05,0.5678926936015629,0.16169091972630123,0.0676737389166068,-0.04007782758689549,4.034423257491391,0.2436,True
753,0.2,0.13,0.33,0.27,0.07,0.6994366920579054,0.193303238416773,0.09312324200295913,-0.08167870485235385,2.3666295733532596,0.24360000000000004,True
754,0.24,0.12,0.29,0.29,0.06,0.6747544609812384,0.18749927507904918,0.08856965182012454,-0.06800464794829642,2.757153823097561,0.2438,True
755,0.17,0.3,0.18,0.3,0.05,0.5544869008344542,0.1583712989347763,0.06698261121578283,-0.038600235669350114,4.1028583424045895,0.2438,True
756,0.21,0.14,0.26,0.33,0.06,0.6525592857288134,0.18223123366032978,0.08173308876054146,-0.059175984456080744,3.0794795445368255,0.24380000000000002,True
757,0.29,0.11,0.3,0.23,0.07,0.708749261376441,0.19547845913149042,0.09930664733620471,-0.07724147930579872,2.5307446321372478,0.244,True
758,0.3,0.11,0.29,0.23,0.07,0.706527846977933,0.19496030259317365,0.0994505114014138,-0.07549629917797618,2.582382245433927,0.244,True
759,0.23,0.11,0.3,0.29,0.07,0.6983749002002448,0.19305472183609318,0.0922047506129079,-0.07532196516154266,2.5630600771242444,0.244,True
760,0.23,0.11,0.29,0.3,0.07,0.6944598708062444,0.19213749755587628,0.09099540100847194,-0.07285543521767279,2.6372431512051255,0.244,True
761,0.29,0.11,0.23,0.3,0.07,0.6811082264354678,0.18899876858599374,0.09173969688153252,-0.06222015254382862,3.037581247536491,0.244,True
762,0.24,0.12,0.3,0.28,0.06,0.6786805967045761,0.18842629290720514,0.08978724628225138,-0.0703410893511145,2.6787514189132997,0.244,True
763,0.24,0.12,0.28,0.3,0.06,0.670826991304015,0.18657049143665194,0.0873681555569428,-0.06566123151831382,2.841410176484656,0.244,True
764,0.28,0.12,0.24,0.3,0.06,0.6618205550570191,0.1844351035133116,0.08800128190779476,-0.06093008281714429,3.0269957791919477,0.244,True
765,0.17,0.29,0.18,0.31,0.05,0.5570558726134884,0.15900891699698083,0.0667489345628056,-0.03847880963865591,4.132376195890428,0.244,True
766,0.25,0.13,0.34,0.21,0.07,0.7120584086629587,0.19624950286538922,0.09965425571381759,-0.08458758570053149,2.320074526777233,0.24400000000000002,True
767,0.21,0.13,0.34,0.25,0.07,0.7050701918319657,0.19462005248866476,0.09541380372937362,-0.08421344092016791,2.311033136303733,0.24400000000000002,True
768,0.2,0.14,0.32,0.28,0.06,0.6742589598661801,0.18738217711150185,0.08818235738180069,-0.07412958546055948,2.527765074461373,0.24400000000000002,True
769,0.2,0.14,0.28,0.32,0.06,0.6586722182087377,0.18368682633695133,0.08306139973867634,-0.06413614332171236,2.8640142176239465,0.24400000000000002,True
770,0.19,0.15,0.27,0.33,0.06,0.6504111224698053,0.18171886727244901,0.08088129900345452,-0.061130068734350784,2.9726592990126286,0.24400000000000002,True
771,0.19,0.17,0.26,0.33,0.05,0.6225167979651904,0.17502494290254633,0.07619921834748627,-0.05334990647555937,3.280698214208279,0.24400000000000002,True
772,0.21,0.17,0.23,0.34,0.05,0.6141331194994986,0.1729980921385026,0.07497376127869326,-0.04816337636553791,3.5919012576179563,0.24400000000000002,True
773,0.17,0.19,0.26,0.33,0.05,0.6139161492972571,0.17294554401841444,0.07432061822023016,-0.0528072583651511,3.275033572516345,0.24400000000000002,True
774,0.17,0.21,0.23,0.34,0.05,0.5970569353224904,0.1688479166243828,0.07090958639946827,-0.045396740262312885,3.719384159495603,0.24400000000000002,True
775,0.17,0.23,0.21,0.34,0.05,0.5841141281883424,0.16568255885013583,0.06888432130970282,-0.04020096712037491,4.121357537345502,0.24400000000000002,True
776,0.17,0.26,0.19,0.33,0.05,0.5686293498216852,0.16187278541759698,0.06719261967525463,-0.038914896220213935,4.15966123876013,0.24400000000000002,True
777,0.16,0.3,0.19,0.3,0.05,0.5567033051130685,0.15892145139015312,0.06690737135765099,-0.037595100221396116,4.227185203770458,0.2442,True
778,0.2,0.15,0.25,0.34,0.06,0.6443086688723954,0.18026091841630354,0.07954306630700096,-0.05620253138574394,3.207345184847451,0.24420000000000003,True
779,0.28,0.11,0.31,0.23,0.07,0.7109591425001585,0.19599348002761285,0.09922513020558237,-0.07898210084783974,2.4814923624935905,0.2444,True
780,0.31,0.11,0.28,0.23,0.07,0.7042948851533459,0.19443899913299734,0.09965632617599006,-0.07374654253288804,2.6365846106790056,0.2444,True
781,0.23,0.11,0.31,0.28,0.07,0.702288552791944,0.19397021565076322,0.09342921916972076,-0.07778039423135219,2.493818880292799,0.2444,True
782,0.28,0.11,0.23,0.31,0.07,0.6794144277629242,0.1885994007164189,0.09040675575816443,-0.06052664870811186,3.1159729597112578,0.2444,True
783,0.16,0.29,0.19,0.31,0.05,0.5592756529453111,0.15955930119967032,0.06667600968579633,-0.03747287541457489,4.2579946010124035,0.2444,True
784,0.21,0.13,0.3,0.3,0.06,0.6708623480677764,0.18657885923440354,0.08652220003052023,-0.06962293582524193,2.6798476252528123,0.24459999999999998,True
785,0.2,0.16,0.23,0.35,0.06,0.6338605573024367,0.177756341405914,0.07734623694043163,-0.051427739885938406,3.456429191719485,0.24459999999999998,True
786,0.18,0.15,0.31,0.3,0.06,0.6642530404860933,0.1850125945647212,0.08499144669262126,-0.07108277174053623,2.6027768759503003,0.2446,True
787,0.18,0.15,0.3,0.31,0.06,0.6603713647308453,0.18409078645445387,0.08367696137946384,-0.06858528852218826,2.6841147776887757,0.2446,True
788,0.17,0.18,0.28,0.32,0.05,0.624304114886169,0.1754561438463722,0.07675441819297986,-0.057601457582871496,3.046036527703185,0.2446,True
789,0.14,0.24,0.25,0.32,0.05,0.5919761255744007,0.16760737487806465,0.07085454622384108,-0.04914945253360903,3.410157514235842,0.2446,True
790,0.14,0.25,0.24,0.32,0.05,0.5855322828983838,0.16603022911234722,0.06975113726471917,-0.04656886922401038,3.5652621993824134,0.2446,True
791,0.17,0.28,0.18,0.32,0.05,0.5596273086132897,0.15964644464160171,0.06651976409195232,-0.0383573017619524,4.162087459445835,0.2446,True
792,0.28,0.1,0.28,0.27,0.07,0.7018511906906579,0.1938679762408666,0.09564011800538945,-0.07235860666419036,2.679266298487339,0.24460000000000004,True
793,0.27,0.1,0.28,0.28,0.07,0.7001311863318687,0.19346573154934132,0.09439521023292882,-0.07179509858835997,2.6946927485758425,0.24460000000000004,True
794,0.28,0.1,0.27,0.28,0.07,0.6979042412444838,0.19294452911060223,0.09452749397765868,-0.07003971001100129,2.754787663745267,0.24460000000000004,True
795,0.2,0.16,0.26,0.33,0.05,0.6268239592134714,0.1760635343510355,0.07719219953075834,-0.053620362561948354,3.2835200274452983,0.24460000000000004,True
796,0.2,0.17,0.24,0.34,0.05,0.6163836967009306,0.1735428829626433,0.07492046263505425,-0.04886847962949026,3.5512232890895343,0.24460000000000004,True
797,0.16,0.2,0.26,0.33,0.05,0.6096226604324311,0.17190473162824071,0.07343840181179231,-0.05253506262308305,3.2721904770835577,0.24460000000000004,True
798,0.17,0.2,0.24,0.34,0.05,0.6035438601660705,0.17042795996124505,0.07196355678719697,-0.04797204914363662,3.55265124178778,0.24460000000000004,True
799,0.17,0.24,0.2,0.34,0.05,0.5776582530689969,0.16409722913645708,0.06791589973606349,-0.03947377936120411,4.157119784120196,0.24460000000000004,True
800,0.16,0.26,0.2,0.33,0.05,0.5708531353271116,0.162421448413403,0.0671691038596836,-0.037909106222561495,4.2844969084694045,0.24460000000000004,True
801,0.21,0.13,0.31,0.29,0.06,0.674767824768034,0.1875024329200803,0.08779667521398586,-0.07211312997205421,2.600115027495583,0.2448,True
802,0.21,0.13,0.29,0.31,0.06,0.6669555442353172,0.1856535305080731,0.0852625812888007,-0.06712446138367745,2.7658103570752552,0.2448,True
803,0.22,0.14,0.24,0.34,0.06,0.6464210857457748,0.18076600760564832,0.08056527590093072,-0.054681399962031474,3.3058043087990585,0.24480000000000002,True
804,0.18,0.16,0.26,0.34,0.06,0.6421722449232354,0.17974964878656108,0.07872448166682636,-0.05817876985839043,3.0896089625834176,0.24480000000000002,True
805,0.15,0.22,0.25,0.33,0.05,0.598859432902682,0.16928738601844695,0.07147383776556314,-0.049704897889918276,3.4058491859970963,0.24480000000000002,True
806,0.15,0.25,0.22,0.33,0.05,0.5794985140989399,0.16454957082819077,0.06825882828147155,-0.04201839150954756,3.916132077326217,0.24480000000000002,True
807,0.23,0.12,0.3,0.29,0.06,0.676970999403304,0.188022809962886,0.08862109659938297,-0.07018488160777614,2.6789645527029573,0.245,True
808,0.23,0.12,0.29,0.3,0.06,0.6730497982469203,0.18709632822192335,0.08738937011950611,-0.06768970349878223,2.764029365637409,0.245,True
809,0.18,0.15,0.32,0.29,0.06,0.6681333984530569,0.18593265806852943,0.08631947689045373,-0.07357197320355835,2.527221304151955,0.245,True
810,0.18,0.15,0.29,0.32,0.06,0.6564883745994465,0.1831672275024563,0.08237666615839484,-0.06607948214863424,2.7719228654131043,0.245,True
811,0.2,0.2,0.2,0.35,0.05,0.5929440701476687,0.16784391370048835,0.07083269069914101,-0.044356744090552014,3.7839547771550506,0.245,True
812,0.28,0.1,0.29,0.26,0.07,0.7057967547838597,0.19478967315849682,0.09676965067156172,-0.07467065433865339,2.6086509470650725,0.24500000000000002,True
813,0.29,0.1,0.28,0.26,0.07,0.7035709108267472,0.1942698835672514,0.09690734659178872,-0.07292192416033516,2.6640806013306175,0.24500000000000002,True
814,0.26,0.1,0.29,0.28,0.07,0.7023465999728438,0.19398378366156965,0.09432883280054974,-0.07354589388508181,2.6375882243633684,0.24500000000000002,True
815,0.26,0.1,0.28,0.29,0.07,0.6984108987331215,0.1930631491312358,0.09317369004296118,-0.0712313998361086,2.710365787776759,0.24500000000000002,True
816,0.29,0.1,0.26,0.28,0.07,0.6956657505594233,0.19242016495809633,0.09472527067682322,-0.06827971005328048,2.818116316076119,0.24500000000000002,True
817,0.28,0.1,0.26,0.29,0.07,0.693955909857459,0.1920193255299245,0.09343238088557869,-0.06771393390084501,2.8357431693616055,0.24500000000000002,True
818,0.2,0.14,0.33,0.27,0.06,0.6781523316516405,0.1883016460595619,0.08949767014865001,-0.07660728808725226,2.4580121651753917,0.24500000000000002,True
819,0.2,0.14,0.27,0.33,0.06,0.6547722362260615,0.18275858854503357,0.08181951302438559,-0.06161691785076573,2.966045607598699,0.24500000000000002,True
820,0.16,0.19,0.28,0.32,0.05,0.6199880123051811,0.17441431680534714,0.07589890797951589,-0.05733552972683087,3.0419936405284105,0.24500000000000002,True
821,0.22,0.16,0.23,0.34,0.05,0.6184134789152067,0.1740337929803757,0.07607490878953697,-0.04979953412407356,3.494687170100375,0.24500000000000002,True
822,0.16,0.22,0.23,0.34,0.05,0.5927991990367405,0.16780851731609325,0.06998776633811168,-0.04511459088892489,3.7196063182585197,0.24500000000000002,True
823,0.16,0.23,0.22,0.34,0.05,0.5863357532644917,0.16622711332846563,0.068948693223595,-0.042520648939898265,3.9093268205624745,0.24500000000000002,True
824,0.16,0.28,0.19,0.32,0.05,0.5618504666486757,0.16019706024373792,0.06644917020224769,-0.03735056791190783,4.289012703141927,0.24500000000000002,True
825,0.2,0.13,0.34,0.26,0.07,0.703322487995645,0.19421184261138769,0.0944250174906659,-0.08412006329922139,2.308745797308325,0.24500000000000005,True
826,0.2,0.19,0.21,0.35,0.05,0.5994464250291283,0.16943043006300873,0.0717692847522858,-0.04503647462723348,3.7620713314126597,0.24519999999999997,True
827,0.19,0.2,0.21,0.35,0.05,0.5951977920106737,0.16839428976201476,0.07070522250810617,-0.043378782889096135,3.881950542331676,0.24519999999999997,True
828,0.19,0.21,0.2,0.35,0.05,0.5887086000786312,0.16680817329573938,0.06975581533605488,-0.04269840170611139,3.906660826413656,0.24519999999999997,True
829,0.23,0.12,0.31,0.28,0.06,0.680890865764219,0.18894753378081686,0.08986808246039325,-0.07267179814140134,2.600011814943284,0.2454,True
830,0.21,0.13,0.32,0.28,0.06,0.678671970924001,0.18842425782010364,0.08908537204946482,-0.07459508491910127,2.5259607657052827,0.2454,True
831,0.23,0.12,0.28,0.31,0.06,0.6691272657071818,0.18616808224675663,0.08617355533562504,-0.06518622257830387,2.8559421743317817,0.2454,True
832,0.19,0.14,0.31,0.3,0.06,0.668651016350726,0.1860552814494678,0.08584420497144607,-0.07155340658954557,2.600229539269088,0.2454,True
833,0.19,0.14,0.3,0.31,0.06,0.6647599054558757,0.1851328574075437,0.08454273945042484,-0.06905992687537987,2.680756638240002,0.2454,True
834,0.21,0.13,0.28,0.32,0.06,0.6630474166828113,0.18472644044418973,0.08401848501421857,-0.06461766527861768,2.85876067554729,0.2454,True
835,0.22,0.13,0.26,0.33,0.06,0.65691644866906,0.18326911453655348,0.08274765741671196,-0.05966571996414116,3.0715981412224207,0.2454,True
836,0.21,0.14,0.25,0.34,0.06,0.6486517525372002,0.181298902108173,0.08054031254440289,-0.05663912221582146,3.200948302435544,0.2454,True
837,0.21,0.16,0.24,0.34,0.05,0.6206727154829912,0.17457971484844115,0.07597618116553562,-0.04959397758154549,3.520179734754817,0.2454,True
838,0.16,0.21,0.24,0.34,0.05,0.5992729855162631,0.16938816825148462,0.07105399113903299,-0.047693487735969264,3.551599522123776,0.2454,True
839,0.16,0.24,0.21,0.34,0.05,0.5798826517851217,0.1646439486906166,0.06793822057701396,-0.0399115298456314,4.125222694480053,0.2454,True
840,0.24,0.12,0.34,0.23,0.07,0.7130399074252181,0.1964780046716501,0.09840471074081154,-0.08484803619294456,2.3156458709882077,0.24540000000000003,True
841,0.23,0.12,0.34,0.24,0.07,0.7112917519059216,0.19607095746127579,0.09733180069161937,-0.08475449891019593,2.313398816374673,0.24540000000000003,True
842,0.17,0.16,0.28,0.33,0.06,0.6482390474996209,0.1812003453162132,0.08023429311594885,-0.06308134042484459,2.8724872378401054,0.24540000000000003,True
843,0.19,0.15,0.26,0.34,0.06,0.6465192896335772,0.18078947812171342,0.07964216099920592,-0.058598310171935286,3.0852336456674756,0.24540000000000003,True
844,0.16,0.17,0.28,0.33,0.06,0.6438786499358526,0.1801580457968177,0.0794143270959482,-0.06259611227760276,2.8781027965099244,0.24540000000000003,True
845,0.21,0.18,0.21,0.35,0.05,0.6036995616067817,0.17046583229682333,0.07286756897253198,-0.04668446663736392,3.651446499774102,0.24559999999999996,True
846,0.18,0.21,0.21,0.35,0.05,0.5909536618288305,0.16735740891420825,0.06967729144082431,-0.04171130553440616,4.012279327391494,0.24559999999999996,True
847,0.29,0.1,0.29,0.25,0.07,0.707521410781218,0.19519211210673726,0.09802416259975383,-0.07523274968931748,2.594509876520613,0.24559999999999998,True
848,0.25,0.1,0.29,0.29,0.07,0.7006211031246827,0.19358033238905858,0.0931446613216334,-0.07341020820636979,2.6369674888384482,0.24559999999999998,True
849,0.29,0.1,0.25,0.29,0.07,0.6917110970707807,0.19149266235405182,0.09366120921039738,-0.06594826039068635,2.903680267221964,0.24559999999999998,True
850,0.21,0.15,0.23,0.35,0.06,0.6381809915368921,0.17879330874567567,0.0783699179466923,-0.051952691292290853,3.441463845246578,0.24559999999999998,True
851,0.19,0.19,0.22,0.35,0.05,0.6016973514382398,0.16997863383364842,0.07168413014799027,-0.04406027250119193,3.857866149807632,0.24559999999999998,True
852,0.19,0.22,0.19,0.35,0.05,0.5822297792277331,0.1652202766885018,0.06883733242183084,-0.04201912625017856,3.93202551868388,0.24559999999999998,True
853,0.18,0.17,0.27,0.33,0.05,0.6247382583967638,0.17556083581753534,0.07635123119991202,-0.05561104053457999,3.1569421131109445,0.2456,True
854,0.17,0.18,0.27,0.33,0.05,0.6204270519412061,0.17452037731324865,0.07544282261288118,-0.05534290879965731,3.1534370183724296,0.2456,True
855,0.15,0.21,0.26,0.33,0.05,0.6053337275835726,0.17086317394723083,0.07259655936599169,-0.05226228326445459,3.2693400149136016,0.2456,True
856,0.15,0.26,0.21,0.33,0.05,0.5730655415293706,0.16296679019087468,0.06724295791770742,-0.039747381303469775,4.10006357265726,0.2456,True
857,0.17,0.27,0.18,0.33,0.05,0.5622012099285201,0.16028388205218835,0.06629512170503177,-0.038235711956459695,4.191994181635981,0.2456,True
858,0.19,0.17,0.25,0.34,0.05,0.6186228058798946,0.17408439609310156,0.07495285029654729,-0.05108073661983292,3.408024386741331,0.24560000000000004,True
859,0.17,0.19,0.25,0.34,0.05,0.610041127746519,0.17200625634955324,0.07304325729931023,-0.05053248014403999,3.403875207772488,0.24560000000000004,True
860,0.17,0.25,0.19,0.34,0.05,0.5712127350289637,0.16251012192032732,0.06697895027538235,-0.03879335422448471,4.18912272911317,0.24560000000000004,True
861,0.19,0.14,0.32,0.29,0.06,0.6725408043645573,0.18697595957489388,0.08715943846526629,-0.07403862845465914,2.5253838905105725,0.2458,True
862,0.19,0.14,0.29,0.32,0.06,0.6608674750921264,0.1842086812082926,0.0832556844544518,-0.06655814808512772,2.767635316005038,0.2458,True
863,0.2,0.18,0.22,0.35,0.05,0.6059591530213233,0.17101517256237075,0.07273521749821454,-0.04571730928109441,3.7407094873164612,0.2458,True
864,0.18,0.2,0.22,0.35,0.05,0.5974400644601383,0.16894135552741374,0.07066900018280729,-0.04337971374237792,3.894478339131451,0.2458,True
865,0.18,0.22,0.2,0.35,0.05,0.5844776210778477,0.1657716913737115,0.06871523540473401,-0.041030277848908,4.040228340255401,0.2458,True
866,0.28,0.1,0.3,0.25,0.07,0.7097409301119761,0.19570962605997955,0.09791550920260293,-0.07697588333285232,2.542479768809008,0.24580000000000002,True
867,0.3,0.1,0.28,0.25,0.07,0.7052903457574091,0.19467145388885343,0.09819587089990377,-0.07348505117345183,2.649130003724934,0.24580000000000002,True
868,0.25,0.1,0.3,0.28,0.07,0.7045504963186981,0.19449869675227616,0.09432864418057921,-0.07587351859254676,2.5634595621796064,0.24580000000000002,True
869,0.25,0.1,0.28,0.3,0.07,0.6966903288772026,0.19266022862403154,0.0919766660803586,-0.07093877509866942,2.715866299580992,0.24580000000000002,True
870,0.3,0.1,0.25,0.28,0.07,0.6934157001253751,0.19189262762147385,0.09498799984060721,-0.06651508052025434,2.8849491892750714,0.24580000000000002,True
871,0.28,0.1,0.25,0.3,0.07,0.6900061999417051,0.1910923592193905,0.09235540060610849,-0.06538124767437758,2.922739562436924,0.24580000000000002,True
872,0.26,0.11,0.28,0.29,0.06,0.6769136056558023,0.1880092596777121,0.08968362185312628,-0.06711500584144181,2.8012999078310616,0.24580000000000002,True
873,0.15,0.28,0.2,0.32,0.05,0.5640622561615198,0.16074434185629483,0.06647720718452392,-0.037627718021516654,4.271966260733016,0.24580000000000002,True
874,0.24,0.13,0.35,0.21,0.07,0.7142157395368678,0.19675163414471042,0.0998210149145229,-0.0869300164777087,2.2633336805493767,0.24599999999999997,True
875,0.21,0.13,0.35,0.24,0.07,0.7089594994144464,0.19552747498486722,0.09671653181859413,-0.08664748723524818,2.256585634780263,0.24599999999999997,True
876,0.25,0.11,0.33,0.24,0.07,0.7136004115784738,0.19660845596160614,0.09811466584547596,-0.08285884032376822,2.3728120643900517,0.246,True
877,0.24,0.11,0.33,0.25,0.07,0.7118561953814202,0.19620241493075774,0.09700465917722191,-0.0827659431122375,2.3705694341535013,0.246,True
878,0.19,0.16,0.27,0.33,0.05,0.6290540340818396,0.17660055498822236,0.07729627320128628,-0.05587860146440948,3.1604326228655486,0.24600000000000002,True
879,0.16,0.19,0.27,0.33,0.05,0.6161204139925696,0.17347917699833748,0.07457271067114624,-0.055074204431085794,3.149917076249581,0.24600000000000002,True
880,0.16,0.27,0.19,0.33,0.05,0.5644277473178365,0.16083472870671023,0.06622687461803184,-0.03722817762943853,4.320241788562024,0.24600000000000002,True
881,0.2,0.15,0.24,0.35,0.06,0.6404093047053421,0.17932742383098565,0.07835438277488041,-0.053953976496596834,3.3237109750807114,0.2462,True
882,0.2,0.16,0.25,0.34,0.05,0.6229204668293755,0.17512235811682553,0.07596163549564104,-0.05135398671538627,3.4101024928675456,0.24620000000000003,True
883,0.16,0.2,0.25,0.34,0.05,0.6057571091174452,0.1709660736734222,0.0721459754150231,-0.05025746999699021,3.4018042230072645,0.24620000000000003,True
884,0.16,0.25,0.2,0.34,0.05,0.5734398981842366,0.16305901574471227,0.06695785214591636,-0.03778676332288167,4.315241672100885,0.24620000000000003,True
885,0.25,0.11,0.29,0.29,0.06,0.6791502301075332,0.18853708335817743,0.08962574620298923,-0.06888452385450494,2.737002055155345,0.24639999999999998,True
886,0.26,0.11,0.33,0.23,0.07,0.7153443615283537,0.1970141596067292,0.09925016659815257,-0.08295180056005713,2.37504379985207,0.2464,True
887,0.23,0.11,0.33,0.26,0.07,0.7101117139199726,0.19579603614897367,0.09592120697940526,-0.082673108861396,2.3683158749628217,0.2464,True
888,0.21,0.13,0.27,0.33,0.06,0.6591379688223287,0.18379758270354274,0.08279060962424581,-0.06210250586529331,2.9595839997538667,0.2464,True
889,0.2,0.14,0.26,0.34,0.06,0.6508709424403065,0.18182857802507568,0.08059439645121125,-0.05908926262418657,3.077184753201661,0.24640000000000004,True
890,0.29,0.1,0.3,0.24,0.07,0.7114705194000619,0.19611259508989143,0.0991573955765389,-0.0775367612914214,2.529285358628839,0.24659999999999999,True
891,0.3,0.1,0.29,0.24,0.07,0.709245784529478,0.19559421433556934,0.09930005294601203,-0.07579465525081397,2.5805805658502394,0.24659999999999999,True
892,0.24,0.1,0.3,0.29,0.07,0.7028197996870986,0.1940943783691047,0.09318283853779481,-0.07578268942266031,2.5611967567763196,0.24659999999999999,True
893,0.24,0.1,0.29,0.3,0.07,0.698895327958428,0.19317654294948494,0.0919861370668962,-0.07332006875693686,2.634702152147237,0.24659999999999999,True
894,0.3,0.1,0.24,0.29,0.07,0.6894547198498198,0.19096281623400935,0.09395558357849769,-0.06458568394618625,2.956735991107912,0.24659999999999999,True
895,0.29,0.1,0.24,0.3,0.07,0.6877550658949863,0.19056338912419246,0.09261596148330044,-0.0636098746294852,2.99581456863712,0.24659999999999999,True
896,0.25,0.11,0.3,0.28,0.06,0.683085852443094,0.18946471859708813,0.09082940196103859,-0.07121563953070043,2.6604369467946936,0.2466,True
897,0.25,0.11,0.28,0.3,0.06,0.6752132687253407,0.18760768098934788,0.08843834034546665,-0.06654646105507911,2.819198466978867,0.2466,True
898,0.2,0.13,0.31,0.3,0.06,0.6730536521642081,0.18709723951657264,0.08673032794193694,-0.07202283083290995,2.5977490380880845,0.2466,True
899,0.2,0.13,0.3,0.31,0.06,0.6691530961087289,0.1861741996255002,0.08544213106657039,-0.06953334229899932,2.677480953309208,0.2466,True
900,0.28,0.11,0.25,0.3,0.06,0.6684499158659454,0.18600764387377766,0.08891740205065463,-0.06161184698213218,3.0190239862103314,0.2466,True
901,0.22,0.15,0.24,0.34,0.05,0.6249662721045814,0.17561581294088824,0.07706407037293371,-0.05048111256219456,3.4788419673699384,0.2466,True
902,0.15,0.22,0.24,0.34,0.05,0.595006645093038,0.16834763035608802,0.07018555516241289,-0.04741432650304689,3.5505646240755913,0.2466,True
903,0.15,0.24,0.22,0.34,0.05,0.5820956604174716,0.16518735969855003,0.06805655110770138,-0.04223425548277071,3.9112175131378253,0.2466,True
904,0.16,0.3,0.18,0.31,0.05,0.5528746303440208,0.15797077495666034,0.06578061271178708,-0.036793320863006684,4.293463358331696,0.2466,True
905,0.2,0.13,0.35,0.25,0.07,0.7072069062386299,0.195118744420667,0.09573920354347372,-0.0865534383398745,2.2543153474098014,0.2468,True
906,0.2,0.17,0.23,0.35,0.05,0.6124822505386327,0.1725981488944084,0.07372914940994371,-0.046827749765611326,3.6858091571412315,0.2468,True
907,0.17,0.2,0.23,0.35,0.05,0.599670901647364,0.16948512349248213,0.0707243534577802,-0.045680845788026,3.7102010825050895,0.2468,True
908,0.17,0.23,0.2,0.35,0.05,0.5802511324227104,0.1647344654343299,0.0677129795711607,-0.03935228572123328,4.186147320673784,0.2468,True
909,0.15,0.27,0.2,0.33,0.05,0.5666429084516513,0.1613822423987603,0.06625750771345564,-0.03746466134813775,4.307585777944904,0.24680000000000002,True
910,0.2,0.13,0.32,0.29,0.06,0.676952880245923,0.18801853218275522,0.08803251007857184,-0.07450408532189079,2.5236003015194606,0.247,True
911,0.2,0.13,0.29,0.32,0.06,0.6652512154916042,0.18524940626316355,0.0841685585507349,-0.06703557866501231,2.7634490512699976,0.247,True
912,0.24,0.12,0.25,0.33,0.06,0.659036612670163,0.18377348178600017,0.08386712094327634,-0.058588818320023384,3.136664760538335,0.247,True
913,0.25,0.12,0.24,0.33,0.06,0.6567834844620317,0.1832374692555434,0.08401691330934462,-0.0567919079193796,3.2264714458204646,0.247,True
914,0.22,0.14,0.23,0.35,0.06,0.6425060017551878,0.17982954966623765,0.07942557596585588,-0.052667977299980184,3.414400151385827,0.247,True
915,0.16,0.18,0.29,0.32,0.05,0.6264993735902553,0.17598533051368848,0.07707130985145792,-0.059850159250328994,2.9404321177762127,0.247,True
916,0.16,0.29,0.18,0.32,0.05,0.5554424390796131,0.1586085452582564,0.06554704953036361,-0.03667088374379657,4.3251901526667575,0.247,True
917,0.28,0.1,0.31,0.24,0.07,0.7136837132628866,0.1966278411008715,0.09907713021090361,-0.07927432376680088,2.4803471257514134,0.24700000000000003,True
918,0.31,0.1,0.28,0.24,0.07,0.7070094944998637,0.1950726875649369,0.0995047070792276,-0.07404798780014654,2.6344090279864547,0.24700000000000003,True
919,0.24,0.1,0.31,0.28,0.07,0.7067428895207224,0.19501048204497828,0.0943947936239519,-0.078237232352805,2.4925534324321825,0.24700000000000003,True
920,0.24,0.1,0.28,0.31,0.07,0.6949694777468274,0.19225696966410033,0.09080528879096553,-0.07084933041498709,2.7136031990421086,0.24700000000000003,True
921,0.28,0.1,0.24,0.31,0.07,0.6860551149093335,0.19016362385751773,0.09129719455882315,-0.06304162048980044,3.016477406196823,0.24700000000000003,True
922,0.22,0.13,0.25,0.34,0.06,0.6529994339752268,0.1823361602285709,0.08156929649592924,-0.0571329754853267,3.1914346956321187,0.24700000000000003,True
923,0.18,0.15,0.27,0.34,0.06,0.648718464856644,0.18131483192287878,0.07982140351511739,-0.0610427329520804,2.970293483832286,0.24700000000000003,True
924,0.18,0.17,0.26,0.34,0.05,0.6208504611876797,0.17462264378028536,0.07507099618917086,-0.053349077581720916,3.273208304544643,0.24700000000000003,True
925,0.17,0.18,0.26,0.34,0.05,0.6165487344782177,0.17358281327955072,0.07414738375748246,-0.05307816181924363,3.2703245050324594,0.24700000000000003,True
926,0.14,0.26,0.22,0.33,0.05,0.5752665825797523,0.1635088233301194,0.06741407052082633,-0.041775893643169915,3.913951541688972,0.24700000000000003,True
927,0.17,0.26,0.18,0.34,0.05,0.5647775776538395,0.1609212294117679,0.06607502887714689,-0.03811404013928754,4.222098439936627,0.24700000000000003,True
928,0.19,0.15,0.25,0.35,0.06,0.6426261534991122,0.17985831116162965,0.07842038631265442,-0.056200464190693133,3.2002993881216804,0.24719999999999998,True
929,0.21,0.15,0.25,0.34,0.05,0.6272226766641564,0.17615958485715688,0.07700413229596324,-0.051984416978950065,3.3886998276519824,0.2472,True
930,0.15,0.21,0.25,0.34,0.05,0.6014776364833134,0.16992514580108797,0.07128944425666608,-0.049981869385821276,3.3997357019481926,0.2472,True
931,0.15,0.25,0.21,0.34,0.05,0.5756556743033907,0.16360458936956235,0.0670343478764409,-0.0396214638508291,4.1291909351334795,0.2472,True
932,0.15,0.3,0.19,0.31,0.05,0.5550857889081224,0.1585200055491307,0.0657615431783177,-0.035796885400291134,4.428318379560515,0.2472,True
933,0.24,0.11,0.3,0.29,0.06,0.6813753353493921,0.1890617236660781,0.08963796672409376,-0.07065595768101496,2.675807247842009,0.24739999999999998,True
934,0.24,0.11,0.29,0.3,0.06,0.6774446530197189,0.1881346246535185,0.08842017655528202,-0.0683170295105342,2.753846676318222,0.24739999999999998,True
935,0.21,0.14,0.24,0.35,0.06,0.644742911796198,0.1803647833312345,0.07936608260242205,-0.05432234501185729,3.3202687272036053,0.24739999999999998,True
936,0.23,0.12,0.26,0.33,0.06,0.6612782201261351,0.18430627213678386,0.08379241822095654,-0.06038096277795657,3.052390416736929,0.2474,True
937,0.26,0.12,0.23,0.33,0.06,0.6545188213504376,0.18269822262373392,0.08424124269281007,-0.05673277007154354,3.220329668255933,0.2474,True
938,0.19,0.16,0.26,0.34,0.05,0.6251567471056365,0.17566173504224536,0.07603149629138017,-0.053619415822718564,3.27608446207311,0.24740000000000004,True
939,0.16,0.19,0.26,0.34,0.05,0.6122515662546653,0.172542241062126,0.07326238440165868,-0.05280666668267486,3.267432919009348,0.24740000000000004,True
940,0.16,0.26,0.19,0.34,0.05,0.5670074960474552,0.16147230677241442,0.06600914420373727,-0.037105704483099244,4.3516841688307295,0.24740000000000004,True
941,0.23,0.12,0.35,0.23,0.07,0.7151953540520697,0.19697950601333614,0.098611176008411,-0.08718539643731726,2.2593176617021675,0.2476,True
942,0.21,0.16,0.23,0.35,0.05,0.6167617533974603,0.17363434844905812,0.07480110945764216,-0.048045920488038796,3.6139249011221466,0.2476,True
943,0.19,0.17,0.24,0.35,0.05,0.6147275584375382,0.17314203547530838,0.07372496576412149,-0.04880532621348854,3.547605331392219,0.2476,True
944,0.17,0.19,0.24,0.35,0.05,0.6061648610242005,0.17106515763659225,0.07178388062179193,-0.048251432526819626,3.545286609708613,0.2476,True
945,0.16,0.21,0.23,0.35,0.05,0.5954095028367037,0.16844596451496652,0.06979931037215498,-0.04539943141195402,3.71031000336743,0.2476,True
946,0.16,0.23,0.21,0.35,0.05,0.5824789070846117,0.1652814155921778,0.0677377681032175,-0.04020599214769094,4.110865240808889,0.2476,True
947,0.17,0.24,0.19,0.35,0.05,0.5737985909351502,0.16314736865540458,0.06676980657223938,-0.038671730154634765,4.218776041388248,0.2476,True
948,0.15,0.29,0.19,0.32,0.05,0.557656970968758,0.15915800816130643,0.0655305088318605,-0.03565476593344952,4.463863497474046,0.2476,True
949,0.17,0.17,0.28,0.33,0.05,0.6269482837937417,0.17609348566173977,0.0765871774950218,-0.05786401450713852,3.0432296680697055,0.24760000000000004,True
950,0.23,0.1,0.3,0.3,0.07,0.7010888286765009,0.19368972173893018,0.09206380930901988,-0.07569192201571284,2.558921963941175,0.2478,True
951,0.24,0.11,0.34,0.24,0.07,0.7157706028377688,0.19711327639098863,0.09825905121983917,-0.08520097969681273,2.3135095053180756,0.24780000000000002,True
952,0.24,0.11,0.28,0.31,0.06,0.6735126342139626,0.18720576009091006,0.08721846306894658,-0.0659777224732856,2.837408644511937,0.24780000000000002,True
953,0.18,0.14,0.31,0.31,0.06,0.6669374914057224,0.18564925133056542,0.08484096786837704,-0.07146321434231417,2.597829569228324,0.24780000000000002,True
954,0.28,0.11,0.24,0.31,0.06,0.6644927561045615,0.1850694744557575,0.08784575699719338,-0.06081867109953942,3.042971362410433,0.24780000000000002,True
955,0.21,0.13,0.26,0.34,0.06,0.6552272040660461,0.1828669509042724,0.08157968704175099,-0.0595789412205886,3.0693219308348394,0.24780000000000002,True
956,0.19,0.14,0.27,0.34,0.06,0.6530786696063848,0.18235504716504258,0.08072754681516443,-0.061529526991477734,2.963699805303233,0.24780000000000002,True
957,0.16,0.16,0.29,0.33,0.06,0.6504120586657129,0.18171909066482872,0.08057031713510764,-0.06551090528601133,2.7738754314486864,0.24780000000000002,True
958,0.23,0.1,0.31,0.29,0.07,0.7050070025716579,0.1946052982825599,0.09328829373234686,-0.07814578059587529,2.490285422944916,0.248,True
959,0.23,0.1,0.29,0.31,0.07,0.6971692754568337,0.19277241497820574,0.09085442558132624,-0.07322999070226344,2.6324244087640913,0.248,True
960,0.29,0.1,0.23,0.31,0.07,0.6837976604441631,0.1896323388958776,0.0915901721385436,-0.0621090114918077,3.053217791445457,0.248,True
961,0.18,0.14,0.32,0.3,0.06,0.6708223697405906,0.18656939765395264,0.08616933544671795,-0.07394773379262232,2.522990064538887,0.248,True
962,0.18,0.14,0.3,0.32,0.06,0.6630512927603764,0.1847273606505726,0.0835261132044686,-0.06897044221557724,2.6783554623758987,0.248,True
963,0.17,0.15,0.29,0.33,0.06,0.6547855978367036,0.18276177124132675,0.08137954513576559,-0.06599076055526709,2.7695054535439736,0.248,True
964,0.25,0.11,0.34,0.23,0.07,0.7175197277353909,0.19751984044619886,0.09935695194233425,-0.08529454937853498,2.315738131983217,0.24800000000000003,True
965,0.23,0.11,0.34,0.25,0.07,0.7140212156320591,0.1967063748658131,0.09718763247662147,-0.08510747332791557,2.3112702935958582,0.24800000000000003,True
966,0.14,0.21,0.27,0.33,0.05,0.60752084072571,0.17139454096130757,0.07295414218389433,-0.054535070439647115,3.142831568375556,0.24800000000000003,True
967,0.14,0.27,0.21,0.33,0.05,0.5688467074812442,0.16192643579750965,0.06638709234191738,-0.03950189469841303,4.099206811060001,0.24800000000000003,True
968,0.2,0.14,0.25,0.35,0.06,0.6469683402635864,0.18089678835781675,0.0793868267390256,-0.056553135259979626,3.1987048556409587,0.2482,True
969,0.2,0.16,0.24,0.35,0.05,0.6190157139954602,0.1741793666948055,0.074749782304264,-0.0492320798242325,3.5379242013877454,0.2482,True
970,0.16,0.2,0.24,0.35,0.05,0.601890317723611,0.17002560605930395,0.07087126498687396,-0.0479735934773754,3.544149890282639,0.2482,True
971,0.2,0.19,0.2,0.36,0.05,0.5955503720464621,0.16848034558776837,0.07064522244154102,-0.04423791476823857,3.808505587807044,0.2482,True
972,0.19,0.2,0.2,0.36,0.05,0.591311251044293,0.1674448424129633,0.0695647446543369,-0.042578665581583075,3.9325995807015075,0.2482,True
973,0.16,0.24,0.2,0.35,0.05,0.5760291333906391,0.1636964929639022,0.0667511384218748,-0.037664337495377676,4.346193344937814,0.2482,True
974,0.2,0.15,0.26,0.34,0.05,0.6294675929546703,0.17670008953000438,0.07702719333883742,-0.05388917838695628,3.278953118587054,0.24820000000000003,True
975,0.15,0.2,0.26,0.34,0.05,0.6079589557944274,0.17150092463665523,0.07241775146443385,-0.05253459031147101,3.2645333982781195,0.24820000000000003,True
976,0.15,0.26,0.2,0.34,0.05,0.5692260304526138,0.1620200521969657,0.06604238407284112,-0.03730194936631348,4.3434741333728315,0.24820000000000003,True
977,0.19,0.19,0.21,0.36,0.05,0.5978074846411789,0.16903094923950435,0.07051977802549152,-0.0432591780989009,3.907400849203813,0.24839999999999998,True
978,0.19,0.21,0.19,0.36,0.05,0.584825391299973,0.16585695576263237,0.06864048841451781,-0.041899259376093956,3.9584698687362416,0.24839999999999998,True
979,0.28,0.09,0.29,0.27,0.07,0.708514783265092,0.19542378709373942,0.09662482288464097,-0.0749699222119764,2.606695876530076,0.2484,True
980,0.27,0.09,0.29,0.28,0.07,0.7067886268119714,0.19502115414393262,0.09539403714623487,-0.0744085526144429,2.62095078175299,0.2484,True
981,0.29,0.09,0.28,0.27,0.07,0.7062856149089047,0.19490377350767196,0.09676124692301563,-0.07322427712367441,2.6617370790630437,0.2484,True
982,0.27,0.09,0.28,0.29,0.07,0.7028434572459483,0.19409990699941648,0.0942517294710018,-0.07209929005039561,2.6921195321582982,0.2484,True
983,0.29,0.09,0.27,0.28,0.07,0.7023291811658026,0.19397971220317833,0.09566142665277665,-0.07091062991106079,2.7355519538675117,0.2484,True
984,0.28,0.09,0.27,0.29,0.07,0.7006131854828554,0.19357848047731352,0.09438267906081281,-0.07034700836947905,2.751765639564852,0.2484,True
985,0.23,0.11,0.3,0.3,0.06,0.6796645275701894,0.1886583867365743,0.08847323875865842,-0.07056620969643168,2.673494687445487,0.2486,True
986,0.18,0.15,0.26,0.35,0.06,0.6448315520694794,0.18038598261433014,0.07856790804148332,-0.05851170593805699,3.0829041765641647,0.2486,True
987,0.2,0.18,0.21,0.36,0.05,0.6020597747186336,0.17006685249700326,0.07158725703619123,-0.04491777677170594,3.78618143461031,0.2486,True
988,0.18,0.2,0.21,0.36,0.05,0.5935596991476757,0.16799430650866776,0.06948838206896434,-0.04159078515321846,4.039219406168573,0.2486,True
989,0.18,0.21,0.2,0.36,0.05,0.5870766228577091,0.16640859879719816,0.06852050948090828,-0.04090962627508132,4.067712515344101,0.2486,True
990,0.23,0.1,0.32,0.28,0.07,0.7089237937301978,0.19551915068251047,0.09452729613124337,-0.08059160608379179,2.4260485698625676,0.24860000000000002,True
991,0.28,0.1,0.23,0.32,0.07,0.6821026581724665,0.1892331130804088,0.09025842356306038,-0.06069502132149729,3.1177699415913245,0.24860000000000002,True
992,0.14,0.22,0.25,0.34,0.05,0.5972027091215484,0.1688834702206159,0.07047550065740547,-0.04970567640684109,3.3976696914514197,0.24860000000000002,True
993,0.14,0.25,0.22,0.34,0.05,0.5778600775377247,0.16414685536711326,0.06720831438709148,-0.04194724106157777,3.913174054192235,0.24860000000000002,True
994,0.14,0.29,0.2,0.32,0.05,0.5598601515342991,0.15970413800597605,0.06561430307111592,-0.03737912192539983,4.27254921409628,0.24860000000000002,True
995,0.29,0.09,0.29,0.26,0.07,0.710240658206305,0.19582608331277762,0.09787804285400645,-0.07553110252498185,2.5926549032964044,0.2488,True
996,0.26,0.09,0.29,0.29,0.07,0.7050621898296856,0.19461818410286003,0.09418673571493383,-0.07387369873720817,2.6344719085364563,0.2488,True
997,0.29,0.09,0.26,0.29,0.07,0.6983713603891077,0.19305389315607946,0.09457917255381387,-0.06859013058184271,2.8146016273540235,0.2488,True
998,0.23,0.11,0.31,0.29,0.06,0.6835889355326421,0.1895831921504001,0.08972040762229665,-0.07304845355008027,2.595307401277515,0.2488,True
999,0.23,0.11,0.29,0.31,0.06,0.6757387822900687,0.18773182365952912,0.08724130633854751,-0.06807573323831506,2.757690805948867,0.2488,True
1000,0.22,0.15,0.23,0.35,0.05,0.6210457840748127,0.1746698143128005,0.0759052884145636,-0.04968296757765445,3.5156880280911498,0.2488,True
1001,0.18,0.17,0.25,0.35,0.05,0.6169614077799428,0.1736826462574632,0.07380805186735857,-0.05108090517428032,3.4001481701407656,0.2488,True
1002,0.17,0.18,0.25,0.35,0.05,0.6126691659093289,0.17264344513578367,0.07286896572182462,-0.050807191091748916,3.398012002356512,0.2488,True
1003,0.15,0.22,0.23,0.35,0.05,0.5911526282316262,0.16740605944988163,0.06891575666658156,-0.045117410228073584,3.710453649791182,0.2488,True
1004,0.15,0.23,0.22,0.35,0.05,0.5846952839297912,0.16582505821438764,0.06785876581924621,-0.04252463169431886,3.8995060417311334,0.2488,True
1005,0.17,0.25,0.18,0.35,0.05,0.5673564128839275,0.16155848690285346,0.06585950663264137,-0.037992286227433336,4.252402341246731,0.2488,True
1006,0.25,0.1,0.33,0.25,0.07,0.716330355458757,0.19724341453346494,0.09797071862863625,-0.08321511190488062,2.37028359414964,0.24880000000000002,True
1007,0.19,0.13,0.31,0.31,0.06,0.6713391962533612,0.18669170218258424,0.08569569220171937,-0.07193259360963122,2.595370093225551,0.24880000000000002,True
1008,0.24,0.12,0.24,0.34,0.06,0.6551038412985508,0.18283757083284446,0.08273702787390701,-0.056217187093772436,3.252342927223739,0.24880000000000002,True
1009,0.16,0.16,0.28,0.34,0.06,0.6465420993870565,0.18079492946972264,0.07925830879141615,-0.06299339254842251,2.8700617978424807,0.24880000000000005,True
1010,0.22,0.13,0.24,0.35,0.06,0.6490811066392452,0.18140141735401083,0.08040962700037421,-0.055032088515756805,3.29628444506648,0.24899999999999997,True
1011,0.19,0.13,0.32,0.3,0.06,0.6752335092171766,0.18761246290461298,0.087011206533275,-0.07441314801767795,2.5212273355246686,0.249,True
1012,0.19,0.13,0.3,0.32,0.06,0.6674435578863294,0.1857691957953851,0.08439391623377508,-0.06944381030669666,2.675100847360486,0.249,True
1013,0.19,0.18,0.22,0.36,0.05,0.6043140885050247,0.17061528398547487,0.07150416069030327,-0.04404671343931266,3.8735077072333164,0.249,True
1014,0.18,0.19,0.22,0.36,0.05,0.6000531400894011,0.16957824360615392,0.07048574817176302,-0.0436669709142119,3.8834441697205704,0.249,True
1015,0.18,0.22,0.19,0.36,0.05,0.5806039148051272,0.16482111273885658,0.06758360413969736,-0.04022957802380245,4.09701321354496,0.249,True
1016,0.26,0.1,0.33,0.24,0.07,0.7180755345704408,0.19764897357988942,0.09910479960604522,-0.08330804325052621,2.37250769395116,0.24900000000000003,True
1017,0.24,0.1,0.33,0.26,0.07,0.7145849098543622,0.19683751845238295,0.09686218379349049,-0.08312224346311725,2.368048674476924,0.24900000000000003,True
1018,0.28,0.09,0.3,0.26,0.07,0.7124634969313302,0.19634382166747022,0.0977706541267533,-0.07727116943383783,2.5409712717702093,0.24900000000000003,True
1019,0.26,0.09,0.3,0.28,0.07,0.7090010408183296,0.19553715966120744,0.09535797286931058,-0.07633310947697936,2.5616296912439784,0.24900000000000003,True
1020,0.3,0.09,0.28,0.26,0.07,0.7080062660552486,0.1953052015974308,0.09804853200595927,-0.07378648579312108,2.6468966437162753,0.24900000000000003,True
1021,0.26,0.09,0.28,0.3,0.07,0.7011219526948391,0.19369746786087294,0.09303159447849449,-0.07153651145407425,2.707672822223444,0.24900000000000003,True
1022,0.3,0.09,0.26,0.28,0.07,0.7000821212234349,0.19345425307596198,0.0958919372081239,-0.06915478862780977,2.7974093611525648,0.24900000000000003,True
1023,0.28,0.09,0.26,0.3,0.07,0.6966603081910927,0.19265319600650566,0.09328755238807504,-0.06802528126434226,2.8320823144834435,0.24900000000000003,True
1024,0.2,0.13,0.34,0.27,0.06,0.684747338839581,0.18985590061894686,0.09067642871900232,-0.07944205503222446,2.389866432104944,0.24900000000000003,True
1025,0.2,0.13,0.27,0.34,0.06,0.6574434942208938,0.18339453392959482,0.08166800724952623,-0.0620150605069929,2.957258002012511,0.24900000000000003,True
1026,0.23,0.12,0.25,0.34,0.06,0.6573517139090561,0.18337269516613297,0.08262855099839855,-0.05801516896185854,3.160771543847255,0.24900000000000003,True
1027,0.25,0.12,0.23,0.34,0.06,0.6528444432505778,0.1822992142459008,0.08292153703460546,-0.05501366297967336,3.313707984019485,0.24900000000000003,True
1028,0.17,0.15,0.28,0.34,0.06,0.6509062086929065,0.18183699153585775,0.08008044637928231,-0.06347730981706212,2.8645982644806667,0.24900000000000003,True
1029,0.18,0.16,0.27,0.34,0.05,0.6273815704630505,0.17619785779024988,0.07618571454950676,-0.05587666686767068,3.15333515163903,0.24900000000000003,True
1030,0.16,0.18,0.27,0.34,0.05,0.6187563533423228,0.17411667783989238,0.0744019410342228,-0.05534120532006326,3.1462393497376278,0.24900000000000003,True
1031,0.16,0.27,0.18,0.34,0.05,0.5605854489603947,0.1598838139942107,0.06509370216288109,-0.03642576102227346,4.38930607095472,0.24900000000000003,True
1032,0.21,0.15,0.24,0.35,0.05,0.623308408417677,0.1752159627308687,0.07580842408708216,-0.04995585879355813,3.5074156858146743,0.24919999999999998,True
1033,0.19,0.16,0.25,0.35,0.05,0.6212581988380357,0.1747211082369633,0.07478426721158958,-0.051354034970018114,3.4022858834553165,0.24919999999999998,True
1034,0.16,0.19,0.25,0.35,0.05,0.6083814725036059,0.1716035023931204,0.07196879844793456,-0.05053289084553181,3.395877408194901,0.24919999999999998,True
1035,0.15,0.21,0.24,0.35,0.05,0.5976203103969648,0.16898530938224465,0.06999976756721932,-0.04769515706616678,3.5430286799939426,0.24919999999999998,True
1036,0.15,0.24,0.21,0.35,0.05,0.5782482810770597,0.16424229809094193,0.06683028307999261,-0.03991668959822692,4.114627233472725,0.24919999999999998,True
1037,0.16,0.25,0.19,0.35,0.05,0.5695897139322028,0.1621097946241583,0.06579599976538676,-0.03698314838870709,4.3833421892674505,0.24919999999999998,True
1038,0.19,0.14,0.26,0.35,0.06,0.6491823013086349,0.18142557662880598,0.07948792421236056,-0.059002600850353915,3.074874226120114,0.24939999999999998,True
1039,0.26,0.1,0.29,0.29,0.06,0.683550638234127,0.1895741741580972,0.0907080323563905,-0.06976137380740699,2.717466182381416,0.2494,True
1040,0.23,0.11,0.28,0.32,0.06,0.6718117031043935,0.18680349661122975,0.08602526292873268,-0.06557698315134441,2.8486137610220337,0.2494,True
1041,0.28,0.11,0.23,0.32,0.06,0.660534266645511,0.1841295007554331,0.08679416032203625,-0.060026237658565185,3.067483619459524,0.2494,True
1042,0.14,0.26,0.21,0.34,0.05,0.5714331950205769,0.16256447834662735,0.06617480886771446,-0.03933728189132668,4.1325803545788595,0.24940000000000004,True
1043,0.29,0.09,0.3,0.25,0.07,0.714194307645857,0.19674664782037876,0.09901124233459711,-0.07783113624183469,2.5278655473954945,0.2496,True
1044,0.3,0.09,0.29,0.25,0.07,0.7119662506528361,0.19622804316045594,0.09915268666212126,-0.07609209364917813,2.578823025492812,0.2496,True
1045,0.25,0.09,0.3,0.29,0.07,0.7072693973853486,0.19513332308591935,0.09418797842931158,-0.07624223989711698,2.55938602209532,0.2496,True
1046,0.25,0.09,0.29,0.3,0.07,0.7033354733009982,0.19421487660894488,0.0930040084145411,-0.07378351660454696,2.6322258079655727,0.2496,True
1047,0.3,0.09,0.25,0.29,0.07,0.6961179678134402,0.1925261335722468,0.09484067044326357,-0.06682863858085908,2.8808926481316908,0.2496,True
1048,0.29,0.09,0.25,0.3,0.07,0.6944121559909351,0.19212631008146408,0.09351509352984766,-0.06626274865094994,2.899461824222255,0.2496,True
1049,0.21,0.13,0.25,0.35,0.06,0.6513151258260343,0.18193453862143438,0.08038648374589732,-0.057046929140721514,3.189208277498061,0.2496,True
1050,0.23,0.1,0.33,0.27,0.07,0.7128391987399934,0.19643128497230622,0.09578025785989659,-0.0830294378613895,2.3658029011376827,0.24960000000000002,True
1051,0.27,0.1,0.23,0.33,0.07,0.6804073568963505,0.18883354845670564,0.08894849929506085,-0.06012532676481741,3.1406656498572643,0.24960000000000002,True
1052,0.25,0.11,0.25,0.33,0.06,0.6633943844201335,0.1848088072092844,0.08498038034991676,-0.0594902779687112,3.1065379675395737,0.24960000000000002,True
1053,0.19,0.15,0.27,0.34,0.05,0.6317010351274117,0.17723733913124762,0.07713335572957457,-0.05620018110346614,3.1536791457121574,0.24960000000000002,True
1054,0.15,0.19,0.27,0.34,0.05,0.6144505994407785,0.17307497427514096,0.0735691731455044,-0.05507261725728663,3.1426684057264684,0.24960000000000002,True
1055,0.15,0.27,0.19,0.34,0.05,0.5628067324507207,0.16043374047279313,0.06508226111937804,-0.03540802321187453,4.530999641318289,0.24960000000000002,True
1056,0.15,0.31,0.18,0.31,0.05,0.5486978464489112,0.15693187744056458,0.06485561662584019,-0.035098231594935525,4.471218927827946,0.24960000000000002,True
1057,0.21,0.14,0.23,0.36,0.06,0.6408327669179126,0.17942887081397108,0.07821123647115272,-0.05230864030148252,3.4301956575400743,0.2498,True
1058,0.15,0.3,0.18,0.32,0.05,0.5512620296676523,0.15756989151100131,0.0646176400222866,-0.03497445654126863,4.505284916295251,0.2498,True
1059,0.24,0.11,0.26,0.33,0.06,0.6656446008226111,0.18534270883610948,0.08486598494151659,-0.06127812769288754,3.0246144230288214,0.24980000000000002,True
1060,0.26,0.11,0.24,0.33,0.06,0.6611326300665497,0.18427168252076775,0.08516852484881011,-0.057697681972645576,3.1937449862913176,0.24980000000000002,True
1061,0.24,0.11,0.35,0.23,0.07,0.7196836172727774,0.19802242995797625,0.09952654662967719,-0.0876280683465438,2.2598059468212233,0.24999999999999997,True
1062,0.23,0.11,0.35,0.24,0.07,0.7179293268933751,0.19761500718440606,0.09846698796243801,-0.08753389473718631,2.2575827087064924,0.24999999999999997,True
1063,0.28,0.09,0.31,0.25,0.07,0.716410815898163,0.19726211863522414,0.0989322334828723,-0.07956565021603379,2.47923718463464,0.25,True
1064,0.25,0.09,0.31,0.28,0.07,0.7112019344819163,0.19605003654253284,0.09538732861263342,-0.07869290849473376,2.4913304170940993,0.25,True
1065,0.31,0.09,0.28,0.25,0.07,0.7097266307678363,0.19570629338917667,0.09935617224904483,-0.07434850467932197,2.6322828446018107,0.25,True
1066,0.25,0.09,0.28,0.31,0.07,0.6994001656409619,0.19329469098421037,0.09183601001653043,-0.07131669884120428,2.7103707003405417,0.25,True
1067,0.31,0.09,0.25,0.28,0.07,0.6978234843331592,0.1929256199037055,0.09618624558833944,-0.06739433663526151,2.86263845800308,0.25,True
1068,0.28,0.09,0.25,0.31,0.07,0.6927060498484021,0.19172614907276264,0.09221054584872278,-0.06569666674789865,2.9183542874174075,0.25,True
1069,0.16,0.17,0.29,0.33,0.05,0.6291468883073987,0.17662290442842798,0.07690648025653124,-0.06022029572085341,2.932946481152301,0.25,True
1070,0.2,0.15,0.25,0.35,0.05,0.625559539806182,0.17575883353973465,0.07579586128090704,-0.051626582347848116,3.404425114866442,0.25,True
1071,0.19,0.17,0.23,0.36,0.05,0.6108310590502202,0.17219785433340795,0.07251650822624477,-0.04652364947743437,3.701297216954789,0.25,True
1072,0.15,0.2,0.25,0.35,0.05,0.6040983268401829,0.17056281553722008,0.07110937197655191,-0.05025800255069046,3.393744416427804,0.25,True
1073,0.17,0.19,0.23,0.36,0.05,0.6022873525424193,0.1701222411757033,0.07054345597266554,-0.045964089559596966,3.701198975237464,0.25,True
1074,0.17,0.23,0.19,0.36,0.05,0.5763869186349062,0.16378452580440928,0.06656520733430389,-0.03855002392750362,4.248623194434823,0.25,True
1075,0.15,0.25,0.2,0.35,0.05,0.5718116232590629,0.1626577714350128,0.06583185671390514,-0.0372934505261876,4.361564004939525,0.25,True
1076,0.25,0.1,0.3,0.29,0.06,0.6857843213415431,0.19009991846814356,0.09068214538267755,-0.07152205180744664,2.657920370907913,0.2502,True
1077,0.25,0.1,0.29,0.3,0.06,0.6818441478175845,0.18917220227218712,0.08947834778745709,-0.06919500441859305,2.733899706513431,0.2502,True
1078,0.23,0.11,0.27,0.33,0.06,0.6678832934252832,0.1858733992412871,0.08482579064924277,-0.06306991813810137,2.947100689655066,0.2504,True
1079,0.2,0.14,0.24,0.36,0.06,0.6430644331080084,0.1799632130805775,0.07819761802232557,-0.054220965408823485,3.3190706163872865,0.2504,True
1080,0.24,0.09,0.3,0.3,0.07,0.7055374783450559,0.19472914897943117,0.09304367625773201,-0.07615143202898689,2.55713049368931,0.2506,True
1081,0.3,0.09,0.24,0.3,0.07,0.6921524316235563,0.19159624213972148,0.09380823485048272,-0.06449558009860801,2.970687942441759,0.2506,True
1082,0.2,0.13,0.26,0.35,0.06,0.6535376603915357,0.1824644422548709,0.08044247482605535,-0.059492222496569824,3.0670301864313667,0.2506,True
1083,0.22,0.14,0.24,0.35,0.05,0.6276056424267777,0.17625182602931622,0.07689918902388397,-0.05067741292168626,3.477916804902509,0.2506,True
1084,0.18,0.16,0.26,0.35,0.05,0.6234892220764547,0.17525958531835983,0.07490462960339046,-0.05361846991435193,3.268642048128429,0.2506,True
1085,0.2,0.16,0.23,0.36,0.05,0.6151097041238482,0.17323455336327442,0.07355756927629259,-0.04719502745088466,3.670610289263158,0.2506,True
1086,0.16,0.18,0.26,0.35,0.05,0.6148829635910791,0.1731796609937466,0.07309057600835243,-0.053077451901750505,3.262772698928961,0.2506,True
1087,0.16,0.2,0.23,0.36,0.05,0.5980222896630711,0.1690833220880421,0.06961524831683316,-0.04568340702235274,3.7011977238324234,0.2506,True
1088,0.14,0.22,0.24,0.35,0.05,0.5933548383216589,0.16794426509256688,0.0691713001792877,-0.04741612136460538,3.5419233007517126,0.2506,True
1089,0.14,0.24,0.22,0.35,0.05,0.5804560481456862,0.16478479660088508,0.06700710558316726,-0.042238370229843,3.9013057488770815,0.2506,True
1090,0.16,0.23,0.2,0.36,0.05,0.5786208420409793,0.16433388025334406,0.066548981171472,-0.037884884262058494,4.337716307026535,0.2506,True
1091,0.16,0.26,0.18,0.35,0.05,0.5631606522949109,0.1605213127965377,0.06487396383269699,-0.03630307525180654,4.421700136507023,0.2506,True
1092,0.14,0.3,0.19,0.32,0.05,0.5534679464563315,0.15811820015049216,0.06465702841499725,-0.035079536730860617,4.507419848888437,0.2506,True
1093,0.25,0.1,0.34,0.24,0.07,0.7202541903177224,0.19815488219140143,0.09921296245775704,-0.08564632858678656,2.3136412904215558,0.25060000000000004,True
1094,0.24,0.1,0.34,0.25,0.07,0.7185038335301328,0.19774846322783168,0.09811653537989608,-0.08555279022514883,2.311420383922232,0.25060000000000004,True
1095,0.25,0.1,0.28,0.31,0.06,0.6779026327247772,0.18824271921197955,0.08829078032455934,-0.06686103279553368,2.8154324176780317,0.25060000000000004,True
1096,0.28,0.1,0.25,0.31,0.06,0.6711291969324449,0.18664200988694835,0.08876554821722066,-0.06153074698113803,3.0333129214921217,0.25060000000000004,True
1097,0.2,0.14,0.27,0.34,0.05,0.6360250714912137,0.17827608466417422,0.078115971220625,-0.05669667970289349,3.14438315609293,0.25060000000000004,True
1098,0.14,0.27,0.2,0.34,0.05,0.5650166491515285,0.16098033594570405,0.06517167133728703,-0.03705353963753166,4.344533275915333,0.25060000000000004,True
1099,0.24,0.09,0.31,0.29,0.07,0.7094650940642211,0.19564533516547633,0.09425560458208115,-0.07860141852633229,2.489081480125363,0.2508,True
1100,0.24,0.09,0.29,0.31,0.07,0.7016084782086367,0.1938112312995135,0.09184698460869466,-0.07369339581737122,2.629967436699772,0.2508,True
1101,0.31,0.09,0.24,0.29,0.07,0.6938529936045641,0.19199519017852062,0.09516651062036881,-0.06614751573371203,2.9025306249055465,0.2508,True
1102,0.29,0.09,0.24,0.31,0.07,0.6904515713834116,0.19119695665235503,0.09246981677993067,-0.06392845345220832,2.9907959027241318,0.2508,True
1103,0.17,0.14,0.33,0.3,0.06,0.6729823074372077,0.1870803691642804,0.08656730727559572,-0.07633251219126247,2.4508608952306283,0.251,True
1104,0.17,0.14,0.3,0.33,0.06,0.6613423960125902,0.18432151854739232,0.08254412252640365,-0.0688810190730399,2.675940644140905,0.251,True
1105,0.23,0.12,0.24,0.35,0.06,0.6534238899570861,0.18243732828881032,0.08148350706665106,-0.05573966918653739,3.273024956037482,0.251,True
1106,0.18,0.14,0.27,0.35,0.06,0.6513848090826344,0.1819511599396728,0.07966925438845274,-0.06144219653164429,2.961338790125502,0.251,True
1107,0.24,0.12,0.23,0.35,0.06,0.6511697530336376,0.18189986182139273,0.08162668531221666,-0.05409200251635693,3.362786610948409,0.251,True
1108,0.18,0.17,0.24,0.36,0.05,0.6130711015856807,0.17274083658842,0.0725633045311315,-0.04880649770817658,3.539299984630543,0.251,True
1109,0.17,0.18,0.24,0.36,0.05,0.6087883496466573,0.17170226622721985,0.07160848359449852,-0.04852997092667222,3.5380665380298377,0.251,True
1110,0.17,0.24,0.18,0.36,0.05,0.5699377167134414,0.16219565470743524,0.06564857552097966,-0.03787045013778245,4.282908022411291,0.251,True
1111,0.23,0.1,0.34,0.26,0.07,0.7167532141889241,0.19734170714593535,0.09704664362774885,-0.08545931505359028,2.3091889634522027,0.25100000000000006,True
1112,0.17,0.16,0.28,0.34,0.05,0.6295949510529166,0.1767307384361414,0.07642396959739456,-0.05816791306731339,3.0382856993962304,0.25100000000000006,True
1113,0.16,0.17,0.28,0.34,0.05,0.6252714667948116,0.17568939137170947,0.07556342567334347,-0.05786121197382621,3.0363932136641623,0.25100000000000006,True
1114,0.13,0.26,0.22,0.34,0.05,0.573629003902657,0.16310559778707745,0.06640604313815122,-0.041659603654551125,3.9151980210752413,0.25100000000000006,True
1115,0.24,0.1,0.3,0.3,0.06,0.6840725935663601,0.189697068947837,0.08949211739171856,-0.07103603023371075,2.670434543199103,0.2512,True
1116,0.21,0.14,0.25,0.35,0.05,0.6298654314069958,0.1767958246179857,0.07684112853331869,-0.05234150835137652,3.3777365266420754,0.2512,True
1117,0.19,0.15,0.26,0.35,0.05,0.6277991923916111,0.1762984389885327,0.07586781914836074,-0.05388811523880166,3.2715643923948297,0.2512,True
1118,0.15,0.19,0.26,0.35,0.05,0.6105866739756796,0.17213858538212445,0.07224320540603044,-0.052806075521125706,3.259825383411769,0.2512,True
1119,0.14,0.21,0.25,0.35,0.05,0.599819728196469,0.16952138206228184,0.0702925322803803,-0.049982524314195476,3.3916130565285654,0.2512,True
1120,0.14,0.25,0.21,0.35,0.05,0.5740221550157654,0.16320242998866719,0.06596712672146861,-0.039626758902346126,4.118490497566398,0.2512,True
1121,0.15,0.26,0.19,0.35,0.05,0.5653853140613712,0.16107147054167892,0.06486509301963707,-0.035284526143873784,4.564932227937676,0.2512,True
1122,0.24,0.09,0.32,0.28,0.07,0.713391321954016,0.19655979593640893,0.09548219342262672,-0.08104339478724609,2.4253647870059587,0.2514,True
1123,0.24,0.09,0.28,0.32,0.07,0.6976780970670842,0.1928915760066925,0.09066612946652351,-0.07122727015380226,2.7081141196367406,0.2514,True
1124,0.28,0.09,0.24,0.32,0.07,0.6887504138668785,0.1907973333577644,0.09115230144571579,-0.06336113412733024,3.0112676483084875,0.2514,True
1125,0.24,0.1,0.29,0.31,0.06,0.6801373625308798,0.1887698888262599,0.08827417591320677,-0.06862844256197442,2.7506072086044004,0.2514,True
1126,0.18,0.13,0.32,0.31,0.06,0.6735138588205198,0.18720604960729337,0.0860227923938435,-0.07432227294251914,2.518841824873663,0.2514,True
1127,0.18,0.13,0.31,0.32,0.06,0.6696244580182642,0.18628582053965226,0.08469414011858503,-0.07184241823855309,2.59297814727073,0.2514,True
1128,0.24,0.11,0.25,0.34,0.06,0.6617085930612749,0.18440850929680241,0.083716652129997,-0.05891777713213042,3.1299298492413157,0.2514,True
1129,0.25,0.11,0.24,0.34,0.06,0.6594521009725769,0.18387227221077063,0.08386486959675653,-0.057124113792418774,3.2188205646207018,0.2514,True
1130,0.16,0.15,0.29,0.34,0.06,0.6530825352936354,0.1823559685909828,0.08041871540808289,-0.06590210013500486,2.7670737080823584,0.2514,True
1131,0.19,0.14,0.25,0.36,0.06,0.6452846271904487,0.18049432854999647,0.07826563506108951,-0.0564672079530355,3.1964450712724437,0.2514,True
1132,0.22,0.13,0.23,0.36,0.06,0.6451614700732542,0.1804648793915986,0.07926947148133061,-0.053022248203309474,3.4035689829601488,0.2514,True
1133,0.19,0.16,0.24,0.36,0.05,0.6173583926911581,0.17377866790581153,0.07355548207879156,-0.04908243338826135,3.540547114507423,0.2514,True
1134,0.16,0.19,0.24,0.36,0.05,0.6045101361515055,0.17066295434252554,0.07069287526074987,-0.048252851142346675,3.5368470526035263,0.2514,True
1135,0.16,0.24,0.19,0.36,0.05,0.5721744020667345,0.16274719244472613,0.06558746162026423,-0.03686050926196627,4.415218229571596,0.2514,True
1136,0.17,0.13,0.35,0.28,0.07,0.7019476010646899,0.19389051499762844,0.09299509031329611,-0.08627167330451768,2.247441223415742,0.2516,True
1137,0.21,0.15,0.23,0.36,0.05,0.61939287804076,0.17427051731144516,0.07463255133892076,-0.047928385941910956,3.63606063268353,0.2516,True
1138,0.19,0.19,0.2,0.37,0.05,0.5939163811799237,0.16808142310267593,0.06937805720756243,-0.04245884895806129,3.958690054662063,0.2516,True
1139,0.15,0.21,0.23,0.36,0.05,0.5937617527366374,0.16804365799883736,0.06872851560558896,-0.04540212017522438,3.701229311545182,0.2516,True
1140,0.19,0.2,0.19,0.37,0.05,0.5874234793480471,0.16649354631133972,0.06844807685699808,-0.04177931198063878,3.985071520289649,0.2516,True
1141,0.15,0.23,0.21,0.36,0.05,0.580843362945032,0.1648799165381749,0.06663078160495843,-0.040211012693053605,4.100367175449368,0.2516,True
1142,0.21,0.13,0.24,0.36,0.06,0.6474017375144263,0.1810003393866484,0.07921180173821989,-0.05467358193658989,3.310563035664493,0.25179999999999997,True
1143,0.17,0.14,0.34,0.29,0.06,0.6768596333332157,0.18799651688627295,0.08793326930088656,-0.0787999569441763,2.385743903635049,0.2518,True
1144,0.23,0.11,0.26,0.34,0.06,0.6639535566648451,0.18494152515657092,0.08364360200038472,-0.06070669056198408,3.046476812432031,0.2518,True
1145,0.17,0.14,0.29,0.34,0.06,0.6574597923325785,0.18339841191672956,0.08123000308274692,-0.06638066549438237,2.7628287627253467,0.2518,True
1146,0.26,0.11,0.23,0.34,0.06,0.6571840662474715,0.18333280198408475,0.08408770396414571,-0.05661929889212958,3.237991384057373,0.2518,True
1147,0.2,0.18,0.2,0.37,0.05,0.5981591546590039,0.1691166894822358,0.07046207198210293,-0.044119005790960064,3.833193573842673,0.2518,True
1148,0.18,0.2,0.2,0.37,0.05,0.5896781022637683,0.16704541735577805,0.06833023153614971,-0.04078889334741931,4.095365273408354,0.2518,True
1149,0.13,0.3,0.2,0.32,0.05,0.5556625291203383,0.1586631766619515,0.06479833906640514,-0.03713000573630354,4.273179427678353,0.2518,True
1150,0.26,0.09,0.33,0.25,0.07,0.7208092427857926,0.1982837033903977,0.09896254047389694,-0.08366314157057608,2.370024597069794,0.252,True
1151,0.25,0.09,0.33,0.26,0.07,0.7190628340631986,0.19787828870291824,0.09782991586263796,-0.08357023940961317,2.367808086955846,0.252,True
1152,0.23,0.09,0.31,0.3,0.07,0.7077279819782967,0.19524029617689576,0.0931506673885875,-0.07850999056822372,2.48682103721864,0.252,True
1153,0.23,0.09,0.3,0.31,0.07,0.7038052846801897,0.1943246369780538,0.09192620848977816,-0.07606068580974668,2.5548630663694643,0.252,True
1154,0.26,0.09,0.25,0.33,0.07,0.6892929585341809,0.19092481306178954,0.0896689006463303,-0.06456392663148103,2.9571437646838477,0.252,True
1155,0.24,0.1,0.28,0.32,0.06,0.6762007924970979,0.18784094341906,0.08707229028111116,-0.06629323071653326,2.833486034528307,0.252,True
1156,0.28,0.1,0.24,0.32,0.06,0.6671674659238431,0.18570376134933864,0.08769371597854393,-0.06070718592898516,3.0590079000956094,0.252,True
1157,0.19,0.13,0.27,0.35,0.06,0.655748724487061,0.18299114005584838,0.08057761431392957,-0.06192767550758971,2.9549169826892894,0.252,True
1158,0.19,0.18,0.21,0.37,0.05,0.6004196596358027,0.16966752038734811,0.07033866571524929,-0.04313949283251706,3.9329975678216273,0.252,True
1159,0.18,0.19,0.21,0.37,0.05,0.5961682172868583,0.16863111533710384,0.0693038685685142,-0.04147018344027509,4.066321905230165,0.252,True
1160,0.18,0.21,0.19,0.37,0.05,0.5831983582494893,0.165457941343925,0.0673874047455647,-0.04010871446957476,4.125236710576608,0.252,True
1161,0.13,0.27,0.21,0.34,0.05,0.5672152132140815,0.16152361306753815,0.06536173660264602,-0.039091372062092344,4.13195046750919,0.252,True
1162,0.2,0.14,0.26,0.35,0.05,0.6321137243852024,0.1773365569465133,0.07686617607254222,-0.054157187223914605,3.2744787171702563,0.2522,True
1163,0.2,0.15,0.24,0.36,0.05,0.6216502236856831,0.17481576264572363,0.07458320437991767,-0.04959451808380222,3.5249009245402707,0.2522,True
1164,0.14,0.2,0.26,0.35,0.05,0.6062949431483522,0.17109676414374864,0.07143797443164278,-0.05253411841613431,3.2568694269970138,0.2522,True
1165,0.15,0.2,0.24,0.36,0.05,0.6002364603776331,0.16962289844119094,0.06981837253655364,-0.04797513644564266,3.5356418138253556,0.2522,True
1166,0.15,0.24,0.2,0.36,0.05,0.5743996879656512,0.16329540029648082,0.06562594558613703,-0.03759265749801921,4.343811030254645,0.2522,True
1167,0.14,0.26,0.2,0.35,0.05,0.5675986013053562,0.16161829830640406,0.06495732372821661,-0.0369998123979729,4.368084263996393,0.2522,True
1168,0.23,0.11,0.36,0.23,0.07,0.7218360442917964,0.19852193902350979,0.09975878257936441,-0.08995241190184122,2.2069662705669626,0.2524,True
1169,0.24,0.09,0.33,0.27,0.07,0.7173161586023216,0.19747253733107106,0.09672288969815973,-0.08347740003184434,2.3655808309283795,0.2524,True
1170,0.29,0.08,0.29,0.27,0.07,0.7129624348487271,0.19645997152740868,0.09773505494645414,-0.07582853895098762,2.5908447432224975,0.2524,True
1171,0.23,0.09,0.32,0.29,0.07,0.7116492940175758,0.1961542314778062,0.09438962649534417,-0.08095129002862589,2.4231143371333848,0.2524,True
1172,0.27,0.08,0.29,0.29,0.07,0.7095079644229034,0.19565532769162175,0.09525376295577906,-0.07470781378301339,2.6189406138947766,0.2524,True
1173,0.29,0.08,0.27,0.29,0.07,0.7050418644012295,0.1946134382966227,0.09551853438562753,-0.07121606155952886,2.7327183508167896,0.2524,True
1174,0.23,0.09,0.29,0.32,0.07,0.6998812055353707,0.19340724781080953,0.0907168326807553,-0.07360333631310711,2.627696752604515,0.2524,True
1175,0.27,0.09,0.24,0.33,0.07,0.6870489600567165,0.19039737189621153,0.08985678356039367,-0.06279362202576255,3.032113226691981,0.2524,True
1176,0.29,0.09,0.23,0.32,0.07,0.6864896099786326,0.19026582649931978,0.0914439875974396,-0.061997797063275684,3.0689126954806514,0.2524,True
1177,0.24,0.1,0.35,0.24,0.07,0.7224213616624002,0.1986577003480745,0.09938397229840401,-0.08797541641953999,2.2581046891634964,0.2526,True
1178,0.28,0.08,0.3,0.27,0.07,0.7151885946184111,0.1969779339730402,0.09762893647194616,-0.07756554972569896,2.539502842043001,0.2526,True
1179,0.27,0.08,0.3,0.28,0.07,0.7134562832271849,0.1965749143615192,0.096412221871413,-0.07700630311912449,2.5527120040735976,0.2526,True
1180,0.3,0.08,0.28,0.27,0.07,0.7107247139200858,0.19593886662452897,0.09790431770809498,-0.074086993328635,2.644713435128668,0.2526,True
1181,0.3,0.08,0.27,0.28,0.07,0.7067587858590403,0.19501419123456354,0.09681725658185106,-0.07177857325476666,2.716885867073334,0.2526,True
1182,0.27,0.08,0.28,0.3,0.07,0.7055582543796644,0.19473399905783628,0.09411149913053349,-0.0724025454760906,2.68960155720137,0.2526,True
1183,0.28,0.08,0.27,0.3,0.07,0.7033246542904896,0.19421234876407367,0.09424110782249794,-0.0706533598947161,2.74880556357799,0.2526,True
1184,0.23,0.1,0.31,0.3,0.06,0.6862895265235824,0.1902187647223832,0.089576163763486,-0.07342388645990061,2.5906932184292426,0.2526,True
1185,0.23,0.1,0.3,0.31,0.06,0.6823605748601174,0.18929387778784057,0.08832885732013979,-0.07094629807456465,2.6681290345677016,0.2526,True
1186,0.2,0.13,0.25,0.36,0.06,0.6496305156490123,0.18153257170113823,0.07923446199648712,-0.05696094240866845,3.186965735200199,0.2526,True
1187,0.16,0.15,0.28,0.35,0.06,0.6492080551451505,0.18143172495707738,0.07910620041968622,-0.06338936946807983,2.862179044838719,0.2526,True
1188,0.16,0.16,0.3,0.33,0.05,0.6356756018908847,0.178192201054433,0.07810366611488266,-0.06315728370867935,2.821403812684,0.2526,True
1189,0.18,0.16,0.25,0.36,0.05,0.6195956149690138,0.17431950763862458,0.07364079224386988,-0.05135408318224377,3.3944624621182498,0.2526,True
1190,0.16,0.18,0.25,0.36,0.05,0.6110083253044656,0.17224084168936615,0.07179589926708581,-0.05080748020614634,3.390068568457163,0.2526,True
1191,0.18,0.18,0.22,0.37,0.05,0.6026686997331452,0.17021504301770318,0.07030683822135815,-0.04395335650579757,3.872628999226745,0.2526,True
1192,0.18,0.22,0.18,0.37,0.05,0.5767289888296101,0.16386867951051864,0.06647691113411316,-0.039429644090295146,4.155976633602224,0.2526,True
1193,0.16,0.25,0.18,0.36,0.05,0.565738322685063,0.1611587214662067,0.06465887886308515,-0.036180306429243414,4.454321628850194,0.2526,True
1194,0.16,0.33,0.16,0.3,0.05,0.5375522888644833,0.15415045186471743,0.06434963072483477,-0.03556015351235675,4.334920877412745,0.2526,True
1195,0.25,0.1,0.26,0.33,0.06,0.6700155914811068,0.18637842699703633,0.08596701348337464,-0.062172192857648634,2.9977779201672057,0.25260000000000005,True
1196,0.26,0.1,0.25,0.33,0.06,0.6677567550863293,0.18584341552546668,0.0861198225206949,-0.06038861890712455,3.0774576217960368,0.25260000000000005,True
1197,0.23,0.1,0.35,0.25,0.07,0.7206658366648857,0.1982504231581983,0.0983259407550053,-0.08788127653040245,2.255889206270391,0.25279999999999997,True
1198,0.22,0.13,0.25,0.35,0.05,0.6341758743630528,0.17783208391076077,0.0779184129642271,-0.05316966398712886,3.344615530273236,0.25279999999999997,True
1199,0.18,0.15,0.27,0.35,0.05,0.6300273803252445,0.17683479123531964,0.07602424196500449,-0.05614149637761867,3.1498054495358354,0.25279999999999997,True
1200,0.15,0.18,0.27,0.35,0.05,0.6170853482178411,0.173712626326467,0.07339996533069991,-0.055339503335933515,3.1390347916922927,0.25279999999999997,True
1201,0.13,0.25,0.22,0.35,0.05,0.5762213233536215,0.16374378284294155,0.06620141984010215,-0.041951488364504574,3.9031698093812146,0.25279999999999997,True
1202,0.15,0.27,0.18,0.35,0.05,0.5589693570696372,0.15948338764499925,0.06393165314826182,-0.03460382830792763,4.608836520219993,0.25279999999999997,True
1203,0.18,0.14,0.26,0.36,0.06,0.6474933633165436,0.18102222909173293,0.07841526115852358,-0.058915999072214675,3.0725478977255376,0.2528,True
1204,0.15,0.33,0.17,0.3,0.05,0.5397655194863347,0.1547038409430308,0.0642350808015091,-0.03454862813273174,4.477857712574779,0.2528,True
1205,0.29,0.08,0.3,0.26,0.07,0.71692062720849,0.19738061748573088,0.0988681872016245,-0.07812460832992185,2.5264845700369905,0.253,True
1206,0.3,0.08,0.29,0.26,0.07,0.7146892464426737,0.1968617892299369,0.09900841217864968,-0.07638861860040003,2.577108904924038,0.253,True
1207,0.26,0.08,0.3,0.29,0.07,0.7117236940175871,0.19617155829161836,0.09521907642414984,-0.07670062106488762,2.557626725416735,0.253,True
1208,0.26,0.08,0.29,0.3,0.07,0.707780307556527,0.19525250084018952,0.09404789388809096,-0.07424578329334486,2.6298126597809266,0.253,True
1209,0.3,0.08,0.26,0.29,0.07,0.7027914656716521,0.19408775681139745,0.09574780732652302,-0.06946332824513768,2.7941039065455846,0.253,True
1210,0.29,0.08,0.26,0.3,0.07,0.7010794931377113,0.19368753858521814,0.09443630950676225,-0.06889959340485985,2.8111564816804324,0.253,True
1211,0.23,0.1,0.29,0.32,0.06,0.6784302833567772,0.18836723345012962,0.0870967651516135,-0.06846050590432973,2.751472998364397,0.253,True
1212,0.24,0.1,0.27,0.33,0.06,0.6722628868771265,0.18691022637026578,0.08588713338079586,-0.06395105880401564,2.922707299390784,0.253,True
1213,0.27,0.1,0.24,0.33,0.06,0.6654863635415174,0.18530518010949626,0.08634502596570752,-0.05901004378715602,3.140231191454044,0.253,True
1214,0.17,0.14,0.28,0.35,0.06,0.6535758777368659,0.18247354999939835,0.0799304629247496,-0.06387198183881759,2.856863756942356,0.253,True
1215,0.22,0.14,0.23,0.36,0.05,0.6236805815235331,0.17530574862458903,0.0757397002824945,-0.04956632318644816,3.536791461516336,0.253,True
1216,0.14,0.22,0.23,0.36,0.05,0.5895057410405378,0.16700324639434627,0.06788524754988193,-0.045120227064485596,3.7012944583737597,0.253,True
1217,0.14,0.23,0.22,0.36,0.05,0.5830544954983365,0.16542264721540034,0.06681046166070438,-0.042528610902929254,3.8896790584807577,0.253,True
1218,0.14,0.31,0.18,0.32,0.05,0.5470860796548154,0.15653048082524168,0.06373382178999809,-0.03332905418887766,4.696517337040963,0.253,True
1219,0.19,0.15,0.25,0.36,0.05,0.6238960858422229,0.17535773226581575,0.07461979131204886,-0.05162651087796566,3.396660539007274,0.2532,True
1220,0.15,0.19,0.25,0.36,0.05,0.6067215050679589,0.17120039540834098,0.07093363242714179,-0.05053330118493771,3.387872776840673,0.2532,True
1221,0.15,0.25,0.19,0.36,0.05,0.5679663643780313,0.1617091101315049,0.06465259146494802,-0.035160945157170165,4.599111582713769,0.2532,True
1222,0.24,0.11,0.24,0.35,0.06,0.6577712624723109,0.1834725185124233,0.0825862607634427,-0.0565503489319944,3.2444100165157486,0.25339999999999996,True
1223,0.28,0.08,0.31,0.26,0.07,0.7191404515006325,0.1978963127941209,0.09879043956248867,-0.07985608431445212,2.4781619896970857,0.2534,True
1224,0.26,0.08,0.31,0.28,0.07,0.715665688398113,0.19708888144764658,0.09640575715685094,-0.07914742708479972,2.4901489373303654,0.2534,True
1225,0.31,0.08,0.28,0.26,0.07,0.7124462950519144,0.19633981676714218,0.09921072133932457,-0.07464809745268097,2.6302052358615158,0.2534,True
1226,0.31,0.08,0.26,0.28,0.07,0.704503145613584,0.19448763851379258,0.09707947786019386,-0.07002687251790918,2.7773286385744687,0.2534,True
1227,0.26,0.08,0.28,0.31,0.07,0.7038355324270478,0.19433170296059732,0.09289279242806392,-0.07184068404591026,2.7050369235962224,0.2534,True
1228,0.28,0.08,0.26,0.31,0.07,0.6993672289945052,0.19328698347758322,0.09314600371701218,-0.06833566790039636,2.828493368343329,0.2534,True
1229,0.23,0.12,0.23,0.36,0.06,0.6494947516823675,0.18150016497781207,0.08035809331019021,-0.053733679084929986,3.3777728990218194,0.2534,True
1230,0.16,0.16,0.29,0.34,0.05,0.6317969030265145,0.17726038896586993,0.0767456753923342,-0.06062345061888952,2.923957431592285,0.2534,True
1231,0.21,0.14,0.24,0.36,0.05,0.6259465952918548,0.175852123261226,0.07564470951128748,-0.050316585340951514,3.4949136963414724,0.2534,True
1232,0.14,0.21,0.24,0.36,0.05,0.5959673216024641,0.1685820960165163,0.06898689692201979,-0.04769682491878913,3.5344511150071765,0.2534,True
1233,0.14,0.24,0.21,0.36,0.05,0.5766135885614667,0.16384029090800634,0.06576406535337294,-0.03992184474371718,4.104026052899051,0.2534,True
1234,0.23,0.11,0.25,0.35,0.06,0.6600224962352104,0.18400786792083146,0.08247944061187064,-0.05834508024167462,3.1537854975713726,0.2536,True
1235,0.15,0.15,0.31,0.33,0.06,0.6591144230027137,0.18379198396116236,0.0821885014595263,-0.07081251730761429,2.595473102061289,0.2536,True
1236,0.25,0.11,0.23,0.35,0.06,0.6555084955389741,0.182933937810011,0.08276919507388661,-0.05489925195722556,3.33217541748188,0.2536,True
1237,0.21,0.13,0.26,0.35,0.05,0.6364328187798105,0.17837394163769948,0.07789804441082145,-0.05498238840016212,3.2442014039021547,0.2536,True
1238,0.19,0.14,0.27,0.35,0.05,0.6343505355126731,0.17787403517920897,0.07697442822936255,-0.05661042423031015,3.1420721112344587,0.2536,True
1239,0.18,0.17,0.23,0.37,0.05,0.6091795460170009,0.17179720806681953,0.07133771128859752,-0.04652582943836825,3.6925125277862167,0.2536,True
1240,0.17,0.18,0.23,0.37,0.05,0.6049062891023191,0.17075926985348433,0.07036690581848398,-0.046246475491919736,3.692373700636272,0.2536,True
1241,0.17,0.23,0.18,0.37,0.05,0.5725214902370446,0.16283273300698986,0.06544225559259999,-0.03774853178710735,4.313617650755991,0.2536,True
1242,0.13,0.26,0.21,0.35,0.05,0.5698005281781371,0.1621618087373662,0.06515044581876482,-0.03933619801203325,4.122457607310183,0.2536,True
1243,0.25,0.09,0.34,0.25,0.07,0.722991189723688,0.19878983946121354,0.09907208064323735,-0.0859969799860808,2.31159093602344,0.25360000000000005,True
1244,0.17,0.15,0.29,0.34,0.05,0.6361335537246942,0.17830212135563772,0.0775940917898126,-0.061112827591294994,2.9175891279007904,0.25360000000000005,True
1245,0.25,0.08,0.3,0.3,0.07,0.7099908279723521,0.19576786540269908,0.09405057083359858,-0.07660977323504026,2.55539022158543,0.25379999999999997,True
1246,0.3,0.08,0.25,0.3,0.07,0.6988227567700518,0.19315955706466625,0.09469656571592613,-0.06714122798764965,2.8769142724079626,0.25379999999999997,True
1247,0.24,0.09,0.34,0.26,0.07,0.7212396005970285,0.19838356534874002,0.09797716277090712,-0.08590347322461378,2.3093776991999144,0.2538,True
1248,0.26,0.09,0.28,0.31,0.06,0.6822972619622165,0.1892789619582802,0.08938926858712923,-0.06774130554880908,2.794143992720964,0.2538,True
1249,0.16,0.14,0.33,0.31,0.06,0.6712584163210524,0.18667258765977612,0.08565927316029033,-0.07624104549087829,2.4484526209980975,0.2538,True
1250,0.16,0.14,0.31,0.33,0.06,0.6635095992106324,0.1848361555460909,0.08293914246724103,-0.07128301548695137,2.5929901293236655,0.2538,True
1251,0.19,0.13,0.26,0.36,0.06,0.6518478186283154,0.18206158821065976,0.07933756307174124,-0.05940556372983985,3.0647228437832146,0.2538,True
1252,0.25,0.08,0.31,0.29,0.07,0.7139278955365349,0.19668466115051242,0.09524985323782409,-0.07905589939387903,2.4879188353872665,0.254,True
1253,0.25,0.08,0.29,0.31,0.07,0.7060523708981723,0.19484933688581507,0.09286665287271263,-0.07415562028376332,2.627573421140651,0.254,True
1254,0.31,0.08,0.25,0.29,0.07,0.7005294822612149,0.19355890220302618,0.09604092683565765,-0.06770599949071421,2.8588146347292684,0.254,True
1255,0.29,0.08,0.25,0.31,0.07,0.6971157357305242,0.1927598751146684,0.09337224793528584,-0.06657626521928939,2.8953242492614226,0.254,True
1256,0.19,0.16,0.23,0.37,0.05,0.6134573320771266,0.17283440733650868,0.07234608524609702,-0.046832885905288,3.6904496486942646,0.254,True
1257,0.16,0.19,0.23,0.37,0.05,0.6006375606104863,0.16972059021593688,0.06943559313414303,-0.04596652165358739,3.6922652424080318,0.254,True
1258,0.16,0.23,0.19,0.37,0.05,0.57476156154572,0.1633845004163874,0.06538354957273568,-0.03673778701846664,4.447314704455673,0.254,True
1259,0.2,0.14,0.25,0.36,0.05,0.6282011083728476,0.17639522127844942,0.07563413609173213,-0.05198100721526533,3.39345523929454,0.2542,True
1260,0.14,0.2,0.25,0.36,0.05,0.6024392335985045,0.17015920359463887,0.07011395028330115,-0.0502585346343728,3.3856777725919542,0.2542,True
1261,0.14,0.25,0.2,0.36,0.05,0.5701830238155468,0.16225616984090685,0.06474765038600261,-0.03729979535226602,4.350055229754754,0.2542,True
1262,0.25,0.1,0.25,0.34,0.06,0.6660700721544879,0.1854436049839241,0.08483222144050986,-0.05981726208500604,3.100168722540176,0.25420000000000004,True
1263,0.23,0.09,0.34,0.27,0.07,0.7194877486711773,0.1979769544687966,0.09690883373213847,-0.08581002953068617,2.307154018610364,0.2544,True
1264,0.25,0.09,0.29,0.31,0.06,0.6845405845440817,0.1898072361969123,0.08933437771195821,-0.06950452401872831,2.730861607595038,0.2544,True
1265,0.27,0.09,0.23,0.34,0.07,0.6830968980887018,0.1894673200449164,0.08880484916338713,-0.06044989743107776,3.1342868738683713,0.2544,True
1266,0.17,0.13,0.33,0.31,0.06,0.6756770979614732,0.18771725324478328,0.0864227844551093,-0.07670243746572403,2.447344040776649,0.2544,True
1267,0.24,0.1,0.26,0.34,0.06,0.6683236490831017,0.18597773128113992,0.08471940692627357,-0.06160189566140273,3.0190261076278224,0.2544,True
1268,0.17,0.13,0.31,0.33,0.06,0.6679094384416677,0.18587959420815614,0.08372707436301513,-0.07175230465610749,2.5905731543960133,0.2544,True
1269,0.26,0.1,0.24,0.34,0.06,0.6638049495418246,0.18490625657881665,0.08501885846694893,-0.05802789817164433,3.186506187624975,0.2544,True
1270,0.16,0.14,0.3,0.34,0.06,0.6596332161952587,0.18391533071620092,0.08159824159648185,-0.06879165738435555,2.6735121337260663,0.2544,True
1271,0.21,0.13,0.23,0.37,0.06,0.6434870425433372,0.18006434668768367,0.0780564793981231,-0.052663460423658326,3.419151442748572,0.2544,True
1272,0.28,0.08,0.32,0.25,0.07,0.723090907749139,0.19881296037308593,0.0999671320731838,-0.08213990413376648,2.4204187047663828,0.2546,True
1273,0.25,0.08,0.32,0.28,0.07,0.7178635701786167,0.1975997302133563,0.09646393097079306,-0.08149403807580524,2.4247139407860767,0.2546,True
1274,0.32,0.08,0.25,0.28,0.07,0.7022359112212886,0.19395791088641157,0.09740434395206392,-0.06849116344017869,2.831867662108231,0.2546,True
1275,0.25,0.08,0.28,0.32,0.07,0.7021125277261135,0.1939290694754614,0.09169869106105791,-0.07169340096608201,2.7049779597875236,0.2546,True
1276,0.28,0.08,0.25,0.32,0.07,0.6954084201253805,0.19235985599530103,0.09206900738419338,-0.06601111108845681,2.91405269239497,0.2546,True
1277,0.16,0.16,0.28,0.35,0.05,0.6279169403460085,0.17632679461592726,0.0754018168574938,-0.05812287126962479,3.033690366017349,0.2546,True
1278,0.18,0.15,0.26,0.36,0.05,0.6261304786616577,0.1758964384069841,0.07474237099094537,-0.05388705302227015,3.264168822412511,0.2546,True
1279,0.15,0.18,0.26,0.36,0.05,0.613216883221982,0.17277615636471655,0.07207293128260663,-0.053076742608339944,3.255214014161605,0.2546,True
1280,0.12,0.24,0.24,0.35,0.05,0.584837497034723,0.16585992355535728,0.06765117951980797,-0.04685624433446245,3.5397613682274667,0.2546,True
1281,0.12,0.25,0.23,0.35,0.05,0.5784091424239151,0.16428184246117827,0.06653391726392696,-0.04426768613920029,3.711100732588371,0.25479999999999997,True
1282,0.2,0.13,0.27,0.35,0.05,0.6386782641468893,0.17891254437422277,0.07795956187471337,-0.05710556857364235,3.13301397469671,0.2548,True
1283,0.17,0.15,0.28,0.35,0.05,0.6322441177583598,0.17736790234798971,0.07626480109821678,-0.058574609334103966,3.0280680377448217,0.2548,True
1284,0.15,0.17,0.28,0.35,0.05,0.6235943459810505,0.1752849457225747,0.07457841056504319,-0.05785841189377561,3.0295498957763787,0.2548,True
1285,0.2,0.15,0.23,0.37,0.05,0.617739648005283,0.173870870129748,0.07339015290227176,-0.047561130134508356,3.655734622748054,0.2548,True
1286,0.15,0.2,0.23,0.37,0.05,0.5963733598189151,0.16868116666014488,0.06854573977249145,-0.045685965988958466,3.6921878088538675,0.2548,True
1287,0.15,0.23,0.2,0.37,0.05,0.5769902256670563,0.16393293896443528,0.06542467011325738,-0.03789094837041973,4.326440641227459,0.2548,True
1288,0.23,0.1,0.36,0.24,0.07,0.7245770627557344,0.19915743892503812,0.09961765841136166,-0.09029536090900259,2.2056220487976566,0.255,True
1289,0.24,0.08,0.31,0.3,0.07,0.7121898297784315,0.19628010395561946,0.09411967462873147,-0.07896443366007933,2.485677346848995,0.255,True
1290,0.24,0.08,0.3,0.31,0.07,0.7082576860742404,0.19536383533304402,0.09290781315502872,-0.07651898700279613,2.553141945356714,0.255,True
1291,0.31,0.08,0.24,0.3,0.07,0.6965544310362202,0.19262839266206977,0.09502121494542144,-0.06603825070956759,2.916921490080625,0.255,True
1292,0.3,0.08,0.24,0.31,0.07,0.6948526625663383,0.1922295856618963,0.09366414461908866,-0.06481224199043278,2.9659456262949853,0.255,True
1293,0.25,0.09,0.28,0.32,0.06,0.6805945136411797,0.1888776725208252,0.08814669215708294,-0.06717462946320574,2.811741189049374,0.255,True
1294,0.17,0.13,0.34,0.3,0.06,0.6795589387978682,0.18863348434712268,0.08778896988936374,-0.07916527735360457,2.382780565582567,0.255,True
1295,0.28,0.09,0.25,0.32,0.06,0.6738109899648346,0.1872762919406259,0.08861714008776596,-0.06185388008264525,3.0277210045739915,0.255,True
1296,0.17,0.13,0.3,0.34,0.06,0.6640236265824784,0.18495815395617377,0.08239874011189345,-0.06926493067050365,2.6703001384066622,0.255,True
1297,0.2,0.13,0.24,0.37,0.06,0.6457220634054286,0.18059891580897758,0.07804478351349342,-0.05448715677072091,3.3145226602468596,0.255,True
1298,0.22,0.13,0.24,0.36,0.05,0.6302475082322463,0.17688775219221675,0.07673829006450131,-0.051036436554179554,3.4659111045975015,0.255,True
1299,0.18,0.16,0.24,0.37,0.05,0.615700752552828,0.1733776180938087,0.07239510923972671,-0.049083481186891986,3.5323007639505026,0.255,True
1300,0.16,0.18,0.24,0.37,0.05,0.6071324418946062,0.17130021328136014,0.07051883343212205,-0.048531264576645916,3.5296878162081264,0.255,True
1301,0.13,0.22,0.24,0.36,0.05,0.5917027191033843,0.16754054454813416,0.068200388429927,-0.047417914635768055,3.5332752575701796,0.255,True
1302,0.13,0.24,0.22,0.36,0.05,0.5788161180054785,0.16438187682926753,0.06600141636662106,-0.04224248130962893,3.8913878099248307,0.255,True
1303,0.16,0.24,0.18,0.37,0.05,0.5683184612255201,0.16179604018590044,0.06444846897422989,-0.03605745447022368,4.4871731119985725,0.255,True
1304,0.23,0.1,0.27,0.34,0.06,0.6705656944789358,0.18650864730329442,0.08468086448589104,-0.06346414668157241,2.9388033567849026,0.25500000000000006,True
1305,0.16,0.14,0.29,0.35,0.06,0.655755521422601,0.18299275843132978,0.08027096799733972,-0.06629201582898836,2.760404192616363,0.25539999999999996,True
1306,0.26,0.08,0.33,0.26,0.07,0.7235454872690761,0.19891834920306506,0.09882338860557612,-0.08401710102551607,2.3675935824380963,0.2554,True
1307,0.24,0.08,0.32,0.29,0.07,0.7161205831310489,0.1971946474102424,0.09534618010671334,-0.08140189775755247,2.4224821882846914,0.2554,True
1308,0.24,0.08,0.29,0.32,0.07,0.704324155430593,0.1944458354667078,0.09171117202091833,-0.07406551850772691,2.6253220038744773,0.2554,True
1309,0.26,0.08,0.26,0.33,0.07,0.6959418298113194,0.19248486118188501,0.09063327373777677,-0.06720724451186466,2.8640492937915947,0.2554,True
1310,0.29,0.08,0.24,0.32,0.07,0.6931505955917658,0.1918304415611647,0.09232697742107852,-0.06424604648449894,2.9858715369738564,0.2554,True
1311,0.24,0.09,0.31,0.3,0.06,0.6907108093583152,0.19125783136593832,0.0905831381749677,-0.07388851469237101,2.588464961871614,0.2554,True
1312,0.24,0.09,0.3,0.31,0.06,0.6867723724501615,0.1903323289211567,0.08934969933181267,-0.07141486874134317,2.665163883595719,0.2554,True
1313,0.18,0.13,0.27,0.36,0.06,0.6540536606035916,0.1825874007035262,0.07952097833852001,-0.06184035080461325,2.952560881816752,0.2554,True
1314,0.19,0.14,0.26,0.36,0.05,0.6304441349177965,0.17693505491781614,0.07570819373833111,-0.05415600836934453,3.267136191262791,0.2554,True
1315,0.14,0.19,0.26,0.36,0.05,0.6089214734430506,0.17173457658313818,0.0712650149153854,-0.05280548487981884,3.252210958274366,0.2554,True
1316,0.27,0.08,0.33,0.25,0.07,0.7252928580851103,0.19932328379740571,0.09997913425968005,-0.08411003643720893,2.369791908795658,0.2556,True
1317,0.24,0.09,0.35,0.25,0.07,0.7251616445260087,0.1992928859494676,0.09924450378194777,-0.08832165307649964,2.2564442467675554,0.2556,True
1318,0.25,0.08,0.33,0.27,0.07,0.7217978484864491,0.19851307863537349,0.09769225699908105,-0.08392422834000168,2.3653846161222805,0.2556,True
1319,0.25,0.08,0.27,0.33,0.07,0.6981713018682971,0.1930070570065785,0.09054730015153171,-0.06922307544745132,2.7881895705875444,0.2556,True
1320,0.27,0.08,0.25,0.33,0.07,0.6937008109373852,0.19195949934775824,0.09078792558383152,-0.06544576549790826,2.933108015275542,0.2556,True
1321,0.21,0.13,0.25,0.36,0.05,0.6325106832834659,0.17743197712278902,0.07668211528101877,-0.052697463424365765,3.3669927467656757,0.2556,True
1322,0.19,0.15,0.24,0.37,0.05,0.61999171889135,0.17441521229995693,0.07339016891943122,-0.049358705515598844,3.533626145135359,0.2556,True
1323,0.15,0.19,0.24,0.37,0.05,0.6028550961297285,0.17026039771433155,0.06964138255778332,-0.04825426850546033,3.5284007609620134,0.2556,True
1324,0.13,0.21,0.25,0.36,0.05,0.5981615101735152,0.1691172637349736,0.0693387230314257,-0.04998317866392821,3.383483568983617,0.2556,True
1325,0.15,0.24,0.19,0.37,0.05,0.5705498844953476,0.16234665942574544,0.06444477784412085,-0.03526213208236251,4.603994422304043,0.2556,True
1326,0.15,0.33,0.16,0.31,0.05,0.5359529992336107,0.15375023998174164,0.0631524807814184,-0.03374081475989332,4.556802823994039,0.2556,True
1327,0.24,0.09,0.29,0.32,0.06,0.6828325906093744,0.1894050677658543,0.08813165117835597,-0.06893889159981414,2.7474341894752037,0.25579999999999997,True
1328,0.23,0.11,0.24,0.36,0.06,0.656090115548497,0.1830724210542991,0.08133408189330993,-0.056087599273400346,3.2640445201069883,0.25579999999999997,True
1329,0.24,0.11,0.23,0.36,0.06,0.6538326124678413,0.18253472995024245,0.08147560146676058,-0.05444294289339846,3.3527711811547922,0.25579999999999997,True
1330,0.26,0.09,0.26,0.33,0.06,0.6743911928241892,0.18741342896955548,0.08709420360253449,-0.06306317430923092,2.9718362740602275,0.2558,True
1331,0.23,0.09,0.35,0.26,0.07,0.7234048844612571,0.19888575410194398,0.09818803382690378,-0.08822754717392522,2.2542364655097504,0.256,True
1332,0.17,0.13,0.35,0.29,0.06,0.6834394491357525,0.18954799131612332,0.08916663512872856,-0.08162001982857103,2.322322289485308,0.256,True
1333,0.25,0.09,0.27,0.33,0.06,0.6766471020593403,0.1879463358848501,0.08697588059429227,-0.06483780264856442,2.8987153821908773,0.256,True
1334,0.27,0.09,0.25,0.33,0.06,0.672123725391351,0.1868773090785394,0.08728416633749843,-0.06128385729165553,3.0493724993381703,0.256,True
1335,0.17,0.13,0.29,0.35,0.06,0.6601364978732702,0.1840349649347468,0.08108426993143217,-0.0667692971398205,2.7562812972160273,0.256,True
1336,0.19,0.13,0.25,0.37,0.06,0.6479456044269192,0.1811302590899151,0.07811481637845182,-0.05687501522724192,3.1847069994832733,0.256,True
1337,0.21,0.14,0.23,0.37,0.05,0.622026494524059,0.17490659890046367,0.0744680948121897,-0.048287133424378514,3.6222195540843463,0.256,True
1338,0.14,0.21,0.23,0.37,0.05,0.5921136860050189,0.1676409966785095,0.06769934569853002,-0.04540480655529677,3.6921420747458966,0.256,True
1339,0.14,0.23,0.21,0.37,0.05,0.5792074967523435,0.16447806128850107,0.06556564367632908,-0.04021602876246122,4.089863329370541,0.256,True
1340,0.14,0.33,0.17,0.31,0.05,0.5381609852107474,0.15430270126443313,0.06309613798494493,-0.03277968563493461,4.707266048335334,0.256,True
1341,0.24,0.1,0.25,0.35,0.06,0.6643830825271193,0.1850434517097781,0.08356984207267079,-0.0592457099393604,3.1233223789397595,0.2562,True
1342,0.25,0.1,0.24,0.35,0.06,0.6621232249075026,0.1845069903890264,0.08371647505010417,-0.05745528215975604,3.211314668614793,0.2562,True
1343,0.16,0.15,0.3,0.34,0.05,0.6383326584518165,0.1788296778745806,0.07794758290657323,-0.06355426736332082,2.813810705302676,0.25620000000000004,True
1344,0.23,0.08,0.31,0.31,0.07,0.7104514921065332,0.19587520950023118,0.09301633997786561,-0.07887302982051025,2.483424434765349,0.2564,True
1345,0.23,0.08,0.32,0.3,0.07,0.7143773271260379,0.19678922762867357,0.09425521490587195,-0.08130981968828455,2.42023938047212,0.2566,True
1346,0.23,0.08,0.3,0.32,0.07,0.7065242693059948,0.19495946771984496,0.09179194816362728,-0.07642826230553512,2.5508818575576266,0.2566,True
1347,0.3,0.08,0.23,0.32,0.07,0.6908811864726456,0.1912978362281439,0.0926511737480771,-0.06357188283509718,3.009157943683413,0.2566,True
1348,0.23,0.1,0.26,0.35,0.06,0.6666314039286647,0.18557669275703637,0.08349845136001151,-0.06103140376161309,3.0406754772001245,0.2566,True
1349,0.26,0.1,0.23,0.35,0.06,0.6598518169185124,0.1839672968876629,0.08393780212801827,-0.05650575245328315,3.2557268755912983,0.2566,True
1350,0.2,0.13,0.26,0.36,0.05,0.6347623545997225,0.17797293677581671,0.07670915379800604,-0.05455782076686144,3.262097610832688,0.2566,True
1351,0.2,0.14,0.24,0.37,0.05,0.6242872268662674,0.17545207099095173,0.07442073656154104,-0.04995579996900579,3.512146159200892,0.2566,True
1352,0.14,0.2,0.24,0.37,0.05,0.598582289110899,0.16921983671049645,0.06880695452794842,-0.04797667805024941,3.527127003942632,0.2566,True
1353,0.18,0.15,0.25,0.37,0.05,0.6222323157550091,0.17495628064877478,0.0734777057364809,-0.051626439470796925,3.3888891514151536,0.2568,True
1354,0.15,0.18,0.25,0.37,0.05,0.6093471722613031,0.17183788559543545,0.07076223660150995,-0.05080776906603646,3.3821183010828983,0.2568,True
1355,0.23,0.09,0.31,0.31,0.06,0.688992639831717,0.19085425166614733,0.08943535180057344,-0.07379810281296062,2.5861674540585753,0.25680000000000003,True
1356,0.25,0.08,0.34,0.26,0.07,0.7257307270479398,0.1994247124211228,0.09893430581664164,-0.08634650899139618,2.309586279174229,0.257,True
1357,0.26,0.08,0.25,0.34,0.07,0.6919929091492947,0.19155880481215037,0.08953013257126398,-0.06488022835033458,2.9524989304567164,0.257,True
1358,0.23,0.09,0.3,0.32,0.06,0.6850591423677534,0.18992928328597647,0.08818795343835853,-0.07132515277787677,2.662865425293385,0.257,True
1359,0.15,0.14,0.32,0.33,0.06,0.6656654009620904,0.1853476417746085,0.0834095936021941,-0.07367542322937848,2.5157322978322587,0.257,True
1360,0.23,0.12,0.24,0.36,0.05,0.6345529632294438,0.1779226518655299,0.07786229661764227,-0.05187588364449314,3.429775829648296,0.257,True
1361,0.18,0.14,0.27,0.36,0.05,0.6326756890780112,0.17747163632990226,0.07586681996159153,-0.056524228765746254,3.139744499043042,0.257,True
1362,0.12,0.23,0.24,0.36,0.05,0.58744265215782,0.16649824150192782,0.0674607941210745,-0.04713840366226163,3.5321145513297063,0.257,True
1363,0.12,0.24,0.23,0.36,0.05,0.58100729044895,0.16492017051584562,0.06633716230442536,-0.04455461419508966,3.7015284161976063,0.257,True
1364,0.16,0.15,0.29,0.35,0.05,0.6344494188422531,0.17789778430518144,0.0765889014631702,-0.06102527640544364,2.915149177256531,0.2572,True
1365,0.24,0.08,0.34,0.27,0.07,0.7239779051330817,0.19901858291979724,0.09784093274620972,-0.08625303410701657,2.307380661796422,0.2574,True
1366,0.27,0.08,0.24,0.34,0.07,0.6897455700595112,0.19103114062577387,0.08971659432107673,-0.06311307918150166,3.0268074875003843,0.2574,True
1367,0.16,0.13,0.33,0.32,0.06,0.6739519880989102,0.1873096212428036,0.08551659381080236,-0.07661099280239869,2.444944444538499,0.2574,True
1368,0.25,0.09,0.26,0.34,0.06,0.6726983532106985,0.18701321988464525,0.08582263332104033,-0.06249401258982923,2.9924981951804015,0.2574,True
1369,0.26,0.09,0.25,0.34,0.06,0.6704361519112787,0.18647798457832665,0.08597392755787017,-0.060713640002992286,3.0714347643978526,0.2574,True
1370,0.16,0.13,0.32,0.33,0.06,0.6700737238544658,0.18639218943581515,0.08415009111708534,-0.07414070922404092,2.5140329973452085,0.2574,True
1371,0.15,0.14,0.31,0.34,0.06,0.6617952339260529,0.18442908911592304,0.08204342876361016,-0.07119300875149914,2.5905505659927517,0.2574,True
1372,0.17,0.13,0.28,0.36,0.06,0.656248055726159,0.18311002088166384,0.07978434659518244,-0.06426536285582052,2.8492801214313777,0.2574,True
1373,0.17,0.14,0.29,0.35,0.05,0.6387897688205488,0.17893927756426464,0.07743962523101058,-0.0615133254980178,2.9089514526414404,0.2576,True
1374,0.19,0.14,0.25,0.37,0.05,0.626536467987129,0.1759942683559681,0.07445943004915767,-0.051898168050585225,3.391146064817282,0.2576,True
1375,0.22,0.13,0.23,0.37,0.05,0.6263178723560359,0.17594159608940596,0.07557815139148558,-0.04944960087245209,3.5579983050464086,0.2576,True
1376,0.14,0.19,0.25,0.37,0.05,0.6050612264223232,0.1707969349998666,0.06993976659975351,-0.050533711162736195,3.3798613058487,0.2576,True
1377,0.13,0.22,0.23,0.37,0.05,0.5878585384462107,0.1666000777497636,0.0668984338793956,-0.04512304140149204,3.692128734572728,0.2576,True
1378,0.13,0.23,0.22,0.37,0.05,0.5814133889528621,0.16501987993070033,0.06580605099696164,-0.042532586570466324,3.8798458602394628,0.2576,True
1379,0.16,0.13,0.34,0.31,0.06,0.6778289278275158,0.1882253243582206,0.08689485510602359,-0.07907314389295961,2.3803951011865547,0.25780000000000003,True
1380,0.24,0.09,0.27,0.34,0.06,0.6749490057784058,0.1875452440395935,0.08574433521019452,-0.06426969291861362,2.9180977148449565,0.25780000000000003,True
1381,0.27,0.09,0.24,0.34,0.06,0.6681623877288583,0.18593952628178934,0.08619768538424886,-0.05892855653447071,3.155338213197579,0.25780000000000003,True
1382,0.16,0.13,0.31,0.34,0.06,0.6661941385063015,0.18547302280731315,0.08279592431405763,-0.07166225279881,2.588155068582955,0.25780000000000003,True
1383,0.23,0.09,0.36,0.25,0.07,0.727320621344042,0.19979285372398614,0.09947963654345388,-0.09063721472638364,2.2043136952864497,0.258,True
1384,0.19,0.13,0.27,0.36,0.05,0.637002536332288,0.1785106433081125,0.07681949650562737,-0.057019313392733584,3.13070489078989,0.258,True
1385,0.21,0.13,0.24,0.37,0.05,0.6285872772001653,0.1764881966139189,0.0754850442834564,-0.05067616274125697,3.482666939780636,0.258,True
1386,0.13,0.19,0.27,0.36,0.05,0.6111100554280753,0.1722655099861099,0.07168598600471801,-0.055069447092395474,3.128150346181667,0.258,True
1387,0.13,0.21,0.24,0.37,0.05,0.5943140201155128,0.16817852775565667,0.06801749969229813,-0.04769849129579573,3.5258668185691726,0.258,True
1388,0.15,0.14,0.3,0.35,0.06,0.657923754291144,0.18350879677403498,0.08068996977435244,-0.06870235708619499,2.6710698811076035,0.2582,True
1389,0.26,0.08,0.28,0.32,0.06,0.6849928672592378,0.18991368625924854,0.08924722762711211,-0.0680530019040192,2.790673165705454,0.2584,True
1390,0.24,0.1,0.24,0.36,0.06,0.6604411906213179,0.18410738117073744,0.08243919992547487,-0.056882470100840576,3.236627749188002,0.2584,True
1391,0.23,0.11,0.23,0.37,0.06,0.6521564180168054,0.18213517803328827,0.08020833356268496,-0.054085165598638185,3.3675625472777377,0.2584,True
1392,0.23,0.1,0.25,0.36,0.06,0.6626957871869861,0.1846429553325759,0.08233404484726765,-0.058673962370008215,3.146931754296485,0.2586,True
1393,0.16,0.13,0.3,0.35,0.06,0.6623132354665267,0.1845521151865137,0.08145470448774944,-0.06917558290013259,2.6678794373579464,0.2586,True
1394,0.25,0.1,0.23,0.36,0.06,0.6581750531522645,0.18356857667390036,0.08262054817532251,-0.05515004951526503,3.328529680160854,0.2586,True
1395,0.16,0.15,0.28,0.36,0.05,0.630564912894356,0.17696410873977686,0.07524430554364185,-0.05848779343788668,3.025658831320258,0.2586,True
1396,0.15,0.16,0.28,0.36,0.05,0.6262386255787109,0.17592249981469532,0.07441850340092407,-0.05811996103127881,3.0268860593354137,0.2586,True
1397,0.2,0.13,0.25,0.37,0.05,0.6308451736240155,0.1770315215081253,0.07547646656685748,-0.052337515066522844,3.382497645964122,0.25880000000000003,True
1398,0.13,0.2,0.25,0.37,0.05,0.6007798303751548,0.16975523744810816,0.06916175763347499,-0.05025906624865906,3.3776042835383424,0.25880000000000003,True
1399,0.24,0.08,0.35,0.26,0.07,0.7279044669582739,0.1999279869283277,0.09910814030134853,-0.088666783643231,2.25482394548988,0.259,True
1400,0.25,0.08,0.29,0.32,0.06,0.687239541381718,0.19044218529986323,0.08919383686867993,-0.06981308710941558,2.727886606724466,0.259,True
1401,0.17,0.14,0.28,0.36,0.05,0.6348957850047405,0.1780049775751975,0.07610967816109894,-0.05897996431166819,3.0180584144568945,0.259,True
1402,0.18,0.14,0.26,0.37,0.05,0.6287742320379388,0.17653320322321697,0.07458422749916291,-0.05415483054624026,3.259786826818405,0.259,True
1403,0.14,0.18,0.26,0.37,0.05,0.6115504943536811,0.17237229899817597,0.07109639022309161,-0.05307603393819038,3.2476484433428445,0.259,True
1404,0.16,0.33,0.14,0.32,0.05,0.5299138955840847,0.1522364829980145,0.062307556425375304,-0.03425381777247716,4.444365413782754,0.259,True
1405,0.25,0.09,0.25,0.35,0.06,0.6687482705073693,0.1860783180726744,0.08468766841603728,-0.06014322811709216,3.093919696335565,0.2592,True
1406,0.15,0.34,0.15,0.31,0.05,0.5295961016487267,0.1521567147626175,0.062358728005076296,-0.03306397218853174,4.601888541855026,0.25920000000000004,True
1407,0.24,0.09,0.26,0.35,0.06,0.6710052096124659,0.18661266872032667,0.08457644277873401,-0.06192465688976423,3.01354384655739,0.25939999999999996,True
1408,0.26,0.09,0.24,0.35,0.06,0.6664797779852516,0.18554074627027828,0.0848727873590447,-0.05835708486268043,3.1794039525256044,0.25939999999999996,True
1409,0.11,0.24,0.24,0.36,0.05,0.5831871200431875,0.1654551843299148,0.0667700551727361,-0.046858290055613705,3.530969314790286,0.25939999999999996,True
1410,0.26,0.08,0.27,0.33,0.06,0.6810359396945191,0.1889817301286023,0.08809076058656445,-0.06572149731303867,2.875493375150321,0.2594,True
1411,0.27,0.08,0.26,0.33,0.06,0.6787714055744609,0.18844771709125352,0.0882463000913364,-0.06395108797418214,2.9467476326177944,0.2594,True
1412,0.23,0.08,0.35,0.27,0.07,0.7261464713771708,0.19952100018242258,0.09805326642226486,-0.08857271199049266,2.2526238126686136,0.2596,True
1413,0.27,0.08,0.23,0.35,0.07,0.6857889550032523,0.1901010086150121,0.0886646392007847,-0.06077346193281885,3.128026651257033,0.2596,True
1414,0.23,0.12,0.23,0.37,0.05,0.6306137822238176,0.17697586412425426,0.07671862624558645,-0.0510788738065685,3.4647565800774562,0.2596,True
1415,0.12,0.23,0.23,0.37,0.05,0.5836079164198966,0.16555840733886917,0.0661450382022842,-0.044840668568020936,3.692148503266087,0.2596,True
1416,0.16,0.13,0.29,0.36,0.06,0.6584310181472686,0.18362946036143413,0.08012707841481612,-0.06668065863171946,2.753863925904341,0.2598,True
1417,0.24,0.08,0.31,0.31,0.06,0.6934176603861917,0.19189308741929967,0.09044419430091367,-0.0742615011571659,2.5840184271683397,0.25980000000000003,True
1418,0.24,0.08,0.3,0.32,0.06,0.6894746730954515,0.19096750375424243,0.08921071332436326,-0.07179247920434029,2.6599931618282557,0.26,True
1419,0.23,0.09,0.27,0.35,0.06,0.6732506094518307,0.18714381003887004,0.08453955747613351,-0.06385708928859024,2.9306661503644236,0.26,True
1420,0.27,0.09,0.23,0.35,0.06,0.6641997178948289,0.1849999413999761,0.08513116954636103,-0.05810295311697411,3.1840023867208656,0.26,True
1421,0.19,0.13,0.26,0.37,0.05,0.633091575778866,0.17757158300600828,0.07555262644160582,-0.054472307178482615,3.2598505957197963,0.26,True
1422,0.13,0.19,0.26,0.37,0.05,0.607255965639536,0.17133021426867145,0.07032978846867927,-0.05280489475806538,3.2445896361246436,0.26,True
1423,0.16,0.14,0.3,0.35,0.05,0.6409922193035271,0.1794670655978572,0.07779547080912251,-0.0639499465882738,2.806367716822538,0.2602,True
1424,0.26,0.08,0.26,0.34,0.06,0.6770776697702452,0.18804799331148803,0.08695197848934691,-0.06338305729954641,2.966849522937635,0.26080000000000003,True
1425,0.25,0.08,0.27,0.34,0.06,0.6793369405556053,0.1885811241761879,0.08683517289346826,-0.06515451461429944,2.894367724056378,0.261,True
1426,0.15,0.13,0.34,0.32,0.06,0.6760986463501846,0.18781681978500608,0.0860370946018293,-0.07898107320798198,2.3779978184194257,0.261,True
1427,0.27,0.08,0.25,0.34,0.06,0.6748068330542341,0.18751165041841733,0.08714048724008285,-0.06160692695698744,3.043678035577618,0.261,True
1428,0.15,0.13,0.32,0.34,0.06,0.6683532412505746,0.1859847417991105,0.08326858891079848,-0.07405002045327469,2.5116095939023575,0.261,True
1429,0.23,0.1,0.24,0.37,0.06,0.658758847666016,0.18370742855343059,0.08118842101517566,-0.05643443221510258,3.2552365877133447,0.261,True
1430,0.24,0.1,0.23,0.37,0.06,0.6564979767777994,0.18316951313462027,0.08132827192451474,-0.0547927753456372,3.3429500874736195,0.261,True
1431,0.24,0.09,0.25,0.36,0.06,0.6670600821623753,0.18567830919315265,0.08342669312885734,-0.05957262153432297,3.116839655716233,0.26139999999999997,True
1432,0.25,0.09,0.24,0.36,0.06,0.6647968573614611,0.18514162395781786,0.08357173211857093,-0.057785417874134715,3.2039505946134024,0.26139999999999997,True
1433,0.16,0.14,0.29,0.36,0.05,0.6371044368492897,0.17853509062503314,0.07643616423856031,-0.06142577964237328,2.9065172906958834,0.26139999999999997,True
1434,0.14,0.36,0.16,0.29,0.05,0.5267209867379086,0.1514345405062565,0.06278233764354745,-0.032380500104140286,4.6767202488912,0.26139999999999997,True
1435,0.23,0.08,0.36,0.26,0.07,0.7300667211513541,0.20042818358719905,0.09934471608977188,-0.09097797859177237,2.2030406334541803,0.2614,True
1436,0.23,0.08,0.31,0.32,0.06,0.6916982765517097,0.1914896531506043,0.08929797238212148,-0.07417110851290931,2.581728343958564,0.2614,True
1437,0.15,0.13,0.35,0.31,0.06,0.6799693625699135,0.18873027412956733,0.08743803556815805,-0.08143444848810732,2.3175729391368014,0.2616,True
1438,0.15,0.13,0.31,0.35,0.06,0.6644785591949365,0.1850661059551879,0.0819021415337601,-0.07157226260325977,2.585723843621496,0.2616,True
1439,0.18,0.13,0.27,0.37,0.05,0.6353264978159989,0.17810839325065597,0.07571345461207227,-0.05693311812064972,3.128379388482076,0.2616,True
1440,0.13,0.18,0.27,0.37,0.05,0.6137424223230343,0.17290346560134173,0.07152024363243203,-0.05533610384620313,3.1246049790909782,0.2616,True
1441,0.23,0.09,0.26,0.36,0.06,0.6693117630122414,0.1862117751071113,0.08335696853656008,-0.06135510710984993,3.034984109370366,0.2618,True
1442,0.26,0.09,0.23,0.36,0.06,0.6625220744582299,0.18460170750126847,0.08379153969568016,-0.05639213068010607,3.2735366668170953,0.2618,True
1443,0.17,0.13,0.29,0.36,0.05,0.6414484876514843,0.17957634518812537,0.07728914486611672,-0.06191250693602979,2.9004857673372855,0.262,True
1444,0.23,0.11,0.24,0.37,0.05,0.6372010078352679,0.17855825837877326,0.0777080884747753,-0.05211027652513778,3.4265459768312208,0.262,True
1445,0.13,0.17,0.29,0.36,0.05,0.6240998609309445,0.17540688236833524,0.07411870922495387,-0.060097546310587946,2.9187028944879265,0.262,True
1446,0.11,0.23,0.24,0.37,0.05,0.585791093304725,0.16609365586751834,0.066581337397301,-0.04714032118706257,3.523388294458671,0.262,True
1447,0.25,0.08,0.26,0.35,0.06,0.6753836287529742,0.18764792817740306,0.08568181541179781,-0.06281483336313243,2.9873187292022374,0.2626,True
1448,0.26,0.08,0.25,0.35,0.06,0.6731180608985399,0.18711246935474435,0.08583158581282861,-0.06103765087171131,3.065525404115184,0.2626,True
1449,0.15,0.13,0.3,0.36,0.06,0.6606025620182241,0.18414573067450624,0.08054836575836158,-0.0690862964107345,2.6654451062149285,0.2626,True
1450,0.15,0.15,0.28,0.37,0.05,0.6288854037243963,0.1765599645277789,0.07426275179884717,-0.058401037874934336,3.0232333354397154,0.2628,True
1451,0.24,0.08,0.27,0.35,0.06,0.6776376401427298,0.1881801767950202,0.08560510576085281,-0.06458733926414584,2.9135768548292567,0.263,True
1452,0.27,0.08,0.24,0.35,0.06,0.6708409224281462,0.1865737884954073,0.08605388649181016,-0.05925577325731746,3.1486179023470497,0.263,True
1453,0.16,0.14,0.28,0.37,0.05,0.6332153855345091,0.17760133392183164,0.0750908981195829,-0.05889315085698632,3.01565345608883,0.263,True
1454,0.14,0.16,0.28,0.37,0.05,0.6245600077337647,0.17551785364027284,0.07347584022144726,-0.058117053335549285,3.0200748931107855,0.263,True
1455,0.16,0.34,0.13,0.32,0.05,0.5235576693334341,0.15063892682377156,0.061598448612435,-0.03521390070445796,4.2778256259665435,0.263,True
1456,0.17,0.13,0.28,0.37,0.05,0.6375499538867113,0.17864196429517687,0.07595860650588439,-0.05938398462446559,3.00825155847791,0.2636,True
1457,0.13,0.17,0.28,0.37,0.05,0.620239196840048,0.17447499877318529,0.07273184380493311,-0.05785281908058726,3.0158426425192313,0.2636,True
1458,0.13,0.37,0.17,0.28,0.05,0.5263710307919738,0.15134657633513848,0.06304672022724546,-0.03208560410237127,4.7169620323263075,0.2636,True
1459,0.24,0.09,0.24,0.37,0.06,0.6631136268402431,0.18474215897591795,0.08229584801743514,-0.057213555468684785,3.2289928053332493,0.2638,True
1460,0.23,0.09,0.25,0.37,0.06,0.6653715878590323,0.18527795757020593,0.08219236624620109,-0.05900182015498423,3.1402074899303662,0.264,True
1461,0.25,0.09,0.23,0.37,0.06,0.6608441171850996,0.1842031310049812,0.08247559908076806,-0.055498236328809236,3.3190808067059425,0.264,True
1462,0.15,0.14,0.3,0.36,0.05,0.6393016587629228,0.17906198736244927,0.0768454174724217,-0.06386173474740464,2.803901085222656,0.2642,True
1463,0.15,0.36,0.14,0.3,0.05,0.5207157923176735,0.1499232196504039,0.06187774752231922,-0.03406315592428255,4.401330868568416,0.2642,True
1464,0.25,0.08,0.25,0.36,0.06,0.6714289805734384,0.18671294664267557,0.08454672312926732,-0.06046818081237504,3.0877883894344653,0.2646,True
1465,0.16,0.13,0.3,0.36,0.05,0.6436542855406817,0.1801043644025222,0.07764733459265465,-0.06434432780223975,2.799071348698633,0.2646,True
1466,0.24,0.08,0.26,0.36,0.06,0.6736892835053809,0.18724752132152278,0.0844370942502511,-0.06224641606629122,3.0081655001969563,0.2648,True
1467,0.26,0.08,0.24,0.36,0.06,0.6691571164915082,0.18617515176158994,0.08473031345241794,-0.05868524685277032,3.1724353520854494,0.2648,True
1468,0.1,0.23,0.25,0.37,0.05,0.5879629337586447,0.16662563777878536,0.06711329565843448,-0.04943159052099988,3.370833024440075,0.2648,True
1469,0.14,0.13,0.35,0.32,0.06,0.6782339189438062,0.18832089870749646,0.08662902653044187,-0.08134175745997951,2.3151810901080068,0.265,True
1470,0.14,0.13,0.32,0.35,0.06,0.6666324832097665,0.1855769486181238,0.08242553653736437,-0.0739593936566727,2.5091734726705783,0.265,True
1471,0.2,0.15,0.2,0.4,0.05,0.6060003977258523,0.17102519497262625,0.06993864583507789,-0.04376180012760156,3.908093233686628,0.26500000000000007,True
1472,0.15,0.2,0.2,0.4,0.05,0.5847766876868554,0.1658450156300768,0.0648488434719525,-0.038780366271819244,4.276520094411598,0.26500000000000007,True
1473,0.23,0.08,0.27,0.36,0.06,0.6759380394386434,0.18777888761657557,0.08440187124358128,-0.06424875224081583,2.92268536068602,0.2654,True
1474,0.27,0.08,0.23,0.36,0.06,0.6668736771083259,0.18563412477238983,0.08498723703924198,-0.057990188634725826,3.2011298659792247,0.2654,True
1475,0.15,0.14,0.29,0.37,0.05,0.6354188032828456,0.1781305537579454,0.07547145100480754,-0.061338294425424045,2.904067604529158,0.2656,True
1476,0.14,0.15,0.29,0.37,0.05,0.6310802460112643,0.17708805890145207,0.07469621421834416,-0.06085035619749257,2.910222223296521,0.2656,True
1477,0.14,0.13,0.36,0.31,0.06,0.6820984163399697,0.18923211366038473,0.08805121366239371,-0.08378640706966556,2.2585061262150155,0.2658,True
1478,0.14,0.13,0.31,0.36,0.06,0.6627627014903159,0.18465884326867332,0.08104719452156837,-0.07148233400614679,2.583279433108528,0.2658,True
1479,0.23,0.09,0.27,0.36,0.05,0.6543556845167176,0.18265935856017523,0.0809634963022683,-0.059834823369798396,3.052726627624215,0.266,True
1480,0.16,0.13,0.29,0.37,0.05,0.6397619581422815,0.17917230810359208,0.0762874690443144,-0.061824966848414764,2.8980574877281344,0.266,True
1481,0.13,0.16,0.29,0.37,0.05,0.6267462856049506,0.17604482105493768,0.07396337707683867,-0.06036114721976349,2.9165254333883333,0.266,True
1482,0.24,0.08,0.25,0.37,0.06,0.6697395930616858,0.186313081914679,0.08328720732255851,-0.059898516679822045,3.1104790609521404,0.267,True
1483,0.25,0.08,0.24,0.37,0.06,0.6674729994291291,0.1857761730841958,0.08343064292232782,-0.05811452575808074,3.19672527067579,0.267,True
1484,0.23,0.08,0.26,0.37,0.06,0.6719946350102504,0.18684677237526714,0.08321915542949329,-0.06174759368927485,3.0259765800026828,0.2674,True
1485,0.26,0.08,0.23,0.37,0.06,0.665194839961277,0.185236033991238,0.08364891885470103,-0.05632581387964797,3.2886525951854693,0.2674,True
1486,0.14,0.14,0.31,0.36,0.05,0.6414874648969586,0.17958567958309568,0.07733633524243029,-0.06628788913358485,2.7091778291686217,0.2674,True
1487,0.24,0.09,0.25,0.37,0.05,0.6481255446708933,0.18117323717790956,0.0798641820785406,-0.055672425093349576,3.2542724135714334,0.2676,True
1488,0.15,0.13,0.31,0.36,0.05,0.6458486504513188,0.1806291782313143,0.07808661626923014,-0.06676637722739343,2.7053913321689764,0.2676,True
1489,0.23,0.09,0.26,0.37,0.05,0.6504066096996732,0.18171779044701108,0.07976086220530955,-0.05746986956787192,3.1619662931791126,0.268,True
1490,0.14,0.14,0.3,0.37,0.05,0.6376108005662602,0.17865655910757017,0.07593549156601914,-0.06377358388340681,2.801419462864069,0.2686,True
1491,0.15,0.13,0.3,0.37,0.05,0.6419625247339953,0.1796994365517297,0.07669917169904893,-0.06425612446672424,2.796611810050715,0.2688,True
1492,0.13,0.15,0.3,0.37,0.05,0.6332636850321534,0.17761293966161973,0.07521369679933955,-0.06328979077407493,2.8063442379773895,0.2688,True
1493,0.15,0.37,0.13,0.3,0.05,0.5143865910343255,0.148326043114825,0.06117513769077251,-0.03502485280399148,4.234879842176569,0.2688,True
1494,0.13,0.13,0.36,0.32,0.06,0.6803578200310478,0.1888218690996024,0.08729114678627398,-0.0836931013242489,2.256122262312365,0.26940000000000003,True
1495,0.13,0.13,0.32,0.36,0.06,0.6649114507148004,0.1851688095086692,0.08162235960244353,-0.07386882877072842,2.5067245899266917,0.26940000000000003,True
1496,0.15,0.15,0.25,0.4,0.05,0.6172391185814223,0.17374981985479176,0.07027421345835073,-0.05162622562475183,3.3655340430598635,0.27,True
1497,0.13,0.13,0.31,0.37,0.06,0.6610465663751901,0.18425123436349278,0.08023256272835615,-0.07139246694424728,2.5808217904471715,0.27040000000000003,True
1498,0.25,0.08,0.25,0.37,0.05,0.6524570281704045,0.18220685390018887,0.08103309337416655,-0.05657966100624734,3.2203595896424724,0.2708,True
1499,0.24,0.08,0.26,0.37,0.05,0.6547467865321037,0.18275252645550588,0.08088861520148291,-0.05837279049551625,3.130782765465762,0.271,True
1500,0.14,0.13,0.32,0.36,0.05,0.6480315965346928,0.18115079838967652,0.07860584119487499,-0.06917871398819686,2.6185915861428724,0.271,True
1501,0.13,0.14,0.32,0.36,0.05,0.643661869402645,0.1801061789960694,0.07790759106655609,-0.06870430182986353,2.6214687319300154,0.271,True
1502,0.23,0.08,0.27,0.37,0.05,0.6570249787814044,0.18329494328480922,0.0808219802284092,-0.06016117480723726,3.0467314488472925,0.2716,True
1503,0.14,0.13,0.31,0.37,0.05,0.6441516678131227,0.18022336142809725,0.077192601415794,-0.06667751667422672,2.7029105224274215,0.272,True
1504,0.13,0.14,0.31,0.37,0.05,0.639791391536022,0.17917936175311144,0.07648171920331891,-0.06619907868033381,2.7066745538611463,0.272,True
1505,0.2,0.1,0.25,0.4,0.05,0.6387923604312307,0.17893989888721507,0.07502785163189114,-0.053400264692697874,3.3509178262871773,0.275,True
1506,0.1,0.2,0.25,0.4,0.05,0.5957997706426186,0.16854120979056253,0.06658553756257245,-0.05026065828134241,3.3533426650945364,0.275,True
1507,0.2,0.25,0.1,0.4,0.05,0.5411962120289735,0.1550612845446353,0.06220261166693673,-0.03881306298165543,3.995079816759716,0.275,True
1508,0.13,0.13,0.32,0.37,0.05,0.6463294015309626,0.18074409443475692,0.07776642085869066,-0.06908920219116399,2.6160975767914247,0.2756,True
1509,0.25,0.05,0.3,0.35,0.05,0.6803398964775371,0.1888176431886084,0.08655960315607135,-0.06926640066106093,2.7259629688648572,0.27999999999999997,True
1510,0.15,0.1,0.3,0.4,0.05,0.6499601632117749,0.1816112508452108,0.07628465034338264,-0.06543157160391266,2.7755905351714163,0.28500000000000003,True
1511,0.1,0.15,0.3,0.4,0.05,0.6281920526073268,0.17639304080476226,0.07287092964055367,-0.0630258627893272,2.7987405962910934,0.28500000000000003,True
1512,0.2,0.05,0.35,0.35,0.05,0.6915669385435066,0.19145882491245025,0.08741241260730431,-0.08010643362376713,2.3900555330133373,0.29,True
1513,0.25,0.05,0.25,0.4,0.05,0.6604595865156744,0.1841117530339298,0.08062102006134651,-0.05757192304443881,3.197943429678682,0.29000000000000004,True
1514,0.2,0.15,0.15,0.45,0.05,0.5864101078598087,0.16624532998710095,0.06467910220438548,-0.03977618070463307,4.179519678412386,0.29000000000000004,True
1515,0.2,0.05,0.3,0.4,0.05,0.6718436387727391,0.18681105178348179,0.0807065127818204,-0.06780648962552227,2.7550615407933807,0.29500000000000004,True
1516,0.2,0.1,0.2,0.45,0.05,0.6191188526144877,0.17420429398904314,0.06915365124118523,-0.04330147562401021,4.023056754501195,0.29500000000000004,True
1517,0.2,0.2,0.1,0.45,0.05,0.5539619215729186,0.1582409127908495,0.06112787848963038,-0.03734659518371686,4.237090744482181,0.29500000000000004,True
1518,0.2,0.3,0.05,0.4,0.05,0.5091848854402168,0.1470100553035052,0.059933701418066365,-0.043518935338357045,3.3780710433403542,0.29500000000000004,True
1519,0.15,0.1,0.25,0.45,0.05,0.6304422439284769,0.1769346000182841,0.06954858392160004,-0.052974050864696975,3.3400239764597095,0.3,True
1520,0.15,0.45,0.1,0.25,0.05,0.48296837271284554,0.1403310533120412,0.06092431640287287,-0.041917524400332806,3.3477896254514268,0.3,True
1521,0.1,0.1,0.35,0.4,0.05,0.6608417982061228,0.18420257997653855,0.07957757812821903,-0.07737218551718772,2.380733835360243,0.305,True
1522,0.15,0.05,0.4,0.35,0.05,0.7025062486193663,0.19402109851798688,0.09003647829764988,-0.09173194908539395,2.115087496259032,0.31,True
1523,0.15,0.05,0.35,0.4,0.05,0.6829393733765521,0.18943021907093183,0.08273384701409517,-0.07964804714672447,2.3783410373134575,0.31,True
1524,0.2,0.05,0.25,0.45,0.05,0.6520877076355589,0.182118793878981,0.07436175979504983,-0.05530209959130916,3.2931623794551435,0.31,True
1525,0.25,0.05,0.2,0.45,0.05,0.6405467503847251,0.1793603530026342,0.07517080408165447,-0.05135707686147961,3.492417480971614,0.31,True
1526,0.2,0.25,0.05,0.45,0.05,0.5217747419551952,0.15019001298353052,0.058699626322496715,-0.04060083164788053,3.6991856296463532,0.31,True
1527,0.1,0.1,0.3,0.45,0.05,0.6414788817931207,0.1795836240867219,0.07221632548214448,-0.06499160200415155,2.7631819888860476,0.315,True
1528,0.15,0.05,0.45,0.3,0.05,0.7220399607837,0.19856923988702802,0.09752866429591717,-0.10362178143474654,1.9162886136258184,0.32,True
1529,0.15,0.05,0.3,0.45,0.05,0.6633397615700147,0.18479584103589763,0.0756746836370605,-0.0673652850244757,2.743190962062376,0.32,True
1530,0.15,0.45,0.05,0.3,0.05,0.46412623700705935,0.1354819932568514,0.057296900471909176,-0.04430970714711946,3.0576142786729967,0.32,True
1531,0.2,0.1,0.15,0.5,0.05,0.5994138817364376,0.16942250050826946,0.0638739660169525,-0.03917397796866651,4.324873533236345,0.325,True
1532,0.2,0.05,0.2,0.5,0.05,0.6322995716467326,0.17738123246111992,0.06847880850323815,-0.04513989943478569,3.9295885609445214,0.335,True
1533,0.1,0.05,0.4,0.4,0.05,0.6937485592376202,0.19197069780789833,0.08659056606882787,-0.09125858258405417,2.1035906144069547,0.3350000000000001,True
1534,0.1,0.05,0.35,0.45,0.05,0.6743046810985858,0.18739298302630125,0.07902864491184618,-0.07919120708338567,2.366335732564131,0.34,True
1535,0.15,0.05,0.25,0.5,0.05,0.6437078397145157,0.18011717821066808,0.06893335829045995,-0.05487871314225934,3.2820955138608907,0.34,True
1536,0.1,0.05,0.3,0.5,0.05,0.6548283877132599,0.1827719635485705,0.07166917161440459,-0.06692558109890823,2.7309731278754947,0.355,True
1537,0.05,0.05,0.4,0.45,0.05,0.6849842351317768,0.18991165476475458,0.08420762103007087,-0.09078679748128671,2.091842206504749,0.37000000000000005,True
1538,0.2,0.05,0.15,0.55,0.05,0.6124796573210032,0.17259752044093601,0.06318769302109047,-0.03856975286106179,4.474944940992411,0.37000000000000005,True
1539,0.05,0.05,0.35,0.5,0.05,0.6656629845534812,0.1853470687038743,0.07647065856669087,-0.07873590562145139,2.3540348871452745,0.38,True
1540,0.05,0.05,0.3,0.55,0.05,0.6463096400463408,0.18073937119463546,0.06890477905835109,-0.06648737020541418,2.718401564631557,0.4,True
1541,0.1,0.6,0.05,0.2,0.05,0.4197712820458994,0.12390056276497718,0.05711777599513592,-0.0539456864906378,2.2967649653782782,0.415,True
1542,0.25,0.05,0.05,0.6,0.05,0.5806173501248217,0.16482441234896394,0.06298681140093583,-0.04276303861420894,3.8543662398723346,0.43,True
1543,0.05,0.65,0.05,0.2,0.05,0.4001008437851503,0.11868717537355611,0.05486567288953453,-0.05370507872200303,2.2099804748061906,0.47000000000000003,True
