point,brazilian_stocks,fiis,international_equity,fixed_income,crypto,total_return,annualized_return,annualized_volatility,max_drawdown,calmar,hhi,feasible
1,0.2,0.2,0.2,0.2,0.2,0.8430655811607919,0.22600828813490592,0.1382189917645577,-0.11256004986585422,2.0078907961062207,0.20000000000000004,True
2,0.2,0.19,0.2,0.2,0.21,0.8625544631011588,0.2303134999987564,0.14303944115384293,-0.11706492865153417,1.9673996529253261,0.20020000000000002,True
3,0.2,0.2,0.2,0.19,0.21,0.859682417133838,0.22968094068967337,0.14316335750646006,-0.11677979180737397,1.9667866942983396,0.20020000000000002,True
4,0.19,0.2,0.2,0.2,0.21,0.858617531577399,0.22944623739475967,0.14268341329868534,-0.11639680354018678,1.97124173874364,0.20020000000000002,True
5,0.2,0.2,0.19,0.2,0.21,0.8560323722133187,0.22887608888966482,0.14235975067830348,-0.11452339439364778,1.9985094757404414,0.20020000000000002,True
6,0.2,0.19,0.21,0.2,0.2,0.849589816598749,0.22745289644182498,0.13892653374588518,-0.11511917570938246,1.9758037272263675,0.20020000000000002,True
7,0.21,0.19,0.2,0.2,0.2,0.8469732660756311,0.22687394367368663,0.13860816767926112,-0.1132374500247958,2.0035239545221804,0.20020000000000002,True
8,0.2,0.19,0.2,0.21,0.2,0.8459220599803898,0.2266411938850761,0.13809439242685753,-0.11285337982683996,2.008280073072069,0.20020000000000002,True
9,0.19,0.2,0.2,0.21,0.2,0.842015615979032,0.22577548453953478,0.13772300308392274,-0.11217561719764013,2.012696610723747,0.20020000000000002,True
10,0.21,0.2,0.19,0.2,0.2,0.8404477203143781,0.22542767801096164,0.13791859993550828,-0.11066796482585062,2.036973196043672,0.20020000000000002,True
11,0.2,0.2,0.19,0.21,0.2,0.8394002840197385,0.22519521497515171,0.13740191840787433,-0.11028325356031832,2.0419710854103834,0.20020000000000002,True
12,0.2,0.21,0.19,0.2,0.2,0.8365506146284607,0.22456232585935787,0.1375283610095882,-0.1099850666206279,2.041752873905527,0.20020000000000002,True
13,0.2,0.2,0.21,0.2,0.19,0.8299695215729685,0.22309821073101865,0.13411205228078152,-0.11057872936201996,2.017550861889767,0.20020000000000002,True
14,0.21,0.2,0.2,0.2,0.19,0.827326334584128,0.2225091849949763,0.1337974608420929,-0.1086744383264231,2.047484104096588,0.20020000000000002,True
15,0.2,0.2,0.2,0.21,0.19,0.8262911058149214,0.22227833277181674,0.13326458835562402,-0.1082883894953166,2.0526515705677766,0.20020000000000002,True
16,0.2,0.21,0.2,0.2,0.19,0.8234529498469649,0.2216449865681458,0.13339248078594196,-0.1079857546911035,2.052539126129812,0.20020000000000002,True
17,0.2,0.19,0.21,0.19,0.21,0.8662069056167983,0.23111700053455797,0.14385769889594516,-0.11931049883582157,1.9371053074934244,0.2004,True
18,0.19,0.19,0.21,0.2,0.21,0.8651382288766423,0.23088201101632788,0.14338038192673083,-0.1189281495231197,1.9413571298479195,0.2004,True
19,0.21,0.19,0.2,0.19,0.21,0.8636206019154793,0.23054814828055292,0.14353667362247546,-0.11744755650577421,1.9629880360194485,0.2004,True
20,0.19,0.19,0.2,0.21,0.21,0.8614884422338385,0.2300787881208235,0.14256076858309724,-0.1166824621960636,1.9718369306795913,0.2004,True
21,0.21,0.19,0.19,0.2,0.21,0.8599637025341027,0.22974292169569477,0.14273499821120084,-0.11519515137571035,1.9943801362471023,0.2004,True
22,0.2,0.19,0.19,0.21,0.21,0.8589002193403916,0.22950855118572266,0.14223634983993852,-0.11481240718560437,1.9989873639240214,0.2004,True
23,0.19,0.2,0.19,0.21,0.21,0.8549701398160163,0.22864166350389703,0.1418784763559909,-0.11414028992391445,2.0031635074372844,0.2004,True
24,0.19,0.21,0.19,0.2,0.21,0.8521060210320399,0.22800913122715483,0.1420028764201936,-0.11384987120830081,2.002717515683326,0.2004,True
25,0.21,0.19,0.21,0.19,0.2,0.8506436701802635,0.22768592378351982,0.13943865105331138,-0.11550312979750033,1.9712532827698952,0.2004,True
26,0.19,0.19,0.21,0.21,0.2,0.8485360793787042,0.22721980630190908,0.13843339945372782,-0.11473538431507968,1.9803812717263507,0.2004,True
27,0.21,0.19,0.19,0.21,0.2,0.8433011009565357,0.2260604966334412,0.1377932205766909,-0.1109647123363543,2.0372286997708837,0.2004,True
28,0.19,0.21,0.19,0.21,0.2,0.8355044163032475,0.22432980914538625,0.13702954864406533,-0.10959999208621274,2.046804975760633,0.2004,True
29,0.21,0.19,0.21,0.2,0.19,0.8338534837724292,0.2239627109465936,0.13451576084080127,-0.1112618480822607,2.012933586911196,0.2004,True
30,0.2,0.19,0.21,0.21,0.19,0.83281450163433,0.22373157188329018,0.13398608536394038,-0.11087644357104787,2.017845853253099,0.2004,True
31,0.21,0.19,0.2,0.21,0.19,0.8301681882953154,0.22314246004625038,0.13367068396657714,-0.10897561231317154,2.0476366712672265,0.2004,True
32,0.19,0.2,0.21,0.21,0.19,0.828931770465412,0.22286701890670324,0.1336005911208289,-0.11019296017495961,2.022515944329335,0.2004,True
33,0.21,0.2,0.19,0.21,0.19,0.823643563180231,0.22168754329987972,0.13296786388811205,-0.10637702395699589,2.0839795573666304,0.2004,True
34,0.19,0.21,0.2,0.21,0.19,0.8224189491642566,0.22141408171099397,0.13287791225159723,-0.10759934038499253,2.057764303375561,0.2004,True
35,0.21,0.21,0.19,0.2,0.19,0.8208085364531981,0.22105428304977015,0.133096580235689,-0.10607089351048937,2.0840239554304314,0.2004,True
36,0.2,0.21,0.19,0.21,0.19,0.8197770558711333,0.22082371801148426,0.13256054462214154,-0.10568419980399679,2.089467663293346,0.2004,True
37,0.2,0.19,0.2,0.19,0.22,0.879025473275959,0.2339286869433046,0.14797196724120282,-0.12122567570562437,1.9296958798675623,0.2006,True
38,0.19,0.19,0.2,0.2,0.22,0.8779444516128907,0.23369206513249785,0.14750820870170048,-0.12084464327119782,1.9338222928760647,0.2006,True
39,0.2,0.19,0.19,0.2,0.22,0.8753869179831739,0.23313189192616357,0.14718149374276318,-0.11899316165639817,1.9592041145973556,0.2006,True
40,0.2,0.2,0.19,0.19,0.22,0.8725036540344908,0.23249976332133726,0.1473043750652804,-0.1187122322600016,1.9585156381536155,0.2006,True
41,0.19,0.2,0.19,0.2,0.22,0.8714264399868488,0.23226342771472885,0.14683821463373684,-0.11833056414491305,1.9628354634588607,0.2006,True
42,0.2,0.18,0.21,0.2,0.21,0.869085748696049,0.23174957839997679,0.14373550260473508,-0.11959092988979292,1.9378524660151222,0.2006,True
43,0.21,0.18,0.2,0.2,0.21,0.8664963823706329,0.2311806376439447,0.1434137467727129,-0.11773130707851509,1.9636292451061481,0.2006,True
44,0.2,0.18,0.2,0.21,0.21,0.865429107762882,0.2309459807719969,0.1429177771040627,-0.11734920009910976,1.9680234767424625,0.2006,True
45,0.18,0.2,0.2,0.21,0.21,0.8575527640240577,0.22921147044751056,0.14222227618371994,-0.11601397703548055,1.9757228939527762,0.2006,True
46,0.21,0.18,0.21,0.2,0.2,0.8535080886956656,0.22831885520410156,0.13931458097809069,-0.11579113245805539,1.9718164107843805,0.2006,True
47,0.21,0.2,0.18,0.2,0.21,0.8534402289434049,0.2283038682328622,0.14207285846488044,-0.11264337268731184,2.026784734745237,0.2006,True
48,0.2,0.18,0.21,0.21,0.2,0.8524531076181021,0.22808581899952118,0.13880374359068604,-0.11540770272951206,1.9763483164906208,0.2006,True
49,0.2,0.2,0.18,0.21,0.21,0.852380531982003,0.22806978441589254,0.14157156319685776,-0.1122599906730295,2.031621266388421,0.2006,True
50,0.21,0.18,0.2,0.21,0.2,0.8498334618082732,0.22750677896020677,0.13848461113041105,-0.11352935977334078,2.0039466391285896,0.2006,True
51,0.2,0.21,0.18,0.2,0.21,0.8495194796181489,0.22743734042848462,0.1416967326126806,-0.11196618339956577,2.0313038591022177,0.2006,True
52,0.19,0.19,0.2,0.22,0.2,0.8448709697527981,0.22640838137529595,0.1375996981279624,-0.1124694726248825,2.0130651997491973,0.2006,True
53,0.22,0.19,0.19,0.2,0.2,0.8443497756470775,0.22629290605234842,0.13832750824711845,-0.11134906090828145,2.032283920550947,0.2006,True
54,0.2,0.19,0.19,0.22,0.2,0.8422525416015383,0.22582802461631446,0.13727781979312287,-0.11058052716724709,2.042204268702407,0.2006,True
55,0.19,0.2,0.19,0.22,0.2,0.8383529631167346,0.22496268928671692,0.13690439636415874,-0.10989870606780427,2.0470003454628625,0.2006,True
56,0.21,0.2,0.18,0.21,0.2,0.8367780233206212,0.22461285556830846,0.1371189654719406,-0.1083841694835268,2.0723769590950005,0.2006,True
57,0.2,0.19,0.22,0.2,0.19,0.8364954328175478,0.22455006395394728,0.13484876145140404,-0.11315566296082213,1.9844350523728822,0.2006,True
58,0.21,0.21,0.18,0.2,0.2,0.8339314549975338,0.223980053435487,0.13724620133673643,-0.10808252971930177,2.072305802030907,0.2006,True
59,0.2,0.21,0.18,0.21,0.2,0.8328877833217652,0.22374787749121383,0.13672664780276436,-0.10769717681388724,2.07756492891058,0.2006,True
60,0.22,0.19,0.2,0.2,0.19,0.8312046455774904,0.2233732596950999,0.13422157909387236,-0.10936129624799384,2.0425257139286837,0.2006,True
61,0.2,0.19,0.2,0.22,0.19,0.8291318447631351,0.22291159857801102,0.13313910838388485,-0.10859009309954759,2.0527802510829574,0.2006,True
62,0.19,0.2,0.2,0.22,0.19,0.8252559908517925,0.22204741867625333,0.1327513268974173,-0.10790250575999594,2.05785229093888,0.2006,True
63,0.22,0.2,0.19,0.2,0.19,0.8246762693312277,0.22191805589076097,0.13352200761541275,-0.1067633519738932,2.0785976815810963,0.2006,True
64,0.2,0.2,0.19,0.22,0.19,0.8226109703032134,0.2214569689568593,0.13243311996093368,-0.10599086144993108,2.089396820889819,0.2006,True
65,0.2,0.22,0.19,0.2,0.19,0.8169457212251559,0.22019038657719014,0.13269039912160038,-0.10537658870009281,2.089556981236727,0.2006,True
66,0.21,0.2,0.21,0.2,0.18,0.8140785260942265,0.21954836270583256,0.12971624719619876,-0.10666254276162568,2.058345479316851,0.2006,True
67,0.2,0.2,0.21,0.21,0.18,0.8130554517091189,0.2193191115699833,0.12916634349241718,-0.10627514798953563,2.0636914247494484,0.2006,True
68,0.21,0.2,0.2,0.21,0.18,0.810383018572929,0.21871986391706488,0.12885512845473834,-0.10435135471197599,2.095994484410496,0.2006,True
69,0.21,0.21,0.2,0.2,0.18,0.807559663892712,0.21808613363375273,0.12898551897785346,-0.10404066330492412,2.0961624686549936,0.2006,True
70,0.2,0.21,0.2,0.21,0.18,0.8065403212630355,0.21785716980414427,0.12843212501495602,-0.10365262041429224,2.101800889677313,0.2006,True
71,0.21,0.19,0.19,0.19,0.22,0.8764653951716417,0.23336817142496225,0.14766455187526858,-0.11937447154091985,1.954925273490882,0.20079999999999998,True
72,0.19,0.19,0.19,0.21,0.22,0.8743085603272696,0.23289554801795953,0.1467165869613912,-0.11861201189072401,1.9635072730451932,0.20079999999999998,True
73,0.21,0.18,0.21,0.19,0.21,0.8701556816381197,0.23198451277489496,0.144230030224651,-0.11997291960078793,1.9336406377941593,0.20079999999999998,True
74,0.19,0.18,0.21,0.21,0.21,0.8680159341769857,0.23151458035908568,0.14325946045528443,-0.1192091008161068,1.9420881356719775,0.20079999999999998,True
75,0.21,0.18,0.19,0.21,0.21,0.8628352800818664,0.2303753141652103,0.14261259387197903,-0.11548276461014995,1.9948891502807187,0.20079999999999998,True
76,0.19,0.19,0.19,0.22,0.21,0.8578368535998795,0.22927411715820845,0.14175635196774874,-0.11442982469317231,2.0036220257522475,0.20079999999999998,True
77,0.21,0.19,0.18,0.21,0.21,0.8563050060657629,0.22893624236620336,0.14194870439603322,-0.11293576151954365,2.027136836781197,0.20079999999999998,True
78,0.18,0.21,0.19,0.21,0.21,0.8510450390046824,0.22777465090241655,0.14153921685861387,-0.11346640588602652,2.0074192808328584,0.20079999999999998,True
79,0.19,0.21,0.18,0.21,0.21,0.8484610305091171,0.22720320186593068,0.14121288746172822,-0.11158244030773812,2.036191368814994,0.20079999999999998,True
80,0.21,0.19,0.22,0.19,0.19,0.8375370543075782,0.22478148038723123,0.1353765054735346,-0.11354095160908062,1.9797392676533985,0.20079999999999998,True
81,0.21,0.18,0.21,0.21,0.19,0.836702167239209,0.22459600097826526,0.13439088719334452,-0.1115581210310892,2.013264466113359,0.20079999999999998,True
82,0.19,0.19,0.22,0.21,0.19,0.8354539261034197,0.22431858550527828,0.1343404376231101,-0.11277053831679207,1.9891594813099884,0.20079999999999998,True
83,0.19,0.19,0.21,0.22,0.19,0.8317756337783295,0.22350037088014196,0.13347593590499113,-0.11049120336956575,2.022788819962332,0.20079999999999998,True
84,0.22,0.19,0.19,0.21,0.19,0.8275149902168859,0.222551245115991,0.13339442590147335,-0.1070680085406549,2.0785970351870873,0.20079999999999998,True
85,0.21,0.19,0.19,0.22,0.19,0.8264811712884026,0.2223207232137583,0.13284156390122337,-0.10668221076981077,2.083953094049221,0.20079999999999998,True
86,0.19,0.21,0.19,0.22,0.19,0.8187456886191413,0.22059309116816905,0.13204420371612327,-0.10529767198448048,2.09494746665132,0.20079999999999998,True
87,0.21,0.21,0.18,0.21,0.19,0.8171282954795371,0.22023124581904052,0.13228277801969968,-0.10376220531706426,2.1224611133320073,0.20079999999999998,True
88,0.21,0.19,0.21,0.21,0.18,0.8169087224236977,0.22018210608942335,0.12958788762982507,-0.10696821234534826,2.0583882002118776,0.20079999999999998,True
89,0.19,0.22,0.19,0.21,0.19,0.8159154657855636,0.219959769031967,0.13217275614138357,-0.10498952872579481,2.0950638763837524,0.20079999999999998,True
90,0.21,0.21,0.19,0.21,0.18,0.8038667427495132,0.2172562234531561,0.12814036509073884,-0.10171807703156976,2.1358664044123374,0.20079999999999998,True
91,0.2,0.18,0.2,0.2,0.22,0.8819155196714863,0.23456083576072206,0.1478507411223017,-0.12150195927277407,1.9305107272725437,0.20080000000000003,True
92,0.2,0.2,0.18,0.2,0.22,0.8688674403889756,0.23170163155446644,0.14652839143396035,-0.11646900647727976,1.989384459973613,0.20080000000000003,True
93,0.2,0.18,0.22,0.2,0.2,0.8561233173567313,0.228896155528568,0.13965066216684818,-0.11766259018243075,1.9453605022095335,0.20080000000000003,True
94,0.22,0.18,0.2,0.2,0.2,0.8508859092434493,0.2277394750034638,0.13901591270430316,-0.11391306807668844,1.9992392343444325,0.20080000000000003,True
95,0.2,0.18,0.2,0.22,0.2,0.8487811301846613,0.22727402025031074,0.1379721208718767,-0.1131458140982945,2.0086825311351624,0.20080000000000003,True
96,0.18,0.2,0.2,0.22,0.2,0.8409657667210055,0.22554261816836996,0.13724636182949204,-0.1117913478943382,2.0175319684090938,0.20080000000000003,True
97,0.22,0.2,0.18,0.2,0.2,0.8378229304482627,0.22484497802415926,0.13765620404641948,-0.10876915890237504,2.067175845553492,0.20080000000000003,True
98,0.2,0.2,0.18,0.22,0.2,0.8357332310525172,0.22438067058259126,0.13660068810110607,-0.10799934424706259,2.0776114165035224,0.20080000000000003,True
99,0.2,0.22,0.18,0.2,0.2,0.8300449205873563,0.22311500483540758,0.13685496763030033,-0.10739407812711843,2.077535453782792,0.20080000000000003,True
100,0.22,0.2,0.2,0.2,0.18,0.8114035768885997,0.2189487763176028,0.12942706740703827,-0.10473902969538307,2.090422041853746,0.20080000000000003,True
101,0.2,0.2,0.2,0.22,0.18,0.8093625719456805,0.21849089052740034,0.12830304045153518,-0.10396384658169877,2.1016045261051572,0.20080000000000003,True
102,0.2,0.18,0.21,0.19,0.22,0.885556410254484,0.2353562983800086,0.14865545501858615,-0.12372385017999066,1.9022710499036166,0.201,True
103,0.19,0.18,0.21,0.2,0.22,0.8844715757942396,0.23511939068688759,0.1481941254284313,-0.12334345275653735,1.9062170340810893,0.201,True
104,0.21,0.18,0.2,0.19,0.22,0.8829978074194078,0.23479740133187965,0.14833132577002386,-0.12188263428657908,1.9264221084999473,0.201,True
105,0.19,0.18,0.2,0.21,0.22,0.8808333519321137,0.2343242057092001,0.1473882390889568,-0.12112144362503752,1.9346219686301853,0.201,True
106,0.21,0.18,0.19,0.2,0.22,0.8793524071157932,0.23400023070152787,0.1475426183192792,-0.11965403472289549,1.9556401189767196,0.201,True
107,0.2,0.18,0.19,0.21,0.22,0.8782727858365142,0.23376394289375835,0.1470608054694463,-0.11927324225871483,1.9599026442720695,0.201,True
108,0.21,0.19,0.18,0.2,0.22,0.8728223388062759,0.23256966385856526,0.14689029200148856,-0.11713519432906738,1.9854806677932195,0.201,True
109,0.2,0.18,0.22,0.19,0.21,0.8727405824497736,0.2325517321193875,0.14456814280035407,-0.1218257628096292,1.9088879622513346,0.201,True
110,0.2,0.19,0.18,0.21,0.22,0.8717465253727574,0.2323336623858756,0.14640603224786916,-0.11675376790281433,1.9899457341648263,0.201,True
111,0.19,0.18,0.22,0.2,0.21,0.8716681093441623,0.23231645670530288,0.14409347981129086,-0.12144405179528006,1.9129504761330096,0.201,True
112,0.18,0.2,0.19,0.21,0.22,0.870349345527855,0.23202702764103256,0.14639043808170144,-0.11794905650815823,1.9671800225462919,0.201,True
113,0.19,0.2,0.18,0.21,0.22,0.8677928876347927,0.2314655741131666,0.1460611086685841,-0.116087221947072,1.993893645061981,0.201,True
114,0.22,0.18,0.2,0.19,0.21,0.8675637748693099,0.23141523097586258,0.1439280261379493,-0.11811357509417231,1.959260235678706,0.201,True
115,0.19,0.21,0.18,0.2,0.22,0.8649175445017501,0.23083347392043874,0.14618442443807708,-0.11580107498491543,1.9933620991904242,0.201,True
116,0.19,0.18,0.2,0.22,0.21,0.8643619510843215,0.23071126031278033,0.14244038429984357,-0.11696725405422226,1.9724431609365645,0.201,True
117,0.22,0.18,0.19,0.2,0.21,0.8639000144984452,0.23060962986244182,0.14312837222242944,-0.1158651490927568,1.9903278221980742,0.201,True
118,0.2,0.18,0.19,0.22,0.21,0.8617706630623876,0.23014093500639832,0.14211521308687572,-0.11510054146180526,1.9994774315007704,0.201,True
119,0.18,0.19,0.2,0.22,0.21,0.8604225393518172,0.22984401259943832,0.1421009202308147,-0.1163001570372636,1.976300105302474,0.201,True
120,0.22,0.19,0.18,0.2,0.21,0.8573659513059975,0.22917027150048574,0.142467203336481,-0.11331878302809795,2.0223502704195284,0.201,True
121,0.21,0.18,0.22,0.19,0.2,0.8571809486342836,0.2291294690111203,0.14015981640693223,-0.11804590284404748,1.9410200904120092,0.201,True
122,0.2,0.19,0.18,0.22,0.21,0.8552441777466229,0.22870214983987047,0.1414486729438403,-0.11255290211090574,2.0319524912339912,0.201,True
123,0.19,0.18,0.22,0.21,0.2,0.8550658029166429,0.2286627791790634,0.13916041041351232,-0.1172794394443597,1.9497260582281923,0.201,True
124,0.22,0.18,0.21,0.19,0.2,0.854563186078588,0.22855182866512158,0.13984413491449327,-0.11617472451362776,1.967311130901899,0.201,True
125,0.18,0.2,0.19,0.22,0.21,0.853908024928002,0.22840717454452641,0.14141610241991712,-0.11375734751646494,2.0078454669617485,0.201,True
126,0.19,0.18,0.21,0.22,0.2,0.851398242884182,0.22785272000515344,0.1383119074162698,-0.11502443522498074,1.9809070964746534,0.201,True
127,0.19,0.2,0.18,0.22,0.21,0.8513209519978016,0.22783563715103927,0.14108899089553162,-0.11187677112453864,2.0364874214810675,0.201,True
128,0.18,0.19,0.21,0.22,0.2,0.8474824585583784,0.22698665331745493,0.13795952990263657,-0.11435175551121068,1.9849861709836354,0.201,True
129,0.22,0.18,0.19,0.21,0.2,0.8472068696176791,0.22692565433796674,0.13820318877657373,-0.11164437553920414,2.03257578576613,0.201,True
130,0.21,0.18,0.19,0.22,0.2,0.8461570713842315,0.2266932359309144,0.1376701726353537,-0.11126055212020647,2.037498750554409,0.201,True
131,0.22,0.19,0.18,0.21,0.2,0.8406732064376312,0.2254777097908094,0.1375300488401399,-0.10906934639658394,2.0672876224173593,0.201,True
132,0.21,0.18,0.22,0.2,0.19,0.840389980432459,0.22541486579342296,0.1352511309945407,-0.11383327230641405,1.9802195019629751,0.201,True
133,0.21,0.19,0.18,0.22,0.2,0.839627178235103,0.225245578286714,0.13699407703595454,-0.10868488370110574,2.0724646392055934,0.201,True
134,0.2,0.18,0.22,0.21,0.19,0.8393472397437611,0.22518344023275993,0.13472468336733914,-0.1134485115329642,1.9848955018447239,0.201,True
135,0.22,0.18,0.21,0.2,0.19,0.8377423808342901,0.22482708734037882,0.1349384989085301,-0.11194316144560812,2.0084039474766815,0.201,True
136,0.2,0.18,0.21,0.22,0.19,0.8356620678701241,0.22436485272943751,0.13386251345717004,-0.11117324455425193,2.0181551202272296,0.201,True
137,0.18,0.21,0.19,0.22,0.2,0.8344583334257873,0.22409722972429713,0.13655016515977553,-0.10921508169623739,2.0518890453937884,0.201,True
138,0.22,0.18,0.2,0.21,0.19,0.8340501991095075,0.22400646375292665,0.1340959141993267,-0.10966101608970014,2.042717382535418,0.201,True
139,0.21,0.18,0.2,0.22,0.19,0.8330126265818052,0.2237756548523504,0.1335463062143243,-0.10927586082104124,2.047805006256808,0.201,True
140,0.19,0.21,0.18,0.22,0.2,0.8318442265616044,0.22351563896278837,0.13622633100415554,-0.10731198846357481,2.082858049346992,0.201,True
141,0.19,0.22,0.18,0.21,0.2,0.8290024839369801,0.22288277534160494,0.13635336489797595,-0.10700836116030632,2.0828538342691774,0.201,True
142,0.18,0.2,0.21,0.22,0.19,0.8278941336960481,0.22263576508932004,0.133108940748364,-0.10980735567091193,2.027512307613983,0.201,True
143,0.18,0.21,0.2,0.22,0.19,0.8213850623437278,0.22118311492833942,0.13238324292644163,-0.10721309155049619,2.06302338389491,0.201,True
144,0.22,0.2,0.18,0.21,0.19,0.8209891466918502,0.22109464557846792,0.13271059803921706,-0.10445882713240717,2.116572161950647,0.201,True
145,0.21,0.19,0.22,0.2,0.18,0.8206068099660617,0.22100919833486965,0.13046463068661118,-0.10926809890460998,2.0226324110187788,0.201,True
146,0.21,0.2,0.18,0.22,0.19,0.8199590761808189,0.22086441102114174,0.1321545196368762,-0.10407238632340987,2.1222191478803523,0.201,True
147,0.2,0.19,0.22,0.21,0.18,0.8195799986437937,0.22077966024366869,0.12991825007500302,-0.10888135171315061,2.0277086642468922,0.201,True
148,0.22,0.19,0.21,0.2,0.18,0.8179330154388427,0.2204113056708441,0.13015624381517074,-0.10735524000368579,2.0531024444011936,0.201,True
149,0.2,0.21,0.18,0.22,0.19,0.8160994480759585,0.22000095894784355,0.13174490236679065,-0.10337539898706127,2.128175185813594,0.201,True
150,0.2,0.19,0.21,0.22,0.18,0.8158845415730027,0.21995284545272087,0.12903929588306376,-0.10658135074230068,2.063708556148225,0.201,True
151,0.22,0.19,0.2,0.21,0.18,0.814230612219832,0.21958243489782658,0.12929787063568893,-0.10504822519827073,2.090301235298179,0.201,True
152,0.2,0.22,0.18,0.21,0.19,0.8132723553885768,0.21936772268285187,0.13187430818292437,-0.10306372312529988,2.1284668943713125,0.201,True
153,0.21,0.19,0.2,0.22,0.18,0.8132089494240333,0.21935351293076288,0.1287272270716105,-0.10466108401400198,2.0958459870472668,0.201,True
154,0.19,0.2,0.21,0.22,0.18,0.8120324895445421,0.21908979932719475,0.12863651654788216,-0.10588791965177846,2.0690726576524536,0.201,True
155,0.22,0.2,0.19,0.21,0.18,0.8077037623386751,0.21811849395199623,0.1285846078879676,-0.10242065394647781,2.1296338731246425,0.201,True
156,0.21,0.2,0.19,0.22,0.18,0.8066858315286332,0.2178898594594043,0.12801041228377585,-0.10203286650842758,2.13548699468722,0.201,True
157,0.19,0.21,0.2,0.22,0.18,0.8055210903778738,0.2176281449338726,0.12789889832101928,-0.10326474475842884,2.107477682174865,0.201,True
158,0.2,0.21,0.19,0.22,0.18,0.8028500251639947,0.21702753766333638,0.12758481677285674,-0.10132992186279466,2.1417912268520407,0.201,True
159,0.2,0.22,0.19,0.21,0.18,0.8000346108911387,0.2163938299140422,0.1277159777098321,-0.10101361513993534,2.1422243884081302,0.201,True
160,0.21,0.18,0.21,0.18,0.22,0.8866413652171146,0.23559314151235022,0.14913478200858063,-0.12410440667596812,1.8983463022991194,0.20139999999999997,True
161,0.18,0.18,0.21,0.21,0.22,0.8833868618746616,0.2348824183844469,0.1477510368205177,-0.12296321430589374,1.9101844377630974,0.20139999999999997,True
162,0.21,0.18,0.18,0.21,0.22,0.8757051677183891,0.23320162548045698,0.14676888680858957,-0.11741857646816689,1.9860709650459762,0.20139999999999997,True
163,0.21,0.18,0.22,0.18,0.21,0.8738131744722064,0.2327869437886434,0.14506119927249378,-0.12220763416453517,1.9048478057862486,0.20139999999999997,True
164,0.22,0.18,0.21,0.18,0.21,0.8712257329649222,0.2322193835311781,0.1447427790300868,-0.12035507005048462,1.929452439633581,0.20139999999999997,True
165,0.18,0.18,0.22,0.21,0.21,0.8705957551936672,0.2320811174988897,0.1436374689120108,-0.12106250102052418,1.9170355439752902,0.20139999999999997,True
166,0.18,0.18,0.21,0.22,0.21,0.8669462381192228,0.23127951860482376,0.14280216523193479,-0.11882743227842008,1.9463478606768296,0.20139999999999997,True
167,0.18,0.21,0.18,0.21,0.22,0.8638442520004455,0.23059736044563683,0.14573434484399006,-0.11541893178136287,1.9979162593746365,0.20139999999999997,True
168,0.22,0.18,0.18,0.21,0.21,0.8602344552644392,0.2298025759338016,0.14234406145684492,-0.11360975984868094,2.022736217732351,0.20139999999999997,True
169,0.21,0.18,0.18,0.22,0.21,0.8591723781839105,0.22956853808311606,0.14182681762036817,-0.11322726001004801,2.027502370566449,0.20139999999999997,True
170,0.18,0.21,0.18,0.22,0.21,0.8474026984333904,0.2269689997995621,0.140748017675346,-0.11119886004878465,2.0411090518372874,0.20139999999999997,True
171,0.18,0.22,0.18,0.21,0.21,0.8445464991430682,0.22633649449882243,0.14087292290157008,-0.11090310338534781,2.040849061837212,0.20139999999999997,True
172,0.21,0.18,0.22,0.21,0.18,0.8234438507162241,0.22164295500299946,0.13033826293157658,-0.10956880303742023,2.0228655315993858,0.20139999999999997,True
173,0.22,0.18,0.21,0.21,0.18,0.8207668980814986,0.2210449773848655,0.13002905319197844,-0.10765943377000153,2.053187255815365,0.20139999999999997,True
174,0.21,0.18,0.21,0.22,0.18,0.8197414981182205,0.2208157682961014,0.12946199861147167,-0.10727293832151918,2.0584480275376706,0.20139999999999997,True
175,0.18,0.21,0.21,0.22,0.18,0.808185339528789,0.21822662969973794,0.12825396207964163,-0.10519263766895715,2.0745428058045325,0.20139999999999997,True
176,0.22,0.21,0.18,0.21,0.18,0.8011863520236617,0.21665314948002146,0.1278896432343998,-0.09977656573043314,2.171383108788835,0.20139999999999997,True
177,0.21,0.21,0.18,0.22,0.18,0.8001721480176465,0.21642480281670728,0.12731193625906256,-0.09938813154908899,2.1775719036413568,0.20139999999999997,True
178,0.21,0.22,0.18,0.21,0.18,0.7973598985390757,0.21579117963099703,0.127443979336402,-0.09906822427095674,2.178207807992974,0.20139999999999997,True
179,0.19,0.18,0.22,0.19,0.22,0.8881079522462612,0.23591314973270072,0.14901458940452086,-0.12555866815017847,1.8789077107008594,0.2014,True
180,0.22,0.18,0.19,0.19,0.22,0.8804321478715438,0.2342364541574713,0.1480423471123141,-0.1200349869476185,1.9514015047936704,0.2014,True
181,0.19,0.18,0.19,0.22,0.22,0.8771932840719974,0.23352759068589757,0.14659715982524613,-0.11889260945460012,1.9641892945000212,0.2014,True
182,0.18,0.19,0.19,0.22,0.22,0.8732303222422233,0.2326591396519988,0.1462700800506038,-0.11823102214306935,1.9678349678011067,0.2014,True
183,0.19,0.19,0.18,0.22,0.22,0.8706708309779949,0.23209759658393625,0.14594000764420165,-0.11637250189108528,1.994436768242379,0.2014,True
184,0.22,0.18,0.22,0.19,0.19,0.8414328358409751,0.22564622939196766,0.13579671446385677,-0.11421819671296396,1.9755716329424104,0.2014,True
185,0.19,0.18,0.22,0.22,0.19,0.8383046138131562,0.22495195266473456,0.13421767549321767,-0.11306391428829377,1.9895999009121983,0.2014,True
186,0.18,0.19,0.22,0.22,0.19,0.8344125342034714,0.22408704499590026,0.13385183489014368,-0.11238557757229495,1.9939128297111828,0.2014,True
187,0.22,0.18,0.19,0.22,0.19,0.8303562940787299,0.2231843541572418,0.13326924687752575,-0.10737172726170308,2.078613801315333,0.2014,True
188,0.22,0.19,0.18,0.22,0.19,0.8238236174846227,0.22172773987691152,0.13258348343545276,-0.10476752013105006,2.116378621919847,0.2014,True
189,0.19,0.19,0.22,0.22,0.18,0.8185533000180516,0.22055006097917484,0.12939185432624498,-0.10849477016080211,2.0328174404378525,0.2014,True
190,0.18,0.22,0.19,0.22,0.19,0.8148853237321279,0.21972908962873272,0.13167509944015304,-0.10460263501686995,2.1006075955285026,0.2014,True
191,0.19,0.22,0.18,0.22,0.19,0.8122447306659955,0.2191373834384207,0.1313549234246034,-0.10267655069863835,2.1342495628003872,0.2014,True
192,0.22,0.19,0.19,0.22,0.18,0.81052652770165,0.2187520583770035,0.12845585929918138,-0.1027339331546322,2.1293067602867315,0.2014,True
193,0.19,0.22,0.19,0.22,0.18,0.7990191061036687,0.21616509276912743,0.1271793861817428,-0.10062509166150513,2.148222567550942,0.2014,True
194,0.2,0.18,0.22,0.18,0.22,0.8891954541734244,0.23615033486685988,0.1494747192588877,-0.12593894629287572,1.8751176011722654,0.2016,True
195,0.18,0.18,0.22,0.2,0.22,0.8870205713535801,0.23567589990854487,0.14857261228091398,-0.1251785486875414,1.8827179447240299,0.2016,True
196,0.22,0.18,0.2,0.18,0.22,0.8840802151376295,0.23503390247105038,0.14882974425617693,-0.12226346876659144,1.9223559158111627,0.2016,True
197,0.18,0.18,0.2,0.22,0.22,0.8797513042396021,0.23408751112888448,0.14694406570988833,-0.12074108724331534,1.9387560313843737,0.2016,True
198,0.22,0.18,0.18,0.2,0.22,0.8767822422577085,0.23343757104930662,0.14726989417137715,-0.11779964535905751,1.9816491835589198,0.2016,True
199,0.2,0.18,0.18,0.22,0.22,0.8746282121617237,0.232965615639791,0.14628587683050417,-0.11703766763260681,1.9905182694779415,0.2016,True
200,0.18,0.2,0.18,0.22,0.22,0.8667184539754813,0.23122945228508507,0.145612295900077,-0.11570559819175474,1.998429254061474,0.2016,True
201,0.22,0.18,0.22,0.18,0.2,0.8582386967109961,0.22936271967304211,0.14068759181628393,-0.11842937753187943,1.9367045952031714,0.2016,True
202,0.18,0.18,0.22,0.22,0.2,0.8540084053522976,0.22842933991621717,0.13868933955825807,-0.11689645052725628,1.9541169888897114,0.2016,True
203,0.22,0.18,0.18,0.22,0.2,0.8435260706134124,0.22611036229262038,0.1374062281898676,-0.10936861401564724,2.0674154493744528,0.2016,True
204,0.18,0.22,0.18,0.22,0.2,0.8279601622583255,0.22265048320928038,0.13587127119881065,-0.10662280912254807,2.088206876573423,0.2016,True
205,0.22,0.18,0.22,0.2,0.18,0.8244718836125589,0.22187244141444462,0.13090300258623677,-0.10995518391512804,2.017844302690658,0.2016,True
206,0.2,0.18,0.22,0.22,0.18,0.8224159304603371,0.2214134074700389,0.1297931998340884,-0.10918258742235565,2.027918669975607,0.2016,True
207,0.22,0.18,0.2,0.22,0.18,0.8170602253169703,0.22021601236339583,0.12917114845934272,-0.10535646450344649,2.0901993380405433,0.2016,True
208,0.18,0.2,0.22,0.22,0.18,0.8146955801946929,0.21968659089467568,0.12901060834055292,-0.1078051227114254,2.037812168562124,0.2016,True
209,0.22,0.2,0.18,0.22,0.18,0.8040022724239104,0.21728670105139636,0.12775882974112537,-0.1000949421731322,2.1708060001229628,0.2016,True
210,0.18,0.22,0.2,0.22,0.18,0.801684502216554,0.21676527593016215,0.127515105801074,-0.1025637710561943,2.113468271475678,0.2016,True
211,0.2,0.22,0.18,0.22,0.18,0.796346904813541,0.21556278179586008,0.12688501029555538,-0.09867942158115828,2.184475530377646,0.2016,True
212,0.2,0.17,0.2,0.2,0.23,0.9011446748751923,0.23875049532761006,0.15265039569342448,-0.12587266306908318,1.8967620888149137,0.20180000000000003,True
213,0.2,0.2,0.2,0.17,0.23,0.8924288475635855,0.23685500357167477,0.15301321437395743,-0.12506726108680477,1.8938209849121272,0.20180000000000003,True
214,0.17,0.2,0.2,0.2,0.23,0.8891444037656471,0.23613920276434075,0.1517136715563386,-0.1239273775673656,1.9054643727612004,0.20180000000000003,True
215,0.2,0.2,0.17,0.2,0.23,0.8815683313461802,0.23448492840418633,0.15071975579579117,-0.1183971252693723,1.980495116504694,0.20180000000000003,True
216,0.2,0.17,0.23,0.2,0.2,0.8626660798491157,0.23033807011254948,0.14039105394468282,-0.12019043752863401,1.9164425627261241,0.20180000000000003,True
217,0.23,0.17,0.2,0.2,0.2,0.8548035131683034,0.22860488234164067,0.13944196006391893,-0.11458691104485397,1.9950348626830112,0.20180000000000003,True
218,0.2,0.17,0.2,0.23,0.2,0.8516427928682571,0.22790676738138504,0.1378521737946894,-0.11343735677647704,2.0090980066686903,0.20180000000000003,True
219,0.17,0.2,0.2,0.23,0.2,0.8399160334250004,0.22530968897512005,0.13678934965512043,-0.11140724185183493,2.0223971550679685,0.20180000000000003,True
220,0.23,0.2,0.17,0.2,0.2,0.8351912156929633,0.22426018338259035,0.1374319405254454,-0.1068635962217962,2.0985648182486454,0.20180000000000003,True
221,0.2,0.2,0.17,0.23,0.2,0.8320644256712426,0.2235646505549589,0.13581557160219324,-0.10570828854099468,2.114920727983013,0.20180000000000003,True
222,0.2,0.2,0.23,0.2,0.17,0.8033994141576994,0.21715111997522296,0.1260279975129045,-0.10656116379539238,2.0378073234276406,0.20180000000000003,True
223,0.23,0.2,0.2,0.2,0.17,0.7953010931154054,0.21532689444162778,0.12511742532820544,-0.1007528605171476,2.1371789677870265,0.20180000000000003,True
224,0.2,0.2,0.2,0.23,0.17,0.7922835604025507,0.21464576292229332,0.12333795589010288,-0.09958543299106803,2.1553931782527394,0.20180000000000003,True
225,0.2,0.23,0.2,0.2,0.17,0.7838727430851948,0.21274318934412495,0.12373736527259976,-0.09862239684375029,2.157148844001214,0.20180000000000003,True
226,0.2,0.17,0.21,0.19,0.23,0.9047735569800541,0.23953798533435977,0.15344235818972335,-0.12807132894495965,1.8703482450572868,0.202,True
227,0.19,0.17,0.21,0.2,0.23,0.903672473613216,0.23929914917913897,0.15299599891044488,-0.12769286794802837,1.8740212591711458,0.202,True
228,0.21,0.17,0.2,0.19,0.23,0.9022432027432306,0.2389889884083305,0.15311539657686588,-0.1262514006549632,1.8929610853306231,0.202,True
229,0.19,0.17,0.2,0.21,0.23,0.9000462690772777,0.23851193686432426,0.15220302456024082,-0.12549408285335406,1.9005831306248682,0.202,True
230,0.21,0.17,0.19,0.2,0.23,0.898609758062888,0.23819980784828232,0.1523389058719277,-0.12404614906439171,1.9202515325536953,0.202,True
231,0.2,0.17,0.19,0.21,0.23,0.8975139075115497,0.23796159257169158,0.15187284148398542,-0.1236672930020456,1.9242079841414126,0.202,True
232,0.17,0.19,0.2,0.21,0.23,0.8920435982810859,0.23677108652026146,0.1515943411892042,-0.12419819346252658,1.9063971859759834,0.202,True
233,0.21,0.2,0.19,0.17,0.23,0.8899029361175688,0.23630458843505875,0.15270375705938768,-0.12323109017726253,1.917572814580679,0.202,True
234,0.17,0.21,0.2,0.19,0.23,0.8862478199683379,0.23550724200284612,0.15183514234910162,-0.1236557464223198,1.904539407319749,0.202,True
235,0.2,0.21,0.19,0.17,0.23,0.8859146507069005,0.23543451147898908,0.15235867278996876,-0.12257685016866571,1.9207094255973398,0.202,True
236,0.21,0.19,0.17,0.2,0.23,0.8855467205505785,0.23535418273097108,0.1510688656244979,-0.11905781672938309,1.9768058007138511,0.202,True
237,0.17,0.2,0.19,0.21,0.23,0.8855341161140786,0.23535143066864572,0.1509317320428539,-0.12171045380343415,1.9336993932234037,0.202,True
238,0.2,0.19,0.17,0.21,0.23,0.8844585237359242,0.23511653980629532,0.1505982931490521,-0.11867769988420296,1.98113495657318,0.202,True
239,0.19,0.2,0.17,0.21,0.23,0.8804814050938075,0.23424722839380197,0.15026577873081545,-0.11801665248095472,1.9848658936636445,0.202,True
240,0.2,0.17,0.23,0.19,0.21,0.8792834440471464,0.23398514002959803,0.14529439029731958,-0.12432572465531666,1.882033188853743,0.202,True
241,0.19,0.17,0.23,0.2,0.21,0.8782071693943605,0.23374957904530458,0.14482240587247744,-0.12394465125968024,1.8859190507186039,0.202,True
242,0.19,0.21,0.17,0.2,0.23,0.8775949680624187,0.23361554822933495,0.15038815874051706,-0.11773471233883603,1.9842537819857091,0.202,True
243,0.23,0.17,0.2,0.19,0.21,0.8715119384993735,0.23228218899249664,0.14433716763125695,-0.11877785441237343,1.9556018261287866,0.202,True
244,0.23,0.17,0.19,0.2,0.21,0.86784131061038,0.23147621360654247,0.14353962243333152,-0.1165333944467617,1.9863509057250746,0.202,True
245,0.19,0.17,0.2,0.23,0.21,0.8672380592235163,0.23134365411905478,0.14232225707117044,-0.11725118305397653,1.9730602975029756,0.202,True
246,0.2,0.17,0.19,0.23,0.21,0.8646437044739634,0.23077324050006487,0.14199633705346484,-0.11538780122182557,1.9999795303874304,0.202,True
247,0.21,0.17,0.23,0.19,0.2,0.863727494004431,0.2305716694028055,0.14089721837775857,-0.12057310941111932,1.912297613696127,0.202,True
248,0.19,0.17,0.23,0.21,0.2,0.8616047830072568,0.23010440788654196,0.1399037103917737,-0.11980792680441021,1.9206108812999814,0.202,True
249,0.17,0.19,0.2,0.23,0.21,0.8593567544933844,0.2296091733872183,0.141660157184374,-0.11591801307312022,1.9807894157259456,0.202,True
250,0.23,0.17,0.21,0.19,0.2,0.8584876692625778,0.2294176093004352,0.14026782681870306,-0.11684455744936273,1.963442836435566,0.202,True
251,0.23,0.19,0.17,0.2,0.21,0.8547612135473448,0.2285955447736947,0.14223618180250786,-0.11143578869630433,2.0513656110667062,0.202,True
252,0.19,0.17,0.21,0.23,0.2,0.8542630004681238,0.22848555441459895,0.1381927357171662,-0.1153126064068204,1.9814447139327231,0.202,True
253,0.17,0.2,0.19,0.23,0.21,0.8528460275875738,0.22817262196425325,0.14097289278417985,-0.11337456706848348,2.012555618637348,0.202,True
254,0.23,0.2,0.17,0.19,0.21,0.8518983835506078,0.22796324974832904,0.1423623191013994,-0.11114052545182207,2.0511262549964107,0.202,True
255,0.2,0.19,0.17,0.23,0.21,0.851586341731974,0.22789429168042208,0.1406766593993845,-0.11028638089954801,2.0663865277073032,0.202,True
256,0.23,0.17,0.19,0.21,0.2,0.8511175925072323,0.22779068830588334,0.13863155293619467,-0.11232225025625364,2.028010370039759,0.202,True
257,0.21,0.17,0.19,0.23,0.2,0.8490156326921396,0.22732589605410736,0.13754945282140837,-0.1115554883360419,2.0377831646375553,0.202,True
258,0.19,0.2,0.17,0.23,0.21,0.8476699715348648,0.22702815405538201,0.14031520771575345,-0.1096062144707236,2.071307317305648,0.202,True
259,0.21,0.17,0.23,0.2,0.19,0.8469358209786464,0.22686565439197848,0.13600322411330795,-0.11638885868535231,1.9492042189819136,0.202,True
260,0.17,0.19,0.21,0.23,0.2,0.8464289541760903,0.22675343744209897,0.13750520346448475,-0.11396828919447355,1.9896186829230258,0.202,True
261,0.2,0.17,0.23,0.21,0.19,0.8458893165575998,0.22663394267478987,0.13548003221604443,-0.1160047410416184,1.953661036952633,0.202,True
262,0.23,0.17,0.21,0.2,0.19,0.8416362152626364,0.22569134013068437,0.13537998155586461,-0.11262267659945457,2.003960010055181,0.202,True
263,0.2,0.17,0.21,0.23,0.19,0.8385122213749765,0.2249980534226661,0.13374133334018362,-0.11146913650712187,2.018478481783976,0.202,True
264,0.23,0.19,0.17,0.21,0.2,0.8380383805541871,0.224892828567141,0.13730501417430588,-0.10716724630860508,2.09852204207549,0.202,True
265,0.23,0.17,0.2,0.21,0.19,0.8379371407615308,0.22487034410989937,0.13453999030733446,-0.11034460803770996,2.0378915482037017,0.202,True
266,0.21,0.19,0.17,0.23,0.2,0.8359515013234553,0.22442918423130465,0.1362110056028202,-0.10639793088154559,2.1093378637331304,0.202,True
267,0.21,0.17,0.2,0.23,0.19,0.8358596505382545,0.2244087695664314,0.13342432438416604,-0.10957518810935352,2.0479889055036495,0.202,True
268,0.17,0.21,0.19,0.23,0.2,0.8334123660343309,0.22386458754987082,0.13609049547681526,-0.10883033534577014,2.057005400549578,0.202,True
269,0.19,0.21,0.17,0.23,0.2,0.8281822861820733,0.22269999321903855,0.13543926806481807,-0.10501681613798286,2.120612692413283,0.202,True
270,0.17,0.2,0.21,0.23,0.19,0.8268566113031366,0.2224044492335593,0.13263740242492353,-0.10942191574444649,2.032540261431559,0.202,True
271,0.19,0.23,0.17,0.21,0.2,0.8225098224658127,0.22143437831872603,0.13569478166765891,-0.10440057475649189,2.121007272567306,0.202,True
272,0.17,0.21,0.2,0.23,0.19,0.8203512894236602,0.22095208617495565,0.13190877787739144,-0.10682700808134504,2.0683167126304647,0.202,True
273,0.23,0.2,0.17,0.21,0.19,0.8183278604802788,0.22049963466014888,0.13249293966338127,-0.10253376233310985,2.150507595184049,0.202,True
274,0.21,0.2,0.17,0.23,0.19,0.8162728769980319,0.22003978363057541,0.13135772078323643,-0.1017604913062029,2.16233020110392,0.202,True
275,0.2,0.21,0.17,0.23,0.19,0.8124201298735765,0.21917670484893237,0.13094584926564806,-0.10105931796806766,2.1687926383808267,0.202,True
276,0.21,0.23,0.17,0.2,0.19,0.8078010077058662,0.21814033146002187,0.13174848204224457,-0.10081479120159875,2.1637730819062844,0.202,True
277,0.21,0.19,0.23,0.2,0.17,0.8072356989981131,0.218013374263601,0.1264626543235351,-0.10725595129627075,2.0326459429872332,0.202,True
278,0.2,0.23,0.17,0.21,0.19,0.8067770079528798,0.21791034183358682,0.13120623438135418,-0.1004268061880913,2.1698423967148606,0.202,True
279,0.2,0.19,0.23,0.21,0.17,0.8062210053503347,0.21778542763184183,0.12589873786843023,-0.1068678529958359,2.037894666418795,0.202,True
280,0.19,0.2,0.23,0.21,0.17,0.8023859317745881,0.21692312260601043,0.12548319410885891,-0.10617269636307824,2.0431158860673513,0.202,True
281,0.23,0.19,0.21,0.2,0.17,0.8018321966391972,0.21679851584957466,0.125857508500314,-0.10339840100628073,2.0967298695112864,0.202,True
282,0.19,0.21,0.23,0.2,0.17,0.7995680148945115,0.21628874229200346,0.12561366578084618,-0.10586451573361422,2.0430711914485924,0.202,True
283,0.23,0.2,0.21,0.19,0.17,0.7990158811482457,0.21616436622766444,0.12598980612989205,-0.10308513320958512,2.096949962592326,0.202,True
284,0.2,0.19,0.21,0.23,0.17,0.7988035172642176,0.21611652143258264,0.12408982313984271,-0.10223292190893862,2.11396209163505,0.202,True
285,0.23,0.19,0.2,0.21,0.17,0.7981131167951006,0.21596095073979682,0.12498554650113099,-0.10107025995689178,2.136740825955211,0.202,True
286,0.21,0.19,0.2,0.23,0.17,0.7960991303112241,0.21550690346325574,0.12378152980127433,-0.1002928819011093,2.148775659630059,0.202,True
287,0.19,0.2,0.21,0.23,0.17,0.7949822469438446,0.21525495908425163,0.12366853102751076,-0.10152934790011736,2.120125496088238,0.202,True
288,0.23,0.2,0.19,0.21,0.17,0.7915846665362825,0.21448789631226606,0.1242618340836693,-0.09841317188852439,2.1794632994374274,0.202,True
289,0.21,0.2,0.19,0.23,0.17,0.7895781062090768,0.21403442484046464,0.12304993554067484,-0.09763449630865728,2.192200840201253,0.202,True
290,0.19,0.21,0.2,0.23,0.17,0.7884728564852104,0.21378449974412295,0.12291509137504637,-0.09887608058664032,2.1621457735351264,0.202,True
291,0.2,0.21,0.19,0.23,0.17,0.7857731033564981,0.2131735835498354,0.12260473834522825,-0.09692123163630229,2.1994518636512073,0.202,True
292,0.21,0.23,0.19,0.2,0.17,0.7811768677927482,0.21213210188253417,0.12345210953340172,-0.09666052236323319,2.194609512716879,0.202,True
293,0.2,0.23,0.19,0.21,0.17,0.7801770250763354,0.21190530579743205,0.122872839196663,-0.09626981766560128,2.2011603525987478,0.202,True
294,0.19,0.17,0.22,0.19,0.23,0.9072967887322136,0.24008495294140886,0.15380319669839812,-0.12988498039614538,1.848442769973532,0.2024,True
295,0.21,0.17,0.21,0.18,0.23,0.9058747629108277,0.23977675602489223,0.1539062675848082,-0.12844994702331358,1.8666940826481844,0.2024,True
296,0.18,0.17,0.21,0.21,0.23,0.9025715128486151,0.2390602475095489,0.15256741746830432,-0.1273145639347838,1.8777132805639285,0.2024,True
297,0.22,0.17,0.19,0.19,0.23,0.8997057301522653,0.23843795787368371,0.15282244442163317,-0.12442516288454564,1.9163162204973827,0.2024,True
298,0.19,0.17,0.19,0.22,0.23,0.8964181785365195,0.23772331199450303,0.15142448588242763,-0.12328859459903319,1.9281857560923743,0.2024,True
299,0.21,0.17,0.18,0.21,0.23,0.8949744322819175,0.2374092103161174,0.15157700558740783,-0.12183416152993509,1.9486259628239415,0.2024,True
300,0.19,0.17,0.23,0.19,0.22,0.8946465056824806,0.23733784431512195,0.14972992957025216,-0.1280318646386045,1.8537404339541208,0.2024,True
301,0.21,0.18,0.17,0.21,0.23,0.8884406703762777,0.23598572552025932,0.15094831787872293,-0.11933703195377032,1.977472722898599,0.2024,True
302,0.17,0.19,0.19,0.22,0.23,0.8884291624873819,0.23598321544742729,0.1508129507407219,-0.1219850154928086,1.934526257131469,0.2024,True
303,0.23,0.17,0.19,0.19,0.22,0.8844039146382525,0.23510461173514652,0.1484375279769153,-0.12069378520246898,1.9479429809973106,0.2024,True
304,0.19,0.19,0.17,0.22,0.23,0.8833704475455872,0.23487883172502766,0.15014555580854216,-0.11829774218533473,1.9854887116699798,0.2024,True
305,0.21,0.17,0.23,0.18,0.21,0.8803598380927795,0.23422063719905095,0.14578469205003647,-0.1247069576366534,1.8781681602840232,0.2024,True
306,0.19,0.17,0.19,0.23,0.22,0.8800806123156812,0.23415955586459059,0.14647992980992947,-0.11917236068300152,1.9648814080930646,0.2024,True
307,0.18,0.17,0.23,0.21,0.21,0.8771310141726811,0.23351395419858245,0.14436899450334253,-0.1235637373495625,1.8898259247206985,0.2024,True
308,0.18,0.21,0.17,0.21,0.23,0.8765093119458705,0.2333777910665633,0.1499509900840657,-0.11735388304132854,1.9886669705200517,0.2024,True
309,0.23,0.17,0.21,0.18,0.21,0.875180762336937,0.23308671575002382,0.14514977466997894,-0.12101540457881377,1.92609128202535,0.2024,True
310,0.17,0.18,0.23,0.21,0.21,0.8731685666824363,0.23264559673155194,0.1440516038951251,-0.1229094347326829,1.8928213056836154,0.2024,True
311,0.17,0.19,0.19,0.23,0.22,0.8721522037663201,0.23242266677986234,0.14584221842941902,-0.1178501923126789,1.972187420477015,0.2024,True
312,0.23,0.19,0.17,0.19,0.22,0.8713241056123231,0.23224097132559285,0.1471560254851175,-0.1156525707480841,2.0080917339179867,0.2024,True
313,0.18,0.17,0.21,0.23,0.21,0.869825406510679,0.2319120009897193,0.14268478833389256,-0.11910805204107122,1.9470724020383665,0.2024,True
314,0.19,0.19,0.17,0.23,0.22,0.8670312669771707,0.23129820666681455,0.1451787018112576,-0.11412608143423963,2.0266901637211685,0.2024,True
315,0.23,0.17,0.18,0.21,0.21,0.864168882082095,0.23066878533507484,0.14275738125073392,-0.11428199262516037,2.0184176005020995,0.2024,True
316,0.21,0.17,0.18,0.23,0.21,0.8620423463925286,0.23020075553192854,0.14170719478353394,-0.11351787221935916,2.0278811699984494,0.2024,True
317,0.23,0.18,0.17,0.21,0.21,0.8576266374411368,0.22922776144010681,0.14211230557241877,-0.1117301510708626,2.051619542649,0.2024,True
318,0.21,0.18,0.17,0.23,0.21,0.8555076800889261,0.22876030511691936,0.14105666502534484,-0.1109647608929395,2.061558131393,0.2024,True
319,0.22,0.17,0.23,0.19,0.19,0.8479824405955041,0.22709730407953943,0.13654546826813704,-0.11677313918548482,1.944773478417956,0.2024,True
320,0.17,0.21,0.18,0.23,0.21,0.8463444834292251,0.2267347341821513,0.1403023899753644,-0.11081544251908304,2.0460572013066347,0.2024,True
321,0.23,0.17,0.22,0.19,0.19,0.8453335612694548,0.2265108545397556,0.13623556610323417,-0.11489365712561184,1.9714826754284098,0.2024,True
322,0.19,0.17,0.23,0.22,0.19,0.8448429273706459,0.22640216888265274,0.1349761926284225,-0.11562078615077986,1.958144174762867,0.2024,True
323,0.18,0.21,0.17,0.23,0.21,0.8437585669935337,0.2261618920249937,0.1399725589256906,-0.10892425454060328,2.076322605822271,0.2024,True
324,0.19,0.17,0.22,0.23,0.19,0.841157890391095,0.22558523961062327,0.13409730048211344,-0.11335639330679081,1.9900530797596325,0.2024,True
325,0.18,0.23,0.17,0.21,0.21,0.8380571480248378,0.22489699656467876,0.1402237009447493,-0.10832392336959829,2.0761526130967054,0.2024,True
326,0.23,0.17,0.19,0.22,0.19,0.8342363411782794,0.22404786200513116,0.13371587632261706,-0.10805941820444132,2.0733765342068318,0.2024,True
327,0.17,0.19,0.22,0.23,0.19,0.8333712571560068,0.2238554423804353,0.13338325069798176,-0.11200078062272634,1.9986953763696562,0.2024,True
328,0.22,0.17,0.19,0.23,0.19,0.8332001820114152,0.22381738316761068,0.1331464673602593,-0.10767451246093551,2.078647751006182,0.2024,True
329,0.21,0.17,0.23,0.21,0.18,0.8299883998648918,0.22310241565693478,0.13110587723278552,-0.11215327799635011,1.989263440558513,0.2024,True
330,0.23,0.17,0.21,0.21,0.18,0.824629981186578,0.22190772567541206,0.1304895308443131,-0.10834881960455844,2.0480862319064523,0.2024,True
331,0.21,0.17,0.21,0.23,0.18,0.8225768542724416,0.22144934948148598,0.12933857705816992,-0.10757672505280624,2.058524735464693,0.2024,True
332,0.23,0.19,0.17,0.22,0.19,0.8211591874823203,0.22113264362202711,0.13236501646815144,-0.10284598467478212,2.1501339534186883,0.2024,True
333,0.22,0.19,0.17,0.23,0.19,0.8201305307927964,0.22090273944977024,0.13178904176493242,-0.10245979705158459,2.1559943100273187,0.2024,True
334,0.17,0.22,0.19,0.23,0.19,0.8138552951031606,0.2194983483223465,0.13119773787430197,-0.10421590746620701,2.106188523988249,0.2024,True
335,0.21,0.18,0.23,0.21,0.17,0.8100609665809053,0.2186476094270755,0.12633460329093354,-0.10756115592523696,2.0327748204849336,0.2024,True
336,0.19,0.22,0.17,0.23,0.19,0.8085722869153813,0.21831350288648999,0.13055372276707342,-0.100356269545674,2.175384795337888,0.2024,True
337,0.17,0.21,0.21,0.23,0.18,0.807163707938773,0.21799720458966543,0.12776391113058544,-0.10480520872262222,2.080022617641242,0.2024,True
338,0.19,0.23,0.17,0.22,0.19,0.8057531205779562,0.21768029053665705,0.13068384448408707,-0.10003898865950112,2.175954529864023,0.2024,True
339,0.23,0.19,0.22,0.19,0.17,0.8055496320026909,0.21763455951329935,0.12674591757212053,-0.10571918584453832,2.0586098708075022,0.2024,True
340,0.19,0.19,0.23,0.22,0.17,0.8052064228135287,0.2175574205788504,0.12535527766065815,-0.10647992167977882,2.043177879423308,0.2024,True
341,0.23,0.18,0.21,0.21,0.17,0.8046510851861823,0.21743258341388838,0.12572774840713344,-0.10371069532348465,2.0965299937069473,0.2024,True
342,0.21,0.18,0.21,0.23,0.17,0.802629662182158,0.21697796105489275,0.12453169344196839,-0.10293461384298808,2.10792028992173,0.2024,True
343,0.19,0.19,0.22,0.23,0.17,0.8015011256793096,0.21672400291100935,0.12444027796430349,-0.10416600122386999,2.080563719108633,0.2024,True
344,0.23,0.21,0.17,0.21,0.18,0.7984991532159851,0.21604794277463157,0.1276801208054603,-0.0978280487969565,2.2084457927096364,0.2024,True
345,0.21,0.21,0.17,0.23,0.18,0.7964758831092233,0.21559186706545086,0.12650055232359478,-0.09705079182505216,2.2214333650578126,0.2024,True
346,0.23,0.19,0.19,0.22,0.17,0.7943923958825079,0.2151218594497568,0.12413036915204331,-0.0987347276652869,2.1787861731793607,0.2024,True
347,0.22,0.19,0.19,0.23,0.17,0.7933879689508194,0.21489514380340125,0.12351563011905185,-0.09834584353614939,2.185096350558134,0.2024,True
348,0.18,0.21,0.21,0.23,0.17,0.7911658487169657,0.21439327378916184,0.1232681461233269,-0.10082388423422195,2.126413551883293,0.2024,True
349,0.21,0.23,0.17,0.21,0.18,0.7908624895272205,0.21432472734962071,0.1267663546305658,-0.09640163943909519,2.2232477434683795,0.2024,True
350,0.23,0.21,0.18,0.21,0.17,0.7850657379953383,0.21301341491071302,0.12355701932193441,-0.09573927308210395,2.22493244468273,0.2024,True
351,0.21,0.21,0.18,0.23,0.17,0.7830665934613346,0.21256051997014924,0.12233732766116315,-0.09495929908913392,2.238438173081169,0.2024,True
352,0.19,0.22,0.19,0.23,0.17,0.78197295788905,0.21231261971087667,0.12218038106453673,-0.0962060417558771,2.2068532894183517,0.2024,True
353,0.19,0.23,0.19,0.22,0.17,0.779177291566886,0.21167844955171344,0.12231441267005669,-0.09587928320234007,2.2077600340940715,0.2024,True
354,0.21,0.23,0.18,0.21,0.17,0.7774769084958106,0.21129240891721301,0.12260729537229562,-0.09430052993840998,2.240628011902089,0.2024,True
355,0.2,0.17,0.22,0.18,0.23,0.9084005504140094,0.2403240665958577,0.15424851807537493,-0.13026332115378414,1.8449097141638193,0.2026,True
356,0.2,0.16,0.21,0.2,0.23,0.9076882201188496,0.24016976132116086,0.15332507362620015,-0.12833450426050108,1.8714356104391836,0.2026,True
357,0.21,0.16,0.2,0.2,0.23,0.9051548653848955,0.23962067353748862,0.1529974497079525,-0.1265177518026901,1.893968791914572,0.2026,True
358,0.2,0.16,0.2,0.21,0.23,0.9040551801926078,0.23938217256032823,0.15253368162402833,-0.12613952511177806,1.897757046002834,0.2026,True
359,0.18,0.17,0.2,0.22,0.23,0.898947985387788,0.2382733129688981,0.15177351303023642,-0.12511565990971263,1.9044243793370355,0.2026,True
360,0.22,0.17,0.18,0.2,0.23,0.8960677273068214,0.23764708242331634,0.15206165449885048,-0.12221329307432638,1.9445272805044755,0.2026,True
361,0.2,0.17,0.23,0.18,0.22,0.8957378283022546,0.2375753147537467,0.15018758432825072,-0.1284115076092388,1.8501092244528239,0.2026,True
362,0.2,0.17,0.18,0.22,0.23,0.8938812583012348,0.2371712730394362,0.15110990708262378,-0.12145518803331246,1.9527471562135772,0.2026,True
363,0.18,0.17,0.23,0.2,0.22,0.8935553045731965,0.23710030911517443,0.14929035395439133,-0.12765237960419762,1.8573904368280012,0.2026,True
364,0.17,0.18,0.23,0.2,0.22,0.8895625022189642,0.2362303678229276,0.1489860215647082,-0.1270072803466884,1.8599750122835152,0.2026,True
365,0.22,0.18,0.17,0.2,0.23,0.8895301381796685,0.23622331142577702,0.15143526973263027,-0.1197167934207648,1.9731844186264702,0.2026,True
366,0.23,0.17,0.2,0.18,0.22,0.8880588359052792,0.2359024352656378,0.14922300013407144,-0.1229183652102741,1.9191797325166504,0.2026,True
367,0.2,0.18,0.17,0.22,0.23,0.8873513231410981,0.235748074517095,0.15047897717609252,-0.11895742927805653,1.9817852146589912,0.2026,True
368,0.18,0.17,0.2,0.23,0.22,0.8826416645628274,0.23471956592748144,0.14682756178795597,-0.12101756894220916,1.9395495049117177,0.2026,True
369,0.2,0.16,0.23,0.2,0.21,0.8821758896645664,0.23461775550547426,0.14517553847642747,-0.12459689944356511,1.8830143972542588,0.2026,True
370,0.23,0.17,0.18,0.2,0.22,0.880747153247305,0.2343053533427062,0.14766696266363405,-0.11846236635052598,1.9778885105958872,0.2026,True
371,0.18,0.2,0.17,0.22,0.23,0.879394599521844,0.23400946316777183,0.14982985799931306,-0.11763633919504479,1.9892616921695998,0.2026,True
372,0.21,0.2,0.16,0.2,0.23,0.8790287975314985,0.23392941444030813,0.15045788577935212,-0.11654081165027019,2.0072746287567647,0.2026,True
373,0.2,0.2,0.16,0.21,0.23,0.8779444198125883,0.23369205817048289,0.1499851050926718,-0.11616006343909513,2.0118106968236287,0.2026,True
374,0.2,0.17,0.18,0.23,0.22,0.8775125018505192,0.23359749146221365,0.1461679217755421,-0.11732070957201801,1.9911019317422254,0.2026,True
375,0.2,0.21,0.16,0.2,0.23,0.8750609928558701,0.23306046839376515,0.15010820657809784,-0.11587481607770456,2.0113125205521536,0.2026,True
376,0.23,0.16,0.2,0.2,0.21,0.8743951941629566,0.23291453892540814,0.14421621008160074,-0.11905885120615456,1.9562975500419408,0.2026,True
377,0.23,0.18,0.17,0.2,0.22,0.8742050292277157,0.23287285231232246,0.14703268344830997,-0.11593875719687508,2.008585031810218,0.2026,True
378,0.2,0.16,0.2,0.23,0.21,0.871186197548202,0.23221070730419613,0.14268119248061592,-0.11791516251580814,1.9693032036746345,0.2026,True
379,0.2,0.18,0.17,0.23,0.22,0.8709818020592099,0.23216584983519395,0.14552618463707082,-0.11479520369506457,2.0224351049709886,0.2026,True
380,0.21,0.16,0.23,0.2,0.2,0.8666055501696852,0.23120463483347264,0.14077665692192884,-0.12085166860102636,1.9131273693602033,0.2026,True
381,0.2,0.16,0.23,0.21,0.2,0.8655430035822576,0.23097102679987747,0.14027177963263232,-0.12046951791687621,1.9172570023833508,0.2026,True
382,0.18,0.2,0.17,0.23,0.22,0.8630857295477015,0.2304304385138325,0.14484946350377392,-0.11345520817704946,2.0310256551135186,0.2026,True
383,0.23,0.17,0.22,0.18,0.2,0.8621700573779505,0.23022887353231636,0.14110889185225953,-0.11909522200809919,1.9331495390861224,0.2026,True
384,0.23,0.16,0.21,0.2,0.2,0.8613595359711474,0.23005040002258959,0.14014581619696168,-0.11712976580696899,1.9640643728573224,0.2026,True
385,0.18,0.17,0.23,0.22,0.2,0.8605436035171483,0.229870682678317,0.13943546280753374,-0.11942557713666557,1.9248027783467416,0.2026,True
386,0.2,0.16,0.21,0.23,0.2,0.8581874744879212,0.22935142637931483,0.1385650945133286,-0.11598212581692446,1.9774721730945128,0.2026,True
387,0.23,0.16,0.2,0.21,0.2,0.857671148959819,0.22923757716874338,0.13932047837844488,-0.11487599967781581,1.9955219350575315,0.2026,True
388,0.21,0.16,0.2,0.23,0.2,0.8555616333073346,0.22877221197654896,0.1382444407322917,-0.11411051278887951,2.004830285880931,0.2026,True
389,0.23,0.2,0.16,0.2,0.21,0.8482350072081115,0.22715319187582872,0.14160991983530233,-0.10886335105734912,2.086590112003484,0.2026,True
390,0.23,0.17,0.18,0.22,0.2,0.8474299106914953,0.22697502281721227,0.13783686820104074,-0.11005054234273481,2.0624616470342767,0.2026,True
391,0.22,0.17,0.18,0.23,0.2,0.8463815240702963,0.22674293568026793,0.13728473881929995,-0.10966696598130898,2.067559120026287,0.2026,True
392,0.2,0.2,0.16,0.23,0.21,0.8450714792354577,0.22645280029222503,0.14004244276807862,-0.1077120333734578,2.1023909139944537,0.2026,True
393,0.23,0.18,0.17,0.22,0.2,0.8408881320027173,0.22552539454726062,0.1371804250153391,-0.10746996425927291,2.0984969717043658,0.2026,True
394,0.22,0.18,0.17,0.23,0.2,0.8398435156427559,0.22529359446528763,0.136625297211565,-0.10708575041524271,2.1038615650698103,0.2026,True
395,0.2,0.23,0.16,0.2,0.21,0.8365213036482735,0.2245558127208298,0.1404219230254161,-0.10680414741678412,2.102500868665154,0.2026,True
396,0.23,0.2,0.16,0.21,0.2,0.8315127322249392,0.2234418480351028,0.13666804016980316,-0.10456569630150614,2.136856119533002,0.2026,True
397,0.22,0.17,0.23,0.2,0.18,0.8310201778241548,0.22333218854955628,0.1316669701159697,-0.11253901266505417,1.984486830484748,0.2026,True
398,0.21,0.2,0.16,0.23,0.2,0.8294333777411829,0.22297877868249838,0.13556819701417258,-0.10379510250389279,2.148259150032013,0.2026,True
399,0.2,0.17,0.23,0.22,0.18,0.8289567350220646,0.22287258157649048,0.1305643717340596,-0.11176770780279632,1.9940695390275724,0.2026,True
400,0.23,0.17,0.22,0.2,0.18,0.8283418712349593,0.22273556123643234,0.13136057701128623,-0.11064044717611021,2.013147695271843,0.2026,True
401,0.2,0.21,0.16,0.23,0.2,0.8255568744449326,0.22211454897621885,0.13517184913513297,-0.10309985380482278,2.154363374721185,0.2026,True
402,0.2,0.17,0.22,0.23,0.18,0.8252544443356997,0.22204707361315945,0.12967061238454738,-0.10948289629525332,2.028143948752901,0.2026,True
403,0.18,0.22,0.17,0.23,0.2,0.824305080351919,0.22183521200577183,0.13508236362535883,-0.10432350637834054,2.126416372560009,0.2026,True
404,0.23,0.17,0.2,0.22,0.18,0.8209164021285424,0.22107838904416077,0.12963449083516665,-0.10604999545852145,2.084661937874665,0.2026,True
405,0.22,0.17,0.2,0.23,0.18,0.8198924172746931,0.22084950886987564,0.12904689781781867,-0.10566375203967193,2.090116095697195,0.2026,True
406,0.17,0.2,0.22,0.23,0.18,0.8136702155635642,0.21945687857076512,0.12852378706551304,-0.10741834055045663,2.0430112534430904,0.2026,True
407,0.22,0.18,0.23,0.2,0.17,0.8110768719198123,0.21887550537823763,0.1269173134395822,-0.10794888567989969,2.0275846665732904,0.2026,True
408,0.2,0.18,0.23,0.22,0.17,0.8090451722968806,0.21841965310513345,0.12577201877569757,-0.10717359277399874,2.0379987966412934,0.2026,True
409,0.23,0.18,0.22,0.2,0.17,0.8083728119382203,0.2182687204983722,0.12661571689904258,-0.10602738731923489,2.058606988411334,0.2026,True
410,0.2,0.18,0.22,0.23,0.17,0.8053329703559056,0.21758586426110993,0.12485992189150702,-0.10486385515297858,2.0749367257544464,0.2026,True
411,0.23,0.2,0.17,0.22,0.18,0.8013118987620134,0.21668141019536846,0.12754845493522182,-0.09815003604851713,2.2076549221872868,0.2026,True
412,0.23,0.18,0.2,0.22,0.17,0.8009277114313396,0.21659492504477273,0.12485622197058276,-0.10138667151732772,2.1363254341351476,0.2026,True
413,0.22,0.2,0.17,0.23,0.18,0.8002991105564305,0.21645339295699895,0.12695004976863555,-0.0977618595001527,2.2140883373506295,0.2026,True
414,0.22,0.18,0.2,0.23,0.17,0.7999195687152778,0.21636792158740237,0.12424547492748493,-0.10099843496832706,2.142289844939231,0.2026,True
415,0.18,0.2,0.22,0.23,0.17,0.797674161702445,0.2158620185256397,0.12404140512792372,-0.10346627887665549,2.0863031015445497,0.2026,True
416,0.2,0.22,0.17,0.23,0.18,0.792657530335547,0.2147302186422111,0.1260711336028579,-0.09633781033041589,2.2289298241857196,0.2026,True
417,0.2,0.23,0.17,0.22,0.18,0.7898532144799322,0.2140966178260606,0.12620400820405633,-0.09601218877528728,2.2298899812308752,0.2026,True
418,0.23,0.2,0.18,0.22,0.17,0.787866604822983,0.2136473670744783,0.12342337295392598,-0.09606603189667184,2.223963693059336,0.2026,True
419,0.21,0.2,0.23,0.2,0.16,0.7872134582017527,0.2134995921792857,0.12170614496726331,-0.10258261943642266,2.081245276755735,0.2026,True
420,0.22,0.2,0.18,0.23,0.17,0.7868658884939339,0.21342093960230923,0.12280468659304236,-0.09567649973816961,2.230651624864639,0.2026,True
421,0.2,0.2,0.23,0.21,0.16,0.7862145331608625,0.21327351500352365,0.12111954578483648,-0.10219250741116326,2.086978002657621,0.2026,True
422,0.2,0.21,0.23,0.2,0.16,0.7834117001674259,0.21263872612069523,0.12125298224011173,-0.10187610634098843,2.087228632482031,0.2026,True
423,0.23,0.2,0.21,0.2,0.16,0.7817596507174205,0.21226425640537916,0.12111187778450706,-0.09867792451152502,2.151081485105495,0.2026,True
424,0.2,0.22,0.18,0.23,0.17,0.7792721497116886,0.21169997809948438,0.12189059152502282,-0.09424015909615402,2.246388165404996,0.2026,True
425,0.2,0.2,0.21,0.23,0.16,0.7787782182595435,0.2115878694122013,0.11927218713748393,-0.09750640648653774,2.1699894092745,0.2026,True
426,0.23,0.2,0.2,0.21,0.16,0.7780312530200788,0.2114182896646184,0.12022251948180479,-0.09632398513225904,2.1948665161052823,0.2026,True
427,0.2,0.23,0.18,0.22,0.17,0.7764796772618121,0.21106589138764642,0.12202557905434037,-0.09390971563327644,2.2475405229835057,0.2026,True
428,0.21,0.2,0.2,0.23,0.16,0.7760487448464108,0.21096798038742826,0.11896915802087063,-0.09554258199175503,2.2081042399046114,0.2026,True
429,0.2,0.21,0.2,0.23,0.16,0.7722677300939247,0.21010822619865266,0.11850610620800459,-0.0948231476409156,2.2157904628341223,0.2026,True
430,0.21,0.23,0.2,0.2,0.16,0.7676834088964195,0.2090641685595307,0.11937809306798591,-0.0945541351744964,2.2110526226453233,0.2026,True
431,0.2,0.23,0.2,0.21,0.16,0.7666955649862974,0.20883895538680508,0.11877878186967486,-0.09416205789220478,2.2178673667676274,0.2026,True
432,0.2,0.17,0.2,0.19,0.24,0.9173122764923689,0.24225129093115316,0.15755307992602538,-0.1299192506244955,1.8646296816422534,0.20260000000000003,True
433,0.19,0.17,0.2,0.2,0.24,0.9161987090565162,0.24201080099673988,0.15711867102379293,-0.12954208361580455,1.8682021644371156,0.20260000000000003,True
434,0.2,0.17,0.19,0.2,0.24,0.9136980700915813,0.24147041444868944,0.15678661259565999,-0.12773313662750474,1.8904289115898347,0.20260000000000003,True
435,0.17,0.19,0.2,0.2,0.24,0.9081356629301496,0.24026669104835507,0.15653441824108458,-0.12826431275902994,1.8732154398998255,0.20260000000000003,True
436,0.17,0.2,0.2,0.19,0.24,0.9052214502331255,0.23963511158780282,0.15665360122243255,-0.12800118672847638,1.8721319521523723,0.20260000000000003,True
437,0.17,0.2,0.19,0.2,0.24,0.9016276829928753,0.23885536888363834,0.15588312365059803,-0.12580370390360873,1.8986354254454243,0.20260000000000003,True
438,0.2,0.19,0.17,0.2,0.24,0.9006454355197913,0.23864207887792555,0.15553285243717413,-0.12279800592518586,1.9433709617672226,0.20260000000000003,True
439,0.2,0.2,0.17,0.19,0.24,0.8977401269606526,0.23801077551944516,0.15565408012665263,-0.12252530109369619,1.9425438941581232,0.20260000000000003,True
440,0.19,0.2,0.17,0.2,0.24,0.8966380965065992,0.23777114339100858,0.15521353602472582,-0.12214624869215707,1.9466102801917298,0.20260000000000003,True
441,0.24,0.17,0.19,0.2,0.2,0.8521687452689568,0.22802299067429388,0.13920025156446098,-0.11270587516375508,2.0231686266841877,0.20260000000000003,True
442,0.19,0.17,0.2,0.24,0.2,0.850589451047921,0.22767393704736816,0.13736009517024753,-0.11305449626939834,2.0138423907072425,0.20260000000000003,True
443,0.2,0.17,0.24,0.2,0.19,0.8495752595200292,0.2274496769713259,0.13637219498208883,-0.11826199869625753,1.9232693466944057,0.20260000000000003,True
444,0.2,0.17,0.19,0.24,0.2,0.8479648257153529,0.22709340607891026,0.1370366414107209,-0.11117235111654145,2.042714791925641,0.20260000000000003,True
445,0.17,0.19,0.2,0.24,0.2,0.8427691370536998,0.2259425680073257,0.13666868911395813,-0.11170214679409651,2.022723595669218,0.20260000000000003,True
446,0.24,0.17,0.2,0.2,0.19,0.8389760563490181,0.22510103878872378,0.13512607416082037,-0.11072956391311828,2.0328901409324143,0.20260000000000003,True
447,0.17,0.2,0.19,0.24,0.2,0.8362586676388013,0.22449744976739638,0.13596798061800314,-0.10913010198369255,2.0571542194741403,0.20260000000000003,True
448,0.2,0.19,0.17,0.24,0.2,0.834908233210828,0.22419726841868792,0.13569245972501856,-0.10601351923576252,2.1147988486270095,0.20260000000000003,True
449,0.2,0.17,0.2,0.24,0.19,0.8348210759790211,0.22417788961190488,0.13289537307805116,-0.10919072384699713,2.0530854793675775,0.20260000000000003,True
450,0.19,0.2,0.17,0.24,0.2,0.8310223910876489,0.22333268134182882,0.1353150865717045,-0.10532351488563496,2.1204446280048055,0.20260000000000003,True
451,0.17,0.2,0.2,0.24,0.19,0.8231861024969345,0.22158540468727628,0.131784867920876,-0.10713123315326167,2.0683548407426318,0.20260000000000003,True
452,0.2,0.2,0.17,0.24,0.19,0.8152455536673087,0.21980976573481348,0.1308193456514444,-0.10137410503735089,2.1683028980016683,0.20260000000000003,True
453,0.2,0.19,0.2,0.24,0.17,0.7950923014370166,0.21527978960434524,0.12321001480300349,-0.09990444497721684,2.1548569701121876,0.20260000000000003,True
454,0.19,0.2,0.2,0.24,0.17,0.7912779354085739,0.2144185987168592,0.12278590264003819,-0.0991966274652466,2.161551296610164,0.20260000000000003,True
455,0.2,0.2,0.19,0.24,0.17,0.7885749896992034,0.2138075989811543,0.1224746134027501,-0.09724541183930258,2.198639451848587,0.20260000000000003,True
456,0.21,0.16,0.21,0.19,0.23,0.9087905853415426,0.2404085398490603,0.15378775465403324,-0.1287126116338947,1.8677931928913796,0.20279999999999998,True
457,0.19,0.16,0.21,0.21,0.23,0.906585977442298,0.2399309173384896,0.15287995698160636,-0.12795655352255364,1.8750967475550155,0.20279999999999998,True
458,0.21,0.16,0.19,0.21,0.23,0.9015172583932956,0.23883139441296564,0.15222152005919704,-0.12431620801650756,1.9211605487616865,0.20279999999999998,True
459,0.21,0.16,0.23,0.19,0.21,0.8832534264073444,0.23485326108613935,0.14566457607284133,-0.12497761487548908,1.8791626110013029,0.20279999999999998,True
460,0.21,0.19,0.16,0.21,0.23,0.8819159762619857,0.23456093558102364,0.15033571538152377,-0.11682468138188873,2.0078029129329815,0.20279999999999998,True
461,0.19,0.16,0.23,0.21,0.21,0.8810984722968069,0.23438218611896344,0.14470483441229448,-0.12421634314073837,1.8868868636183087,0.20279999999999998,True
462,0.23,0.16,0.21,0.19,0.21,0.8780682265200321,0.23371916247912683,0.14502827600970936,-0.12129258732734405,1.9269039240490955,0.20279999999999998,True
463,0.19,0.21,0.16,0.21,0.23,0.8739778827551976,0.2328230551717425,0.14965208579765085,-0.11549371112728712,2.015893791092618,0.20279999999999998,True
464,0.19,0.16,0.21,0.23,0.21,0.8737791500369156,0.23277948385501723,0.14302434954647777,-0.11976845751352705,1.9435792084800485,0.20279999999999998,True
465,0.23,0.16,0.19,0.21,0.21,0.870720355232272,0.23210846688364417,0.14341920103591982,-0.11681822752280957,1.9869199508126707,0.20279999999999998,True
466,0.21,0.16,0.19,0.23,0.21,0.8685862308418921,0.23163986426595118,0.14237453880640302,-0.11605537569280389,1.9959425652035023,0.20279999999999998,True
467,0.23,0.19,0.16,0.21,0.21,0.8510936248949972,0.22778539049267366,0.14148426984418416,-0.10916255836259181,2.086662257731877,0.20279999999999998,True
468,0.21,0.16,0.23,0.21,0.19,0.8497981722709202,0.22749897491699778,0.13588204777283758,-0.11667549286977241,1.9498437017182453,0.20279999999999998,True
469,0.21,0.19,0.16,0.23,0.21,0.8489822355166545,0.22731850831859535,0.14042325033143985,-0.10839589726650334,2.0971135813351642,0.20279999999999998,True
470,0.23,0.16,0.21,0.21,0.19,0.8444923117730232,0.2263244883964588,0.13525728300113188,-0.11291608669802045,2.0043600076376586,0.20279999999999998,True
471,0.21,0.16,0.21,0.23,0.19,0.8424072985757862,0.22586234073175193,0.1341482821054242,-0.1121479482748905,2.013967657956001,0.20279999999999998,True
472,0.19,0.21,0.16,0.23,0.21,0.841165682507867,0.22558696818073054,0.1396802826908174,-0.10702636303352286,2.1077701024940185,0.20279999999999998,True
473,0.23,0.21,0.16,0.21,0.19,0.8118101899229662,0.2190399561321663,0.1318466853770355,-0.0998975069242245,2.192646872542227,0.20279999999999998,True
474,0.21,0.21,0.16,0.23,0.19,0.8097626879607875,0.2185806810038473,0.1307051181456751,-0.09912295018629536,2.205147048115887,0.20279999999999998,True
475,0.21,0.23,0.16,0.21,0.19,0.8041258466638119,0.21731448880876192,0.1309672192212976,-0.09848326513577654,2.2066133622718094,0.20279999999999998,True
476,0.21,0.19,0.23,0.21,0.16,0.7900199484155304,0.21413430781573561,0.12157401251104355,-0.10289749302647855,2.0810449459699916,0.20279999999999998,True
477,0.23,0.19,0.21,0.21,0.16,0.7845596997684219,0.21289880677896433,0.12097792790410852,-0.09900005203221718,2.1504918675162066,0.20279999999999998,True
478,0.21,0.19,0.21,0.23,0.16,0.7825697983015028,0.21244792130811896,0.1197333109563892,-0.09821995282288232,2.162981300665265,0.20279999999999998,True
479,0.19,0.21,0.21,0.23,0.16,0.7749914808183473,0.21072769513739642,0.11883234140704874,-0.09679093128359173,2.1771429651810736,0.20279999999999998,True
480,0.23,0.21,0.19,0.21,0.16,0.7715123986025789,0.2099363269965251,0.11948629545256413,-0.09363090802805651,2.242169080893861,0.20279999999999998,True
481,0.21,0.21,0.19,0.23,0.16,0.7695372733586843,0.20948659465275954,0.11822427530461409,-0.09284820010971129,2.2562267702036873,0.20279999999999998,True
482,0.21,0.23,0.19,0.21,0.16,0.7639715579111603,0.2082174884946426,0.11849890707506695,-0.09217966179787807,2.2588224390668756,0.20279999999999998,True
483,0.19,0.17,0.21,0.19,0.24,0.9198083042645981,0.24279000373909398,0.15790007402251208,-0.1317217117126377,1.8432041353118869,0.2028,True
484,0.21,0.17,0.19,0.19,0.24,0.9148090754798563,0.2417105601166285,0.1572391311222384,-0.12811057909844226,1.8867338030756553,0.2028,True
485,0.19,0.17,0.19,0.21,0.24,0.9125871883589987,0.24123020255101357,0.1563513548137391,-0.12735585029316088,1.8941430801625911,0.2028,True
486,0.17,0.19,0.19,0.21,0.24,0.9045377699453239,0.23948684848097002,0.1557644955794913,-0.12607051265953761,1.8996261967120043,0.2028,True
487,0.21,0.19,0.17,0.19,0.24,0.9017487488805331,0.23888165263560368,0.15598955792553582,-0.12317670441546247,1.9393411584537952,0.2028,True
488,0.19,0.19,0.17,0.21,0.24,0.8995422448627282,0.2384024390370103,0.15509352571923812,-0.12241946503839429,1.9474226501662981,0.2028,True
489,0.19,0.17,0.19,0.24,0.21,0.8635780705459419,0.23053878919428183,0.14151891678194056,-0.11500625848642532,2.0045760311513248,0.2028,True
490,0.17,0.19,0.19,0.24,0.21,0.8557104746316042,0.22880505836162168,0.1408533730654642,-0.113665144391632,2.012974686182392,0.2028,True
491,0.21,0.17,0.24,0.19,0.19,0.8506244087204242,0.22768166549731927,0.13689341075041184,-0.11864599853707558,1.9189999519972958,0.2028,True
492,0.19,0.19,0.17,0.24,0.21,0.8505282840069595,0.22766041399028691,0.14019410911065197,-0.109903569698652,2.071456046555322,0.2028,True
493,0.19,0.17,0.24,0.21,0.19,0.848526226047541,0.22721762629461906,0.1358702242136716,-0.11787816130630047,1.9275633737126718,0.2028,True
494,0.19,0.17,0.21,0.24,0.19,0.8374711185209922,0.22476683406574738,0.1332338366669112,-0.11108494999868657,2.0233779109447765,0.2028,True
495,0.24,0.17,0.19,0.21,0.19,0.835272613489124,0.22427827920389265,0.1343041068705958,-0.10844448822862307,2.068139034701961,0.2028,True
496,0.21,0.17,0.19,0.24,0.19,0.8321641360268253,0.22358684264651973,0.13259620034996586,-0.10728977089299796,2.0839530253961205,0.2028,True
497,0.17,0.19,0.21,0.24,0.19,0.8296982410657432,0.22303778287334675,0.13251543057562873,-0.10972121547567404,2.032768065012876,0.2028,True
498,0.24,0.19,0.17,0.21,0.19,0.8221879563638259,0.22136248628925115,0.1329599561360202,-0.10323233815435151,2.1443134026304156,0.2028,True
499,0.21,0.19,0.17,0.24,0.19,0.8191019863335403,0.22067277372782246,0.13123236002746574,-0.10207377517797989,2.1618948975194523,0.2028,True
500,0.17,0.21,0.19,0.24,0.19,0.8166832942585531,0.22013165188612627,0.13107185213699918,-0.1045251135795725,2.106016863770688,0.2028,True
501,0.19,0.21,0.17,0.24,0.19,0.8113940272449172,0.21894663472017828,0.13042607294520814,-0.10067256673285996,2.174839102902431,0.2028,True
502,0.19,0.19,0.21,0.24,0.17,0.7977941776682123,0.21588906946462738,0.12354151038933528,-0.10184476424199063,2.119785647023141,0.2028,True
503,0.24,0.19,0.19,0.21,0.17,0.7953969318350569,0.21534851509221986,0.12476492000575906,-0.09912378036087577,2.1725212084144654,0.2028,True
504,0.21,0.19,0.19,0.24,0.17,0.7923836510782958,0.2146683681103767,0.12292108189201356,-0.0979571278639334,2.1914522484628187,0.2028,True
505,0.19,0.21,0.19,0.24,0.17,0.7847711877828227,0.21294670746799382,0.12204898102874204,-0.09653177779234767,2.205975196334514,0.2028,True
506,0.2,0.17,0.21,0.18,0.24,0.9209245581497367,0.24303077152373165,0.1583336080440177,-0.13209875839392338,1.8397657516129327,0.203,True
507,0.18,0.17,0.21,0.2,0.24,0.918692175061055,0.24254916950620187,0.15748386617897878,-0.13134482050092222,1.8466595681593614,0.203,True
508,0.21,0.17,0.2,0.18,0.24,0.9184259680777134,0.24249171455208796,0.15800467574056823,-0.13029657348415247,1.861075146243822,0.203,True
509,0.18,0.17,0.2,0.21,0.24,0.9150852658084592,0.2417702446980785,0.15670166456286705,-0.12916507236153785,1.8717927399239525,0.203,True
510,0.2,0.16,0.22,0.19,0.23,0.9113193688519958,0.24095594146579224,0.1541306580497126,-0.13052283086187544,1.8460827111601772,0.203,True
511,0.21,0.17,0.18,0.2,0.24,0.911190262296742,0.24092800568295458,0.15648781555582292,-0.1259179473916322,1.9133730391396557,0.203,True
512,0.19,0.16,0.22,0.2,0.23,0.9102144458928068,0.2407168200429175,0.15368657476447933,-0.13014500016908614,1.8496048233138034,0.203,True
513,0.2,0.17,0.18,0.21,0.24,0.910081942359501,0.24068813815610457,0.156034402115917,-0.12554038632151243,1.9172168033615535,0.203,True
514,0.22,0.16,0.2,0.19,0.23,0.9062546725912255,0.23985910919144549,0.15347862947029237,-0.1268961355143099,1.8902002666928885,0.203,True
515,0.21,0.18,0.17,0.2,0.24,0.9046578324504093,0.2395128878392685,0.1558692041264526,-0.12344808204301594,1.9401912437635875,0.203,True
516,0.2,0.18,0.17,0.21,0.24,0.9035533584041013,0.2392733063611614,0.1554137084705272,-0.12306989415386416,1.9442066478258093,0.203,True
517,0.19,0.16,0.2,0.22,0.23,0.9029556170526409,0.23914360621047503,0.15208755765267193,-0.12576145534385297,1.901565193855432,0.203,True
518,0.22,0.16,0.19,0.2,0.23,0.9026143858214477,0.23906955240377736,0.15270383588380793,-0.12469471030828883,1.9172389254741764,0.203,True
519,0.2,0.16,0.19,0.22,0.23,0.9004202524853713,0.2385931711807705,0.1517566928856653,-0.12393786303375309,1.9251031552463698,0.203,True
520,0.2,0.16,0.23,0.19,0.22,0.898645623080268,0.23820760261289453,0.15006900486389557,-0.1286749454011873,1.8512353113514248,0.203,True
521,0.19,0.16,0.23,0.2,0.22,0.897553147480485,0.23797012411372287,0.14961260672267396,-0.1282958158999511,1.854854910461765,0.203,True
522,0.18,0.2,0.17,0.21,0.24,0.8955361888123199,0.23753144511857172,0.1547905777675691,-0.12176735424532159,1.9506989093318325,0.203,True
523,0.23,0.16,0.2,0.19,0.22,0.8909575387172797,0.23653445389390737,0.14910240747493675,-0.12319144328295772,1.9200558706874855,0.203,True
524,0.23,0.16,0.19,0.2,0.22,0.8872984288061019,0.23573653280911167,0.14831748081924975,-0.12097063437878941,1.9487087425776526,0.203,True
525,0.19,0.16,0.2,0.23,0.22,0.886618973460588,0.2355882543621266,0.1471548552878036,-0.1216725472805501,1.936248230415625,0.203,True
526,0.2,0.16,0.19,0.23,0.22,0.8840523376358482,0.23502781250102123,0.1468259944871078,-0.11983087242193369,1.9613293949281307,0.203,True
527,0.22,0.19,0.16,0.2,0.23,0.8830016220255985,0.2347982349650346,0.15082493818897888,-0.11720507341867303,2.003311188810933,0.203,True
528,0.2,0.19,0.16,0.22,0.23,0.8808304505905791,0.23432357117113845,0.1498641634117778,-0.11644444888469696,2.012320668056621,0.203,True
529,0.19,0.2,0.16,0.22,0.23,0.8768601622419812,0.2334546368159678,0.14953022111649233,-0.11577947512493802,2.0163732523752254,0.203,True
530,0.19,0.22,0.16,0.2,0.23,0.8710982054946683,0.23219139660916932,0.14977612079052466,-0.11520707990394707,2.015426454717513,0.203,True
531,0.23,0.19,0.16,0.2,0.22,0.8676720603329442,0.23143902514343728,0.14641491732582237,-0.11339966574150129,2.04091452677657,0.203,True
532,0.22,0.16,0.23,0.19,0.2,0.8676682140144842,0.2314381799862315,0.14130009460434934,-0.12123398008158115,1.9090207203499499,0.203,True
533,0.18,0.17,0.2,0.24,0.21,0.8661698841830474,0.23110886145463816,0.14186501005628693,-0.11686991639512889,1.9774880361279246,0.203,True
534,0.24,0.17,0.18,0.2,0.21,0.8652323251593823,0.2309027052922017,0.14330953635257002,-0.11466429483462592,2.013728036484418,0.203,True
535,0.23,0.16,0.22,0.19,0.2,0.865046152481364,0.2308617602935885,0.14098634736010182,-0.119376572673075,1.9338950275095195,0.203,True
536,0.23,0.2,0.16,0.19,0.22,0.864797927836652,0.2308071639529523,0.14653995034140424,-0.11310873235996133,2.0405777620990677,0.203,True
537,0.19,0.16,0.23,0.22,0.2,0.8644805742904764,0.23073735583905797,0.13978574071737934,-0.12008752792770783,1.9214098234910861,0.203,True
538,0.2,0.19,0.16,0.23,0.22,0.8644602418475029,0.23073288305087325,0.14490106358423369,-0.11225421368660415,2.0554496394678123,0.203,True
539,0.2,0.17,0.18,0.24,0.21,0.8609792538568397,0.22996664559207947,0.1412097165390661,-0.11313605381880609,2.0326557081475043,0.203,True
540,0.19,0.16,0.22,0.23,0.2,0.8608063522065268,0.22992856145991225,0.13892328708817575,-0.11784717624599039,1.9510739992612702,0.203,True
541,0.19,0.2,0.16,0.23,0.22,0.860520289954781,0.22986554685918326,0.14455296376757001,-0.11157970695946628,2.06010172569002,0.203,True
542,0.24,0.18,0.17,0.2,0.21,0.858686290635752,0.2294613947611137,0.14266728455805522,-0.11211308931452846,2.046695851163013,0.203,True
543,0.2,0.18,0.17,0.24,0.21,0.8544483760078954,0.22852648202106396,0.14055656231301555,-0.11058230875286379,2.0665736192195907,0.203,True
544,0.23,0.16,0.19,0.22,0.2,0.8539809948594947,0.2284232873836285,0.13851059523905543,-0.11261524190201178,2.0283514338350668,0.203,True
545,0.18,0.17,0.21,0.24,0.2,0.8532071240841157,0.22825238373971102,0.13772150740022931,-0.11493002303686828,1.9860118157854207,0.203,True
546,0.22,0.16,0.19,0.23,0.2,0.8529288327952926,0.22819091353210497,0.13796150254643036,-0.112232302462837,2.033201747844965,0.203,True
547,0.22,0.16,0.23,0.2,0.19,0.8508459140370395,0.2277306336793412,0.13642300057945922,-0.11705924803385037,1.9454305191973185,0.203,True
548,0.17,0.2,0.18,0.24,0.21,0.8492021431141115,0.22736715208906233,0.1401810918691168,-0.11111081901201803,2.046309748328556,0.203,True
549,0.2,0.16,0.23,0.22,0.19,0.8487505456828044,0.22726725413308246,0.13536016617038166,-0.11629190009155599,1.9542827484472793,0.203,True
550,0.24,0.17,0.18,0.21,0.2,0.8484784120422548,0.22720704754085408,0.13840741804645904,-0.1104342816718683,2.0573959833953634,0.203,True
551,0.23,0.16,0.22,0.2,0.19,0.8481939085722507,0.22714409793997548,0.13611234923359375,-0.11518314222778814,1.9720255373027717,0.203,True
552,0.18,0.2,0.17,0.24,0.21,0.8466131597393924,0.22679422170817087,0.1398504561753711,-0.1092230436426922,2.076431988565492,0.203,True
553,0.21,0.17,0.18,0.24,0.2,0.8453332522169092,0.2265107860842257,0.13675132939763154,-0.1092835524837984,2.07268871606097,0.203,True
554,0.2,0.16,0.22,0.23,0.19,0.8450586227965551,0.22644995229859854,0.1344836564507187,-0.11403152618704171,1.985853911375009,0.203,True
555,0.24,0.18,0.17,0.21,0.2,0.8419328626162068,0.22575713228391847,0.13775404072279676,-0.10785434184728271,2.0931668435155,0.203,True
556,0.23,0.16,0.2,0.22,0.19,0.8407889839573139,0.22550339739087777,0.13441780512102,-0.11064196622601485,2.0381362071081486,0.203,True
557,0.22,0.16,0.2,0.23,0.19,0.839749065779178,0.22527263174136847,0.13385173797250252,-0.11025770062057727,2.0431464693480654,0.203,True
558,0.21,0.18,0.17,0.24,0.2,0.8387990135746255,0.2250617319922945,0.13608896010842608,-0.10670170021058001,2.1092609728629097,0.203,True
559,0.23,0.19,0.16,0.22,0.2,0.8343556623787547,0.22407439773102267,0.13654158581156395,-0.10487335973346112,2.1366188544022493,0.203,True
560,0.21,0.17,0.24,0.2,0.18,0.8336916283782334,0.22392670923244573,0.13201285835606752,-0.11443084723143804,1.9568736459632317,0.203,True
561,0.22,0.19,0.16,0.23,0.2,0.8333148110983108,0.22384288504635697,0.13598350075977397,-0.1044885078728568,2.1422727685874547,0.203,True
562,0.2,0.17,0.24,0.21,0.18,0.8326573276364406,0.2236965982751955,0.13147360873600528,-0.11404539347848475,1.9614698275156288,0.203,True
563,0.17,0.21,0.18,0.24,0.2,0.8297574579413629,0.223050973969241,0.1352845705869577,-0.1065421050068186,2.093547653812227,0.203,True
564,0.18,0.21,0.17,0.24,0.2,0.8271414847010581,0.22246797054439527,0.13495710984860507,-0.104631679903878,2.1262008862781325,0.203,True
565,0.24,0.17,0.21,0.2,0.18,0.8256567127411527,0.22213682232204568,0.13109387461507982,-0.10873511477885578,2.0429170721328154,0.203,True
566,0.24,0.17,0.2,0.21,0.18,0.8219404985408223,0.22130720833961037,0.13024131528397245,-0.10643640448663949,2.079243557756502,0.203,True
567,0.19,0.22,0.16,0.23,0.2,0.8216852987054977,0.22125019571010407,0.13479473263024822,-0.1024027544154743,2.1605883257049427,0.203,True
568,0.2,0.17,0.21,0.24,0.18,0.8215504589894478,0.22122006984622278,0.12879264258797063,-0.10719092546328424,2.0637947558536247,0.203,True
569,0.21,0.17,0.2,0.24,0.18,0.8188685440175631,0.22062056777289474,0.1284788795843655,-0.10527767412364653,2.0956064009713997,0.203,True
570,0.23,0.2,0.16,0.22,0.19,0.8146346837366212,0.2196729506855044,0.13171677895660455,-0.10021479664581223,2.192021119015902,0.203,True
571,0.21,0.18,0.24,0.2,0.17,0.8137741375076479,0.21948016413490734,0.12725997419699853,-0.10986351924379423,1.9977528996487608,0.203,True
572,0.22,0.2,0.16,0.23,0.19,0.8136097705131653,0.21944333437050423,0.13113758703986855,-0.09982796733609334,2.198214991513338,0.203,True
573,0.2,0.18,0.24,0.21,0.17,0.8127557181726868,0.21925193075951088,0.12669997364185653,-0.10947607124482683,2.002738390832338,0.203,True
574,0.17,0.2,0.21,0.24,0.18,0.8099869020301123,0.21863099134399921,0.12763841333799408,-0.10511396185042021,2.079942450034531,0.203,True
575,0.2,0.22,0.16,0.23,0.19,0.8059205034724999,0.21771790477108044,0.1302922046617597,-0.09841604428422457,2.212219626937182,0.203,True
576,0.24,0.18,0.21,0.2,0.17,0.8056619616933662,0.21765980436135912,0.12635539787643507,-0.10409898717555932,2.0908926231365097,0.203,True
577,0.17,0.21,0.2,0.24,0.18,0.8034829639942751,0.2171699118948598,0.12689428495301905,-0.10248949471875046,2.118948019900117,0.203,True
578,0.2,0.23,0.16,0.22,0.19,0.8031044746619087,0.21708477792898107,0.13042320281014325,-0.09809516968378418,2.2130017066973555,0.203,True
579,0.24,0.2,0.17,0.21,0.18,0.8023247970980265,0.21690936675211425,0.1281663194710569,-0.09853838060508524,2.201267824985144,0.203,True
580,0.24,0.18,0.2,0.21,0.17,0.8019359636442633,0.21682186843359674,0.1254866997732792,-0.10177507582378331,2.1304024259240957,0.203,True
581,0.2,0.18,0.21,0.24,0.17,0.8016191157618888,0.21675055955741573,0.12396402312118578,-0.10254682399808202,2.1136740379348047,0.203,True
582,0.21,0.2,0.17,0.24,0.18,0.7992864325195408,0.21622531499336817,0.12637146059975163,-0.09737385085098926,2.2205685931457793,0.203,True
583,0.21,0.18,0.2,0.24,0.17,0.7989115355343801,0.21614085801863325,0.12365483246988936,-0.10061036606811946,2.148296109690054,0.203,True
584,0.2,0.21,0.17,0.24,0.18,0.7954644133739077,0.2153637380682143,0.12594081255750686,-0.09666241581990376,2.2279987132689554,0.203,True
585,0.18,0.2,0.21,0.24,0.17,0.7939741137456358,0.21502745658919387,0.12313990167375023,-0.10114082183149242,2.1260204603384025,0.203,True
586,0.22,0.19,0.23,0.2,0.16,0.7910200723205774,0.21436033541055433,0.1221799592154302,-0.10328723345876045,2.0753807438955376,0.203,True
587,0.2,0.19,0.23,0.22,0.16,0.7890199335037948,0.21390822065074522,0.12098875037519193,-0.10250792136579645,2.0867482024869095,0.203,True
588,0.24,0.2,0.18,0.21,0.17,0.788867429696894,0.21387373460733428,0.12406195055102037,-0.09645573343592961,2.217325264022788,0.203,True
589,0.23,0.19,0.22,0.2,0.16,0.7882908066785859,0.21374332377171013,0.12188379960031852,-0.10134231500594382,2.109122174278078,0.203,True
590,0.18,0.21,0.2,0.24,0.17,0.7874684349450094,0.21355728513567973,0.1223828301171253,-0.09848690587997111,2.1683825197630666,0.203,True
591,0.2,0.24,0.17,0.21,0.18,0.7870514647123876,0.21346293546261186,0.12633943918552434,-0.09568554637637183,2.230879621285451,0.203,True
592,0.21,0.2,0.18,0.24,0.17,0.7858652807480369,0.21319445214812305,0.1222062755851616,-0.09528713685001355,2.2373896330173206,0.203,True
593,0.23,0.2,0.22,0.19,0.16,0.7854864459409725,0.21310868085026846,0.12201813734257051,-0.10102436802041281,2.1094779905696424,0.203,True
594,0.2,0.19,0.22,0.23,0.16,0.7852982768537309,0.2130660733200802,0.12005716733976178,-0.10017275509408807,2.1269862560928483,0.203,True
595,0.2,0.21,0.18,0.24,0.17,0.7820671841340558,0.21233398247357393,0.12175824020665722,-0.09456956663779237,2.2452675847276216,0.203,True
596,0.19,0.2,0.22,0.23,0.16,0.7815009747761077,0.21220560142287992,0.119619188770575,-0.09946312991726747,2.133510192162569,0.203,True
597,0.23,0.19,0.2,0.22,0.16,0.7808269878622691,0.21205274765823123,0.12008895232216163,-0.09665031827864146,2.194020169151293,0.203,True
598,0.22,0.19,0.2,0.23,0.16,0.7798345960975033,0.2118276125046492,0.11945326017165236,-0.09626007328783182,2.200576056816967,0.203,True
599,0.23,0.2,0.19,0.22,0.16,0.7743012562610878,0.21057077575522354,0.11935043177665967,-0.09396251390606147,2.241008323444183,0.203,True
600,0.2,0.24,0.18,0.21,0.17,0.773689765689749,0.2104317221783818,0.12216320539383417,-0.09357823135481325,2.2487251482719772,0.203,True
601,0.22,0.2,0.19,0.23,0.16,0.77331255866725,0.21034592897785553,0.11871035522574347,-0.09357161770738132,2.24796721625197,0.203,True
602,0.19,0.22,0.2,0.23,0.16,0.7684915493359927,0.2092483497163371,0.11806447471196899,-0.09410176233156375,2.2236390109152153,0.203,True
603,0.2,0.22,0.19,0.23,0.16,0.7657668159425028,0.2086271383417877,0.11775938211898196,-0.09212281717594994,2.264663030694343,0.203,True
604,0.2,0.23,0.19,0.22,0.16,0.762986317349114,0.20799255383696758,0.11789673701236043,-0.0917874753632959,2.2660232565906253,0.203,True
605,0.2,0.16,0.2,0.2,0.24,0.9202378527157205,0.24288266523817725,0.15743639925098038,-0.13017851623400178,1.8657661207444143,0.20320000000000002,True
606,0.2,0.2,0.16,0.2,0.24,0.8941325907433688,0.23722598548026252,0.15492936287285866,-0.12030798564127299,1.9718224373534812,0.20320000000000002,True
607,0.2,0.16,0.24,0.2,0.2,0.8692181004902912,0.23177864488043842,0.1411473880213441,-0.12270286023130894,1.8889424781419857,0.20320000000000002,True
608,0.24,0.16,0.2,0.2,0.2,0.8587260803542351,0.2294701659050571,0.1398860397287284,-0.11525898591576023,1.990909117253303,0.20320000000000002,True
609,0.2,0.16,0.2,0.24,0.2,0.8545070491258524,0.22853943542868005,0.1377345478317523,-0.1137280119327071,2.0095263387168583,0.20320000000000002,True
610,0.2,0.2,0.16,0.24,0.2,0.8283938712880354,0.22274715046364624,0.1350468406885996,-0.10341005284777272,2.1540183408623395,0.20320000000000002,True
611,0.2,0.2,0.2,0.24,0.16,0.7750576520349715,0.21074273672220545,0.11837382226328969,-0.09515213581689597,2.2147977542799864,0.20320000000000002,True
612,0.2,0.16,0.21,0.19,0.24,0.923854269796933,0.2436622454682318,0.15821635261315753,-0.13235439900252155,1.8409833545735768,0.2034,True
613,0.19,0.16,0.21,0.2,0.24,0.9227368463370149,0.24342147021627314,0.1577840382931821,-0.1319778590115176,1.8444114190019552,0.2034,True
614,0.21,0.16,0.2,0.19,0.24,0.9213527118903664,0.2431230963962565,0.15788678457213923,-0.1305553317659096,1.8622226538567184,0.2034,True
615,0.19,0.16,0.2,0.21,0.24,0.9191231176727757,0.24264216777701808,0.15700321427627106,-0.12980185611227568,1.8693274121376051,0.2034,True
616,0.21,0.16,0.19,0.2,0.24,0.9177316793788093,0.24234184250888435,0.1571218055548491,-0.1283729829913538,1.8877947435809497,0.2034,True
617,0.2,0.16,0.19,0.21,0.24,0.916619508368899,0.24210168924433195,0.1566705016515536,-0.12799604804082942,1.8914778459964952,0.2034,True
618,0.21,0.16,0.22,0.18,0.23,0.9124244148511202,0.2411949973516565,0.154592225435634,-0.13090081790302288,1.8425782299568552,0.2034,True
619,0.22,0.17,0.18,0.19,0.24,0.9122987053575673,0.241167807114135,0.15695834121028082,-0.12629566498168932,1.9095493669485817,0.2034,True
620,0.18,0.17,0.19,0.22,0.24,0.911476430320382,0.2409899243729332,0.15593357515207115,-0.1269787199985467,1.8978764660384935,0.2034,True
621,0.22,0.16,0.21,0.18,0.23,0.9098930730720833,0.24064725297178025,0.15426776979884518,-0.12909087574012645,1.8641693426592638,0.2034,True
622,0.18,0.16,0.22,0.21,0.23,0.9091096460118495,0.2404776330332663,0.1532602011138899,-0.12976732572766525,1.8531447086914776,0.2034,True
623,0.19,0.17,0.18,0.22,0.24,0.908973745584134,0.24044820448309911,0.15559832263754925,-0.1251629816740628,1.9210808281097904,0.2034,True
624,0.22,0.18,0.17,0.19,0.24,0.9057624291443043,0.2397524032947922,0.15634186886303164,-0.1238264271855718,1.9361973751813784,0.2034,True
625,0.18,0.16,0.21,0.22,0.23,0.9054838573501605,0.23969200785138178,0.15245263239273638,-0.127578759322741,1.8787767581672707,0.2034,True
626,0.19,0.18,0.17,0.22,0.24,0.902449007043661,0.23903365881006722,0.15497560553012654,-0.12269186342009841,1.9482437722183181,0.2034,True
627,0.21,0.16,0.23,0.18,0.22,0.8997382201344435,0.23844501640895688,0.15054325860587453,-0.12905423248722048,1.8476342217801245,0.2034,True
628,0.22,0.16,0.18,0.21,0.23,0.8989722161748797,0.2382785785800996,0.151943597656564,-0.12248656953270731,1.945344534418303,0.2034,True
629,0.18,0.19,0.17,0.22,0.24,0.8984391769476285,0.2381627330623619,0.15467179889390192,-0.12204108165672223,1.9514964127593302,0.2034,True
630,0.21,0.19,0.16,0.2,0.24,0.8981343934254333,0.2380964846553244,0.1552662117681925,-0.12096325216883108,1.968337328786497,0.2034,True
631,0.21,0.16,0.18,0.22,0.23,0.8978777677788652,0.2380406984482768,0.1514601757710831,-0.1221079496970493,1.9494283463022473,0.2034,True
632,0.2,0.19,0.16,0.21,0.24,0.8970337600883143,0.23785718953870205,0.15480866278577657,-0.12058443678294939,1.9725363893090306,0.2034,True
633,0.18,0.16,0.23,0.21,0.22,0.896460793373363,0.23773258086273485,0.14917430275295118,-0.12791684388532387,1.8584931713595096,0.2034,True
634,0.23,0.16,0.21,0.18,0.22,0.8946148025701937,0.23733094439449443,0.149902012271596,-0.125405466485075,1.8925087641433886,0.2034,True
635,0.19,0.2,0.16,0.21,0.24,0.8930332378514687,0.23698663213602078,0.15448804305818836,-0.11992881645793285,1.9760607928549685,0.2034,True
636,0.19,0.21,0.16,0.2,0.24,0.8901358373725143,0.23635535989353662,0.1546096243737947,-0.11965101942918532,1.9753727216124723,0.2034,True
637,0.18,0.16,0.21,0.23,0.22,0.8891785401815921,0.23614664660725415,0.1475190816969782,-0.12350783339786298,1.9119973212269152,0.2034,True
638,0.22,0.18,0.16,0.21,0.23,0.8858925546074474,0.23542968761918437,0.15070369606486714,-0.11748757171814184,2.0038688703515906,0.2034,True
639,0.2,0.16,0.24,0.19,0.21,0.8858354868233296,0.23541722882106364,0.1460361441092378,-0.1268105235898933,1.8564486775751015,0.2034,True
640,0.21,0.18,0.16,0.22,0.23,0.8848057604087816,0.23519238008756882,0.15021569414400548,-0.11710769447501124,2.0083426724599622,0.2034,True
641,0.19,0.16,0.24,0.2,0.21,0.8847554054416122,0.23518138259039412,0.14556686072867364,-0.12643008711046388,1.8601694261660404,0.2034,True
642,0.22,0.16,0.23,0.18,0.21,0.8843310824868607,0.23508870290845651,0.14617168871378977,-0.12535848953634232,1.8753313299958247,0.2034,True
643,0.23,0.16,0.18,0.21,0.22,0.8836374762488113,0.23493717699924832,0.1475474559985852,-0.11874300852870567,1.9785348199464994,0.2034,True
644,0.23,0.16,0.22,0.18,0.21,0.8817394488913566,0.23452234177534992,0.145855157740451,-0.12351946759566035,1.8986670388108884,0.2034,True
645,0.21,0.16,0.18,0.23,0.22,0.8814786368378729,0.23446531656953518,0.14653265093582746,-0.11798277540446167,1.9872842943875058,0.2034,True
646,0.18,0.16,0.23,0.22,0.21,0.8800211743423481,0.2341465528790443,0.14425271957183727,-0.12383594586726332,1.8907801869581564,0.2034,True
647,0.18,0.17,0.19,0.24,0.22,0.8790000854774196,0.233923130919941,0.1460359841039687,-0.11879240256134704,1.9691758553257468,0.2034,True
648,0.19,0.17,0.18,0.24,0.22,0.8764345226734951,0.2333614089448226,0.1457044362184039,-0.11694047643932637,1.995557193286281,0.2034,True
649,0.18,0.16,0.22,0.23,0.21,0.8763650841775203,0.23334619848739835,0.14340383405934934,-0.1216152946175676,1.9187241146040113,0.2034,True
650,0.24,0.16,0.2,0.19,0.21,0.8754650953097145,0.23314902254679581,0.14476384758861832,-0.11944040126450028,1.9520113803911983,0.2034,True
651,0.24,0.18,0.17,0.19,0.22,0.8752796751594825,0.23310839154870333,0.14757031394773862,-0.11632026266868656,2.004022224508406,0.2034,True
652,0.18,0.21,0.16,0.22,0.23,0.8728948928589368,0.2325855768061118,0.14921408478391582,-0.11511276643248525,2.020502017406779,0.2034,True
653,0.24,0.16,0.19,0.2,0.21,0.8717875933739718,0.2323426731440863,0.1439684954369441,-0.11719989430363942,1.9824478044505485,0.2034,True
654,0.23,0.18,0.16,0.21,0.22,0.8705487919365418,0.23207080887078324,0.14629208506684016,-0.11368971547514695,2.0412647520567937,0.2034,True
655,0.21,0.16,0.24,0.19,0.2,0.8702833027051138,0.23201252964711294,0.14165053839569067,-0.12308489200603168,1.8849797555636914,0.2034,True
656,0.19,0.16,0.2,0.24,0.21,0.8701167677460819,0.23197596968767886,0.14220638346802875,-0.11753425311081378,1.9736882104399558,0.2034,True
657,0.19,0.18,0.17,0.24,0.22,0.8699076300062718,0.2319300539268454,0.1450603445541116,-0.11441433982818605,2.027106517199947,0.2034,True
658,0.21,0.18,0.16,0.23,0.22,0.8684051852906429,0.23160009458113184,0.14526726317832872,-0.11292695684562071,2.050884049746828,0.2034,True
659,0.19,0.16,0.24,0.21,0.2,0.86815301606493,0.23154469710914838,0.1406629759090483,-0.12232098885451437,1.8929269561787312,0.2034,True
660,0.2,0.16,0.19,0.24,0.21,0.8675193446697931,0.2314054678147084,0.14187971832252352,-0.11567419044099447,2.0004935148670744,0.2034,True
661,0.23,0.16,0.18,0.22,0.21,0.8670437131400728,0.23130094209830432,0.14263749101762163,-0.1145706843721781,2.018849266422577,0.2034,True
662,0.22,0.16,0.18,0.23,0.21,0.8659792540484899,0.23106695013883538,0.14210454012252818,-0.11418906287477826,2.0235471272080363,0.2034,True
663,0.18,0.19,0.17,0.24,0.22,0.8659583536807385,0.23106235487891658,0.14473016299453362,-0.11374486088249791,2.0314091826760543,0.2034,True
664,0.24,0.16,0.21,0.19,0.2,0.8624171222362809,0.23028326590655146,0.14070946007014837,-0.11751263552808944,1.9596468487978562,0.2034,True
665,0.19,0.16,0.21,0.24,0.2,0.8571303532251895,0.2291183096806757,0.13807588097738813,-0.11559990187068458,1.9819939807300015,0.2034,True
666,0.18,0.21,0.16,0.23,0.22,0.8565853271084054,0.22899808578988967,0.14422319725942218,-0.11090342972042666,2.0648422358728173,0.2034,True
667,0.24,0.16,0.19,0.21,0.2,0.8550332721292373,0.22865559875378128,0.139078039694396,-0.11299834353763971,2.0235305367783214,0.2034,True
668,0.23,0.18,0.16,0.22,0.21,0.8539548343794376,0.22841751081169814,0.14136089220362802,-0.10946085134599481,2.086750724144226,0.2034,True
669,0.21,0.16,0.24,0.2,0.19,0.8534910018253634,0.22831508156675828,0.1367716954159616,-0.118928753091877,1.9197635191750153,0.2034,True
670,0.22,0.18,0.16,0.23,0.21,0.8528979538555275,0.22818409247627325,0.14082245020002637,-0.10907796184208329,2.091935791820394,0.2034,True
671,0.2,0.16,0.24,0.21,0.19,0.8524407284902227,0.22808308403195388,0.13625178425518758,-0.11854527794459713,1.9240166119358202,0.2034,True
672,0.21,0.16,0.19,0.24,0.2,0.8518767859749352,0.22795847715334783,0.13743105778590667,-0.11184952511712731,2.038081761318457,0.2034,True
673,0.2,0.19,0.16,0.24,0.21,0.8479267147085661,0.22708497240121317,0.13992055883540558,-0.1080128108213203,2.102389250631274,0.2034,True
674,0.24,0.16,0.21,0.2,0.19,0.8455349895614912,0.22655546953523986,0.13583992048850865,-0.11330040065351743,1.9995998975155116,0.2034,True
675,0.19,0.2,0.16,0.24,0.21,0.8440172018393346,0.22621920991073008,0.1395573783410246,-0.1073285870876467,2.1077255934245636,0.2034,True
676,0.24,0.16,0.2,0.21,0.19,0.8418290157554438,0.2257341013346621,0.1350026201427,-0.1110263953319306,2.03315707638526,0.2034,True
677,0.2,0.16,0.21,0.24,0.19,0.8413649632435913,0.22563117411579148,0.13362254172610333,-0.11176412359948518,2.018815759915562,0.2034,True
678,0.18,0.17,0.22,0.24,0.19,0.8401142595222053,0.22535368087993257,0.1336113782046364,-0.11297248499067503,1.9947660786476789,0.2034,True
679,0.21,0.16,0.2,0.24,0.19,0.8387092612593223,0.22504180434124277,0.13330473520802438,-0.10987359841132704,2.048188168906306,0.2034,True
680,0.18,0.22,0.16,0.23,0.21,0.8372648428298473,0.22472101176713077,0.13933702128506772,-0.10633887907955486,2.1132535316552583,0.2034,True
681,0.24,0.19,0.16,0.21,0.2,0.8353966274367299,0.2243058481382989,0.13711822488929326,-0.10525837611936506,2.131002362072655,0.2034,True
682,0.22,0.17,0.24,0.19,0.18,0.8347260427302892,0.22415675892784592,0.13257158461645813,-0.11481646515335597,1.9523049993609216,0.2034,True
683,0.22,0.16,0.23,0.21,0.18,0.8338677634040113,0.22396588708264953,0.13154367537064707,-0.11283337046175423,1.9849259679658735,0.2034,True
684,0.21,0.16,0.23,0.22,0.18,0.8328348735605264,0.22373610480071582,0.1309838952017599,-0.11244816482072639,1.9896821362750856,0.2034,True
685,0.21,0.19,0.16,0.24,0.2,0.8322740736337095,0.2236113100386774,0.13544427580025645,-0.10410382043211497,2.147964494583482,0.2034,True
686,0.19,0.17,0.24,0.22,0.18,0.8316231405431858,0.2234664260117354,0.13095415636597393,-0.11366010378968328,1.966093805661464,0.2034,True
687,0.24,0.17,0.18,0.22,0.19,0.8315674497052317,0.22345402880739829,0.13349826405020843,-0.10615225665678085,2.1050332404132113,0.2034,True
688,0.23,0.16,0.22,0.21,0.18,0.8311862980134628,0.22336917479316387,0.13123649375600022,-0.11093824592822465,2.0134550796636925,0.2034,True
689,0.22,0.17,0.18,0.24,0.19,0.8295003027948891,0.22299368826303123,0.13233650075051898,-0.10538205524047739,2.1160499076827555,0.2034,True
690,0.21,0.16,0.22,0.23,0.18,0.8291256809887981,0.2229102252415769,0.13009287993676286,-0.11016743937317053,2.0233766574760113,0.2034,True
691,0.23,0.16,0.21,0.22,0.18,0.8274701347751159,0.22254124501268002,0.13036594626523978,-0.10865061227431816,2.0482281724360085,0.2034,True
692,0.22,0.16,0.21,0.23,0.18,0.8264424073417107,0.2223120779010601,0.12978203732199545,-0.10826501221748219,2.0534064823682905,0.2034,True
693,0.24,0.18,0.17,0.22,0.19,0.8250229719503426,0.22199542463425725,0.1328331907213975,-0.10354306607773145,2.14399122069267,0.2034,True
694,0.19,0.21,0.16,0.24,0.2,0.8245185985767842,0.22188286748545982,0.13466863378658683,-0.1027144413654354,2.1601915420641715,0.2034,True
695,0.19,0.17,0.22,0.24,0.18,0.8242255273067329,0.22181745548139387,0.12914690498012962,-0.10909737549490262,2.033206156199036,0.2034,True
696,0.22,0.18,0.17,0.24,0.19,0.822963327747678,0.22153565891710003,0.13166481987456977,-0.10277158460707236,2.155611979362774,0.2034,True
697,0.24,0.17,0.19,0.22,0.18,0.8182225994889938,0.2204760884525785,0.1294050341148065,-0.10413046247231961,2.1173063406991623,0.2034,True
698,0.17,0.19,0.22,0.24,0.18,0.8165002410093172,0.2200906787532093,0.1284003199679975,-0.10772210354796796,2.043133874146863,0.2034,True
699,0.22,0.17,0.19,0.24,0.18,0.8161797865215812,0.22001894422920554,0.128205828895374,-0.10335758501520109,2.1287159930918156,0.2034,True
700,0.24,0.2,0.16,0.21,0.19,0.8156597086760486,0.21990250556222546,0.132315005379827,-0.10060179260747037,2.185870647655797,0.2034,True
701,0.22,0.18,0.24,0.19,0.17,0.8147926683912992,0.2197083370670727,0.12783998215566408,-0.11025113353484595,1.992798894876049,0.2034,True
702,0.21,0.2,0.16,0.24,0.19,0.8125849690439753,0.2192136565726459,0.1305777613984905,-0.09944130457068578,2.2044527424398623,0.2034,True
703,0.19,0.18,0.24,0.22,0.17,0.8117374104246935,0.219023636897542,0.12616032882169465,-0.10908878943095535,2.0077556826878786,0.2034,True
704,0.17,0.22,0.18,0.24,0.19,0.8101898199361919,0.21867651955636358,0.130376746122239,-0.10190270546515134,2.145934384746502,0.2034,True
705,0.24,0.18,0.22,0.19,0.17,0.8093863134856896,0.21849621876203718,0.12724050313532292,-0.10641556549273268,2.0532355182283806,0.2034,True
706,0.2,0.21,0.16,0.24,0.19,0.8087391046760868,0.21835095115910175,0.13016368199654654,-0.09873592225830508,2.21146413751896,0.2034,True
707,0.18,0.19,0.24,0.22,0.17,0.807892972175555,0.218160982364348,0.12576585096564288,-0.10839891038789207,2.012575417812651,0.2034,True
708,0.18,0.22,0.17,0.24,0.19,0.8075474045623297,0.21808338046545828,0.1300528336052981,-0.09996915277232643,2.1815067390050777,0.2034,True
709,0.24,0.19,0.17,0.22,0.18,0.8051412120587136,0.2175427628491191,0.1280358990948155,-0.09885883043279597,2.2005395157593353,0.2034,True
710,0.19,0.18,0.22,0.24,0.17,0.8043199109761299,0.2173581248896128,0.12431538201023848,-0.10447634485623158,2.080452998128105,0.2034,True
711,0.22,0.19,0.17,0.24,0.18,0.8031133284163028,0.2170867695484795,0.12682218314525476,-0.09808337918510424,2.2132880346505037,0.2034,True
712,0.18,0.19,0.22,0.24,0.17,0.8004892756413744,0.21649621288835852,0.12391531185307672,-0.10377812331164127,2.0861449983849645,0.2034,True
713,0.24,0.18,0.19,0.22,0.17,0.7982083227504935,0.2159824062447202,0.12463474290529288,-0.09944379656357472,2.1719042686251626,0.2034,True
714,0.22,0.18,0.19,0.24,0.17,0.7961971744241407,0.21552901507581623,0.12338804313875677,-0.09866693358841427,2.184409783878438,0.2034,True
715,0.23,0.21,0.16,0.22,0.18,0.7947959744496156,0.21521292992815644,0.12689047427457673,-0.09548349758276187,2.2539280124465186,0.2034,True
716,0.22,0.18,0.23,0.21,0.16,0.7938302218322746,0.21499497796747558,0.1220491263255291,-0.10360058662714577,2.075229349243297,0.2034,True
717,0.22,0.21,0.16,0.23,0.18,0.7937869080966455,0.21498520104989605,0.126288558039153,-0.09509467573930486,2.260749083779016,0.2034,True
718,0.21,0.18,0.23,0.22,0.16,0.7928290075738338,0.2147689403771691,0.12144450500809115,-0.1032113855843746,2.080864811194662,0.2034,True
719,0.24,0.19,0.18,0.22,0.17,0.7916719524315741,0.21450761475174418,0.12392962044945424,-0.09678093166069679,2.2164243624331297,0.2034,True
720,0.19,0.22,0.17,0.24,0.18,0.791647268475324,0.21450203855382388,0.12553056122605905,-0.09594906639577938,2.235582341875287,0.2034,True
721,0.23,0.18,0.22,0.21,0.16,0.7910977352619755,0.21437788368216593,0.12175207788029842,-0.10165926938214898,2.108788357275072,0.2034,True
722,0.21,0.22,0.16,0.23,0.18,0.7899742421720364,0.2141239762116216,0.12583775729228192,-0.09437776722347191,2.2687967994051954,0.2034,True
723,0.22,0.19,0.18,0.24,0.17,0.7896682307225531,0.21405479974845787,0.12267492920222177,-0.09600277497666743,2.2296730464351877,0.2034,True
724,0.21,0.18,0.22,0.23,0.16,0.7891004301383475,0.21392642275311835,0.1205162811704082,-0.10088047319571569,2.1205929747978582,0.2034,True
725,0.23,0.18,0.21,0.22,0.16,0.7873623145657156,0.21353327420686585,0.1208466126057196,-0.09932117229348325,2.1499270425030654,0.2034,True
726,0.21,0.23,0.16,0.22,0.18,0.7871730984913246,0.21349045958446178,0.12597153653939105,-0.09404848249053155,2.270004299175749,0.2034,True
727,0.22,0.18,0.21,0.23,0.16,0.7863662234482987,0.21330785104687755,0.12021534803194127,-0.0989315780822394,2.1561149147905025,0.2034,True
728,0.19,0.24,0.17,0.22,0.18,0.7860433965750799,0.21323477483508868,0.12579623710253976,-0.09529572585627022,2.2376111091981192,0.2034,True
729,0.24,0.19,0.2,0.21,0.16,0.7818194870623401,0.2122778235372318,0.12074488751180092,-0.09704073321540652,2.1875125682122305,0.2034,True
730,0.2,0.19,0.21,0.24,0.16,0.7815750095574525,0.2122223894504609,0.11914220412448831,-0.09783015738272538,2.1692941637640115,0.2034,True
731,0.18,0.22,0.19,0.24,0.17,0.7809722428251069,0.21208569335015248,0.12164452320701753,-0.09581621795921291,2.2134634184834265,0.2034,True
732,0.21,0.19,0.2,0.24,0.16,0.778842311806343,0.2116024180346161,0.11883821953967245,-0.09586999813203845,2.2071807881250125,0.2034,True
733,0.19,0.22,0.18,0.24,0.17,0.778273938376578,0.2114733905044106,0.12133117076861917,-0.09385005650503486,2.2533112752368507,0.2034,True
734,0.19,0.2,0.21,0.24,0.16,0.7777846235127786,0.21136228818196856,0.11870103924433119,-0.0971162402186182,2.17638458517516,0.2034,True
735,0.24,0.2,0.19,0.21,0.16,0.7752900608142372,0.2107955633215124,0.12001083564513132,-0.09435358087458146,2.2341024195118813,0.2034,True
736,0.19,0.24,0.18,0.22,0.17,0.7726937314827971,0.21020515453773858,0.12160113114540029,-0.09318704496763175,2.2557336656694367,0.2034,True
737,0.21,0.2,0.19,0.24,0.16,0.7723239680710061,0.21012102294760893,0.11809102046623339,-0.09318089216670977,2.254979728801928,0.2034,True
738,0.19,0.21,0.2,0.24,0.16,0.77127782833575,0.20988293328336693,0.1179308412203951,-0.09443232986639771,2.222574975967532,0.2034,True
739,0.2,0.21,0.19,0.24,0.16,0.7685498712981331,0.2092616395497453,0.11762475082336696,-0.09245710278491015,2.263337626278062,0.2034,True
740,0.23,0.21,0.18,0.22,0.16,0.7677851233477913,0.20908735311993132,0.11863149724111255,-0.09125759730098171,2.2911774943003245,0.2034,True
741,0.22,0.21,0.18,0.23,0.16,0.7668001147431305,0.20886279509075623,0.11798708472515228,-0.09086604949749222,2.2985790209413755,0.2034,True
742,0.21,0.22,0.18,0.23,0.16,0.7630353874239302,0.20800375872900734,0.11749911915987585,-0.0901366445369276,2.3076492340891543,0.2034,True
743,0.21,0.23,0.18,0.22,0.16,0.7602581173508998,0.20736925635468562,0.11763746396320784,-0.08979754590990008,2.309297589967026,0.2034,True
744,0.19,0.17,0.2,0.19,0.25,0.9321785979380453,0.24545299042952107,0.1620164111445705,-0.1335422749278108,1.8380171414797755,0.2036,True
745,0.2,0.17,0.19,0.19,0.25,0.9297101655798239,0.24492251407612198,0.16168260585011252,-0.13175087784584838,1.8589820279048697,0.2036,True
746,0.19,0.17,0.19,0.2,0.25,0.9285840609336427,0.24468035922976505,0.1612596091561466,-0.1313749967680452,1.8624575851504759,0.2036,True
747,0.2,0.19,0.19,0.17,0.25,0.9238453308404684,0.24366031972915025,0.16192098488985007,-0.13123777163306616,1.8566325585778123,0.2036,True
748,0.17,0.19,0.19,0.2,0.25,0.9204744452906835,0.24293369670458564,0.160696063357817,-0.13010756122493827,1.8671758537121939,0.2036,True
749,0.2,0.19,0.17,0.19,0.25,0.9166614533589728,0.2421107481939857,0.16044854859760804,-0.12686927213961285,1.908348208442118,0.2036,True
750,0.19,0.19,0.17,0.2,0.25,0.9155430780791427,0.24186916504386713,0.16002176215451647,-0.12649214134927877,1.9121279983394495,0.2036,True
751,0.19,0.2,0.17,0.19,0.25,0.9126239965423324,0.2412381632712146,0.16014168715145133,-0.12622663133184864,1.9111510837756711,0.2036,True
752,0.21,0.15,0.21,0.2,0.23,0.911709026969993,0.24104024717513628,0.15367133223839596,-0.12897449314905918,1.868898580563211,0.2036,True
753,0.2,0.15,0.21,0.21,0.23,0.9106055019550174,0.2408014608120186,0.15320988629843485,-0.12859689512034544,1.8725293529573028,0.2036,True
754,0.21,0.15,0.2,0.21,0.23,0.9080691451248037,0.24025228222685358,0.1528816030790251,-0.12678330765867596,1.8949835484151984,0.2036,True
755,0.21,0.15,0.23,0.2,0.21,0.8861496234991306,0.2354858066999519,0.14554665904109462,-0.12524745796738945,1.8801643603917702,0.2036,True
756,0.2,0.15,0.23,0.21,0.21,0.8850709435588258,0.23525029270983877,0.14505889345859593,-0.1248672586983195,1.8840030217865658,0.2036,True
757,0.23,0.15,0.21,0.2,0.21,0.8809582962820957,0.2343515310510167,0.1449089829671061,-0.12156893339151553,1.9277254847361556,0.2036,True
758,0.2,0.15,0.21,0.23,0.21,0.8777378936438045,0.23364684190225993,0.14338232316806848,-0.12042714730484072,1.9401509305109,0.2036,True
759,0.23,0.15,0.2,0.21,0.21,0.8772810533060469,0.2335468107612384,0.14409746954312022,-0.11933899849907703,1.9570032738547294,0.2036,True
760,0.21,0.2,0.15,0.21,0.23,0.8754003535246633,0.23313483602547214,0.14973945651722384,-0.11429697022184016,2.0397289234612113,0.2036,True
761,0.21,0.15,0.2,0.23,0.21,0.8751393298513781,0.23307763599069165,0.14305839684236452,-0.11857741399960808,1.965615779000392,0.2036,True
762,0.21,0.21,0.15,0.2,0.23,0.8725199431179498,0.23250333637246046,0.14986327725019863,-0.11400839416370956,2.039352786941275,0.2036,True
763,0.2,0.21,0.15,0.21,0.23,0.8714393793130428,0.23226626707910403,0.14938832133154106,-0.11362701396814656,2.04411133380849,0.2036,True
764,0.21,0.15,0.23,0.21,0.2,0.8694862078024148,0.2318375211461492,0.14065836571110968,-0.12112938481274937,1.9139659753456233,0.2036,True
765,0.23,0.15,0.21,0.21,0.2,0.8642340009489593,0.23068311174517708,0.1400260830492451,-0.11741410803563401,1.9646967098295127,0.2036,True
766,0.21,0.15,0.21,0.23,0.2,0.862116919095625,0.2302171742858472,0.13895617262646118,-0.11664989496220457,1.9735737812746361,0.2036,True
767,0.19,0.17,0.19,0.25,0.2,0.8469141340767681,0.22686085347617757,0.13654304510277637,-0.11078937625306273,2.0476769627981914,0.2036,True
768,0.23,0.2,0.15,0.21,0.21,0.8445698480292911,0.22634166775579123,0.14087357003498757,-0.10657906821369256,2.1236971907276665,0.2036,True
769,0.21,0.2,0.15,0.23,0.21,0.8424660162613569,0.2258753604037529,0.13980725170888228,-0.10581113510506401,2.1347031215521164,0.2036,True
770,0.17,0.19,0.19,0.25,0.2,0.8391075559326882,0.22513023251482522,0.1358478365920939,-0.10942895103547023,2.0573187477768258,0.2036,True
771,0.2,0.21,0.15,0.23,0.21,0.8385658341027291,0.22500995795201817,0.13942571191421504,-0.10512173229244104,2.140470415061814,0.2036,True
772,0.25,0.17,0.19,0.2,0.19,0.8363089989056784,0.22450863480865224,0.13491083700707457,-0.10882972263867507,2.0629349167234583,0.2036,True
773,0.19,0.19,0.17,0.25,0.2,0.8338650794844058,0.22396529011515676,0.13519328427863192,-0.10562927149525414,2.1202956997125497,0.2036,True
774,0.19,0.17,0.2,0.25,0.19,0.8337826151724601,0.2239469478088345,0.13238609271822663,-0.108806423246399,2.0582144061632515,0.2036,True
775,0.2,0.17,0.19,0.25,0.19,0.8311282032628045,0.22335624039698665,0.13206539353992772,-0.10690519339560822,2.0892927022772905,0.2036,True
776,0.17,0.19,0.2,0.25,0.19,0.8260234970493925,0.22221864280597403,0.1316633997787927,-0.10743452273128495,2.068410015296358,0.2036,True
777,0.23,0.21,0.15,0.21,0.2,0.8249963937747082,0.2219894939037459,0.1360490232761229,-0.10194791421218252,2.1774795062675123,0.2036,True
778,0.21,0.21,0.15,0.23,0.2,0.8229245536744552,0.22152700022307092,0.1349434330806555,-0.10117604103835198,2.1895203444370637,0.2036,True
779,0.17,0.2,0.19,0.25,0.19,0.819513871698965,0.22076487496478547,0.13094842617616867,-0.10483336592480141,2.1058646072963403,0.2036,True
780,0.2,0.19,0.17,0.25,0.19,0.8180735541428452,0.22044274641146777,0.13069529717420877,-0.1016879189472848,2.167836147042656,0.2036,True
781,0.21,0.23,0.15,0.21,0.2,0.817264525564015,0.22026173167497198,0.13520226296500465,-0.10054567679065618,2.19066337515012,0.2036,True
782,0.19,0.2,0.17,0.25,0.19,0.8142183426612297,0.21957968619202584,0.13030089191973135,-0.1009878847887763,2.174317113892356,0.2036,True
783,0.19,0.19,0.2,0.25,0.17,0.7940855821923487,0.21505261554104727,0.12265932222756917,-0.09951617597734241,2.160981503047403,0.2036,True
784,0.2,0.19,0.19,0.25,0.17,0.7913794423032059,0.2144415323278428,0.12234710175845594,-0.09756858053920281,2.1978543824533836,0.2036,True
785,0.19,0.2,0.19,0.25,0.17,0.7875719823428691,0.21358071298237724,0.12192020983118289,-0.09685649610386071,2.205125330502885,0.2036,True
786,0.21,0.2,0.23,0.21,0.15,0.7698694213653301,0.20956224753719588,0.11683115298064686,-0.09816060436976026,2.1348915777637005,0.2036,True
787,0.21,0.21,0.23,0.2,0.15,0.7670818655300988,0.20892703594602113,0.11696786695820101,-0.09783579443510149,2.1354866810491435,0.2036,True
788,0.2,0.21,0.23,0.21,0.15,0.7660986179095992,0.20870281996078632,0.11635683696768903,-0.09744365308669645,2.1417795141064926,0.2036,True
789,0.23,0.2,0.21,0.21,0.15,0.7643599009298612,0.20830612586041886,0.11624736302948707,-0.0942151755321331,2.210961500457788,0.2036,True
790,0.21,0.2,0.21,0.23,0.15,0.7624013386270605,0.207858961021816,0.11495038517870457,-0.09343102781683521,2.2247316108874293,0.2036,True
791,0.2,0.21,0.21,0.23,0.15,0.7586443892840824,0.20700027318528802,0.11446866449720262,-0.09270533906633771,2.2328840525265066,0.2036,True
792,0.23,0.21,0.2,0.21,0.15,0.757841589379306,0.2068166267837419,0.11547827972852288,-0.09150267676200707,2.2602248819633926,0.2036,True
793,0.21,0.21,0.2,0.23,0.15,0.7558903771428473,0.20637003933997788,0.1141716657344953,-0.09071721789679765,2.2748717842598523,0.2036,True
794,0.21,0.23,0.2,0.21,0.15,0.7503488921148396,0.2050999143477028,0.11445149390866223,-0.09003875498817415,2.2779070454121784,0.2036,True
795,0.17,0.17,0.2,0.23,0.23,0.8978498238449997,0.23803462359168304,0.15136208804332382,-0.12473739414017748,1.908286005431413,0.20360000000000003,True
796,0.23,0.17,0.17,0.2,0.23,0.8935185867374953,0.23709231470414505,0.15181874648581087,-0.12037406201066914,1.9696295924875478,0.20360000000000003,True
797,0.2,0.17,0.17,0.23,0.23,0.8902467306563655,0.23637953268025313,0.15036180444664804,-0.11923631726448547,1.982445769068203,0.20360000000000003,True
798,0.17,0.2,0.17,0.23,0.23,0.8783079146685653,0.23377163267669765,0.1494122269140299,-0.11725618531136472,1.9936827388332239,0.20360000000000003,True
799,0.23,0.17,0.17,0.23,0.2,0.8437404711332046,0.2261578814735612,0.1370581697848842,-0.10777175435939379,2.098489375234416,0.20360000000000003,True
800,0.23,0.17,0.23,0.2,0.17,0.814922935426837,0.21973751353964355,0.1273916479901901,-0.10863997435027861,2.022621183903842,0.20360000000000003,True
801,0.2,0.17,0.23,0.23,0.17,0.8118719160919963,0.2190537965532855,0.1256478372739324,-0.1074783875317794,2.0381194915909515,0.20360000000000003,True
802,0.21,0.16,0.21,0.18,0.24,0.9249718178823465,0.2439029543332556,0.1586657927954696,-0.13273109411969997,1.8375720922883245,0.20379999999999998,True
803,0.18,0.16,0.21,0.21,0.24,0.9216195475408864,0.243180628526523,0.1573690634569067,-0.13160147405088485,1.8478564186332374,0.20379999999999998,True
804,0.21,0.16,0.18,0.21,0.24,0.9141087237597862,0.24155918875081817,0.15637105052246014,-0.12618401784329103,1.9143406025540612,0.20379999999999998,True
805,0.21,0.18,0.16,0.21,0.24,0.901039333713965,0.23872762067706543,0.15514639056933405,-0.12123836344948113,1.9690765685445841,0.20379999999999998,True
806,0.21,0.16,0.24,0.18,0.21,0.8869156880738736,0.23565301116680515,0.1465236677305478,-0.12719111890504176,1.8527473710073954,0.20379999999999998,True
807,0.18,0.16,0.21,0.24,0.21,0.8727071768846448,0.23254440507857166,0.14256966094502962,-0.11938782435325923,1.94780670757925,0.20379999999999998,True
808,0.24,0.16,0.18,0.21,0.21,0.8681082890227747,0.23153487078585266,0.143188407484807,-0.11495246677725945,2.014179227962911,0.20379999999999998,True
809,0.21,0.16,0.18,0.24,0.21,0.8649149117862822,0.23083289486057446,0.14158983247946652,-0.11380760218335784,2.0282730716764834,0.20379999999999998,True
810,0.24,0.18,0.16,0.21,0.21,0.8550118307424517,0.22865086601346496,0.1419174263680404,-0.10984390328741944,2.081598151289045,0.20379999999999998,True
811,0.21,0.18,0.16,0.24,0.21,0.8518411892089945,0.2279506109604823,0.14030238375714654,-0.10869523467238207,2.097153676033245,0.20379999999999998,True
812,0.18,0.21,0.16,0.24,0.21,0.8401126480972538,0.22535332327248891,0.1392130939633559,-0.106642556341211,2.1131650534656514,0.20379999999999998,True
813,0.21,0.16,0.24,0.21,0.18,0.8365423662840894,0.2245604930170655,0.13189035637585744,-0.11472178656202547,1.9574354597036774,0.20379999999999998,True
814,0.24,0.16,0.21,0.21,0.18,0.8284979742429583,0.22277035117958355,0.1309690077604961,-0.10903637715114411,2.0430828407915973,0.20379999999999998,True
815,0.21,0.16,0.21,0.24,0.18,0.8254147919810277,0.22208284980078585,0.1292176198109882,-0.10787957687502459,2.058618102090468,0.20379999999999998,True
816,0.21,0.18,0.24,0.21,0.16,0.7965559691748119,0.21560992618484098,0.12238894623998263,-0.10553492520169738,2.0430196522408983,0.20379999999999998,True
817,0.24,0.21,0.16,0.21,0.18,0.7958051504570023,0.21544059819037997,0.1275119227307144,-0.09587248824455541,2.247157679279434,0.20379999999999998,True
818,0.21,0.21,0.16,0.24,0.18,0.7927779514363713,0.21475741151204142,0.12570653500867404,-0.09470602260431393,2.267621483897678,0.20379999999999998,True
819,0.24,0.18,0.21,0.21,0.16,0.788358513594444,0.2137586380286962,0.12149803416778056,-0.09971093563218192,2.143783293912901,0.20379999999999998,True
820,0.21,0.18,0.21,0.24,0.16,0.7853702402804861,0.21308236850678552,0.1196046429109769,-0.09854215288839441,2.1623474042434974,0.20379999999999998,True
821,0.21,0.24,0.16,0.21,0.18,0.7843745192995564,0.21285686147347516,0.12610787554762568,-0.09371816355608376,2.271244478089834,0.20379999999999998,True
822,0.18,0.21,0.21,0.24,0.16,0.773999079642415,0.21050206447948505,0.1182815089955887,-0.09640039360579633,2.183622458433905,0.20379999999999998,True
823,0.24,0.21,0.18,0.21,0.16,0.7687702384357504,0.20931185200144786,0.11929631949960251,-0.09164931670361454,2.2838342884578524,0.20379999999999998,True
824,0.21,0.21,0.18,0.24,0.16,0.7658152126600688,0.20863817787220196,0.11736350238966825,-0.0904746731804168,2.306039585864584,0.20379999999999998,True
825,0.21,0.24,0.18,0.21,0.16,0.7574834013463234,0.20673467058707717,0.11777853907490161,-0.08945737221095151,2.3109852824602464,0.20379999999999998,True
826,0.2,0.17,0.2,0.18,0.25,0.9333073971678714,0.245695423512176,0.16243867839591208,-0.13391803560634918,1.834670157755266,0.2038,True
827,0.18,0.17,0.2,0.2,0.25,0.9310499249753694,0.24521049003072148,0.16161111491997304,-0.1331666685067806,1.8413803752868971,0.2038,True
828,0.19,0.16,0.22,0.19,0.24,0.9263486435774773,0.24419938097319993,0.15857874731451288,-0.1341473072336441,1.8203822798163094,0.2038,True
829,0.2,0.17,0.18,0.2,0.25,0.9261109731758588,0.24414822130445568,0.16094044536735075,-0.12957718029604592,1.8841914968874032,0.2038,True
830,0.2,0.18,0.17,0.2,0.25,0.9195843269987445,0.24274168224138548,0.1603294530225678,-0.12713348537718427,1.909344981152767,0.2038,True
831,0.22,0.16,0.19,0.19,0.24,0.9188439739883072,0.2425819296046201,0.15759016387363728,-0.1287500737330426,1.8841304130637058,0.2038,True
832,0.19,0.16,0.19,0.22,0.24,0.915507460996875,0.24186146976039402,0.15623647200452798,-0.127619268784945,1.8951798741925243,0.2038,True
833,0.2,0.15,0.22,0.2,0.23,0.9142408080868234,0.24158773978169346,0.1540148854248959,-0.13078156821093634,1.8472613770163613,0.2038,True
834,0.18,0.2,0.17,0.2,0.25,0.9115069165697118,0.24099652037323271,0.15973084712353225,-0.12584914901167343,1.9149634484288687,0.2038,True
835,0.22,0.15,0.2,0.2,0.23,0.909170110137941,0.24049072578495467,0.15336155748915947,-0.12716118139002497,1.8912275205066609,0.2038,True
836,0.2,0.15,0.2,0.22,0.23,0.9069683021078965,0.24001377335540353,0.15241907460042511,-0.12640559050234623,1.8987591640652048,0.2038,True
837,0.16,0.19,0.19,0.22,0.24,0.9034295892941486,0.23924645270694156,0.15537979363485835,-0.12569267860273758,1.9034239334106353,0.2038,True
838,0.2,0.15,0.23,0.2,0.22,0.9015560334448747,0.23883981303542368,0.1499525652375989,-0.1289375956559421,1.8523675101926467,0.2038,True
839,0.19,0.19,0.16,0.22,0.24,0.8959332489610603,0.23761782842219925,0.154368564277052,-0.12020577928988985,1.9767587700517872,0.2038,True
840,0.23,0.15,0.2,0.2,0.22,0.893858852318512,0.23716639525660255,0.14898396406327685,-0.12346370074677049,1.9209402749318305,0.2038,True
841,0.2,0.15,0.2,0.23,0.22,0.8906013058295579,0.23645681749127156,0.14750012266545018,-0.122325831639993,1.9330080517021784,0.2038,True
842,0.24,0.16,0.19,0.19,0.22,0.8883806979758087,0.2359726443737189,0.14884985870929562,-0.1213508729929399,1.9445483872822868,0.2038,True
843,0.19,0.16,0.19,0.24,0.22,0.8829705461529944,0.23479144369970828,0.146364893455008,-0.11945126939922812,1.965583495935837,0.2038,True
844,0.22,0.2,0.15,0.2,0.23,0.8764821824302367,0.2333718485663807,0.15023091641969466,-0.11467799345216523,2.0350185902382862,0.2038,True
845,0.2,0.2,0.15,0.22,0.23,0.8743186442352964,0.2328977585303984,0.14926572603333185,-0.11391610728425516,2.04446731970263,0.2038,True
846,0.22,0.15,0.23,0.2,0.2,0.8705500045618868,0.23207107504920454,0.1411805249171853,-0.12151117603314976,1.9098743228844455,0.2038,True
847,0.2,0.22,0.15,0.2,0.23,0.8685627150179211,0.23163469876690135,0.14951308951225473,-0.11333704178154314,2.0437687019692703,0.2038,True
848,0.2,0.15,0.23,0.22,0.2,0.8684225282825178,0.23160390437077516,0.14015478422255423,-0.12074775392701809,1.918080434943414,0.2038,True
849,0.23,0.15,0.22,0.2,0.2,0.8679248479535102,0.23149456799442136,0.14086606782713515,-0.11965707024140382,1.934650142506326,0.2038,True
850,0.2,0.15,0.22,0.23,0.2,0.8647414297418912,0.23079473667256312,0.1392944990704033,-0.11851134264140606,1.9474485017936751,0.2038,True
851,0.19,0.19,0.16,0.24,0.22,0.8633898717369102,0.23049737407850124,0.14443290098685693,-0.11187271848536151,2.0603537412802004,0.2038,True
852,0.23,0.2,0.15,0.2,0.22,0.8611482501486181,0.2300038672317979,0.14581393845890508,-0.11084494907050524,2.0750053941158755,0.2038,True
853,0.23,0.15,0.2,0.22,0.2,0.8605413809210885,0.22987019305738077,0.1392012866598848,-0.11516420904054636,1.9960211160435215,0.2038,True
854,0.22,0.15,0.2,0.23,0.2,0.8594854382321686,0.22963753282976263,0.1386552660737884,-0.11478190593758764,2.000642269824544,0.2038,True
855,0.2,0.2,0.15,0.23,0.22,0.857947824801037,0.22929858651048485,0.14429283923546837,-0.1096975967065894,2.0902790343146247,0.2038,True
856,0.22,0.16,0.24,0.19,0.19,0.8545413908323047,0.2285470170043553,0.13731057414916908,-0.11931239032389573,1.9155346429982822,0.2038,True
857,0.19,0.16,0.24,0.22,0.19,0.8513905708651928,0.2278510243545493,0.13575113685702359,-0.11816196477935581,1.928294140843174,0.2038,True
858,0.18,0.17,0.2,0.25,0.2,0.8495362250978982,0.22744104396281917,0.13688741905529675,-0.11267179771539182,2.018615559302015,0.2038,True
859,0.25,0.17,0.18,0.2,0.2,0.8495270280842615,0.22743900989691324,0.1389960871107061,-0.11081818407258937,2.0523618195000704,0.2038,True
860,0.24,0.16,0.22,0.19,0.19,0.8492392330970908,0.22737535604857895,0.13669277594512225,-0.11556733989232293,1.967470708077476,0.2038,True
861,0.2,0.17,0.18,0.25,0.2,0.8442850951696514,0.22627857398324336,0.13623693724826538,-0.1089003017464969,2.0778507529757353,0.2038,True
862,0.19,0.16,0.22,0.24,0.19,0.8440137569318942,0.2262184464958057,0.1339793092830549,-0.11364797947945093,1.9905188594814305,0.2038,True
863,0.24,0.16,0.19,0.22,0.19,0.838121315091074,0.22491124697466636,0.13418115623311683,-0.10874529083836737,2.068238957666326,0.2038,True
864,0.2,0.18,0.17,0.25,0.2,0.8377546258366269,0.22482980708251388,0.13557171432616447,-0.1063178135407652,2.114695549079439,0.2038,True
865,0.22,0.16,0.19,0.24,0.19,0.836046655109588,0.22445033229978528,0.13302608409921585,-0.10797636843571168,2.0786986592665535,0.2038,True
866,0.17,0.2,0.18,0.25,0.2,0.8325995437883191,0.22368373998624635,0.13516255395038962,-0.1068458525823881,2.0935182281761042,0.2038,True
867,0.18,0.2,0.17,0.25,0.2,0.8299804709463616,0.22310064958357145,0.13483424779548575,-0.10493890550719909,2.1260051122628316,0.2038,True
868,0.23,0.2,0.15,0.22,0.2,0.82783250540523,0.2226220274935855,0.1359206709970103,-0.10226057900414354,2.177007304882999,0.2038,True
869,0.22,0.2,0.15,0.23,0.2,0.8267954140225711,0.22239080255050947,0.1353596728305918,-0.1018750886201033,2.1829753040001227,0.2038,True
870,0.25,0.17,0.2,0.2,0.18,0.822964706473243,0.22153596680002718,0.13086702636231393,-0.10682297923055895,2.0738605906307863,0.2038,True
871,0.2,0.22,0.15,0.23,0.2,0.8190586147809824,0.22066307465319146,0.13454624659574593,-0.10047512932472968,2.1961959754241414,0.2038,True
872,0.24,0.19,0.16,0.22,0.19,0.8184878854120017,0.22053542946841231,0.13218628021126766,-0.10091756763103077,2.1853026647919394,0.2038,True
873,0.2,0.17,0.2,0.25,0.18,0.8178447823954462,0.2203915657092994,0.12793077749184426,-0.10489176160409175,2.1011332285671336,0.2038,True
874,0.2,0.18,0.25,0.2,0.17,0.8164646045712112,0.22008270186603074,0.12764345071597208,-0.11177132473335971,1.9690444073294944,0.2038,True
875,0.22,0.19,0.16,0.24,0.19,0.8164357335535379,0.2200762392791542,0.131011392278172,-0.10014480512068213,2.1975801841537916,0.2038,True
876,0.17,0.2,0.2,0.25,0.18,0.8063019025773863,0.21780360398305332,0.12676925197844363,-0.10280232223315733,2.1186642407656047,0.2038,True
877,0.19,0.22,0.16,0.24,0.19,0.8048981379458344,0.21748812282041885,0.1297694533720583,-0.09802865062326171,2.218617939119219,0.2038,True
878,0.25,0.18,0.2,0.2,0.17,0.8029443253157735,0.21704875179667527,0.12613653338456676,-0.1021636479964495,2.1245203754296087,0.2038,True
879,0.2,0.2,0.17,0.25,0.18,0.7982738646896674,0.21599717626079462,0.12581304215910785,-0.09698600999211793,2.227096220149161,0.2038,True
880,0.2,0.18,0.2,0.25,0.17,0.7979036119269338,0.2159137342955535,0.1230846666739899,-0.1002224647081349,2.154344686336856,0.2038,True
881,0.19,0.19,0.24,0.22,0.16,0.7917374565063333,0.21452241211859824,0.12137521991822724,-0.10444640194982968,2.05389949403564,0.2038,True
882,0.18,0.2,0.2,0.25,0.17,0.7902724201002349,0.21419137425688017,0.12225501407850241,-0.09880799024851683,2.1677535765898783,0.2038,True
883,0.2,0.2,0.18,0.25,0.17,0.784864781623579,0.21296790466915905,0.12162852240382507,-0.09489794312189626,2.2441783000038487,0.2038,True
884,0.19,0.19,0.22,0.24,0.16,0.7843009839366579,0.21284020414255544,0.1194901707348834,-0.09978323989416782,2.133025589951761,0.2038,True
885,0.24,0.19,0.19,0.22,0.16,0.7780825608721489,0.21142993934639565,0.11987636628492769,-0.09468360254614672,2.2330153654995257,0.2038,True
886,0.22,0.19,0.19,0.24,0.16,0.7761028948138535,0.21098028452660555,0.11857847188977798,-0.09390272360984275,2.2467962207700105,0.2038,True
887,0.22,0.2,0.23,0.2,0.15,0.7708538550230166,0.20978641501687556,0.11746210827596273,-0.09855237107077663,2.128679530868058,0.2038,True
888,0.2,0.2,0.23,0.22,0.15,0.7688850946394041,0.2093380212717939,0.1162214594536954,-0.09776900864935723,2.141149063120527,0.2038,True
889,0.23,0.2,0.22,0.2,0.15,0.7680999314526478,0.2091591041265224,0.11717214753898726,-0.09658353073881776,2.165577324897479,0.2038,True
890,0.2,0.2,0.22,0.23,0.15,0.7651544398257604,0.2084874348943455,0.11526918688098318,-0.09540789663978022,2.185222001921976,0.2038,True
891,0.19,0.22,0.19,0.24,0.16,0.7647806019911709,0.2084021341112583,0.11718003903456588,-0.09173134748737866,2.2718747714889114,0.2038,True
892,0.23,0.2,0.2,0.22,0.15,0.7606183074179174,0.20745158397013053,0.11533994671250426,-0.09183920670697454,2.2588564449607342,0.2038,True
893,0.22,0.2,0.2,0.23,0.15,0.7596415754179455,0.20722830905335643,0.11467734186584211,-0.09144693797955372,2.2661044058106117,0.2038,True
894,0.2,0.22,0.2,0.23,0.15,0.7521439833695556,0.20551164785343823,0.11368775865285087,-0.08998550600718747,2.28383055196715,0.2038,True
895,0.2,0.23,0.2,0.22,0.15,0.749375589083422,0.20487655367809476,0.11382775300304249,-0.08964518787744646,2.2854160778622115,0.2038,True
896,0.19,0.17,0.21,0.18,0.25,0.9357711699683677,0.24622424228954887,0.1627869677333806,-0.13570304374033415,1.8144341902949168,0.204,True
897,0.18,0.17,0.21,0.19,0.25,0.9346398021698328,0.24598146374763386,0.16238235439420243,-0.13532755841017297,1.8176745862958148,0.204,True
898,0.21,0.17,0.19,0.18,0.25,0.9308363959610726,0.24516460174387755,0.16212243984695823,-0.13212691355832762,1.8555235654971178,0.204,True
899,0.18,0.17,0.19,0.21,0.25,0.9274580820607885,0.2444381371529123,0.16085365416040806,-0.13099927022955626,1.865950373040794,0.204,True
900,0.21,0.17,0.18,0.19,0.25,0.927234509225707,0.24439003064091547,0.16138105156865742,-0.12995333570692236,1.880598364878273,0.204,True
901,0.19,0.17,0.18,0.21,0.25,0.9249875623672714,0.24390634487477758,0.1605167449391397,-0.1292011798024133,1.8878027681154483,0.204,True
902,0.21,0.18,0.17,0.19,0.25,0.9207039980122322,0.24298320571449272,0.16077199855337518,-0.12751026519842545,1.905597210831408,0.204,True
903,0.19,0.18,0.17,0.21,0.25,0.918464780750504,0.2425000917494866,0.15990386817468788,-0.12675686119603669,1.9131121539404992,0.204,True
904,0.21,0.15,0.22,0.19,0.23,0.9153470158459003,0.24182680344379426,0.1544752222550628,-0.13115904610258522,1.8437676289186409,0.204,True
905,0.18,0.19,0.17,0.21,0.25,0.9144248276206559,0.24162751481245137,0.15961213100917895,-0.12611516654391142,1.9159274925773522,0.204,True
906,0.19,0.15,0.22,0.21,0.23,0.9131347233498801,0.24134861059254598,0.1535720467230415,-0.13040424622474023,1.850772636472304,0.204,True
907,0.22,0.15,0.21,0.19,0.23,0.9128126744750125,0.24127896814297256,0.1541501264541362,-0.12935224746610752,1.865286246427158,0.204,True
908,0.19,0.15,0.21,0.22,0.23,0.9095020994683636,0.2405626090040469,0.1527660188630878,-0.12821945328299422,1.8761787142634212,0.204,True
909,0.22,0.15,0.19,0.21,0.23,0.9055256569897687,0.23970107055045098,0.15258733024600835,-0.12496345150564059,1.918169414035682,0.204,True
910,0.21,0.15,0.19,0.22,0.23,0.9044273737224688,0.23946290459637454,0.15210624418051605,-0.12458545937986976,1.9220774702626848,0.204,True
911,0.21,0.15,0.23,0.19,0.22,0.9026497839616219,0.2390772348995609,0.15042557027389103,-0.12931637019576958,1.848777803905464,0.204,True
912,0.19,0.15,0.23,0.21,0.22,0.9004624043647158,0.238602326477674,0.1494974307200918,-0.12855897825278095,1.855975597507618,0.204,True
913,0.23,0.15,0.21,0.19,0.22,0.8975203043928557,0.23796298338769173,0.1497830079728692,-0.12567398709750333,1.8934943410609686,0.204,True
914,0.19,0.15,0.21,0.23,0.22,0.8931664554751024,0.23701564148158139,0.14784561307462707,-0.1241576169025832,1.9089899387127338,0.204,True
915,0.23,0.15,0.19,0.21,0.22,0.8901955516637139,0.2363683766769178,0.14819959329530993,-0.12124665034096327,1.9494837672811203,0.204,True
916,0.21,0.15,0.19,0.23,0.22,0.8880290803250566,0.23589594415457826,0.14718989629140783,-0.12048767808300187,1.9578428923833493,0.204,True
917,0.22,0.15,0.23,0.19,0.21,0.8872284227583682,0.23572125694070345,0.14605251572857497,-0.12562781601030115,1.8763460547732114,0.204,True
918,0.23,0.15,0.22,0.19,0.21,0.8846337267502011,0.23515480722235615,0.14573530723994157,-0.12379203441179176,1.8995956269699739,0.204,True
919,0.19,0.15,0.23,0.22,0.21,0.8839923829757284,0.23501471492288517,0.14458947744614542,-0.12448721810369778,1.8878622119028963,0.204,True
920,0.19,0.15,0.22,0.23,0.21,0.8803294323328936,0.2342139861567436,0.14374247472599172,-0.12227044348513993,1.915540497611826,0.204,True
921,0.22,0.19,0.15,0.21,0.23,0.8793663410261192,0.23400327970995427,0.15010804035473044,-0.11496517967579778,2.0354274256765774,0.204,True
922,0.21,0.19,0.15,0.22,0.23,0.8782833661535296,0.23376625895982195,0.149617797928239,-0.11458467278096918,2.040118047958043,0.204,True
923,0.23,0.15,0.19,0.22,0.21,0.8736020012341634,0.2327406421240119,0.14330100801190376,-0.11710219817471146,1.9875001985596619,0.204,True
924,0.22,0.15,0.19,0.23,0.21,0.8725337450861417,0.23250636385242185,0.14277085698067352,-0.11672120979104827,1.9919804144306728,0.204,True
925,0.19,0.21,0.15,0.22,0.23,0.870358935180441,0.23202913277289805,0.1489313225666232,-0.11324579442516414,2.0488984509374353,0.204,True
926,0.23,0.19,0.15,0.21,0.22,0.8640181902104018,0.23063563124350583,0.14568939994147298,-0.11113978152952231,2.075185213336429,0.204,True
927,0.18,0.17,0.19,0.25,0.21,0.8625125540737999,0.23030427434144807,0.1410604481506482,-0.11462487641816166,2.0091997613264834,0.204,True
928,0.21,0.19,0.15,0.23,0.22,0.8618821844017972,0.2301654910085622,0.14465967792401557,-0.11037575835732294,2.0852902343233755,0.204,True
929,0.19,0.17,0.18,0.25,0.21,0.8599162782449223,0.22973247223071747,0.1407310130054191,-0.11275439648381524,2.0374591093101477,0.204,True
930,0.25,0.18,0.17,0.19,0.21,0.8597460601249756,0.22969496491740204,0.14323999353696604,-0.11249618979868903,2.0418021741753143,0.204,True
931,0.19,0.21,0.15,0.23,0.22,0.8540184481444566,0.22843155745816035,0.1439441863923736,-0.10901765180958856,2.0953630321917176,0.204,True
932,0.22,0.15,0.23,0.21,0.19,0.8537119821366861,0.2283638833052304,0.1363028702000507,-0.11734448561082023,1.9460981239681976,0.204,True
933,0.19,0.18,0.17,0.25,0.21,0.8533891883746343,0.22829259557314785,0.1400753065048422,-0.11020001844164462,2.0716203028045594,0.204,True
934,0.21,0.15,0.23,0.22,0.19,0.8526631177209407,0.22813221546943363,0.13576321850242817,-0.11696125436745619,1.9504939195736783,0.204,True
935,0.17,0.19,0.18,0.25,0.21,0.8520623946987036,0.2279994914377388,0.14006209753344412,-0.1114052954560919,2.0465767852803736,0.204,True
936,0.23,0.15,0.22,0.21,0.19,0.8510568489340171,0.22777726142660892,0.1359914735040757,-0.11547174422315676,1.9725800710727497,0.204,True
937,0.18,0.19,0.17,0.25,0.21,0.8494703427858039,0.2274264728923221,0.13973066112876795,-0.10952092069145503,2.0765573504721844,0.204,True
938,0.21,0.15,0.22,0.23,0.19,0.8489643023993645,0.22731454132582862,0.13488920074906544,-0.11470488612037055,1.9817337256870318,0.204,True
939,0.23,0.19,0.15,0.22,0.21,0.8474242508841103,0.22697377011017617,0.14074840245611053,-0.10688224276726477,2.123587269818147,0.204,True
940,0.23,0.15,0.21,0.22,0.19,0.8473509992429082,0.2269575568105342,0.13513693934052304,-0.1132086003257391,2.004773101668082,0.204,True
941,0.22,0.19,0.15,0.23,0.21,0.8463711518714292,0.2267406390904303,0.14020727425533464,-0.10649871842112357,2.1290457054500784,0.204,True
942,0.22,0.15,0.21,0.23,0.19,0.8463073168717676,0.22672650469350275,0.1345742489519622,-0.11282497428833527,2.009541824614832,0.204,True
943,0.18,0.17,0.21,0.25,0.19,0.8364301299517594,0.22453555273977543,0.13274621011778134,-0.11070092674447152,2.0283077959958353,0.204,True
944,0.19,0.22,0.15,0.23,0.21,0.8346706028915043,0.22414443151861763,0.13906291230917817,-0.10443050275150567,2.146350210071989,0.204,True
945,0.25,0.17,0.18,0.21,0.19,0.8326011920973779,0.22368410677820072,0.13410719071117222,-0.1065376043495917,2.099578905906363,0.204,True
946,0.21,0.17,0.18,0.25,0.19,0.8284668983532808,0.222763425600095,0.1317843143259515,-0.10499720130596135,2.121612984244822,0.204,True
947,0.25,0.18,0.17,0.21,0.19,0.8260529622746455,0.22222521529155337,0.13344552440820504,-0.10392905497908878,2.1382395455848857,0.204,True
948,0.21,0.18,0.17,0.25,0.19,0.8219336739458929,0.22130568376801962,0.13110944053741394,-0.1023860918250793,2.161481894885758,0.204,True
949,0.19,0.17,0.21,0.25,0.18,0.8205241758735764,0.2209907291266877,0.1282668495581462,-0.10680529085677026,2.0690990807098144,0.204,True
950,0.25,0.17,0.19,0.21,0.18,0.8192441725313513,0.22070456939960081,0.1300332830153409,-0.10451715018480845,2.1116588905203444,0.204,True
951,0.19,0.18,0.25,0.21,0.17,0.8154436715200626,0.2198541311148654,0.12710628919669986,-0.11138415894755016,1.973836613682138,0.204,True
952,0.21,0.17,0.19,0.25,0.18,0.8151585466730851,0.2197902808653751,0.12763556989060446,-0.10297139505686004,2.1344790050091924,0.204,True
953,0.17,0.21,0.18,0.25,0.19,0.8130135830359964,0.21930972777511326,0.1302513247443687,-0.10221597674741412,2.145552336862656,0.204,True
954,0.17,0.19,0.21,0.25,0.18,0.8128126723903659,0.21926469676952376,0.1275154324384652,-0.10542176119689672,2.079880797665693,0.204,True
955,0.18,0.21,0.17,0.25,0.19,0.8103680369970039,0.21871650289169509,0.12992651711872655,-0.10028598189655002,2.1809279697466795,0.204,True
956,0.23,0.21,0.15,0.22,0.19,0.8081195668399266,0.2182118619039377,0.13108713309282025,-0.09756708959469995,2.236531424790921,0.204,True
957,0.22,0.21,0.15,0.23,0.19,0.8070983919008055,0.21798253379862564,0.13050477232458318,-0.09717961813867027,2.243089013661032,0.204,True
958,0.25,0.18,0.21,0.19,0.17,0.8066729481529422,0.2178869652113502,0.12700230288998232,-0.10448744657999431,2.0852932322787563,0.204,True
959,0.25,0.19,0.17,0.21,0.18,0.8061553190105548,0.21777066853159677,0.12867162152797415,-0.09924680743866754,2.194233488731358,0.204,True
960,0.21,0.22,0.15,0.23,0.19,0.803261872637639,0.2171201830525753,0.13007123798395817,-0.09646883151915231,2.2506770283567668,0.204,True
961,0.21,0.19,0.17,0.25,0.18,0.8020995518023033,0.2168586818431455,0.1262449045771163,-0.09769590472616041,2.2197315481236997,0.204,True
962,0.19,0.18,0.21,0.25,0.17,0.8006086794471599,0.216523097790555,0.1234170774527302,-0.1021592012725746,2.119467410603985,0.204,True
963,0.21,0.23,0.15,0.22,0.19,0.800448987829222,0.21648714143616998,0.13020310484443007,-0.09614433933696465,2.251688897433997,0.204,True
964,0.17,0.21,0.19,0.25,0.18,0.7998005400648398,0.21634111431581315,0.12604120222342283,-0.10016646120858563,2.159815887528527,0.204,True
965,0.25,0.18,0.19,0.21,0.17,0.7992140603799842,0.21620901187658226,0.12528746580025316,-0.09983248026736702,2.1657181239766925,0.204,True
966,0.18,0.19,0.21,0.25,0.17,0.796784948233842,0.21566155717701418,0.12301425984978227,-0.10145677407689646,2.1256496585783347,0.204,True
967,0.21,0.18,0.19,0.25,0.17,0.7951917638038353,0.21530222945330002,0.12279482574317697,-0.09827875409887743,2.1907301473997753,0.204,True
968,0.19,0.21,0.17,0.25,0.18,0.794453053901673,0.21513554825087633,0.12540157274710784,-0.09627420798952069,2.234612496363445,0.204,True
969,0.25,0.19,0.18,0.21,0.17,0.792673976038385,0.21473393239752792,0.12458645382338039,-0.09717026343596968,2.2098729056037474,0.204,True
970,0.21,0.19,0.18,0.25,0.17,0.7886665326969184,0.21382830230563554,0.12207784104896911,-0.09561394984799854,2.2363713939813934,0.204,True
971,0.18,0.21,0.19,0.25,0.17,0.7837693814187774,0.2127197711966431,0.1215144892325642,-0.09614249307002176,2.212546860436796,0.204,True
972,0.19,0.21,0.18,0.25,0.17,0.7810678834843179,0.21210738490237824,0.12120016573630835,-0.09418000373556279,2.2521488266015597,0.204,True
973,0.22,0.19,0.23,0.21,0.15,0.7736450509863553,0.21042155275540186,0.11732680206278456,-0.09887561643989173,2.128144029153243,0.204,True
974,0.21,0.19,0.23,0.22,0.15,0.7726595377406875,0.2101973749893853,0.11669717057385204,-0.0984843943818775,2.134321648710514,0.204,True
975,0.23,0.19,0.22,0.21,0.15,0.7708878754242037,0.20979416038924592,0.11703589445062906,-0.09691046121989366,2.1648247026006273,0.204,True
976,0.21,0.19,0.22,0.23,0.15,0.7689219526915927,0.20934641890920802,0.11574863300652691,-0.09612762385202012,2.177796667807769,0.204,True
977,0.23,0.19,0.21,0.22,0.15,0.7671435108172364,0.20894109052756704,0.1161114538486737,-0.09454636176988418,2.209932636393852,0.204,True
978,0.22,0.19,0.21,0.23,0.15,0.7661631010780772,0.20871752700296797,0.11545372668135226,-0.09415474743267305,2.216749900499866,0.204,True
979,0.19,0.21,0.22,0.23,0.15,0.7613917461701218,0.20762832871878212,0.11481160708824473,-0.09468621472398597,2.192804193556864,0.204,True
980,0.19,0.22,0.21,0.23,0.15,0.7548922505450917,0.20614146326992122,0.11400896506350786,-0.09197767313364003,2.241211983808349,0.204,True
981,0.23,0.21,0.19,0.22,0.15,0.754102773319419,0.2059606075651197,0.1145883240366927,-0.08911473488110722,2.3111846524584614,0.204,True
982,0.22,0.21,0.19,0.23,0.15,0.7531297138769262,0.2057376216350293,0.1139208878871039,-0.08872181138932189,2.3189069115398024,0.204,True
983,0.21,0.22,0.19,0.23,0.15,0.7493890718245608,0.2048796483616151,0.11341297143515519,-0.08798602873530081,2.3285475126736284,0.204,True
984,0.21,0.23,0.19,0.22,0.15,0.7466239342315153,0.20424463529295345,0.11355400617644068,-0.08764190571335773,2.3304449353367267,0.204,True
985,0.2,0.16,0.22,0.18,0.24,0.9274687562004009,0.2444404338309516,0.15901016616241018,-0.13452372610798358,1.817080457872069,0.20400000000000001,True
986,0.18,0.16,0.22,0.2,0.24,0.9252286561121577,0.24395826159354161,0.158164591068034,-0.13377104310643462,1.8237000768502403,0.20400000000000001,True
987,0.22,0.16,0.2,0.18,0.24,0.9224676951584119,0.24336346130193198,0.1583541522800715,-0.13093230280420487,1.8586968692199342,0.20400000000000001,True
988,0.18,0.16,0.2,0.22,0.24,0.918008506799799,0.24240160396202515,0.15658744512537134,-0.12942535130460953,1.8729066718275305,0.20400000000000001,True
989,0.22,0.16,0.18,0.2,0.24,0.91521833045678,0.24179899784845094,0.15684037106962334,-0.12656122728198071,1.9105298126551695,0.20400000000000001,True
990,0.2,0.16,0.18,0.22,0.24,0.9129992401685885,0.241319313567804,0.15591885581578047,-0.12580696448099005,1.9181713394274635,0.20400000000000001,True
991,0.22,0.18,0.16,0.2,0.24,0.9021412479227553,0.23896685763447167,0.155619964824767,-0.1216168255994019,1.9649160916402582,0.20400000000000001,True
992,0.2,0.18,0.16,0.22,0.24,0.8999375416589412,0.23848831778027968,0.1546900553355328,-0.12086005884144224,1.9732599840378644,0.20400000000000001,True
993,0.18,0.2,0.16,0.22,0.24,0.8919340072255266,0.23674721273128663,0.15406438251907695,-0.11954980551949956,1.9803228596024038,0.20400000000000001,True
994,0.18,0.16,0.2,0.24,0.22,0.8855346320788018,0.2353515433250195,0.14671324787497578,-0.12129321942205806,1.9403520200587494,0.20400000000000001,True
995,0.24,0.16,0.18,0.2,0.22,0.8847170742791239,0.23517301095423693,0.14808125920288823,-0.11912336405146662,1.9741971931940376,0.20400000000000001,True
996,0.2,0.16,0.18,0.24,0.22,0.8803993955338292,0.23422928999876969,0.1460521636314201,-0.11760289760284781,1.9916965888865794,0.20400000000000001,True
997,0.24,0.18,0.16,0.2,0.22,0.8716207721563343,0.23230606996689573,0.14683107803347137,-0.1140713360133444,2.036498195652937,0.20400000000000001,True
998,0.22,0.16,0.24,0.18,0.2,0.871348622671114,0.23224635145565697,0.14217215239165523,-0.12346708427976183,1.8810386007773066,0.20400000000000001,True
999,0.2,0.18,0.16,0.24,0.22,0.867333558941096,0.23136464129187262,0.14478195876046354,-0.11254581855103174,2.0557373367626695,0.20400000000000001,True
1000,0.18,0.16,0.22,0.24,0.2,0.8597466941424246,0.2296951046264648,0.13845486340574556,-0.1174652296205625,1.9554306016208245,0.20400000000000001,True
1001,0.18,0.2,0.16,0.24,0.22,0.8594511756566734,0.22962998213919694,0.1441021740116319,-0.11119785428863671,2.065057672274372,0.20400000000000001,True
1002,0.24,0.16,0.18,0.22,0.2,0.8513387009734077,0.22783956007683304,0.13828572038184284,-0.1107306757967621,2.057601097775431,0.20400000000000001,True
1003,0.22,0.16,0.18,0.24,0.2,0.8492395679029179,0.2273754301040165,0.13716557739309904,-0.109964406489513,2.06771843146992,0.20400000000000001,True
1004,0.24,0.18,0.16,0.22,0.2,0.8382432596826515,0.2249383278725896,0.13699287191806844,-0.10556456707323725,2.1308127727794757,0.20400000000000001,True
1005,0.22,0.16,0.24,0.2,0.18,0.8375778944880203,0.2247905520440041,0.13244777565971322,-0.11510687561980859,1.952885532107347,0.20400000000000001,True
1006,0.22,0.18,0.16,0.24,0.2,0.8361592081178422,0.22447534642751177,0.13586066304251548,-0.10479575144034803,2.1420271656269185,0.20400000000000001,True
1007,0.2,0.16,0.24,0.22,0.18,0.835506951672603,0.22433037273592915,0.1313524340914249,-0.11433686119701836,1.9620126911598232,0.20400000000000001,True
1008,0.24,0.16,0.22,0.2,0.18,0.8322167753373007,0.22359855801959516,0.13183704560016787,-0.1113238959232965,2.008540539882446,0.20400000000000001,True
1009,0.2,0.16,0.22,0.24,0.18,0.8280955413645621,0.22268065882830235,0.1295504845435545,-0.10978228260278355,2.028384303449127,0.20400000000000001,True
1010,0.24,0.16,0.2,0.22,0.18,0.8247774823627956,0.22194064319134377,0.1301169368960597,-0.10674168424836339,2.0792312277454688,0.20400000000000001,True
1011,0.22,0.16,0.2,0.24,0.18,0.8227271891876717,0.22148292457241414,0.12892511557465644,-0.10597009220840525,2.090051258395024,0.20400000000000001,True
1012,0.18,0.22,0.16,0.24,0.2,0.8206482529958985,0.2210184608865915,0.13430992689753682,-0.10201697862424108,2.166487028602056,0.20400000000000001,True
1013,0.24,0.2,0.16,0.22,0.18,0.7986147146734652,0.21607398174684422,0.1273794135002176,-0.09619811033639547,2.2461354073510846,0.20400000000000001,True
1014,0.22,0.18,0.24,0.2,0.16,0.7975598000976196,0.21583624092814646,0.12299048499310909,-0.10592401230897319,2.0376516733388716,0.20400000000000001,True
1015,0.22,0.2,0.16,0.24,0.18,0.7965942801483428,0.21561856498161203,0.12615858658094437,-0.09542137083093305,2.2596464827951754,0.20400000000000001,True
1016,0.2,0.18,0.24,0.22,0.16,0.7955522477213268,0.21538355180729396,0.12180799078072485,-0.10514600605469315,2.048423519722273,0.20400000000000001,True
1017,0.24,0.18,0.22,0.2,0.16,0.7920965504506261,0.21460352501285862,0.12240024105069774,-0.10204892063629667,2.102947524332057,0.20400000000000001,True
1018,0.2,0.22,0.16,0.24,0.18,0.7889664908692986,0.21389613576559752,0.12527467238324314,-0.09398874597309137,2.275763268794279,0.20400000000000001,True
1019,0.2,0.18,0.22,0.24,0.16,0.7881019402799447,0.21370060307063388,0.11992943856136179,-0.10049132804416838,2.126557656564229,0.20400000000000001,True
1020,0.24,0.18,0.2,0.22,0.16,0.7846188699661072,0.21291220883340878,0.12061268315488913,-0.09736550355179885,2.18673145073541,0.20400000000000001,True
1021,0.2,0.24,0.16,0.22,0.18,0.7833689577487877,0.21262904062045895,0.1255421989077504,-0.09332806449561792,2.278296906397782,0.20400000000000001,True
1022,0.22,0.18,0.2,0.24,0.16,0.7826318101539111,0.21246197744208883,0.11932366213041368,-0.09658592467358251,2.1997198676734304,0.20400000000000001,True
1023,0.18,0.2,0.22,0.24,0.16,0.7805048783738915,0.2119796826950755,0.11907238949781775,-0.09907324408606943,2.1396259368565653,0.20400000000000001,True
1024,0.24,0.2,0.18,0.22,0.16,0.7715558584192304,0.20994621895599552,0.1191595413313379,-0.09198465007052181,2.282404931638444,0.20400000000000001,True
1025,0.22,0.2,0.18,0.24,0.16,0.7695835757513716,0.20949714145153697,0.11785287100782248,-0.09120247027191397,2.2970555603037446,0.20400000000000001,True
1026,0.18,0.22,0.2,0.24,0.16,0.767502838204607,0.20902300749600977,0.11750964223805094,-0.09371057237616276,2.230516815722482,0.20400000000000001,True
1027,0.2,0.22,0.18,0.24,0.16,0.7620516709325118,0.20777909256014526,0.11689545123135604,-0.08974489567864008,2.3152190549551017,0.20400000000000001,True
1028,0.2,0.24,0.18,0.22,0.16,0.7565018414173534,0.20651002498127125,0.11717224588853269,-0.08906453105780832,2.3186561757927366,0.20400000000000001,True
1029,0.2,0.15,0.21,0.2,0.24,0.9267866074512205,0.2442936437294856,0.1581011347634934,-0.13260928212164547,1.842206215288833,0.2042,True
1030,0.21,0.15,0.2,0.2,0.24,0.9242820801110094,0.24375440261231196,0.15777093374785167,-0.13081332200522644,1.8633759840039315,0.2042,True
1031,0.2,0.15,0.2,0.21,0.24,0.9231660528467065,0.24351396391940994,0.15732176515468607,-0.13043701245371364,1.8669084743551785,0.2042,True
1032,0.21,0.2,0.15,0.2,0.24,0.8916199488074137,0.2366787917811195,0.1546790788793745,-0.11846332135426108,1.9979077834002184,0.2042,True
1033,0.2,0.2,0.15,0.21,0.24,0.8905231509977583,0.23643978334044458,0.15421950704853532,-0.11808387781629637,2.002303682034181,0.2042,True
1034,0.2,0.15,0.24,0.2,0.21,0.8887347378669572,0.23604986334878864,0.14591891668836188,-0.12707714654138924,1.8575319778045756,0.2042,True
1035,0.2,0.21,0.15,0.2,0.24,0.8876287324207475,0.2358086025511572,0.15434178958920622,-0.1178028132133806,2.0017230159353527,0.2042,True
1036,0.24,0.15,0.2,0.2,0.21,0.8783520916938998,0.23378130299404942,0.1446438689385569,-0.11972003048125102,1.9527334068851676,0.2042,True
1037,0.2,0.15,0.2,0.24,0.21,0.8740686448611377,0.23284295335880256,0.14256626506487782,-0.11819686128124629,1.9699588536852848,0.2042,True
1038,0.21,0.15,0.24,0.2,0.2,0.8731681818524357,0.23264551233785946,0.14153168041729147,-0.12335880768262808,1.8859254293086167,0.2042,True
1039,0.2,0.15,0.24,0.21,0.2,0.8721018447374689,0.2324116188874794,0.14102982032767608,-0.12297729552517078,1.8898742072264045,0.2042,True
1040,0.24,0.15,0.21,0.2,0.2,0.8652927161578092,0.2309159865126531,0.14058847301121238,-0.1177964562193593,1.9602965481630774,0.2042,True
1041,0.24,0.15,0.2,0.21,0.2,0.8615974392915549,0.23010279073549667,0.13976558910364031,-0.11554667357368131,1.9914272182726722,0.2042,True
1042,0.2,0.15,0.21,0.24,0.2,0.8610585525277199,0.22998411150184528,0.13844922884563987,-0.11626802986891416,1.9780511612791563,0.2042,True
1043,0.21,0.15,0.2,0.24,0.2,0.8584296112630807,0.22940481000669677,0.13812782016584685,-0.11439976416262132,2.0052909346962786,0.2042,True
1044,0.2,0.2,0.15,0.24,0.21,0.8414142735444559,0.22564211200120132,0.13930200954541638,-0.1054274138150777,2.140260334916146,0.2042,True
1045,0.24,0.2,0.15,0.21,0.2,0.8288697100894118,0.22285319022712513,0.13650028793725813,-0.10264623469988954,2.1710800291768027,0.2042,True
1046,0.21,0.2,0.15,0.24,0.2,0.8257584359797425,0.22215951535235035,0.134817602737675,-0.10148976344150085,2.188984463249873,0.2042,True
1047,0.2,0.21,0.15,0.24,0.2,0.8218888036990446,0.22129565994222578,0.13441930792649912,-0.10079035287671156,2.1956035833401466,0.2042,True
1048,0.24,0.2,0.2,0.21,0.15,0.7615951447916207,0.2076748003902209,0.11602331561017683,-0.09223164761012193,2.2516652989665307,0.2042,True
1049,0.2,0.2,0.21,0.24,0.15,0.7614222163727291,0.20763529065184305,0.11433396767077342,-0.0930392114544546,2.2316965869114935,0.2042,True
1050,0.21,0.2,0.2,0.24,0.15,0.7586649488300308,0.20700497559899467,0.11403594899898006,-0.09105484131457298,2.273409877063443,0.2042,True
1051,0.2,0.21,0.2,0.24,0.15,0.7549149292076742,0.20614665776130447,0.11355058011081938,-0.09032474721307227,2.2822832515103886,0.2042,True
1052,0.2,0.16,0.2,0.19,0.25,0.9362478715735123,0.2463265086528057,0.16232192102139778,-0.1341698650024914,1.8359302116628922,0.20420000000000002,True
1053,0.19,0.16,0.2,0.2,0.25,0.9351178944715364,0.24608406841314223,0.16190085531805318,-0.13379460766938667,1.8392674615200382,0.20420000000000002,True
1054,0.2,0.16,0.19,0.2,0.25,0.9326465244369877,0.24555349882130217,0.16156642088121603,-0.13200629227984728,1.8601651071354994,0.20420000000000002,True
1055,0.2,0.19,0.16,0.2,0.25,0.9130665894912426,0.2413338774286493,0.15973366956269175,-0.12467507580706105,1.9357026724581403,0.20420000000000002,True
1056,0.2,0.2,0.16,0.19,0.25,0.9101504543030072,0.24070296850595319,0.1598542578652601,-0.1244063904718321,1.9348119304245288,0.20420000000000002,True
1057,0.19,0.2,0.16,0.2,0.25,0.9090359359337634,0.24046167166206533,0.15942561532194968,-0.1240286337548504,1.9387593363106088,0.20420000000000002,True
1058,0.2,0.16,0.25,0.2,0.19,0.8561291678066985,0.22889744638172949,0.13715822688893456,-0.12079169217604968,1.894976734394278,0.20420000000000002,True
1059,0.25,0.16,0.19,0.2,0.2,0.8560856645662511,0.22888784768837156,0.13966353798004008,-0.11338160747278692,2.01873877774495,0.20420000000000002,True
1060,0.19,0.16,0.2,0.25,0.2,0.8534525807586013,0.22830659618486782,0.13724379042980578,-0.11334567266542106,2.014250661856264,0.20420000000000002,True
1061,0.2,0.16,0.19,0.25,0.2,0.8508248544366894,0.22772597820142493,0.1369195549362802,-0.11146690976199036,2.0429917604038423,0.20420000000000002,True
1062,0.25,0.16,0.2,0.2,0.19,0.8428691611352754,0.22596474361755092,0.13560586487060006,-0.11141098804269134,2.028208775340579,0.20420000000000002,True
1063,0.2,0.16,0.2,0.25,0.19,0.8376695704360302,0.22481091514554885,0.1327771112044537,-0.10948965949407108,2.053261615611495,0.20420000000000002,True
1064,0.2,0.19,0.16,0.25,0.2,0.8312334500232057,0.22337967266228542,0.13492421483108075,-0.10371929730589236,2.1536944277928027,0.20420000000000002,True
1065,0.19,0.2,0.16,0.25,0.2,0.8273544787450928,0.22251545982208598,0.1345449303779187,-0.10302516787911442,2.159816522533374,0.20420000000000002,True
1066,0.2,0.2,0.16,0.25,0.19,0.8115602793673338,0.2189839172472885,0.1300376317384292,-0.09905480824206137,2.2107348561228344,0.20420000000000002,True
1067,0.2,0.19,0.2,0.25,0.16,0.7778501350270706,0.21137716420620256,0.11824423755000765,-0.0954800927004198,2.2138349286004955,0.20420000000000002,True
1068,0.19,0.2,0.2,0.25,0.16,0.7740666667915244,0.21051743364992048,0.11779992358444433,-0.09476185975726559,2.2215418121717443,0.20420000000000002,True
1069,0.2,0.2,0.19,0.25,0.16,0.7713354845106448,0.20989605762263075,0.11749284069860189,-0.09279033717231366,2.2620465020279994,0.20420000000000002,True
1070,0.21,0.15,0.21,0.19,0.24,0.9279053255939658,0.2445343600699521,0.15854936243848966,-0.13298547145611284,1.8388050769188877,0.20439999999999997,True
1071,0.19,0.15,0.21,0.21,0.24,0.9256680139161739,0.24405286101253165,0.15767004617171174,-0.13223324747559628,1.845624044418721,0.20439999999999997,True
1072,0.21,0.15,0.19,0.21,0.24,0.9206569055862668,0.24297304933068498,0.15700652922582028,-0.12863460684384964,1.8888622221672546,0.20439999999999997,True
1073,0.21,0.19,0.15,0.21,0.24,0.8945181326658447,0.23730990451272915,0.1545576903080294,-0.11874302816855364,1.998516529120951,0.20439999999999997,True
1074,0.21,0.15,0.24,0.19,0.21,0.889816084282701,0.2362856540457039,0.14640517348150073,-0.12745722588343766,1.8538427492670533,0.20439999999999997,True
1075,0.19,0.15,0.24,0.21,0.21,0.8876535113022523,0.23581400877599523,0.14545091603612387,-0.12669722558162022,1.8612405101489802,0.20439999999999997,True
1076,0.24,0.15,0.21,0.19,0.21,0.8820320003887028,0.234586300375895,0.1454536974050388,-0.12194984774133055,1.9236293010671004,0.20439999999999997,True
1077,0.19,0.15,0.21,0.24,0.21,0.8766646627858343,0.2334118183039342,0.14291015324411,-0.12004687059636565,1.9443390497761182,0.20439999999999997,True
1078,0.24,0.15,0.19,0.21,0.21,0.8746703746493139,0.23297485705444942,0.14384905957128133,-0.11748334670852345,1.9830457982479914,0.20439999999999997,True
1079,0.21,0.15,0.19,0.24,0.21,0.8714656062434996,0.23227202219272702,0.14225888125953254,-0.11634038145661696,1.9964866823076448,0.20439999999999997,True
1080,0.21,0.15,0.24,0.21,0.19,0.8563601911875294,0.22894841760219298,0.13665231305916406,-0.11921064810236359,1.9205366403645414,0.20439999999999997,True
1081,0.24,0.19,0.15,0.21,0.21,0.8484774652598794,0.22720683806529052,0.14130768425929563,-0.1072659303232848,2.118164056196784,0.20439999999999997,True
1082,0.24,0.15,0.21,0.21,0.19,0.848394795710046,0.2271885471548014,0.13571830262457818,-0.11359238908846747,2.0000331798450293,0.20439999999999997,True
1083,0.21,0.19,0.15,0.24,0.21,0.8453181682601318,0.22650744495943087,0.1396845858709474,-0.10611535718074816,2.134539721461963,0.20439999999999997,True
1084,0.21,0.15,0.21,0.24,0.19,0.8452637486349033,0.22649539075873681,0.13403054409592607,-0.11244151087278498,2.014339624224643,0.20439999999999997,True
1085,0.19,0.21,0.15,0.24,0.21,0.837515331853768,0.22477665521555523,0.13893817041131074,-0.10473765038820027,2.1460922064075496,0.20439999999999997,True
1086,0.24,0.21,0.15,0.21,0.19,0.8091408530190236,0.21844112863765464,0.13168859639496716,-0.09795472850342979,2.23002127589998,0.20439999999999997,True
1087,0.21,0.21,0.15,0.24,0.19,0.8060773282399447,0.21775314427721537,0.12994184958598973,-0.09679231402685784,2.249694580261749,0.20439999999999997,True
1088,0.21,0.24,0.15,0.21,0.19,0.7976386727199987,0.21585401927339687,0.13033745314829948,-0.09581883274571423,2.2527306280826256,0.20439999999999997,True
1089,0.21,0.19,0.24,0.21,0.15,0.7763955489621126,0.21104677806602679,0.11766232532287556,-0.10083365201175098,2.093019283298712,0.20439999999999997,True
1090,0.24,0.19,0.21,0.21,0.15,0.768124026406158,0.20916459549306032,0.11678985619507855,-0.09493814744921136,2.2031670209802248,0.20439999999999997,True
1091,0.21,0.19,0.21,0.24,0.15,0.7651827972269551,0.20849390487827502,0.11481711561891009,-0.09376330432520286,2.223619425304676,0.20439999999999997,True
1092,0.19,0.21,0.21,0.24,0.15,0.7576664482000692,0.2067765545164708,0.11387283654705538,-0.09231314886536068,2.239946931266051,0.20439999999999997,True
1093,0.24,0.21,0.19,0.21,0.15,0.7550759376596585,0.20618353506087916,0.1152766110884194,-0.08950783138772311,2.30352508673514,0.20439999999999997,True
1094,0.21,0.21,0.19,0.24,0.15,0.7521567593704683,0.2055145772297693,0.11327475755016386,-0.08832906079816916,2.3266926578033886,0.20439999999999997,True
1095,0.21,0.24,0.19,0.21,0.15,0.743861345496666,0.20360953785903124,0.11369786369051396,-0.08729668651961686,2.3323856377215093,0.20439999999999997,True
1096,0.19,0.16,0.21,0.19,0.25,0.9387145775604673,0.2468554208504281,0.16267083053820777,-0.13595181159661396,1.8157567593352786,0.2044,True
1097,0.21,0.16,0.19,0.19,0.25,0.9337739307049187,0.24579559371682302,0.162005062086448,-0.13238182401212406,1.8567170799392527,0.2044,True
1098,0.19,0.16,0.19,0.21,0.25,0.9315192438863087,0.2453113367580706,0.1611446296589255,-0.1316309147465775,1.8636301147823549,0.2044,True
1099,0.21,0.16,0.23,0.17,0.23,0.9160563505015191,0.24198005002618972,0.15541065336911827,-0.13308240081899136,1.8182723525953872,0.2044,True
1100,0.21,0.19,0.16,0.19,0.25,0.9141824006501145,0.24157511473246518,0.16017812738102757,-0.12505248074974595,1.9317898636165676,0.2044,True
1101,0.19,0.19,0.16,0.21,0.25,0.9119509026216048,0.24109257318040656,0.1593062264169787,-0.12429782723197058,1.939636263556466,0.2044,True
1102,0.19,0.21,0.16,0.19,0.25,0.9061235871863216,0.23983069499474996,0.15954704691312838,-0.12375863432763423,1.937890606968324,0.2044,True
1103,0.17,0.16,0.21,0.23,0.23,0.904381859880725,0.23945303281010832,0.15204332464370882,-0.12720112156383112,1.8824757979036197,0.2044,True
1104,0.23,0.16,0.17,0.21,0.23,0.8964200576678558,0.23772372071472248,0.15170001963246643,-0.1206505767291789,1.970348813568745,0.2044,True
1105,0.21,0.16,0.17,0.23,0.23,0.8942363969537128,0.2372485815927876,0.15071362732252017,-0.11989294607921275,1.9788368653151496,0.2044,True
1106,0.23,0.17,0.16,0.21,0.23,0.8898741573530209,0.23629831450023797,0.15108882336393534,-0.11814874117521657,2.000007043238858,0.2044,True
1107,0.21,0.17,0.16,0.23,0.23,0.8876981510665543,0.235823748103569,0.15009781864247113,-0.11738985480143482,2.008893771122431,0.2044,True
1108,0.17,0.21,0.16,0.23,0.23,0.8718120232053537,0.23234803324755604,0.14879443893372535,-0.11473198189223865,2.025137450042374,0.2044,True
1109,0.19,0.16,0.19,0.25,0.21,0.8664525758974784,0.23117100787243516,0.14140359913465742,-0.11529316549636726,2.0050712188982187,0.2044,True
1110,0.23,0.16,0.17,0.23,0.21,0.8633652712984949,0.2304919602887019,0.14187132300828378,-0.11231618965176693,2.052170403958107,0.2044,True
1111,0.21,0.16,0.25,0.19,0.19,0.8571820886348844,0.22912972044747582,0.13767614326691072,-0.12117504858690253,1.890898523413027,0.2044,True
1112,0.23,0.17,0.16,0.23,0.21,0.8568186367560999,0.22904955298112473,0.1412397835791584,-0.10975823419215969,2.0868553021736416,0.2044,True
1113,0.19,0.19,0.16,0.25,0.21,0.8468713098722371,0.22685137320115278,0.13943678515230865,-0.10762988697323739,2.1076987032194907,0.2044,True
1114,0.19,0.16,0.21,0.25,0.19,0.8403227421400636,0.22539994558396992,0.1331163860642924,-0.11138046180982175,2.0236937603009086,0.2044,True
1115,0.25,0.16,0.19,0.21,0.19,0.8391588147328024,0.22514161191052184,0.13478663200549373,-0.10912999785063571,2.0630588870593507,0.2044,True
1116,0.21,0.16,0.19,0.25,0.19,0.8350094948464175,0.22421978247123286,0.132477130284649,-0.10759215283595058,2.0839789572117624,0.2044,True
1117,0.25,0.19,0.16,0.21,0.19,0.8195141288502008,0.22076493246175044,0.1328019735517353,-0.10130419824130432,2.179227873023518,0.2044,True
1118,0.23,0.16,0.23,0.21,0.17,0.8177555620226926,0.22037160420763247,0.12726600097505228,-0.10894223025358307,2.0228299319251777,0.2044,True
1119,0.21,0.16,0.23,0.23,0.17,0.8157192348879629,0.21991583383391644,0.1260860751465338,-0.10816873884606815,2.0330812412158417,0.2044,True
1120,0.21,0.19,0.16,0.25,0.19,0.815409825209849,0.21984655199416947,0.13045286304716955,-0.09975867300622843,2.203783845244647,0.2044,True
1121,0.19,0.21,0.16,0.25,0.19,0.8077156332400344,0.21812115973436308,0.1296422477250531,-0.09834906114703668,2.217826557675637,0.2044,True
1122,0.23,0.17,0.23,0.21,0.16,0.7976453559151437,0.21585552568033362,0.12254453021981762,-0.10430179581953702,2.0695283718202404,0.2044,True
1123,0.21,0.17,0.23,0.23,0.16,0.795640636771338,0.2154034900242474,0.12131761972156466,-0.10352430168779037,2.0807045931482198,0.2044,True
1124,0.19,0.19,0.21,0.25,0.16,0.780580328857388,0.2119967981218991,0.1185724306686764,-0.09744053123838936,2.1756531437954347,0.2044,True
1125,0.25,0.19,0.19,0.21,0.16,0.7790725542752517,0.21165467799133175,0.12055542834188972,-0.09507429752347729,2.226202911876015,0.2044,True
1126,0.21,0.19,0.19,0.25,0.16,0.7751132222352524,0.2107553682682448,0.11796046968822864,-0.09351253942811921,2.2537658538323333,0.2044,True
1127,0.19,0.21,0.19,0.25,0.16,0.7675625763295404,0.20903662510342436,0.11704676529528654,-0.09206617640013082,2.2705040360851494,0.2044,True
1128,0.17,0.17,0.19,0.23,0.24,0.9103657960140252,0.24074957986371537,0.1555334882148734,-0.12660174564687943,1.9016292282036913,0.20440000000000003,True
1129,0.23,0.17,0.17,0.19,0.24,0.9097811702560212,0.2406230277124961,0.1567108056115367,-0.12447447589911564,1.933111394720929,0.20440000000000003,True
1130,0.19,0.17,0.17,0.23,0.24,0.9053583841440636,0.23966480285158331,0.15485977201267043,-0.12296344750505606,1.9490735475819243,0.20440000000000003,True
1131,0.17,0.19,0.17,0.23,0.24,0.897336231812784,0.2379229609034168,0.15426789026552148,-0.12166285568188784,1.9555924408474723,0.20440000000000003,True
1132,0.17,0.17,0.19,0.24,0.23,0.8942270854685772,0.23724655474038592,0.15058182597480663,-0.1225316703775099,1.9362059948211674,0.20440000000000003,True
1133,0.19,0.17,0.17,0.24,0.23,0.8891563530890025,0.23614180846361443,0.1499115675080144,-0.11885738562604353,1.9867659651086254,0.20440000000000003,True
1134,0.17,0.19,0.17,0.24,0.23,0.8811946571909846,0.23440321989542068,0.14929452857999734,-0.11753830382692265,1.994270907980634,0.20440000000000003,True
1135,0.24,0.17,0.17,0.23,0.19,0.8278605684094487,0.2226282830713726,0.13270883031043754,-0.10385283553107671,2.1436899814329458,0.20440000000000003,True
1136,0.23,0.17,0.17,0.24,0.19,0.8268295804137562,0.22239842151996525,0.13211642499438708,-0.10346754073737152,2.1494511219172816,0.20440000000000003,True
1137,0.19,0.17,0.24,0.23,0.17,0.8145673336383545,0.21965786456881142,0.12603702292859278,-0.10939008620989232,2.008023507243085,0.20440000000000003,True
1138,0.19,0.17,0.23,0.24,0.17,0.8108551317467254,0.2188257701351588,0.1251070987030985,-0.107091524087922,2.043352842336086,0.20440000000000003,True
1139,0.2,0.16,0.21,0.18,0.25,0.9398472519597851,0.24709813908761236,0.16309114606671976,-0.13632694776159504,1.8125406835905329,0.2046,True
1140,0.18,0.16,0.21,0.2,0.25,0.9375820299043145,0.24661263522230104,0.1622674273067602,-0.13557682897482237,1.8189880755221,0.2046,True
1141,0.21,0.16,0.2,0.18,0.25,0.9373779748865414,0.24656888163926172,0.1627597675866177,-0.13454527625363522,1.8326089811911905,0.2046,True
1142,0.18,0.16,0.2,0.21,0.25,0.9339880436189087,0.24584156086829867,0.16149677320663766,-0.1334195041596814,1.8426208552991352,0.2046,True
1143,0.2,0.15,0.22,0.19,0.24,0.9304052288557976,0.24507193179720188,0.15889435956988568,-0.13477501669418002,1.818378048160797,0.2046,True
1144,0.21,0.16,0.18,0.2,0.25,0.9301679239311893,0.24502092240160578,0.1612642372873609,-0.130211851495729,1.881709841209366,0.2046,True
1145,0.19,0.15,0.22,0.2,0.24,0.9292839441900829,0.24483087153379968,0.15846416213673448,-0.13439910296318236,1.8216704288634225,0.2046,True
1146,0.2,0.16,0.18,0.21,0.25,0.929043213962341,0.2447791057774884,0.16082482771769127,-0.129836200260237,1.8852916620084825,0.2046,True
1147,0.22,0.15,0.2,0.19,0.24,0.9253982314509117,0.24399477506318967,0.1582370980665698,-0.13118978662379033,1.8598610558220312,0.2046,True
1148,0.18,0.17,0.18,0.22,0.25,0.9238642768382099,0.24366440130009948,0.16011015628083206,-0.12882533413034314,1.8914323253651666,0.2046,True
1149,0.19,0.15,0.2,0.22,0.24,0.9220501496962781,0.2432734589338248,0.15688981020551904,-0.130060857873464,1.8704586676685244,0.2046,True
1150,0.22,0.18,0.17,0.18,0.25,0.9218237937526625,0.2432246622204235,0.1612312947269254,-0.1278872007562597,1.9018686841381847,0.2046,True
1151,0.22,0.15,0.19,0.2,0.24,0.9217703662999495,0.24321314403104322,0.15747368002947273,-0.12901119097211144,1.8852096643586447,0.2046,True
1152,0.17,0.18,0.18,0.22,0.25,0.9198150221269885,0.24279145301193172,0.15983486128864108,-0.1281883394542287,1.8940213598649787,0.2046,True
1153,0.2,0.15,0.19,0.22,0.24,0.9195435684543605,0.24273288847184316,0.15655644625367104,-0.12825817806625284,1.8925334207262592,0.2046,True
1154,0.18,0.18,0.17,0.22,0.25,0.9173453593057781,0.24225843418710036,0.15949545164420098,-0.12638039255856803,1.916898889792824,0.2046,True
1155,0.21,0.18,0.16,0.2,0.25,0.9171023243567207,0.24220595605584805,0.16005838022615926,-0.12531985785110233,1.9327021288487487,0.2046,True
1156,0.22,0.15,0.22,0.18,0.23,0.9164533465888351,0.24206580162852753,0.15495282915960756,-0.13153667999633278,1.840291252867841,0.2046,True
1157,0.2,0.18,0.16,0.21,0.25,0.9159853442148944,0.2419647113393948,0.1596151146061379,-0.12494296014432649,1.9366013984292665,0.2046,True
1158,0.18,0.15,0.22,0.22,0.23,0.9120287616733631,0.24110941582660783,0.15314693162941778,-0.13002708004742813,1.8543015480979945,0.2046,True
1159,0.18,0.2,0.16,0.21,0.25,0.9079215419098496,0.24022030781138315,0.15901418348673863,-0.12365103375264097,1.9427278569456559,0.2046,True
1160,0.2,0.15,0.24,0.19,0.22,0.905203891756291,0.23963130429524382,0.15079851371068112,-0.13112813857836392,1.8274590556475945,0.2046,True
1161,0.19,0.15,0.24,0.2,0.22,0.9041075878141385,0.23939354086882392,0.1503446143627193,-0.13074964194458516,1.8309307567380158,0.2046,True
1162,0.22,0.15,0.23,0.18,0.22,0.9037436558766643,0.23931459211869943,0.15091620462787064,-0.1296953019701086,1.8452063296313945,0.2046,True
1163,0.22,0.15,0.18,0.22,0.23,0.9018793184425702,0.23890999841218963,0.15182765328442915,-0.12275902736615019,1.946170506056544,0.2046,True
1164,0.23,0.15,0.22,0.18,0.22,0.9011799044746294,0.23875814518548477,0.1505965021596739,-0.1278775403009519,1.8670842794096776,0.2046,True
1165,0.18,0.15,0.23,0.22,0.22,0.8993688967594196,0.2383647751776281,0.14906040524194522,-0.1281805178885257,1.8596022165000612,0.2046,True
1166,0.18,0.15,0.22,0.23,0.22,0.8957245251311845,0.23757242054918182,0.1482262073967774,-0.12598306690803718,1.8857488262498054,0.2046,True
1167,0.22,0.19,0.15,0.2,0.24,0.8956162084031407,0.23754885492922018,0.15503334528995183,-0.119122117675595,1.9941624575222585,0.2046,True
1168,0.24,0.15,0.2,0.19,0.22,0.8949449408797849,0.2374027924990434,0.14951366630577975,-0.12384330692071988,1.9169610243936743,0.2046,True
1169,0.2,0.19,0.15,0.22,0.24,0.8934201786063056,0.23707088822976585,0.1540993294348771,-0.11836409694322458,2.0028952558433413,0.2046,True
1170,0.24,0.15,0.19,0.2,0.22,0.8912789663718885,0.2366044965724945,0.14873074937354333,-0.12162637431007828,1.945338730309326,0.2046,True
1171,0.19,0.15,0.2,0.24,0.22,0.8895156968591493,0.23622016272936297,0.14704143418004773,-0.12194685807969519,1.93707461142613,0.2046,True
1172,0.19,0.2,0.15,0.22,0.24,0.8894264749219578,0.23620070897293033,0.15377744240900135,-0.11770459291334412,2.0067246581178426,0.2046,True
1173,0.2,0.15,0.19,0.24,0.22,0.8869460237711511,0.23565963143161062,0.14671186487583007,-0.12010842959556955,1.9620573861895152,0.2046,True
1174,0.23,0.15,0.18,0.22,0.22,0.8865304058405756,0.2355689235092604,0.1474301193155202,-0.1190228047828269,1.9791914998061721,0.2046,True
1175,0.22,0.15,0.18,0.23,0.22,0.8854497830921022,0.2353330170164014,0.14691507223367373,-0.11864312296423374,1.983536939493283,0.2046,True
1176,0.22,0.18,0.15,0.22,0.23,0.8822531034391943,0.23463463427671827,0.14998731556237374,-0.11525149773891363,2.03584889463433,0.2046,True
1177,0.25,0.18,0.17,0.18,0.22,0.8763544394652367,0.2333438667369132,0.14812524037826805,-0.1167019287950537,1.9994859480574692,0.2046,True
1178,0.18,0.17,0.18,0.25,0.22,0.8753566625378939,0.23312526206852735,0.14525946846738846,-0.11656040270281409,2.000038234793256,0.2046,True
1179,0.22,0.15,0.24,0.19,0.2,0.8742346367007787,0.23287934283866352,0.14205202128695302,-0.12374047987859305,1.8819980580902156,0.2046,True
1180,0.17,0.18,0.18,0.25,0.22,0.8713980597705733,0.23225720000495675,0.14494735413832055,-0.11589590045015363,2.0040156649445047,0.2046,True
1181,0.19,0.15,0.24,0.22,0.2,0.8710356253941633,0.23217766244105809,0.14054671564806137,-0.12259594330558143,1.8938445774044443,0.2046,True
1182,0.25,0.16,0.18,0.2,0.21,0.8691729816582827,0.23176873624827588,0.1437570100207043,-0.11533441019181445,2.009536753713117,0.2046,True
1183,0.18,0.16,0.2,0.25,0.21,0.8690474558758379,0.23174116845439618,0.1417504489590059,-0.11715350361703791,1.9780984887309296,0.2046,True
1184,0.24,0.15,0.22,0.19,0.2,0.868986220746782,0.23172771963442473,0.14142651323089864,-0.12003930097448312,1.9304320980982999,0.2046,True
1185,0.18,0.18,0.17,0.25,0.22,0.8688335765187449,0.23169419373035427,0.14461309211799475,-0.11403363610964323,2.0318057165833117,0.2046,True
1186,0.23,0.18,0.15,0.22,0.22,0.8668907272800037,0.23126731785247334,0.14556707243741807,-0.11143371711308425,2.0753800900115404,0.2046,True
1187,0.22,0.18,0.15,0.23,0.22,0.8658215294508027,0.23103227116817848,0.1450444632483234,-0.11105214376780603,2.0803945185536765,0.2046,True
1188,0.2,0.16,0.18,0.25,0.21,0.8638506863917657,0.2305987762166004,0.1410936435620781,-0.11342630219629768,2.03302736447779,0.2046,True
1189,0.19,0.15,0.22,0.24,0.2,0.8636805238550409,0.23056133394398048,0.1388081778173774,-0.11812975463646558,1.9517634202620133,0.2046,True
1190,0.2,0.19,0.15,0.24,0.22,0.8608143577569065,0.22993032485225018,0.14417201644436292,-0.10999398893220402,2.090389912070288,0.2046,True
1191,0.24,0.15,0.19,0.22,0.2,0.8579003935601557,0.22928812795459397,0.1389581205377796,-0.1132899207956527,2.0239058015423423,0.2046,True
1192,0.22,0.15,0.24,0.2,0.19,0.8574117048117611,0.2291803620553614,0.1371898963321189,-0.11959376158696666,1.9163237196842005,0.2046,True
1193,0.19,0.2,0.15,0.24,0.22,0.8568812514510531,0.22906336480285105,0.14382238817878593,-0.10931546959549532,2.09543411971301,0.2046,True
1194,0.18,0.16,0.21,0.25,0.2,0.8560733483087828,0.22888513016290046,0.13760598616653827,-0.11521783911288153,1.9865424653438997,0.2046,True
1195,0.22,0.15,0.19,0.24,0.2,0.8557937041916264,0.22882342474084227,0.1378441290961899,-0.11252492298576455,2.033535493019538,0.2046,True
1196,0.2,0.15,0.24,0.22,0.19,0.8553087932172909,0.22871641105991647,0.13613371592295923,-0.11882769623524525,1.9247735865140616,0.2046,True
1197,0.25,0.16,0.18,0.21,0.2,0.8523884395379655,0.2280715315014139,0.13887314863044634,-0.11111405429904597,2.0525894131051623,0.2046,True
1198,0.24,0.15,0.22,0.2,0.19,0.8521032941052111,0.22800852868266275,0.13657063125416202,-0.1158554168587439,1.9680437468078074,0.2046,True
1199,0.2,0.18,0.16,0.25,0.21,0.8507845404781389,0.22771706621756094,0.13980097406909595,-0.10831266973367493,2.1024047027691593,0.2046,True
1200,0.21,0.16,0.18,0.25,0.2,0.8481901734735695,0.22714327146430824,0.1366334635184692,-0.10958151547778938,2.0728246956061396,0.2046,True
1201,0.2,0.15,0.22,0.24,0.19,0.8479182011124691,0.22708308839090963,0.13436670101255857,-0.11432170044701861,1.9863515632025548,0.2046,True
1202,0.24,0.15,0.2,0.22,0.19,0.8446845645222527,0.22636708408970407,0.13488152415062057,-0.11132231822262773,2.033438466822118,0.2046,True
1203,0.18,0.2,0.16,0.25,0.21,0.8429630404710722,0.22598555619091698,0.13909148961780454,-0.10694530376624278,2.1130947150785424,0.2046,True
1204,0.22,0.15,0.2,0.24,0.19,0.8426023811061567,0.22590559597704063,0.1337332201055825,-0.11055467373901218,2.0433834982891708,0.2046,True
1205,0.21,0.16,0.25,0.2,0.18,0.8402481557473684,0.22538339440230648,0.13281195764604975,-0.11698833773400963,1.926545831557579,0.2046,True
1206,0.25,0.18,0.16,0.21,0.2,0.8392854560663556,0.22516972523688827,0.13758652786458594,-0.10594922106639804,2.1252607897492246,0.2046,True
1207,0.2,0.16,0.25,0.21,0.18,0.8392101025231977,0.22515299753039142,0.13227630935393223,-0.11660352978625155,1.9309278024698244,0.2046,True
1208,0.22,0.15,0.23,0.22,0.18,0.8367179363322232,0.22459950477772028,0.1314227997547783,-0.1131268263844678,1.9853779333860775,0.2046,True
1209,0.21,0.18,0.16,0.25,0.2,0.8351173530133167,0.22424376225557374,0.135322724137353,-0.10441158959059638,2.1476903391170077,0.2046,True
1210,0.23,0.15,0.22,0.22,0.18,0.8340333105412103,0.2240027075734885,0.13111483376869112,-0.11123513064555901,2.013776639389704,0.2046,True
1211,0.22,0.15,0.22,0.23,0.18,0.8330018353465092,0.2237732538751407,0.13053464268282308,-0.11085017339744441,2.0187000797267105,0.2046,True
1212,0.24,0.19,0.15,0.22,0.2,0.8317095181498639,0.22348565382712748,0.13637305851262393,-0.10295740708977519,2.1706612486098837,0.2046,True
1213,0.22,0.19,0.15,0.24,0.2,0.829632991792685,0.2230232476766123,0.13523494713288625,-0.10218731673468995,2.18249441127464,0.2046,True
1214,0.25,0.16,0.21,0.2,0.18,0.8295259257069496,0.22299939644565003,0.13159088143788888,-0.10942230695365607,2.0379701603266103,0.2046,True
1215,0.25,0.16,0.2,0.21,0.18,0.8258027962230161,0.2221694112375694,0.13074138144489092,-0.1071277280648878,2.0738740123658768,0.2046,True
1216,0.2,0.16,0.21,0.25,0.18,0.8243872887313615,0.22185356066786244,0.1286730305882442,-0.1074943061414324,2.063863367571909,0.2046,True
1217,0.18,0.21,0.16,0.25,0.2,0.823480436674936,0.22165112351790173,0.13418514315581503,-0.1023291939876857,2.166059507363805,0.2046,True
1218,0.18,0.17,0.22,0.25,0.18,0.8231967229769752,0.22158777614729797,0.12864355144830128,-0.10871201926537089,2.038300618870783,0.2046,True
1219,0.21,0.16,0.2,0.25,0.18,0.8217022099493312,0.22125397391207846,0.1283584272152326,-0.10558454377294213,2.0955147979602167,0.2046,True
1220,0.19,0.22,0.15,0.24,0.2,0.8180240924465383,0.22043168122907786,0.13404034140555018,-0.10008907761281394,2.2023550070248326,0.2046,True
1221,0.25,0.17,0.18,0.22,0.18,0.8155219578961259,0.21987166122884294,0.12921608509676585,-0.10220405402988408,2.1513007807356965,0.2046,True
1222,0.22,0.17,0.18,0.25,0.18,0.8124654728370098,0.2191868695293233,0.12738142676747485,-0.10104415450363913,2.169218700537786,0.2046,True
1223,0.24,0.2,0.15,0.22,0.19,0.8119621936758366,0.21907403828954375,0.1315578768938241,-0.09827560794712809,2.229180188917323,0.2046,True
1224,0.22,0.2,0.15,0.24,0.19,0.8099175237981027,0.21861542433290326,0.1303765693124143,-0.09750156346864292,2.242173525793884,0.2046,True
1225,0.25,0.18,0.17,0.22,0.18,0.8089754054635034,0.21840399346600647,0.1285424406646964,-0.09956572692067367,2.1935660012808826,0.2046,True
1226,0.16,0.2,0.21,0.25,0.18,0.8089642767568288,0.21840149551504506,0.12717078771663431,-0.10472723217262891,2.085431754321925,0.2046,True
1227,0.22,0.18,0.17,0.25,0.18,0.8059301177436438,0.21772006521664777,0.12669683705191329,-0.09840389984715814,2.212514601096223,0.2046,True
1228,0.18,0.18,0.22,0.25,0.17,0.8033069622340026,0.2171303251332748,0.12379180032204438,-0.10408900125934861,2.0860064224487265,0.2046,True
1229,0.16,0.21,0.2,0.25,0.18,0.8024640685724131,0.21694070363772733,0.12642355779711603,-0.10210212011904407,2.1247423989314753,0.2046,True
1230,0.2,0.22,0.15,0.24,0.19,0.8022420242172297,0.21689074161124178,0.12952678642549068,-0.09608116148454482,2.257370105232646,0.2046,True
1231,0.21,0.18,0.25,0.2,0.16,0.8002813115291696,0.21644938495271315,0.12334924195014685,-0.10785112697301436,2.006927428833186,0.2046,True
1232,0.25,0.2,0.16,0.21,0.18,0.7996250963526497,0.21630159925986225,0.12801879699096635,-0.09658673268197404,2.239454563310128,0.2046,True
1233,0.2,0.18,0.25,0.21,0.16,0.7992749731590947,0.21622273359693178,0.12277126448261888,-0.10746232266879951,2.0120794733176712,0.2046,True
1234,0.2,0.24,0.15,0.22,0.19,0.796621030646324,0.21562459691722724,0.12979043429211531,-0.09543009205279451,2.2595031847809377,0.2046,True
1235,0.21,0.2,0.16,0.25,0.18,0.7955842273789941,0.21539076564238302,0.12557786680628222,-0.09503325345219249,2.266477867673316,0.2046,True
1236,0.25,0.18,0.18,0.22,0.17,0.795482156757686,0.21536774068634834,0.12445543342454074,-0.09749390828393256,2.20903792326317,0.2046,True
1237,0.22,0.18,0.18,0.25,0.17,0.7924731392083739,0.21468857803172625,0.12254777312678652,-0.09632803170732784,2.228723812026095,0.2046,True
1238,0.2,0.21,0.16,0.25,0.18,0.7917691045070927,0.21452956127098277,0.12514476430535515,-0.09431753806800669,2.274545812638774,0.2046,True
1239,0.18,0.22,0.17,0.25,0.18,0.7906371169342798,0.21427379759409937,0.12501081451103588,-0.09556049102166275,2.242284392882884,0.2046,True
1240,0.25,0.18,0.21,0.2,0.16,0.7893548204961967,0.21398394255426,0.12216920951881237,-0.10010086820849473,2.1376831828128036,0.2046,True
1241,0.23,0.22,0.15,0.22,0.18,0.7882895111847794,0.2137430307472823,0.12625180574910772,-0.09280008705408804,2.30326325688362,0.2046,True
1242,0.22,0.22,0.15,0.23,0.18,0.7872841615026889,0.21351559058999392,0.12564643164075626,-0.09241061950617491,2.3105092437533843,0.2046,True
1243,0.25,0.18,0.2,0.21,0.16,0.7856125609601752,0.21313723566899379,0.12128718724361343,-0.09775554726873681,2.1803083469326263,0.2046,True
1244,0.22,0.23,0.15,0.22,0.18,0.784486196472217,0.21288215786394193,0.12578110545455554,-0.09207764713693267,2.3119852046974616,0.2046,True
1245,0.2,0.18,0.21,0.25,0.16,0.7843743651005612,0.21285682654458693,0.11901489827299475,-0.09815289660198556,2.1686250117276824,0.2046,True
1246,0.21,0.18,0.2,0.25,0.16,0.7816384414123603,0.2122367728026957,0.1187099633802612,-0.09619638929132734,2.2062862688114433,0.2046,True
1247,0.18,0.22,0.18,0.25,0.17,0.7772758357750933,0.2112467427847884,0.12079311461211387,-0.09346012385340596,2.260287426069893,0.2046,True
1248,0.18,0.2,0.21,0.25,0.16,0.7767911368660996,0.21113664743195626,0.11815159414758998,-0.0967262436362073,2.1828269091690644,0.2046,True
1249,0.22,0.18,0.23,0.22,0.15,0.7764388090848562,0.21105660651832747,0.11719420972472047,-0.09919784816984267,2.127632911522079,0.2046,True
1250,0.2,0.19,0.24,0.22,0.15,0.7754075373078795,0.21082226401645054,0.11705737690917611,-0.10044271256056181,2.098930411594923,0.2046,True
1251,0.23,0.18,0.22,0.22,0.15,0.7736783799317934,0.21042913274236907,0.11690236027198223,-0.09723636464502294,2.164099136270413,0.2046,True
1252,0.22,0.18,0.22,0.23,0.15,0.772694287271688,0.21020528098655733,0.11624955113434297,-0.09684540429155186,2.1705240689969862,0.2046,True
1253,0.25,0.2,0.18,0.21,0.16,0.7725421594131152,0.2101706690382692,0.11984310988848405,-0.09237599671844876,2.2751653730876087,0.2046,True
1254,0.18,0.21,0.2,0.25,0.16,0.7702880342016509,0.20965758091225317,0.11737738826198241,-0.09404168259947876,2.2294112048715644,0.2046,True
1255,0.21,0.2,0.18,0.25,0.16,0.7685975941539787,0.20927251394599167,0.11723061126759161,-0.09081163689669058,2.3044680296211917,0.2046,True
1256,0.2,0.19,0.22,0.24,0.15,0.7679391509363671,0.20912246012451918,0.11513692082345937,-0.09573646141795089,2.1843554381184602,0.2046,True
1257,0.2,0.21,0.18,0.25,0.16,0.7648304171368814,0.20841350142248638,0.11676116948477995,-0.09008346823711844,2.313559918384788,0.2046,True
1258,0.24,0.19,0.2,0.22,0.15,0.7643754917220038,0.20830968410970607,0.11588646303294349,-0.0925665692704617,2.250377061086333,0.2046,True
1259,0.19,0.2,0.22,0.24,0.15,0.7641728221848825,0.20826342768975992,0.11467794316911246,-0.09501636113799827,2.1918691180699477,0.2046,True
1260,0.22,0.19,0.2,0.24,0.15,0.7624197750317816,0.20786317183332104,0.11454308150505639,-0.09178295114901902,2.2647253028052443,0.2046,True
1261,0.24,0.2,0.19,0.22,0.15,0.757849389850519,0.20681841146809488,0.11513732190779011,-0.08984813638878342,2.301866458010519,0.2046,True
1262,0.22,0.2,0.19,0.24,0.15,0.7559010236872974,0.20637247698581818,0.11378416558024536,-0.08906321109285809,2.31714615331635,0.2046,True
1263,0.2,0.25,0.18,0.21,0.16,0.7537307559172359,0.20587536593992772,0.11731476329185023,-0.08872272877444543,2.3204354598167574,0.2046,True
1264,0.19,0.22,0.2,0.24,0.15,0.7511697136606799,0.20528821809701991,0.11308738246392026,-0.08959266072206695,2.2913508365809343,0.2046,True
1265,0.2,0.22,0.19,0.24,0.15,0.7484172930268225,0.20465655595306353,0.1127872607285698,-0.08759290336985626,2.336451334292601,0.2046,True
1266,0.23,0.22,0.18,0.22,0.15,0.747596912107366,0.20446815576919386,0.11385707488677095,-0.08637277960487033,2.3672753928329575,0.2046,True
1267,0.22,0.22,0.18,0.23,0.15,0.746627520040609,0.2042454592068932,0.11318486005637088,-0.0859792010077689,2.3755217170305873,0.2046,True
1268,0.22,0.23,0.18,0.22,0.15,0.7438656456159933,0.20361052694374537,0.11332691819899351,-0.08563124737384098,2.3777596752134342,0.2046,True
1269,0.2,0.24,0.19,0.22,0.15,0.7428917066666163,0.20338646647651482,0.11306952170469084,-0.08690246152558789,2.340399373113602,0.2046,True
1270,0.21,0.14,0.21,0.21,0.23,0.9146300888908363,0.2416718781457674,0.15355699691443664,-0.12923559506561988,1.8700101781019196,0.20479999999999998,True
1271,0.21,0.14,0.23,0.21,0.21,0.8890484304628148,0.23611827418781406,0.14543093755850078,-0.1255164905803099,1.8811733270755944,0.20479999999999998,True
1272,0.23,0.14,0.21,0.21,0.21,0.8838509727178079,0.23498382161292453,0.14479189216282418,-0.12184444655395366,1.928555861664749,0.20479999999999998,True
1273,0.21,0.14,0.21,0.23,0.21,0.8817016398353856,0.234514075347533,0.14375846951201549,-0.12108412809214708,1.9367862579731654,0.20479999999999998,True
1274,0.21,0.21,0.14,0.21,0.23,0.8688938057499063,0.23170742235182873,0.14915979940925456,-0.11175375716899738,2.073374785971928,0.20479999999999998,True
1275,0.23,0.21,0.14,0.21,0.21,0.8380553104296347,0.22489658846126903,0.1402805018916297,-0.10397953252039072,2.1628928598728416,0.20479999999999998,True
1276,0.21,0.21,0.14,0.23,0.21,0.835959025908622,0.224430856608,0.1392089700155608,-0.10321032635793648,2.1745000188224104,0.20479999999999998,True
1277,0.21,0.23,0.14,0.21,0.21,0.8302760718862547,0.22316648776667614,0.13946492571829142,-0.10258913920884305,2.1753422388345713,0.20479999999999998,True
1278,0.21,0.21,0.23,0.21,0.14,0.749613461426891,0.20493115000521023,0.11211461123509422,-0.09334875169476275,2.1953282318686616,0.20479999999999998,True
1279,0.23,0.21,0.21,0.21,0.14,0.7440557646670631,0.20365425523229908,0.11154493419568116,-0.08935429716874876,2.2791769583021932,0.20479999999999998,True
1280,0.21,0.21,0.21,0.23,0.14,0.7421283591553907,0.2032107954634217,0.11019143640754023,-0.0885660702180987,2.29445424148327,0.20479999999999998,True
1281,0.21,0.23,0.21,0.21,0.14,0.736611365448407,0.2019396279378407,0.11047702455864748,-0.08787752416323968,2.2979667424712757,0.20479999999999998,True
1282,0.19,0.17,0.19,0.19,0.26,0.9444052154109901,0.2480739007056303,0.16614857138549594,-0.13534688258935823,1.8328748764630602,0.2048,True
1283,0.19,0.19,0.19,0.17,0.26,0.9385132777264655,0.24681227486995239,0.1663847850782927,-0.1348475296939703,1.8303062386836486,0.2048,True
1284,0.17,0.19,0.19,0.19,0.26,0.9362356076739946,0.24632387789995325,0.1656070988435652,-0.13409701791384843,1.8369079471864598,0.2048,True
1285,0.19,0.19,0.17,0.19,0.26,0.9313693663453677,0.2452791330140056,0.1649296592434496,-0.13051664138590047,1.879293938378212,0.2048,True
1286,0.19,0.17,0.19,0.26,0.19,0.830092383757628,0.22312557637407537,0.13155436255705405,-0.10652077986384367,2.094667131232775,0.2048,True
1287,0.17,0.19,0.19,0.26,0.19,0.8223470285190575,0.22139801771233336,0.13082745676944033,-0.10514066890804874,2.1057314929768807,0.2048,True
1288,0.19,0.19,0.17,0.26,0.19,0.8170452342589867,0.22021265745592533,0.13017817651753721,-0.10130222825290369,2.1738184959382987,0.2048,True
1289,0.19,0.19,0.19,0.26,0.17,0.7903753426638558,0.21421463641291028,0.12179406464387318,-0.09718020145262085,2.204303275882262,0.2048,True
1290,0.19,0.16,0.22,0.18,0.25,0.9423092897410021,0.24762539786249294,0.16345437249491185,-0.13810255567565854,1.7930544199634857,0.205,True
1291,0.18,0.16,0.22,0.19,0.25,0.9411740445352794,0.2473823343284498,0.163051671256214,-0.13772769489988212,1.796169858998065,0.205,True
1292,0.22,0.16,0.19,0.18,0.25,0.9349014626517969,0.24603762149642106,0.16246034656398048,-0.13275751003844283,1.8532859001737492,0.205,True
1293,0.21,0.15,0.22,0.18,0.24,0.9315266386230263,0.24531292560015427,0.15934162099173,-0.1351510848311982,1.815101417103286,0.205,True
1294,0.22,0.16,0.18,0.19,0.25,0.9312927590851872,0.2452626719950295,0.16172035702830803,-0.1305876573069913,1.8781458910657618,0.205,True
1295,0.18,0.16,0.19,0.22,0.25,0.9303920890911723,0.245069107475266,0.16073989276213366,-0.1312556913173598,1.8671122373103015,0.205,True
1296,0.22,0.15,0.21,0.18,0.24,0.9290241683061318,0.24477501008469726,0.1590145131688065,-0.1333618155744668,1.835420498965983,0.205,True
1297,0.18,0.15,0.22,0.21,0.24,0.9281627846641438,0.24458974475899953,0.15805124039408713,-0.13402334354312984,1.8249786812719568,0.205,True
1298,0.19,0.16,0.18,0.22,0.25,0.9279186292169337,0.2445372220709976,0.16040233666392176,-0.1294607035051646,1.8888914971888922,0.205,True
1299,0.18,0.15,0.21,0.22,0.24,0.9245495450270944,0.24381201186825208,0.15725631022850062,-0.13185736742257226,1.8490586960294086,0.205,True
1300,0.22,0.18,0.16,0.19,0.25,0.9182194287316798,0.24244713389012662,0.16051846199988618,-0.12569691157941143,1.9288233166887,0.205,True
1301,0.22,0.15,0.18,0.21,0.24,0.9181405762653538,0.24243011306785744,0.15672445251136846,-0.12682599879465928,1.9115174756902158,0.205,True
1302,0.21,0.15,0.18,0.22,0.24,0.9170298054318526,0.24219029630609779,0.15625634358641316,-0.1264492961578737,1.9153154953406766,0.205,True
1303,0.19,0.18,0.16,0.22,0.25,0.9148684883445051,0.24172339968926138,0.15918887678674892,-0.12456621836226711,1.9405212975662016,0.205,True
1304,0.18,0.19,0.16,0.22,0.25,0.9108353400794889,0.24085120193613196,0.15889600719752817,-0.12392073492730982,1.9435908129290222,0.205,True
1305,0.21,0.15,0.24,0.18,0.22,0.9063003176288487,0.2398690029472954,0.1512701964447135,-0.1315067920602484,1.8240046707047803,0.205,True
1306,0.22,0.18,0.15,0.21,0.24,0.8985181596205469,0.23817989975038834,0.1549128480273266,-0.1194004727868031,1.994798631791628,0.205,True
1307,0.21,0.18,0.15,0.22,0.24,0.8974189271508197,0.23794094148377076,0.15443839655578584,-0.11902189467968871,1.999135891124205,0.205,True
1308,0.18,0.15,0.21,0.24,0.22,0.892078294368061,0.23677864467357912,0.14740636925359085,-0.12377891864184376,1.9129157636180507,0.205,True
1309,0.22,0.15,0.24,0.18,0.21,0.8908975505111787,0.23652138091431452,0.14690943083809238,-0.12783746370682658,1.850172665007935,0.205,True
1310,0.24,0.15,0.18,0.21,0.22,0.8876111474417074,0.23580476585410004,0.1479626962516851,-0.11940264548644042,1.9748705306607168,0.205,True
1311,0.21,0.15,0.18,0.24,0.22,0.8843692792345872,0.23509704632755857,0.14641781336963008,-0.1182635999309899,1.9879070691636669,0.205,True
1312,0.18,0.22,0.15,0.21,0.24,0.8825483135053003,0.23469916232957733,0.1535948928992632,-0.1167604332876232,2.010091567161526,0.205,True
1313,0.18,0.16,0.19,0.25,0.22,0.8818888741875757,0.23455501046866378,0.14592223924758857,-0.1190718250253765,1.9698615555667816,0.205,True
1314,0.19,0.16,0.18,0.25,0.22,0.8793202732151253,0.23399319912659555,0.14558995889573115,-0.11722317884162758,1.996134223955214,0.205,True
1315,0.18,0.15,0.22,0.24,0.21,0.8792536558870807,0.2339786215953925,0.14329036939840528,-0.1218904431712583,1.9195813511535786,0.205,True
1316,0.25,0.18,0.16,0.19,0.22,0.8726928702563057,0.2325412670942355,0.14738743940374552,-0.11445311750281617,2.0317600094074653,0.205,True
1317,0.24,0.15,0.18,0.22,0.21,0.8709868526670463,0.23216695830159173,0.14306950939274665,-0.11523976465706787,2.014642766691493,0.205,True
1318,0.22,0.15,0.18,0.24,0.21,0.8688555510634095,0.23169902020599586,0.14198815386735844,-0.11447739711656824,2.0239717712140592,0.205,True
1319,0.24,0.18,0.15,0.21,0.22,0.8679600425338623,0.23150230059958266,0.14610738940759446,-0.11181545160469619,2.0703963296416155,0.205,True
1320,0.19,0.18,0.16,0.25,0.22,0.866262050624887,0.23112912384240913,0.14431507104982907,-0.11216484080119138,2.0606200855050307,0.205,True
1321,0.21,0.18,0.15,0.24,0.22,0.8647524490845402,0.23079716049897314,0.14453982765665144,-0.11067073146684081,2.08543991207038,0.205,True
1322,0.18,0.19,0.16,0.25,0.22,0.8623196197157386,0.23026180088868653,0.14398339467700444,-0.11149138418947324,2.065287847690273,0.205,True
1323,0.18,0.21,0.15,0.24,0.22,0.8529531276629236,0.22819628013487003,0.1434911787469239,-0.10863516644997195,2.1005746812194346,0.205,True
1324,0.24,0.18,0.15,0.22,0.21,0.8513355837144454,0.22783887109378176,0.14118356664198986,-0.10756765392697365,2.1180983574156853,0.205,True
1325,0.22,0.18,0.15,0.24,0.21,0.8492270185048427,0.2273726543064134,0.14008564144093444,-0.10680148767954356,2.1289277822481463,0.205,True
1326,0.18,0.16,0.22,0.25,0.19,0.8429690058280022,0.22598687865645584,0.13349474129869454,-0.11326459525259869,1.9952119914653639,0.205,True
1327,0.22,0.16,0.25,0.19,0.18,0.8412863230577863,0.22561372994587825,0.1333669914911776,-0.1173733090701059,1.9221893949596447,0.205,True
1328,0.22,0.15,0.24,0.21,0.18,0.8404323356936103,0.22542426425968243,0.13232637048326412,-0.11539639769024013,1.95347748085509,0.205,True
1329,0.21,0.15,0.24,0.22,0.18,0.8393956931374316,0.22519419590229584,0.13177026882073337,-0.1150118360676553,1.9580088763197045,0.205,True
1330,0.19,0.16,0.25,0.22,0.18,0.838172163423579,0.22492253928570372,0.1317603627630512,-0.11621888512283662,1.935335544201561,0.205,True
1331,0.25,0.16,0.18,0.22,0.19,0.8354467456301446,0.22431698931646782,0.13398347933516766,-0.10684187402549605,2.099523163202269,0.205,True
1332,0.24,0.15,0.22,0.21,0.18,0.8350648982463473,0.22423210026116513,0.13171409719164578,-0.11162025192950409,2.008883660312675,0.205,True
1333,0.18,0.22,0.15,0.24,0.21,0.833621340684016,0.22391107438576463,0.13859332236823665,-0.10404605966766467,2.1520380022171226,0.205,True
1334,0.22,0.16,0.18,0.25,0.19,0.8323425195017329,0.2236265426564219,0.13221662620440042,-0.10568790611408929,2.1159142126916466,0.205,True
1335,0.21,0.15,0.22,0.24,0.18,0.8319704727005346,0.22354373912210845,0.12997385832929279,-0.11046538008038242,2.023654279371892,0.205,True
1336,0.24,0.15,0.21,0.22,0.18,0.8313418198948961,0.22340379932257348,0.13084656773717854,-0.10933671321495886,2.043264268273327,0.205,True
1337,0.22,0.15,0.21,0.24,0.18,0.8292840361485796,0.22294550701319316,0.12966220575141038,-0.10856640553221386,2.0535404660426075,0.205,True
1338,0.19,0.16,0.22,0.25,0.18,0.8270655143834351,0.22245103126452692,0.1290281373107183,-0.10939729003037024,2.0334235994581893,0.205,True
1339,0.25,0.18,0.16,0.22,0.19,0.8223459905860424,0.221397785879359,0.13267442415311737,-0.10161846551324327,2.178716090241548,0.205,True
1340,0.25,0.16,0.19,0.22,0.18,0.8220779801114275,0.2213379200470118,0.12990811664683144,-0.10482594005572332,2.1114804210613625,0.205,True
1341,0.22,0.18,0.16,0.25,0.19,0.819264273271636,0.22070906419265213,0.13088764169668296,-0.1004606629601853,2.1969700148218596,0.205,True
1342,0.22,0.16,0.19,0.25,0.18,0.8190102821678482,0.22065226596701826,0.12808454086121923,-0.1036679666425957,2.1284517591411443,0.205,True
1343,0.18,0.22,0.16,0.25,0.19,0.8038758843239078,0.21725827923717955,0.12926700640170136,-0.09764142416022814,2.2250625808228883,0.205,True
1344,0.25,0.19,0.16,0.22,0.18,0.8024383263991803,0.2169349116217898,0.12788755338774055,-0.09691080359583315,2.238500802516483,0.205,True
1345,0.22,0.19,0.16,0.25,0.18,0.7994042204733607,0.21625184789847163,0.12603115387466127,-0.09574704762804032,2.258574580164292,0.205,True
1346,0.24,0.21,0.15,0.22,0.18,0.7920976862889431,0.2146037815612094,0.1267421482689858,-0.09352057770400568,2.2947225822367594,0.205,True
1347,0.22,0.21,0.15,0.24,0.18,0.7900846905176553,0.21414894205296053,0.12551431751528713,-0.0927425491121816,2.3090689667579167,0.205,True
1348,0.19,0.22,0.16,0.25,0.18,0.7879588493536398,0.2136682345653329,0.12473217296670383,-0.0935998937085033,2.2827828761297164,0.205,True
1349,0.19,0.18,0.22,0.25,0.16,0.787103558941534,0.21347472385333055,0.1193638239077721,-0.10010235137438306,2.1325645294278304,0.205,True
1350,0.21,0.22,0.15,0.24,0.18,0.7862789210372936,0.21328808983870373,0.12506102622149928,-0.09202132148128594,2.317811637622259,0.205,True
1351,0.18,0.19,0.22,0.25,0.16,0.7833037995956675,0.21261427538122013,0.11894476596719648,-0.09939389356303929,2.139108025246765,0.205,True
1352,0.25,0.18,0.19,0.22,0.16,0.7818686988101513,0.21228898144887043,0.12042234604739141,-0.09540274233965518,2.225187413303844,0.205,True
1353,0.22,0.24,0.15,0.21,0.18,0.7816907943315841,0.21224864371778907,0.1259183417298877,-0.09174362708293482,2.3134974108438024,0.205,True
1354,0.21,0.24,0.15,0.22,0.18,0.7806877396472178,0.2120211626917483,0.1253303833234842,-0.09135325003129513,2.320893483473392,0.205,True
1355,0.22,0.18,0.24,0.21,0.15,0.7801817552941823,0.21190637896100606,0.11815545584098518,-0.10154280305041563,2.086867533642885,0.205,True
1356,0.21,0.18,0.24,0.22,0.15,0.7791925541761697,0.21168191353168253,0.11753068588020608,-0.10115223647082916,2.092706211124937,0.205,True
1357,0.22,0.18,0.19,0.25,0.16,0.7788957920074142,0.21161455726152556,0.11844927522925223,-0.09423279110212712,2.245657321475101,0.205,True
1358,0.25,0.19,0.18,0.22,0.16,0.7753314182113988,0.2108049633895155,0.11970775076495656,-0.09270973163642515,2.2738169949215057,0.205,True
1359,0.24,0.18,0.22,0.21,0.15,0.7746625789176467,0.21065292587656437,0.11757575378457547,-0.09762749551245986,2.157721293277256,0.205,True
1360,0.22,0.19,0.18,0.25,0.16,0.7723695946124189,0.21013140490370485,0.11772136535143626,-0.09153783262038029,2.295568934597218,0.205,True
1361,0.21,0.18,0.22,0.24,0.15,0.7717103009756376,0.2099813705680751,0.11561776028493347,-0.09645461434056923,2.1769966320808356,0.205,True
1362,0.24,0.18,0.21,0.22,0.15,0.7709112708474928,0.2097994867316828,0.11665539236998869,-0.09526774718828601,2.20220896288266,0.205,True
1363,0.22,0.18,0.21,0.24,0.15,0.7689481932668045,0.20935239741872436,0.11532187889136301,-0.09448543548215083,2.2157107743687434,0.205,True
1364,0.18,0.22,0.19,0.25,0.16,0.7637944951879154,0.20817707048877798,0.11662261536643352,-0.0913400491339007,2.2791434038271543,0.205,True
1365,0.19,0.22,0.18,0.25,0.16,0.7610680610570728,0.20755436711166708,0.11631342219171338,-0.08935331859058881,2.3228501233699883,0.205,True
1366,0.18,0.21,0.22,0.24,0.15,0.7604113122171436,0.20740427304051767,0.11424121754311582,-0.09429430556922203,2.1995418682866372,0.205,True
1367,0.19,0.25,0.18,0.22,0.16,0.7527503801883557,0.20565067131684445,0.11672873387376817,-0.08832951254036614,2.3282215128591717,0.205,True
1368,0.24,0.21,0.18,0.22,0.15,0.7513329688186325,0.20532566326288904,0.11440845218657036,-0.08711228267796178,2.357023108003501,0.205,True
1369,0.22,0.21,0.18,0.24,0.15,0.7493919428189502,0.20488030733676288,0.1130456268743528,-0.0863260495142043,2.3733312075522623,0.205,True
1370,0.21,0.22,0.18,0.24,0.15,0.7456582324338696,0.20402270423176172,0.1125340427305962,-0.08558579615501916,2.383838363345024,0.205,True
1371,0.22,0.24,0.18,0.21,0.15,0.7411063184504514,0.2029755103826485,0.11347180317043092,-0.08528218332226123,2.3800458955846846,0.205,True
1372,0.21,0.24,0.18,0.22,0.15,0.7401391668404713,0.20275277656294244,0.11281840777784892,-0.08488767762154537,2.388483019489294,0.205,True
1373,0.19,0.17,0.2,0.18,0.26,0.9479823548723938,0.24883862150353497,0.16689551605617176,-0.13749549880678802,1.8097946744657365,0.20500000000000002,True
1374,0.18,0.17,0.2,0.19,0.26,0.9468383820390673,0.2485941649256147,0.16650120848136718,-0.137121290311761,1.812950887206555,0.20500000000000002,True
1375,0.2,0.17,0.19,0.18,0.26,0.9455466131268242,0.2483180105108087,0.16656006662256523,-0.1357213652760514,1.8296162141144146,0.20500000000000002,True
1376,0.18,0.17,0.19,0.2,0.26,0.9432639455478713,0.2478297226996955,0.16575370598008413,-0.13497255296200417,1.8361490337184443,0.20500000000000002,True
1377,0.2,0.17,0.18,0.19,0.26,0.941964769900868,0.24755164389122064,0.165827330292174,-0.1335664251829759,1.853397240751885,0.20500000000000002,True
1378,0.19,0.17,0.18,0.2,0.26,0.940826074902996,0.24730781274349622,0.1654152354557352,-0.13319182204086943,1.8567792598228043,0.20500000000000002,True
1379,0.2,0.15,0.2,0.2,0.25,0.9391909771965135,0.24695751896913953,0.16220715390782173,-0.13442095147740973,1.837195141492822,0.20500000000000002,True
1380,0.2,0.19,0.18,0.17,0.26,0.9360786464261726,0.2462902068574333,0.16606478103329284,-0.13306095013454244,1.8509578250298147,0.20500000000000002,True
1381,0.2,0.18,0.17,0.19,0.26,0.935440648075581,0.2461533258698665,0.16522553751066105,-0.13114906904325052,1.8768972411743898,0.20500000000000002,True
1382,0.19,0.18,0.17,0.2,0.26,0.9343058367834831,0.24590978051454915,0.1648116827037171,-0.13077384465793618,1.8804202106145373,0.20500000000000002,True
1383,0.18,0.19,0.17,0.2,0.26,0.930235863187437,0.24503552657290184,0.1645313601068065,-0.13014106840218242,1.8828455120381713,0.20500000000000002,True
1384,0.2,0.16,0.24,0.17,0.23,0.9185759790904713,0.242524091801414,0.15578356495952048,-0.134879647032364,1.7980777466241515,0.20500000000000002,True
1385,0.21,0.14,0.22,0.2,0.23,0.9182722392325622,0.24245853312243182,0.15436029643957141,-0.13141650674084748,1.8449625479739657,0.20500000000000002,True
1386,0.2,0.14,0.22,0.21,0.23,0.9171648692131638,0.24221946168625208,0.15390119677279215,-0.13103953664391288,1.8484456515170666,0.20500000000000002,True
1387,0.17,0.16,0.2,0.23,0.24,0.9168940201350932,0.24216097374238288,0.15618930452817198,-0.12904900171495715,1.8765040451631463,0.20500000000000002,True
1388,0.22,0.14,0.21,0.2,0.23,0.9157348966706966,0.24191060695656486,0.15403456336881777,-0.12961284095029757,1.8664092630245634,0.20500000000000002,True
1389,0.2,0.14,0.21,0.22,0.23,0.9135254035832132,0.24143308394959306,0.153096792754781,-0.12885850502665497,1.8736294038150725,0.20500000000000002,True
1390,0.23,0.16,0.17,0.2,0.24,0.9126978100801266,0.24125412704715998,0.15659219147242645,-0.12474321688332946,1.9340059770368236,0.20500000000000002,True
1391,0.22,0.14,0.2,0.21,0.23,0.9120881663779403,0.24112226607913656,0.15324657538200795,-0.12742543688757957,1.8922616391879858,0.20500000000000002,True
1392,0.21,0.14,0.2,0.22,0.23,0.9109860430576335,0.2408838146190495,0.1527678532433007,-0.127048071779573,1.8960052777265306,0.20500000000000002,True
1393,0.2,0.16,0.17,0.23,0.24,0.9093770515268833,0.24053553426709406,0.15518165800186912,-0.12361123543067576,1.9459034887002027,0.20500000000000002,True
1394,0.2,0.2,0.15,0.2,0.25,0.9065577642389717,0.23992480263635296,0.15915332055907044,-0.12220181827844012,1.9633488766073666,0.20500000000000002,True
1395,0.23,0.17,0.16,0.2,0.24,0.9061531567393963,0.23983710463291574,0.15599041283406465,-0.12226871248652971,1.9615574561590194,0.20500000000000002,True
1396,0.21,0.14,0.23,0.2,0.22,0.9055639649704377,0.23970937609658605,0.15031001122584153,-0.12957772526113864,1.849927335994659,0.20500000000000002,True
1397,0.2,0.14,0.23,0.21,0.22,0.9044690604907586,0.23947194616635104,0.1498382620263005,-0.12919946189970144,1.8535057549407983,0.20500000000000002,True
1398,0.2,0.17,0.16,0.23,0.24,0.9028439365499181,0.23911937034635966,0.1545735370818191,-0.12113485554082482,1.973993111056064,0.20500000000000002,True
1399,0.17,0.16,0.2,0.24,0.23,0.900756857082817,0.23866627719439948,0.15124915832277502,-0.12500578618649294,1.9092418397204378,0.20500000000000002,True
1400,0.23,0.14,0.21,0.2,0.22,0.9004284201988988,0.2385949452010352,0.1496661391221958,-0.12594170323419485,1.8944872037926632,0.20500000000000002,True
1401,0.24,0.16,0.17,0.2,0.23,0.8975120687281237,0.23796119278107675,0.1522190713909076,-0.12102962913173176,1.9661399814922482,0.20500000000000002,True
1402,0.2,0.14,0.21,0.23,0.22,0.8971594028460514,0.23788451094347307,0.1481900268971282,-0.12480572493788722,1.9060384534592658,0.20500000000000002,True
1403,0.23,0.14,0.2,0.21,0.22,0.8967627778036404,0.23779825949860411,0.1488676664949161,-0.12373514129509788,1.9218328520874706,0.20500000000000002,True
1404,0.21,0.14,0.2,0.23,0.22,0.894588664173793,0.2373252555304346,0.14786313833652243,-0.1229774285837888,1.9298277599676485,0.20500000000000002,True
1405,0.2,0.16,0.17,0.24,0.23,0.8931447473763945,0.23701091443906308,0.1502467714908039,-0.11951436763413348,1.9831164999727817,0.20500000000000002,True
1406,0.24,0.17,0.16,0.2,0.23,0.8909623404854317,0.2365355003112637,0.15161026616236653,-0.1185284225546267,1.995601520827214,0.20500000000000002,True
1407,0.22,0.14,0.23,0.2,0.21,0.8901283734021328,0.23635373284522343,0.14593553030761117,-0.12589633338829975,1.877367882639139,0.20500000000000002,True
1408,0.2,0.14,0.23,0.22,0.21,0.8879686068246235,0.23588275179003637,0.14494445181598106,-0.12513680609301958,1.8849989795543811,0.20500000000000002,True
1409,0.23,0.14,0.22,0.2,0.21,0.8875306133821741,0.2357871945995098,0.14561764758171133,-0.12406378097368032,1.9005320710766602,0.20500000000000002,True
1410,0.2,0.17,0.16,0.24,0.23,0.8866103279890669,0.23558636741994987,0.14962874577243485,-0.117010649607867,2.0133754338554724,0.20500000000000002,True
1411,0.2,0.14,0.22,0.23,0.21,0.8842987891751375,0.2350816489049068,0.1440994286801326,-0.12292389548968585,1.9124161984000234,0.20500000000000002,True
1412,0.23,0.14,0.2,0.22,0.21,0.880169517023287,0.234179004647177,0.1439809426150349,-0.11961830013760477,1.9577188806209882,0.20500000000000002,True
1413,0.22,0.14,0.2,0.23,0.21,0.8790974586370794,0.23394444039425033,0.14345362436214235,-0.11923794424209566,1.9619965932929828,0.20500000000000002,True
1414,0.16,0.2,0.17,0.24,0.23,0.8772213505722637,0.23353373687111723,0.14901311548404425,-0.11687619072971811,1.9981292632232974,0.20500000000000002,True
1415,0.2,0.15,0.25,0.2,0.2,0.8757793756946499,0.2332178844884365,0.14191934566377168,-0.12519999904022705,1.8627626699382247,0.20500000000000002,True
1416,0.17,0.2,0.16,0.24,0.23,0.8746920076988458,0.23297959865591644,0.1486750937721831,-0.11501877778495218,2.025578806718958,0.20500000000000002,True
1417,0.22,0.14,0.23,0.21,0.2,0.8734343981718034,0.23270389114229584,0.1410632132984377,-0.12178753422365252,1.9107365349474503,0.20500000000000002,True
1418,0.22,0.2,0.14,0.21,0.23,0.8728492103605319,0.23257555752121806,0.14952892325108033,-0.11242733859016851,2.0686744028427637,0.20500000000000002,True
1419,0.21,0.14,0.23,0.22,0.2,0.8723694679973091,0.23247032849051474,0.1405423413637541,-0.12140626186705061,1.914813329357657,0.20500000000000002,True
1420,0.21,0.2,0.14,0.22,0.23,0.8717700496322731,0.23233882387585925,0.14903647583957338,-0.11204620144332078,2.073598398544454,0.20500000000000002,True
1421,0.23,0.14,0.22,0.21,0.2,0.8708061448890423,0.2321272967844199,0.14074804991500522,-0.11993671858728827,1.9354147713777987,0.20500000000000002,True
1422,0.21,0.14,0.22,0.23,0.2,0.8686814864713877,0.23166078772745569,0.13968432607607076,-0.11917377806455187,1.9438906065558643,0.20500000000000002,True
1423,0.2,0.21,0.14,0.22,0.23,0.8678159076608412,0.23147063209488183,0.14868392500842315,-0.11137226319622862,2.078350798053281,0.20500000000000002,True
1424,0.23,0.14,0.21,0.22,0.2,0.8671110652906744,0.23131574461776827,0.13990862401737222,-0.11769758807480257,1.9653397185229982,0.20500000000000002,True
1425,0.22,0.14,0.21,0.23,0.2,0.8660513367952911,0.2310827983506305,0.13936570816713886,-0.11731592069703889,1.9697479845671377,0.20500000000000002,True
1426,0.25,0.15,0.2,0.2,0.2,0.8626536133053062,0.23033532590999917,0.14034787880800492,-0.11592929963925758,1.986860324583552,0.20500000000000002,True
1427,0.23,0.2,0.14,0.21,0.22,0.8574967535517424,0.2291991184067408,0.1451037471463094,-0.1085741312644074,2.110991962243556,0.20500000000000002,True
1428,0.2,0.15,0.2,0.25,0.2,0.8573739000521203,0.22917202454217822,0.13761923956060604,-0.1140177836135492,2.0099673689407234,0.20500000000000002,True
1429,0.21,0.2,0.14,0.23,0.22,0.8553683382169763,0.22872955288786323,0.14406920304867368,-0.10780884242261957,2.1216214528231783,0.20500000000000002,True
1430,0.2,0.21,0.14,0.23,0.22,0.8514445545054046,0.22786295558529002,0.1437017920013996,-0.1071252081526406,2.1270712982943527,0.20500000000000002,True
1431,0.24,0.16,0.17,0.23,0.2,0.8476423702988569,0.22702204547221783,0.13750934331763645,-0.10845594989325025,2.0932189123387737,0.20500000000000002,True
1432,0.23,0.16,0.17,0.24,0.2,0.8465953990403399,0.2267902894962639,0.13693824516014047,-0.10807262086832081,2.0984990247677304,0.20500000000000002,True
1433,0.18,0.17,0.19,0.26,0.2,0.8458635578147031,0.2266282381998448,0.13606895219878612,-0.11040656364242796,2.052669974711125,0.20500000000000002,True
1434,0.19,0.17,0.18,0.26,0.2,0.8432370529668014,0.22604629933140785,0.13574185705118166,-0.10851721366578904,2.083045552824315,0.20500000000000002,True
1435,0.17,0.18,0.19,0.26,0.2,0.8419590320106827,0.22576293594335595,0.13573006002760382,-0.10972688670776065,2.057498783726891,0.20500000000000002,True
1436,0.24,0.17,0.16,0.23,0.2,0.8410924780114104,0.22557072861364613,0.1368698550157064,-0.10586981786652028,2.130642454661098,0.20500000000000002,True
1437,0.23,0.2,0.14,0.22,0.21,0.8409029094262606,0.22552867302429846,0.14015351378310337,-0.10428764358411335,2.1625637062400203,0.20500000000000002,True
1438,0.23,0.17,0.16,0.24,0.2,0.8400492772444923,0.22533925984655134,0.1362957225026484,-0.10548585315564707,2.1362036055589133,0.20500000000000002,True
1439,0.22,0.2,0.14,0.23,0.21,0.8398535867430796,0.22529582965853545,0.13960974238620036,-0.10390348387128623,2.1683183399088706,0.20500000000000002,True
1440,0.19,0.18,0.17,0.26,0.2,0.8367103524670096,0.22459781969010617,0.13507385785165069,-0.1059340903013668,2.120165652540732,0.20500000000000002,True
1441,0.18,0.19,0.17,0.26,0.2,0.8328220401824817,0.22373324927480032,0.1347137741597993,-0.1052451875552124,2.125828785828599,0.20500000000000002,True
1442,0.18,0.17,0.2,0.26,0.19,0.8327442681568527,0.22371594411212903,0.1318967919362224,-0.10842228620307748,2.063376008259998,0.20500000000000002,True
1443,0.2,0.22,0.14,0.23,0.21,0.8320694099194097,0.22356575989608585,0.1388267699759384,-0.10251532889627868,2.1808032252647958,0.20500000000000002,True
1444,0.17,0.18,0.2,0.26,0.19,0.8288634741756755,0.22285180068468202,0.1315443701710344,-0.10773688112376723,2.068482012475113,0.20500000000000002,True
1445,0.2,0.17,0.18,0.26,0.19,0.8274336066384211,0.22253310128363823,0.13125168830830147,-0.1046125117466673,2.127213060542231,0.20500000000000002,True
1446,0.2,0.2,0.15,0.25,0.2,0.8247215713150151,0.22192816585349218,0.13429476785905717,-0.1011046033621571,2.1950352256320573,0.20500000000000002,True
1447,0.23,0.16,0.24,0.2,0.17,0.8214825635194616,0.22120490009031335,0.12818490262596943,-0.11123631506726095,1.9886032718411968,0.20500000000000002,True
1448,0.23,0.21,0.14,0.22,0.2,0.8213186646677408,0.22116827892756108,0.13531800085536919,-0.09963147043838894,2.2198636430276237,0.20500000000000002,True
1449,0.2,0.18,0.17,0.26,0.19,0.8209041323948534,0.22107564703235827,0.13057370062350718,-0.10200076420366078,2.1673920657196795,0.20500000000000002,True
1450,0.22,0.21,0.14,0.23,0.2,0.8202853280011388,0.22093734207232263,0.13475413671417052,-0.09924534105190363,2.2261734377715134,0.20500000000000002,True
1451,0.19,0.18,0.26,0.2,0.17,0.8191482689799905,0.22068312363323672,0.12806746066922242,-0.11367233860957737,1.9413968810055189,0.20500000000000002,True
1452,0.24,0.16,0.23,0.2,0.17,0.8187738920232503,0.22059939896775238,0.12788532757950236,-0.10932922467201334,2.0177532551753528,0.20500000000000002,True
1453,0.2,0.16,0.24,0.23,0.17,0.8184203508868828,0.2205203234198625,0.12645315822341943,-0.11007667192981552,2.003333854065514,0.20500000000000002,True
1454,0.19,0.17,0.2,0.26,0.18,0.8168211324466133,0.22016250263510817,0.12740293033664754,-0.10450601437474827,2.1066969585657254,0.20500000000000002,True
1455,0.21,0.22,0.14,0.23,0.2,0.8164250327088465,0.22007384394825502,0.13433703979523173,-0.09854059414827043,2.233331814674447,0.20500000000000002,True
1456,0.17,0.2,0.18,0.26,0.19,0.8158399223213362,0.21994285557153503,0.1301283778599038,-0.1025282802044698,2.145192088786704,0.20500000000000002,True
1457,0.2,0.16,0.23,0.24,0.17,0.8147012378303606,0.21968785813406577,0.1255261903167443,-0.10778224164390238,2.0382565326474102,0.20500000000000002,True
1458,0.2,0.17,0.19,0.26,0.18,0.8141374179657852,0.21956155660836907,0.12708533520824047,-0.10258537080301,2.1402813567831527,0.20500000000000002,True
1459,0.21,0.23,0.14,0.22,0.2,0.8136005372234747,0.21944126539834619,0.13446721684047314,-0.09822082022668888,2.2341624198605388,0.20500000000000002,True
1460,0.18,0.2,0.17,0.26,0.19,0.8131912440180815,0.21934954495735637,0.12980267972910867,-0.10060183045349969,2.1803732990598457,0.20500000000000002,True
1461,0.17,0.19,0.2,0.26,0.18,0.8091234153299383,0.21843721480578449,0.12664675223898827,-0.10311418185977717,2.118401279688498,0.20500000000000002,True
1462,0.17,0.2,0.19,0.26,0.18,0.8026152206175334,0.21697471189354123,0.12591662909368692,-0.1004833873266412,2.159309291477425,0.20500000000000002,True
1463,0.23,0.17,0.24,0.2,0.16,0.801381862179845,0.21669715847143012,0.12348225059778256,-0.10662100510353623,2.0324058871983293,0.20500000000000002,True
1464,0.2,0.19,0.17,0.26,0.18,0.8010858853774874,0.21663053337625726,0.12568781941371243,-0.09730859756588894,2.2262219248363317,0.20500000000000002,True
1465,0.24,0.17,0.23,0.2,0.16,0.7986478788278912,0.2160814542788565,0.12318811404343986,-0.1046907948297442,2.0639966926439324,0.20500000000000002,True
1466,0.2,0.17,0.24,0.23,0.16,0.7983670909854377,0.21601818438745735,0.1216820162977748,-0.10545535701328923,2.0484325358666724,0.20500000000000002,True
1467,0.19,0.2,0.17,0.26,0.18,0.7972614071050581,0.2157689767155213,0.12527514667766934,-0.09659833681472274,2.2336717569927718,0.20500000000000002,True
1468,0.19,0.18,0.2,0.26,0.17,0.7968957979312239,0.2156865503751937,0.12253534721638111,-0.09983473077990068,2.160436039545238,0.20500000000000002,True
1469,0.2,0.17,0.23,0.24,0.16,0.7946384406168439,0.2151773828824035,0.12073507190328636,-0.1031358063487281,2.086349935102409,0.20500000000000002,True
1470,0.2,0.18,0.19,0.26,0.17,0.7941864622631738,0.2150753837483359,0.1222222005259089,-0.09789074246274598,2.1970962558608296,0.20500000000000002,True
1471,0.18,0.19,0.2,0.26,0.17,0.7930789726155199,0.21482538123032158,0.12212981859378995,-0.09912807479261565,2.1671497371431303,0.20500000000000002,True
1472,0.2,0.19,0.18,0.26,0.17,0.787664943274907,0.2136017448450509,0.12150143532420511,-0.09522529338177466,2.243119839900987,0.20500000000000002,True
1473,0.18,0.2,0.19,0.26,0.17,0.786569084178361,0.21335376680116647,0.12138709659371992,-0.09646774899258892,2.2116590158806053,0.20500000000000002,True
1474,0.19,0.2,0.18,0.26,0.17,0.7838643911588437,0.21274129712259793,0.12107180720058147,-0.09450891844360265,2.2510182173923554,0.20500000000000002,True
1475,0.2,0.2,0.2,0.25,0.15,0.7576884276924398,0.2067815835660749,0.1134162152835354,-0.09066291659885228,2.2807735656795822,0.20500000000000002,True
1476,0.22,0.2,0.23,0.21,0.14,0.753354381429167,0.20578911369096797,0.11263218367998151,-0.09407597277658619,2.1874779246735057,0.20500000000000002,True
1477,0.21,0.2,0.23,0.22,0.14,0.752384478009781,0.20556678786088556,0.11197560087605692,-0.09368271417177976,2.1942872778424354,0.20500000000000002,True
1478,0.23,0.2,0.22,0.21,0.14,0.7505730646071622,0.20515134735053597,0.11234831814759254,-0.09208646532011466,2.2278121615090845,0.20500000000000002,True
1479,0.2,0.21,0.23,0.22,0.14,0.7486447317002669,0.20470877672732413,0.11147856730618651,-0.09295511637762954,2.202232482779066,0.20500000000000002,True
1480,0.21,0.2,0.22,0.23,0.14,0.7486383418925906,0.2047073096652947,0.1110055590543902,-0.0912995558973464,2.2421501140209212,0.20500000000000002,True
1481,0.23,0.2,0.21,0.22,0.14,0.7468202126350216,0.2042897326646138,0.11140386593178798,-0.08969582972404488,2.2775833981705125,0.20500000000000002,True
1482,0.22,0.2,0.21,0.23,0.14,0.74585539308761,0.20406802100976362,0.11071758363354035,-0.08930217992082845,2.2851404208797783,0.20500000000000002,True
1483,0.2,0.21,0.22,0.23,0.14,0.7449055352685507,0.20384966768310941,0.11050435875732047,-0.09056752644581456,2.2508030823285226,0.20500000000000002,True
1484,0.23,0.21,0.2,0.22,0.14,0.740305746094841,0.20279114544196974,0.11061807252275828,-0.08695155275066613,2.332231444140785,0.20500000000000002,True
1485,0.22,0.21,0.2,0.23,0.14,0.7393445826731846,0.2025697230425092,0.10992639912952996,-0.08655724502138062,2.3402977184922205,0.20500000000000002,True
1486,0.2,0.22,0.21,0.23,0.14,0.7384061063344318,0.20235344831735946,0.10968765667860189,-0.08782794174795139,2.303975754072358,0.20500000000000002,True
1487,0.2,0.23,0.21,0.22,0.14,0.7356499468062982,0.20171783260905585,0.10983057909238556,-0.08748256777115082,2.305806033685907,0.20500000000000002,True
1488,0.21,0.22,0.2,0.23,0.14,0.7356281031970933,0.20171279242661222,0.10939760709260313,-0.08581499620135413,2.3505541147297664,0.20500000000000002,True
1489,0.21,0.23,0.2,0.22,0.14,0.7328752285347795,0.2010772568034036,0.10954162646069869,-0.08546576838907305,2.3527227402674553,0.20500000000000002,True
1490,0.2,0.15,0.21,0.19,0.25,0.942794472708542,0.24772924986478317,0.1629757932549541,-0.1365744811683407,1.813876558384534,0.2052,True
1491,0.19,0.15,0.21,0.2,0.25,0.941660617969039,0.24748652453285014,0.16255668087739789,-0.13619984681237096,1.817083721641683,0.2052,True
1492,0.21,0.15,0.2,0.19,0.25,0.9403222588642475,0.2471998991210691,0.16264380580842636,-0.13479586028297275,1.8338834634990278,0.2052,True
1493,0.19,0.15,0.2,0.21,0.25,0.9380598217220169,0.24671507157494488,0.16178729535927833,-0.1340461961571987,1.8405227350548394,0.2052,True
1494,0.21,0.15,0.19,0.2,0.25,0.9367140950669943,0.2464265109198358,0.1618896770335574,-0.13263598117121045,1.8579159949195172,0.2052,True
1495,0.2,0.15,0.19,0.21,0.25,0.9355855124120342,0.24618440879902992,0.16145223441594778,-0.13226095208457034,1.8613536718049226,0.2052,True
1496,0.21,0.19,0.15,0.2,0.25,0.9105829030892778,0.2407965697936143,0.15947841148500047,-0.12285173008185102,1.96005843493764,0.2052,True
1497,0.2,0.19,0.15,0.21,0.25,0.9094697800883558,0.24055561149144955,0.1590332595291997,-0.12247420809428178,1.9641328181217357,0.2052,True
1498,0.19,0.2,0.15,0.21,0.25,0.9054459315662056,0.2396837849393103,0.15872404658823566,-0.12182394462427126,1.9674603845618504,0.2052,True
1499,0.2,0.15,0.25,0.19,0.21,0.8923967071926868,0.23684800302034636,0.14679310886913693,-0.1292802971467022,1.832050267888699,0.2052,True
1500,0.19,0.15,0.25,0.2,0.21,0.8913128139003175,0.23661187186534982,0.14632654696451652,-0.1289004968587283,1.8356164454871768,0.2052,True
1501,0.21,0.15,0.25,0.19,0.2,0.8768483711507113,0.2334520544020906,0.1424194601450374,-0.12558139140189517,1.8589701212576908,0.2052,True
1502,0.25,0.15,0.19,0.2,0.21,0.8757388652932676,0.23320900869060712,0.14441473504747343,-0.11786465549348712,1.9786169799095845,0.2052,True
1503,0.19,0.15,0.25,0.21,0.2,0.8747104985040617,0.2329836515012369,0.1414378858805543,-0.12481876632106659,1.8665755027728914,0.2052,True
1504,0.19,0.15,0.2,0.25,0.21,0.8729980777466841,0.23260820716629604,0.14209276000982743,-0.11781646811656021,1.9743267718411666,0.2052,True
1505,0.2,0.15,0.19,0.25,0.21,0.8703975847445435,0.23203761709792348,0.14176535342508165,-0.11595971307058961,2.0010192415418646,0.2052,True
1506,0.21,0.15,0.25,0.2,0.19,0.8600555193869879,0.22976315211055276,0.13755620286722747,-0.12145309961287887,1.8917850004891,0.2052,True
1507,0.19,0.15,0.21,0.25,0.2,0.8600003022500464,0.2297509859534177,0.13796133975930835,-0.11588632560232204,1.9825547557857346,0.2052,True
1508,0.2,0.15,0.25,0.21,0.19,0.8590014719560344,0.22953086909513853,0.13703959466458746,-0.12107026630425854,1.8958483870706162,0.2052,True
1509,0.25,0.15,0.19,0.21,0.2,0.8589539109877482,0.22952038589769486,0.13954237280169457,-0.1136726623964891,2.0191344256293573,0.2052,True
1510,0.21,0.15,0.19,0.25,0.2,0.8547405323272623,0.22859097937855877,0.13731498412073323,-0.11214266657156335,2.038394362886711,0.2052,True
1511,0.25,0.15,0.21,0.2,0.19,0.8494387062349109,0.22741947577121668,0.13631802448706354,-0.11397634068007712,1.9953217870853197,0.2052,True
1512,0.25,0.15,0.2,0.21,0.19,0.8457258265952821,0.22659773564413754,0.13548350860830277,-0.11170638510925368,2.028511937097554,0.2052,True
1513,0.2,0.19,0.15,0.25,0.21,0.8442653000884972,0.22627418767048835,0.1391806213125255,-0.1057321589421113,2.14006968111163,0.2052,True
1514,0.2,0.15,0.21,0.25,0.19,0.8442202945706128,0.22626421496121019,0.13350613526110788,-0.11205820997570526,2.019166779571665,0.2052,True
1515,0.21,0.15,0.2,0.25,0.19,0.8415614598396801,0.22567475932912928,0.13318753535055036,-0.11017109593428653,2.0484025997502733,0.2052,True
1516,0.19,0.2,0.15,0.25,0.21,0.8403626463233136,0.22540880038528788,0.13881575475576247,-0.10504385589541587,2.145854209785579,0.2052,True
1517,0.25,0.19,0.15,0.21,0.2,0.8327479512157443,0.22371676364578086,0.13696976009295006,-0.10334269961942977,2.1648047174076264,0.2052,True
1518,0.21,0.19,0.15,0.25,0.2,0.8285948985779714,0.22279195125374995,0.134694157833331,-0.10180251869757562,2.188471897395753,0.2052,True
1519,0.19,0.21,0.15,0.25,0.2,0.8208531671578387,0.2210642573068078,0.13391470288893223,-0.10040483018980928,2.201729308130885,0.2052,True
1520,0.25,0.2,0.15,0.21,0.19,0.8129846954096704,0.21930325326645694,0.1321768789396058,-0.09866288073829943,2.222753396468858,0.2052,True
1521,0.21,0.2,0.15,0.25,0.19,0.8088953557307716,0.21838602526426465,0.12981493659540788,-0.09711479156524538,2.2487411211457387,0.2052,True
1522,0.2,0.21,0.15,0.25,0.19,0.80505637589563,0.21752369329514432,0.1293986983307826,-0.09640517715087826,2.25634867051497,0.2052,True
1523,0.25,0.19,0.2,0.21,0.15,0.7653535080627398,0.20853285255313603,0.1165888940430805,-0.09295863594135645,2.2432864944865405,0.2052,True
1524,0.2,0.19,0.21,0.25,0.15,0.7642025993021739,0.20827022411245255,0.1142020607098312,-0.09337203233519309,2.230541832534932,0.2052,True
1525,0.21,0.19,0.2,0.25,0.15,0.7614420747588868,0.20763982791862823,0.11390302761903369,-0.09139139947283392,2.271984334591015,0.2052,True
1526,0.19,0.2,0.21,0.25,0.15,0.7604432001008157,0.20741156159329388,0.11373951571158417,-0.09264756660529805,2.238715696408081,0.2052,True
1527,0.25,0.2,0.19,0.21,0.15,0.7588237302137475,0.2070412911078643,0.11584476460597384,-0.0902408579009999,2.2943187368076896,0.2052,True
1528,0.21,0.2,0.19,0.25,0.15,0.7549269979638906,0.20614942206171838,0.11313936248026436,-0.08867100708168862,2.3248796742750666,0.2052,True
1529,0.19,0.21,0.2,0.25,0.15,0.7539395867789271,0.20592321755674292,0.11295156955465124,-0.08993244887709873,2.2897543670600657,0.2052,True
1530,0.2,0.21,0.19,0.25,0.15,0.7511839098383275,0.20529147430844574,0.1126503873041596,-0.08793648299355206,2.33454269854639,0.2052,True
1531,0.21,0.17,0.18,0.18,0.26,0.9431035922193451,0.24779540697854396,0.16625592625756275,-0.1339411817574252,1.8500315117968347,0.2054,True
1532,0.18,0.17,0.18,0.21,0.26,0.9396875072640287,0.24706391348234313,0.16501983596863137,-0.13281737223689793,1.8601776960446927,0.2054,True
1533,0.21,0.18,0.17,0.18,0.26,0.9365755862122782,0.24639680324048152,0.16565594479723328,-0.1315244475740508,1.873391660525739,0.2054,True
1534,0.17,0.18,0.18,0.21,0.26,0.9356082403734343,0.24618928530100193,0.16475548687068586,-0.13218920815187896,1.8624007870456598,0.2054,True
1535,0.18,0.18,0.17,0.21,0.26,0.9331711523742796,0.24566616712158873,0.16441457603638313,-0.1303987743231808,1.8839607074275773,0.2054,True
1536,0.21,0.14,0.21,0.2,0.24,0.9308414609077285,0.24516569026147783,0.1584349601047383,-0.13323909600674222,1.840043182588629,0.2054,True
1537,0.2,0.14,0.21,0.21,0.24,0.9297215722072938,0.24492496644789763,0.15798795107210536,-0.13286341111309175,1.8434342788280547,0.2054,True
1538,0.21,0.14,0.2,0.21,0.24,0.9272140738343013,0.2443856333406147,0.15765711984767802,-0.13107054761657255,1.8645350750767336,0.2054,True
1539,0.22,0.14,0.22,0.19,0.23,0.919379732218006,0.2426975390911894,0.15483668010637644,-0.1317936323984369,1.8414966996088946,0.2054,True
1540,0.19,0.14,0.22,0.22,0.23,0.9160576221981036,0.24198032473299724,0.15345960911717998,-0.13066272201139917,1.851946148128512,0.2054,True
1541,0.22,0.14,0.19,0.22,0.23,0.9084395447518545,0.2403325124562754,0.1524729240658755,-0.12523139008837758,1.9191075998331515,0.2054,True
1542,0.17,0.17,0.18,0.24,0.24,0.9067577216721765,0.2399681384963277,0.1547790395878304,-0.12440864125849804,1.9288703426775515,0.2054,True
1543,0.22,0.14,0.23,0.19,0.22,0.906658990830598,0.23994674139130212,0.15079940454424118,-0.12995614541043865,1.8463670235330676,0.2054,True
1544,0.18,0.17,0.17,0.24,0.24,0.9042529942862323,0.2394250814794463,0.15444052676246472,-0.12258608217961575,1.953117982257036,0.2054,True
1545,0.23,0.14,0.22,0.19,0.22,0.9040922080793812,0.23939020470452732,0.15047905704829737,-0.1281415534253938,1.8681699909616314,0.2054,True
1546,0.19,0.14,0.23,0.22,0.22,0.9033742774298421,0.23923445155200285,0.14938439810888812,-0.12882135522870464,1.857102427833296,0.2054,True
1547,0.17,0.18,0.17,0.24,0.24,0.9002406725335401,0.23855416528696383,0.15415245927164725,-0.12193627302705201,1.9563839320727778,0.2054,True
1548,0.19,0.14,0.22,0.23,0.22,0.899723054773615,0.2384417217038901,0.14855192281532703,-0.12662770623939923,1.883013826793151,0.2054,True
1549,0.23,0.14,0.19,0.22,0.22,0.8930952843057269,0.2370001434834088,0.14808386197848106,-0.12152183684484241,1.9502679488461623,0.2054,True
1550,0.23,0.16,0.16,0.22,0.23,0.892771454470167,0.23692962246525795,0.150970633799901,-0.11842902802502409,2.0006042979192116,0.2054,True
1551,0.21,0.14,0.24,0.2,0.21,0.8927190924629007,0.23691821873922603,0.14628886312171857,-0.12772253482296958,1.8549445410522711,0.2054,True
1552,0.22,0.14,0.19,0.23,0.22,0.892010842887363,0.23676395104039472,0.14757140406100136,-0.12114278428780834,1.9544205825573249,0.2054,True
1553,0.22,0.16,0.16,0.23,0.23,0.8916822418998152,0.23669236359268941,0.1504676235372056,-0.11805001797944803,2.0050175988443852,0.2054,True
1554,0.2,0.14,0.24,0.21,0.21,0.8916366003816079,0.23668241969292114,0.14580388086784152,-0.12734297007302986,1.8586217955901787,0.2054,True
1555,0.21,0.2,0.14,0.21,0.24,0.8880059323817175,0.23589089443706412,0.1539850634765738,-0.11623250483533698,2.0294744122674078,0.2054,True
1556,0.21,0.21,0.14,0.2,0.24,0.8851145021819726,0.2352598048389134,0.15410804551746565,-0.11594815152137972,2.0290086711346476,0.2054,True
1557,0.24,0.14,0.21,0.2,0.21,0.8849258165335459,0.2352185994889997,0.14533536471149153,-0.12222484439120351,1.9244745261130258,0.2054,True
1558,0.2,0.21,0.14,0.21,0.24,0.884021534718042,0.23502108339037497,0.1536464829219618,-0.11556807919894507,2.0336158999908367,0.2054,True
1559,0.24,0.14,0.2,0.21,0.21,0.8812416931526059,0.23441350548964657,0.1445260952545365,-0.11999881543060742,1.953465162539063,0.2054,True
1560,0.2,0.14,0.21,0.24,0.21,0.880627150845277,0.23427910686390296,0.14326905508775467,-0.12070420726807563,1.9409357152198135,0.2054,True
1561,0.21,0.14,0.2,0.24,0.21,0.8780255180322625,0.23370981268384017,0.1429444123595363,-0.11885774764394075,1.966298514960581,0.2054,True
1562,0.23,0.16,0.16,0.23,0.22,0.8763100568442901,0.2333341445192556,0.1460530093243952,-0.11426718005334535,2.042004925739168,0.2054,True
1563,0.21,0.14,0.24,0.21,0.2,0.8760556656613978,0.23327841599990995,0.14141507650938084,-0.12363189695518828,1.8868788859922148,0.2054,True
1564,0.22,0.19,0.14,0.22,0.23,0.8757291983649305,0.23320689065514477,0.14940654994772826,-0.11271837979938115,2.0689340200791735,0.2054,True
1565,0.24,0.14,0.21,0.21,0.2,0.8681709099436146,0.23154862826720501,0.1404697506729359,-0.1180794161214096,1.9609567515910313,0.2054,True
1566,0.21,0.14,0.21,0.24,0.2,0.8649917244957452,0.23084978941976608,0.13884129257637365,-0.11693441388672765,1.9741817805952855,0.2054,True
1567,0.23,0.19,0.14,0.22,0.22,0.8603624986568097,0.22983078538200963,0.14497969813754497,-0.10887288563083564,2.1110011372465687,0.2054,True
1568,0.22,0.19,0.14,0.23,0.22,0.8592970987705659,0.22959602595935502,0.14445464403252134,-0.1084906806100222,2.1162741782831556,0.2054,True
1569,0.18,0.17,0.18,0.26,0.21,0.8588534195950597,0.22949823540076597,0.14027135410340838,-0.11237290011249323,2.042291648351355,0.2054,True
1570,0.22,0.14,0.23,0.22,0.19,0.8565806459891065,0.22899705310924445,0.13618507381945827,-0.11762885589019734,1.9467761662410936,0.2054,True
1571,0.17,0.18,0.18,0.26,0.21,0.8549252392776228,0.22863175237695055,0.13994540353184645,-0.11169887595888817,2.04685813007734,0.2054,True
1572,0.23,0.14,0.22,0.22,0.19,0.8539223834494576,0.22841034515164615,0.1358729356190216,-0.11575946714658736,1.9731461346691228,0.2054,True
1573,0.22,0.14,0.22,0.23,0.19,0.8528749317035638,0.22817900690960502,0.1353136537762351,-0.11537648008144707,1.9776908322088513,0.2054,True
1574,0.18,0.18,0.17,0.26,0.21,0.8523301172274389,0.22805864572617796,0.13961317036436596,-0.10981788985659136,2.076698487140797,0.2054,True
1575,0.19,0.22,0.14,0.23,0.22,0.8475257451317966,0.22699623383568546,0.1433526520241624,-0.1064397706939253,2.1326261072886785,0.2054,True
1576,0.24,0.2,0.14,0.21,0.21,0.8419523469965255,0.22576145339439124,0.14071549892025284,-0.10467196728420436,2.1568473322127004,0.2054,True
1577,0.21,0.2,0.14,0.24,0.21,0.8388043789852742,0.22506292325055877,0.13908447372153104,-0.10351948804078515,2.1741116335688146,0.2054,True
1578,0.2,0.21,0.14,0.24,0.21,0.834911056101189,0.22419789605854556,0.13870121776953304,-0.10282596971004687,2.1803625746564657,0.2054,True
1579,0.24,0.21,0.14,0.21,0.2,0.822352114159878,0.22139915364104956,0.13590054708759808,-0.10001776592810863,2.2135982701332098,0.2054,True
1580,0.18,0.17,0.21,0.26,0.18,0.8194980049630938,0.22076132727874476,0.1277615290896671,-0.1064198211274554,2.074438059939477,0.2054,True
1581,0.21,0.21,0.14,0.24,0.2,0.8192521041983436,0.22070634302985903,0.1342092671559665,-0.09885937766154107,2.232528145033222,0.2054,True
1582,0.26,0.17,0.18,0.21,0.18,0.8165410072886767,0.22009980377997285,0.12986555041131878,-0.10259101994588937,2.145410035849749,0.2054,True
1583,0.17,0.18,0.21,0.26,0.18,0.8156410201141984,0.2198983210223573,0.12739496527483313,-0.1057286111747835,2.079837411832035,0.2054,True
1584,0.18,0.17,0.24,0.24,0.17,0.8135480343757444,0.21942950055975108,0.12551946212050608,-0.10900350305070872,2.0130499884730484,0.2054,True
1585,0.21,0.17,0.18,0.26,0.18,0.8114468656511147,0.2189584841353902,0.12680896579955692,-0.10065785371125024,2.17527471590543,0.2054,True
1586,0.24,0.17,0.17,0.24,0.18,0.8107817604793379,0.21880931242242085,0.1277825424248327,-0.09949674634097294,2.199160479806713,0.2054,True
1587,0.21,0.24,0.14,0.21,0.2,0.8107786166475566,0.21880860722798934,0.13459980141487204,-0.09790005127406032,2.235020353722379,0.2054,True
1588,0.21,0.18,0.17,0.26,0.18,0.8049152420521506,0.21749196777064483,0.12612088121238862,-0.09801695813434252,2.218921826491996,0.2054,True
1589,0.23,0.22,0.14,0.22,0.19,0.8016138403778432,0.21674937222383894,0.13047642647271276,-0.09490270746795726,2.2839113657218024,0.2054,True
1590,0.22,0.22,0.14,0.23,0.19,0.8005963985413187,0.21652033268267767,0.129890948734842,-0.09451459343529867,2.290866677968623,0.2054,True
1591,0.23,0.16,0.23,0.22,0.16,0.8004617389369493,0.2164900125688447,0.12241758364639367,-0.10461266660451418,2.0694435922112597,0.2054,True
1592,0.18,0.18,0.21,0.26,0.17,0.799598353276266,0.21629557571119462,0.12289121769336574,-0.10177174555845636,2.1253008339820334,0.2054,True
1593,0.22,0.16,0.23,0.23,0.16,0.7994582335690086,0.21626401449683463,0.12179528357676676,-0.10422437254617756,2.0749850463337345,0.2054,True
1594,0.22,0.23,0.14,0.22,0.19,0.7977866642104108,0.21588737600786811,0.1300236758957515,-0.09418645961539074,2.2921275190663457,0.2054,True
1595,0.26,0.18,0.18,0.21,0.17,0.7964853795238525,0.21559400850080257,0.1251301702569567,-0.09788287087313818,2.2025713649145495,0.2054,True
1596,0.17,0.21,0.18,0.26,0.18,0.7961164395625859,0.2155108072284453,0.12520499187676032,-0.09783607343396417,2.2027744947665684,0.2054,True
1597,0.18,0.21,0.17,0.26,0.18,0.7934418047308147,0.21490729756961513,0.12488318192226207,-0.09588616822469154,2.2412752699223475,0.2054,True
1598,0.21,0.18,0.18,0.26,0.17,0.7914703504026346,0.2144620706010507,0.12195202119878183,-0.0959397428804295,2.235383003562315,0.2054,True
1599,0.18,0.21,0.18,0.26,0.17,0.7800686915503967,0.21188072721366846,0.12066348124536758,-0.09379061027182911,2.259082509428013,0.2054,True
1600,0.21,0.2,0.24,0.21,0.14,0.7561290823061366,0.20642469119986484,0.11296266652381005,-0.09605821550544635,2.1489540495176165,0.2054,True
1601,0.22,0.19,0.23,0.22,0.14,0.7561290205653881,0.20642467706487988,0.11249468551009661,-0.0944083315396248,2.1865091109913313,0.2054,True
1602,0.23,0.19,0.22,0.22,0.14,0.753344419088996,0.20578683049328172,0.1122098145357147,-0.0924225818809068,2.226586038880119,0.2054,True
1603,0.22,0.19,0.22,0.23,0.14,0.7523759382340971,0.20556482996895453,0.11152896597200375,-0.09202958965336971,2.2336819140802033,0.2054,True
1604,0.24,0.2,0.21,0.21,0.14,0.7477851359706256,0.20451138652359369,0.11211134523410927,-0.09008965312593009,2.2700874010217507,0.2054,True
1605,0.21,0.2,0.21,0.24,0.14,0.7448906773666881,0.20384625151900004,0.11005298302098872,-0.08890870360152292,2.2927592379775557,0.2054,True
1606,0.24,0.21,0.2,0.21,0.14,0.7412670128286947,0.2030125101068423,0.11133103363980794,-0.08734603492767923,2.3242326944197593,0.2054,True
1607,0.19,0.22,0.22,0.23,0.14,0.741177515857927,0.20299190379732823,0.11002579922282664,-0.08983349310411493,2.2596461161992814,0.2054,True
1608,0.2,0.21,0.21,0.24,0.14,0.7411648122042882,0.20298897877608013,0.1095476471151552,-0.08817221763184035,2.3021875169756156,0.2054,True
1609,0.21,0.21,0.2,0.24,0.14,0.7383835226020086,0.20234824286848574,0.10925650631067135,-0.08616311162413204,2.348432398207556,0.2054,True
1610,0.23,0.22,0.19,0.22,0.14,0.7338010230540621,0.20129106314965362,0.10985296707958428,-0.08418958146830458,2.390926046181083,0.2054,True
1611,0.22,0.22,0.19,0.23,0.14,0.7328435105764117,0.20106993039380594,0.1091559524051606,-0.0837946154967657,2.399556692298049,0.2054,True
1612,0.22,0.23,0.19,0.22,0.14,0.7300939272552702,0.20043447454942087,0.10930104863005269,-0.08344150769006287,2.402095552898199,0.2054,True
1613,0.19,0.16,0.2,0.19,0.26,0.9509363665994459,0.24946942452411225,0.16677976437046177,-0.1377405479783148,1.811154581462733,0.20540000000000003,True
1614,0.2,0.16,0.19,0.19,0.26,0.948497719840157,0.24894871903127314,0.16644370864878288,-0.1359694402742332,1.830916701055583,0.20540000000000003,True
1615,0.19,0.16,0.19,0.2,0.26,0.9473551359547905,0.24870460238882441,0.16603339712371062,-0.1355954576175804,1.83416617900465,0.20540000000000003,True
1616,0.2,0.19,0.16,0.19,0.26,0.9289253579499026,0.24475376087688727,0.16463854125638613,-0.12871724309106625,1.9014838649373982,0.20540000000000003,True
1617,0.19,0.19,0.16,0.2,0.26,0.9277944251818373,0.24451050161325738,0.16422295099469303,-0.1283413967245044,1.905156931852002,0.20540000000000003,True
1618,0.19,0.2,0.16,0.19,0.26,0.9248646756394245,0.2438798809868492,0.164342364341671,-0.1280798083894602,1.9041243428883696,0.20540000000000003,True
1619,0.19,0.16,0.19,0.26,0.2,0.8497730382188613,0.2274934166303506,0.1364272853462743,-0.11108445629461461,2.047932034946455,0.20540000000000003,True
1620,0.26,0.16,0.19,0.2,0.19,0.8401964274241305,0.22537191530490608,0.13541030359148132,-0.109514868876596,2.0579115659523874,0.20540000000000003,True
1621,0.19,0.16,0.2,0.26,0.19,0.8366299933475947,0.22457996410927694,0.1322691777118521,-0.1091058837647012,2.0583671233863816,0.20540000000000003,True
1622,0.2,0.16,0.19,0.26,0.19,0.8339724477859951,0.22398917092214865,0.1319476564159477,-0.10720810083113552,2.089293338709134,0.20540000000000003,True
1623,0.19,0.19,0.16,0.26,0.2,0.8301929403051072,0.2231479728714334,0.13442361911685338,-0.10333493838893337,2.159462969160984,0.20540000000000003,True
1624,0.16,0.19,0.2,0.26,0.19,0.8249876089000334,0.22198753360889545,0.13121218599075488,-0.1070496613483245,2.0736873971658754,0.20540000000000003,True
1625,0.2,0.19,0.16,0.26,0.19,0.8143840286408985,0.2196168031894703,0.1299140507367571,-0.09937270684282007,2.2100314076866487,0.20540000000000003,True
1626,0.19,0.2,0.16,0.26,0.19,0.8105357015215333,0.21875411634973352,0.12951752516915338,-0.09866847824277802,2.2170618240556994,0.20540000000000003,True
1627,0.19,0.19,0.2,0.26,0.16,0.7768580657979787,0.21115185097742728,0.11767171922237822,-0.095090356882224,2.2205390525450808,0.20540000000000003,True
1628,0.2,0.19,0.19,0.26,0.16,0.7741236566747194,0.21053039272180563,0.11736364920749127,-0.09312252528901044,2.260789127747706,0.20540000000000003,True
1629,0.19,0.2,0.19,0.26,0.16,0.7703471080244533,0.2096710329610123,0.11691622708440626,-0.09239995261255318,2.269168187133107,0.20540000000000003,True
1630,0.21,0.15,0.21,0.18,0.25,0.9439284541351074,0.24797190786884693,0.16341162925026367,-0.1369492687302839,1.8106844247355396,0.20559999999999998,True
1631,0.18,0.15,0.21,0.21,0.25,0.9405268899548929,0.24724373182098924,0.16215449316921926,-0.13582536556845237,1.8203060288940285,0.20559999999999998,True
1632,0.21,0.15,0.18,0.21,0.25,0.9331039661554263,0.245651739449412,0.16114942385953276,-0.1304696021860714,1.8828273815004943,0.20559999999999998,True
1633,0.21,0.18,0.15,0.21,0.25,0.9134987033898769,0.2414273111672971,0.15935919610951568,-0.12312279920779101,1.9608660030531533,0.20559999999999998,True
1634,0.21,0.15,0.25,0.18,0.21,0.893480720829894,0.237084070220269,0.14727783305379788,-0.12966025552524985,1.8285022596928293,0.20559999999999998,True
1635,0.18,0.15,0.21,0.25,0.21,0.8755915503357494,0.23317673101906466,0.14245677957252045,-0.11966675304805441,1.9485506632358298,0.20559999999999998,True
1636,0.25,0.15,0.18,0.21,0.21,0.8720526785905134,0.23240083250141064,0.14363688105903588,-0.11562118919705766,2.010019392771691,0.20559999999999998,True
1637,0.21,0.15,0.18,0.25,0.21,0.8677900754598391,0.23146495621659913,0.14147472725012802,-0.11409645391345624,2.0286779148471044,0.20559999999999998,True
1638,0.25,0.18,0.15,0.21,0.21,0.8523900392988843,0.22807188494998498,0.14175949794122186,-0.10795098126146219,2.1127356350525845,0.20559999999999998,True
1639,0.21,0.18,0.15,0.25,0.21,0.8481729089562537,0.22713945128210278,0.13956422188829795,-0.10641864855920247,2.1343951869088182,0.20559999999999998,True
1640,0.21,0.15,0.25,0.21,0.18,0.8431057463882103,0.22601719201623172,0.13269132955489674,-0.11727447623482923,1.9272496392450917,0.20559999999999998,True
1641,0.18,0.21,0.15,0.25,0.21,0.8364649451566641,0.22454328921021594,0.13846987662899857,-0.10435373222408229,2.1517513981008993,0.20559999999999998,True
1642,0.25,0.15,0.21,0.21,0.18,0.8323708797547074,0.2236328541153383,0.1314671681324009,-0.10972211367320084,2.038174864015217,0.20559999999999998,True
1643,0.21,0.15,0.21,0.25,0.18,0.8282553123386522,0.22271626940879652,0.12909912363459672,-0.10818149809734134,2.058727909354677,0.20559999999999998,True
1644,0.25,0.21,0.15,0.21,0.18,0.7931043478772093,0.21483111054387138,0.12738513678276875,-0.09390984581151074,2.2876313839878444,0.20559999999999998,True
1645,0.21,0.21,0.15,0.25,0.18,0.7890783564111996,0.21392143144050624,0.12493020754133856,-0.09235378840725628,2.3163254602742245,0.20559999999999998,True
1646,0.21,0.18,0.25,0.21,0.15,0.7829313128395137,0.2125298606792152,0.11851166919430021,-0.10348985164066815,2.0536299676720944,0.20559999999999998,True
1647,0.21,0.25,0.15,0.21,0.18,0.7778959914417038,0.21138757683209364,0.12546892726225056,-0.09101763562154941,2.322490310680465,0.20559999999999998,True
1648,0.21,0.18,0.21,0.25,0.15,0.767966813262674,0.20912876489208432,0.11468661779357012,-0.09409453576955384,2.2225388879568935,0.20559999999999998,True
1649,0.18,0.21,0.21,0.25,0.15,0.7566886131545822,0.20655277711156206,0.11329938016883331,-0.09192113057470364,2.2470652375592586,0.20559999999999998,True
1650,0.25,0.21,0.18,0.21,0.15,0.7523036383860988,0.20554825371786056,0.11512085053979984,-0.08750565938644006,2.3489709712388325,0.20559999999999998,True
1651,0.21,0.21,0.18,0.25,0.15,0.748421586463299,0.20465754178415696,0.11239612427378583,-0.08593319282962686,2.3815889418878657,0.20559999999999998,True
1652,0.21,0.25,0.18,0.21,0.15,0.7373834530871595,0.20211768611666758,0.11296485801357749,-0.08453694513647969,2.390879937645736,0.20559999999999998,True
1653,0.19,0.15,0.22,0.19,0.25,0.9452594407854586,0.24825660218642143,0.16333962813424022,-0.1383470577423106,1.7944480080583403,0.2056,True
1654,0.22,0.15,0.19,0.19,0.25,0.9378428033831083,0.2466685459355955,0.162343775519155,-0.1330111641176488,1.8544950536438911,0.2056,True
1655,0.19,0.15,0.19,0.22,0.25,0.934457055456497,0.24594223952140792,0.16103165433365885,-0.13188607676310415,1.8648082159815342,0.2056,True
1656,0.2,0.14,0.22,0.2,0.24,0.9333443307124578,0.2457033541633975,0.15878057813669175,-0.13502556489872142,1.8196802534963814,0.2056,True
1657,0.22,0.14,0.2,0.2,0.24,0.9283313937464206,0.2446260133343685,0.15812207443805612,-0.1314465071593267,1.8610309137986951,0.2056,True
1658,0.2,0.14,0.2,0.22,0.24,0.926096877979973,0.24414518711521982,0.15720917419059394,-0.13069474270338977,1.8680566797495792,0.2056,True
1659,0.23,0.17,0.17,0.18,0.25,0.9258727248506475,0.24409693301039992,0.16158651094433912,-0.1285262016420352,1.8991997732123647,0.2056,True
1660,0.17,0.17,0.18,0.23,0.25,0.9227411166269606,0.24342239052857195,0.15972088275911153,-0.1284496431842307,1.8950803170347466,0.2056,True
1661,0.18,0.17,0.17,0.23,0.25,0.9202685127197396,0.24288927863634324,0.15938080558402012,-0.12664483058305853,1.917877559771752,0.2056,True
1662,0.22,0.15,0.23,0.17,0.23,0.9200921230673091,0.24285123022259603,0.15576945837773068,-0.13371450906018034,1.8161920641932505,0.2056,True
1663,0.17,0.18,0.17,0.23,0.25,0.9162260627028727,0.24201670950246834,0.15910440841297244,-0.12600407936843894,1.9207053510926873,0.2056,True
1664,0.17,0.15,0.22,0.23,0.23,0.9109229230955533,0.24087015543406443,0.15273976276073314,-0.12965006958251202,1.8578482542253447,0.2056,True
1665,0.19,0.19,0.15,0.22,0.25,0.9083567808828745,0.24031458632986014,0.158605188598111,-0.12209684276053923,1.9682293243337492,0.2056,True
1666,0.2,0.14,0.24,0.2,0.22,0.9081210956534691,0.24026353557166358,0.15068360988945778,-0.13138634358296697,1.8286796711101376,0.2056,True
1667,0.23,0.15,0.17,0.22,0.23,0.899324140398734,0.23835505045740968,0.15158340742900422,-0.12092626168601806,1.9710776396635206,0.2056,True
1668,0.22,0.15,0.17,0.23,0.23,0.8982310979085002,0.2381175053195077,0.1510827355584081,-0.12054787833898695,1.9752940375268058,0.2056,True
1669,0.24,0.14,0.2,0.2,0.22,0.8978500143714265,0.2380346650112759,0.14939614353429997,-0.12411423437757874,1.91786756938072,0.2056,True
1670,0.2,0.14,0.2,0.24,0.22,0.8935017871883097,0.2370886569785693,0.14738759164611465,-0.12259880875789964,1.933857754252384,0.2056,True
1671,0.17,0.17,0.18,0.25,0.23,0.8906024630073706,0.2364570696991679,0.14981626794947533,-0.12031921484239672,1.9652477786602698,0.2056,True
1672,0.22,0.2,0.14,0.2,0.24,0.8891001748292571,0.23612955799647128,0.15446276624348912,-0.11661222233703583,2.0249125971890254,0.2056,True
1673,0.18,0.17,0.17,0.25,0.23,0.8880660961486222,0.235904019060593,0.14947943161454003,-0.11847861212758226,1.9911105880153508,0.2056,True
1674,0.2,0.2,0.14,0.22,0.24,0.8869118111359369,0.23565216508403086,0.15352470884641037,-0.11585294635995402,2.0340627708497094,0.2056,True
1675,0.23,0.17,0.15,0.22,0.23,0.8862278585963383,0.23550288469609137,0.15037405302833082,-0.11591658894620849,2.031658167627563,0.2056,True
1676,0.19,0.15,0.19,0.25,0.22,0.8858630866786019,0.23542325433653688,0.14625204725477248,-0.11972933940358077,1.966295441946588,0.2056,True
1677,0.22,0.17,0.15,0.23,0.23,0.8851424707641171,0.23526591241025052,0.14986873862360692,-0.11553695157222632,2.036282844654918,0.2056,True
1678,0.17,0.18,0.17,0.25,0.23,0.884084005227747,0.2350347304292395,0.14917899741364687,-0.11781957300326373,1.9948699900883937,0.2056,True
1679,0.23,0.15,0.17,0.23,0.22,0.8828634182612098,0.23476803158998982,0.14667576634857943,-0.11679213278419487,2.0101356657625855,0.2056,True
1680,0.22,0.14,0.24,0.2,0.2,0.8771232558924345,0.2335122551914044,0.14193413559560947,-0.124013050469721,1.8829651742855782,0.2056,True
1681,0.2,0.14,0.24,0.22,0.2,0.8749881931459278,0.2330445138673991,0.14091451519271891,-0.12325090302063446,1.8908138452209406,0.2056,True
1682,0.24,0.14,0.22,0.2,0.2,0.8718686490940701,0.2323604572482072,0.1413072371621426,-0.12031842935660297,1.9312125207313924,0.2056,True
1683,0.23,0.17,0.15,0.23,0.22,0.8697658624520794,0.2318989272045604,0.14544695256323148,-0.11172675990740011,2.0755898353873308,0.2056,True
1684,0.2,0.14,0.22,0.24,0.2,0.8676193323353238,0.2314274390419695,0.1391803594226199,-0.11879254810911821,1.9481646174420744,0.2056,True
1685,0.24,0.14,0.2,0.22,0.2,0.8644713959936778,0.23073533677545344,0.13964741552738952,-0.11583348736695187,1.991957093068441,0.2056,True
1686,0.22,0.14,0.2,0.24,0.2,0.8623571399636278,0.23027006099759584,0.13853964699835927,-0.11506975987575507,2.001134453102419,0.2056,True
1687,0.22,0.15,0.25,0.19,0.19,0.861109682965767,0.22999537296111883,0.13809169292609208,-0.12183609423957742,1.8877441401630781,0.2056,True
1688,0.19,0.19,0.15,0.25,0.22,0.8597466486693381,0.22969509460623327,0.14370283692338356,-0.10961238081131353,2.0955214448049424,0.2056,True
1689,0.19,0.15,0.25,0.22,0.19,0.8579475407111907,0.22929852386939964,0.13654216064796038,-0.12068759421181507,1.899934499207639,0.2056,True
1690,0.2,0.2,0.14,0.24,0.22,0.8543043060950009,0.22849467419507397,0.14357922166262183,-0.10742644131089663,2.1269872799174347,0.2056,True
1691,0.19,0.15,0.22,0.25,0.19,0.8468722145302272,0.22685157347274076,0.1338636985227612,-0.11393867688840931,1.990997084290504,0.2056,True
1692,0.25,0.15,0.19,0.22,0.19,0.8420112183211736,0.22577450928253184,0.1346647876328041,-0.1094293523655877,2.063198807283915,0.2056,True
1693,0.22,0.15,0.19,0.25,0.19,0.8388957144679476,0.22508320170605955,0.13290809377641635,-0.10827729945705467,2.0787663049846645,0.2056,True
1694,0.17,0.17,0.25,0.23,0.18,0.8332460916135076,0.2238275969429111,0.1309064442966096,-0.11516096023979916,1.943606552748743,0.2056,True
1695,0.24,0.2,0.14,0.22,0.2,0.8251851008062898,0.22203160128620625,0.13577140897442033,-0.10033397610442951,2.2129253709143506,0.2056,True
1696,0.22,0.2,0.14,0.24,0.2,0.8231160892932781,0.22156977112261078,0.13462749010645642,-0.09956261006071032,2.225431524821458,0.2056,True
1697,0.23,0.15,0.23,0.22,0.17,0.8205907691575538,0.22100561316305734,0.12714284913299354,-0.10924355418581866,2.023054035637985,0.2056,True
1698,0.22,0.15,0.23,0.23,0.17,0.8195714479979643,0.22077774843071674,0.12654430217494642,-0.10885725738944074,2.0281399120765684,0.2056,True
1699,0.25,0.19,0.15,0.22,0.19,0.8158097154041828,0.219936092399865,0.13204735897036962,-0.09898223196597455,2.221975480159598,0.2056,True
1700,0.2,0.22,0.14,0.24,0.2,0.8153930340294575,0.21984279195163015,0.13381019031262253,-0.09815426701407082,2.239768057359287,0.2056,True
1701,0.22,0.19,0.15,0.25,0.19,0.8127392291789615,0.21924823478209854,0.13025082735130744,-0.09782250994109898,2.2412861305042426,0.2056,True
1702,0.25,0.17,0.17,0.23,0.18,0.811798065979664,0.21903723762940341,0.12841573983751062,-0.09988365635675356,2.1929237036244458,0.2056,True
1703,0.18,0.17,0.23,0.25,0.17,0.8098384585150937,0.21859768326692874,0.12458721287150933,-0.10670482654716384,2.048620388978449,0.2056,True
1704,0.23,0.17,0.17,0.25,0.18,0.8097655650177198,0.21858132659943674,0.12716851244253694,-0.09911000296970962,2.2054416310151903,0.2056,True
1705,0.19,0.22,0.15,0.25,0.19,0.8012222871694683,0.21666123865687426,0.1290024155864594,-0.09569365906830407,2.264112802941584,0.2056,True
1706,0.17,0.23,0.17,0.25,0.18,0.7868260512834373,0.21341192407059006,0.12464108024560064,-0.0948448513503719,2.2501160688439756,0.2056,True
1707,0.23,0.17,0.23,0.22,0.15,0.7802229111759491,0.211915716081426,0.11771218536677899,-0.09990937782870868,2.1210793289569723,0.2056,True
1708,0.22,0.17,0.23,0.23,0.15,0.779235130413177,0.21169157646880543,0.11706432881026979,-0.09951907102105007,2.1271458253868634,0.2056,True
1709,0.19,0.19,0.22,0.25,0.15,0.7669564556395647,0.2088984425884901,0.11454706271872368,-0.09534546966804136,2.1909634858981697,0.2056,True
1710,0.25,0.19,0.19,0.22,0.15,0.7616008077117726,0.20767609417948418,0.11570698343395845,-0.09057954012242397,2.29274838334128,0.2056,True
1711,0.22,0.19,0.19,0.25,0.15,0.7586748861402239,0.20700724846404905,0.11365024319643127,-0.08940353165467296,2.315425852119894,0.2056,True
1712,0.2,0.2,0.24,0.22,0.14,0.7551566892646613,0.20620202952090838,0.1123318682662294,-0.09566524014623978,2.1554540521269296,0.2056,True
1713,0.2,0.2,0.22,0.24,0.14,0.7476711370540372,0.20448520392749292,0.11036698016438232,-0.09090636080656145,2.24940479536536,0.2056,True
1714,0.19,0.22,0.19,0.25,0.15,0.7474456192594956,0.20443340498122775,0.11218373253318169,-0.0871999511921907,2.3444210941202455,0.2056,True
1715,0.24,0.2,0.2,0.22,0.14,0.7440281667761646,0.20364790778295827,0.11118896288069581,-0.0876913909601893,2.3223249802869663,0.2056,True
1716,0.22,0.2,0.2,0.24,0.14,0.7421036108349301,0.20320509921360563,0.10978688798751521,-0.08690370311254414,2.3382789448045274,0.2056,True
1717,0.2,0.22,0.2,0.24,0.14,0.734668208951692,0.20149126517560711,0.10874864645535859,-0.08542048578340367,2.358816662393119,0.2056,True
1718,0.2,0.24,0.2,0.22,0.14,0.7291671266479416,0.2002201300553026,0.10903697763411666,-0.08471980540523183,2.3633214110633225,0.2056,True
1719,0.2,0.16,0.2,0.18,0.26,0.9520816559164924,0.24971381959080152,0.1671894556327996,-0.13811440943056374,1.808021484654313,0.20560000000000003,True
1720,0.18,0.16,0.2,0.2,0.26,0.9497912056111208,0.2492249611807078,0.16638664869444245,-0.13736683887909296,1.8143022232612467,0.20560000000000003,True
1721,0.2,0.16,0.18,0.2,0.26,0.9449117809410754,0.24818225125400128,0.16571154100625232,-0.1338180458863114,1.8546246854094024,0.20560000000000003,True
1722,0.2,0.18,0.16,0.2,0.26,0.9318589131029211,0.24538431431215657,0.164519927773638,-0.12897755308276038,1.9025350415409266,0.20560000000000003,True
1723,0.18,0.2,0.16,0.2,0.26,0.9237350480614896,0.24363656077630336,0.1639423834689847,-0.12770361261675922,1.907828257822752,0.20560000000000003,True
1724,0.26,0.16,0.18,0.2,0.2,0.8534382927376936,0.22830344061232677,0.1394784116052522,-0.11149759550508742,2.047608646429597,0.20560000000000003,True
1725,0.18,0.16,0.2,0.26,0.2,0.8523982282438431,0.2280736941989563,0.13677245349911382,-0.1129634948846494,2.019003523499778,0.20560000000000003,True
1726,0.2,0.16,0.18,0.26,0.2,0.8471408938325393,0.22691105032798164,0.13612038524048445,-0.10919878675631012,2.07796310809167,0.20560000000000003,True
1727,0.2,0.18,0.16,0.26,0.2,0.8340756117450963,0.22401211572316138,0.13480396824578422,-0.10402759157877117,2.153391348616739,0.20560000000000003,True
1728,0.18,0.2,0.16,0.26,0.2,0.8263152001506524,0.22228370671198627,0.1340627642352168,-0.10264044749228274,2.1656541075456555,0.20560000000000003,True
1729,0.2,0.16,0.2,0.26,0.18,0.8206773423281861,0.22102496229264545,0.12781167631707419,-0.10519916025262077,2.1010145115406393,0.20560000000000003,True
1730,0.16,0.2,0.2,0.26,0.18,0.8052819030867338,0.21757438619599245,0.12629992004304294,-0.1024154804393711,2.1244287022096646,0.20560000000000003,True
1731,0.2,0.18,0.26,0.2,0.16,0.8029960751920766,0.21706039333816252,0.12375005372529863,-0.10977133735129008,1.9773867985549467,0.20560000000000003,True
1732,0.2,0.2,0.16,0.26,0.18,0.7945742843228181,0.21516290560729923,0.12501742249237977,-0.09464530417703465,2.2733606012278815,0.20560000000000003,True
1733,0.2,0.18,0.2,0.26,0.16,0.7806451801648941,0.212011508811617,0.11811734941399796,-0.09580702313314804,2.212901537677186,0.20560000000000003,True
1734,0.18,0.2,0.2,0.26,0.16,0.7730757891543312,0.21029207112851322,0.11724786395386039,-0.09437175370171258,2.2283370063588954,0.20560000000000003,True
1735,0.2,0.2,0.18,0.26,0.16,0.7676117190986582,0.2090478272159022,0.11662962827733724,-0.09042097438798902,2.311939554188999,0.20560000000000003,True
1736,0.21,0.14,0.22,0.19,0.24,0.9344669130050434,0.24594435538016723,0.15922662522492706,-0.13540112879748822,1.8164128878719485,0.20579999999999998,True
1737,0.19,0.14,0.22,0.21,0.24,0.932221873503571,0.2454622864966718,0.1583516080468509,-0.13465015497121702,1.8229632676556675,0.20579999999999998,True
1738,0.22,0.14,0.21,0.19,0.24,0.9319614741597726,0.24540634775976344,0.1588989053239194,-0.1336149352479581,1.8366685378722567,0.20579999999999998,True
1739,0.19,0.14,0.21,0.22,0.24,0.9286018080967329,0.24468417626827788,0.1575580942081551,-0.13248788047194926,1.8468419556314297,0.20579999999999998,True
1740,0.22,0.14,0.19,0.21,0.24,0.9246993825151186,0.2438442830250167,0.15735923556622006,-0.12927153298787175,1.8862952839577927,0.20579999999999998,True
1741,0.21,0.14,0.19,0.22,0.24,0.9235847551968783,0.24360418072236234,0.15689329869166058,-0.1288954541289743,1.8899361685681262,0.20579999999999998,True
1742,0.21,0.14,0.24,0.19,0.22,0.9092186774566231,0.240501242231294,0.151154041748565,-0.1317644860841839,1.8252356866298445,0.20579999999999998,True
1743,0.23,0.16,0.16,0.21,0.24,0.9090656451478498,0.24046810502165505,0.15587234101093592,-0.12254116199073373,1.9623455589546204,0.20579999999999998,True
1744,0.19,0.14,0.24,0.21,0.22,0.9070236357629013,0.2400257641472061,0.15023097606754696,-0.13100835748481676,1.8321408554032437,0.20579999999999998,True
1745,0.21,0.16,0.16,0.23,0.24,0.9068570568478238,0.23998966582810644,0.1549129925726947,-0.1217861177048154,1.970583103813131,0.20579999999999998,True
1746,0.16,0.16,0.21,0.24,0.23,0.9032799850722888,0.23921399216487282,0.1516522553324309,-0.12682364014867387,1.8861940241144717,0.20579999999999998,True
1747,0.24,0.14,0.21,0.19,0.22,0.9015183333334857,0.23883162779951372,0.1501931356921111,-0.12632067765738197,1.8906772210903888,0.20579999999999998,True
1748,0.19,0.14,0.21,0.24,0.22,0.8960699712063587,0.23764757054250896,0.1477337770399673,-0.12442738016967536,1.909929874103601,0.20579999999999998,True
1749,0.24,0.14,0.19,0.21,0.22,0.8941798450527554,0.237236271707995,0.14861378827543398,-0.12190104754278419,1.9461380889670457,0.20579999999999998,True
1750,0.24,0.16,0.16,0.21,0.23,0.8938607870027497,0.2371668164389129,0.15149087060768732,-0.11880819644559049,1.9962159475043126,0.20579999999999998,True
1751,0.22,0.14,0.24,0.19,0.21,0.8938017043391246,0.23715395396625882,0.14679186170441172,-0.1281022576023142,1.8512862958472527,0.20579999999999998,True
1752,0.22,0.19,0.14,0.21,0.24,0.8919953667258045,0.23676057966349662,0.15434069077453844,-0.1168952058606697,2.02540880885823,0.20579999999999998,True
1753,0.21,0.14,0.19,0.24,0.22,0.8909265208359614,0.23652769433090692,0.14707667035403088,-0.1207638897727803,1.9585961894398944,0.20579999999999998,True
1754,0.21,0.19,0.14,0.22,0.24,0.8908999700138693,0.23652190819179753,0.15386418841060695,-0.11651600129114237,2.0299521573933217,0.20579999999999998,True
1755,0.21,0.16,0.16,0.24,0.23,0.8905931493299601,0.23645503977227134,0.1499820854128575,-0.11767116620965834,2.0094560748295134,0.20579999999999998,True
1756,0.19,0.14,0.24,0.22,0.21,0.8905542281335346,0.23644655677978865,0.14533717048988934,-0.1269635632538656,1.8623182172905004,0.20579999999999998,True
1757,0.24,0.14,0.22,0.19,0.21,0.8886081256303775,0.23602224930051618,0.14615940923554327,-0.12444406029166943,1.8966132151854582,0.20579999999999998,True
1758,0.19,0.14,0.22,0.24,0.21,0.8832217520795951,0.23484633965187585,0.1436299234833671,-0.12254425082041187,1.9164207058235825,0.20579999999999998,True
1759,0.19,0.21,0.14,0.22,0.24,0.8829286885119578,0.2347822960879753,0.1532024831499673,-0.11518816625850015,2.038250140740042,0.20579999999999998,True
1760,0.19,0.22,0.14,0.21,0.24,0.8800421712307362,0.23415114630782297,0.15332515862749543,-0.11490192221053752,2.037834892603296,0.20579999999999998,True
1761,0.24,0.14,0.19,0.22,0.21,0.8775557588996743,0.23360696307346762,0.14373183988884206,-0.11776594198719292,1.983654689391203,0.20579999999999998,True
1762,0.22,0.14,0.19,0.24,0.21,0.8754168577710979,0.23313845254379073,0.14265615695824632,-0.11700483833097142,1.9925539479342924,0.20579999999999998,True
1763,0.24,0.19,0.14,0.21,0.22,0.8614280154917118,0.2300654809376237,0.14552251701067273,-0.10925525256152657,2.105761284182318,0.20579999999999998,True
1764,0.24,0.16,0.16,0.23,0.21,0.8607442867224364,0.229914890048472,0.14167498843816032,-0.11043672137146687,2.081869935952972,0.20579999999999998,True
1765,0.22,0.14,0.24,0.21,0.19,0.860284616643477,0.22981362722311038,0.13707153860237473,-0.11987427862894273,1.917122087003105,0.20579999999999998,True
1766,0.23,0.16,0.16,0.24,0.21,0.859685033119653,0.22968151714878537,0.1411209405844049,-0.11005471106019149,2.086975786281127,0.20579999999999998,True
1767,0.21,0.14,0.24,0.22,0.19,0.8592319779015862,0.22958167375571525,0.13653526035383132,-0.11949168748197492,1.921319202980937,0.20579999999999998,True
1768,0.21,0.19,0.14,0.24,0.22,0.8582318158712456,0.22936120262201287,0.14394762293700686,-0.10810863739626753,2.1215807371736575,0.20579999999999998,True
1769,0.24,0.14,0.22,0.21,0.19,0.8549699497673513,0.22864162155381407,0.13645081417699192,-0.11614261616691657,1.9686281323749193,0.20579999999999998,True
1770,0.21,0.14,0.22,0.24,0.19,0.851827594567961,0.22794760678264558,0.13477327739868047,-0.11499365486883117,1.9822624738961174,0.20579999999999998,True
1771,0.24,0.14,0.21,0.22,0.19,0.8512571944131508,0.22782154507327879,0.1355990259408495,-0.11388348656842062,2.0004791909528055,0.20579999999999998,True
1772,0.19,0.21,0.14,0.24,0.22,0.850381772734301,0.22762802147299954,0.1432290886123581,-0.10674244858157089,2.1324976567222906,0.20579999999999998,True
1773,0.22,0.14,0.21,0.24,0.19,0.8491674771989743,0.22735948421163155,0.13445756036926804,-0.11311711885678777,2.0099476233962483,0.20579999999999998,True
1774,0.24,0.19,0.14,0.22,0.21,0.8448036559307255,0.2263934686054092,0.14058958049229797,-0.1049786078219147,2.156567640804136,0.20579999999999998,True
1775,0.22,0.19,0.14,0.24,0.21,0.8427026487921714,0.22592782693533797,0.13948629854631953,-0.1042111731568397,2.167980842086026,0.20579999999999998,True
1776,0.19,0.22,0.14,0.24,0.21,0.8310226776358702,0.22333274514294654,0.13833679086710293,-0.10213061086693886,2.186736603719292,0.20579999999999998,True
1777,0.24,0.21,0.14,0.22,0.19,0.8054459003274499,0.21761124604351378,0.13094832509411378,-0.0956170317272459,2.275862805114728,0.20579999999999998,True
1778,0.23,0.16,0.24,0.21,0.16,0.8042025581423082,0.2173317380434192,0.12335484991054857,-0.1069277879966799,2.03250943571532,0.20579999999999998,True
1779,0.22,0.21,0.14,0.24,0.19,0.8034087020669718,0.2171532090282695,0.12976070240114618,-0.09484170441061301,2.289638407257151,0.20579999999999998,True
1780,0.21,0.16,0.24,0.23,0.16,0.8021904146148431,0.21687912838720425,0.12213688220787969,-0.10615159489305948,2.043107582186544,0.20579999999999998,True
1781,0.24,0.16,0.23,0.21,0.16,0.8014653531682008,0.2167159511753125,0.123059863615036,-0.10500112816930773,2.06393926383221,0.20579999999999998,True
1782,0.21,0.22,0.14,0.24,0.19,0.799579067507048,0.21629123179210485,0.1293249791580854,-0.09412664755198663,2.297874591492766,0.20579999999999998,True
1783,0.21,0.16,0.23,0.24,0.16,0.7984548371026976,0.21603795691719396,0.12119335381709166,-0.10383624588597173,2.0805640176402087,0.20579999999999998,True
1784,0.22,0.24,0.14,0.21,0.19,0.7949794979795801,0.21525433884930756,0.13015888684563573,-0.09385729814587307,2.293421429144052,0.20579999999999998,True
1785,0.21,0.24,0.14,0.22,0.19,0.7939643693210867,0.21502525717727594,0.12959038520525612,-0.09346828038904675,2.3005158143732585,0.20579999999999998,True
1786,0.22,0.19,0.24,0.21,0.14,0.7598805692996793,0.20728294921642587,0.11347740188681965,-0.09677944105929903,2.141807670592133,0.20579999999999998,True
1787,0.21,0.19,0.24,0.22,0.14,0.7589069996213955,0.2070603351047473,0.11282618866977888,-0.09638684163013833,2.1482220145701243,0.20579999999999998,True
1788,0.24,0.19,0.22,0.21,0.14,0.754313004208085,0.20600877316037658,0.11291176714633798,-0.09281574686363347,2.21954549870776,0.20579999999999998,True
1789,0.21,0.19,0.22,0.24,0.14,0.7514075616816909,0.20534277154727998,0.11086969795990646,-0.09163677006718352,2.240833798449388,0.20579999999999998,True
1790,0.24,0.19,0.21,0.22,0.14,0.7505531993227259,0.20514678973748612,0.11197185243231353,-0.09042955284568643,2.2685812688641622,0.20579999999999998,True
1791,0.22,0.19,0.21,0.24,0.14,0.7486213257179253,0.2047034028348551,0.11058068041316432,-0.08964317848937753,2.2835357501197024,0.20579999999999998,True
1792,0.19,0.21,0.22,0.24,0.14,0.7439395017173791,0.2036275145768709,0.10988689829431925,-0.09017395526368999,2.258163279867406,0.20579999999999998,True
1793,0.24,0.21,0.19,0.22,0.14,0.7375128856821744,0.20214753058517476,0.1104266571029377,-0.0849355984645328,2.3800094923636412,0.20579999999999998,True
1794,0.19,0.22,0.21,0.24,0.14,0.7374437277266714,0.202131584381249,0.10906511534681673,-0.08743371230912278,2.3118266289164384,0.20579999999999998,True
1795,0.22,0.21,0.19,0.24,0.14,0.7355956370410404,0.201705301125372,0.10901377944891101,-0.08414659648117306,2.3970702269639803,0.20579999999999998,True
1796,0.21,0.22,0.19,0.24,0.14,0.7318861009732489,0.20084873992466856,0.10848081483964803,-0.08339982471099894,2.4082633341336055,0.20579999999999998,True
1797,0.22,0.24,0.19,0.21,0.14,0.7273468859829417,0.19979893342491795,0.10944906954113294,-0.08308726764132068,2.404687734917818,0.20579999999999998,True
1798,0.21,0.24,0.19,0.22,0.14,0.7263915957817684,0.1995777645592296,0.1087713641283518,-0.08269136861219084,2.4135259569256506,0.20579999999999998,True
1799,0.19,0.16,0.21,0.18,0.26,0.9545155902631952,0.2502328833289449,0.1675395648642335,-0.1398792427886616,1.7889207743783153,0.2058,True
1800,0.18,0.16,0.21,0.19,0.26,0.9533677235909634,0.24998814164522765,0.16714702616791596,-0.1395056555573464,1.7919570403542913,0.2058,True
1801,0.21,0.16,0.19,0.18,0.26,0.9496404315221485,0.24919276753756536,0.16687046913550282,-0.13634357565462585,1.827682502392336,0.2058,True
1802,0.2,0.15,0.22,0.18,0.25,0.9463959955360055,0.24849960527864123,0.1637579707220226,-0.13872157018129427,1.7913551941048447,0.2058,True
1803,0.18,0.16,0.19,0.21,0.26,0.946212679904328,0.24846041755709947,0.1656397273256805,-0.13522162759117218,1.8374310528807745,0.2058,True
1804,0.21,0.16,0.18,0.19,0.26,0.946051787443607,0.24842602125032953,0.16613896162010203,-0.13419230179870245,1.8512687979895106,0.2058,True
1805,0.18,0.15,0.22,0.2,0.25,0.9441230132540805,0.2480135316283978,0.16293813833623902,-0.13797269813675783,1.797555132121632,0.2058,True
1806,0.19,0.16,0.18,0.21,0.26,0.9437719017413437,0.24793841320867993,0.16530063351908264,-0.1334439429756299,1.8579967563905055,0.2058,True
1807,0.22,0.15,0.2,0.18,0.25,0.9414536666869646,0.24744221208261807,0.16309704603883393,-0.1351709226681982,1.8305875790314041,0.2058,True
1808,0.18,0.15,0.2,0.22,0.25,0.9369287924790592,0.24647255688653913,0.16138443283635515,-0.13367159422810382,1.84386636749425,0.2058,True
1809,0.22,0.15,0.18,0.2,0.25,0.9342299757109895,0.2458934963388426,0.16160435376813542,-0.13084490472128174,1.8792745262999024,0.2058,True
1810,0.21,0.18,0.16,0.19,0.26,0.932991151487587,0.245627512701744,0.16495094964414453,-0.12935305060026614,1.8988923072312809,0.2058,True
1811,0.2,0.15,0.18,0.22,0.25,0.9319780817672074,0.24540991554011704,0.16071121678062888,-0.13009445379123918,1.8863979853739423,0.2058,True
1812,0.19,0.18,0.16,0.21,0.26,0.9307268010690577,0.2451410480248113,0.16410552122116404,-0.1286022099918781,1.9061962313112133,0.2058,True
1813,0.18,0.19,0.16,0.21,0.26,0.9266636188206743,0.24426717438771384,0.1638241607935976,-0.1279657051254922,1.9088487352776917,0.2058,True
1814,0.18,0.21,0.16,0.19,0.26,0.9208091020520921,0.243005872815381,0.1640625984541652,-0.1274407402408516,1.9068146681832012,0.2058,True
1815,0.22,0.18,0.15,0.2,0.25,0.9146131171454015,0.24166821014491147,0.1598200332045487,-0.12349997008669755,1.9568280864785574,0.2058,True
1816,0.24,0.16,0.17,0.19,0.24,0.9138049747197194,0.2414935261036577,0.15709615815382935,-0.1251208570177561,1.930082097099023,0.2058,True
1817,0.17,0.16,0.19,0.24,0.24,0.9132837373196163,0.24138083193172433,0.15542110197734657,-0.12686617697138936,1.902641331945867,0.2058,True
1818,0.2,0.18,0.15,0.22,0.25,0.9123844133736827,0.24118634539235306,0.1589152399933538,-0.12274578463580443,1.9649256885519146,0.2058,True
1819,0.16,0.17,0.19,0.24,0.24,0.9092552854782248,0.24050916897255736,0.15515130556261064,-0.12622492714145694,1.905401527410074,0.2058,True
1820,0.19,0.16,0.17,0.24,0.24,0.908270377258594,0.24029587130259245,0.15474602168755025,-0.12323422093915382,1.9499118789515222,0.2058,True
1821,0.18,0.2,0.15,0.22,0.25,0.9043342227449669,0.23944270032062898,0.15831205117199967,-0.12144622797196192,1.971594378179524,0.2058,True
1822,0.19,0.17,0.16,0.24,0.24,0.9017411074508859,0.23887999369226365,0.15413590055152102,-0.12075721734848721,1.9781839871557476,0.2058,True
1823,0.25,0.15,0.18,0.2,0.22,0.8886920078572089,0.23604054409882225,0.14851254283035095,-0.1197826451748274,1.9705738152159853,0.2058,True
1824,0.18,0.15,0.2,0.25,0.22,0.8884302078821931,0.23598344346683087,0.1466011204560346,-0.12156804242572028,1.941163473213118,0.2058,True
1825,0.2,0.15,0.18,0.25,0.22,0.8832888943063113,0.23486101139469784,0.1459385989011157,-0.1178842355835088,1.9923021108986458,0.2058,True
1826,0.22,0.15,0.25,0.18,0.2,0.8779174848339535,0.23368616128876218,0.14293795802688658,-0.1259629435063705,1.8551976857935497,0.2058,True
1827,0.18,0.16,0.19,0.26,0.21,0.8653859245632294,0.2309364843919739,0.14094644829893094,-0.11491230075781367,2.009675925632104,0.2058,True
1828,0.2,0.18,0.15,0.25,0.22,0.8636834862194993,0.230561985797068,0.14405342927893347,-0.11028948010825812,2.09051657121561,0.2058,True
1829,0.19,0.16,0.18,0.26,0.21,0.8627865779032191,0.23036459415991972,0.1406162462452588,-0.11304516281206645,2.0378102736062456,0.2058,True
1830,0.18,0.15,0.22,0.25,0.2,0.8626197347905187,0.230327868327588,0.1383410903595495,-0.11774832706025606,1.9561031063288137,0.2058,True
1831,0.18,0.2,0.15,0.25,0.22,0.8558147957144913,0.22882807894840673,0.14337066079061372,-0.10893350415166791,2.1006216657623518,0.2058,True
1832,0.25,0.15,0.18,0.22,0.2,0.8552524439631861,0.2287039742872632,0.13875250512963738,-0.11140902145472298,2.0528317303299293,0.2058,True
1833,0.22,0.15,0.18,0.25,0.2,0.8521002032059739,0.22800784571374622,0.13704874051657823,-0.11026093971060524,2.0678931842244737,0.2058,True
1834,0.19,0.18,0.16,0.26,0.21,0.849728007701235,0.22748345820067528,0.13931849971730548,-0.10793026692283558,2.1076892023561276,0.2058,True
1835,0.18,0.19,0.16,0.26,0.21,0.8458160210459595,0.22661771067150083,0.13897220486251805,-0.10724712561875416,2.1130422784204903,0.2058,True
1836,0.22,0.15,0.25,0.2,0.18,0.8441450300185347,0.22624753683259913,0.1332450517112955,-0.11765892030551506,1.9229101902781456,0.2058,True
1837,0.2,0.15,0.25,0.22,0.18,0.8420665768263158,0.22578678587921663,0.13215701287877107,-0.11689019507962783,1.931614415780608,0.2058,True
1838,0.18,0.16,0.21,0.26,0.19,0.8392806353034852,0.22516865509111827,0.13263011987836487,-0.11099696280223326,2.0286019491570078,0.2058,True
1839,0.26,0.16,0.18,0.21,0.19,0.8364817128355915,0.2245470152097624,0.1346094273284102,-0.10722685849280644,2.0941303174038866,0.2058,True
1840,0.25,0.18,0.15,0.22,0.2,0.8355914577837171,0.22434915741203043,0.1368436484724536,-0.10365238642494679,2.164437936742329,0.2058,True
1841,0.22,0.18,0.15,0.25,0.2,0.8324731514507686,0.22365561372429354,0.13511259352515867,-0.1024985835848482,2.1820361404228743,0.2058,True
1842,0.21,0.16,0.18,0.26,0.19,0.8313080027491857,0.22339627062755252,0.13166575839602246,-0.10530357829016423,2.121449947427082,0.2058,True
1843,0.2,0.15,0.22,0.25,0.18,0.8309392226415822,0.22331416327032083,0.12943281305230844,-0.11008075058968247,2.0286395402835433,0.2058,True
1844,0.24,0.16,0.17,0.24,0.19,0.830700746835821,0.2232610617531734,0.13258687168393793,-0.10416165094229768,2.1434094000377653,0.2058,True
1845,0.25,0.15,0.2,0.22,0.18,0.8286434685237898,0.22280277502266221,0.13061816633893514,-0.10743153820300577,2.073904728066423,0.2058,True
1846,0.22,0.15,0.2,0.25,0.18,0.8255645421505544,0.22211625962573933,0.12880579851666887,-0.10627548938400333,2.0900045806721304,0.2058,True
1847,0.24,0.17,0.16,0.24,0.19,0.8241519730139026,0.2218010374406416,0.13193609146239785,-0.10154619097346962,2.1842378853835127,0.2058,True
1848,0.19,0.16,0.21,0.26,0.18,0.8233598976309855,0.22162421045823222,0.12814860393250477,-0.10710919991127466,2.069142619325115,0.2058,True
1849,0.26,0.16,0.19,0.21,0.18,0.8231007680841351,0.22156634992719448,0.1305537458552335,-0.10521226234622161,2.1058985424920045,0.2058,True
1850,0.21,0.18,0.16,0.26,0.19,0.8182372575530779,0.2204793674218215,0.1303304199017345,-0.1000750600660889,2.2031399958812754,0.2058,True
1851,0.21,0.16,0.19,0.26,0.18,0.8179879383058106,0.22042359298156966,0.12751561742048032,-0.10328230630292179,2.1341854270283083,0.2058,True
1852,0.19,0.16,0.24,0.24,0.17,0.8173998363943642,0.22029201030995682,0.12591624561473916,-0.10969045479367523,2.008306107621854,0.2058,True
1853,0.18,0.22,0.15,0.25,0.2,0.8169896836024089,0.22020022539642747,0.1335542378786905,-0.09970319175235753,2.208557434584041,0.2058,True
1854,0.16,0.19,0.21,0.26,0.18,0.8117889405802627,0.2190351914700095,0.12704920606583314,-0.10503556274746317,2.085343151791698,0.2058,True
1855,0.18,0.21,0.16,0.26,0.19,0.8066922736909163,0.2178913066848529,0.1291411392531268,-0.09796236674466452,2.2242348151181255,0.2058,True
1856,0.26,0.19,0.16,0.21,0.18,0.803449914176622,0.2171624784426225,0.12854454052640857,-0.09729905819914852,2.2319073016939326,0.2058,True
1857,0.16,0.21,0.19,0.26,0.18,0.7987842677118895,0.21611218439371505,0.12556879470479534,-0.0997789755800026,2.1659090318123853,0.2058,True
1858,0.21,0.19,0.16,0.26,0.18,0.798393071094545,0.21602403875888143,0.12545174971756717,-0.09535946455621258,2.2653654754063703,0.2058,True
1859,0.19,0.17,0.24,0.24,0.16,0.797362386182523,0.21579174040974136,0.1211234065077908,-0.1050671425131584,2.053846095440504,0.2058,True
1860,0.25,0.2,0.15,0.22,0.18,0.7959107242887649,0.21546441052458642,0.12725179386652,-0.09423912696524628,2.2863583042746765,0.2058,True
1861,0.22,0.2,0.15,0.25,0.18,0.7928877846117801,0.2147822124094365,0.12538476022020795,-0.09307344084569713,2.3076638239421667,0.2058,True
1862,0.19,0.21,0.16,0.26,0.18,0.7907603673470982,0.21430165028304882,0.12460360257569954,-0.09392922202070009,2.2815226792341696,0.2058,True
1863,0.2,0.22,0.15,0.25,0.18,0.7852737898268927,0.21306052844987788,0.1244959529599958,-0.09163219286876123,2.3251711192269564,0.2058,True
1864,0.19,0.18,0.21,0.26,0.16,0.7833785979468353,0.21263122511822963,0.1184465129824534,-0.09776380911314353,2.1749482456452602,0.2058,True
1865,0.2,0.18,0.25,0.22,0.15,0.7819396110752437,0.21230505921568876,0.1179114884295431,-0.10309956797653574,2.0592235581821923,0.2058,True
1866,0.18,0.19,0.21,0.26,0.16,0.7795857562395907,0.21177114728030344,0.11802438638760457,-0.09705107427960824,2.1820587649569116,0.2058,True
1867,0.21,0.18,0.19,0.26,0.16,0.7779050369460849,0.2113896307755656,0.1178326203572308,-0.09384314680788308,2.2525846368763105,0.2058,True
1868,0.2,0.25,0.15,0.22,0.18,0.7768941382057095,0.2111600450106721,0.124899971498612,-0.09062688777295014,2.32999334082504,0.2058,True
1869,0.26,0.19,0.18,0.21,0.16,0.7763189055376749,0.211029364726808,0.12040968102036341,-0.09310070610971122,2.266678455457985,0.2058,True
1870,0.18,0.2,0.25,0.22,0.15,0.7743629402480465,0.21058480098222865,0.11703440246607409,-0.10168642867173294,2.070923364434841,0.2058,True
1871,0.21,0.19,0.18,0.26,0.16,0.7713825330003321,0.20990676711166278,0.11710044329799864,-0.0911475407102621,2.302933962627802,0.2058,True
1872,0.2,0.18,0.22,0.25,0.15,0.7707264210819116,0.20975740144580568,0.11500742064460359,-0.09606399468069404,2.1835173744649676,0.2058,True
1873,0.25,0.18,0.2,0.22,0.15,0.7681374859624657,0.20916766297496037,0.11645351384004854,-0.09329195680947788,2.24207606023449,0.2058,True
1874,0.18,0.21,0.19,0.26,0.16,0.7665753884912307,0.2088115512718256,0.11649072684946797,-0.09167542084332769,2.2777266725470757,0.2058,True
1875,0.22,0.18,0.2,0.25,0.15,0.7652005304823248,0.20849795083713252,0.11441159783773107,-0.09211790557799449,2.2633813646642373,0.2058,True
1876,0.19,0.21,0.18,0.26,0.16,0.7638457282118583,0.20818876569977607,0.11618050329020962,-0.08969243455506237,2.3211407598928373,0.2058,True
1877,0.18,0.2,0.22,0.25,0.15,0.7631913110585375,0.20803936168620707,0.11410895302959086,-0.09462499671475189,2.198566646330716,0.2058,True
1878,0.25,0.2,0.18,0.22,0.15,0.7550738182538492,0.2061830496478274,0.11498062158929538,-0.08784976491073726,2.3469960318883802,0.2058,True
1879,0.22,0.2,0.18,0.25,0.15,0.7521589150456911,0.20551507149758286,0.11290921665974635,-0.08667179814975401,2.3711873514206783,0.2058,True
1880,0.18,0.22,0.2,0.25,0.15,0.7501955495143213,0.2050647296673056,0.11250949389112751,-0.0891999881845369,2.2989322514602555,0.2058,True
1881,0.2,0.22,0.18,0.25,0.15,0.7446890493254601,0.20379989080298588,0.11190508426532067,-0.0851925649315971,2.3922262578503313,0.2058,True
1882,0.2,0.25,0.18,0.22,0.15,0.7364174732767366,0.2018949044025693,0.1123319655519878,-0.08414206193862961,2.399452779631484,0.2058,True
1883,0.21,0.15,0.23,0.17,0.24,0.9351460157860607,0.2460901030772047,0.16014751566832744,-0.13731019158709612,1.7922202294875487,0.206,True
1884,0.17,0.15,0.21,0.23,0.24,0.9234312008222931,0.24357109624574802,0.15686013777609312,-0.13148164186726075,1.8525103032379902,0.206,True
1885,0.21,0.15,0.24,0.17,0.23,0.9226173010414309,0.24339570583747672,0.15612465129406397,-0.13550837449238173,1.796167260874053,0.206,True
1886,0.23,0.15,0.17,0.21,0.24,0.9156170690144949,0.2418851509226818,0.15647563094051348,-0.12501115623520254,1.934908517025364,0.206,True
1887,0.21,0.15,0.17,0.23,0.24,0.9134007830598871,0.24140613959698354,0.1555205717852326,-0.12425735995240039,1.9427914748024555,0.206,True
1888,0.17,0.15,0.21,0.24,0.23,0.9072956622332002,0.24008470885492472,0.15193192706337427,-0.12746503779489315,1.883533814513517,0.206,True
1889,0.23,0.17,0.15,0.21,0.24,0.902523234365936,0.2390497692683602,0.1552847691320369,-0.12005621828357993,1.9911485859375515,0.206,True
1890,0.24,0.15,0.17,0.21,0.23,0.9004173033271881,0.23859253062493235,0.1521012497869997,-0.1213048026676099,1.9668844545150062,0.206,True
1891,0.21,0.17,0.15,0.23,0.24,0.900322333357024,0.23857190283557195,0.15432119418625492,-0.11929992466868278,1.999765745855488,0.206,True
1892,0.21,0.15,0.17,0.24,0.23,0.8971381758947732,0.2378798951622123,0.1505994775912065,-0.12016965252807321,1.9795338519984522,0.206,True
1893,0.24,0.17,0.15,0.21,0.23,0.8873133659147721,0.23573979215441354,0.15089664898481062,-0.11629638544038634,2.0270603532665596,0.206,True
1894,0.17,0.15,0.24,0.23,0.21,0.8854914178790505,0.23534210781212894,0.14457069121253227,-0.12593785841309035,1.8687161333185478,0.206,True
1895,0.21,0.17,0.15,0.24,0.23,0.8840572024563909,0.23502887524804095,0.14938095351568254,-0.11515747321846004,2.040934632198627,0.206,True
1896,0.24,0.15,0.17,0.23,0.21,0.8673015291592236,0.23135760245482273,0.14230545929112096,-0.11298925236455604,2.047607162744605,0.206,True
1897,0.23,0.15,0.17,0.24,0.21,0.8662384834514105,0.23112394276623416,0.14175420989210533,-0.11260787401647276,2.0524669769755564,0.206,True
1898,0.24,0.17,0.15,0.23,0.21,0.8541962934621219,0.2284708260322741,0.14106171988982744,-0.10786845530019618,2.118050410534233,0.206,True
1899,0.23,0.17,0.15,0.24,0.21,0.8531408267826321,0.22823774025776267,0.1405049146509296,-0.10748581246793021,2.1234220127969015,0.206,True
1900,0.23,0.15,0.24,0.21,0.17,0.8243220632968984,0.22183900259299638,0.12806124971298147,-0.11153363613843748,1.9889874505449279,0.206,True
1901,0.21,0.15,0.24,0.23,0.17,0.822278268551615,0.22138265927876377,0.12688947497750488,-0.11076143811688122,1.9987340634305353,0.206,True
1902,0.24,0.15,0.23,0.21,0.17,0.8216102012420132,0.22123341763244508,0.12776087454539767,-0.10963001634413205,2.0180004072788464,0.206,True
1903,0.21,0.15,0.23,0.24,0.17,0.818552237801563,0.22054982339234885,0.12596559193118972,-0.1084711258488874,2.033258359460561,0.206,True
1904,0.23,0.17,0.24,0.21,0.15,0.7839727989018173,0.21276585763963163,0.11866938540461797,-0.10225004460431841,2.080838775796932,0.206,True
1905,0.21,0.17,0.24,0.23,0.15,0.7819921242191845,0.21231696511922693,0.11740175195479521,-0.10146982527166548,2.0924148095336723,0.206,True
1906,0.24,0.17,0.23,0.21,0.15,0.7812107987404935,0.21213979700985042,0.11838053365230121,-0.10029985432760902,2.115055883500479,0.206,True
1907,0.21,0.17,0.23,0.24,0.15,0.7782474564904542,0.21146737813085403,0.11643739088512403,-0.09912893379404164,2.1332558521230127,0.206,True
1908,0.17,0.16,0.19,0.23,0.25,0.9292650600898549,0.2448268109209506,0.16035241192615152,-0.13088062189731842,1.8706116105792037,0.20600000000000002,True
1909,0.23,0.16,0.17,0.19,0.25,0.9288043608448446,0.24472773941109294,0.16146789267265016,-0.1287873333536127,1.9002469655858274,0.20600000000000002,True
1910,0.16,0.17,0.19,0.23,0.25,0.9252065017882627,0.24395349109981868,0.1600936736468484,-0.13024828038944924,1.8729881912481672,0.20600000000000002,True
1911,0.19,0.16,0.17,0.23,0.25,0.9243160538754909,0.24376172051586975,0.15967415956291742,-0.1272839444451871,1.9151018738332866,0.20600000000000002,True
1912,0.23,0.17,0.16,0.19,0.25,0.9222615410517625,0.24331902619424595,0.160875065483329,-0.12633968934593254,1.9259112275320749,0.20600000000000002,True
1913,0.19,0.17,0.16,0.23,0.25,0.9177886941971236,0.24235415132775717,0.15907356298973327,-0.12483381072756605,1.941414348526653,0.20600000000000002,True
1914,0.17,0.19,0.16,0.23,0.25,0.9097199019031923,0.24060976364415154,0.15850321848331855,-0.12354379879600241,1.9475664985941576,0.20600000000000002,True
1915,0.17,0.16,0.19,0.25,0.23,0.8971299642657931,0.2378781095417175,0.15046947552147594,-0.12280377095957429,1.9370586724085572,0.20600000000000002,True
1916,0.19,0.16,0.17,0.25,0.23,0.8920532183699605,0.23677318215796106,0.14979779516978506,-0.11913594697735219,1.9874201545816543,0.20600000000000002,True
1917,0.19,0.17,0.16,0.25,0.23,0.8855226250064756,0.23534892168071608,0.14917761472848293,-0.11663160294385433,2.0178829385892216,0.20600000000000002,True
1918,0.17,0.19,0.16,0.25,0.23,0.8775745945125235,0.23361108729458868,0.14855792924136973,-0.11530470762761014,2.0260325194098985,0.20600000000000002,True
1919,0.17,0.16,0.25,0.23,0.19,0.8529711026987361,0.22820025069131655,0.13572056676690883,-0.11964259262489485,1.907349595864854,0.20600000000000002,True
1920,0.25,0.16,0.17,0.23,0.19,0.8317329572394359,0.22349087130764023,0.13319668864656806,-0.10454658304997366,2.1377156936904456,0.20600000000000002,True
1921,0.23,0.16,0.17,0.25,0.19,0.8296686485324842,0.22303119076161648,0.13199575028411895,-0.10377688335289403,2.1491413458929705,0.20600000000000002,True
1922,0.25,0.17,0.16,0.23,0.19,0.8251804315953417,0.22203055945093153,0.13254928165976324,-0.10193176166685114,2.1782274319618407,0.20600000000000002,True
1923,0.23,0.17,0.16,0.25,0.19,0.8231236260567243,0.22157145405980883,0.13134166368717307,-0.10116078558457442,2.1902899703617495,0.20600000000000002,True
1924,0.19,0.16,0.25,0.23,0.17,0.8211146556907116,0.22112269258572081,0.12686119571810534,-0.1119778232159575,1.9747007598037458,0.20600000000000002,True
1925,0.19,0.16,0.23,0.25,0.17,0.8136833518302966,0.219459822034618,0.12498683010931622,-0.10739590996756343,2.043465361957462,0.20600000000000002,True
1926,0.23,0.17,0.25,0.19,0.16,0.8051167481678057,0.21753726389360728,0.1244357748576638,-0.10893289842404708,1.9969840795642104,0.20600000000000002,True
1927,0.19,0.17,0.25,0.23,0.16,0.8010867956458043,0.21663073829105084,0.12208906008007032,-0.10737949524268586,2.01743114736616,0.20600000000000002,True
1928,0.19,0.17,0.23,0.25,0.16,0.7936363534583448,0.21495121614174928,0.12017364501150514,-0.10274747868268008,2.092033973948824,0.20600000000000002,True
1929,0.2,0.15,0.2,0.19,0.26,0.9550394943078533,0.25034455535509514,0.16707446161943784,-0.13835824155773702,1.809393878792729,0.20620000000000002,True
1930,0.19,0.15,0.2,0.2,0.26,0.9538930163532422,0.2501001535140084,0.16666595558535935,-0.13798487860961117,1.812518560251775,0.20620000000000002,True
1931,0.2,0.15,0.19,0.2,0.26,0.951451462981107,0.24957935357450145,0.1663292959950747,-0.13621678662523917,1.8322217089230446,0.20620000000000002,True
1932,0.2,0.14,0.21,0.2,0.25,0.9457443278688116,0.2483602858991869,0.1628624190465856,-0.13682128649342684,1.8152167127234153,0.20620000000000002,True
1933,0.21,0.14,0.2,0.2,0.25,0.9432691756543499,0.2478308419142381,0.16252982517392342,-0.13504570600292176,1.83516269601994,0.20620000000000002,True
1934,0.2,0.14,0.2,0.21,0.25,0.9421367151315254,0.24758845459931367,0.1620943736460089,-0.13467129831379865,1.8384648971186561,0.20620000000000002,True
1935,0.2,0.19,0.15,0.2,0.26,0.9253457344760285,0.24398347148653432,0.16394649126474045,-0.12653554317183446,1.9281813265321532,0.20620000000000002,True
1936,0.2,0.2,0.15,0.19,0.26,0.9224189031094674,0.24335294479648928,0.1640665522919709,-0.1262708170162924,1.9272303018764034,0.20620000000000002,True
1937,0.19,0.2,0.15,0.2,0.26,0.9212918436836932,0.24310997192544148,0.16364925227825172,-0.12589434795071586,1.9310634344014577,0.20620000000000002,True
1938,0.21,0.2,0.14,0.2,0.25,0.904072405615828,0.23938590913767444,0.1589140478751689,-0.12036866982119743,1.9887725725745087,0.20620000000000002,True
1939,0.2,0.2,0.14,0.21,0.25,0.9029631345740914,0.23914523755900352,0.15846703924229508,-0.11999052288479417,1.9930343814620484,0.20620000000000002,True
1940,0.2,0.14,0.25,0.2,0.21,0.8953027664339817,0.23748065676285623,0.14667747400399883,-0.12954241823596213,1.833226984618151,0.20620000000000002,True
1941,0.25,0.14,0.2,0.2,0.21,0.8823139869867511,0.23464794296862035,0.1450888085824402,-0.12037949022131933,1.949235227173806,0.20620000000000002,True
1942,0.21,0.14,0.25,0.2,0.2,0.8797400760515368,0.23408505452137018,0.14230227178111135,-0.12585071479596965,1.8600216526451283,0.20620000000000002,True
1943,0.2,0.14,0.25,0.21,0.2,0.87866994322731,0.2338508759835547,0.1418034504193955,-0.1254698404704353,1.8638014929066353,0.20620000000000002,True
1944,0.2,0.14,0.2,0.25,0.21,0.8769536952471491,0.23347512146886396,0.14245357626734248,-0.11847771024308795,1.9706248625992921,0.20620000000000002,True
1945,0.25,0.14,0.21,0.2,0.2,0.8692308707158221,0.2317814493449022,0.14104879689069552,-0.11846140493833257,1.956598855682664,0.20620000000000002,True
1946,0.25,0.14,0.2,0.21,0.2,0.8655286974660392,0.2309678808985547,0.14022845434294606,-0.11621559266310821,1.9874087082969698,0.20620000000000002,True
1947,0.2,0.14,0.21,0.25,0.2,0.8639322284303304,0.23061671777909076,0.13833566449899312,-0.116553067542565,1.9786413403050922,0.20620000000000002,True
1948,0.2,0.15,0.26,0.2,0.19,0.8626924012695085,0.23034386408469132,0.13796001222376753,-0.12330592732545154,1.8680680570750317,0.20620000000000002,True
1949,0.21,0.14,0.2,0.25,0.2,0.86130018548251,0.23003732925104936,0.1380135047799701,-0.11468813747716122,2.0057639291322396,0.20620000000000002,True
1950,0.26,0.15,0.19,0.2,0.2,0.8600075435265095,0.2297525814592647,0.14014439739514117,-0.11405556593149446,2.0143916658768033,0.20620000000000002,True
1951,0.19,0.15,0.2,0.26,0.2,0.8563183046375777,0.2289391763901385,0.13712981225578935,-0.11363596418836186,2.0146718340916365,0.20620000000000002,True
1952,0.2,0.15,0.19,0.26,0.2,0.8536874757272137,0.22835847145147903,0.13680479903460016,-0.11176057168123776,2.0432829576319675,0.20620000000000002,True
1953,0.26,0.15,0.2,0.2,0.19,0.8467672021939336,0.22682832559033295,0.1361036224583858,-0.11209061523105934,2.023615671327681,0.20620000000000002,True
1954,0.2,0.15,0.2,0.26,0.19,0.8405206522519584,0.22544386089360624,0.1326612487096914,-0.10978768094926872,2.0534531647296617,0.20620000000000002,True
1955,0.2,0.2,0.14,0.25,0.21,0.8377552861911313,0.22482995375376125,0.1385779945788104,-0.10313565598776431,2.1799439931853866,0.20620000000000002,True
1956,0.2,0.19,0.15,0.26,0.2,0.8275569187235678,0.2225605925383829,0.13417262312360162,-0.10141788527977447,2.194490566672934,0.20620000000000002,True
1957,0.25,0.2,0.14,0.21,0.2,0.8262197757360807,0.22226242321293044,0.1363711065765645,-0.10071990766144445,2.206737757941893,0.20620000000000002,True
1958,0.19,0.2,0.15,0.26,0.2,0.8236848200666842,0.22169675400826327,0.13379147270297995,-0.10071960827598614,2.2011280405378706,0.20620000000000002,True
1959,0.21,0.2,0.14,0.25,0.2,0.8220817527866324,0.2213387627948944,0.13408389573449478,-0.09917717536064685,2.231751025273914,0.20620000000000002,True
1960,0.2,0.21,0.14,0.25,0.2,0.8182189932976656,0.22047528175464204,0.13368370252412898,-0.09847358016028362,2.2389282627459925,0.20620000000000002,True
1961,0.2,0.2,0.15,0.26,0.19,0.8078732989621784,0.21815656474270795,0.12927309670303616,-0.09672818640851,2.255356714963849,0.20620000000000002,True
1962,0.2,0.19,0.2,0.26,0.15,0.7604644799185045,0.2074164254316817,0.1132846619522465,-0.09100001923608048,2.2793008965589694,0.20620000000000002,True
1963,0.19,0.2,0.2,0.26,0.15,0.7567120120434567,0.2065581329135764,0.11281858627146588,-0.09027116371930277,2.2881961902680983,0.20620000000000002,True
1964,0.2,0.2,0.19,0.26,0.15,0.7539530771969993,0.20592630862782402,0.11251634920858464,-0.0882789753435782,2.332676697099928,0.20620000000000002,True
1965,0.25,0.2,0.2,0.21,0.14,0.7449905996500679,0.20386922551451492,0.11192148647171174,-0.0880854958895867,2.3144471567721054,0.20620000000000002,True
1966,0.2,0.2,0.21,0.25,0.14,0.7439260655105233,0.2036244241522196,0.10941054871829684,-0.08851540065147179,2.3004406312748675,0.20620000000000002,True
1967,0.21,0.2,0.2,0.25,0.14,0.7411414878441838,0.2029836082959442,0.10911832249594462,-0.0865101199638667,2.3463568005769244,0.20620000000000002,True
1968,0.2,0.21,0.2,0.25,0.14,0.737422565919589,0.20212670487987072,0.10860888703767686,-0.08576915244333394,2.3566363794187195,0.20620000000000002,True
1969,0.19,0.17,0.19,0.18,0.27,0.960047070941586,0.25141093286559,0.17101777102406765,-0.1392723364830516,1.8051749486961817,0.2064,True
1970,0.18,0.17,0.19,0.19,0.27,0.9588904399321494,0.2511647865149149,0.17063332711514362,-0.13889939687348052,1.8082496552788758,0.2064,True
1971,0.19,0.15,0.21,0.19,0.26,0.9574763307775251,0.25086371371851435,0.16742516595143123,-0.14012007881562438,1.7903480774415699,0.2064,True
1972,0.19,0.17,0.18,0.19,0.27,0.9564857023418631,0.250652716262064,0.17029336931262412,-0.13713574353565905,1.827770862648128,0.2064,True
1973,0.21,0.15,0.19,0.19,0.26,0.9525953613151772,0.24982340892690047,0.1667548793709234,-0.136590422867787,1.8289965261233403,0.2064,True
1974,0.19,0.15,0.19,0.21,0.26,0.9503076924258487,0.2493352300974052,0.16592017340934836,-0.13584330267873457,1.8354620741743575,0.2064,True
1975,0.19,0.18,0.17,0.19,0.27,0.9499685942931417,0.24926283551012207,0.16969865667567388,-0.1347436595033642,1.8499040060871927,0.2064,True
1976,0.22,0.16,0.18,0.18,0.26,0.9471919212106479,0.24866972325059433,0.16658269893971475,-0.13456671080668614,1.847928969653012,0.2064,True
1977,0.19,0.19,0.17,0.18,0.27,0.9470175288119331,0.24863245328332395,0.16981681217159425,-0.13449381494817858,1.8486534371794257,0.2064,True
1978,0.21,0.14,0.21,0.19,0.25,0.9468794901181066,0.24860295100650753,0.1632970586728717,-0.13719557314372555,1.812033328116732,0.2064,True
1979,0.18,0.19,0.17,0.19,0.27,0.9458687027985253,0.24838687829309536,0.1694291520064929,-0.1341196369769051,1.8519799478421393,0.2064,True
1980,0.19,0.14,0.21,0.21,0.25,0.944609292288771,0.2481175534749931,0.1624445153400771,-0.13644715261937024,1.8184150325740835,0.2064,True
1981,0.18,0.16,0.18,0.22,0.26,0.942632149882707,0.24769450706136342,0.16490643332629532,-0.13306999297285216,1.861385136706936,0.2064,True
1982,0.21,0.14,0.19,0.21,0.25,0.9396568901419686,0.24705735349102187,0.1617762812805209,-0.13288938836979047,1.8591202542338212,0.2064,True
1983,0.22,0.14,0.22,0.18,0.24,0.9355896203430412,0.24618529019782964,0.1596895352275659,-0.1357768467622632,1.8131610511539182,0.2064,True
1984,0.16,0.18,0.18,0.22,0.26,0.9344711113220532,0.24594525651945753,0.16439283265340024,-0.13181456448007334,1.8658428034076429,0.2064,True
1985,0.22,0.18,0.16,0.18,0.26,0.9341235161847552,0.24587064324632557,0.1653983875063418,-0.12972870263971703,1.895267880147991,0.2064,True
1986,0.18,0.14,0.22,0.22,0.24,0.9310995414166661,0.24522115232907038,0.15793992659705683,-0.13427489892031075,1.8262620512163172,0.2064,True
1987,0.18,0.18,0.16,0.22,0.26,0.9295948154242635,0.24489771378687486,0.16370792702341155,-0.12822702123237617,1.9098760263881136,0.2064,True
1988,0.21,0.19,0.15,0.19,0.26,0.926474096574367,0.24422638362223648,0.16437927472387515,-0.12691166258499276,1.9243809327505896,0.2064,True
1989,0.19,0.19,0.15,0.21,0.26,0.9242174982524911,0.243740491528601,0.16353037290671704,-0.12615957890461182,1.9320014670696635,0.2064,True
1990,0.21,0.13,0.22,0.21,0.23,0.9212000861057754,0.24309018652987557,0.15424744455369976,-0.13167320323499854,1.8461629288081494,0.2064,True
1991,0.22,0.14,0.18,0.22,0.24,0.9210654438779835,0.24306115291265717,0.15661058209470188,-0.12708998304666586,1.9125122774106291,0.2064,True
1992,0.22,0.13,0.21,0.21,0.23,0.9186597407538031,0.24254216955482333,0.1539210771113617,-0.12987265966338424,1.8675383270310022,0.2064,True
1993,0.19,0.21,0.15,0.19,0.26,0.9183688122655369,0.2424793780271417,0.16377012618779455,-0.1256283264318504,1.9301329955921962,0.2064,True
1994,0.21,0.13,0.21,0.22,0.23,0.9175537721987435,0.24230343290323342,0.15344474522288792,-0.1294959208595975,1.8711279188936343,0.2064,True
1995,0.16,0.16,0.2,0.24,0.24,0.9157796577169339,0.24192027706719865,0.15580900219938762,-0.12867280724735342,1.8801196790720873,0.2064,True
1996,0.22,0.14,0.24,0.18,0.22,0.9103163811340811,0.24073888417479505,0.15164203298739995,-0.13214278508556165,1.8218087655630846,0.2064,True
1997,0.24,0.16,0.16,0.2,0.24,0.9101701223793814,0.24070722586532134,0.1563773438661959,-0.12291891934997956,1.9582601859683642,0.2064,True
1998,0.21,0.13,0.23,0.21,0.22,0.9084807642555339,0.24034144014464776,0.15019657802822445,-0.1298383011831169,1.8510827541226316,0.2064,True
1999,0.21,0.19,0.14,0.21,0.25,0.9069814641514173,0.24001662558858894,0.15879331564300775,-0.12064427652455567,1.9894572084382012,0.2064,True
2000,0.18,0.14,0.24,0.22,0.22,0.9059262978232034,0.2397879279091577,0.14979637627953948,-0.13063052769271932,1.8356193773725547,0.2064,True
2001,0.2,0.16,0.16,0.24,0.24,0.9057529458559126,0.23975034737793832,0.1544591045496407,-0.12140883058290142,1.9747356615401213,0.2064,True
2002,0.24,0.14,0.22,0.18,0.22,0.9051847985267953,0.23962716418801944,0.15100454365671342,-0.1285204081566087,1.8645067162875912,0.2064,True
2003,0.23,0.13,0.21,0.21,0.22,0.9033391510829951,0.23922682997905942,0.14955140229742994,-0.12620861850499854,1.8954872718901108,0.2064,True
2004,0.21,0.13,0.21,0.23,0.22,0.9011573847984882,0.23875325520828738,0.14855209963346916,-0.125452163975738,1.903141784421203,0.2064,True
2005,0.18,0.14,0.22,0.24,0.22,0.8986310687595893,0.23820443944478353,0.14811506603803754,-0.12624963688867186,1.8867732637903307,0.2064,True
2006,0.21,0.14,0.25,0.19,0.21,0.8963879277044071,0.23771673225399303,0.14716092895403957,-0.1299218622174947,1.8296900013336106,0.2064,True
2007,0.22,0.18,0.14,0.22,0.24,0.8948931676497891,0.2373915256264696,0.15422071196544815,-0.11717733775884465,2.0259167017007185,0.2064,True
2008,0.19,0.14,0.25,0.21,0.21,0.8942177254905757,0.23724451732573515,0.14621219693361862,-0.12916313189470108,1.83678201237135,0.2064,True
2009,0.22,0.13,0.23,0.21,0.21,0.8930309355128074,0.2369861307689347,0.14582072903941448,-0.12616404531083392,1.8783967348626567,0.2064,True
2010,0.21,0.13,0.23,0.22,0.21,0.8919498483930488,0.23675066369665898,0.1453174081825736,-0.1257847163602126,1.8821894308579639,0.2064,True
2011,0.24,0.14,0.18,0.22,0.22,0.8905078287895773,0.23643644375028283,0.14784629175828773,-0.11968108619017859,1.9755539599179002,0.2064,True
2012,0.23,0.13,0.22,0.21,0.21,0.8904301098819416,0.23641950405368584,0.1455021753620166,-0.1243347109784364,1.9014762827951441,0.2064,True
2013,0.22,0.14,0.18,0.24,0.22,0.8883441762798117,0.23596467814605626,0.1468011518098438,-0.11892259010507533,1.9841871753513536,0.2064,True
2014,0.21,0.13,0.22,0.23,0.21,0.8882731572082905,0.23594918694779854,0.14447445861571057,-0.123575657215096,1.9093500472921214,0.2064,True
2015,0.23,0.13,0.21,0.22,0.21,0.8867462569218272,0.23561603431168998,0.14467700017092386,-0.12211913057451695,1.9293949539537325,0.2064,True
2016,0.22,0.13,0.21,0.23,0.21,0.885670391115708,0.23538118440637312,0.14415254520227336,-0.12173940651797377,1.9334839156754156,0.2064,True
2017,0.19,0.14,0.21,0.25,0.21,0.879552780206952,0.234044074750001,0.14279819171579675,-0.1203244452490223,1.9451082800807904,0.2064,True
2018,0.18,0.22,0.14,0.22,0.24,0.8789505996378904,0.23391230098789362,0.15289771788950057,-0.11452165424505545,2.042515911334672,0.2064,True
2019,0.25,0.14,0.19,0.21,0.21,0.8786253852996293,0.233841123386628,0.14429628016654558,-0.11814673345276505,1.9792432389179633,0.2064,True
2020,0.18,0.16,0.18,0.26,0.22,0.8782412699200388,0.23375704390482577,0.1451462875550109,-0.11684361902094353,2.000597429825639,0.2064,True
2021,0.21,0.14,0.19,0.25,0.21,0.8743475831190484,0.23290410223348856,0.14214546573817505,-0.11662452593928763,1.9970422203879632,0.2064,True
2022,0.19,0.15,0.19,0.26,0.21,0.8693296806275617,0.23180314852093997,0.14129054346338557,-0.1155792045322166,2.00557833443409,0.2064,True
2023,0.22,0.21,0.13,0.21,0.23,0.8663411661963001,0.2311465165214306,0.14896660052050723,-0.10987390609276593,2.10374350690941,0.2064,True
2024,0.21,0.21,0.13,0.22,0.23,0.8652658144306433,0.2309100703059368,0.14847198555389063,-0.10949213811813763,2.1089191815470265,0.2064,True
2025,0.18,0.18,0.16,0.26,0.22,0.8651906603802817,0.23089354218471536,0.14386685578739183,-0.11178402349468641,2.065532577611064,0.2064,True
2026,0.24,0.18,0.14,0.22,0.22,0.864297489704162,0.23069707920298965,0.14539947098665815,-0.10955257710375943,2.1058115226672562,0.2064,True
2027,0.21,0.14,0.25,0.21,0.19,0.8629315495904761,0.23039650383056887,0.1374385780559015,-0.12173030797593287,1.8926798729213783,0.2064,True
2028,0.21,0.22,0.13,0.21,0.23,0.8623963365233385,0.2302786900292284,0.1485970016016465,-0.10919489918021852,2.1088777200954194,0.2064,True
2029,0.22,0.18,0.14,0.24,0.22,0.8621643045671072,0.2302276069693403,0.14433405084673626,-0.1087890439072664,2.1162756717081748,0.2064,True
2030,0.25,0.14,0.21,0.21,0.19,0.8523022240992333,0.22805248290178937,0.13619748201614443,-0.11426691391047183,1.9957875389937332,0.2064,True
2031,0.23,0.21,0.13,0.21,0.22,0.8509844855461606,0.22776126569712907,0.14453540011572705,-0.10599261893117995,2.148840815462937,0.2064,True
2032,0.21,0.21,0.13,0.23,0.22,0.8488636503217635,0.22729227555938336,0.14349611644552573,-0.10522606334442774,2.1600378113111236,0.2064,True
2033,0.21,0.14,0.21,0.25,0.19,0.8481227897474584,0.22712836108865586,0.13391517795389452,-0.11273417828109178,2.0147249445712307,0.2064,True
2034,0.18,0.22,0.14,0.24,0.22,0.8464642132851052,0.22676124423972155,0.14289746155324135,-0.10605665210141979,2.1381142978459704,0.2064,True
2035,0.25,0.19,0.14,0.21,0.21,0.8458543317656271,0.22662619500625647,0.14116827802367554,-0.1053625705271456,2.1509174830531355,0.2064,True
2036,0.24,0.16,0.16,0.24,0.2,0.8439442835176947,0.22620305051163347,0.13674917087078486,-0.10617413282272592,2.1304911516377945,0.2064,True
2037,0.22,0.14,0.24,0.22,0.18,0.8432893674417175,0.22605789572936374,0.13220736585848913,-0.11568503543496822,1.9540807061120804,0.2064,True
2038,0.19,0.19,0.15,0.26,0.21,0.8432125473948258,0.22604086717685545,0.13869566197122116,-0.10534912360127469,2.1456359526290396,0.2064,True
2039,0.19,0.15,0.21,0.26,0.19,0.8431769547171744,0.22603297725583138,0.1330013303052958,-0.11167507149380163,2.0240235733216165,0.2064,True
2040,0.21,0.23,0.13,0.21,0.22,0.8431580312889602,0.22602878240913427,0.14374956351700902,-0.1046139123516876,2.1605996499708198,0.2064,True
2041,0.26,0.15,0.19,0.21,0.19,0.8430499457202341,0.22600482201455052,0.13528721316110476,-0.10981369693923693,2.0580749789309567,0.2064,True
2042,0.21,0.19,0.14,0.25,0.21,0.8416523175651152,0.22569491157313282,0.13896229405013774,-0.1038277009879629,2.173744669539571,0.2064,True
2043,0.24,0.14,0.22,0.22,0.18,0.8379156084996757,0.2248655618796176,0.1315935574670894,-0.11191569952974267,2.0092405518124594,0.2064,True
2044,0.21,0.15,0.19,0.26,0.19,0.8378574394258098,0.22485264257137327,0.13236046357736592,-0.10789360841078988,2.0840218978985128,0.2064,True
2045,0.22,0.14,0.22,0.24,0.18,0.8358503238187038,0.2244066965808631,0.13041672282647682,-0.11114667509022413,2.019014031672106,0.2064,True
2046,0.23,0.21,0.13,0.22,0.21,0.8343908135914913,0.2240822147556274,0.13957652156525407,-0.10167690459123624,2.20386542702581,0.2064,True
2047,0.19,0.21,0.14,0.25,0.21,0.8338632013135074,0.22396487236497564,0.13821252104677922,-0.10244177721072256,2.186265003039534,0.2064,True
2048,0.22,0.21,0.13,0.23,0.21,0.8333452620560697,0.22384965938406398,0.1390301525870603,-0.10129210901430141,2.2099417374403636,0.2064,True
2049,0.21,0.22,0.13,0.23,0.21,0.8294612680440765,0.22298499213548628,0.13862870558790086,-0.10059332113047392,2.216697784997724,0.2064,True
2050,0.18,0.17,0.19,0.27,0.19,0.8290566775495849,0.22289485053279323,0.13106341988979325,-0.10613653019286384,2.1000766666082296,0.2064,True
2051,0.21,0.23,0.13,0.22,0.21,0.8266252923325079,0.22235286467533877,0.13875739789335195,-0.10027819261615845,2.2173601146408144,0.2064,True
2052,0.19,0.17,0.18,0.27,0.19,0.8264004276885932,0.22230271526882328,0.1307389422113779,-0.10422798645731146,2.132850521485144,0.2064,True
2053,0.18,0.16,0.22,0.26,0.18,0.8260356000837046,0.2222213425060422,0.12852616484615945,-0.10901246155095401,2.0384948596190786,0.2064,True
2054,0.17,0.18,0.19,0.27,0.19,0.8251827658135102,0.22203108028237217,0.13070894062041608,-0.10544702690836583,2.1056172638733446,0.2064,True
2055,0.19,0.18,0.17,0.27,0.19,0.8198747031328499,0.22084554866535733,0.13005792349073383,-0.10161560163670402,2.1733429228212815,0.2064,True
2056,0.26,0.16,0.18,0.22,0.18,0.8193716321514894,0.22073307050634683,0.12973960248488342,-0.10290334312360538,2.1450524716306525,0.2064,True
2057,0.17,0.19,0.18,0.27,0.19,0.8186688388868695,0.2205759030995973,0.13000790223169328,-0.10283962031441862,2.1448533398432965,0.2064,True
2058,0.26,0.19,0.15,0.21,0.19,0.816833433119206,0.2201652556784639,0.13268359129835425,-0.09936913921043122,2.215630098316804,0.2064,True
2059,0.18,0.19,0.17,0.27,0.19,0.8160170267202573,0.21998250681635922,0.12968131822497703,-0.10091670298833655,2.179842387853116,0.2064,True
2060,0.22,0.16,0.18,0.26,0.18,0.8152916896943789,0.21982009746148545,0.1272606280078564,-0.10135860153083587,2.1687364874959387,0.2064,True
2061,0.19,0.17,0.19,0.27,0.18,0.813116400437973,0.21933277141430452,0.12655546821093208,-0.10219951214702239,2.146123467779145,0.2064,True
2062,0.21,0.19,0.15,0.26,0.19,0.8117159562048,0.21901882616749702,0.12969049588238157,-0.09743626881028578,2.247816227383868,0.2064,True
2063,0.25,0.21,0.14,0.21,0.19,0.80646466553864,0.21784017264950029,0.13157058126074067,-0.09600494714213237,2.2690515346776308,0.2064,True
2064,0.26,0.18,0.16,0.22,0.18,0.8062668121308092,0.21779571977104606,0.12841455585670936,-0.09762158508452079,2.231020112841627,0.2064,True
2065,0.17,0.19,0.19,0.27,0.18,0.8054324732401681,0.2176082282693892,0.12579460552014596,-0.10079933133095065,2.1588261092221366,0.2064,True
2066,0.24,0.16,0.24,0.2,0.16,0.8052087939608878,0.21755795354620333,0.12399382380792952,-0.10731613528417272,2.0272622841859773,0.2064,True
2067,0.19,0.21,0.15,0.26,0.19,0.8040355349061377,0.21729418080778817,0.12887564942706486,-0.09601820740243705,2.263051838669017,0.2064,True
2068,0.21,0.21,0.14,0.25,0.19,0.8023902690942617,0.21692409853025785,0.12919601605649514,-0.09445429229106284,2.2966039262863966,0.2064,True
2069,0.22,0.18,0.16,0.26,0.18,0.8022167301663519,0.2168850499562749,0.12590625690099852,-0.09607171088418764,2.2575329195263847,0.2064,True
2070,0.2,0.16,0.24,0.24,0.16,0.8011845069825272,0.21665273414934538,0.12155865519927231,-0.10576374886113027,2.0484592923593734,0.2064,True
2071,0.19,0.19,0.17,0.27,0.18,0.8000723291801559,0.21640232410408733,0.12515127998659073,-0.09692145759596515,2.2327596950326525,0.2064,True
2072,0.19,0.18,0.19,0.27,0.17,0.7931812698404306,0.21484847791804462,0.12167054254167574,-0.09750289857117178,2.203508624527885,0.2064,True
2073,0.18,0.19,0.19,0.27,0.17,0.7893713521985173,0.2139876803226255,0.12126234242266713,-0.09679199049493936,2.210799460042239,0.2064,True
2074,0.18,0.22,0.16,0.26,0.18,0.786951317663344,0.21344027256708054,0.12421061247966964,-0.09321121031961954,2.2898562505003177,0.2064,True
2075,0.19,0.19,0.18,0.27,0.17,0.7866634624948208,0.21337512732390596,0.12094609233196899,-0.09483680546827944,2.249918966273855,0.2064,True
2076,0.18,0.18,0.22,0.26,0.16,0.7861052861613891,0.2132487850590019,0.11881982683591122,-0.099713543076969,2.138614058617844,0.2064,True
2077,0.24,0.22,0.14,0.22,0.18,0.7855901304907786,0.21313215708602473,0.12612447792048062,-0.09082607267820597,2.3465966412656147,0.2064,True
2078,0.22,0.22,0.14,0.24,0.18,0.7835845631098375,0.21267789556052774,0.12488975882057732,-0.09004675423325981,2.3618607619059824,0.2064,True
2079,0.26,0.18,0.18,0.22,0.16,0.7791118052283372,0.21166358664111762,0.12027573275437134,-0.09343285000440238,2.2654086505029487,0.2064,True
2080,0.22,0.24,0.14,0.22,0.18,0.7779997464008681,0.21141113583197768,0.12516092478340576,-0.08937124338640534,2.3655387104543335,0.2064,True
2081,0.22,0.18,0.18,0.26,0.16,0.7751581724209393,0.2107655856080859,0.1175925651804837,-0.0918721415299748,2.2941185662829047,0.2064,True
2082,0.19,0.19,0.21,0.26,0.15,0.7632225073419978,0.20804648466440212,0.11360900028293065,-0.0929809313504647,2.2375177538309563,0.2064,True
2083,0.22,0.18,0.24,0.22,0.14,0.7626621148304558,0.20791851868080524,0.11334239848541455,-0.09710648524890753,2.1411393703299995,0.2064,True
2084,0.18,0.22,0.18,0.26,0.16,0.7600845578358963,0.20732958234166698,0.11575344630795446,-0.08896191315982671,2.3305432063852307,0.2064,True
2085,0.21,0.19,0.19,0.26,0.15,0.7576997886995067,0.20678418302132306,0.11300678405843077,-0.08901187273284428,2.323107880697608,0.2064,True
2086,0.24,0.18,0.22,0.22,0.14,0.7570879797362362,0.20664418212505176,0.1127747997658478,-0.09315025277337907,2.2183963647182665,0.2064,True
2087,0.22,0.18,0.22,0.24,0.14,0.7551487781043997,0.20620021766078578,0.11139461631022413,-0.09236519119620379,2.232445090951759,0.2064,True
2088,0.19,0.21,0.19,0.26,0.15,0.7502111653188097,0.2050683128301165,0.11204822991259278,-0.08754407786146956,2.342457854826208,0.2064,True
2089,0.21,0.19,0.21,0.25,0.14,0.7476555446093893,0.20448162265861392,0.10991742107073323,-0.0892502508192855,2.2911041793333404,0.2064,True
2090,0.19,0.21,0.21,0.25,0.14,0.7402013691740419,0.2027671041665975,0.10892647542026851,-0.08777853881814812,2.309984956421667,0.2064,True
2091,0.25,0.21,0.19,0.21,0.14,0.7384716641920246,0.20236855885362837,0.11116470765502902,-0.08533036173910913,2.3715891357914822,0.2064,True
2092,0.21,0.21,0.19,0.25,0.14,0.7346371669863301,0.20148409985429905,0.10833995434419776,-0.08375235754009136,2.405712576602405,0.2064,True
2093,0.22,0.21,0.23,0.21,0.13,0.7329622891572878,0.2010973661432971,0.10797584025193536,-0.0891998713270602,2.2544580294959573,0.2064,True
2094,0.21,0.21,0.23,0.22,0.13,0.7320079043776817,0.20087688470706366,0.10729019635891285,-0.08880456066790188,2.2620109057041926,0.2064,True
2095,0.24,0.22,0.18,0.22,0.14,0.7310073596263651,0.20064565242777133,0.10968546573550801,-0.08216200452749045,2.442073481308962,0.2064,True
2096,0.23,0.21,0.22,0.21,0.13,0.7301573788074458,0.2004491464166589,0.10770009101210716,-0.0871854817659985,2.299111530457037,0.2064,True
2097,0.21,0.22,0.23,0.21,0.13,0.7292561445967667,0.20024072087975853,0.10743485428453446,-0.08846014128438817,2.263626509887769,0.2064,True
2098,0.22,0.22,0.18,0.24,0.14,0.7290974079218553,0.20020400285845485,0.10826190043024557,-0.0813716878337103,2.4603643870284237,0.2064,True
2099,0.21,0.21,0.22,0.23,0.13,0.7282536737379024,0.20000879756619905,0.10629744640777343,-0.08639446947440677,2.315064827447653,0.2064,True
2100,0.23,0.21,0.21,0.22,0.13,0.7263964960156277,0.19957889926995587,0.10673460045047362,-0.08476776051006618,2.354419865159182,0.2064,True
2101,0.22,0.21,0.21,0.23,0.13,0.7254471754734702,0.1993590320671652,0.10601748418214314,-0.0843720599364367,2.362856047574945,0.2064,True
2102,0.22,0.24,0.18,0.22,0.14,0.7236094927933285,0.19893318663058412,0.1085546244705805,-0.08065540314382535,2.466458276525441,0.2064,True
2103,0.21,0.22,0.21,0.23,0.13,0.7217549358830824,0.19850312392203784,0.1054669092559663,-0.08362325481106436,2.3737789729726413,0.2064,True
2104,0.21,0.23,0.21,0.22,0.13,0.7190144546022601,0.19786705389342596,0.10561422279004565,-0.08326884019190794,2.3762436637451168,0.2064,True
2105,0.18,0.17,0.2,0.18,0.27,0.9624470561500735,0.2519213726136871,0.1713714933218316,-0.14102976009062895,1.786299377179658,0.2066,True
2106,0.2,0.15,0.21,0.18,0.26,0.9586255168775095,0.25110839375213057,0.16783303205699796,-0.1404933198298871,1.7873333341128177,0.2066,True
2107,0.2,0.17,0.18,0.18,0.27,0.9576397516850375,0.2508985144743503,0.17069456157481216,-0.13750895617904546,1.8245976221917093,0.2066,True
2108,0.18,0.15,0.21,0.2,0.26,0.9563272734822612,0.25061896533216355,0.16703382042701623,-0.1397469894525687,1.7933764892819086,0.2066,True
2109,0.21,0.15,0.2,0.18,0.26,0.9561861005350716,0.25058888898420206,0.1674993636667234,-0.1387317565255095,1.806283545023267,0.2066,True
2110,0.18,0.17,0.18,0.2,0.27,0.9553317824369509,0.2504068489473392,0.16990847933856734,-0.1367626827671321,1.8309588835260768,0.2066,True
2111,0.18,0.15,0.2,0.21,0.26,0.9527466667095426,0.24985568340774011,0.16627403686105985,-0.1376116675883423,1.8156576966654423,0.2066,True
2112,0.17,0.18,0.18,0.2,0.27,0.9512226059345958,0.24953051454487762,0.16965451062265408,-0.13614318671369008,1.8328534873334628,0.2066,True
2113,0.2,0.18,0.17,0.18,0.27,0.9511187407851269,0.24950834803721045,0.17010149719660553,-0.1351174909032523,1.846602881457183,0.2066,True
2114,0.2,0.14,0.22,0.19,0.25,0.9493499653993152,0.24913074183844253,0.16364399756093292,-0.13896485402930603,1.7927607924943658,0.2066,True
2115,0.21,0.15,0.18,0.2,0.26,0.9490026174963633,0.24905656159852474,0.16602394446444224,-0.1344426829949552,1.852511092834039,0.2066,True
2116,0.18,0.18,0.17,0.2,0.27,0.9488185767634205,0.2490172539576676,0.1693121677674835,-0.13436998068122474,1.853220880848592,0.2066,True
2117,0.19,0.14,0.22,0.2,0.25,0.9482122278405629,0.24888773171366374,0.16322685956264232,-0.13859084186370607,1.7958454423592185,0.2066,True
2118,0.2,0.15,0.18,0.21,0.26,0.9478614263094063,0.24881278469581103,0.1655977046019595,-0.1340689264227093,1.855857217140107,0.2066,True
2119,0.22,0.14,0.2,0.19,0.25,0.9444017623143199,0.24807316204970076,0.16298187744237028,-0.1354202668404343,1.831876186907868,0.2066,True
2120,0.19,0.14,0.2,0.22,0.25,0.9410043807841593,0.24734600005308094,0.1616757278337341,-0.13429704367915551,1.8417829110520618,0.2066,True
2121,0.22,0.14,0.19,0.2,0.25,0.9407867753276888,0.24729939574046322,0.16222918788036841,-0.1332640695675139,1.8557094687490165,0.2066,True
2122,0.2,0.14,0.19,0.22,0.25,0.9385271305996032,0.2468152441474163,0.16134004302164356,-0.13251486059944872,1.8625476646989965,0.2066,True
2123,0.2,0.15,0.24,0.17,0.24,0.9376366584166635,0.24662434817498502,0.16052159580298878,-0.1390869981610373,1.7731660862321517,0.2066,True
2124,0.21,0.18,0.15,0.2,0.26,0.9294047299669375,0.24485684324730128,0.1642600245456858,-0.12717509913061542,1.9253520926751597,0.2066,True
2125,0.2,0.18,0.15,0.21,0.26,0.9282751905882725,0.24461392401606896,0.1638284158620121,-0.12679948361741855,1.9291397491343265,0.2066,True
2126,0.23,0.16,0.16,0.2,0.25,0.9251890480278555,0.24394973275332488,0.16075699296030027,-0.12660446742571274,1.9268651234322864,0.2066,True
2127,0.22,0.13,0.22,0.2,0.23,0.9223087418340861,0.24332920028049165,0.15472259826476228,-0.13204982200775384,1.842707521909447,0.2066,True
2128,0.2,0.16,0.16,0.23,0.25,0.9218307166471267,0.24322615468114694,0.15938409103769374,-0.1254763401098662,1.9384224505446992,0.2066,True
2129,0.2,0.13,0.22,0.22,0.23,0.9200915533256964,0.24285110732178894,0.1537895886296264,-0.1312967395833169,1.8496354752791333,0.2066,True
2130,0.17,0.15,0.2,0.24,0.24,0.9198187158902387,0.24279224988164394,0.15607840015065225,-0.12930901324399102,1.8776127339516797,0.2066,True
2131,0.24,0.15,0.17,0.2,0.24,0.9167253957873351,0.2421245577233273,0.1569784091187292,-0.12538828849759298,1.930998186708444,0.2066,True
2132,0.22,0.13,0.2,0.22,0.23,0.9150088424058667,0.24175373021622382,0.15313367969369068,-0.12768890553712642,1.8933025480896795,0.2066,True
2133,0.2,0.15,0.17,0.24,0.24,0.9122928239546821,0.241166534971472,0.15506874456298256,-0.12388069573824334,1.9467644537697024,0.2066,True
2134,0.2,0.14,0.25,0.19,0.22,0.9117712638269497,0.24105371156518762,0.15154281220034704,-0.1335666076949471,1.8047453306273258,0.2066,True
2135,0.19,0.14,0.25,0.2,0.22,0.9106711263606806,0.24081566352638317,0.15109143129423777,-0.1331887431713349,1.8080782038508787,0.2066,True
2136,0.22,0.13,0.23,0.2,0.22,0.9095769445611939,0.24057881351296206,0.15068472306215527,-0.13021621107169967,1.8475335100980208,0.2066,True
2137,0.22,0.19,0.14,0.2,0.25,0.9080920230037315,0.24025723797945941,0.1592560628037635,-0.1210220715587188,1.9852348822412018,0.2066,True
2138,0.2,0.13,0.23,0.22,0.22,0.9073847053125499,0.24010400215030292,0.14972609176644844,-0.1294605476376438,1.8546499804893983,0.2066,True
2139,0.23,0.13,0.22,0.2,0.22,0.9070071288616679,0.2400221871293402,0.15036373356554783,-0.12840477796078065,1.869262117354009,0.2066,True
2140,0.2,0.19,0.14,0.22,0.25,0.9058710285624287,0.23977594647444334,0.15834750027749553,-0.12026663852878683,1.9937029038776282,0.2066,True
2141,0.2,0.13,0.22,0.23,0.22,0.9037266250997213,0.23931089733923838,0.14889542873436065,-0.1272706883691581,1.880330030470954,0.2066,True
2142,0.24,0.17,0.15,0.2,0.24,0.903623867237906,0.23928860384065054,0.1557919638127342,-0.12043460140965523,1.9868758732111915,0.2066,True
2143,0.19,0.2,0.14,0.22,0.25,0.9018539868517723,0.2389044991950957,0.15803716385907643,-0.1196125333360184,1.9973199507777288,0.2066,True
2144,0.23,0.13,0.2,0.22,0.22,0.8996693162673417,0.23843004676441693,0.14875351132467293,-0.12400576859919776,1.9227335103663832,0.2066,True
2145,0.2,0.17,0.15,0.24,0.24,0.8992220652966589,0.23833287087495458,0.15386527524042054,-0.11892201398311242,2.004110617474063,0.2066,True
2146,0.22,0.13,0.2,0.23,0.22,0.8985810509973482,0.23819356869458908,0.1482436732240124,-0.12362734464132807,1.926706178035648,0.2066,True
2147,0.25,0.14,0.19,0.2,0.22,0.8952645250901634,0.23747233576213755,0.14916092527258523,-0.12228041648062005,1.9420308058876625,0.2066,True
2148,0.25,0.16,0.16,0.2,0.23,0.8949502394592543,0.23740394556251476,0.15202808652273922,-0.11918752334043659,1.991852325720498,0.2066,True
2149,0.19,0.14,0.2,0.25,0.22,0.8924150301401688,0.2368519939838285,0.14693018891411716,-0.12222034648728419,1.9379096917260874,0.2066,True
2150,0.2,0.14,0.19,0.25,0.22,0.8898423181897968,0.23629137330682837,0.14659991450881393,-0.12038515320093712,1.9627949711741446,0.2066,True
2151,0.2,0.16,0.16,0.25,0.23,0.8895041767988889,0.2362176509550047,0.14951426286729022,-0.11729247261652831,2.013919953135322,0.2066,True
2152,0.22,0.14,0.25,0.19,0.2,0.8808103270851577,0.2343191700408056,0.1428194933694603,-0.1262317484070078,1.8562617803984827,0.2066,True
2153,0.19,0.14,0.25,0.22,0.2,0.8775999286507297,0.2336166343808075,0.14132330056208026,-0.12508912533054617,1.8676014702595367,0.2066,True
2154,0.22,0.13,0.23,0.22,0.2,0.8763213959389091,0.23333662841477132,0.14094815634610722,-0.12206305844526721,1.9116072576487089,0.2066,True
2155,0.23,0.13,0.22,0.22,0.2,0.8736900443826296,0.23275994681279766,0.14063229023250426,-0.12021552156150306,1.9361888031548082,0.2066,True
2156,0.26,0.15,0.18,0.2,0.21,0.8731186212107112,0.23263464353155783,0.14422167446285353,-0.11600277438541629,2.0054231009909738,0.2066,True
2157,0.22,0.13,0.22,0.23,0.2,0.8726265248990546,0.23252671484083032,0.1400925090248125,-0.11983448927359608,1.9403989306446225,0.2066,True
2158,0.18,0.15,0.2,0.26,0.21,0.871927628546306,0.23237339736593587,0.1416381458504881,-0.11743623440522988,1.9787197583677583,0.2066,True
2159,0.22,0.2,0.13,0.22,0.23,0.8692143825634475,0.23177782838551053,0.14884255137383542,-0.11016972313182904,2.1038250963757554,0.2066,True
2160,0.17,0.15,0.24,0.24,0.2,0.8689035401756839,0.23170956037392032,0.1396378561047865,-0.1218337182778848,1.9018508476071039,0.2066,True
2161,0.2,0.15,0.18,0.26,0.21,0.8667247167061265,0.23123082887027557,0.14097983609690298,-0.11371567095351143,2.0334121667787195,0.2066,True
2162,0.19,0.14,0.22,0.25,0.2,0.8665572949654929,0.23119402752350737,0.13869536552877998,-0.11841147822311249,1.9524629790356007,0.2066,True
2163,0.22,0.14,0.25,0.2,0.19,0.8639868402545676,0.2306287336375905,0.1379727689024179,-0.12211278044419027,1.8886535283093955,0.2066,True
2164,0.2,0.14,0.25,0.22,0.19,0.8618763750564047,0.23016421186684277,0.13692328725207142,-0.1213479963617562,1.896728572103403,0.2066,True
2165,0.25,0.14,0.19,0.22,0.2,0.8618247535749066,0.2301528453762729,0.1394234871351066,-0.11396283167288779,2.0195430562561842,0.2066,True
2166,0.18,0.15,0.21,0.26,0.2,0.8589421683008815,0.22951779759433255,0.13749278699685583,-0.11550478206085057,1.9870848072196465,0.2066,True
2167,0.22,0.14,0.19,0.25,0.2,0.8586611702525364,0.2294558572235117,0.1377290641986682,-0.11281665366119942,2.033882851308393,0.2066,True
2168,0.2,0.19,0.14,0.25,0.22,0.857166649997162,0.22912631532228223,0.14345890088914345,-0.107726755886843,2.1269211481960735,0.2066,True
2169,0.26,0.15,0.18,0.21,0.2,0.8563034201680144,0.22893589247341373,0.13935653521762217,-0.11179203970004159,2.0478729352080025,0.2066,True
2170,0.25,0.14,0.22,0.2,0.19,0.8560176306189538,0.22887283616109388,0.13704697899756663,-0.11652592724518573,1.964136579488577,0.2066,True
2171,0.23,0.2,0.13,0.22,0.22,0.8538434414581375,0.22839291320732413,0.14440960089966964,-0.10629624610188837,2.14864514583518,0.2066,True
2172,0.19,0.2,0.14,0.25,0.22,0.8532403910543309,0.22825973148301193,0.14310778619922013,-0.1070442022677962,2.1323876178923413,0.2066,True
2173,0.22,0.2,0.13,0.23,0.22,0.8527818343331062,0.22815844137877916,0.14388214350532802,-0.10591340886424216,2.15419788509714,0.2066,True
2174,0.21,0.15,0.18,0.26,0.2,0.851049685700292,0.22777567803192844,0.13651793171382692,-0.10987856978328947,2.0729763636454703,0.2066,True
2175,0.2,0.14,0.22,0.25,0.19,0.8507803720809342,0.2277161447256606,0.13425211307520413,-0.11461099140616127,1.9868613117451754,0.2066,True
2176,0.24,0.15,0.17,0.24,0.2,0.850501009150336,0.22765438385847347,0.13739047211732835,-0.1087553748733936,2.093270186632108,0.2066,True
2177,0.25,0.14,0.2,0.22,0.19,0.8485850830107013,0.22723064803038717,0.13536349634509795,-0.1120008792279481,2.028829144884831,0.2066,True
2178,0.2,0.18,0.15,0.26,0.21,0.8471189148295237,0.2269061851085059,0.13906154382140734,-0.10603597196965886,2.139898195806918,0.2066,True
2179,0.21,0.15,0.26,0.2,0.18,0.8468140904443682,0.22683870593237443,0.13362722316907438,-0.11953010161778654,1.8977538114852563,0.2066,True
2180,0.2,0.15,0.26,0.21,0.18,0.8457722795560945,0.22660802348875597,0.1330951959006817,-0.1191459388319166,1.9019366141253036,0.2066,True
2181,0.22,0.14,0.2,0.25,0.19,0.8454582858874575,0.22653848057637882,0.13361707793661173,-0.11085073966937553,2.043635263526925,0.2066,True
2182,0.25,0.16,0.16,0.23,0.2,0.8449887165754728,0.22643446624909003,0.13734033700607726,-0.10655773701770843,2.124993196988218,0.2066,True
2183,0.2,0.22,0.13,0.23,0.22,0.8449504345462218,0.22642598561631888,0.14312820175811083,-0.10453690163277352,2.1659909761983203,0.2066,True
2184,0.23,0.16,0.16,0.25,0.2,0.8428999641457469,0.2259715725669127,0.13617630692852317,-0.10579069183078826,2.1360250949899564,0.2066,True
2185,0.18,0.17,0.18,0.27,0.2,0.8421891256466458,0.22581396208274662,0.13526638039480773,-0.1081342881381474,2.088273441947082,0.2066,True
2186,0.18,0.2,0.15,0.26,0.21,0.8393111346362332,0.22517542550918224,0.13834876570716542,-0.10466046124176465,2.1514851247313844,0.2066,True
2187,0.17,0.18,0.18,0.27,0.2,0.8382914703466957,0.22494903394628074,0.13492566973402517,-0.10745055834629924,2.0935120059711476,0.2066,True
2188,0.24,0.17,0.15,0.24,0.2,0.8373968840315174,0.22475034393337912,0.1361256508279341,-0.10357688101959572,2.169889088385067,0.2066,True
2189,0.18,0.18,0.17,0.27,0.2,0.8356661935040948,0.224365769769185,0.13459568557006824,-0.10555053038804141,2.1256716469764423,0.2066,True
2190,0.21,0.18,0.15,0.26,0.2,0.8314339425638153,0.22342430807824254,0.13457309506677276,-0.10211431127198978,2.1879823238794973,0.2066,True
2191,0.26,0.15,0.2,0.21,0.18,0.8296700002584017,0.22303149187724092,0.13125991476634863,-0.1078172173846228,2.068607382822795,0.2066,True
2192,0.25,0.19,0.14,0.22,0.2,0.829056455227839,0.22289480099649084,0.13624310798601258,-0.1010346121486656,2.20612319141203,0.2066,True
2193,0.2,0.15,0.21,0.26,0.18,0.8272267006219296,0.22248697077931046,0.12855589068111753,-0.10779675479337414,2.063948689418115,0.2066,True
2194,0.22,0.19,0.14,0.25,0.2,0.8259494292792273,0.22220212100616377,0.13450323124218133,-0.09987889924357607,2.224715357187471,0.2066,True
2195,0.21,0.15,0.2,0.26,0.18,0.8245384564306466,0.22188729940314578,0.12824045145514418,-0.10589046900098698,2.0954416530261817,0.2066,True
2196,0.2,0.15,0.24,0.24,0.17,0.821256538402737,0.22115439701098127,0.12633352306868112,-0.11037558642248824,2.003653200667595,0.2066,True
2197,0.18,0.21,0.15,0.26,0.2,0.8198176440891276,0.22083279227106378,0.13342991934441936,-0.10001947287117685,2.207897981580968,0.2066,True
2198,0.18,0.17,0.2,0.27,0.18,0.8157975942093725,0.2199333785062889,0.12689567377140445,-0.10412043232944324,2.1122979763511416,0.2066,True
2199,0.23,0.22,0.13,0.22,0.2,0.814814143751909,0.21971314709279266,0.13473389512707257,-0.09698588050214574,2.2654137484263153,0.2066,True
2200,0.19,0.22,0.14,0.25,0.2,0.8143611483082571,0.219611677668494,0.13330293349543804,-0.09776810614700981,2.2462507081631826,0.2066,True
2201,0.22,0.22,0.13,0.23,0.2,0.8137845566196202,0.2194824986736177,0.1341672151986278,-0.09659911166281365,2.272096449910819,0.2066,True
2202,0.17,0.18,0.2,0.27,0.18,0.8119475033465855,0.21907074451912778,0.12652678256590424,-0.1034250780836391,2.1181588506219633,0.2066,True
2203,0.22,0.23,0.13,0.22,0.2,0.8109631834390323,0.21885000611177752,0.13429822182269127,-0.09627574130276428,2.273158359004958,0.2066,True
2204,0.2,0.17,0.18,0.27,0.18,0.8104283691126075,0.21873003792157375,0.12625663650608762,-0.10027171893182019,2.181373175324733,0.2066,True
2205,0.25,0.2,0.14,0.22,0.19,0.8092828465632729,0.2184729976846398,0.1314390567269012,-0.09632944013201827,2.2679774468244114,0.2066,True
2206,0.23,0.16,0.25,0.2,0.16,0.8079417545487297,0.21817193631188125,0.12430791464052193,-0.1092356176313174,1.9972600608002813,0.2066,True
2207,0.22,0.2,0.14,0.25,0.19,0.8062235758820422,0.21778600519876545,0.12963293385864688,-0.0951677973164411,2.2884422182706223,0.2066,True
2208,0.2,0.16,0.25,0.23,0.16,0.804915839351716,0.21749210204130165,0.12252099252131604,-0.10807192307536961,2.0124755426959706,0.2066,True
2209,0.2,0.18,0.17,0.27,0.18,0.8039004765320523,0.21726380957049418,0.12556514124176876,-0.09763018323073414,2.2253754154801095,0.2066,True
2210,0.25,0.16,0.23,0.2,0.16,0.8024690762244782,0.2169418303582784,0.12372173215917662,-0.10538975734897027,2.0584716751926186,0.2066,True
2211,0.17,0.2,0.18,0.27,0.18,0.7989268595626444,0.21614431045318416,0.125080873677491,-0.09815712254155606,2.202023702983721,0.2066,True
2212,0.2,0.22,0.14,0.25,0.19,0.7985618473133125,0.21606206950763496,0.12877885489804797,-0.09373886970876999,2.3049357238774206,0.2066,True
2213,0.2,0.16,0.23,0.25,0.16,0.7974515495762804,0.21581183978776708,0.12061218319744595,-0.1034482865156725,2.0861809031034206,0.2066,True
2214,0.26,0.2,0.15,0.21,0.18,0.7969185890312589,0.21569168894002622,0.1279124583173903,-0.09462802657161573,2.2793637017970347,0.2066,True
2215,0.18,0.2,0.17,0.27,0.18,0.7962490598040348,0.21554071631374971,0.12475812326489931,-0.09621083121008234,2.240295750517976,0.2066,True
2216,0.18,0.18,0.2,0.27,0.17,0.7958880935855253,0.21545930621452536,0.12200724070051758,-0.09944716417503763,2.166570640820828,0.2066,True
2217,0.21,0.2,0.15,0.26,0.18,0.7918803563639079,0.21455469193682042,0.12480195828610574,-0.09268521600618596,2.3148750273452534,0.2066,True
2218,0.2,0.18,0.18,0.27,0.17,0.7904676701827222,0.21423550315964124,0.1213769760778962,-0.09555162222057023,2.242091742462546,0.2066,True
2219,0.2,0.21,0.15,0.26,0.18,0.7880721315419292,0.21369386019782755,0.12436645331743233,-0.09196519661607638,2.323638376916946,0.2066,True
2220,0.18,0.2,0.18,0.27,0.17,0.782864109392126,0.21251462946556732,0.12053650710041466,-0.09412006270501416,2.2579099860103025,0.2066,True
2221,0.2,0.17,0.24,0.24,0.15,0.781001947916943,0.2120924306260008,0.11679953989324127,-0.10107996938881958,2.098263700596849,0.2066,True
2222,0.2,0.18,0.21,0.26,0.15,0.7669855391670626,0.2089050737306546,0.11407294125089724,-0.09370380666821354,2.229419285711046,0.2066,True
2223,0.21,0.18,0.2,0.26,0.15,0.7642217560240818,0.20827459646234514,0.11377289928193157,-0.09172689740524798,2.2705945840748463,0.2066,True
2224,0.2,0.19,0.25,0.22,0.14,0.7616783521265058,0.20769381022505295,0.11320399530369739,-0.09835815167101136,2.1116074946156758,0.2066,True
2225,0.18,0.2,0.21,0.26,0.15,0.7594642898496253,0.2071877738050103,0.11316746478470416,-0.09225609315677374,2.2457895919452113,0.2066,True
2226,0.19,0.2,0.25,0.22,0.14,0.7579222807238573,0.20683508805171535,0.11273460441988803,-0.09764054166050673,2.1183320425533365,0.2066,True
2227,0.26,0.2,0.18,0.21,0.15,0.7560456613267312,0.20640559242037537,0.11571184653031213,-0.08824276645302997,2.339065293586884,0.2066,True
2228,0.18,0.21,0.2,0.26,0.15,0.7529643498948941,0.20569971868520498,0.11237507681435677,-0.08954032277537671,2.297285874222599,0.2066,True
2229,0.21,0.2,0.18,0.26,0.15,0.7511874894407569,0.20529229536768967,0.11226104588465528,-0.08627948813746422,2.3793870339217715,0.2066,True
2230,0.2,0.19,0.22,0.25,0.14,0.7504392894700564,0.20512065518808598,0.11023248677527758,-0.09124412300861173,2.248042377137281,0.2066,True
2231,0.25,0.19,0.2,0.22,0.14,0.7477553653970821,0.20450454910440508,0.11178102202342587,-0.08842920433327028,2.3126358610405706,0.2066,True
2232,0.2,0.21,0.18,0.26,0.15,0.7474513345881626,0.20443471778413524,0.1117685109430569,-0.0855405092572169,2.389917006098341,0.2066,True
2233,0.19,0.2,0.22,0.25,0.14,0.7467040366123436,0.20426304020593555,0.10975090169127869,-0.09051333864393163,2.2567175541881324,0.2066,True
2234,0.22,0.19,0.2,0.25,0.14,0.7448651864289833,0.20384039053683622,0.10965027348600086,-0.08724906089809792,2.336304694154938,0.2066,True
2235,0.25,0.2,0.19,0.22,0.14,0.7412295176436641,0.20300387708061907,0.1110216538088006,-0.08567956714959368,2.3693382662190743,0.2066,True
2236,0.22,0.2,0.19,0.25,0.14,0.7383503077438103,0.2023405869109549,0.1088745282019503,-0.08449745602849013,2.3946352520096164,0.2066,True
2237,0.22,0.2,0.23,0.22,0.13,0.7357176523217073,0.20173345467395998,0.10783283470433526,-0.08954263997425516,2.252931728749134,0.2066,True
2238,0.19,0.22,0.2,0.25,0.14,0.7337084181511562,0.20126968006399681,0.1081224183503324,-0.08502614998801084,2.3671503424814246,0.2066,True
2239,0.23,0.2,0.22,0.22,0.13,0.732909426253991,0.2010851559032829,0.10755601018523801,-0.08753209705263898,2.2972733737014983,0.2066,True
2240,0.22,0.2,0.22,0.23,0.13,0.731956466017802,0.20086499914570122,0.1068449163659328,-0.08713705756815904,2.3051616011773595,0.2066,True
2241,0.2,0.22,0.19,0.25,0.14,0.7309287942828375,0.20062749170228167,0.10782805568590566,-0.08300520899447406,2.417047003828858,0.2066,True
2242,0.2,0.22,0.23,0.22,0.13,0.7283029206829617,0.20002019302410523,0.1067703690797339,-0.08806445085949155,2.271293252520715,0.2066,True
2243,0.2,0.22,0.22,0.23,0.13,0.7245556391786796,0.19915247452174256,0.1057729553873875,-0.08564983515136515,2.3251939034066935,0.2066,True
2244,0.2,0.23,0.22,0.22,0.13,0.7218118448593183,0.19851632542847142,0.10591910864700992,-0.08529932419641251,2.3272907177009095,0.2066,True
2245,0.23,0.22,0.2,0.22,0.13,0.7198933798896208,0.19807112743920063,0.10593416063667546,-0.08198551513611685,2.415928315024332,0.2066,True
2246,0.22,0.22,0.2,0.23,0.13,0.7189476938597739,0.19785155018674794,0.10521106682464912,-0.08158915318296878,2.4249736940283406,0.2066,True
2247,0.22,0.23,0.2,0.22,0.13,0.71621053209285,0.1972155589110618,0.10535951693120134,-0.08123080829172113,2.427841887314589,0.2066,True
2248,0.21,0.13,0.21,0.21,0.24,0.9337802249182958,0.24579694504785543,0.1583225823666,-0.13349197110826083,1.841286356079919,0.20679999999999998,True
2249,0.21,0.13,0.24,0.21,0.21,0.8956247137091362,0.2375507053943382,0.14617473323140462,-0.12798704930816795,1.856052676254472,0.20679999999999998,True
2250,0.24,0.13,0.21,0.21,0.21,0.8878222409470586,0.2358508207371821,0.14521922233851994,-0.12249901328073487,1.9253283305774498,0.20679999999999998,True
2251,0.21,0.13,0.21,0.24,0.21,0.8845946435669925,0.23514627097412832,0.1436461263613705,-0.12135984101173825,1.9375954105887825,0.20679999999999998,True
2252,0.21,0.21,0.13,0.21,0.24,0.8815027364472094,0.2344705860453984,0.15342874964579148,-0.11370665436165528,2.0620656492067866,0.20679999999999998,True
2253,0.24,0.21,0.13,0.21,0.21,0.8354364795379896,0.2243147072004117,0.1401411630666206,-0.10206186493786518,2.1978307699646047,0.20679999999999998,True
2254,0.21,0.21,0.13,0.24,0.21,0.8322998249700273,0.22361704103926083,0.13850234786176494,-0.10090747810129597,2.2160601498214323,0.20679999999999998,True
2255,0.21,0.21,0.24,0.21,0.13,0.7357606452034573,0.20174337444645163,0.10830038113547744,-0.09120684682398139,2.211932343585925,0.20679999999999998,True
2256,0.24,0.21,0.21,0.21,0.13,0.7273459182844013,0.1997987094245417,0.10747343122361111,-0.08516363698180207,2.3460565624649763,0.20679999999999998,True
2257,0.21,0.21,0.21,0.24,0.13,0.7244979566962415,0.19913910777704769,0.10532261684154488,-0.08397653514370529,2.371366089780554,0.20679999999999998,True
2258,0.19,0.16,0.19,0.19,0.27,0.9630115563528505,0.2520413726107995,0.17090231512548693,-0.13951372215354774,1.8065704843958266,0.2068,True
2259,0.2,0.15,0.23,0.17,0.25,0.949995542266779,0.24926858898189774,0.16455350498373988,-0.1408622473668546,1.7695911689717336,0.2068,True
2260,0.19,0.19,0.16,0.19,0.27,0.9434602357922999,0.24787172637527233,0.16911837583557754,-0.13233734418007304,1.8730293244965703,0.2068,True
2261,0.17,0.15,0.2,0.23,0.25,0.9357978895059293,0.24622997485190123,0.16099876642862515,-0.13329714559596673,1.8472261634036942,0.2068,True
2262,0.23,0.15,0.17,0.2,0.25,0.931738623259031,0.24535847115120268,0.16135127114785855,-0.12904769074148947,1.9013007496795038,0.2068,True
2263,0.2,0.15,0.17,0.23,0.25,0.9283686886741755,0.24463403535625483,0.15998428311857693,-0.12792142722286326,1.912377313693164,0.2068,True
2264,0.2,0.15,0.25,0.17,0.23,0.925135330069178,0.24393816543573044,0.15651291253415262,-0.13729609799196407,1.7767305043877366,0.2068,True
2265,0.23,0.17,0.15,0.2,0.25,0.9186484089114142,0.24253972390527267,0.16017798783650244,-0.1241465447353608,1.9536566597345646,0.2068,True
2266,0.2,0.17,0.15,0.23,0.25,0.9153016651896166,0.2418170044781549,0.15879925851266882,-0.12301655153986879,1.9657273875034915,0.2068,True
2267,0.17,0.15,0.2,0.25,0.23,0.9036665054174187,0.23929785436596873,0.15113835514387877,-0.12527337751090373,1.9102051778330984,0.2068,True
2268,0.25,0.15,0.17,0.2,0.23,0.9015105866555806,0.23882994587102457,0.15263601737510732,-0.12168350138228956,1.9627142805555815,0.2068,True
2269,0.2,0.15,0.17,0.25,0.23,0.8960453743958463,0.23764221993644297,0.15013387479879947,-0.11979158415491453,1.9837972893748859,0.2068,True
2270,0.25,0.17,0.15,0.2,0.23,0.8883989926811302,0.23597663483399978,0.15143627690063735,-0.1166763411548174,2.0224891567424392,0.2068,True
2271,0.2,0.17,0.15,0.25,0.23,0.8829720537114554,0.23479177316054867,0.1489109432890648,-0.11477815378501788,2.045613781175807,0.2068,True
2272,0.17,0.2,0.15,0.25,0.23,0.8710742344473168,0.23218613582935688,0.14795332883108447,-0.11277447921707873,2.058853540635054,0.2068,True
2273,0.25,0.15,0.17,0.23,0.2,0.851549215643737,0.227886086676786,0.13797853486328948,-0.10913834415826551,2.088047866534607,0.2068,True
2274,0.23,0.15,0.17,0.25,0.2,0.8494529168187701,0.22742261876518288,0.13682064775884595,-0.10837256801938211,2.0985256963229757,0.2068,True
2275,0.25,0.17,0.15,0.23,0.2,0.8384375488354059,0.22498147224586607,0.136719874549064,-0.10396112064579566,2.164092411165872,0.2068,True
2276,0.23,0.17,0.15,0.25,0.2,0.8363563324374461,0.22451915348126938,0.13554979176915732,-0.1031928053736334,2.175724874116426,0.2068,True
2277,0.19,0.16,0.19,0.27,0.19,0.8329355139666084,0.22375849760761857,0.13143797813697186,-0.10682421231680483,2.0946421485798163,0.2068,True
2278,0.23,0.15,0.25,0.2,0.17,0.8280516926304771,0.22267088523291578,0.12899508547165786,-0.11381656054147715,1.9564014601528028,0.2068,True
2279,0.2,0.15,0.25,0.23,0.17,0.8249782711549498,0.221985449937258,0.12727547792083763,-0.11265885933725384,1.9704216006015625,0.2068,True
2280,0.16,0.19,0.19,0.27,0.19,0.821313776254333,0.22116718663855628,0.1303748175246221,-0.10475569521936356,2.1112664679034525,0.2068,True
2281,0.2,0.15,0.23,0.25,0.17,0.8175331386066202,0.2203218380048111,0.12540707477161767,-0.1080851594581359,2.038409704989585,0.2068,True
2282,0.19,0.19,0.16,0.27,0.19,0.8133583438849821,0.21938699282037732,0.12939528251714918,-0.09898690652349718,2.216323355536926,0.2068,True
2283,0.23,0.17,0.25,0.2,0.15,0.7877211058355698,0.21361445093985076,0.11964275431504784,-0.10458328171690368,2.042529622641632,0.2068,True
2284,0.2,0.17,0.25,0.23,0.15,0.7847424233575826,0.21294019273114317,0.1177835105396128,-0.10341354683543058,2.0591131360189223,0.2068,True
2285,0.2,0.17,0.23,0.25,0.15,0.7772598894460576,0.21124312102638432,0.11583179739134808,-0.09873896603718724,2.1394098956517893,0.2068,True
2286,0.19,0.19,0.19,0.27,0.16,0.7731341981705546,0.21030535784539817,0.1167884218286373,-0.09273268108138055,2.2678666829533154,0.2068,True
2287,0.21,0.14,0.22,0.18,0.25,0.9504878301211364,0.24937368456063003,0.16407780116862133,-0.13933901869335263,1.7896902597644515,0.207,True
2288,0.22,0.14,0.21,0.18,0.25,0.9480147789983819,0.2488455488489214,0.1637482308983713,-0.13757001266386282,1.8088647666039555,0.207,True
2289,0.18,0.14,0.22,0.21,0.25,0.9470746174831497,0.24864465413414338,0.16282658653555737,-0.13821698210334366,1.798944314586712,0.207,True
2290,0.18,0.14,0.21,0.22,0.25,0.9434743834162622,0.24787475368188883,0.1620435485449555,-0.13607317142803455,1.821628400959135,0.207,True
2291,0.21,0.13,0.22,0.2,0.24,0.9374098181833499,0.2465757096978487,0.15911364515155751,-0.13565043500349416,1.8177288535160043,0.207,True
2292,0.22,0.14,0.18,0.21,0.25,0.937169821450583,0.2465242461053685,0.16149034197196135,-0.13110139175998192,1.8804090696207152,0.207,True
2293,0.2,0.13,0.22,0.21,0.24,0.9362860628650396,0.24633470106959643,0.15866881843261066,-0.13527537400655576,1.8209870264905605,0.207,True
2294,0.21,0.14,0.18,0.22,0.25,0.9360426369930908,0.24628248192241697,0.16103660785405974,-0.13072659116948815,1.8839509216844001,0.207,True
2295,0.22,0.13,0.21,0.2,0.24,0.9349014092105827,0.2460376100273487,0.15878531583625133,-0.1338673068108096,1.837921564934938,0.207,True
2296,0.2,0.13,0.21,0.22,0.24,0.9326591651597851,0.24555621376349612,0.15787679808476496,-0.1331167893187969,1.8446674910061258,0.207,True
2297,0.22,0.13,0.2,0.21,0.24,0.9312671831396055,0.24525717625545562,0.15800907796918873,-0.131702467799806,1.862206383469277,0.207,True
2298,0.21,0.13,0.2,0.22,0.24,0.9301486941549071,0.24501678872116206,0.15754533942016144,-0.1313270119942107,1.8656998663151123,0.207,True
2299,0.22,0.15,0.24,0.16,0.23,0.9237290004983085,0.2436352578832648,0.15659980780014926,-0.13588576455554902,1.7929417307260955,0.207,True
2300,0.21,0.14,0.25,0.18,0.22,0.9128715236996134,0.24129169475829548,0.15201190347083943,-0.13394462833470777,1.8014286780903472,0.207,True
2301,0.21,0.13,0.24,0.2,0.22,0.9121396576601755,0.2411334043078559,0.15104000227155878,-0.1320214130415185,1.8264719241569058,0.207,True
2302,0.23,0.15,0.16,0.22,0.24,0.9119807505670807,0.24109903000954147,0.15575633141645834,-0.12281279756602193,1.9631425615879405,0.207,True
2303,0.2,0.13,0.24,0.21,0.22,0.9110409194260616,0.24089568964263441,0.1505708282904548,-0.1316437801586996,1.8299055933537394,0.207,True
2304,0.22,0.18,0.14,0.21,0.25,0.911004862405945,0.24088788707532083,0.1591361878075038,-0.12129634592554217,1.9859451266832884,0.207,True
2305,0.22,0.15,0.16,0.23,0.24,0.9108752351937492,0.24085983555359025,0.15526934381217064,-0.12243570465754416,1.9672352621915432,0.207,True
2306,0.21,0.18,0.14,0.22,0.25,0.9098931385238285,0.24064726714081153,0.15867462681479114,-0.12091905892687027,1.990151670683699,0.207,True
2307,0.16,0.15,0.22,0.24,0.23,0.9098172076547497,0.24063082936503677,0.15235075957816918,-0.12927321473358355,1.8614128987273024,0.207,True
2308,0.23,0.16,0.15,0.22,0.24,0.905431568836542,0.23968067084300793,0.15516723441911393,-0.12033239769153148,1.9918216161321924,0.207,True
2309,0.24,0.13,0.21,0.2,0.22,0.9044302146921244,0.23946352078711475,0.15007717052510766,-0.1265870813902883,1.8916900378547339,0.207,True
2310,0.22,0.16,0.15,0.23,0.24,0.9043298998148035,0.23944176266902573,0.15467810383334377,-0.1199546812764013,1.9961018621465934,0.207,True
2311,0.24,0.13,0.2,0.21,0.22,0.9007577013419985,0.23866646054534213,0.1492807553249314,-0.12438434995863679,1.9187820704510585,0.207,True
2312,0.2,0.13,0.21,0.24,0.22,0.9000666821996792,0.23851637114903812,0.14807906451286215,-0.12507417213621919,1.9069993994385044,0.207,True
2313,0.21,0.13,0.2,0.24,0.22,0.8974929055703158,0.23795702628773063,0.14775149430276588,-0.12324907798688578,1.9307002549183392,0.207,True
2314,0.22,0.14,0.25,0.18,0.21,0.8974732092635893,0.23795274384680853,0.1476623091201583,-0.13030146393759978,1.8261709167040672,0.207,True
2315,0.24,0.15,0.16,0.22,0.23,0.89676184372146,0.23779805635569007,0.15137359152277344,-0.11908712933659693,1.9968409489791255,0.207,True
2316,0.22,0.13,0.24,0.2,0.21,0.8967084717334783,0.2377864489780066,0.14667646520340186,-0.12836625842092786,1.852406168903648,0.207,True
2317,0.18,0.14,0.21,0.25,0.22,0.8949806600361094,0.23741056556995876,0.14729582885739723,-0.12404919257001412,1.913842086767012,0.207,True
2318,0.18,0.22,0.14,0.21,0.25,0.8949416714348344,0.23740208100962468,0.1578650573065881,-0.11867793671990279,2.000389352655567,0.207,True
2319,0.22,0.15,0.16,0.24,0.23,0.8945809987996622,0.2373235871981425,0.150352786222923,-0.11832997360440167,2.005608384495697,0.207,True
2320,0.2,0.13,0.24,0.22,0.21,0.8945410754619232,0.23731489800043826,0.14569103319608967,-0.12760799777480314,1.8597180595156813,0.207,True
2321,0.25,0.14,0.18,0.21,0.22,0.8915898332584575,0.23667223039210583,0.14839491936248803,-0.12006057197933417,1.9712735537595458,0.207,True
2322,0.24,0.13,0.22,0.2,0.21,0.8915087643073094,0.23665456724575318,0.14604269163434438,-0.12471447534760471,1.89757096428581,0.207,True
2323,0.24,0.16,0.15,0.22,0.23,0.8902076341290035,0.2363710104324006,0.15077778149297622,-0.11657995315573044,2.0275442220897983,0.207,True
2324,0.22,0.16,0.15,0.24,0.23,0.8880344440955559,0.23589711425375626,0.14975230607963383,-0.1158215450827631,2.0367291257010103,0.207,True
2325,0.21,0.14,0.18,0.25,0.22,0.8872625283154985,0.23572869908782468,0.14630515805158006,-0.11854357961057149,1.9885404157881768,0.207,True
2326,0.2,0.13,0.22,0.24,0.21,0.8871948590365724,0.23571393293950238,0.1439877879435554,-0.12319636762294894,1.913318854180192,0.207,True
2327,0.22,0.2,0.13,0.21,0.24,0.885481586133853,0.23533996110041966,0.1537847860729162,-0.11437466379601546,2.0576231945926677,0.207,True
2328,0.21,0.2,0.13,0.22,0.24,0.8843900199979613,0.23510157674146215,0.15330626721547252,-0.1139948321494153,2.0623880250405544,0.207,True
2329,0.24,0.13,0.2,0.22,0.21,0.884133900780506,0.23504563018038116,0.14441052311793767,-0.12027675993036979,1.954206534300167,0.207,True
2330,0.18,0.14,0.22,0.25,0.21,0.8821448338679452,0.23461096664245584,0.14317913523817358,-0.12216476456507641,1.92044709026947,0.207,True
2331,0.22,0.13,0.2,0.24,0.21,0.8819873897635127,0.23457654787807414,0.1433405791249814,-0.119516918901447,1.9627057828649739,0.207,True
2332,0.2,0.21,0.13,0.22,0.24,0.8804124428334525,0.2342321439401427,0.1529664347598131,-0.1133264680268723,2.066879415006571,0.207,True
2333,0.24,0.15,0.16,0.23,0.22,0.8802699899629034,0.2342009833567138,0.14647207155749434,-0.11493467380924383,2.037687806426591,0.207,True
2334,0.22,0.13,0.24,0.21,0.2,0.8800144813407698,0.23414508866318284,0.1418184919367006,-0.12428479978187568,1.883939862912568,0.207,True
2335,0.23,0.15,0.16,0.24,0.22,0.8791945923377609,0.23396569673102396,0.14593675898245825,-0.11455460286451336,2.042394551424015,0.207,True
2336,0.21,0.13,0.24,0.22,0.2,0.8789457552266651,0.23391124078257808,0.14130072325846715,-0.12390416355797018,1.8878400375394944,0.207,True
2337,0.2,0.22,0.13,0.21,0.24,0.8775289148347685,0.23360108528450008,0.1530898314965688,-0.11303690118804322,2.066591377057405,0.207,True
2338,0.25,0.14,0.18,0.22,0.21,0.8749349768986643,0.23303285092198256,0.1435189704254483,-0.11590709949901368,2.0105140403756336,0.207,True
2339,0.24,0.13,0.22,0.21,0.2,0.874753680499778,0.23299311609879836,0.14119021010260385,-0.12059671376182679,1.932002198326478,0.207,True
2340,0.24,0.16,0.15,0.23,0.22,0.8737151859096792,0.232765459332394,0.14586690012336817,-0.11239961370905471,2.0708741929923806,0.207,True
2341,0.23,0.16,0.15,0.24,0.22,0.8726435968213015,0.23253045944524797,0.14532903688993393,-0.11201891397388575,2.075814263825628,0.207,True
2342,0.22,0.14,0.18,0.25,0.21,0.8717344479531686,0.23233101244590748,0.14187401260151378,-0.11476485849448859,2.024409000226013,0.207,True
2343,0.21,0.13,0.22,0.24,0.2,0.8715631220873175,0.23229342013678855,0.1395711525540862,-0.11945361679750544,1.9446327902366165,0.207,True
2344,0.24,0.13,0.21,0.22,0.2,0.8710517046883541,0.2321811913193661,0.14035328967412497,-0.11836151914429216,1.9616273346096433,0.207,True
2345,0.22,0.13,0.21,0.24,0.2,0.8689298716333222,0.23171534365043223,0.13925180979865387,-0.11759906074356397,1.9703843056681358,0.207,True
2346,0.25,0.18,0.14,0.21,0.22,0.8653642576306735,0.23093171958038528,0.14595858267552575,-0.10993458596984929,2.1006284559412514,0.207,True
2347,0.21,0.18,0.14,0.25,0.22,0.8610978874331241,0.22999277501790538,0.14382828079908044,-0.10840751937204862,2.1215574007240483,0.207,True
2348,0.24,0.2,0.13,0.21,0.22,0.8549051650558239,0.2286273212389054,0.14495487881042288,-0.10667924601789958,2.1431283944446355,0.207,True
2349,0.21,0.2,0.13,0.24,0.22,0.851720343719004,0.22792390570570698,0.1433727772585284,-0.10553073420133907,2.159786979884528,0.207,True
2350,0.18,0.21,0.14,0.25,0.22,0.8493191081006042,0.22739302328445965,0.14277517495321812,-0.10635985144461213,2.13795920355226,0.207,True
2351,0.25,0.18,0.14,0.22,0.21,0.8487093527149632,0.2272581410189245,0.14104342460284783,-0.10566774723080097,2.1506859659129867,0.207,True
2352,0.2,0.21,0.13,0.24,0.22,0.8478034075409595,0.22705768466254694,0.14300385445968913,-0.10484303001585238,2.165691745347455,0.207,True
2353,0.22,0.14,0.25,0.21,0.18,0.847006329621292,0.22688126291113941,0.1331254971677549,-0.11794366051322891,1.9236410157516837,0.207,True
2354,0.21,0.14,0.25,0.22,0.18,0.845965929170684,0.2266509088230848,0.13257309711865853,-0.11755974228461252,1.9279636414510182,0.207,True
2355,0.22,0.18,0.14,0.25,0.21,0.8455542979394941,0.2265597460390001,0.13936515876760136,-0.10451791947116029,2.167664140133548,0.207,True
2356,0.25,0.14,0.22,0.21,0.18,0.8389484195408115,0.22509490306827562,0.13221027771867064,-0.11230045719434267,2.0043988127201957,0.207,True
2357,0.24,0.2,0.13,0.22,0.21,0.8382809817232422,0.22494670476850098,0.14001341366199738,-0.10237347781145933,2.1973142807826074,0.207,True
2358,0.22,0.2,0.13,0.24,0.21,0.836187522292293,0.224481638896038,0.13890486694928858,-0.10160477372591814,2.2093611418454002,0.207,True
2359,0.25,0.14,0.21,0.22,0.18,0.8352184195476202,0.22426623122371137,0.13134586672806123,-0.11002099977893309,2.0383947762184764,0.207,True
2360,0.21,0.14,0.22,0.25,0.18,0.8348178502554657,0.22417717238283785,0.12985727894578167,-0.11076240810658244,2.0239463570268414,0.207,True
2361,0.22,0.14,0.21,0.25,0.18,0.8321282491995226,0.22357885556730595,0.1295448207497555,-0.10886687395249683,2.05369041518417,0.207,True
2362,0.18,0.22,0.14,0.25,0.21,0.8299760604281938,0.22309966719030627,0.13786613004803697,-0.10174605735847109,2.192710685626696,0.207,True
2363,0.2,0.22,0.13,0.24,0.21,0.8284170659643655,0.22275231977930687,0.13811848634466375,-0.10020832863890194,2.222892276569036,0.207,True
2364,0.24,0.21,0.13,0.22,0.2,0.818670011237532,0.22057616530900925,0.135188240216469,-0.097694121322082,2.2578243432048963,0.207,True
2365,0.22,0.21,0.13,0.24,0.2,0.8166085042052151,0.22011491182864806,0.13403861502611267,-0.09692147868002354,2.271064317490813,0.207,True
2366,0.21,0.22,0.13,0.24,0.2,0.8127550818751474,0.21925178813501134,0.13361959482988867,-0.09621250961544103,2.2788282834670377,0.207,True
2367,0.22,0.24,0.13,0.21,0.2,0.8081443835687774,0.21821743399104299,0.1344316380067063,-0.09595136290832929,2.2742504887556954,0.207,True
2368,0.21,0.24,0.13,0.22,0.2,0.8071171277948401,0.2179867421486239,0.13388151047378327,-0.095563696081026,2.2810622766599415,0.207,True
2369,0.23,0.15,0.24,0.22,0.16,0.8070258294335106,0.2179662349552478,0.12323001987646992,-0.10723362060080577,2.0326296336357217,0.207,True
2370,0.22,0.15,0.24,0.23,0.16,0.8060186091677244,0.21773994997336232,0.12261224709201574,-0.10684597585716615,2.0378862959185424,0.207,True
2371,0.24,0.15,0.23,0.22,0.16,0.8042854012381242,0.2173503654757074,0.12293418842455607,-0.10531049849838847,2.063900262318419,0.207,True
2372,0.22,0.15,0.23,0.24,0.16,0.8022760979833918,0.2168984087892527,0.12167226802143899,-0.10453481435541134,2.0748916055067808,0.207,True
2373,0.25,0.21,0.14,0.22,0.18,0.7893926027178577,0.2139924849675614,0.12663553274005446,-0.09155053794995793,2.337424659203324,0.207,True
2374,0.23,0.16,0.24,0.22,0.15,0.7867771009641085,0.21340084597396602,0.11854045368341351,-0.10256556177111664,2.0806286465839996,0.207,True
2375,0.25,0.22,0.14,0.21,0.18,0.7865930771698615,0.21335919717533214,0.12677101115337103,-0.09121598693899513,2.339054855789982,0.207,True
2376,0.22,0.21,0.14,0.25,0.18,0.7863808137445092,0.21331115354900643,0.12475803934794814,-0.0903829205131279,2.3600825503090874,0.207,True
2377,0.22,0.16,0.24,0.23,0.15,0.785785626916935,0.21317641887673822,0.11789757869346706,-0.10217590804071919,2.0863667665354444,0.207,True
2378,0.24,0.16,0.23,0.22,0.15,0.7840118465180312,0.21277470390089248,0.11825070242615693,-0.10061899113183193,2.114657496636128,0.207,True
2379,0.21,0.22,0.14,0.25,0.18,0.7825819424845628,0.21245067403762752,0.12430231372318919,-0.08965734982672768,2.3695845845121557,0.207,True
2380,0.22,0.16,0.23,0.24,0.15,0.7820340160659895,0.2123264627695498,0.11693715675701404,-0.09983928972417055,2.1266824248865497,0.207,True
2381,0.22,0.25,0.14,0.21,0.18,0.7752111781372397,0.21077763377754222,0.12530037674172362,-0.08903188878723023,2.367439763984586,0.207,True
2382,0.21,0.25,0.14,0.22,0.18,0.774211829529946,0.21055044202069562,0.12470910873136866,-0.08864086333498888,2.375320299228018,0.207,True
2383,0.21,0.18,0.25,0.22,0.14,0.7654392344836403,0.20855241008776582,0.11369552513184147,-0.09907381818409622,2.105020417202853,0.207,True
2384,0.25,0.18,0.21,0.22,0.14,0.7542909725562279,0.20600372571144732,0.11256086915565407,-0.09116127428185172,2.259772335723682,0.207,True
2385,0.21,0.18,0.22,0.25,0.14,0.7541793336963516,0.20597814861166763,0.11073670259881911,-0.09197291865690638,2.2395521596965264,0.207,True
2386,0.22,0.18,0.21,0.25,0.14,0.7513898089746789,0.20533869991010478,0.1104466485644756,-0.0899830975482665,2.2819696754711307,0.207,True
2387,0.18,0.21,0.22,0.25,0.14,0.7429735726191724,0.20340530344057228,0.1092923786859473,-0.08978055741161695,2.2655829870605495,0.207,True
2388,0.22,0.2,0.24,0.21,0.13,0.7394773470354459,0.2026003127109588,0.10883816501505805,-0.09194044261387235,2.2036038434340712,0.207,True
2389,0.21,0.2,0.24,0.22,0.13,0.7385193176104003,0.2023795423283925,0.10815847054505137,-0.09154579475474856,2.210691849588153,0.207,True
2390,0.18,0.22,0.21,0.25,0.14,0.7364814530958781,0.2019096624768031,0.10846563977881309,-0.08703965704753991,2.319743313861206,0.207,True
2391,0.2,0.21,0.24,0.22,0.13,0.734803779588235,0.20152255752634396,0.10764171399693406,-0.09081181997173227,2.2191225502261,0.207,True
2392,0.25,0.21,0.18,0.22,0.14,0.7347134328815956,0.20150170392313393,0.11028328810899615,-0.08291219274810291,2.4303024349545312,0.207,True
2393,0.24,0.2,0.22,0.21,0.13,0.7338624886928171,0.20130525555244771,0.1082887248119398,-0.08792731157606215,2.2894508195932635,0.207,True
2394,0.25,0.22,0.18,0.21,0.14,0.7319624889538956,0.20086639084252944,0.11042898209867297,-0.08255742644304453,2.4330505382348004,0.207,True
2395,0.22,0.21,0.18,0.25,0.14,0.7318451765047826,0.20083928332250145,0.1081199589067103,-0.08172811306032213,2.457407565182196,0.207,True
2396,0.21,0.2,0.22,0.24,0.13,0.7310036080225417,0.20064478524050444,0.10615596823135413,-0.08674219300636365,2.3131163541805377,0.207,True
2397,0.24,0.2,0.21,0.22,0.13,0.7300946435377482,0.20043464017702317,0.10732829646357202,-0.08551412504038092,2.3438775767439033,0.207,True
2398,0.22,0.2,0.21,0.24,0.13,0.7281937915358414,0.19999494087972258,0.10587488998823097,-0.08472365747141242,2.3605560341538037,0.207,True
2399,0.21,0.22,0.18,0.25,0.14,0.7281425856214638,0.19998309162431993,0.10758286959359838,-0.08097679282129544,2.4696346281045596,0.207,True
2400,0.2,0.21,0.22,0.24,0.13,0.7273019746295235,0.19978853737184754,0.10562981674289999,-0.0859992263839443,2.3231434254988512,0.207,True
2401,0.24,0.21,0.2,0.22,0.13,0.7235809711251509,0.19892657493128452,0.10653113366259359,-0.08273813705791577,2.4042912011910316,0.207,True
2402,0.22,0.21,0.2,0.24,0.13,0.7216873935599168,0.19848745535867351,0.10506564316628718,-0.08194634908427845,2.422163495710313,0.207,True
2403,0.22,0.25,0.18,0.21,0.14,0.7208693440583926,0.1982976505318239,0.10870540957863761,-0.08029553263293043,2.469597548326107,0.207,True
2404,0.2,0.22,0.21,0.24,0.13,0.7208068730486854,0.19828315346096792,0.10479348974744694,-0.08322735073799392,2.382427792099,0.207,True
2405,0.21,0.25,0.18,0.22,0.14,0.7199176942074319,0.19807677187827988,0.10802254713315779,-0.07989897273906921,2.4790903448177097,0.207,True
2406,0.21,0.22,0.2,0.24,0.13,0.7180021091188307,0.19763191590716644,0.10451032254786269,-0.08119296787462105,2.434101389326617,0.207,True
2407,0.22,0.24,0.2,0.21,0.13,0.7134759071644878,0.19657948136166392,0.10551099435727261,-0.08087130885768024,2.430769133557742,0.207,True
2408,0.21,0.24,0.2,0.22,0.13,0.7125324252307905,0.19635986911984027,0.104807705518509,-0.08047400784919534,2.4400408823655186,0.207,True
2409,0.19,0.16,0.2,0.18,0.27,0.9665749532070587,0.2527983397983793,0.1716394353459933,-0.14164049546804225,1.7847885872117493,0.20700000000000002,True
2410,0.18,0.16,0.2,0.19,0.27,0.9654144119269947,0.2525519082029388,0.17125663064388807,-0.14126817384643275,1.7877480916365378,0.20700000000000002,True
2411,0.2,0.16,0.19,0.18,0.27,0.964169513728947,0.2522874562169575,0.17130183710789454,-0.13988631682707475,1.8035177559848918,0.20700000000000002,True
2412,0.18,0.16,0.19,0.2,0.27,0.9618537288910252,0.25179521982507413,0.17051904533312037,-0.13914127865645476,1.8096370987560517,0.20700000000000002,True
2413,0.19,0.15,0.22,0.18,0.26,0.9610576322865731,0.2516259144031867,0.1681976343343997,-0.14224893172638375,1.7689125067539342,0.20700000000000002,True
2414,0.2,0.16,0.18,0.19,0.27,0.9606013602553083,0.25152885862486696,0.1705785117815288,-0.13775333254534639,1.8259366505130998,0.20700000000000002,True
2415,0.18,0.15,0.22,0.19,0.26,0.9599058665936928,0.2513808879066959,0.16780688398791313,-0.14187596494752874,1.7718356171157414,0.20700000000000002,True
2416,0.19,0.16,0.18,0.2,0.27,0.9594461164452286,0.25128305390470906,0.1701784857760614,-0.13738061664579837,1.8291012228645014,0.20700000000000002,True
2417,0.22,0.15,0.19,0.18,0.26,0.9537393873897604,0.250067396207617,0.16719672859284396,-0.1369642114995534,1.8257864114264066,0.20700000000000002,True
2418,0.22,0.15,0.18,0.19,0.26,0.9501439359300223,0.24930027051656256,0.16646651295512108,-0.134816592233566,1.84918092340338,0.20700000000000002,True
2419,0.18,0.15,0.19,0.22,0.26,0.9491640496876803,0.249091038442518,0.16552770432330072,-0.13546997093517787,1.8387177373922048,0.20700000000000002,True
2420,0.2,0.18,0.16,0.19,0.27,0.9475546674735531,0.24874723980677715,0.1694040711121226,-0.13296468998199606,1.8707766689070497,0.20700000000000002,True
2421,0.19,0.15,0.18,0.22,0.26,0.946720362407449,0.2485689397555193,0.16518798974455529,-0.1336953224233457,1.8592194195727114,0.20700000000000002,True
2422,0.19,0.18,0.16,0.2,0.27,0.9464072291201737,0.24850200662267952,0.1690007683399389,-0.13259073883482442,1.8742033478842903,0.20700000000000002,True
2423,0.18,0.19,0.16,0.2,0.27,0.942314115456024,0.24762643087790726,0.16873031024489904,-0.1319630465409274,1.876483131973675,0.20700000000000002,True
2424,0.18,0.2,0.16,0.19,0.27,0.9393709448309837,0.246996083825596,0.16884867974680018,-0.1317084026369123,1.8753251795673471,0.20700000000000002,True
2425,0.22,0.18,0.15,0.19,0.26,0.930534395164293,0.24509969472019644,0.16470811000282323,-0.12755086944765404,1.9215838808592645,0.20700000000000002,True
2426,0.19,0.18,0.15,0.22,0.26,0.9271457770665965,0.2443709369738596,0.1634134846701937,-0.12642402281242104,1.9329470106835611,0.20700000000000002,True
2427,0.17,0.16,0.18,0.24,0.25,0.9256698355495583,0.24405325320380689,0.15960893122539718,-0.1287101730552761,1.8961457933787047,0.20700000000000002,True
2428,0.18,0.16,0.17,0.24,0.25,0.9231942889572227,0.24352004829898788,0.15926818935392212,-0.12690848412386835,1.9188634233571134,0.20700000000000002,True
2429,0.18,0.19,0.15,0.22,0.26,0.9230893879420234,0.2434974436956907,0.1631311180941083,-0.12578376968735216,1.9358415183527045,0.20700000000000002,True
2430,0.18,0.17,0.16,0.24,0.25,0.9166707931175182,0.24211276530371872,0.15866578635047054,-0.12445772978235004,1.9453413277513756,0.20700000000000002,True
2431,0.17,0.18,0.16,0.24,0.25,0.9126351495711478,0.2412405753815534,0.15838831868594225,-0.12381320218540792,1.9484236828016146,0.20700000000000002,True
2432,0.17,0.16,0.18,0.25,0.24,0.9096715284125234,0.24059929100146826,0.15466723077065367,-0.12467673988434391,1.9297849079520337,0.20700000000000002,True
2433,0.18,0.16,0.17,0.25,0.24,0.9071638256788508,0.24005614223520189,0.15432802652319996,-0.12285736261542746,1.9539418487000593,0.20700000000000002,True
2434,0.18,0.17,0.16,0.25,0.24,0.900638400564391,0.2386405510083689,0.1537159652233179,-0.12037973605445984,1.9823980250331152,0.20700000000000002,True
2435,0.18,0.15,0.19,0.26,0.22,0.8847802690856703,0.23518681282108478,0.14581069176513706,-0.119350407407952,1.9705572685411288,0.20700000000000002,True
2436,0.19,0.15,0.18,0.26,0.22,0.8822086283455561,0.23462491216972015,0.14547768247520806,-0.11750502982228805,1.9967222894591112,0.20700000000000002,True
2437,0.19,0.18,0.15,0.26,0.22,0.8626146408939837,0.23032674701461375,0.14358552916877518,-0.10990838959020943,2.0956248005578195,0.20700000000000002,True
2438,0.18,0.19,0.15,0.26,0.22,0.8586790571773857,0.22945980022257317,0.14325239752083163,-0.10923093389244509,2.1006851451852655,0.20700000000000002,True
2439,0.18,0.16,0.19,0.27,0.2,0.8487213373597253,0.22726079239407015,0.1359545372842681,-0.11070216461227911,2.0529028785482515,0.20700000000000002,True
2440,0.19,0.16,0.18,0.27,0.2,0.8460917290180927,0.22667876664914033,0.13562663723382404,-0.10881622022191517,2.083133986705854,0.20700000000000002,True
2441,0.18,0.15,0.22,0.26,0.19,0.8458263426909549,0.22661999652608178,0.1333804941554386,-0.11355581534168069,1.9956705505939938,0.20700000000000002,True
2442,0.26,0.15,0.18,0.22,0.19,0.8393309647701919,0.22517982747671228,0.13448683902333125,-0.10752966716727008,2.0941181481239868,0.20700000000000002,True
2443,0.17,0.16,0.25,0.24,0.18,0.8360966277511004,0.22446143849996836,0.1307888236860709,-0.11545008523349798,1.9442293008792046,0.20700000000000002,True
2444,0.18,0.16,0.2,0.27,0.19,0.8355905300322981,0.22434895118735465,0.13178124334710398,-0.10872227111919652,2.0635050103156143,0.20700000000000002,True
2445,0.22,0.15,0.18,0.26,0.19,0.8351873203692453,0.22425931738648996,0.13209915843064357,-0.10599281833069707,2.1157972862538856,0.20700000000000002,True
2446,0.19,0.18,0.16,0.27,0.2,0.8330339843514758,0.2237804067845428,0.1343046966504715,-0.10364375730008468,2.159130589376655,0.20700000000000002,True
2447,0.2,0.16,0.18,0.27,0.19,0.8302735987055931,0.22316593695304432,0.13113447093672906,-0.10491941436458851,2.127022327608086,0.20700000000000002,True
2448,0.19,0.15,0.22,0.26,0.18,0.8299080852079261,0.22308452627564357,0.12891183660408914,-0.10969628482074179,2.033656168394337,0.20700000000000002,True
2449,0.18,0.19,0.16,0.27,0.2,0.8291525445176873,0.22291621062030353,0.1339427868114208,-0.1029507435760747,2.1652705252738773,0.20700000000000002,True
2450,0.26,0.15,0.19,0.22,0.18,0.8259382605583998,0.22219962963588435,0.1304297612056885,-0.1055195694640696,2.105767022784768,0.20700000000000002,True
2451,0.22,0.15,0.19,0.26,0.18,0.8218433567645538,0.2212855071190325,0.12796573332838196,-0.10397739133859774,2.1282079139533914,0.20700000000000002,True
2452,0.26,0.18,0.15,0.22,0.19,0.8196621345290183,0.22079802445186525,0.1325552647522669,-0.09968696923828979,2.2149136054490124,0.20700000000000002,True
2453,0.19,0.16,0.2,0.27,0.18,0.8196525863625304,0.22079588967015606,0.12728520172326052,-0.1048139415416508,2.1065507739007843,0.20700000000000002,True
2454,0.2,0.18,0.16,0.27,0.19,0.8172103535914517,0.22024960913906977,0.12979293576585005,-0.09968962263941816,2.209353424234762,0.20700000000000002,True
2455,0.2,0.16,0.19,0.27,0.18,0.8169657055671651,0.22019485911043146,0.12696673986088902,-0.10289681118511884,2.1399580470407864,0.20700000000000002,True
2456,0.18,0.16,0.24,0.25,0.17,0.8163794334915029,0.22006363668461892,0.12540007895852726,-0.10930440276904929,2.0133099043557676,0.20700000000000002,True
2457,0.22,0.18,0.15,0.26,0.19,0.8155635091380626,0.21988096529955614,0.1301275432701424,-0.09814246219737466,2.240426420700071,0.20700000000000002,True
2458,0.25,0.16,0.17,0.24,0.18,0.8146233016537194,0.21967040117674763,0.12829151596748795,-0.10020060034997524,2.1923062377819567,0.20700000000000002,True
2459,0.24,0.16,0.17,0.25,0.18,0.8136058961285944,0.21944246620908192,0.12765959999333895,-0.09981422166776777,2.1985090154737414,0.20700000000000002,True
2460,0.18,0.2,0.16,0.27,0.19,0.8095112355448562,0.21852425383522034,0.12901776565413067,-0.0982823144654903,2.223434145030746,0.20700000000000002,True
2461,0.16,0.19,0.2,0.27,0.18,0.8081023112701293,0.2182079874898526,0.12617882593129756,-0.10272787143155071,2.1241361711193267,0.20700000000000002,True
2462,0.25,0.17,0.16,0.24,0.18,0.8080725001941078,0.21820129391458964,0.12763255604191281,-0.09755592253881473,2.2366791091312117,0.20700000000000002,True
2463,0.24,0.17,0.16,0.25,0.18,0.8070588273457355,0.21797364693762367,0.12699695463531815,-0.09716890321469196,2.243244903732391,0.20700000000000002,True
2464,0.16,0.2,0.19,0.27,0.18,0.8015978461634512,0.21674577238307724,0.1254456229719481,-0.10009643463415907,2.16536955761969,0.20700000000000002,True
2465,0.18,0.22,0.15,0.26,0.19,0.8002026615326381,0.21643167414477205,0.12849845313192768,-0.095306324161742,2.2709056932829683,0.20700000000000002,True
2466,0.18,0.17,0.25,0.24,0.16,0.8000795824743325,0.21640395753836184,0.12155451433144031,-0.10699156206339933,2.0226263956229436,0.20700000000000002,True
2467,0.26,0.19,0.15,0.22,0.18,0.7997286276882714,0.2163249178556912,0.1277804007558007,-0.09495574267396711,2.2781657197758762,0.20700000000000002,True
2468,0.2,0.19,0.16,0.27,0.18,0.7973820314111129,0.21579616893080167,0.12489264394184069,-0.09497204909503398,2.272207149230452,0.20700000000000002,True
2469,0.18,0.17,0.24,0.25,0.16,0.79635779090769,0.21556523671992633,0.12058616192867967,-0.1046790952643365,2.05929594801693,0.20700000000000002,True
2470,0.22,0.19,0.15,0.26,0.18,0.7956934448797301,0.2154154018155976,0.1252577568122334,-0.09340329956692894,2.3062932767299062,0.20700000000000002,True
2471,0.19,0.2,0.16,0.27,0.18,0.793564451018117,0.21493498483271,0.12447761040590068,-0.09425752289626521,2.280295282841837,0.20700000000000002,True
2472,0.19,0.22,0.15,0.26,0.18,0.7842687679097564,0.21283290637991792,0.12395157287466224,-0.09124323355804254,2.33258838031566,0.20700000000000002,True
2473,0.19,0.18,0.2,0.27,0.16,0.7796520264497833,0.21178618542688232,0.1175462254418913,-0.0954178260887969,2.219566239434042,0.20700000000000002,True
2474,0.2,0.18,0.19,0.27,0.16,0.776914388885029,0.2111646450081932,0.11723717370172386,-0.0934536720548087,2.2595649840741343,0.20700000000000002,True
2475,0.18,0.19,0.2,0.27,0.16,0.7758661041573423,0.210926478306249,0.11712106669254484,-0.09470079056680103,2.2272937432075977,0.20700000000000002,True
2476,0.2,0.19,0.18,0.27,0.16,0.7703955779125042,0.2096820701016997,0.116500825080703,-0.09075741916165114,2.310357346414047,0.20700000000000002,True
2477,0.19,0.18,0.22,0.26,0.15,0.76974264762882,0.20953337357858803,0.11441896331955928,-0.09567354520064009,2.1900868535724145,0.20700000000000002,True
2478,0.18,0.2,0.19,0.27,0.16,0.7693588386507164,0.20944594892078938,0.11636158794782162,-0.0920097383758901,2.276345445795462,0.20700000000000002,True
2479,0.19,0.2,0.18,0.27,0.16,0.7666259506236872,0.20882308121944826,0.11605033956659491,-0.09003048263378399,2.3194708626507716,0.20700000000000002,True
2480,0.18,0.19,0.22,0.26,0.15,0.7659738668394673,0.208674366259884,0.11397948691482963,-0.09495464849059843,2.1976213863878935,0.20700000000000002,True
2481,0.22,0.18,0.19,0.26,0.15,0.7614513023303662,0.20764193623310923,0.11351911847008195,-0.08974277818333554,2.313745355742358,0.20700000000000002,True
2482,0.26,0.19,0.18,0.22,0.15,0.7588194629170473,0.20704031514639532,0.11557315257055974,-0.088585234575422,2.337187637857638,0.20700000000000002,True
2483,0.22,0.19,0.18,0.26,0.15,0.754928437815511,0.20614975185313544,0.11277562729323466,-0.08701645213773956,2.369089370902161,0.20700000000000002,True
2484,0.18,0.22,0.19,0.26,0.15,0.7464740505608751,0.20421019540509455,0.11160283685362604,-0.08680717208788857,2.3524576425360384,0.20700000000000002,True
2485,0.19,0.22,0.18,0.26,0.15,0.7437199707536628,0.20357701887969193,0.1112984446111531,-0.08479950722258023,2.400686342968322,0.20700000000000002,True
2486,0.2,0.14,0.2,0.2,0.26,0.9579999723209689,0.2509752172220212,0.1669614019673258,-0.1386013596149286,1.8107702400560648,0.20720000000000002,True
2487,0.2,0.2,0.14,0.2,0.26,0.9188413974914076,0.24258137357892706,0.1633882488423733,-0.12407884977327988,1.9550582071173137,0.20720000000000002,True
2488,0.2,0.14,0.26,0.2,0.2,0.8823499018765824,0.2346557935625544,0.14270661074385782,-0.12768199299789396,1.8378143076637667,0.20720000000000002,True
2489,0.26,0.14,0.2,0.2,0.2,0.8665861145255622,0.23120036257219234,0.14082720193501697,-0.11659785912881726,1.9828868582978207,0.20720000000000002,True
2490,0.2,0.14,0.2,0.26,0.2,0.8602433467417161,0.22980453487146235,0.13750624549959647,-0.11430667584100973,2.0104209415651253,0.20720000000000002,True
2491,0.2,0.2,0.14,0.26,0.2,0.8210475291643013,0.22110769224257232,0.1335596260180749,-0.09879190606635768,2.2381154595200963,0.20720000000000002,True
2492,0.2,0.2,0.2,0.26,0.14,0.7401794682243799,0.20276205956962245,0.1084720629310056,-0.08611671051184255,2.354503073381317,0.20720000000000002,True
2493,0.18,0.16,0.21,0.18,0.27,0.9689730477513838,0.25330724884424005,0.17200736962320287,-0.14338876591127703,1.7665766717106415,0.2074,True
2494,0.21,0.16,0.18,0.18,0.27,0.9617567334475641,0.25177459430889315,0.170994667723693,-0.13812619998796616,1.8227866569182984,0.2074,True
2495,0.2,0.14,0.21,0.19,0.26,0.9615900897183205,0.251739156902713,0.1677193784083735,-0.14073295477338732,1.788771914212072,0.2074,True
2496,0.19,0.14,0.21,0.2,0.26,0.9604397125127417,0.2514944701575017,0.16731269889882072,-0.1403602107382219,1.7917789438671488,0.2074,True
2497,0.21,0.14,0.2,0.19,0.26,0.9591477676683071,0.2512195576344127,0.16738512529645036,-0.1389743769682843,1.807668169591753,0.2074,True
2498,0.18,0.16,0.18,0.21,0.27,0.9582910020555988,0.2510371800941278,0.16979477334823742,-0.13700805219695367,1.8322804832905253,0.2074,True
2499,0.19,0.14,0.2,0.21,0.26,0.9568523052284394,0.2507308086091655,0.1665540863120359,-0.1382284938564381,1.8138865700842441,0.2074,True
2500,0.21,0.14,0.19,0.2,0.26,0.9555529291308646,0.2504539764722895,0.16664122621602914,-0.13683654595587247,1.8303149551367424,0.2074,True
2501,0.2,0.14,0.19,0.21,0.26,0.9544078436443293,0.2502099142764045,0.16621682527303833,-0.13646340753464015,1.833531191963609,0.2074,True
2502,0.21,0.18,0.16,0.18,0.27,0.948702234257089,0.2489924041085374,0.16982359944514389,-0.13333879407808513,1.867366551723303,0.2074,True
2503,0.18,0.18,0.16,0.21,0.27,0.9452599192352431,0.24825670450213533,0.16861387729830754,-0.1322169405427922,1.8776467182114738,0.2074,True
2504,0.22,0.14,0.23,0.17,0.24,0.9392158288841388,0.2469628445229548,0.16049377170014276,-0.1379322710336457,1.7904645712874065,0.2074,True
2505,0.22,0.13,0.22,0.19,0.24,0.9385336985292727,0.24681665193747349,0.15957534771048187,-0.13602564963310837,1.8144861105474832,0.2074,True
2506,0.19,0.13,0.22,0.22,0.24,0.9351624326126189,0.24609362600188978,0.15824108158756314,-0.1349004665479533,1.8242607479375208,0.2074,True
2507,0.16,0.16,0.19,0.24,0.25,0.9281381569206424,0.2445844470431171,0.15998238603788542,-0.13050570639165227,1.8741283718974746,0.2074,True
2508,0.22,0.13,0.19,0.22,0.24,0.9276310237284844,0.24447534672650129,0.15724682703485693,-0.12953110322751327,1.887387203806144,0.2074,True
2509,0.22,0.14,0.24,0.17,0.23,0.9266637054278362,0.24426719302751265,0.15648247207683874,-0.1361354970307591,1.794294642875706,0.2074,True
2510,0.24,0.16,0.16,0.19,0.25,0.9263087401143897,0.24419079185958914,0.161247739037241,-0.12698082040170156,1.923052560907198,0.2074,True
2511,0.21,0.19,0.14,0.2,0.26,0.9228897952005186,0.24345443216816598,0.16370205808180752,-0.12472347583724808,1.951953555927596,0.2074,True
2512,0.16,0.15,0.21,0.24,0.24,0.9223129813400468,0.24333011409404248,0.15648173667056267,-0.13110607071442637,1.8559790005762673,0.2074,True
2513,0.2,0.19,0.14,0.21,0.26,0.9217641293944843,0.24321179943012816,0.16326871316701747,-0.12434723924755231,1.955908316918388,0.2074,True
2514,0.19,0.16,0.16,0.24,0.25,0.920711521274135,0.24298482823466405,0.15896028155418204,-0.12510060788840083,1.9423153279273018,0.2074,True
2515,0.23,0.14,0.17,0.22,0.24,0.91853894815378,0.24251609947931652,0.15636112057724516,-0.12527829753619557,1.9358189267318902,0.2074,True
2516,0.19,0.2,0.14,0.21,0.26,0.9177170318964587,0.2423386802528511,0.16297044542115344,-0.1237022636329449,1.959048065376796,0.2074,True
2517,0.22,0.14,0.17,0.23,0.24,0.9174295812471236,0.24227661905565,0.15587630763494062,-0.12490182746900158,1.9397363830867789,0.2074,True
2518,0.17,0.14,0.22,0.24,0.23,0.9138434973341074,0.24150185407629743,0.15262986863169503,-0.12990955875511523,1.8589998795357174,0.2074,True
2519,0.22,0.13,0.24,0.19,0.22,0.9132385177507967,0.2413710542664793,0.1515267501741778,-0.1323992019809288,1.8230552046774962,0.2074,True
2520,0.24,0.15,0.16,0.21,0.24,0.9130863879641815,0.24133815865694652,0.1562601418575488,-0.12319004687305324,1.9590718956836208,0.2074,True
2521,0.16,0.16,0.19,0.25,0.24,0.9121720610909543,0.24114041348550064,0.15504018760056693,-0.12648986422106678,1.906401077829119,0.2074,True
2522,0.19,0.13,0.24,0.22,0.22,0.9099423030867111,0.24065791022213334,0.15011946684443353,-0.13126630323579436,1.8333563472861596,0.2074,True
2523,0.21,0.15,0.16,0.24,0.24,0.9097698418824893,0.24062057523901004,0.1547994088453979,-0.12205876805038018,1.9713501871466788,0.2074,True
2524,0.24,0.13,0.22,0.19,0.22,0.9081008717512964,0.24025915476382842,0.1508879965394117,-0.12878312134463699,1.8656105882141962,0.2074,True
2525,0.24,0.16,0.15,0.21,0.24,0.9065333594060543,0.2399195132810379,0.15567323979469191,-0.12071027123727851,1.9875650250957635,0.2074,True
2526,0.17,0.14,0.24,0.23,0.22,0.9048290818726741,0.23955002680869075,0.14938004354616996,-0.1302528541097393,1.8391153763653234,0.2074,True
2527,0.19,0.16,0.16,0.25,0.24,0.9046489570204352,0.23951096295853014,0.1540227086355834,-0.12103170001166086,1.9789110037738404,0.2074,True
2528,0.24,0.14,0.17,0.22,0.23,0.9033251513218055,0.2392237923412528,0.15198553191853864,-0.12157915153200849,1.9676382778364074,0.2074,True
2529,0.21,0.16,0.15,0.24,0.24,0.9032283523791225,0.23920278870908773,0.1542060797283096,-0.11957712189389924,2.0004059716484255,0.2074,True
2530,0.19,0.13,0.22,0.24,0.22,0.9026333656090026,0.23907367161898518,0.14844164168684842,-0.12689297170058078,1.8840576307339405,0.2074,True
2531,0.22,0.14,0.17,0.24,0.23,0.9011366411481898,0.2387487508474857,0.15096946582207815,-0.12082324687535029,1.9760166774345638,0.2074,True
2532,0.2,0.14,0.26,0.19,0.21,0.8989671015696192,0.23827746712497988,0.1475649913698513,-0.13173518120079475,1.8087610686304834,0.2074,True
2533,0.23,0.17,0.14,0.22,0.24,0.8988914065477671,0.23826101760270912,0.1545940665876835,-0.1178369624351211,2.0219548491322605,0.2074,True
2534,0.19,0.14,0.26,0.2,0.21,0.8978793911848473,0.23804105136592102,0.1471011693818618,-0.1313560163578964,1.8121823268250423,0.2074,True
2535,0.22,0.17,0.14,0.23,0.24,0.8977935786958797,0.23802239602667274,0.15410282638321177,-0.11745862187017486,2.026436137568131,0.2074,True
2536,0.24,0.13,0.19,0.22,0.22,0.897083335113052,0.23786796992467218,0.14849897197486522,-0.1221748964189604,1.9469463604780048,0.2074,True
2537,0.22,0.13,0.19,0.24,0.22,0.8949120398514379,0.2373956326122988,0.1474590783375734,-0.12141765651905456,1.9551986047024663,0.2074,True
2538,0.22,0.19,0.13,0.22,0.24,0.8883726273142591,0.23597088398437727,0.15366321522637888,-0.11466145877555467,2.057979084726988,0.2074,True
2539,0.24,0.14,0.17,0.23,0.22,0.886833968994017,0.23563517697450176,0.14709387637429816,-0.11745431916710214,2.006185712415257,0.2074,True
2540,0.23,0.14,0.17,0.24,0.22,0.8857547576503786,0.23539960393892612,0.14656115222236993,-0.11707487641487568,2.010675656019876,0.2074,True
2541,0.24,0.17,0.14,0.22,0.23,0.8836625261300617,0.2349426500686973,0.15019835453754662,-0.11405748434077956,2.0598617567851885,0.2074,True
2542,0.21,0.14,0.26,0.19,0.2,0.8834226957556222,0.23489024829558636,0.14320366984242197,-0.12806274666392214,1.834180934069874,0.2074,True
2543,0.22,0.17,0.14,0.24,0.23,0.8814969806214834,0.23446932751519856,0.14916828200258522,-0.11329782270841127,2.069495440513805,0.2074,True
2544,0.19,0.14,0.26,0.21,0.2,0.8812772267390143,0.23442127568697768,0.14222812189812725,-0.12730139822383857,1.8414666214018045,0.2074,True
2545,0.26,0.14,0.19,0.2,0.21,0.8796951288723043,0.23407522046108564,0.144878082644353,-0.11852768481081111,1.9748569360374046,0.2074,True
2546,0.19,0.22,0.13,0.22,0.24,0.876439893316673,0.23336258536508536,0.15264392916577366,-0.11265635960614129,2.0714550530564453,0.2074,True
2547,0.19,0.14,0.2,0.26,0.21,0.8758819903200046,0.23324036670216497,0.14198138316420136,-0.11809783193956924,1.974975855793138,0.2074,True
2548,0.2,0.14,0.19,0.26,0.21,0.873278425792873,0.2326696884969146,0.1416532388401438,-0.11624437303800661,2.001556569287377,0.2074,True
2549,0.24,0.17,0.14,0.23,0.22,0.8671695604199796,0.23132860027013225,0.1452786341822816,-0.10984899697552442,2.1058781294259323,0.2074,True
2550,0.21,0.14,0.26,0.2,0.19,0.8666293700779268,0.2312098707847423,0.13835640749042805,-0.12396204057658333,1.8651667051406888,0.2074,True
2551,0.23,0.17,0.14,0.24,0.22,0.8661017746865995,0.23109388745201787,0.144738260326131,-0.10946766787643647,2.1110697974571733,0.2074,True
2552,0.2,0.14,0.26,0.21,0.19,0.865571543369422,0.23097730262382532,0.13784312177371463,-0.1235798484249655,1.869053130972796,0.2074,True
2553,0.24,0.15,0.16,0.24,0.21,0.8636144075379795,0.23054678520813798,0.1415571507141154,-0.11073177767089903,2.08202911627894,0.2074,True
2554,0.22,0.13,0.24,0.22,0.19,0.8631601274221161,0.23044681265927358,0.13695549760767975,-0.12015394533394785,1.917929636174535,0.2074,True
2555,0.26,0.14,0.19,0.21,0.2,0.8628795115868024,0.23038504995309927,0.1400242735145526,-0.11434521380916851,2.0148202297088744,0.2074,True
2556,0.19,0.14,0.21,0.26,0.2,0.8628728486373425,0.23038358338245857,0.1378491085664324,-0.11617188156332792,1.9831269002634797,0.2074,True
2557,0.18,0.16,0.18,0.27,0.21,0.8617225863589184,0.23013034864347515,0.14015791040412945,-0.11266418392921518,2.0426220704537457,0.2074,True
2558,0.24,0.13,0.22,0.22,0.19,0.8578392011781661,0.22927463481359234,0.13633332138878634,-0.11642894182156271,1.969223727593224,0.2074,True
2559,0.24,0.19,0.13,0.22,0.22,0.8577678444129986,0.22925890001518523,0.1448301007667619,-0.10698142412847866,2.1429785767280327,0.2074,True
2560,0.21,0.14,0.19,0.26,0.2,0.8576068728437989,0.22922340287927434,0.13720122835831924,-0.11243491678246564,2.038720794562121,0.2074,True
2561,0.24,0.16,0.15,0.24,0.21,0.8570595955975486,0.22910270302854086,0.14094214062487245,-0.1081683386647504,2.118019984929289,0.2074,True
2562,0.22,0.13,0.22,0.24,0.19,0.8557419398024351,0.22881200188785833,0.13519875830301986,-0.1156638496838106,1.978249924357178,0.2074,True
2563,0.22,0.19,0.13,0.24,0.22,0.8556422502104304,0.22879000277699335,0.1437598091717337,-0.10621662880486082,2.1539942036507487,0.2074,True
2564,0.16,0.18,0.18,0.27,0.21,0.8538637470964392,0.2283973971389135,0.13952328089543667,-0.11131718326043949,2.0517712580325647,0.2074,True
2565,0.26,0.14,0.2,0.21,0.19,0.8496275757851051,0.22746124725469086,0.13598235810067716,-0.11238458446898869,2.0239541599894095,0.2074,True
2566,0.18,0.18,0.16,0.27,0.21,0.848671590916587,0.2272497868629353,0.13885523625442545,-0.10754802613682002,2.1130075095365632,0.2074,True
2567,0.2,0.14,0.21,0.26,0.19,0.8470782164507022,0.22689717611091775,0.13339211052410183,-0.11235139975487496,2.0195313685984817,0.2074,True
2568,0.21,0.14,0.2,0.26,0.19,0.8444162473739907,0.2263076346820303,0.13307272140878187,-0.11046768485985692,2.0486320046367577,0.2074,True
2569,0.19,0.22,0.13,0.24,0.22,0.8438914391722545,0.22619133943182912,0.14265328425992838,-0.1041535090776623,2.1717111735829184,0.2074,True
2570,0.2,0.19,0.14,0.26,0.21,0.84060210128391,0.22546193313071705,0.13845709704601383,-0.10344439212232259,2.179547179939046,0.2074,True
2571,0.19,0.2,0.14,0.26,0.21,0.8367063083989499,0.22459692112147533,0.13809058912436437,-0.10275198760746684,2.185815830439023,0.2074,True
2572,0.26,0.19,0.14,0.21,0.2,0.830092356021769,0.22312557019648205,0.13685966925286938,-0.10142018034067635,2.200011570152904,0.2074,True
2573,0.25,0.16,0.16,0.24,0.19,0.8280174529727922,0.22266325332898718,0.1324265428659043,-0.10224409119646294,2.177761577450356,0.2074,True
2574,0.23,0.14,0.24,0.22,0.17,0.8271641468074917,0.22247302347647424,0.12794007214940348,-0.11183004329617563,1.9893851144031738,0.2074,True
2575,0.24,0.16,0.16,0.25,0.19,0.826987886069178,0.2224337218121526,0.13181462148057219,-0.1018590483202848,2.18374042836856,0.2074,True
2576,0.22,0.14,0.24,0.23,0.17,0.8261410891366072,0.2222448723649384,0.1273456526578069,-0.11144439199448308,1.9942221262774744,0.2074,True
2577,0.21,0.19,0.14,0.26,0.2,0.8249139795683755,0.22197110339469295,0.13396092227722498,-0.09949399181135965,2.2310000770252496,0.2074,True
2578,0.24,0.14,0.23,0.22,0.17,0.8244490925948105,0.2218673547405845,0.1276389011496109,-0.10992988178972174,2.018262469934983,0.2074,True
2579,0.22,0.14,0.23,0.24,0.17,0.822408134164397,0.22141166612919827,0.12642497787478232,-0.10915818399251476,2.0283560795073416,0.2074,True
2580,0.18,0.16,0.21,0.27,0.18,0.8223326187181965,0.22139479912778381,0.12764467097503737,-0.10672425807921737,2.0744562024825774,0.2074,True
2581,0.27,0.16,0.18,0.21,0.18,0.820391893956838,0.22096116217268102,0.13040619831653025,-0.10328994341198727,2.139232096307233,0.2074,True
2582,0.19,0.21,0.14,0.26,0.2,0.8171859953373668,0.22024415820107146,0.13317775053134145,-0.09808794844120294,2.2453742962428547,0.2074,True
2583,0.21,0.16,0.18,0.27,0.18,0.8142719804626029,0.21959170238754133,0.12668950827268688,-0.10097283048864814,2.174760292693082,0.2074,True
2584,0.26,0.2,0.14,0.21,0.19,0.8103028248116351,0.21870187271878772,0.13207861073498164,-0.0967169892404589,2.261256005137304,0.2074,True
2585,0.24,0.15,0.24,0.21,0.16,0.8080331590386265,0.21819246040779006,0.12386768168835016,-0.10762143204832297,2.027407146095396,0.2074,True
2586,0.21,0.2,0.14,0.26,0.19,0.8052040404705334,0.21755688509456284,0.12906954217225938,-0.09478091751962592,2.2953658899695095,0.2074,True
2587,0.21,0.15,0.24,0.24,0.16,0.8050114982795451,0.2175136054199618,0.12201474772468919,-0.10645849770993843,2.0431774832349134,0.2074,True
2588,0.19,0.16,0.25,0.24,0.16,0.8039074208332821,0.21726537120645584,0.12196660953487899,-0.10768435814881516,2.0176130957311775,0.2074,True
2589,0.2,0.21,0.14,0.26,0.19,0.8013719469442955,0.21669492664605294,0.12865119677304646,-0.09406704771897312,2.303622064268804,0.2074,True
2590,0.21,0.18,0.16,0.27,0.18,0.8012044836777272,0.216657231017368,0.12532818068916943,-0.0956846606756725,2.2642838411868076,0.2074,True
2591,0.19,0.16,0.24,0.25,0.16,0.8001787088222123,0.21642628024860988,0.12100144058868204,-0.10537606969874092,2.053846578899268,0.2074,True
2592,0.24,0.22,0.13,0.22,0.19,0.7989390089524575,0.21614704764205417,0.1303579686076757,-0.09294168171294714,2.3256201486608568,0.2074,True
2593,0.22,0.22,0.13,0.24,0.19,0.7969092719457653,0.2156895882810801,0.12916414254590797,-0.09216507074818225,2.3402530538971464,0.2074,True
2594,0.16,0.21,0.18,0.27,0.18,0.7951027895325042,0.2152821558778908,0.12473093875057331,-0.09744847801380674,2.2091895149700447,0.2074,True
2595,0.22,0.24,0.13,0.22,0.19,0.7913008820954657,0.21442378317340727,0.12943128863344375,-0.09149935724532232,2.3434457861655544,0.2074,True
2596,0.18,0.21,0.16,0.27,0.18,0.7897517399946665,0.2140736785045081,0.12408340335569888,-0.09354107435280579,2.288552702496162,0.2074,True
2597,0.24,0.16,0.24,0.21,0.15,0.787768682289061,0.2136252143243358,0.11920372600644506,-0.10295538437541063,2.0749299866181357,0.2074,True
2598,0.21,0.16,0.24,0.24,0.15,0.7847942601858007,0.21295193299144155,0.11727552094010898,-0.10178642307450969,2.092144772938494,0.2074,True
2599,0.18,0.18,0.21,0.27,0.16,0.7823829388575483,0.2124055641855902,0.11789988297676293,-0.09737489031209678,2.181317622076985,0.2074,True
2600,0.27,0.18,0.18,0.21,0.16,0.7801004793134754,0.21188793928759253,0.12099563936202042,-0.09382345288250482,2.2583685931164776,0.2074,True
2601,0.21,0.18,0.18,0.27,0.16,0.7741700302937922,0.2105409375300633,0.11697299587373147,-0.09148238961408606,2.3014367947560164,0.2074,True
2602,0.23,0.17,0.24,0.22,0.14,0.7664220373958657,0.20877658047346248,0.11388007486076164,-0.09782417895993567,2.134202225801127,0.2074,True
2603,0.22,0.17,0.24,0.23,0.14,0.765446218380796,0.20855400335875296,0.11321019446340186,-0.09743250070026233,2.1404972864274585,0.2074,True
2604,0.24,0.17,0.23,0.22,0.14,0.7636325044310968,0.208140090582279,0.11359728429672099,-0.09585365725138417,2.1714360886242905,0.2074,True
2605,0.18,0.21,0.18,0.27,0.16,0.7628611459232961,0.2079639706621843,0.11562191829826102,-0.08930157202180988,2.328782864106735,0.2074,True
2606,0.22,0.17,0.23,0.24,0.14,0.7616859644087561,0.20769554932343248,0.1122281612606191,-0.09506990767511336,2.1846613129487804,0.2074,True
2607,0.2,0.19,0.21,0.26,0.14,0.7466898673478302,0.20425978461233152,0.10927635966205788,-0.08885749600235715,2.2987344208631884,0.2074,True
2608,0.21,0.19,0.2,0.26,0.14,0.7439020000182961,0.20361888887545598,0.10898305388663013,-0.08685602649332524,2.3443265493051744,0.2074,True
2609,0.19,0.2,0.21,0.26,0.14,0.7429615575574389,0.20340253886928017,0.10879076432257302,-0.08812227095611469,2.308185395841371,0.2074,True
2610,0.22,0.19,0.24,0.22,0.13,0.7422396284880837,0.2032364053394662,0.10869786359274165,-0.09227776231541929,2.202441847741968,0.2074,True
2611,0.21,0.2,0.19,0.26,0.14,0.7373907767372077,0.2021193748378456,0.10820203456489695,-0.08410376742217784,2.403214279608448,0.2074,True
2612,0.24,0.19,0.22,0.22,0.13,0.7366181380158627,0.20194119005088984,0.10814632418937015,-0.08827226899203156,2.2877081597292954,0.2074,True
2613,0.19,0.21,0.2,0.26,0.14,0.736461712664233,0.20190510903659042,0.1079840334099678,-0.08537536736349782,2.364910573994377,0.2074,True
2614,0.22,0.19,0.22,0.24,0.13,0.7347100012138319,0.20150091181979946,0.10670509193777536,-0.08748312123439472,2.3033118729259248,0.2074,True
2615,0.2,0.21,0.19,0.26,0.14,0.7336787998265857,0.20126284083587853,0.10768854079124641,-0.08335829314471455,2.4144309251447273,0.2074,True
2616,0.19,0.22,0.22,0.24,0.13,0.7236050985307199,0.1989321679872409,0.10512711890621443,-0.08525421294370106,2.333399853431394,0.2074,True
2617,0.24,0.22,0.19,0.22,0.13,0.7170771243636904,0.19741698845935352,0.1057554144992633,-0.07994413131761047,2.469436908070644,0.2074,True
2618,0.22,0.22,0.19,0.24,0.13,0.7151908108716498,0.19697844940712095,0.10427794743644421,-0.07915102241776262,2.4886406187839234,0.2074,True
2619,0.22,0.24,0.19,0.22,0.13,0.7097277733920173,0.19570655969509798,0.10457762506704855,-0.0784241320634157,2.4954890101537215,0.2074,True
2620,0.23,0.16,0.17,0.18,0.26,0.9447361291125373,0.24814468278321722,0.16632622365273594,-0.13278378402341906,1.8687875526988444,0.20740000000000003,True
2621,0.17,0.16,0.18,0.23,0.26,0.9414925254034434,0.247450532758972,0.16452913212619516,-0.13269619578425218,1.8647899534459629,0.20740000000000003,True
2622,0.18,0.16,0.17,0.23,0.26,0.9390496189583686,0.24692722595937977,0.16418693798058365,-0.1309119061311499,1.8862090795011697,0.20740000000000003,True
2623,0.23,0.17,0.16,0.18,0.26,0.9381957294406476,0.24674420648433348,0.16574190723242468,-0.13036254054624086,1.8927538957927175,0.20740000000000003,True
2624,0.18,0.17,0.16,0.23,0.26,0.9325286389669696,0.24552817911071512,0.16359367872770525,-0.12848756438223163,1.9109100580372498,0.20740000000000003,True
2625,0.17,0.18,0.16,0.23,0.26,0.9284629562068565,0.24465431154545114,0.16332733970468857,-0.12785198670908438,1.9135745782514892,0.20740000000000003,True
2626,0.17,0.16,0.18,0.26,0.23,0.8935011848417991,0.2370885258307056,0.14970449161233929,-0.12059504534898324,1.965988943779642,0.20740000000000003,True
2627,0.18,0.16,0.17,0.26,0.23,0.8909618099727219,0.23653538470024893,0.14936693447396523,-0.118757684010239,1.9917480428454246,0.20740000000000003,True
2628,0.18,0.17,0.16,0.26,0.23,0.8844350421570573,0.23511141083671006,0.1487446637562954,-0.11625271471000531,2.0224165209664147,0.20740000000000003,True
2629,0.17,0.18,0.16,0.26,0.23,0.8804597847410545,0.2342424993076273,0.1484429418367163,-0.11558977533717307,2.0264984391945275,0.20740000000000003,True
2630,0.17,0.16,0.26,0.23,0.18,0.8397901560699736,0.22528175163543107,0.1317337295503552,-0.11771007112255283,1.9138698115378838,0.20740000000000003,True
2631,0.26,0.16,0.17,0.23,0.18,0.8156408171614524,0.21989827557922426,0.1289422614990295,-0.10058714529730395,2.1861468970938,0.20740000000000003,True
2632,0.18,0.16,0.23,0.26,0.17,0.8126655769260831,0.21923172549230885,0.12446834524866167,-0.10700974371073924,2.048708069845674,0.20740000000000003,True
2633,0.23,0.16,0.17,0.26,0.18,0.8125886006243825,0.21921447063278365,0.12704687311898158,-0.09942800914343042,2.2047557073837676,0.20740000000000003,True
2634,0.26,0.17,0.16,0.23,0.18,0.8090862825490992,0.21842888039164232,0.12828705280139618,-0.09794310892602709,2.2301607819761347,0.20740000000000003,True
2635,0.23,0.17,0.16,0.26,0.18,0.8060452640422751,0.21774593941737463,0.12638061245694274,-0.09678205084555613,2.24985870329253,0.20740000000000003,True
2636,0.18,0.17,0.23,0.26,0.16,0.7926343753341307,0.2147249897600072,0.11963372250785966,-0.10235931858112024,2.0977571239870714,0.20740000000000003,True
2637,0.17,0.23,0.16,0.26,0.18,0.783147132767527,0.21257877223976762,0.12383876926686624,-0.09249126126428431,2.298366022194741,0.20740000000000003,True
2638,0.19,0.15,0.2,0.19,0.27,0.9695461527405034,0.25342880851171357,0.17152529544251036,-0.14187771975347097,1.7862481082447306,0.2076,True
2639,0.2,0.15,0.19,0.19,0.27,0.9671378393121484,0.25291782921164296,0.17118711400097,-0.14012650254562087,1.8049250114502837,0.2076,True
2640,0.19,0.15,0.19,0.2,0.27,0.9659786850011067,0.2526717391611144,0.1707887597237759,-0.13975440310050313,1.8079697924036624,0.2076,True
2641,0.19,0.15,0.24,0.17,0.25,0.9524511524780075,0.24979264663846457,0.16494547909619356,-0.14262227561628538,1.751427997899242,0.2076,True
2642,0.21,0.15,0.23,0.16,0.25,0.9511349254490831,0.24951180215877145,0.16498763781631415,-0.14123678959481378,1.7666204596874633,0.2076,True
2643,0.21,0.13,0.21,0.2,0.25,0.9498331621076601,0.24923391953672125,0.16318445766582854,-0.137441154006811,1.8133864004399314,0.2076,True
2644,0.2,0.13,0.21,0.21,0.25,0.9486968185352538,0.24899124732862976,0.16275102002878986,-0.13706736694444932,1.816561103340819,0.2076,True
2645,0.21,0.13,0.2,0.21,0.25,0.9462187263514958,0.24846171015653828,0.16241782227146245,-0.1352948166716641,1.8364466301729034,0.2076,True
2646,0.2,0.19,0.15,0.19,0.27,0.9410444609198556,0.2473545835901534,0.16883862760305754,-0.130548965317428,1.8947264958302363,0.2076,True
2647,0.19,0.15,0.25,0.17,0.24,0.9401200972147519,0.2471565923574457,0.1609278331965294,-0.14085775821428292,1.7546537407009797,0.2076,True
2648,0.19,0.19,0.15,0.2,0.27,0.9399009175222206,0.24710963661486574,0.16843372187377745,-0.13017439541481812,1.8982967873783305,0.2076,True
2649,0.19,0.2,0.15,0.19,0.27,0.9369606304249494,0.24647938485328358,0.16855272520062575,-0.12991667018696074,1.8972113778669015,0.2076,True
2650,0.24,0.15,0.17,0.19,0.25,0.9328621840322877,0.24559981601703118,0.16183994454723485,-0.12942342101146875,1.8976458364152462,0.2076,True
2651,0.17,0.15,0.19,0.24,0.25,0.9322005187969202,0.24545769928830619,0.1602418962873778,-0.1311367870375736,1.871768439911351,0.2076,True
2652,0.23,0.15,0.16,0.21,0.25,0.9281191793244759,0.24458036470928102,0.16064092511854164,-0.12686845918392275,1.9278263981649677,0.2076,True
2653,0.19,0.15,0.17,0.24,0.25,0.9272456265184665,0.24439242285386653,0.15956233800522657,-0.12754631482930556,1.916107283702672,0.2076,True
2654,0.21,0.15,0.16,0.23,0.25,0.9258778266378938,0.2440980313288208,0.15971126842210184,-0.1261172268782964,1.935485241555274,0.2076,True
2655,0.23,0.16,0.15,0.21,0.25,0.9215717843472142,0.24317033075021866,0.16006045584439316,-0.1244149901050432,1.954509907085237,0.2076,True
2656,0.21,0.16,0.15,0.23,0.25,0.9193381621786578,0.24268856960066243,0.15912685778844457,-0.12366251619372937,1.9625071288414282,0.2076,True
2657,0.17,0.15,0.19,0.25,0.24,0.9162042989322436,0.24201200843860637,0.15531078934965165,-0.1271298228767418,1.9036603918912727,0.2076,True
2658,0.19,0.17,0.15,0.24,0.25,0.9141863314175835,0.2415759643948785,0.15837361160414,-0.12264019880557175,1.9697942986692492,0.2076,True
2659,0.19,0.15,0.17,0.25,0.24,0.9111849874819267,0.2409268643037663,0.1546343510406777,-0.12350418734655222,1.9507586704548452,0.2076,True
2660,0.16,0.15,0.21,0.25,0.23,0.9061926275612524,0.23984566041428934,0.15154214890994788,-0.12708806395060113,1.8872398631197722,0.2076,True
2661,0.21,0.2,0.13,0.21,0.25,0.9004731550640104,0.23860466148460868,0.15824323893565792,-0.11815073555422717,2.019493660918406,0.2076,True
2662,0.21,0.13,0.25,0.2,0.21,0.8992977497444457,0.23834931619013888,0.14704619368460986,-0.1301826867323983,1.8308833699221954,0.2076,True
2663,0.2,0.13,0.25,0.21,0.21,0.8982114403404322,0.23811323240958115,0.146564015534545,-0.12980375577247205,1.834409420532951,0.2076,True
2664,0.19,0.17,0.15,0.25,0.24,0.8981219189167382,0.23809377301799417,0.15342690577639423,-0.11854426058109846,2.0084799706950767,0.2076,True
2665,0.25,0.15,0.16,0.21,0.23,0.8978524460606876,0.23803519364939918,0.15190960851732171,-0.11946594418708201,1.9924941393895432,0.2076,True
2666,0.21,0.15,0.16,0.25,0.23,0.8934907562936705,0.23708625523655247,0.14986849095116614,-0.11795163252505758,2.0100294515736015,0.2076,True
2667,0.25,0.16,0.15,0.21,0.23,0.8912944083100582,0.23660786134360268,0.15131621423048178,-0.11695939529046873,2.022991489960998,0.2076,True
2668,0.25,0.13,0.21,0.2,0.21,0.8888983431531363,0.2360855437298952,0.14577894093743143,-0.12287905473607252,1.92128385294772,0.2076,True
2669,0.21,0.16,0.15,0.25,0.23,0.8869480283197242,0.23566006888872337,0.14926576075754505,-0.11544257894536702,2.0413617838548896,0.2076,True
2670,0.25,0.13,0.2,0.21,0.21,0.8852073328386751,0.23528007627605452,0.14497199721254625,-0.12065691895729658,1.9499924107901832,0.2076,True
2671,0.2,0.13,0.21,0.25,0.21,0.8835190143139582,0.23491129396778465,0.14315801037610013,-0.12098043395653157,1.9417296358201903,0.2076,True
2672,0.21,0.13,0.25,0.21,0.2,0.8826343888081576,0.23471797570114705,0.14218732130625522,-0.12611922810551357,1.8610800210795602,0.2076,True
2673,0.21,0.13,0.2,0.25,0.21,0.8809143108812589,0.23434191157749495,0.1428326548098432,-0.11913723669996823,1.9669913292319752,0.2076,True
2674,0.25,0.13,0.21,0.21,0.2,0.872112795387211,0.2324140212858501,0.14093108047118674,-0.11874298875726796,1.9572862677471103,0.2076,True
2675,0.21,0.13,0.21,0.25,0.2,0.8678691293537126,0.23148232585603346,0.13872870147313926,-0.11721807175383414,1.9748006633496067,0.2076,True
2676,0.25,0.15,0.16,0.23,0.21,0.8646749062585857,0.2307801038930819,0.1421277998831577,-0.11111343039776744,2.0769775810802336,0.2076,True
2677,0.23,0.15,0.16,0.25,0.21,0.8625540245647598,0.2303134034621208,0.14100435978082776,-0.11035028608389386,2.0871119743815156,0.2076,True
2678,0.25,0.16,0.15,0.23,0.21,0.8581163044508187,0.2293357347178797,0.14151561128962462,-0.10855062313709851,2.1127076758300194,0.2076,True
2679,0.23,0.16,0.15,0.25,0.21,0.8560030020156655,0.22886960834694392,0.14038658766253984,-0.1077862160956311,2.123366202445441,0.2076,True
2680,0.17,0.15,0.25,0.24,0.19,0.8558400269329338,0.22883364660472605,0.13560596917951526,-0.11992273326829062,1.9081757092108667,0.2076,True
2681,0.19,0.15,0.19,0.27,0.2,0.8526345344297723,0.2281259009136336,0.13631386517030003,-0.11137863821242966,2.0482015633782025,0.2076,True
2682,0.17,0.15,0.24,0.25,0.19,0.8521552936134922,0.2280200184443617,0.1346947877727783,-0.11767980931676403,1.9376307606905614,0.2076,True
2683,0.19,0.15,0.2,0.27,0.19,0.8394799583812829,0.22521290062547972,0.13215467193669786,-0.10940442868031508,2.0585355030148045,0.2076,True
2684,0.25,0.2,0.13,0.21,0.21,0.8393278829903443,0.2251791433737369,0.1405948294450086,-0.10275807639638224,2.191352264177502,0.2076,True
2685,0.2,0.15,0.19,0.27,0.19,0.836819277568617,0.22462202172407775,0.13183233287209292,-0.1075100804859257,2.0893112600123422,0.2076,True
2686,0.21,0.2,0.13,0.25,0.21,0.8351409642050318,0.2242490115359872,0.138378321426832,-0.10122066801462049,2.2154468641087837,0.2076,True
2687,0.25,0.15,0.17,0.24,0.19,0.8345768295179337,0.22412357983291864,0.13307585322161877,-0.1048539225562084,2.137483981228972,0.2076,True
2688,0.24,0.15,0.17,0.25,0.19,0.8335435083241172,0.22389376083182522,0.13246731155492414,-0.1044695167120715,2.1431491968025367,0.2076,True
2689,0.2,0.21,0.13,0.25,0.21,0.8312545023716498,0.22338435967469028,0.13799339691964485,-0.10052301174654732,2.2222211192589234,0.2076,True
2690,0.19,0.19,0.15,0.27,0.2,0.8265190522677384,0.22232917148485143,0.13367064754243693,-0.1010334163756712,2.200550861886802,0.2076,True
2691,0.19,0.15,0.25,0.24,0.17,0.8239540213334566,0.22175685048839222,0.1267424122786456,-0.11227328793653824,1.9751523676205054,0.2076,True
2692,0.25,0.17,0.15,0.24,0.19,0.8214674847258514,0.22120153101293294,0.13179558555730075,-0.09961796927810951,2.220498295798334,0.2076,True
2693,0.24,0.17,0.15,0.25,0.19,0.8204416669306989,0.22097228733249819,0.13118033419393146,-0.09923228889273572,2.226818405563095,0.2076,True
2694,0.19,0.15,0.24,0.25,0.17,0.8202349197874028,0.2209260742783863,0.12579799371665407,-0.10998989946489801,2.0086032931495885,0.2076,True
2695,0.25,0.21,0.13,0.21,0.2,0.8197009332129963,0.22080669899554617,0.1357908810741041,-0.0980806923690104,2.2512759001007248,0.2076,True
2696,0.21,0.21,0.13,0.25,0.2,0.8155779192249148,0.21988419194413122,0.13349226388907404,-0.09653540686984174,2.277756929543997,0.2076,True
2697,0.23,0.15,0.25,0.21,0.16,0.8107693383578651,0.21880652600556938,0.12418260660425955,-0.10953740061164341,1.9975508345440058,0.2076,True
2698,0.2,0.19,0.15,0.27,0.19,0.8106927945115712,0.21878935610772832,0.129149978377727,-0.09705019393910086,2.2543938062093822,0.2076,True
2699,0.21,0.15,0.25,0.23,0.16,0.808749760083272,0.21835334307192245,0.12297362925978475,-0.10876250745281202,2.0076159348078453,0.2076,True
2700,0.19,0.2,0.15,0.27,0.19,0.8068513535306099,0.21792704272362906,0.1287513805800181,-0.09634174789062866,2.2620208527982,0.2076,True
2701,0.25,0.15,0.23,0.21,0.16,0.8052902160954725,0.2175762546728175,0.12359476301283244,-0.10569859120166636,2.0584593626011105,0.2076,True
2702,0.21,0.15,0.23,0.25,0.16,0.8012716096625923,0.2166723412158067,0.12107170436212833,-0.10414722269994647,2.0804428154560672,0.2076,True
2703,0.23,0.16,0.25,0.21,0.15,0.7905297407138736,0.21424953118546508,0.11951340005550157,-0.10489466281173587,2.0425208055628006,0.2076,True
2704,0.21,0.16,0.25,0.23,0.15,0.7885416745110037,0.21380006425735965,0.11825565655353344,-0.10411575104499549,2.053484339415293,0.2076,True
2705,0.19,0.17,0.25,0.24,0.15,0.7837497449557045,0.212715322156928,0.11720618182966441,-0.10302397280496534,2.064716748592285,0.2076,True
2706,0.21,0.16,0.23,0.25,0.15,0.7810452610541907,0.21210225414604733,0.11631158852613399,-0.09944969269702952,2.132759271486242,0.2076,True
2707,0.19,0.17,0.24,0.25,0.15,0.7800118790251431,0.21186783725567437,0.11621895360688239,-0.10069028254823864,2.1041537663197327,0.2076,True
2708,0.19,0.19,0.2,0.27,0.15,0.7594869905489354,0.20719296433148027,0.11268843036196681,-0.0906088103261865,2.286675695063179,0.2076,True
2709,0.2,0.19,0.19,0.27,0.15,0.7567247961974906,0.20656105907507727,0.11238514424540354,-0.08862038557287011,2.3308526332829795,0.2076,True
2710,0.19,0.2,0.19,0.27,0.15,0.7529792614249078,0.20570313664320294,0.11191557887198104,-0.08788711576504293,2.3405380282717307,0.2076,True
2711,0.21,0.2,0.21,0.25,0.13,0.7272435181364214,0.19977500562803407,0.10518134444117548,-0.0843286866264713,2.3690041149689085,0.2076,True
2712,0.25,0.21,0.2,0.21,0.13,0.7245279117187233,0.19914604928280633,0.10729609681698818,-0.08313429551024998,2.395474070725153,0.2076,True
2713,0.2,0.21,0.21,0.25,0.13,0.7235488397222261,0.19891912636042375,0.10465053397082962,-0.08358118601476705,2.379950989511909,0.2076,True
2714,0.21,0.21,0.2,0.25,0.13,0.7207407566648141,0.1982678100595443,0.10436620290492662,-0.08155071932762803,2.4312208610080828,0.2076,True
2715,0.21,0.14,0.21,0.18,0.26,0.9627405956725137,0.2519837753600671,0.16814240023681087,-0.1411058501285819,1.7857783722676865,0.20779999999999998,True
2716,0.18,0.14,0.21,0.21,0.26,0.9592894640940708,0.2512497150711426,0.1669225515235933,-0.13998761793099512,1.7947995600224622,0.20779999999999998,True
2717,0.21,0.14,0.18,0.21,0.26,0.9519560834722676,0.24968702815900867,0.16591087140235306,-0.13469232860213542,1.8537583450394821,0.20779999999999998,True
2718,0.21,0.14,0.24,0.17,0.24,0.9417119986228968,0.2474975256808396,0.1608506560769177,-0.13970576468908558,1.7715627285076174,0.20779999999999998,True
2719,0.17,0.14,0.21,0.24,0.24,0.9263626537984351,0.2442023966076199,0.15675068825744068,-0.13173728156732867,1.8537075739096092,0.20779999999999998,True
2720,0.21,0.18,0.14,0.21,0.26,0.9258163250624571,0.24408479107213488,0.16358333733636313,-0.1249905634425138,1.9528257521968482,0.20779999999999998,True
2721,0.24,0.14,0.17,0.21,0.24,0.9196484375602174,0.24275551402178386,0.15686270343597594,-0.12565492327455197,1.9319220265756787,0.20779999999999998,True
2722,0.21,0.14,0.17,0.24,0.24,0.9163203368785404,0.2420370727006147,0.1554084924966683,-0.12452551297647452,1.9436745684905596,0.20779999999999998,True
2723,0.21,0.14,0.26,0.18,0.21,0.900054932775225,0.2385138188587499,0.14804689686110134,-0.13211450339392072,1.805356813457357,0.20779999999999998,True
2724,0.24,0.17,0.14,0.21,0.24,0.8999893554714202,0.23849957351532058,0.15510223252913716,-0.11821546086745693,2.017498995184108,0.20779999999999998,True
2725,0.21,0.17,0.14,0.24,0.24,0.896695871954053,0.2377837087372947,0.15362874547161032,-0.11708043907386967,2.030943090222523,0.20779999999999998,True
2726,0.17,0.14,0.24,0.24,0.21,0.8883898432901902,0.23597463916248973,0.14445957318437685,-0.12620522301375392,1.8697692023156052,0.20779999999999998,True
2727,0.18,0.14,0.21,0.26,0.21,0.8784785279586955,0.2338089789585096,0.14234614067207507,-0.11994484193543764,1.9493041566919675,0.20779999999999998,True
2728,0.26,0.14,0.18,0.21,0.21,0.8760020532893777,0.233266670696481,0.14410254041782022,-0.11628816674065967,2.005936435619466,0.20779999999999998,True
2729,0.21,0.14,0.18,0.26,0.21,0.8706678385078461,0.23209693974715395,0.14136187558525995,-0.11438443139678633,2.029095541350698,0.20779999999999998,True
2730,0.24,0.14,0.17,0.24,0.21,0.8701784714263103,0.23198951594976314,0.14218933241655107,-0.11327953499201959,2.0479384556628566,0.20779999999999998,True
2731,0.24,0.17,0.14,0.24,0.21,0.8505140391906221,0.22765726464582947,0.14034459593320803,-0.10558907274326457,2.1560684143838316,0.20779999999999998,True
2732,0.21,0.14,0.26,0.21,0.18,0.8496785365916246,0.22747251755457953,0.1335084296679723,-0.11981149270387659,1.89858679180966,0.20779999999999998,True
2733,0.21,0.18,0.14,0.26,0.21,0.844502842742817,0.2263268217242962,0.1388424276194661,-0.10413496955991142,2.1733988369208173,0.20779999999999998,True
2734,0.18,0.21,0.14,0.26,0.21,0.8328154615838781,0.22373178548053962,0.13774316096729813,-0.10205774875482931,2.1922077275876886,0.20779999999999998,True
2735,0.21,0.14,0.21,0.26,0.18,0.8310984164399864,0.22334960845990026,0.1289830852168592,-0.10848249300248292,2.0588539429563837,0.20779999999999998,True
2736,0.24,0.14,0.24,0.21,0.17,0.8281873158792741,0.22270111426011385,0.1285538832056322,-0.11221585917166488,1.984577901056138,0.20779999999999998,True
2737,0.21,0.14,0.24,0.24,0.17,0.8251181429048922,0.22201666088234617,0.1267709777971562,-0.11105890516130956,1.9990892271076683,0.20779999999999998,True
2738,0.26,0.21,0.14,0.21,0.18,0.7903967496071336,0.21421947461464974,0.1272998130326793,-0.09194008295848277,2.3299900078552733,0.20779999999999998,True
2739,0.21,0.21,0.14,0.26,0.18,0.7853771014458417,0.21308392210602256,0.12417189424420795,-0.08999405352798318,2.3677555766477973,0.20779999999999998,True
2740,0.21,0.26,0.14,0.21,0.18,0.7714269095392654,0.20991686821975453,0.12484989498397321,-0.08829989258245807,2.377317367897424,0.20779999999999998,True
2741,0.21,0.17,0.24,0.24,0.14,0.7644705046202047,0.2083313682235839,0.1125616860597497,-0.09704099341337058,2.1468387832361104,0.20779999999999998,True
2742,0.21,0.18,0.21,0.26,0.14,0.750422961978185,0.20511690904833735,0.10978474861528029,-0.0895907170280158,2.2894884185846567,0.20779999999999998,True
2743,0.18,0.21,0.21,0.26,0.14,0.7392380301029429,0.20254517159475727,0.10832840248241231,-0.08738503366204364,2.3178473830895174,0.20779999999999998,True
2744,0.26,0.21,0.18,0.21,0.14,0.7356697228875813,0.20172239569475958,0.11104609706265577,-0.083307236505067,2.421427047126815,0.20779999999999998,True
2745,0.21,0.21,0.18,0.26,0.14,0.7308892957205015,0.20061836122786825,0.10744224418030635,-0.08133376997006758,2.466605953488935,0.20779999999999998,True
2746,0.21,0.26,0.18,0.21,0.14,0.7171811397149137,0.1974411610920599,0.10817504417682346,-0.07953738467398896,2.482369289628263,0.20779999999999998,True
2747,0.2,0.15,0.2,0.18,0.27,0.9707080233312617,0.2536751772219621,0.1719231261506817,-0.1422496972620122,1.7833090832855225,0.2078,True
2748,0.18,0.15,0.2,0.2,0.27,0.968384412540022,0.25318237054471027,0.17114366608601542,-0.1415058927273718,1.7892001927615602,0.2078,True
2749,0.19,0.14,0.22,0.19,0.26,0.9640251043596024,0.25225677230336063,0.1680845644936181,-0.14248559992914678,1.7704018681803586,0.2078,True
2750,0.2,0.15,0.18,0.2,0.27,0.9635656104634436,0.2521591296332659,0.17046436462735898,-0.1379969942512218,1.8272798694021797,0.2078,True
2751,0.22,0.14,0.19,0.19,0.26,0.9566981423400784,0.25069797060792665,0.16708190476252432,-0.13720983634001882,1.8271136916647404,0.2078,True
2752,0.19,0.14,0.19,0.22,0.26,0.9532628859188186,0.24996578396729285,0.16580889683029057,-0.13609042098354596,1.8367625153978693,0.2078,True
2753,0.2,0.13,0.22,0.2,0.25,0.952306572868284,0.24976180373690204,0.16353199134110835,-0.13920742441128964,1.7941701370681096,0.2078,True
2754,0.22,0.13,0.2,0.2,0.25,0.947352492349101,0.24870403746343062,0.16286868077312142,-0.13566887728721666,1.8331694227624056,0.2078,True
2755,0.2,0.13,0.2,0.22,0.25,0.9450850864732465,0.24821931568111943,0.16198357679934947,-0.1349209087750367,1.8397394290828064,0.2078,True
2756,0.2,0.18,0.15,0.2,0.27,0.9439885671353541,0.24798476867316088,0.16872039671092812,-0.13080543030400116,1.8958293099669226,0.2078,True
2757,0.16,0.16,0.19,0.23,0.26,0.9439281514612528,0.24797184311297849,0.16490307159154613,-0.13447442505549534,1.8440074609773915,0.2078,True
2758,0.23,0.16,0.16,0.19,0.26,0.94113808226073,0.2473746330182176,0.16562372888498278,-0.13061980890059421,1.8938523574665271,0.2078,True
2759,0.19,0.16,0.16,0.23,0.26,0.9365994362565335,0.24640191875062945,0.16387659874358182,-0.1291215250617319,1.908294675367463,0.2078,True
2760,0.19,0.19,0.14,0.22,0.26,0.9206385889694331,0.2429690989565254,0.16285209477698592,-0.1239711580869648,1.9598840787313165,0.2078,True
2761,0.2,0.13,0.25,0.2,0.22,0.9146952640281065,0.24168596385315078,0.15142941441115512,-0.13382041596674865,1.8060470228489223,0.2078,True
2762,0.25,0.13,0.2,0.2,0.22,0.9018462061830466,0.23890281008543224,0.1498251500974714,-0.1247630888178688,1.9148516788822572,0.2078,True
2763,0.22,0.2,0.13,0.2,0.25,0.9015798641948474,0.23884498697786283,0.158707864255299,-0.11852915539433184,2.01507372749983,0.2078,True
2764,0.2,0.2,0.13,0.22,0.25,0.8993665687204893,0.23836426934207045,0.15779559521360734,-0.1177724734886949,2.0239387208331943,0.2078,True
2765,0.2,0.13,0.2,0.25,0.22,0.8964048800245366,0.2377204194956477,0.14727722566758245,-0.12287096853780655,1.934715924555464,0.2078,True
2766,0.19,0.14,0.19,0.26,0.22,0.8887582349871583,0.2360549879199798,0.1461413876580365,-0.12000657447354146,1.967017131815759,0.2078,True
2767,0.19,0.16,0.16,0.26,0.23,0.8884153243449078,0.23598019709182805,0.14906439687361608,-0.11691393710101639,2.0184094637744994,0.2078,True
2768,0.22,0.13,0.25,0.2,0.2,0.8837057776925032,0.2349520998517609,0.14270325811312937,-0.12649974461385505,1.8573326022827992,0.2078,True
2769,0.2,0.13,0.25,0.22,0.2,0.8815631181153849,0.23448378854075536,0.14168980138456674,-0.12573887042733167,1.8648472643650054,0.2078,True
2770,0.25,0.13,0.22,0.2,0.2,0.8758174332121975,0.23322622274487004,0.14176598076023106,-0.1209780659752614,1.927838909183439,0.2078,True
2771,0.2,0.13,0.22,0.25,0.2,0.8704998359857208,0.2320600626545113,0.13906850469150192,-0.11907290403270787,1.9488905938732057,0.2078,True
2772,0.25,0.13,0.2,0.22,0.2,0.8684063809865705,0.2316003572441785,0.1401112938677045,-0.11650101719453732,1.987968541574572,0.2078,True
2773,0.22,0.13,0.2,0.25,0.2,0.8652314395538172,0.23090251052722244,0.1384263204244953,-0.11535674113752159,2.0016386407098126,0.2078,True
2774,0.19,0.14,0.26,0.22,0.19,0.8645138333230187,0.230744672184789,0.13734891970977628,-0.12319781672862062,1.8729607253760991,0.2078,True
2775,0.27,0.15,0.18,0.2,0.2,0.8573545109519174,0.22916774839971432,0.1399781142498685,-0.11217522028249405,2.0429444918636634,0.2078,True
2776,0.19,0.19,0.14,0.26,0.22,0.8561016011865885,0.22889136401238774,0.14298874135470055,-0.10734503597910583,2.1322957500982187,0.2078,True
2777,0.18,0.15,0.2,0.27,0.2,0.8552628250577341,0.2287062655044454,0.13665982318106432,-0.11325430578513596,2.0194045949859323,0.2078,True
2778,0.2,0.2,0.13,0.25,0.22,0.8506589696541147,0.22768930614048122,0.1428817705842662,-0.10514822200964291,2.1654128028869604,0.2078,True
2779,0.2,0.15,0.18,0.27,0.2,0.8499992829651102,0.22754344786182013,0.13600617664612907,-0.10949636167827625,2.07809140298553,0.2078,True
2780,0.19,0.14,0.22,0.26,0.19,0.8497332642807616,0.2274846206934813,0.1337504647610949,-0.11422848959094856,1.9914876009312754,0.2078,True
2781,0.26,0.14,0.19,0.22,0.19,0.8459060533726239,0.22663764914484563,0.13516646902624552,-0.11011160995022296,2.058253886645554,0.2078,True
2782,0.22,0.14,0.19,0.26,0.19,0.8417473611811321,0.22571599153830912,0.13279249300601156,-0.10857730976985569,2.0788504708464846,0.2078,True
2783,0.2,0.18,0.15,0.27,0.2,0.8303948470193547,0.22319294014788293,0.13405287038461272,-0.10173020310058345,2.193969277021947,0.2078,True
2784,0.26,0.16,0.16,0.23,0.19,0.8290471314445833,0.2228927235274245,0.13305691175964574,-0.10262929900218509,2.1718235016170078,0.2078,True
2785,0.23,0.16,0.16,0.26,0.19,0.8259584307720178,0.2222041289325296,0.13122148260642244,-0.10147417026775163,2.1897604912286317,0.2078,True
2786,0.2,0.15,0.2,0.27,0.18,0.823512482310113,0.22165827822897866,0.12769506296570263,-0.10550561305387152,2.100914556231233,0.2078,True
2787,0.18,0.2,0.15,0.27,0.2,0.8226481822730407,0.22146527977092956,0.13330801865889955,-0.1003347780769912,2.2072633638656147,0.2078,True
2788,0.25,0.2,0.13,0.22,0.2,0.8225307883999458,0.22143906097719745,0.13566096378732037,-0.09840047136467578,2.2503861811447643,0.2078,True
2789,0.22,0.2,0.13,0.25,0.2,0.81943502729048,0.22074724572854554,0.13391241813174568,-0.09724284701686592,2.270061526378993,0.2078,True
2790,0.26,0.19,0.14,0.22,0.19,0.8131246815893716,0.21933462736439768,0.13194830365050164,-0.09703994037958619,2.2602510523650117,0.2078,True
2791,0.2,0.22,0.13,0.25,0.2,0.8117257195567593,0.2190210154315151,0.13309134752146073,-0.09582607425215595,2.2856098106991736,0.2078,True
2792,0.22,0.19,0.14,0.26,0.19,0.8090410210812011,0.21841872134787454,0.12950763999656947,-0.09549287689821706,2.2872776320340664,0.2078,True
2793,0.19,0.16,0.26,0.23,0.16,0.8076345036491248,0.21810294068016245,0.12294730098950822,-0.10998539402032781,1.983017314461337,0.2078,True
2794,0.19,0.22,0.14,0.26,0.19,0.7975447379984184,0.2158328457847285,0.12825291053673754,-0.09335125979648928,2.3120507024249655,0.2078,True
2795,0.19,0.16,0.23,0.26,0.16,0.7964483710280412,0.21558566306634663,0.12005215826983855,-0.10306049432714348,2.0918361053268004,0.2078,True
2796,0.2,0.2,0.15,0.27,0.18,0.7908730373354071,0.2143271108412983,0.12423953548081726,-0.09229715958398987,2.3221420009817515,0.2078,True
2797,0.2,0.18,0.2,0.27,0.15,0.7632430869805484,0.208051183521619,0.11315591777182255,-0.09133606016436246,2.2778646587911013,0.2078,True
2798,0.18,0.2,0.2,0.27,0.15,0.75573570192138,0.20633462360042865,0.11224350499059864,-0.08987958256294304,2.295678481327299,0.2078,True
2799,0.2,0.2,0.18,0.27,0.15,0.7502161682985296,0.2050694607966197,0.11163479454899453,-0.0858873507224821,2.3876561457721173,0.2078,True
2800,0.19,0.19,0.22,0.26,0.14,0.7494711216374903,0.2048984808511516,0.10961780751902046,-0.09085164836401805,2.255308346527502,0.2078,True
2801,0.2,0.2,0.25,0.22,0.13,0.7413144179895452,0.2030234246641205,0.10853255839447028,-0.09354160204322526,2.1704078210067865,0.2078,True
2802,0.22,0.19,0.19,0.26,0.14,0.7411075237793936,0.20297578791693915,0.1087381969616933,-0.08484719948966535,2.392250883208729,0.2078,True
2803,0.2,0.2,0.22,0.25,0.13,0.7300508523064968,0.20042451414844287,0.10548969152778698,-0.08634750325109397,2.321138499692562,0.2078,True
2804,0.19,0.22,0.19,0.26,0.14,0.729971590543484,0.20040618568664414,0.10719817553652027,-0.08261076823076552,2.4259087523169867,0.2078,True
2805,0.25,0.2,0.2,0.22,0.13,0.7272733083034935,0.19978190161371345,0.10714993102118939,-0.08348868268478793,2.3929219528830195,0.2078,True
2806,0.22,0.2,0.2,0.25,0.13,0.7244296322879544,0.19912327459632762,0.10492324492425702,-0.0823024015129522,2.4194102594319915,0.2078,True
2807,0.2,0.22,0.2,0.25,0.13,0.7170566257051114,0.19741222456135676,0.10383247314727113,-0.08079695909301132,2.443312555044318,0.2078,True
2808,0.19,0.15,0.21,0.18,0.27,0.9731115714921557,0.25418453007647246,0.17227495810078147,-0.14399475177353227,1.7652346835268076,0.208,True
2809,0.18,0.15,0.21,0.19,0.27,0.9719471147597274,0.2539378135245258,0.17189381200952134,-0.14362304732059505,1.7680854031573803,0.208,True
2810,0.21,0.15,0.19,0.18,0.27,0.968297123481366,0.25316385014905207,0.17160154924961235,-0.14049875283757152,1.8018939316972513,0.208,True
2811,0.18,0.15,0.19,0.21,0.27,0.9648196605865329,0.25242557994309034,0.17040666877269867,-0.13938245441054453,1.8110283752041167,0.208,True
2812,0.21,0.15,0.18,0.19,0.27,0.9647221786051663,0.2524048718344085,0.1708793606579587,-0.13836936583460313,1.8241383872216,0.208,True
2813,0.19,0.15,0.18,0.21,0.27,0.9624091716860868,0.2519133184079856,0.17006550976268353,-0.13762477378813287,1.8304358399585439,0.208,True
2814,0.21,0.13,0.22,0.19,0.25,0.9534456208808757,0.25000475350020657,0.16396459704144462,-0.1395810896967984,1.7911076209769767,0.208,True
2815,0.19,0.13,0.22,0.21,0.25,0.9511676520009418,0.2495187865820514,0.16311606336586015,-0.1388339111974285,1.7972466844013613,0.208,True
2816,0.22,0.13,0.21,0.19,0.25,0.950969632293224,0.24947652449087943,0.16363444012941228,-0.13781509351068233,1.810226428294242,0.208,True
2817,0.19,0.13,0.21,0.22,0.25,0.947560601614295,0.2487485078146674,0.16233433048804954,-0.1366937322303987,1.8197506480794539,0.208,True
2818,0.21,0.18,0.15,0.19,0.27,0.9451334260325208,0.24822965355081306,0.1691404201063008,-0.13117965346241955,1.8922877671873564,0.208,True
2819,0.22,0.13,0.19,0.21,0.25,0.9437333795801939,0.24793017104876092,0.16211658023686576,-0.1335162296973914,1.8569290910227438,0.208,True
2820,0.19,0.18,0.15,0.21,0.27,0.9428438361745384,0.24773981500181463,0.16831665715634275,-0.1304313603726387,1.8993884162062638,0.208,True
2821,0.21,0.13,0.19,0.22,0.25,0.9426023170245208,0.2476881215681339,0.16166487139205163,-0.13314204892242087,1.8603298024387223,0.208,True
2822,0.18,0.19,0.15,0.21,0.27,0.9387575021170373,0.24686462078003224,0.1680452757093199,-0.1297999790762997,1.901884904271972,0.208,True
2823,0.21,0.13,0.25,0.19,0.22,0.9157966822994086,0.24192395499342778,0.15189725286843014,-0.13419792719087154,1.8027398787563689,0.208,True
2824,0.19,0.13,0.25,0.21,0.22,0.9135939681454062,0.24144790787677217,0.15097930070572066,-0.13344306041680176,1.8093702821459838,0.208,True
2825,0.25,0.13,0.21,0.19,0.22,0.9055213985614408,0.23970014727452482,0.15062001388222182,-0.12696570148651753,1.887912597403154,0.208,True
2826,0.22,0.19,0.13,0.21,0.25,0.9044859589413032,0.23947561128510442,0.1585864619887892,-0.11880799969037348,2.015652244875798,0.208,True
2827,0.21,0.19,0.13,0.22,0.25,0.9033780872486867,0.23923527818547918,0.1581230199817953,-0.11843008940838007,2.0200548642712666,0.208,True
2828,0.22,0.13,0.25,0.19,0.21,0.9003841794194003,0.2385853360814525,0.14754631252440964,-0.13056177498208676,1.827375095920584,0.208,True
2829,0.19,0.13,0.21,0.25,0.22,0.8989761000142102,0.2382794225760816,0.14762410250814775,-0.12469633711654526,1.9108774811354552,0.208,True
2830,0.25,0.13,0.19,0.21,0.22,0.8981691616718703,0.23810404231510796,0.14904488637476998,-0.12255375300328142,1.9428539435159742,0.208,True
2831,0.19,0.13,0.25,0.22,0.21,0.8971252512456331,0.23787708469213853,0.14610003070019031,-0.12942498200443586,1.8379533920583093,0.208,True
2832,0.21,0.13,0.19,0.25,0.22,0.8938265712252143,0.23715936759437173,0.14696561260595067,-0.12103927300644157,1.959358823823656,0.208,True
2833,0.25,0.13,0.22,0.19,0.21,0.8925875374073124,0.2368895669267772,0.14660062336720076,-0.12509439817389512,1.8936864510709295,0.208,True
2834,0.19,0.22,0.13,0.21,0.25,0.8924627250183235,0.2368623823945084,0.1576069784725474,-0.1168310922369824,2.0273916631203983,0.208,True
2835,0.19,0.13,0.22,0.25,0.21,0.8861166796926445,0.23547861523121538,0.14351959161864145,-0.12281723609196826,1.9173091882224396,0.208,True
2836,0.25,0.13,0.19,0.22,0.21,0.8815145098760542,0.2344731603362895,0.14418002914920053,-0.1184279595511808,1.9798800994705787,0.208,True
2837,0.22,0.13,0.19,0.25,0.21,0.8783025735250394,0.23377046349415398,0.14254368700013395,-0.11728761086557704,1.9931385912709703,0.208,True
2838,0.18,0.15,0.19,0.27,0.21,0.868261893930842,0.23156861641464088,0.1408347183765116,-0.11519885574083633,2.010164206279986,0.208,True
2839,0.22,0.13,0.25,0.21,0.19,0.8668665985897905,0.2312620145213664,0.1378561477311319,-0.1223886292149442,1.8895710819279956,0.208,True
2840,0.21,0.13,0.25,0.22,0.19,0.8658101803400091,0.231029775759249,0.13732326546566762,-0.12200667750093275,1.893583043907435,0.208,True
2841,0.19,0.15,0.18,0.27,0.21,0.8656594748405808,0.23099663812005922,0.14050375325196662,-0.1133350481356451,2.038174791646012,0.208,True
2842,0.25,0.13,0.22,0.21,0.19,0.8588880036590365,0.2295058585736265,0.13692821528943497,-0.11681173022558211,1.9647500994156495,0.208,True
2843,0.25,0.19,0.13,0.21,0.22,0.8588308161582539,0.22949325299981482,0.1453917297931695,-0.10736406520677322,2.137523877824784,0.208,True
2844,0.25,0.13,0.21,0.22,0.19,0.8551683361131286,0.2286854104814564,0.13607926685810787,-0.11455660166756065,1.996265663895073,0.208,True
2845,0.21,0.13,0.22,0.25,0.19,0.8546934809841491,0.22858059263216357,0.13465970842086103,-0.11528154574556448,1.9828029816381805,0.208,True
2846,0.21,0.19,0.13,0.25,0.22,0.854579627829688,0.22855545842841485,0.14325168980153438,-0.10583447435311544,2.15955585196032,0.208,True
2847,0.22,0.13,0.21,0.25,0.19,0.8520302301746514,0.2279923841829048,0.13434323018862582,-0.11340837372802559,2.0103664014235227,0.208,True
2848,0.19,0.21,0.13,0.25,0.22,0.8467432813654725,0.2268230298168088,0.142530201016214,-0.10446015952523657,2.17138314595442,0.208,True
2849,0.19,0.18,0.15,0.27,0.21,0.8460650361629483,0.22667285573889462,0.1385778886290141,-0.10565345780743374,2.145437172080382,0.208,True
2850,0.25,0.19,0.13,0.22,0.21,0.8421760915285663,0.2258110717177093,0.14046816498437326,-0.10306820568287722,2.190889714452683,0.208,True
2851,0.18,0.19,0.15,0.27,0.21,0.8421599102173887,0.22580748343171475,0.138229986196173,-0.10496625105438895,2.1512389093015347,0.208,True
2852,0.18,0.15,0.21,0.27,0.19,0.842133729112889,0.2258016775974545,0.13251643395979357,-0.11129209532386497,2.0289102917899204,0.208,True
2853,0.27,0.15,0.18,0.21,0.19,0.8403671572153923,0.2254098013513146,0.13512950802949472,-0.10791428898115918,2.0887854933712164,0.208,True
2854,0.22,0.19,0.13,0.25,0.21,0.8390323664325829,0.22511354014817142,0.13878189992841675,-0.10191647724765718,2.2088041720785268,0.208,True
2855,0.21,0.15,0.18,0.27,0.19,0.8341516908054147,0.2240290359930257,0.13154961982374885,-0.10560901520295662,2.1213059847446982,0.208,True
2856,0.19,0.22,0.13,0.25,0.21,0.8273729784284114,0.22251958434819152,0.13762738929920892,-0.09982350107919025,2.229130234288879,0.208,True
2857,0.27,0.15,0.19,0.21,0.18,0.8269622638879481,0.22242800850656708,0.1310924492648044,-0.10590552690798816,2.100249297657665,0.208,True
2858,0.19,0.15,0.21,0.27,0.18,0.8261982010367039,0.22225761108069952,0.1280328412000525,-0.1074121755153511,2.0692031421422517,0.208,True
2859,0.21,0.15,0.19,0.27,0.18,0.8208199083886081,0.22105682451306086,0.1273981570724837,-0.10359225918979265,2.1339125745685297,0.208,True
2860,0.21,0.18,0.15,0.27,0.19,0.8145391307566994,0.2196515471402729,0.1295685242419013,-0.0977567504089899,2.246919483527281,0.208,True
2861,0.18,0.21,0.15,0.27,0.19,0.8030148053097785,0.2170646067704709,0.1283730305971029,-0.09563140467333275,2.2698046474580367,0.208,True
2862,0.25,0.21,0.13,0.22,0.19,0.8027653876489207,0.2170084966447685,0.13084985787522954,-0.09365993351501978,2.3169832446012566,0.208,True
2863,0.27,0.19,0.15,0.21,0.18,0.8007376960114501,0.21655214576068493,0.12845840469912756,-0.09534427435164017,2.271265340612031,0.208,True
2864,0.25,0.22,0.13,0.21,0.19,0.7999540428227547,0.21637568552057096,0.13098342062204685,-0.09333024016440661,2.318387750202,0.208,True
2865,0.22,0.21,0.13,0.25,0.19,0.7997173169664704,0.21632237035987223,0.12903431256517808,-0.09249636867913003,2.338712032147929,0.208,True
2866,0.21,0.22,0.13,0.25,0.19,0.7958945688859385,0.2154607667100219,0.12859645593686064,-0.091777018015333,2.3476549071797614,0.208,True
2867,0.21,0.19,0.15,0.27,0.18,0.7946849219900693,0.21518787148383844,0.12467627547990837,-0.09301560914404061,2.3134597887823998,0.208,True
2868,0.19,0.21,0.15,0.27,0.18,0.7870660159481351,0.21346622828134798,0.12382341600252068,-0.09157677362857886,2.331008396813954,0.208,True
2869,0.19,0.18,0.21,0.27,0.15,0.7660043710182731,0.2086813238933607,0.11348128786124731,-0.09331324806645347,2.2363525889137126,0.208,True
2870,0.18,0.19,0.21,0.27,0.15,0.7622425213847348,0.20782268649298197,0.11303837006501465,-0.09259000125893524,2.244547830945476,0.208,True
2871,0.21,0.18,0.19,0.27,0.15,0.7604751326719743,0.2074188602719944,0.11287701999074784,-0.08935166286613883,2.3213766103350153,0.208,True
2872,0.21,0.19,0.18,0.27,0.15,0.753955942460921,0.2059269651461666,0.11212880541880023,-0.08662468730780992,2.3772318440172957,0.208,True
2873,0.18,0.21,0.19,0.27,0.15,0.7492385258501744,0.20484509275377527,0.11146873569757382,-0.08715184528802555,2.350438961754496,0.208,True
2874,0.19,0.21,0.18,0.27,0.15,0.7464811872318291,0.20421183529583997,0.11116324721573616,-0.08514799868257883,2.3983163251683264,0.208,True
2875,0.21,0.19,0.25,0.22,0.13,0.7450405182923125,0.20388070241230793,0.10904616259343404,-0.09426950502392151,2.162742897192171,0.208,True
2876,0.19,0.21,0.25,0.22,0.13,0.7375930966444653,0.20216602482342294,0.10804186889286291,-0.0928117066519677,2.1782384153490493,0.208,True
2877,0.25,0.19,0.21,0.22,0.13,0.733797545608897,0.2012902601982851,0.10794366930362859,-0.08625843716827208,2.333571843014152,0.208,True
2878,0.21,0.19,0.22,0.25,0.13,0.733756086128341,0.2012806870108701,0.1060174822536988,-0.08708880901298344,2.3112118456099524,0.208,True
2879,0.22,0.19,0.21,0.25,0.13,0.7309429498202558,0.20063076385774692,0.10573529390968965,-0.08507413307729328,2.3583051228446346,0.208,True
2880,0.19,0.21,0.22,0.25,0.13,0.7263503778564484,0.19956821994567786,0.10498534881572798,-0.08560415850821979,2.331291182852001,0.208,True
2881,0.25,0.21,0.19,0.22,0.13,0.7207589046023926,0.1982720216280338,0.10637752263936585,-0.08070097578024549,2.456872667412878,0.208,True
2882,0.19,0.22,0.21,0.25,0.13,0.7198589120736145,0.19806312582855035,0.10414335412536806,-0.08283162273976208,2.391153514531753,0.208,True
2883,0.25,0.22,0.19,0.21,0.13,0.7180204322066663,0.1976361726406366,0.10652649024944784,-0.08034095153414311,2.4599680345663524,0.208,True
2884,0.22,0.21,0.19,0.25,0.13,0.7179261328147462,0.1976142651270434,0.10413268770804222,-0.07951271672564797,2.4853164784809834,0.208,True
2885,0.21,0.22,0.19,0.25,0.13,0.7142478052991452,0.19675909445827333,0.10357266206786421,-0.07875473349717454,2.498378011339882,0.208,True
2886,0.22,0.25,0.19,0.21,0.13,0.7070000556661509,0.19507048536274563,0.10473204439811279,-0.0780589246980119,2.4990157898974226,0.208,True
2887,0.21,0.25,0.19,0.22,0.13,0.7060601976509477,0.19485116364546617,0.1040229687254728,-0.07766095970961095,2.508997627302722,0.208,True
2888,0.2,0.14,0.22,0.18,0.26,0.9651781924242686,0.2525017370108913,0.16849058539224973,-0.1428582213201438,1.7674988158016995,0.20800000000000002,True
2889,0.18,0.14,0.22,0.2,0.26,0.9628721455756617,0.25201173916701824,0.16769500844751412,-0.1421131294920024,1.7733177790669972,0.20800000000000002,True
2890,0.22,0.14,0.2,0.18,0.26,0.9602956912321723,0.2514638298994456,0.16782506284621784,-0.1393475460089697,1.8045802534854762,0.20800000000000002,True
2891,0.18,0.14,0.2,0.22,0.26,0.9557047664290046,0.25048633174266643,0.1661633695683128,-0.1378557796004155,1.817017265933415,0.20800000000000002,True
2892,0.21,0.14,0.23,0.17,0.25,0.9540941922513073,0.2501430463479104,0.16487187244792878,-0.1414760713805584,1.768094377423354,0.20800000000000002,True
2893,0.22,0.14,0.18,0.2,0.26,0.9530985870729047,0.24993074399219384,0.1663522655727466,-0.13506573938992283,1.8504377580954554,0.20800000000000002,True
2894,0.2,0.14,0.18,0.22,0.26,0.9508137071005285,0.24944324435254162,0.16548581766773116,-0.13431907005328425,1.8570947837383605,0.20800000000000002,True
2895,0.17,0.15,0.19,0.23,0.26,0.9480205348048953,0.24884677855667614,0.16515207899910295,-0.13509679130154928,1.841988815272642,0.20800000000000002,True
2896,0.23,0.15,0.17,0.19,0.26,0.94768522228289,0.2487751361786854,0.16620944115438205,-0.13303671893497693,1.8699734792788811,0.20800000000000002,True
2897,0.19,0.15,0.17,0.23,0.26,0.9431310297101727,0.2478012787540982,0.1644695749237607,-0.13154090907248905,1.883834318170485,0.20800000000000002,True
2898,0.17,0.14,0.21,0.23,0.25,0.9423396012895857,0.2476318864677689,0.16165971709247237,-0.13569934282597407,1.8248569323238457,0.20800000000000002,True
2899,0.23,0.14,0.17,0.21,0.25,0.9346755131878886,0.2459891283687674,0.1612366429640211,-0.1293072772446766,1.9023610550804821,0.20800000000000002,True
2900,0.23,0.17,0.15,0.19,0.26,0.9345998013833008,0.24597287830564873,0.16505287202324617,-0.12818844388175288,1.9188381640122398,0.20800000000000002,True
2901,0.21,0.14,0.17,0.23,0.25,0.9324264196198206,0.24550622337216677,0.16031098585933995,-0.12855728515217224,1.9097029241210484,0.20800000000000002,True
2902,0.19,0.17,0.15,0.23,0.26,0.9300766812206822,0.2450013083981042,0.1632985841395028,-0.1266876831721725,1.9338999835141022,0.20800000000000002,True
2903,0.21,0.14,0.25,0.17,0.23,0.9291872831876955,0.24481008641940405,0.1568530493513056,-0.13791987049463006,1.775016794472235,0.20800000000000002,True
2904,0.22,0.18,0.14,0.2,0.26,0.926943291506032,0.24432736329446336,0.16403204096934132,-0.1253664510359409,1.94890547890215,0.20800000000000002,True
2905,0.17,0.15,0.26,0.19,0.23,0.9254129387683505,0.2439979417857674,0.1561094843640296,-0.13832450957353493,1.7639530589194334,0.20800000000000002,True
2906,0.17,0.14,0.25,0.21,0.23,0.924726315731663,0.24385008357234583,0.15513496782953903,-0.1364143803827137,1.787568751096613,0.20800000000000002,True
2907,0.2,0.18,0.14,0.22,0.26,0.9246894839437523,0.2438421511779758,0.16315117057583534,-0.12461483093526415,1.9567666974137994,0.20800000000000002,True
2908,0.17,0.19,0.15,0.23,0.26,0.9219614035829318,0.24325432793499258,0.1627489227378977,-0.12540811542415808,1.9397016461993104,0.20800000000000002,True
2909,0.25,0.14,0.21,0.17,0.23,0.9190500544607887,0.24262640157115034,0.1555691012789948,-0.13074551464533812,1.8557149148045473,0.20800000000000002,True
2910,0.18,0.2,0.14,0.22,0.26,0.9165927917385721,0.2420959191273504,0.16256955579285237,-0.12332583326576263,1.9630592611171953,0.20800000000000002,True
2911,0.23,0.17,0.14,0.21,0.25,0.9150333318417236,0.24175902223393964,0.15949545622777933,-0.12194673758793428,1.9824968426040115,0.20800000000000002,True
2912,0.21,0.17,0.14,0.23,0.25,0.9128074298277185,0.24127783393339453,0.15855797795389318,-0.12119302072067328,1.9908558471324331,0.20800000000000002,True
2913,0.17,0.14,0.21,0.25,0.23,0.9102120828766065,0.2407163085529811,0.15182264243119675,-0.12772816901890593,1.8845984437258394,0.20800000000000002,True
2914,0.25,0.14,0.17,0.21,0.23,0.9044195870009393,0.23946121569603007,0.15251909707574138,-0.12195733973798639,1.9634834296196477,0.20800000000000002,True
2915,0.21,0.14,0.17,0.25,0.23,0.9000425667302925,0.23851113261058088,0.15048745354525503,-0.12044553022855309,1.9802406295857617,0.20800000000000002,True
2916,0.17,0.15,0.19,0.26,0.23,0.9000354560603321,0.2385095879704362,0.15035926162785807,-0.12307505852248657,1.9379197607845056,0.20800000000000002,True
2917,0.19,0.15,0.17,0.26,0.23,0.8949526934499981,0.23740447959304944,0.14968616599864304,-0.11941367312122975,1.9880845583908509,0.20800000000000002,True
2918,0.26,0.14,0.18,0.2,0.22,0.8926719564856234,0.23690795299084533,0.14896057021155718,-0.12044021639873503,1.9670169987616657,0.20800000000000002,True
2919,0.17,0.14,0.25,0.23,0.21,0.8920480047380099,0.23677204642259242,0.14533717293432824,-0.12840503174020979,1.8439467925340476,0.20800000000000002,True
2920,0.18,0.14,0.2,0.26,0.22,0.8913283930676532,0.23661526649786313,0.14649117597098163,-0.12184204167361812,1.9419837623181944,0.20800000000000002,True
2921,0.2,0.14,0.18,0.26,0.22,0.8861809992626288,0.23549265579485756,0.14582722404193826,-0.11816472734920214,1.9929183697849715,0.20800000000000002,True
2922,0.25,0.17,0.14,0.21,0.23,0.8847454773346743,0.23517921427417154,0.15073916491151063,-0.1144375543762658,2.055087733707698,0.20800000000000002,True
2923,0.19,0.17,0.15,0.26,0.23,0.8818870245676051,0.23455460609879197,0.14845895104811266,-0.11439899317208901,2.0503205456183897,0.20800000000000002,True
2924,0.21,0.17,0.14,0.25,0.23,0.8804143863940814,0.23423256906974865,0.1486795214589867,-0.11291823091081621,2.0743556393010403,0.20800000000000002,True
2925,0.17,0.19,0.15,0.26,0.23,0.8739526630300438,0.23281752602323436,0.14783669291295073,-0.11306424252826619,2.0591614184743663,0.20800000000000002,True
2926,0.25,0.14,0.17,0.23,0.21,0.8712427651959862,0.23222312129406797,0.14275711810434139,-0.1136605565370945,2.043128490386013,0.20800000000000002,True
2927,0.23,0.14,0.17,0.25,0.21,0.8691142938800185,0.2317558474755006,0.14163934427993286,-0.1128986738283515,2.052777411963729,0.20800000000000002,True
2928,0.18,0.14,0.22,0.26,0.2,0.8654953744001763,0.23096055312575903,0.13822962267022035,-0.11803056830573821,1.9567859109810841,0.20800000000000002,True
2929,0.2,0.18,0.14,0.26,0.22,0.8600315873065545,0.22975787911317092,0.1433408262335595,-0.10802615607578203,2.126872671022305,0.20800000000000002,True
2930,0.17,0.15,0.26,0.23,0.19,0.859523008589002,0.22964581237330162,0.13653175370948367,-0.12215875143810628,1.879896525380381,0.20800000000000002,True
2931,0.26,0.14,0.18,0.22,0.2,0.8591711421648787,0.229568265663731,0.1392369403300586,-0.11208558635645605,2.0481515342539676,0.20800000000000002,True
2932,0.22,0.14,0.18,0.26,0.2,0.8549634310741203,0.22864018265893216,0.1369342247354066,-0.11055656978953132,2.0680831821591323,0.20800000000000002,True
2933,0.18,0.2,0.14,0.26,0.22,0.852176593133277,0.2280247247038245,0.14265515720675923,-0.10666212519030782,2.1378228147712237,0.20800000000000002,True
2934,0.25,0.17,0.14,0.23,0.21,0.8515669633582912,0.22789000900142176,0.14092084343234576,-0.105971989499135,2.150474008070613,0.20800000000000002,True
2935,0.22,0.14,0.26,0.2,0.18,0.8507215808300936,0.22770314781744982,0.13405843435278983,-0.1201952924363271,1.8944431450014942,0.20800000000000002,True
2936,0.23,0.17,0.14,0.25,0.21,0.8494612298183337,0.22742445736672479,0.1397863243370135,-0.10520631865892693,2.161699603842449,0.20800000000000002,True
2937,0.2,0.14,0.26,0.22,0.18,0.848635606897598,0.22724182590454678,0.13297773788744877,-0.11942785511466147,1.902753973822725,0.20800000000000002,True
2938,0.26,0.15,0.17,0.23,0.19,0.8356102627559243,0.22435333744918307,0.13370277895089352,-0.10523849254620898,2.131856244051312,0.20800000000000002,True
2939,0.2,0.14,0.22,0.26,0.18,0.8337854892614229,0.2239475870936556,0.12931759457563485,-0.11037830447468766,2.028909468753545,0.20800000000000002,True
2940,0.26,0.18,0.14,0.22,0.2,0.8329327304364407,0.22375787827442428,0.1367328045801632,-0.10173338602478765,2.1994537586697938,0.20800000000000002,True
2941,0.26,0.14,0.2,0.22,0.18,0.8325143631155645,0.22366478475525864,0.1311378563716037,-0.1081195646136498,2.0686800354264614,0.20800000000000002,True
2942,0.23,0.15,0.17,0.26,0.19,0.8325102992127653,0.22366388040143748,0.1318774851883122,-0.10408527490872777,2.1488522809549,0.20800000000000002,True
2943,0.23,0.14,0.25,0.21,0.17,0.8308980683609408,0.22330499975700646,0.12887338497494988,-0.11410900202400154,1.9569446388641343,0.20800000000000002,True
2944,0.21,0.14,0.25,0.23,0.17,0.8288467956416128,0.2228480842080356,0.12770980862209907,-0.11333809621605817,1.9662239939447794,0.20800000000000002,True
2945,0.22,0.18,0.14,0.26,0.2,0.8287853490536738,0.22283439187389953,0.13438135683512034,-0.1001942131325162,2.22402457095182,0.20800000000000002,True
2946,0.22,0.14,0.2,0.26,0.18,0.8284044772580286,0.222749514184176,0.12868894335352177,-0.10657994791393455,2.0899758213810604,0.20800000000000002,True
2947,0.19,0.15,0.26,0.23,0.17,0.8276714516774641,0.22258612546164058,0.12770202616419712,-0.11454955697937985,1.9431426129540463,0.20800000000000002,True
2948,0.26,0.17,0.15,0.23,0.19,0.8224934136131716,0.22143071344132825,0.13242934644381218,-0.10000381538180825,2.214222653364972,0.20800000000000002,True
2949,0.21,0.14,0.23,0.25,0.17,0.821387821348093,0.22118373139679526,0.12584762507732317,-0.1087725823092689,2.0334511390739265,0.20800000000000002,True
2950,0.23,0.17,0.15,0.26,0.19,0.8194159602660047,0.22074298235571232,0.1305839310809075,-0.09884677411894682,2.2331834733431184,0.20800000000000002,True
2951,0.19,0.15,0.23,0.26,0.17,0.8165141504514086,0.22009379222490533,0.12486910456943599,-0.10769935811126119,2.0435942802698284,0.20800000000000002,True
2952,0.18,0.22,0.14,0.26,0.2,0.8133293755835458,0.21938050105317486,0.13281557390483956,-0.09738211143977404,2.2527802879777434,0.20800000000000002,True
2953,0.17,0.23,0.15,0.26,0.19,0.7963746763376367,0.2155690445351206,0.12814180174427087,-0.09459252901511828,2.278922519353164,0.20800000000000002,True
2954,0.26,0.2,0.14,0.22,0.18,0.7931999317384137,0.2148526913103197,0.1271656467090146,-0.09227304758773569,2.328444729280584,0.20800000000000002,True
2955,0.22,0.2,0.14,0.26,0.18,0.78917962735885,0.21394433049582395,0.12462889175805808,-0.09071803399971812,2.358343992512985,0.20800000000000002,True
2956,0.19,0.17,0.26,0.23,0.15,0.7874860236978893,0.21356126469693004,0.11820925936453118,-0.1053502736743469,2.0271543418774507,0.20800000000000002,True
2957,0.2,0.22,0.14,0.26,0.18,0.7815794306204582,0.21222339195005246,0.12373530281628445,-0.08926811514940236,2.377370594135069,0.20800000000000002,True
2958,0.19,0.17,0.23,0.26,0.15,0.7762724293183125,0.2110188051141646,0.11524797222449669,-0.09834916764008761,2.1456084497470855,0.20800000000000002,True
2959,0.2,0.26,0.14,0.22,0.18,0.7704287594363177,0.2096896257930876,0.12427771517780152,-0.08790849558626479,2.385316963902752,0.20800000000000002,True
2960,0.23,0.17,0.25,0.21,0.14,0.7701833514255183,0.20963374224448517,0.11487448439834946,-0.10017911522858558,2.092589276379108,0.20800000000000002,True
2961,0.21,0.17,0.25,0.23,0.14,0.768226614921399,0.20918797539640677,0.11356431680112856,-0.09939615359124787,2.1045882344367337,0.20800000000000002,True
2962,0.21,0.17,0.23,0.25,0.14,0.7607128515194632,0.2074731917848449,0.111575625907068,-0.09467828988574534,2.1913491681695643,0.20800000000000002,True
2963,0.2,0.18,0.22,0.26,0.14,0.7532099936112864,0.20575602163104034,0.11010087658559221,-0.09158081813280772,2.2467152600958338,0.20800000000000002,True
2964,0.22,0.18,0.2,0.26,0.14,0.7476293105499929,0.20447559717818375,0.10951655374196269,-0.08759332361137662,2.334374227942031,0.20800000000000002,True
2965,0.18,0.2,0.22,0.26,0.14,0.745737040605809,0.20404081846033573,0.10915779622235934,-0.09012048929540428,2.2640891106517866,0.20800000000000002,True
2966,0.26,0.2,0.18,0.22,0.14,0.7384242693680378,0.2023576347823015,0.11090208073096802,-0.08366031740332702,2.4188007057961998,0.20800000000000002,True
2967,0.22,0.2,0.18,0.26,0.14,0.7345954872263678,0.2014744789091476,0.10798096241071638,-0.08208340084770105,2.4545093993238267,0.20800000000000002,True
2968,0.18,0.22,0.2,0.26,0.14,0.732748730833769,0.20104803705163565,0.10751941252013664,-0.08463198869926192,2.3755561004959467,0.20800000000000002,True
2969,0.2,0.22,0.18,0.26,0.14,0.727187865740009,0.19976212270405602,0.10692635344306045,-0.0805820732092446,2.478989615783908,0.20800000000000002,True
2970,0.2,0.26,0.18,0.22,0.14,0.7162306488365462,0.1972202355888113,0.10751332114843087,-0.07914044428485478,2.492028410643553,0.20800000000000002,True
2971,0.16,0.15,0.2,0.24,0.25,0.934667112840909,0.24598732541893575,0.16063049340446986,-0.13292285016670946,1.8506022486760014,0.2082,True
2972,0.24,0.15,0.16,0.2,0.25,0.9292400418416173,0.24482143125288536,0.16113049939206095,-0.12724430763023475,1.9240265895769855,0.2082,True
2973,0.2,0.15,0.16,0.24,0.25,0.9247573365450479,0.24385676438931214,0.15927161550491045,-0.12574184282759704,1.939344604036549,0.2082,True
2974,0.24,0.16,0.15,0.2,0.25,0.9226887808913518,0.24341111128918302,0.16055207491424764,-0.12479146043716549,1.9505430134119188,0.2082,True
2975,0.16,0.15,0.2,0.25,0.24,0.9187031853111858,0.24255154571338333,0.15569936732026438,-0.12893332300358273,1.8812168961676683,0.2082,True
2976,0.2,0.16,0.15,0.24,0.25,0.9182215366308053,0.24244758888758233,0.15868531161800306,-0.1232865124216811,1.966537816061586,0.2082,True
2977,0.25,0.15,0.16,0.2,0.24,0.9141921473467862,0.24157722154582761,0.15678054352011173,-0.12356745267595493,1.9550230769856785,0.2082,True
2978,0.2,0.15,0.16,0.25,0.24,0.9086645706715788,0.24038124901564317,0.15434675422914054,-0.12168198764737326,1.9754875282959126,0.2082,True
2979,0.25,0.16,0.15,0.2,0.24,0.9076352714850446,0.240158290033047,0.1561958864486423,-0.12108830201171428,1.9833318829577253,0.2082,True
2980,0.2,0.16,0.15,0.25,0.24,0.90212692656779,0.23896374891312377,0.15375139169714233,-0.11919971944611818,2.0047341556130296,0.2082,True
2981,0.25,0.15,0.16,0.24,0.2,0.8478442294415196,0.22706671863804617,0.1372207218695659,-0.10686059764809419,2.1248872235003433,0.2082,True
2982,0.24,0.15,0.16,0.25,0.2,0.8467986772961504,0.22683529371630917,0.13663081611237757,-0.10647751623889967,2.130358612116451,0.2082,True
2983,0.25,0.16,0.15,0.24,0.2,0.841286225465498,0.22561370829739524,0.13659843502149938,-0.10426890667039912,2.1637678527748934,0.2082,True
2984,0.24,0.16,0.15,0.25,0.2,0.8402444440420513,0.22538257074026657,0.13600546596748736,-0.10388519137471441,2.169535116196788,0.2082,True
2985,0.2,0.15,0.25,0.24,0.16,0.8077401357914078,0.21812666209928633,0.12239974471438177,-0.10837531019421687,2.0126970036661174,0.2082,True
2986,0.2,0.15,0.24,0.25,0.16,0.8040044968072746,0.21728720125282464,0.12143790451578679,-0.10607118605174848,2.0485035506892295,0.2082,True
2987,0.2,0.16,0.25,0.24,0.15,0.7875478031626664,0.21357524246593806,0.11765822879429064,-0.1037265477240007,2.0590219876422253,0.2082,True
2988,0.2,0.16,0.24,0.25,0.15,0.7838030008090102,0.21272738827682058,0.11667469911990978,-0.10139710676287106,2.097963098437398,0.2082,True
2989,0.18,0.15,0.22,0.18,0.27,0.975507763833529,0.25469191247768497,0.17265694701258313,-0.14573394604139878,1.747649874280728,0.2086,True
2990,0.22,0.15,0.18,0.18,0.27,0.9658788760729664,0.2526505450655976,0.17131031214642756,-0.13874188863032655,1.8210112862077084,0.2086,True
2991,0.2,0.15,0.23,0.16,0.26,0.9657915220971207,0.2526319951492313,0.1693897105313938,-0.14474445998248642,1.745365557892847,0.2086,True
2992,0.2,0.13,0.21,0.2,0.26,0.9645573053750447,0.252369846235698,0.16760764815695428,-0.14097189000485366,1.790213965543123,0.2086,True
2993,0.21,0.13,0.2,0.2,0.26,0.9621120760183475,0.25185015252021614,0.16727281265429644,-0.13921628778438755,1.8090566594497282,0.2086,True
2994,0.18,0.15,0.18,0.22,0.27,0.9612528623113799,0.25166743810430536,0.16968297965056695,-0.13725270435336046,1.833606407174181,0.2086,True
2995,0.2,0.13,0.2,0.21,0.26,0.9609630910505236,0.25160580532717014,0.16685027328747892,-0.1388437667343183,1.8121505289367823,0.2086,True
2996,0.2,0.14,0.24,0.17,0.25,0.9565553011915244,0.2506675426935132,0.1652470294578994,-0.14323284187347973,1.7500703010202965,0.2086,True
2997,0.22,0.13,0.22,0.18,0.25,0.9545847960004379,0.2502476359240162,0.16441367885955294,-0.13995490714684466,1.7880590329101451,0.2086,True
2998,0.18,0.13,0.22,0.22,0.25,0.9500288583171679,0.2492757019835401,0.16271701241415712,-0.1384605499623981,1.8003373672229108,0.2086,True
2999,0.22,0.18,0.15,0.18,0.27,0.9462784128277588,0.24847446968869158,0.1695765378046209,-0.13155402994206045,1.8887636494155724,0.2086,True
3000,0.2,0.14,0.25,0.17,0.24,0.944200957773925,0.248030206212287,0.1612396156565073,-0.1414732307408304,1.7531953212170712,0.2086,True
3001,0.23,0.15,0.16,0.2,0.26,0.9440830667110625,0.24800498573640417,0.1655075015575822,-0.1308763177379505,1.8949569335605598,0.2086,True
3002,0.18,0.18,0.15,0.22,0.27,0.9416992331883514,0.24749479248277817,0.16792938880621447,-0.13005744357424331,1.9029652258349652,0.2086,True
3003,0.17,0.14,0.25,0.2,0.24,0.9408097146821026,0.24730430880012744,0.16001246596878937,-0.14034856365109005,1.7620722461751157,0.2086,True
3004,0.2,0.15,0.16,0.23,0.26,0.9406753505795911,0.24727553068041175,0.164175922067104,-0.12975387491051515,1.9057275233664157,0.2086,True
3005,0.22,0.13,0.18,0.22,0.25,0.9401122973986182,0.24715492143231854,0.16137831820553003,-0.13135712178941317,1.8815494589516668,0.2086,True
3006,0.17,0.14,0.2,0.24,0.25,0.9387400907688954,0.24686088905890857,0.16088966120159404,-0.13354899319806013,1.8484668670830111,0.2086,True
3007,0.23,0.16,0.15,0.2,0.26,0.9375380450606396,0.24660320422899873,0.16493523631072668,-0.12844931834240536,1.919848290448941,0.2086,True
3008,0.24,0.14,0.17,0.2,0.25,0.9358002468597817,0.24623048060954167,0.1617241419741803,-0.12968250450835894,1.8987178073328341,0.2086,True
3009,0.2,0.16,0.15,0.23,0.26,0.9341419814284511,0.24587460714075227,0.1635982082835046,-0.1273250213292776,1.9310784681110824,0.2086,True
3010,0.25,0.14,0.2,0.17,0.24,0.9316840974466483,0.2453467564310592,0.15961678084947578,-0.13257531451997673,1.850621718827526,0.2086,True
3011,0.2,0.14,0.17,0.24,0.25,0.9313020598002288,0.24526467051351375,0.15987325391933427,-0.1281825201334198,1.9134018449491246,0.2086,True
3012,0.16,0.16,0.18,0.25,0.25,0.9245456267041767,0.24381116793938928,0.15923842054045265,-0.12833513917014883,1.8998005496853083,0.2086,True
3013,0.17,0.14,0.2,0.25,0.24,0.9227460351465737,0.24342345054251457,0.15596955667717416,-0.12956825478789402,1.878727555148473,0.2086,True
3014,0.25,0.14,0.17,0.2,0.24,0.9207580494281411,0.2429948627331513,0.15738082651520177,-0.12603170478064551,1.9280455116914965,0.2086,True
3015,0.18,0.16,0.16,0.25,0.25,0.9195924501752393,0.24274343482447502,0.15855373482553484,-0.12472503061559603,1.9462287050673337,0.2086,True
3016,0.22,0.13,0.25,0.18,0.22,0.9168982229210147,0.2421618813463795,0.15238257996856386,-0.13457559418552234,1.79944872480029,0.2086,True
3017,0.21,0.2,0.13,0.2,0.26,0.916383713615154,0.2420507616842884,0.16315944325507373,-0.12225708581411565,1.979850575305808,0.2086,True
3018,0.24,0.17,0.14,0.2,0.25,0.9161464675945818,0.2419995164591151,0.1599890881192154,-0.12232383048794138,1.9783513604323508,0.2086,True
3019,0.2,0.2,0.13,0.21,0.26,0.9152619162000049,0.24180841574351053,0.1627243908550933,-0.12188022746779814,1.9839839551283944,0.2086,True
3020,0.2,0.14,0.17,0.25,0.24,0.9152112150863094,0.2417974603639701,0.1549579009728387,-0.12414935396219706,1.9476336577441746,0.2086,True
3021,0.18,0.13,0.25,0.22,0.22,0.9124927946895689,0.24120978701544127,0.15054714522070706,-0.13306586044475688,1.812709783029442,0.2086,True
3022,0.2,0.17,0.14,0.24,0.25,0.9116946636431342,0.2410371397557063,0.1581145676517538,-0.12081639655908194,1.9950697638778996,0.2086,True
3023,0.24,0.15,0.15,0.22,0.24,0.9094454669858496,0.24055034737675474,0.1555565795792634,-0.1209851160913793,1.9882639712067438,0.2086,True
3024,0.25,0.13,0.22,0.18,0.22,0.9091947353949201,0.240496057997712,0.15142925845213182,-0.12916162165103207,1.861977690613722,0.2086,True
3025,0.22,0.18,0.13,0.22,0.25,0.9073946679254503,0.24010616074936242,0.15846710472409808,-0.1190860085584351,2.0162415690634483,0.2086,True
3026,0.22,0.15,0.15,0.24,0.24,0.9072396909809799,0.2400725810480142,0.15456384997889766,-0.12023054213840267,1.9967686810532392,0.2086,True
3027,0.16,0.15,0.2,0.26,0.23,0.9025661507683023,0.239059083745794,0.15074782631698627,-0.12489628568248567,1.9140607940378285,0.2086,True
3028,0.2,0.13,0.26,0.2,0.21,0.9018799717799957,0.2389101402441023,0.14745091728743234,-0.13199284974831194,1.8100233512623112,0.2086,True
3029,0.18,0.13,0.22,0.25,0.22,0.9015402270637247,0.2388363812561205,0.14800608226134282,-0.126515411467513,1.887804643606203,0.2086,True
3030,0.25,0.17,0.14,0.2,0.24,0.9010874254285517,0.23873806381435703,0.15562708882568346,-0.11859411726600921,2.0130683487348895,0.2086,True
3031,0.26,0.15,0.16,0.2,0.23,0.8989431682677498,0.23827226615145536,0.15246237024921463,-0.11984491715905266,1.988171645487738,0.2086,True
3032,0.2,0.17,0.14,0.25,0.24,0.8955982863605763,0.23754495568458833,0.15317205530131586,-0.11670241394754277,2.0354759396096447,0.2086,True
3033,0.25,0.13,0.18,0.22,0.22,0.8944902684400193,0.2373038398241587,0.14827944270933519,-0.12033766321360784,1.9719831139061397,0.2086,True
3034,0.2,0.15,0.16,0.26,0.23,0.892400633808655,0.23684885828780256,0.14940192587288367,-0.11757344917193169,2.01447571671943,0.2086,True
3035,0.26,0.16,0.15,0.2,0.23,0.8923813018829381,0.23684464753433598,0.15187144261567703,-0.1173389962902951,2.018464918077069,0.2086,True
3036,0.18,0.22,0.13,0.22,0.25,0.8913587080936158,0.23662187195617146,0.15719151543876703,-0.11645212493632207,2.0319240381878836,0.2086,True
3037,0.22,0.13,0.18,0.25,0.22,0.8912411777467462,0.2365962624204252,0.14668940232852204,-0.11920121757034596,1.9848476990664896,0.2086,True
3038,0.21,0.13,0.26,0.2,0.2,0.8863212291813831,0.2355232660106903,0.14308811729195361,-0.12832752833197592,1.835329247528287,0.2086,True
3039,0.26,0.13,0.2,0.2,0.21,0.8862808825455772,0.23551445906393198,0.14555077291617224,-0.12103723712566028,1.945801677705366,0.2086,True
3040,0.2,0.16,0.15,0.26,0.23,0.8858617320888758,0.2354229586080483,0.14879700516999872,-0.11506377127472778,2.046021575687358,0.2086,True
3041,0.2,0.13,0.26,0.21,0.2,0.8852472954661414,0.2352888027129476,0.1425923538480016,-0.12794729112107006,1.8389510293758833,0.2086,True
3042,0.18,0.15,0.18,0.27,0.22,0.8811284813906282,0.2343887486044658,0.1450353148568382,-0.11712598254790663,2.001167832326159,0.2086,True
3043,0.2,0.13,0.2,0.26,0.21,0.8798413498008861,0.23410721178122995,0.14234312254002462,-0.1187577132409614,1.9713011087222811,0.2086,True
3044,0.24,0.15,0.15,0.24,0.22,0.8765966582385278,0.23339692317386596,0.14574994566716262,-0.11269036777750041,2.0711346300217297,0.2086,True
3045,0.17,0.14,0.25,0.24,0.2,0.8754602543937176,0.23314796179404196,0.1404200856244503,-0.1243281722086842,1.8752625221796417,0.2086,True
3046,0.26,0.13,0.21,0.2,0.2,0.8731740021492382,0.23264678873487243,0.14152651538383826,-0.11912461878010827,1.9529698488631837,0.2086,True
3047,0.17,0.14,0.24,0.25,0.2,0.871786482275763,0.23234242935900395,0.13952654888627386,-0.12210887769528989,1.9027480535755192,0.2086,True
3048,0.26,0.13,0.2,0.21,0.2,0.8694649259872576,0.2318328478731897,0.14070879825861757,-0.11688276382423468,1.9834648008650275,0.2086,True
3049,0.2,0.13,0.21,0.26,0.2,0.8668085032904291,0.23124924536028013,0.13822439795632988,-0.11683724277001495,1.9792425760634933,0.2086,True
3050,0.21,0.13,0.2,0.26,0.2,0.8641733570603021,0.23066976985878296,0.13790149107107824,-0.1149756367246294,2.0062491187697873,0.2086,True
3051,0.25,0.18,0.13,0.22,0.22,0.8616972210382166,0.23012476319350395,0.1452679685808597,-0.10766480082628971,2.137418742498726,0.2086,True
3052,0.18,0.18,0.15,0.27,0.22,0.8615459131462708,0.2300914441036892,0.1431363854464041,-0.10952745981093615,2.1007649086436215,0.2086,True
3053,0.22,0.18,0.13,0.25,0.22,0.8585052583962336,0.22942148689586284,0.14363971472209336,-0.1065189236893952,2.153809660758932,0.2086,True
3054,0.25,0.14,0.17,0.24,0.2,0.8544115675171564,0.22851835558113898,0.137860711731224,-0.10943633414795284,2.088139714842721,0.2086,True
3055,0.24,0.14,0.17,0.25,0.2,0.8533622394681428,0.22828664363880624,0.13727391472561268,-0.10905388610284639,2.0933379982765032,0.2086,True
3056,0.22,0.13,0.25,0.22,0.18,0.8498702229607151,0.22751490833561028,0.1330083245790632,-0.11822753367173855,1.9243817516088142,0.2086,True
3057,0.26,0.15,0.16,0.23,0.2,0.8488898952166053,0.2272980814061456,0.1378286386724941,-0.10724384189227532,2.119451125543067,0.2086,True
3058,0.23,0.15,0.16,0.26,0.2,0.845753238818814,0.22660380659551005,0.1360592308909959,-0.1060945975609342,2.1358656501370183,0.2086,True
3059,0.18,0.22,0.13,0.25,0.22,0.8428325604597051,0.22595662924158955,0.1421972211734117,-0.10377027972847519,2.1774695975844582,0.2086,True
3060,0.26,0.16,0.15,0.23,0.2,0.8423281200426749,0.22584478376841255,0.13720947465784505,-0.10465278557576674,2.1580389143574683,0.2086,True
3061,0.25,0.13,0.22,0.22,0.18,0.8418028295973072,0.22572829368415492,0.13209085234183185,-0.11259447422239222,2.004790157270997,0.2086,True
3062,0.23,0.16,0.15,0.26,0.2,0.8392027758106231,0.22515137105167393,0.13543088023045574,-0.10350163958414038,2.1753411052840366,0.2086,True
3063,0.22,0.13,0.22,0.25,0.18,0.8387013997291215,0.22504005881966327,0.13030123086692053,-0.11144226970660243,2.0193420271512177,0.2086,True
3064,0.25,0.17,0.14,0.24,0.2,0.8347375591747186,0.22415931965311597,0.13599416615966345,-0.1016611125178889,2.2049662265270955,0.2086,True
3065,0.2,0.2,0.13,0.26,0.21,0.8340945205876078,0.22401632116473014,0.1378706479690476,-0.10083672638400498,2.2215747099091097,0.2086,True
3066,0.24,0.17,0.14,0.25,0.2,0.8336995432914636,0.22392846980656644,0.13539818237220125,-0.10127676284023124,2.2110547723550753,0.2086,True
3067,0.18,0.15,0.22,0.27,0.18,0.8288770604378661,0.22285482809388935,0.12841125558756364,-0.10931198266904696,2.0387044736770057,0.2086,True
3068,0.2,0.14,0.25,0.24,0.17,0.8278213272197261,0.2226195357251044,0.12715781139431354,-0.11295288945096948,1.9709060724979413,0.2086,True
3069,0.2,0.14,0.24,0.25,0.17,0.8240953081506399,0.22178838898548503,0.12621639870242538,-0.11067358269146477,2.003986711117734,0.2086,True
3070,0.26,0.2,0.13,0.21,0.2,0.8235629332954955,0.22166954206500633,0.13628053126921671,-0.09878667828623588,2.243921406312656,0.2086,True
3071,0.27,0.15,0.18,0.22,0.18,0.8232262001292501,0.22159435808854555,0.13028145021200774,-0.10360077059427975,2.138925770700597,0.2086,True
3072,0.21,0.2,0.13,0.26,0.2,0.818403331573996,0.2205165164996008,0.13336734661896713,-0.0968573040162456,2.276715408706959,0.2086,True
3073,0.22,0.15,0.18,0.27,0.18,0.8181204834026872,0.22045324487149354,0.12714232502732029,-0.10167207757069296,2.168277172444043,0.2086,True
3074,0.2,0.21,0.13,0.26,0.2,0.814547446652913,0.21965340990283222,0.13296530589613823,-0.09614950125701105,2.2844986924652977,0.2086,True
3075,0.2,0.15,0.26,0.23,0.16,0.8114741438041388,0.2189646013788662,0.12337708390720695,-0.11067220446195802,1.9784967909818054,0.2086,True
3076,0.25,0.16,0.16,0.25,0.18,0.8108934461318464,0.2188343641556998,0.1275087961965411,-0.09787697995235212,2.2358103433742174,0.2086,True
3077,0.26,0.15,0.23,0.2,0.16,0.8062951397217646,0.21780208449516048,0.12427455814751388,-0.10608685113680072,2.053054475283663,0.2086,True
3078,0.27,0.18,0.15,0.22,0.18,0.8035513989915302,0.21718530377223555,0.12832762506760456,-0.09567043262421127,2.2701402911527397,0.2086,True
3079,0.18,0.16,0.25,0.25,0.16,0.8028991123189391,0.21703858059525616,0.12143347632428052,-0.10729695967273256,2.022784068227539,0.2086,True
3080,0.2,0.15,0.23,0.26,0.16,0.8002672302638767,0.21644621409938525,0.12049192424876655,-0.10375979784480716,2.0860315709473762,0.2086,True
3081,0.22,0.18,0.15,0.27,0.18,0.7985016724161729,0.2160485104272003,0.12513330426215372,-0.09373213010578607,2.304956797454277,0.2086,True
3082,0.2,0.16,0.26,0.23,0.15,0.7912910165517661,0.21442155420857434,0.11865758694009132,-0.10604862262981385,2.0219173893192384,0.2086,True
3083,0.24,0.15,0.24,0.22,0.15,0.790576635891842,0.21426012934548,0.11907613818050788,-0.10326937852508866,2.0747692336836017,0.2086,True
3084,0.22,0.15,0.24,0.24,0.15,0.7885914134589278,0.21381131342350423,0.11777266940589826,-0.10249098087750563,2.0861475965289626,0.2086,True
3085,0.18,0.22,0.15,0.27,0.18,0.7832638553241913,0.21260522358517564,0.12342824388607981,-0.09085444343866078,2.340064123872085,0.2086,True
3086,0.25,0.22,0.13,0.22,0.18,0.7828839652720774,0.21251912970832176,0.12603914013383585,-0.0888448754505996,2.3920246230351094,0.2086,True
3087,0.2,0.16,0.23,0.26,0.15,0.7800566129029181,0.2118779867624465,0.11570739181067077,-0.09906026464098594,2.1388796762287523,0.2086,True
3088,0.22,0.22,0.13,0.25,0.18,0.7798833114571511,0.21183866608113355,0.12415137421314501,-0.08767532562540925,2.4161719910366712,0.2086,True
3089,0.22,0.25,0.13,0.22,0.18,0.7715227565951541,0.20993868461072807,0.1245609107178265,-0.0866475828304063,2.4229029564695086,0.2086,True
3090,0.18,0.27,0.15,0.22,0.18,0.7693214914570332,0.2094374412388631,0.12410138475851094,-0.08916823572459487,2.3487897852519124,0.2086,True
3091,0.18,0.18,0.22,0.27,0.15,0.7687589806546284,0.20930928692519668,0.11385281674111235,-0.09528326578921853,2.196705635470362,0.2086,True
3092,0.2,0.17,0.25,0.24,0.14,0.7672484053300785,0.20896500479963165,0.11294153838454504,-0.09900492863753019,2.1106525470532835,0.2086,True
3093,0.2,0.17,0.24,0.25,0.14,0.7634948961524124,0.20810867502764796,0.11193500928162715,-0.09664965698733652,2.1532272489587347,0.2086,True
3094,0.22,0.18,0.18,0.27,0.15,0.7577005122230465,0.20678434856674888,0.11264485652828543,-0.08736001666846105,2.3670365054017064,0.2086,True
3095,0.22,0.18,0.25,0.22,0.13,0.7487714000568251,0.20473785829470237,0.10958222851571368,-0.0949954237410241,2.155239170813716,0.2086,True
3096,0.18,0.22,0.18,0.27,0.15,0.7427509967567483,0.20335408842094904,0.11071458136474611,-0.0844066229131476,2.409219577830943,0.2086,True
3097,0.22,0.18,0.22,0.25,0.13,0.7374660818260523,0.20213673875901894,0.10656823810894223,-0.08782808417172816,2.3015045889397494,0.2086,True
3098,0.2,0.2,0.21,0.26,0.13,0.7262933465224051,0.19955501325544978,0.10451061861009688,-0.08393389091910375,2.3775260633131223,0.2086,True
3099,0.21,0.2,0.2,0.26,0.13,0.7234819427383301,0.19890361827723946,0.10422512983074567,-0.08190732578392312,2.428398392617044,0.2086,True
3100,0.2,0.21,0.2,0.26,0.13,0.719794221079121,0.1980481076997609,0.10368969361908618,-0.08115526556769537,2.4403605399400705,0.2086,True
3101,0.25,0.22,0.18,0.22,0.13,0.7142543380912139,0.1967606143445313,0.10562702023891114,-0.07789514134672748,2.525967742567009,0.2086,True
3102,0.22,0.22,0.18,0.25,0.13,0.7114324549862456,0.19610372956042665,0.1033642254416644,-0.0767049037171138,2.556599644315485,0.2086,True
3103,0.22,0.25,0.18,0.22,0.13,0.7032548280216069,0.194196033708129,0.10381800295451998,-0.0755991286215083,2.568760212573129,0.2086,True
3104,0.2,0.14,0.2,0.19,0.27,0.9736830686988223,0.25430557919977304,0.17180970732980919,-0.14248573729205405,1.7847791928712209,0.20860000000000004,True
3105,0.19,0.14,0.2,0.2,0.27,0.9725199987050857,0.25405920410858895,0.1714130456407682,-0.14211425349747797,1.7877109287499977,0.20860000000000004,True
3106,0.2,0.14,0.19,0.2,0.27,0.9701088097273576,0.25354812914242375,0.17107428321379953,-0.1403659879242969,1.8063359428579593,0.20860000000000004,True
3107,0.2,0.19,0.14,0.2,0.27,0.9374804161325818,0.24659084752856453,0.16816832774529536,-0.1283796273213439,1.920794230936105,0.20860000000000004,True
3108,0.2,0.2,0.14,0.19,0.27,0.9345430190384321,0.24596069080384098,0.1682879647596475,-0.12811880115179564,1.9197860781761908,0.20860000000000004,True
3109,0.2,0.14,0.27,0.2,0.19,0.8692649563228494,0.23178893480978968,0.13877721266474977,-0.12580484540590164,1.8424483895030979,0.20860000000000004,True
3110,0.19,0.14,0.2,0.27,0.2,0.8591866237795251,0.22957167781278343,0.13701815712834461,-0.11392537486573973,2.0151057486826978,0.20860000000000004,True
3111,0.2,0.14,0.19,0.27,0.2,0.856552690681569,0.2289908859786154,0.13669237020102395,-0.11205334096291863,2.0435882054993293,0.20860000000000004,True
3112,0.2,0.14,0.2,0.27,0.19,0.8433743225214745,0.22607672700803505,0.1325477821519355,-0.11008479239980384,2.0536599295838602,0.20860000000000004,True
3113,0.2,0.19,0.14,0.27,0.2,0.8238786427240223,0.22174002356676903,0.13343795750697632,-0.09910924930369447,2.2373292616444354,0.20860000000000004,True
3114,0.19,0.2,0.14,0.27,0.2,0.8200134184645425,0.22087655942006235,0.133054988713319,-0.09840680207139674,2.2445253251885022,0.20860000000000004,True
3115,0.2,0.2,0.14,0.27,0.19,0.8041846158639536,0.21732770361187326,0.1285260390892489,-0.09439420477979554,2.30234159097859,0.20860000000000004,True
3116,0.2,0.19,0.2,0.27,0.14,0.7429389169607634,0.20339732941136157,0.10833817234951981,-0.08646316526771702,2.352415954025969,0.20860000000000004,True
3117,0.19,0.2,0.2,0.27,0.14,0.7392175520138491,0.20254045299458645,0.10784860185405518,-0.08572347464150964,2.3627186583558157,0.20860000000000004,True
3118,0.2,0.2,0.19,0.27,0.14,0.7364313486077385,0.2018981050232882,0.10755198537646359,-0.08371025284036826,2.411868297761553,0.20860000000000004,True
3119,0.21,0.13,0.21,0.19,0.26,0.9657090029173943,0.25261447141358406,0.16802948980987964,-0.14134428926813114,1.7872279999538756,0.20879999999999999,True
3120,0.19,0.13,0.21,0.21,0.26,0.9634057365635138,0.2521251527815245,0.16720216031720167,-0.14059964163970906,1.7932133385346956,0.20879999999999999,True
3121,0.21,0.13,0.19,0.21,0.26,0.958513136063839,0.25108447030928005,0.16652950628182428,-0.1370819481005412,1.8316377450743915,0.20879999999999999,True
3122,0.22,0.14,0.24,0.16,0.24,0.9428400963709118,0.24773901458742587,0.16131142298996834,-0.14008123721774535,1.7685381676229408,0.20879999999999999,True
3123,0.16,0.14,0.22,0.24,0.24,0.9288552527619596,0.2447386842872159,0.15716926243406182,-0.13352484807000853,1.8329074162952559,0.20879999999999999,True
3124,0.23,0.15,0.15,0.22,0.25,0.9244977820040399,0.2438008630497026,0.1599449364206119,-0.12468263705677607,1.9553714037880374,0.20879999999999999,True
3125,0.22,0.15,0.15,0.23,0.25,0.9233797406062889,0.2435600083505698,0.15947097991977371,-0.12430682661410297,1.9593453954598596,0.20879999999999999,True
3126,0.21,0.19,0.13,0.21,0.26,0.9193035163771621,0.24268109404117366,0.16303925188594356,-0.1225286540358661,1.9806068707009301,0.20879999999999999,True
3127,0.24,0.14,0.16,0.22,0.24,0.9160052721547869,0.24196901618562117,0.15614499172185234,-0.12346036545717332,1.959892272225266,0.20879999999999999,True
3128,0.22,0.14,0.16,0.24,0.24,0.9137917980346715,0.24149067748960218,0.15515660585111232,-0.12270703620702483,1.968026324767325,0.20879999999999999,True
3129,0.16,0.14,0.24,0.24,0.22,0.9037319879495826,0.23931206079690526,0.14898220759319408,-0.1298753366390244,1.8426289932325595,0.20879999999999999,True
3130,0.21,0.13,0.26,0.19,0.21,0.9029689530868601,0.23914650020921746,0.14793155139767156,-0.13237165912011895,1.8066291666874634,0.20879999999999999,True
3131,0.24,0.16,0.14,0.22,0.24,0.9028946892118386,0.23913038433463196,0.15498403656933898,-0.11849488195753655,2.0180650875733686,0.20879999999999999,True
3132,0.19,0.13,0.26,0.21,0.21,0.90079111127617,0.23867371626284006,0.146988381983441,-0.13161419727954637,1.8134344257398087,0.20879999999999999,True
3133,0.22,0.16,0.14,0.24,0.24,0.900696600958746,0.2386531910050207,0.15398703056007182,-0.11773906201023665,2.0269669804594788,0.20879999999999999,True
3134,0.25,0.15,0.15,0.22,0.23,0.8941924325412605,0.2372390116995715,0.15119826948741477,-0.11724159708532156,2.0235054587914125,0.20879999999999999,True
3135,0.22,0.15,0.15,0.25,0.23,0.8909290245281767,0.23652823995006655,0.14963801443167588,-0.11610528215402793,2.0371875901070786,0.20879999999999999,True
3136,0.26,0.13,0.21,0.19,0.21,0.88997456350174,0.2363202033367997,0.14635588371385813,-0.12325925504005919,1.9172613306805706,0.20879999999999999,True
3137,0.24,0.14,0.16,0.24,0.22,0.8831582690781818,0.23483246719256834,0.14635676485101937,-0.11522071512959253,2.0381097871892613,0.20879999999999999,True
3138,0.26,0.13,0.19,0.21,0.21,0.8825853896872877,0.23470726609473758,0.1447606037762555,-0.11880839451548886,1.975510796622533,0.20879999999999999,True
3139,0.19,0.13,0.21,0.26,0.21,0.8824435033949078,0.23467625334011366,0.1426884614027578,-0.12060118525315378,1.9458867908097675,0.20879999999999999,True
3140,0.25,0.15,0.15,0.23,0.22,0.8776695023276677,0.233631867765822,0.1463040574146233,-0.11307071206954478,2.066245657161206,0.20879999999999999,True
3141,0.21,0.13,0.19,0.26,0.21,0.8772321625632165,0.23353610453504214,0.14203428870458965,-0.11690781303908304,1.997609043092522,0.20879999999999999,True
3142,0.23,0.15,0.15,0.25,0.22,0.8755239314823282,0.23316191471963132,0.14521332194283745,-0.11231018334936782,2.076053192739657,0.20879999999999999,True
3143,0.24,0.16,0.14,0.24,0.22,0.8700442287338053,0.23196004428447536,0.14516000317455152,-0.11014451629951605,2.1059608964435985,0.20879999999999999,True
3144,0.21,0.13,0.26,0.21,0.19,0.8695122438941669,0.23184323836227927,0.13824050384365022,-0.1242346141235795,1.8661726443779878,0.20879999999999999,True
3145,0.21,0.13,0.21,0.26,0.19,0.8509844230081187,0.22776125187308516,0.13380218023010187,-0.11302595458826248,2.015123452863434,0.20879999999999999,True
3146,0.26,0.19,0.13,0.21,0.21,0.8432242285427356,0.22604345654502178,0.1410660861362924,-0.10345244307062951,2.1849987282629604,0.20879999999999999,True
3147,0.21,0.19,0.13,0.26,0.21,0.837984686843724,0.22488090377458625,0.13825662293778812,-0.10153289532887266,2.2148575892195344,0.20879999999999999,True
3148,0.19,0.21,0.13,0.26,0.21,0.8302092942992116,0.22315161524375982,0.13750358666338428,-0.10013870984447082,2.228425107436924,0.20879999999999999,True
3149,0.24,0.14,0.24,0.22,0.16,0.8108601010401302,0.21882688476799483,0.12374409364947447,-0.10792578438657763,2.027568166511372,0.20879999999999999,True
3150,0.22,0.14,0.24,0.24,0.16,0.808843362577617,0.2183743544420449,0.1224913340044913,-0.10715139647921523,2.0379982120382745,0.20879999999999999,True
3151,0.26,0.21,0.13,0.21,0.19,0.8037816316123494,0.21723708307795597,0.1314926741623052,-0.09404812490775571,2.30985023136853,0.20879999999999999,True
3152,0.21,0.21,0.13,0.26,0.19,0.7987015139358837,0.21609353912228557,0.12846791362154905,-0.09210884981685075,2.3460670668667127,0.20879999999999999,True
3153,0.23,0.15,0.25,0.22,0.15,0.7933409457106593,0.21488452781190515,0.1193866954911053,-0.10520507490837272,2.042530058545718,0.20879999999999999,True
3154,0.22,0.15,0.25,0.23,0.15,0.792345773197328,0.2146598136000868,0.11874882572399205,-0.10481607375689228,2.0479665561406475,0.20879999999999999,True
3155,0.25,0.15,0.23,0.22,0.15,0.7878056176151251,0.2136335701983305,0.11880936305373663,-0.10132669581075637,2.1083641234815844,0.20879999999999999,True
3156,0.22,0.15,0.23,0.25,0.15,0.7848354671379507,0.21296126558283168,0.11681269089080751,-0.10015850898033518,2.126242370727023,0.20879999999999999,True
3157,0.24,0.16,0.24,0.22,0.14,0.7701867698216893,0.20963452070649846,0.11443879154107793,-0.0985399306775484,2.127406821428403,0.20879999999999999,True
3158,0.22,0.16,0.24,0.24,0.14,0.7682328810453614,0.20918940341557235,0.1130807875496583,-0.09775749225968056,2.1398810319303903,0.20879999999999999,True
3159,0.21,0.19,0.21,0.26,0.13,0.7299916212982767,0.2004108176441033,0.10504309078744871,-0.08467971466131763,2.3666921699684536,0.20879999999999999,True
3160,0.19,0.21,0.21,0.26,0.13,0.7225998245897072,0.198699087778063,0.1040017711182427,-0.08318601243262358,2.3886117625724532,0.20879999999999999,True
3161,0.21,0.21,0.19,0.26,0.13,0.7169820770557513,0.1973948991000929,0.10342870911590911,-0.07911698342759654,2.494975042630862,0.20879999999999999,True
3162,0.19,0.14,0.21,0.19,0.27,0.9760894879191966,0.2548150278960766,0.1721621116974994,-0.14422785927341497,1.7667531722357455,0.2088,True
3163,0.21,0.14,0.19,0.19,0.27,0.9712692913140768,0.25379415653349846,0.1714875570206976,-0.14073774386994498,1.8033126690451164,0.2088,True
3164,0.19,0.14,0.19,0.21,0.27,0.9689484579810226,0.25330203265028217,0.17067710145768428,-0.13999438240557105,1.809372835521735,0.2088,True
3165,0.16,0.16,0.18,0.24,0.26,0.9403530283418515,0.24720649024835595,0.1641689189299453,-0.1323225513161751,1.8682113350253808,0.2088,True
3166,0.21,0.19,0.14,0.19,0.27,0.9386213823116989,0.2468354460419382,0.16858997690725244,-0.12875446916216093,1.917101966620352,0.2088,True
3167,0.19,0.19,0.14,0.21,0.27,0.936339577413805,0.24634618029819189,0.16776300831777483,-0.12800493941883295,1.9245052684423813,0.2088,True
3168,0.18,0.16,0.16,0.24,0.26,0.9354650905434363,0.24615857049579626,0.16348141244948206,-0.12874733799953575,1.9119507581328312,0.2088,True
3169,0.17,0.15,0.18,0.25,0.25,0.9286011799894556,0.24468404117611908,0.15949900317933874,-0.12896993249999,1.8972177191465773,0.2088,True
3170,0.18,0.15,0.17,0.25,0.25,0.9261226891128755,0.24415074331347664,0.15915759944890737,-0.1271713566667083,1.9198564025179727,0.2088,True
3171,0.18,0.17,0.15,0.25,0.25,0.9130711214436515,0.24133485742213523,0.15796528267211238,-0.12226400174223151,1.9738831870638434,0.2088,True
3172,0.16,0.16,0.18,0.26,0.24,0.9085625376273179,0.24035915097158744,0.1542857295755378,-0.12430030985991813,1.933697118232958,0.2088,True
3173,0.18,0.16,0.16,0.26,0.24,0.9035450903797,0.2392715125195699,0.15360402759750247,-0.12065472589367432,1.9831093290985167,0.2088,True
3174,0.19,0.14,0.19,0.27,0.21,0.8722093858308633,0.23243521128701872,0.14117974621102158,-0.11586437952682438,2.006097233992492,0.2088,True
3175,0.27,0.14,0.19,0.21,0.19,0.8469460089554743,0.22686790973198967,0.1358055472968439,-0.11049559265779885,2.0531851477062255,0.2088,True
3176,0.19,0.14,0.21,0.27,0.19,0.8460337573469972,0.22666592923334727,0.13288866592862425,-0.11196878317529901,2.024367174540762,0.2088,True
3177,0.21,0.14,0.19,0.27,0.19,0.8407079708596719,0.22548542309884145,0.13224619680480026,-0.10819414186799425,2.0840816259160517,0.2088,True
3178,0.19,0.19,0.14,0.27,0.21,0.8395519999868519,0.22522889156144177,0.13797099170809451,-0.10306124645562453,2.1853887790734166,0.2088,True
3179,0.17,0.15,0.25,0.25,0.18,0.8389497529342231,0.2250951990998642,0.13067364174236168,-0.1157383280719978,1.9448630617839782,0.2088,True
3180,0.25,0.15,0.17,0.25,0.18,0.8174511135803109,0.2203034842625755,0.1281697658985615,-0.10051656347491511,2.191713252488525,0.2088,True
3181,0.27,0.19,0.14,0.21,0.19,0.8141458733013436,0.219563450884942,0.13260484233365988,-0.09742712375097162,2.253617292923033,0.2088,True
3182,0.26,0.16,0.16,0.24,0.18,0.8119083265261424,0.21906196045929804,0.12816202829701395,-0.09826363439553354,2.2293289049082357,0.2088,True
3183,0.24,0.16,0.16,0.26,0.18,0.80987867522635,0.21860670735950194,0.1268744811558245,-0.09749049208383087,2.242338741828534,0.2088,True
3184,0.21,0.19,0.14,0.27,0.19,0.8080203827305192,0.21818959163874418,0.12894555436183125,-0.09510652798880215,2.2941599935646253,0.2088,True
3185,0.25,0.17,0.15,0.25,0.18,0.8043452639515689,0.2173638253691208,0.1268668437244217,-0.09522081773016411,2.2827342859529356,0.2088,True
3186,0.19,0.21,0.14,0.27,0.19,0.8003537356553334,0.21646569333112264,0.1281265792259196,-0.09367997058568056,2.3106934382856275,0.2088,True
3187,0.18,0.16,0.24,0.26,0.16,0.7991730201721836,0.21619976664264473,0.12046561568954829,-0.10498855729822065,2.059269811933199,0.2088,True
3188,0.18,0.17,0.25,0.25,0.15,0.7827571744963662,0.21249039259464997,0.11665074229357096,-0.10263456739019583,2.0703589248523313,0.2088,True
3189,0.17,0.25,0.15,0.25,0.18,0.7738892347310533,0.21047708515310926,0.12331825432743164,-0.08945566863583443,2.35286470229116,0.2088,True
3190,0.19,0.19,0.21,0.27,0.14,0.7457242939715192,0.20403788865586825,0.1086579801984606,-0.08846491392455447,2.3064272557804992,0.2088,True
3191,0.21,0.19,0.19,0.27,0.14,0.740146931320518,0.20275456504170997,0.10806705378051033,-0.08445405971422859,2.4007675383253413,0.2088,True
3192,0.19,0.21,0.19,0.27,0.14,0.7327205356000659,0.201041524030112,0.10706003989457204,-0.0829644031791511,2.4232263034061527,0.2088,True
3193,0.2,0.14,0.21,0.18,0.27,0.9772552769063447,0.25506168142216334,0.17255823115139501,-0.1445992204395692,1.7639215525975713,0.20900000000000002,True
3194,0.18,0.14,0.21,0.2,0.27,0.9749238297983318,0.2545683050359895,0.17178214204962186,-0.14385664790010722,1.769597086766261,0.20900000000000002,True
3195,0.21,0.14,0.2,0.18,0.27,0.9748462690267108,0.25455188510078774,0.17222240029894115,-0.14285737124164077,1.7818603470605492,0.20900000000000002,True
3196,0.18,0.14,0.2,0.21,0.27,0.9713570590838265,0.25381275977277684,0.17103259628739387,-0.1417429197669261,1.7906556474928832,0.20900000000000002,True
3197,0.2,0.14,0.23,0.17,0.26,0.9687642770267031,0.2532629612182107,0.1692748539831229,-0.14497718739747312,1.746915951154843,0.20900000000000002,True
3198,0.2,0.13,0.22,0.19,0.26,0.968149502485963,0.25313252768934213,0.16837824855273478,-0.14309370418232814,1.7689983576552324,0.20900000000000002,True
3199,0.21,0.14,0.18,0.2,0.27,0.9676902669956757,0.2530350763487732,0.17076594789691904,-0.1386118214552441,1.8254942016650064,0.20900000000000002,True
3200,0.19,0.13,0.22,0.2,0.26,0.966995220847678,0.2528875563329507,0.16797341547165207,-0.1427215782464344,1.7718943374932064,0.20900000000000002,True
3201,0.2,0.14,0.18,0.21,0.27,0.9665325034041197,0.2527893276332682,0.17035211675041692,-0.13823994442704968,1.8286272370911374,0.20900000000000002,True
3202,0.22,0.13,0.2,0.19,0.26,0.9632611891848863,0.25209443157739586,0.16771157783546892,-0.13958896009838806,1.8059768580531677,0.20900000000000002,True
3203,0.19,0.13,0.2,0.22,0.26,0.9598142343196963,0.2513613899451783,0.16644415313777083,-0.13847139685610121,1.8152585707385607,0.20900000000000002,True
3204,0.22,0.13,0.19,0.2,0.26,0.9596595369080809,0.25132847129721525,0.16696900874033202,-0.13745474155024118,1.8284452646935574,0.20900000000000002,True
3205,0.2,0.13,0.19,0.22,0.26,0.9573668629245,0.2508404012725496,0.16610629307030006,-0.1367093061892335,1.8348451050240533,0.20900000000000002,True
3206,0.22,0.14,0.23,0.16,0.25,0.955234887810281,0.250386199072524,0.16532121180018247,-0.14185026543509172,1.765144381679684,0.20900000000000002,True
3207,0.17,0.14,0.2,0.23,0.26,0.9545573559609535,0.250241786569271,0.1657894405488465,-0.13748321675454367,1.8201624349249943,0.20900000000000002,True
3208,0.23,0.14,0.17,0.2,0.26,0.9506369502776371,0.24940551583763315,0.16609459899204684,-0.13328890933933346,1.871164803387237,0.20900000000000002,True
3209,0.2,0.14,0.17,0.23,0.26,0.9472175661016748,0.2486752037160418,0.16476854849666522,-0.13216831852125133,1.8815038770131387,0.20900000000000002,True
3210,0.17,0.15,0.18,0.24,0.26,0.9444386166116749,0.2480810455502147,0.1644189090001195,-0.13294857176972652,1.8659925582344976,0.20900000000000002,True
3211,0.18,0.15,0.17,0.24,0.26,0.9419927985449519,0.24755764452131213,0.16407607710258754,-0.13116733873236486,1.8873421303944513,0.20900000000000002,True
3212,0.21,0.18,0.14,0.2,0.27,0.9415625949394768,0.24746553621456013,0.16847112265604808,-0.1290140240073856,1.9181289640294734,0.20900000000000002,True
3213,0.2,0.18,0.14,0.21,0.27,0.9404204431826519,0.24722093093230257,0.16805063114155339,-0.12863968275960058,1.9218092397997,0.20900000000000002,True
3214,0.2,0.14,0.26,0.17,0.23,0.9317037011154508,0.24535096825052305,0.15725645399807955,-0.13969815272374742,1.756293576305935,0.20900000000000002,True
3215,0.23,0.14,0.16,0.22,0.25,0.9310519360362615,0.2452109222001173,0.1605268585290233,-0.12713166811812304,1.9287949716217219,0.20900000000000002,True
3216,0.23,0.17,0.14,0.2,0.26,0.93100188891199,0.24520016717280524,0.16437800996204052,-0.126007781702962,1.9459128941005825,0.20900000000000002,True
3217,0.22,0.14,0.25,0.16,0.23,0.9303028362661154,0.2450499227199514,0.15732573588188073,-0.13829662955500488,1.7719153641592358,0.20900000000000002,True
3218,0.22,0.14,0.16,0.23,0.25,0.9299300266734636,0.24496978148502802,0.16005490046547566,-0.1267564773237817,1.9326016836148496,0.20900000000000002,True
3219,0.18,0.17,0.15,0.24,0.26,0.9289462157779647,0.24475824642183297,0.16290173370298078,-0.12631287867565066,1.9377141031701863,0.20900000000000002,True
3220,0.17,0.14,0.26,0.2,0.23,0.9283501021654663,0.2446300374695074,0.15599710299366404,-0.1385696368260868,1.765394231180188,0.20900000000000002,True
3221,0.2,0.17,0.14,0.23,0.26,0.9276174622338687,0.24447242895931942,0.16303561764085328,-0.124881628388259,1.9576332573054755,0.20900000000000002,True
3222,0.17,0.18,0.15,0.24,0.26,0.9248873277473411,0.24388475924556863,0.16263444579958025,-0.12567356494486093,1.940620999751003,0.20900000000000002,True
3223,0.16,0.14,0.25,0.22,0.23,0.9236113852735053,0.24360991819898548,0.1547497010896987,-0.1360383939113562,1.7907438568976626,0.20900000000000002,True
3224,0.26,0.15,0.18,0.17,0.24,0.9225848897133826,0.24338872037032444,0.15876377332720204,-0.12833436762040573,1.896520198628575,0.20900000000000002,True
3225,0.22,0.19,0.13,0.2,0.26,0.9204266114858259,0.2429233796047381,0.16348971225222214,-0.12290516259386264,1.9765107866743805,0.20900000000000002,True
3226,0.2,0.13,0.26,0.19,0.22,0.9183477357065963,0.24247482879548654,0.1523016278221774,-0.13599048491498622,1.7830279004230956,0.20900000000000002,True
3227,0.2,0.19,0.13,0.22,0.26,0.9181805461173884,0.24243874088099582,0.1626053752489441,-0.12215230128728427,1.9847251204118987,0.20900000000000002,True
3228,0.23,0.16,0.14,0.22,0.25,0.917952573215022,0.24238952949357295,0.1593784594830125,-0.12221887130949494,1.9832414331479937,0.20900000000000002,True
3229,0.19,0.13,0.26,0.2,0.22,0.9172437595344858,0.24223649645744483,0.1518527832662757,-0.13561325172383587,1.7862302789607727,0.20900000000000002,True
3230,0.22,0.16,0.14,0.23,0.25,0.9168383946005791,0.24214896111939965,0.1589025354097368,-0.12184244054108073,1.9873942120993222,0.20900000000000002,True
3231,0.26,0.14,0.2,0.17,0.23,0.9164978786776576,0.24207541987109926,0.15533114045097707,-0.12893646057216634,1.8774784013526453,0.20900000000000002,True
3232,0.19,0.2,0.13,0.22,0.26,0.9141402436898385,0.2415660021425201,0.16230611305448164,-0.1215035252761194,1.9881398633789111,0.20900000000000002,True
3233,0.16,0.14,0.22,0.25,0.23,0.9127366195617677,0.24126252027320838,0.1522421576996497,-0.12953320993927675,1.8625533975905382,0.20900000000000002,True
3234,0.17,0.15,0.18,0.26,0.24,0.9125879533604297,0.24123036800336828,0.15455750469968382,-0.12494404099401768,1.9307072677032944,0.20900000000000002,True
3235,0.18,0.15,0.17,0.26,0.24,0.9100772736799025,0.24068712754346433,0.1542176121216137,-0.1231278346806517,1.9547743056451712,0.20900000000000002,True
3236,0.17,0.14,0.2,0.26,0.23,0.9065787699434711,0.2399293552490629,0.15102967493736813,-0.12554017169138643,1.911175936885587,0.20900000000000002,True
3237,0.26,0.14,0.17,0.2,0.23,0.9055141430239244,0.2396985741879074,0.15306935506170133,-0.12233568532660966,1.959351219130905,0.20900000000000002,True
3238,0.26,0.13,0.2,0.19,0.22,0.9029348307521985,0.23913909543268708,0.15038643898543017,-0.12514198527520204,1.910942158275593,0.20900000000000002,True
3239,0.25,0.14,0.16,0.22,0.23,0.9007572644585398,0.23866636566572463,0.15179323585384738,-0.1197435291829333,1.9931462459329374,0.20900000000000002,True
3240,0.26,0.13,0.19,0.2,0.22,0.8992551074649715,0.2383400505922595,0.14960776736887488,-0.12293276747533588,1.9387837391692813,0.20900000000000002,True
3241,0.2,0.14,0.17,0.26,0.23,0.89894861280939,0.23827344931493988,0.15002311082084663,-0.12006797057216989,1.9844880210723608,0.20900000000000002,True
3242,0.22,0.14,0.16,0.25,0.23,0.8974823659948501,0.23795473473950834,0.1502400768691692,-0.11860908929597724,2.0062099469098515,0.20900000000000002,True
3243,0.18,0.17,0.15,0.26,0.24,0.8970218942555424,0.2378546092144569,0.15300631040310042,-0.11816666436447032,2.0128740241056824,0.20900000000000002,True
3244,0.19,0.13,0.2,0.26,0.22,0.895316974398289,0.23748374827007668,0.1468211159193138,-0.12249301619611175,1.9387533725993356,0.20900000000000002,True
3245,0.2,0.13,0.19,0.26,0.22,0.892741221986421,0.23692303827118044,0.1464901398233917,-0.12066104698750602,1.9635420393435912,0.20900000000000002,True
3246,0.25,0.16,0.14,0.22,0.23,0.8876367101706526,0.23581034313164517,0.15061962116514693,-0.11472442418787854,2.0554502217023134,0.20900000000000002,True
3247,0.22,0.13,0.26,0.19,0.2,0.8873952815820088,0.235757666221176,0.14360219953011724,-0.12870792408024723,1.831726118697906,0.20900000000000002,True
3248,0.22,0.16,0.14,0.25,0.23,0.8843847770629705,0.23510043152804716,0.14905238043710645,-0.11358623237559395,2.069796898893908,0.20900000000000002,True
3249,0.25,0.14,0.16,0.23,0.22,0.8842349246481138,0.2350676983919231,0.146908265585184,-0.1156004314118727,2.033450009839501,0.20900000000000002,True
3250,0.19,0.13,0.26,0.22,0.2,0.8841734804745629,0.23505427628132325,0.1421151771261939,-0.12756721234843915,1.8425916185993951,0.20900000000000002,True
3251,0.23,0.14,0.16,0.25,0.22,0.8820817313171931,0.23459717206094455,0.14582269567971193,-0.11484115796138716,2.042796992170897,0.20900000000000002,True
3252,0.2,0.17,0.14,0.26,0.23,0.8793319112356563,0.2339957457801063,0.14820860904271477,-0.1125387983252788,2.079245107129827,0.20900000000000002,True
3253,0.17,0.14,0.26,0.23,0.2,0.8791322328414621,0.23395205032130617,0.14132791215900342,-0.1265406849539581,1.8488287020607623,0.20900000000000002,True
3254,0.27,0.14,0.18,0.2,0.21,0.8770692463207181,0.23350042735665943,0.14470326643793635,-0.11666939427075396,2.0013854431675235,0.20900000000000002,True
3255,0.18,0.14,0.2,0.27,0.21,0.8748104032891151,0.23300554833652698,0.14152809716137985,-0.1177181126334993,1.979351716774128,0.20900000000000002,True
3256,0.25,0.16,0.14,0.23,0.22,0.8711132665239016,0.2321947019385684,0.14571668500715199,-0.11052548918046556,2.1008249197562185,0.20900000000000002,True
3257,0.22,0.13,0.26,0.2,0.19,0.8705713167798497,0.23207575318807194,0.1387712821260819,-0.12461644626226343,1.862320425184116,0.20900000000000002,True
3258,0.2,0.14,0.18,0.27,0.21,0.8696013458945842,0.23186280370027568,0.14086829059810793,-0.11400416408303327,2.033809953918892,0.20900000000000002,True
3259,0.19,0.13,0.22,0.26,0.2,0.8694366666325442,0.23182664234776973,0.13858484669119256,-0.1186923508787665,1.953172556035727,0.20900000000000002,True
3260,0.23,0.16,0.14,0.25,0.22,0.8689753078006515,0.23172532283802916,0.14462086466699917,-0.10976370403715385,2.1111288551231158,0.20900000000000002,True
3261,0.2,0.13,0.26,0.22,0.19,0.8684532876144946,0.23161066131210872,0.13772853855211808,-0.123852942080513,1.8700456963028438,0.20900000000000002,True
3262,0.26,0.13,0.19,0.22,0.2,0.8657540774077996,0.23101743986370216,0.1399064158096347,-0.11463398147433423,2.015261416314196,0.20900000000000002,True
3263,0.18,0.14,0.21,0.27,0.2,0.8618135851550568,0.23015038618365669,0.13738190635543573,-0.11579085584788507,1.9876386999505922,0.20900000000000002,True
3264,0.22,0.13,0.19,0.26,0.2,0.8615312320726756,0.23008821112922972,0.1376163043630125,-0.11310749854196556,2.034243654003731,0.20900000000000002,True
3265,0.27,0.14,0.18,0.21,0.2,0.8602233564364432,0.2298001306719668,0.1398572940541767,-0.11246824491393581,2.043244569592217,0.20900000000000002,True
3266,0.26,0.14,0.17,0.23,0.2,0.8554610096719013,0.22875000530224465,0.1384654589462649,-0.10981894425834016,2.082973997310781,0.20900000000000002,True
3267,0.21,0.14,0.18,0.27,0.2,0.8539117899917292,0.22840800593657717,0.13640473049345317,-0.11017471955076563,2.0731435202912656,0.20900000000000002,True
3268,0.2,0.13,0.22,0.26,0.19,0.8536451367966276,0.22834912145448527,0.13413988917204794,-0.11489940309153968,1.98738300905324,0.20900000000000002,True
3269,0.2,0.19,0.13,0.26,0.22,0.8535171219803706,0.2283208501967331,0.14276194671203685,-0.10545248190394352,2.1651538785470232,0.20900000000000002,True
3270,0.26,0.13,0.2,0.22,0.19,0.852490541926719,0.22809408942884124,0.13586342356911563,-0.1126776563047166,2.0243062991299845,0.20900000000000002,True
3271,0.2,0.14,0.27,0.21,0.18,0.852343855149525,0.22806168101739055,0.13392990221818313,-0.1216727652063474,1.8743856164575199,0.20900000000000002,True
3272,0.23,0.14,0.17,0.26,0.2,0.8523130255631661,0.22805486942974107,0.13670537413897277,-0.10867160002007137,2.098569169751986,0.20900000000000002,True
3273,0.19,0.2,0.13,0.26,0.22,0.849597712176748,0.22745464263541648,0.14240938932635613,-0.10476587218570366,2.171075731916208,0.20900000000000002,True
3274,0.22,0.13,0.2,0.26,0.19,0.8483167812177339,0.2271712856908994,0.13350330803284546,-0.1111459025622169,2.0439015785015933,0.20900000000000002,True
3275,0.2,0.18,0.14,0.27,0.21,0.8434515024741771,0.2260938343379979,0.1383385217559086,-0.10375218247970219,2.1791718394187063,0.20900000000000002,True
3276,0.17,0.15,0.26,0.24,0.18,0.8426475346477134,0.2259156073430988,0.131617975924691,-0.11799442511960623,1.9146295014709143,0.20900000000000002,True
3277,0.26,0.17,0.14,0.23,0.2,0.8357756877357181,0.22439010748100996,0.1366082787183773,-0.1020456265849553,2.1989193950825525,0.20900000000000002,True
3278,0.17,0.15,0.24,0.26,0.18,0.835250259041977,0.22427330956391,0.12974422467926006,-0.11347522072533167,1.9764077842753585,0.20900000000000002,True
3279,0.23,0.17,0.14,0.26,0.2,0.832661640124212,0.2236975578960807,0.13482064329438678,-0.10089257744658298,2.217185481404875,0.20900000000000002,True
3280,0.2,0.14,0.26,0.23,0.17,0.8315456733105835,0.22344918114787893,0.12811439419099352,-0.11522509887919463,1.9392405241686934,0.20900000000000002,True
3281,0.2,0.14,0.21,0.27,0.18,0.830068695755843,0.22312030033497288,0.12844121951404566,-0.10809827570748776,2.064050502884365,0.20900000000000002,True
3282,0.21,0.18,0.14,0.27,0.2,0.8277487856382466,0.2226033649801873,0.1338403434647681,-0.09980983155130752,2.230274929035998,0.20900000000000002,True
3283,0.21,0.14,0.2,0.27,0.18,0.8273772845561618,0.22252054440043234,0.12812494897504725,-0.10619545416090315,2.0953867202571406,0.20900000000000002,True
3284,0.26,0.19,0.13,0.22,0.2,0.8263964777431929,0.22230183431356454,0.13615176984752012,-0.09910493819149346,2.2430954336909674,0.20900000000000002,True
3285,0.22,0.19,0.13,0.26,0.2,0.8222641269700657,0.22137950052458089,0.13378862127671212,-0.09756322130697559,2.2690876496177426,0.20900000000000002,True
3286,0.2,0.14,0.23,0.26,0.17,0.8203676195154415,0.2209557363224426,0.12529048741943122,-0.10838714529549653,2.0385787975137606,0.20900000000000002,True
3287,0.18,0.15,0.24,0.26,0.17,0.8192134127439146,0.2206976910376368,0.12528323239005767,-0.10960437713863402,2.013584646883997,0.20900000000000002,True
3288,0.26,0.15,0.17,0.24,0.18,0.8184697295954062,0.22053136843202048,0.1288192387431896,-0.10090257803704417,2.185587055576095,0.20900000000000002,True
3289,0.24,0.15,0.17,0.26,0.18,0.816432607530045,0.2200755395353049,0.1275391439407674,-0.10013071469290413,2.1978824400711163,0.20900000000000002,True
3290,0.18,0.21,0.14,0.27,0.2,0.8161531103557507,0.22001297232349493,0.1326917157645006,-0.09770248239746393,2.2518667583947267,0.20900000000000002,True
3291,0.23,0.14,0.25,0.22,0.16,0.8135995006899037,0.21944103313409147,0.12405984779877922,-0.1098382517015527,1.997856208876542,0.20900000000000002,True
3292,0.22,0.14,0.25,0.23,0.16,0.8125885603445122,0.2192144616035976,0.12344662620016403,-0.10945125572699,2.002850128557645,0.20900000000000002,True
3293,0.19,0.22,0.13,0.26,0.2,0.8106964697027637,0.21879018051761823,0.1325827841460456,-0.09543980546518493,2.2924416018160234,0.20900000000000002,True
3294,0.17,0.23,0.14,0.26,0.2,0.8094776673987831,0.21851672058129523,0.13247336937397722,-0.0966743875258731,2.2603372638157477,0.20900000000000002,True
3295,0.25,0.14,0.23,0.22,0.16,0.808113931291113,0.21821059655001562,0.12347035210683026,-0.10600646797587121,2.058464928759667,0.20900000000000002,True
3296,0.26,0.2,0.13,0.22,0.19,0.8065966465294472,0.21786982378313202,0.13136035315462122,-0.09437625545593187,2.3085237142605677,0.20900000000000002,True
3297,0.26,0.17,0.15,0.24,0.18,0.8053564139068277,0.21759113344636383,0.12752377933928397,-0.09560811249033407,2.2758647543466792,0.20900000000000002,True
3298,0.22,0.14,0.23,0.25,0.16,0.8050965362213238,0.2175327206460933,0.12155185238762263,-0.10484429472342627,2.0748169580417626,0.20900000000000002,True
3299,0.24,0.17,0.15,0.26,0.18,0.80333422300912,0.21713645686443894,0.1262288897582519,-0.09483369034437272,2.289655248846102,0.20900000000000002,True
3300,0.22,0.2,0.13,0.26,0.19,0.8025279301771129,0.2169550723275424,0.12890697392135267,-0.09282663387537426,2.3372071491768036,0.20900000000000002,True
3301,0.2,0.22,0.13,0.26,0.19,0.7948799761728556,0.21523188381942115,0.12804870888421307,-0.09138913363596635,2.3551146099793674,0.20900000000000002,True
3302,0.27,0.2,0.14,0.21,0.18,0.7942052792643393,0.21507963057182677,0.12784733399012788,-0.09266222391546564,2.321114489633237,0.20900000000000002,True
3303,0.21,0.2,0.14,0.27,0.18,0.7881748228864198,0.21371708913375653,0.12404405944270001,-0.09032970298202292,2.3659669198324464,0.20900000000000002,True
3304,0.18,0.17,0.26,0.24,0.15,0.7864908434762357,0.21333605811348866,0.11765694169193247,-0.1049609819935341,2.0325272692916574,0.20900000000000002,True
3305,0.2,0.21,0.14,0.27,0.18,0.784373497890533,0.2128566301056416,0.12360620716900941,-0.08960535577209183,2.375490039312328,0.20900000000000002,True
3306,0.18,0.17,0.24,0.26,0.15,0.7790219175820663,0.21164318496686363,0.11566040685270076,-0.10030076464000082,2.1100854587349627,0.20900000000000002,True
3307,0.17,0.24,0.15,0.26,0.18,0.7766766141986277,0.21111063162963428,0.12318498422438033,-0.0897934448717963,2.3510695232937113,0.20900000000000002,True
3308,0.23,0.16,0.25,0.22,0.14,0.772975442077543,0.21026924377951817,0.11474335170329301,-0.10049935221405748,2.0922447672265343,0.20900000000000002,True
3309,0.22,0.16,0.25,0.23,0.14,0.7719959462097763,0.21004637893936695,0.11407899288134431,-0.10010833028260346,2.098190813356001,0.20900000000000002,True
3310,0.17,0.26,0.15,0.24,0.18,0.7711044134621621,0.2098434569458547,0.12345415351563613,-0.08911682741178084,2.354700711867065,0.20900000000000002,True
3311,0.2,0.17,0.26,0.23,0.14,0.7710003675500265,0.20981977059201662,0.11396422268188225,-0.10135269428330573,2.0701943058910572,0.20900000000000002,True
3312,0.2,0.27,0.14,0.21,0.18,0.7676474856410014,0.20905598008195692,0.12441983922507295,-0.08756590112951512,2.387413106989567,0.20900000000000002,True
3313,0.22,0.16,0.23,0.25,0.14,0.7644682713052218,0.2083308585390209,0.11209913081905125,-0.09539913492926932,2.1837814220588188,0.20900000000000002,True
3314,0.2,0.17,0.23,0.26,0.14,0.7597398434291402,0.20725077625319455,0.11094506589992441,-0.09428684327910353,2.1980879733103422,0.20900000000000002,True
3315,0.2,0.18,0.21,0.27,0.14,0.7494562188108471,0.20489506032250349,0.10914507797695207,-0.08919850884712677,2.2970682242419964,0.20900000000000002,True
3316,0.21,0.18,0.2,0.27,0.14,0.7466650602190144,0.20425408477303386,0.10885069857676657,-0.08720083645183774,2.3423408889643658,0.20900000000000002,True
3317,0.18,0.2,0.21,0.27,0.14,0.7419971535456815,0.2031805956299697,0.10819411138078262,-0.08772931440099885,2.3159943402869723,0.20900000000000002,True
3318,0.27,0.2,0.18,0.21,0.14,0.7393817204789248,0.20257827996219824,0.1116837198792147,-0.08405498358461083,2.4100686398716658,0.20900000000000002,True
3319,0.18,0.21,0.2,0.27,0.14,0.7355009628742153,0.20168345529851117,0.10738243560559997,-0.08498175626924098,2.3732559098865105,0.20900000000000002,True
3320,0.21,0.2,0.18,0.27,0.14,0.7336385474578544,0.2012535459539153,0.10730458322842013,-0.08168960817053661,2.463637058140553,0.20900000000000002,True
3321,0.2,0.19,0.22,0.26,0.13,0.7328022733042738,0.20106040502072564,0.10535257839525067,-0.08669467107564333,2.319178359247655,0.20900000000000002,True
3322,0.2,0.21,0.18,0.27,0.14,0.7299335173373731,0.20039738145298047,0.1067870777994143,-0.08093960175522441,2.475887910333651,0.20900000000000002,True
3323,0.19,0.2,0.22,0.26,0.13,0.7290981989079512,0.2002041858302146,0.10484661178428016,-0.08595298818629749,2.3292289198402867,0.20900000000000002,True
3324,0.22,0.19,0.2,0.26,0.13,0.7271744111385521,0.19975900806873148,0.10478387090438765,-0.08265731595102677,2.416712976587405,0.20900000000000002,True
3325,0.22,0.2,0.19,0.26,0.13,0.7206639916862474,0.19824999498229467,0.10399047947657437,-0.07987325127281464,2.4820574074936936,0.20900000000000002,True
3326,0.19,0.22,0.2,0.26,0.13,0.7161112436568693,0.19719247611015245,0.1031780642033111,-0.08040112672018385,2.4526083670000283,0.20900000000000002,True
3327,0.2,0.22,0.19,0.26,0.13,0.7133049005600292,0.19653968250892295,0.10289041616684985,-0.07835862143813765,2.5082075067398493,0.20900000000000002,True
3328,0.16,0.15,0.19,0.25,0.25,0.9310724391694358,0.24521532822892977,0.15987311878052107,-0.13076237244464517,1.8752743900599942,0.2092,True
3329,0.24,0.15,0.15,0.21,0.25,0.9256159470111232,0.24404165108600684,0.16043538003866573,-0.12505860267622693,1.9514183419898234,0.2092,True
3330,0.19,0.15,0.16,0.25,0.25,0.9236369706701968,0.24361543054838997,0.15884902897796832,-0.1253666133841792,1.9432241485366097,0.2092,True
3331,0.21,0.15,0.15,0.24,0.25,0.9222618228561528,0.24331908693742355,0.159013727926089,-0.12393117125215514,1.9633404935902459,0.2092,True
3332,0.19,0.16,0.15,0.25,0.25,0.9171050348249603,0.242206541347193,0.15826088563952545,-0.12291066397693495,1.970590130345767,0.2092,True
3333,0.25,0.15,0.15,0.21,0.24,0.9105485372449427,0.24078913200227747,0.15607804368953854,-0.12136263819238258,1.9840466191957815,0.2092,True
3334,0.21,0.15,0.15,0.25,0.24,0.90613698531178,0.23983359924490744,0.15409304967590615,-0.11985349009122037,2.0010564486888978,0.2092,True
3335,0.25,0.15,0.15,0.24,0.21,0.8609833274536451,0.22996754283325904,0.14139705159573945,-0.10884907335148575,2.112719343881489,0.2092,True
3336,0.24,0.15,0.15,0.25,0.21,0.8599254912154133,0.22973450222997527,0.14082482541701102,-0.10846730821671113,2.1180068539267114,0.2092,True
3337,0.16,0.15,0.25,0.25,0.19,0.8547864444761204,0.2286011144745388,0.13516777969131608,-0.11954054421383875,1.9123312176461926,0.2092,True
3338,0.25,0.15,0.16,0.25,0.19,0.8308570558130373,0.2232958676656278,0.1323062044979967,-0.10255545856873083,2.177318211843194,0.2092,True
3339,0.25,0.16,0.15,0.25,0.19,0.8243002362423306,0.22183413079793746,0.1316733257389754,-0.0999343645254066,2.2197982831175147,0.2092,True
3340,0.19,0.15,0.25,0.25,0.16,0.8067306214475285,0.21789992139962755,0.12184676264668251,-0.10798827900692354,2.0178108532098853,0.2092,True
3341,0.24,0.15,0.25,0.21,0.15,0.7943362259777569,0.2151091832141223,0.12004486653828465,-0.10559424412175689,2.0371298170957854,0.2092,True
3342,0.21,0.15,0.25,0.24,0.15,0.7913507084760636,0.2144350405373927,0.11813167016352724,-0.10442724055847097,2.05343969055015,0.2092,True
3343,0.21,0.15,0.24,0.25,0.15,0.7875989631706892,0.21358681731067364,0.11715199011856475,-0.10210203451057454,2.0918958014353066,0.2092,True
3344,0.19,0.16,0.25,0.25,0.15,0.7865540397007549,0.21335036173441435,0.11708231022214374,-0.10333751263236945,2.06459741772016,0.2092,True
3345,0.19,0.14,0.22,0.18,0.27,0.979656922211247,0.2555695076080706,0.172924140931163,-0.1463352274682712,1.7464660562576013,0.2094,True
3346,0.18,0.14,0.22,0.19,0.27,0.978488544844724,0.2553225063863571,0.17254467188434172,-0.14596413934733032,1.7492139338334471,0.2094,True
3347,0.22,0.14,0.19,0.18,0.27,0.97242990270286,0.2540401148777731,0.17191673847733988,-0.14110965033387757,1.800302915333518,0.2094,True
3348,0.21,0.13,0.22,0.18,0.26,0.9693039133488701,0.2533774306819412,0.16879936954747843,-0.1434659807430776,1.766115070413074,0.2094,True
3349,0.22,0.14,0.18,0.19,0.27,0.9688481598954901,0.2532807561062953,0.17119574566640572,-0.13898384927437413,1.8223754589375534,0.2094,True
3350,0.18,0.14,0.19,0.22,0.27,0.9677882361133283,0.253055867002717,0.170296194050136,-0.1396229272224877,1.8124234467558116,0.2094,True
3351,0.22,0.13,0.21,0.18,0.26,0.9668608291522713,0.25285902836837404,0.16846749332610478,-0.1417168395213143,1.7842553448303782,0.2094,True
3352,0.18,0.13,0.22,0.21,0.26,0.9658410684723056,0.2526425165593871,0.16758505862771728,-0.142349602843997,1.7748031010403427,0.2094,True
3353,0.19,0.14,0.18,0.22,0.27,0.9653748691591133,0.25254350990562324,0.16995443788842948,-0.13786821809813232,1.831774671417505,0.2094,True
3354,0.18,0.13,0.21,0.22,0.26,0.9622542965210803,0.25188039099779513,0.16681321604437677,-0.1402275440810007,1.7962262168144338,0.2094,True
3355,0.21,0.14,0.24,0.16,0.25,0.9576985730965064,0.2509110401183281,0.16567909282947163,-0.14360675976298787,1.747209118376028,0.2094,True
3356,0.23,0.16,0.16,0.18,0.27,0.9569091669969956,0.2507429202121496,0.17047191825664837,-0.13458803069468905,1.8630402638177848,0.2094,True
3357,0.22,0.13,0.18,0.21,0.26,0.9560558757339814,0.2505611438130162,0.16623995340333267,-0.13531415550746428,1.8516994240058986,0.2094,True
3358,0.21,0.13,0.18,0.22,0.26,0.9549121864660048,0.2503174210673187,0.16579973902157527,-0.13494124185709533,1.8550105039970535,0.2094,True
3359,0.18,0.16,0.16,0.23,0.27,0.9511594306348357,0.24951703200489184,0.16838680750088675,-0.13272249205150388,1.879990558857688,0.2094,True
3360,0.22,0.13,0.24,0.17,0.24,0.9457924532613651,0.24837057564260467,0.161196024653663,-0.14032296332316085,1.7699923787285794,0.2094,True
3361,0.24,0.15,0.16,0.19,0.26,0.9452192245042896,0.24824800193966112,0.16598372748564985,-0.13125077204227364,1.8914022224547726,0.2094,True
3362,0.22,0.18,0.14,0.19,0.27,0.9427048741005708,0.24771007284541047,0.1689077648854157,-0.12938851885528058,1.914467180217675,0.2094,True
3363,0.16,0.14,0.21,0.24,0.25,0.9412049459470315,0.24738895178045417,0.16129321662027274,-0.13532566671982005,1.8281007422830684,0.2094,True
3364,0.24,0.13,0.22,0.17,0.24,0.9407818341507688,0.24729833745378071,0.16054851343565324,-0.13677654016810137,1.8080464467798765,0.2094,True
3365,0.17,0.13,0.24,0.22,0.24,0.9401473403400906,0.2471624285140659,0.15906755133646436,-0.13844964504192236,1.7852153282099454,0.2094,True
3366,0.19,0.15,0.16,0.24,0.26,0.9395396977461221,0.24703224333765572,0.16376509914954743,-0.12938003368261486,1.9093536792829735,0.2094,True
3367,0.19,0.18,0.14,0.22,0.27,0.9392784188683665,0.24697625694483105,0.16764648108682254,-0.12826549501745,1.9255081572111887,0.2094,True
3368,0.24,0.16,0.15,0.19,0.26,0.9386703177354352,0.24684593459333826,0.1654133722549571,-0.12882439213274088,1.9161428244038425,0.2094,True
3369,0.25,0.14,0.21,0.16,0.24,0.9353222608426246,0.2461279228691935,0.1603901664797829,-0.1347433800087816,1.8266420424747594,0.2094,True
3370,0.18,0.19,0.14,0.22,0.27,0.9351988661936648,0.24610144429691738,0.16737420721293178,-0.12763040535981596,1.928235232060163,0.2094,True
3371,0.19,0.16,0.15,0.24,0.26,0.9330102118094095,0.24563160593786693,0.1631856678591345,-0.12695056346119804,1.9348603049953639,0.2094,True
3372,0.17,0.13,0.22,0.24,0.24,0.9329155474585922,0.24561127634446267,0.15743772110447746,-0.1341511118687897,1.8308553162398664,0.2094,True
3373,0.24,0.14,0.16,0.21,0.25,0.9321739694843907,0.2454519961785835,0.16101525467489397,-0.12750701337003034,1.925007806953114,0.2094,True
3374,0.21,0.14,0.16,0.24,0.25,0.9288082414342926,0.2447285739820484,0.15959959620896927,-0.1263814408916858,1.9364281041216413,0.2094,True
3375,0.16,0.14,0.21,0.25,0.24,0.9252432636872712,0.24396140702475066,0.15637355769215064,-0.13136221311412155,1.8571657803359938,0.2094,True
3376,0.22,0.18,0.13,0.21,0.26,0.9233502086220846,0.24355364514094058,0.16337034665382952,-0.12317541749128114,1.9772910057981359,0.2094,True
3377,0.24,0.13,0.17,0.22,0.24,0.9225741011330599,0.24338639513891547,0.1567490376602662,-0.12592076490351367,1.9328535315474729,0.2094,True
3378,0.21,0.18,0.13,0.22,0.26,0.9222259401862463,0.24331135234945633,0.16292105526681291,-0.12279941363339464,1.981372265146461,0.2094,True
3379,0.22,0.13,0.17,0.24,0.24,0.9203529185342225,0.2429074847040169,0.15576505944031194,-0.1251686790206591,1.9406411140915294,0.2094,True
3380,0.21,0.13,0.26,0.18,0.22,0.9194518347611134,0.242713096216445,0.15276810896517906,-0.13636787349502788,1.7798407351808898,0.2094,True
3381,0.24,0.16,0.14,0.21,0.25,0.9190668749628057,0.24263003127865157,0.15987091878069012,-0.12259545797850768,1.9791110966051226,0.2094,True
3382,0.25,0.14,0.16,0.21,0.24,0.9171121921855125,0.24220808688605389,0.15666420764061967,-0.12383726411251561,1.9558578641239146,0.2094,True
3383,0.18,0.13,0.26,0.21,0.22,0.9161399062830633,0.241998099153369,0.15142180630301422,-0.13523617382562936,1.7894479879724798,0.2094,True
3384,0.21,0.16,0.14,0.24,0.25,0.9157243391577503,0.24190832610503055,0.1584433655933882,-0.12146616557647572,1.9915696272862407,0.2094,True
3385,0.24,0.13,0.24,0.17,0.22,0.9154366033483374,0.24184616025828443,0.15255200174687308,-0.13315524841662008,1.8162720819053937,0.2094,True
3386,0.16,0.15,0.19,0.26,0.24,0.9150914565103527,0.24177158243966468,0.15493114896039287,-0.12675401454149615,1.9074076928783554,0.2094,True
3387,0.21,0.14,0.16,0.25,0.24,0.9126852440218576,0.24125140939395906,0.1546878972886865,-0.1223306054184996,1.9721263421253001,0.2094,True
3388,0.17,0.13,0.24,0.24,0.22,0.9077454362455224,0.2401821569202771,0.1492711222917901,-0.1305118168834256,1.840309656671243,0.2094,True
3389,0.19,0.15,0.16,0.26,0.24,0.907559421599301,0.24014185683326494,0.1539116053106815,-0.12130536335144515,1.9796474797039882,0.2094,True
3390,0.26,0.13,0.21,0.18,0.22,0.9066127026526682,0.23993670948939383,0.15117967829619178,-0.12734447889166456,1.8841547869029687,0.2094,True
3391,0.22,0.13,0.26,0.18,0.21,0.904058055158454,0.23938279620591918,0.1484300345650111,-0.13275062549251215,1.803251738496868,0.2094,True
3392,0.25,0.16,0.14,0.21,0.24,0.9039939148810456,0.23936888256922728,0.15550771372854486,-0.1188730281569792,2.0136517617194527,0.2094,True
3393,0.19,0.16,0.15,0.26,0.24,0.9010256224190971,0.23872464323099485,0.15331426695282674,-0.11882247383523326,2.0090866275181707,0.2094,True
3394,0.18,0.13,0.26,0.22,0.21,0.8997023716136578,0.23843722821762436,0.1465441924938267,-0.13123570161635878,1.816862525066904,0.2094,True
3395,0.21,0.16,0.14,0.25,0.24,0.8995977384514342,0.2384144958102825,0.15351417064418735,-0.11736138806566232,2.031455998772717,0.2094,True
3396,0.18,0.13,0.21,0.26,0.22,0.8978856382803844,0.23804240944099142,0.1471874569292666,-0.12431865881914417,1.9147762025593429,0.2094,True
3397,0.24,0.17,0.13,0.22,0.24,0.896352942418382,0.23770912265361055,0.15442759750679164,-0.11598952656938899,2.049401611372253,0.2094,True
3398,0.26,0.13,0.18,0.21,0.22,0.8955735362031119,0.23753957082722454,0.1488438816121504,-0.12071679465173024,1.967742529219151,0.2094,True
3399,0.22,0.17,0.13,0.24,0.24,0.8941625315535908,0.23723250295845433,0.15342638584109503,-0.1152324593815256,2.0587298425437246,0.2094,True
3400,0.16,0.16,0.18,0.27,0.23,0.8924073419607341,0.23685031940685808,0.14931123336088675,-0.1202172125193317,1.9701864187607163,0.2094,True
3401,0.16,0.14,0.25,0.24,0.21,0.8909633250054203,0.23653571486092972,0.14492791612383374,-0.12802621773078937,1.8475568446324928,0.2094,True
3402,0.21,0.13,0.18,0.26,0.22,0.890158385175283,0.23636027499480283,0.1461946814265775,-0.11882271825000179,1.9891842105270072,0.2094,True
3403,0.24,0.13,0.17,0.24,0.22,0.8897290576671568,0.23626668097082448,0.14698018850909292,-0.11773569955503416,2.0067548064330687,0.2094,True
3404,0.18,0.14,0.19,0.27,0.22,0.8876742712663512,0.23581853812212028,0.14570133807069158,-0.11962815349193623,1.9712628778309789,0.2094,True
3405,0.18,0.16,0.16,0.27,0.23,0.8873265920062945,0.23574267813360605,0.14863272561766025,-0.11653555956416506,2.022924839553415,0.2094,True
3406,0.16,0.14,0.24,0.25,0.21,0.8873078307714874,0.23573858436288608,0.14404918190344665,-0.12582628939595553,1.8735240901927408,0.2094,True
3407,0.19,0.14,0.18,0.27,0.22,0.8850995891594675,0.23525654821907338,0.14536760338015253,-0.11778603322189607,1.9973212594389322,0.2094,True
3408,0.18,0.13,0.22,0.26,0.21,0.8850386192147954,0.23524323377554057,0.1430701280086024,-0.1224382625233722,1.9213212351052031,0.2094,True
3409,0.26,0.13,0.18,0.22,0.21,0.87888808833899,0.23389862017377738,0.14398561212958716,-0.11657269571917284,2.0064614507778584,0.2094,True
3410,0.22,0.13,0.18,0.26,0.21,0.8746159458124116,0.23296292700531906,0.14176211279687675,-0.11505145096613312,2.0248586614861095,0.2094,True
3411,0.17,0.22,0.13,0.24,0.24,0.8742622127792032,0.232885387982825,0.15180588687671953,-0.11189575643973348,2.081270956046094,0.2094,True
3412,0.25,0.14,0.16,0.24,0.21,0.8675487536036965,0.23141193019691886,0.1420109624717763,-0.11140707254740023,2.0771744998367163,0.2094,True
3413,0.24,0.14,0.16,0.25,0.21,0.8664871250301012,0.23117860265875678,0.14144156255505494,-0.1110259376212488,2.082203560823723,0.2094,True
3414,0.24,0.17,0.13,0.24,0.22,0.8635009841496328,0.23052182586393588,0.1445872091071284,-0.10758301776075041,2.1427343335598206,0.2094,True
3415,0.19,0.18,0.14,0.27,0.22,0.8589654042256876,0.22952291920738643,0.1428719505985947,-0.10764495391627404,2.132221816787703,0.2094,True
3416,0.16,0.15,0.26,0.24,0.19,0.8584667779006661,0.22941300368368456,0.1360951185906743,-0.12177668083760795,1.883882875651802,0.2094,True
3417,0.21,0.18,0.13,0.26,0.22,0.8574415037484886,0.22918693387371447,0.1431328506362844,-0.10613728805791234,2.159344167043931,0.2094,True
3418,0.18,0.19,0.14,0.27,0.22,0.8550366694777918,0.22865634864448836,0.14253740485038166,-0.10696347757049973,2.137704886172766,0.2094,True
3419,0.25,0.16,0.14,0.24,0.21,0.8544271647902633,0.22852179910147008,0.1408005311416376,-0.10627530161737875,2.1502813506398075,0.2094,True
3420,0.22,0.13,0.26,0.21,0.18,0.853589741601448,0.22833688793783047,0.13394069154923816,-0.1204753039279417,1.8953003685668441,0.2094,True
3421,0.24,0.16,0.14,0.25,0.21,0.8533731157056608,0.22828904577110665,0.14022552305710806,-0.10589290573481347,2.155848346845903,0.2094,True
3422,0.21,0.13,0.26,0.22,0.18,0.852545578074668,0.22810624846193495,0.13339201304555967,-0.12009202844396949,1.8994287249329036,0.2094,True
3423,0.18,0.14,0.22,0.27,0.19,0.8486862712057439,0.22725303464088342,0.1332686332932652,-0.11384614932078341,1.9961415998406262,0.2094,True
3424,0.26,0.18,0.13,0.22,0.21,0.8460761455115176,0.2266753158184447,0.14094050145302028,-0.10376109552878698,2.1845886906191825,0.2094,True
3425,0.27,0.14,0.18,0.22,0.19,0.8432201096294083,0.22604254350389397,0.13500803619157525,-0.10821564331091282,2.0888157810461316,0.2094,True
3426,0.22,0.18,0.13,0.26,0.21,0.8418797955716144,0.22574536328898454,0.13866124815366201,-0.10222722400503437,2.2082705021694347,0.2094,True
3427,0.26,0.13,0.21,0.22,0.18,0.8390999362373428,0.22512854093301615,0.13186352435256582,-0.11070347915384393,2.0336175760127326,0.2094,True
3428,0.22,0.14,0.18,0.27,0.19,0.8380347064921021,0.22489201260507863,0.13198409402337372,-0.10629679620479004,2.115698879313395,0.2094,True
3429,0.21,0.13,0.22,0.26,0.18,0.8376678147482393,0.22481052517777256,0.12974313841549828,-0.11105852763907553,2.0242527067203238,0.2094,True
3430,0.22,0.13,0.21,0.26,0.18,0.8349750475891806,0.22421212371734378,0.1294298789673207,-0.10916642172918589,2.05385612320936,0.2094,True
3431,0.19,0.14,0.22,0.27,0.18,0.8327532408748819,0.22371794066920714,0.12879799948304604,-0.10999436409039942,2.033903668785643,0.2094,True
3432,0.26,0.15,0.16,0.24,0.19,0.8318878430895587,0.22352534737704,0.13293531292696928,-0.10294013949800418,2.1714109624008597,0.2094,True
3433,0.24,0.13,0.24,0.22,0.17,0.8310330892699873,0.22333506333078224,0.12843385789107664,-0.11251082739544072,1.9850095186468468,0.2094,True
3434,0.24,0.15,0.16,0.26,0.19,0.8298263800868919,0.22306632664356374,0.13169556337727076,-0.10217094208977962,2.183265829608882,0.2094,True
3435,0.27,0.14,0.19,0.22,0.18,0.829803443334004,0.22306121743600582,0.13096963911152296,-0.1062113580546431,2.1001634996630623,0.2094,True
3436,0.22,0.13,0.24,0.24,0.17,0.8289846524048796,0.22287880214299993,0.1272282885913622,-0.11174041819611535,1.994612206944007,0.2094,True
3437,0.26,0.16,0.15,0.24,0.19,0.8253272714663502,0.2220633227993083,0.13230583317906683,-0.10031968220253651,2.2135568806027734,0.2094,True
3438,0.22,0.14,0.19,0.27,0.18,0.8246790114063436,0.22191866783952063,0.12784940298999992,-0.10428586352184199,2.1279841806463176,0.2094,True
3439,0.24,0.16,0.15,0.26,0.19,0.8232733120926745,0.22160487755222968,0.13105934795770288,-0.09954921208400092,2.22608369180498,0.2094,True
3440,0.27,0.18,0.14,0.22,0.19,0.8169714079097774,0.22019613529939353,0.13247574594761394,-0.09774854012607781,2.25267952867,0.2094,True
3441,0.24,0.14,0.25,0.21,0.16,0.8146105508506176,0.21966754507136077,0.12469286611394291,-0.11022541358265037,1.9928938157863874,0.2094,True
3442,0.27,0.16,0.16,0.23,0.18,0.8129233163709646,0.21928949631359607,0.12883381308910277,-0.09865045552108731,2.2228939051043834,0.2094,True
3443,0.25,0.14,0.24,0.21,0.16,0.8118686342153887,0.219053060689282,0.12439995673765862,-0.10831322777251562,2.022403589978384,0.2094,True
3444,0.22,0.18,0.14,0.27,0.19,0.8118610387590928,0.21905135762888928,0.129384817628907,-0.09581694787192141,2.286144179020348,0.2094,True
3445,0.21,0.14,0.25,0.24,0.16,0.8115777298527476,0.21898783043763914,0.12285357970112075,-0.10906442555234008,2.007875889215102,0.2094,True
3446,0.19,0.15,0.26,0.24,0.16,0.81046200638845,0.2187375840460728,0.1228269444773653,-0.11028528855392716,1.983379532430699,0.2094,True
3447,0.23,0.16,0.16,0.27,0.18,0.8088640138479459,0.2183789900273514,0.12625944723882523,-0.09710417068234889,2.2489146294418356,0.2094,True
3448,0.21,0.14,0.24,0.25,0.16,0.8078351573669367,0.2181479999531306,0.1218952075936468,-0.10676445174372551,2.0432643674016813,0.2094,True
3449,0.19,0.15,0.24,0.26,0.16,0.8029976047891896,0.21706073742966758,0.1208820978779598,-0.10568404077531701,2.0538648582820187,0.2094,True
3450,0.27,0.19,0.14,0.22,0.18,0.7970121200565106,0.21571277633224106,0.12771447229137137,-0.09299360949947111,2.3196516136247824,0.2094,True
3451,0.18,0.22,0.14,0.27,0.19,0.7965277396006376,0.21560356057877805,0.1277474775117631,-0.09296381770608542,2.3192201643485713,0.2094,True
3452,0.18,0.16,0.23,0.27,0.16,0.795445301496287,0.21535942671067532,0.11951366258378945,-0.10267286921234486,2.097530032644511,0.2094,True
3453,0.22,0.19,0.14,0.27,0.18,0.7919810050475287,0.21457742655710943,0.12450231309934447,-0.09105209963094996,2.356644464288349,0.2094,True
3454,0.19,0.16,0.26,0.24,0.15,0.7902946408660791,0.21419639658309997,0.11808493391660684,-0.10565970144635883,2.0272288644677166,0.2094,True
3455,0.26,0.21,0.13,0.22,0.18,0.7866807278668555,0.21337903489190624,0.12657065988206304,-0.08957333951257229,2.3821712582453944,0.2094,True
3456,0.26,0.22,0.13,0.21,0.18,0.7838843994898654,0.2127458302219829,0.1267069704083548,-0.08923506622896693,2.3841057020801837,0.2094,True
3457,0.19,0.16,0.24,0.26,0.15,0.782811848824853,0.21250278469156303,0.11609552994043906,-0.10100795899627835,2.1038221819667964,0.2094,True
3458,0.22,0.21,0.13,0.26,0.18,0.7826752811893154,0.21247183076238563,0.12402004512550521,-0.08801575399415784,2.4140204579340274,0.2094,True
3459,0.16,0.23,0.16,0.27,0.18,0.7821409160402433,0.21235069828057096,0.1233587340384662,-0.09210237911710328,2.30559406082853,0.2094,True
3460,0.19,0.22,0.14,0.27,0.18,0.7805770275558148,0.2119960492543027,0.1231890916004931,-0.08887905009033603,2.3852195656775295,0.2094,True
3461,0.21,0.22,0.13,0.26,0.18,0.7788833099259487,0.21161172403255502,0.12356194468553326,-0.08728581614824049,2.4243540745860424,0.2094,True
3462,0.25,0.16,0.24,0.21,0.14,0.7711638719691718,0.2098569924309437,0.11514874394573786,-0.09893140586604687,2.1212373421144957,0.2094,True
3463,0.21,0.16,0.25,0.24,0.14,0.7710165560725049,0.20982345601708596,0.1134358988567687,-0.09971747849784496,2.1041793191914753,0.2094,True
3464,0.22,0.26,0.13,0.21,0.18,0.7687410194370887,0.20930519445388485,0.12470261494509369,-0.08630283229529223,2.425241314650369,0.2094,True
3465,0.21,0.26,0.13,0.22,0.18,0.7677453717251481,0.20907829233147623,0.12410809793981317,-0.08591115810745442,2.4336570119328274,0.2094,True
3466,0.21,0.16,0.24,0.25,0.14,0.7672560944930942,0.2089667577686487,0.11243365683023883,-0.097366528807185,2.1461867885057884,0.2094,True
3467,0.19,0.27,0.14,0.22,0.18,0.7666505336159237,0.20882868692830314,0.123867075310357,-0.08717413201503166,2.3955350297298548,0.2094,True
3468,0.19,0.18,0.22,0.27,0.14,0.7522407578874695,0.20553383667868963,0.10948761374020803,-0.09118888951078752,2.2539350767548854,0.2094,True
3469,0.18,0.19,0.22,0.27,0.14,0.7485030582222632,0.20467624849619792,0.10902613312019566,-0.09045934601986483,2.262632414468828,0.2094,True
3470,0.22,0.17,0.24,0.24,0.13,0.7477718413335197,0.20450833314872163,0.10842601508592294,-0.09294919842245986,2.200216210786656,0.2094,True
3471,0.22,0.18,0.19,0.27,0.14,0.7438672862424527,0.20361090430925244,0.10860478388095625,-0.0851958321816545,2.3899162564092737,0.2094,True
3472,0.27,0.19,0.18,0.22,0.14,0.7421398715897307,0.2032134452289711,0.11154136943374976,-0.08440638699593728,2.407560049202821,0.2094,True
3473,0.22,0.19,0.18,0.27,0.14,0.7373483411812831,0.20210958978471893,0.10784490928032908,-0.08243755663193675,2.451668851456723,0.2094,True
3474,0.21,0.18,0.22,0.26,0.13,0.7365111091499796,0.20191650304600395,0.10588198698642551,-0.08743432277717889,2.30935056889016,0.2094,True
3475,0.22,0.18,0.21,0.26,0.13,0.733694651421384,0.20126650116985845,0.1055986945304041,-0.08542349211555023,2.35610247468706,0.2094,True
3476,0.18,0.22,0.19,0.27,0.14,0.7290144897934625,0.2001848218376947,0.10659167319836048,-0.08221650230355271,2.4348496497526675,0.2094,True
3477,0.19,0.22,0.18,0.27,0.14,0.7262332483157992,0.19954109605774817,0.10629286160322457,-0.08018752888071978,2.4884305432902005,0.2094,True
3478,0.18,0.21,0.22,0.26,0.13,0.7253988834569709,0.19934784524832594,0.10436456625958285,-0.08520926573074572,2.3395090139404413,0.2094,True
3479,0.18,0.22,0.21,0.26,0.13,0.7189110529961218,0.19784304098548344,0.10351703617409458,-0.08243607069893566,2.3999571948064453,0.2094,True
3480,0.26,0.21,0.18,0.22,0.13,0.7179303005778686,0.19761523339335296,0.10627391148736888,-0.07865623460679672,2.5123912221482945,0.2094,True
3481,0.26,0.22,0.18,0.21,0.13,0.7151951662167935,0.19697946232857477,0.10642389375974244,-0.07829224241042632,2.515951213863082,0.2094,True
3482,0.22,0.21,0.18,0.26,0.13,0.714163396650086,0.19673945602291898,0.10321912413281824,-0.07707112399385974,2.5526999715041554,0.2094,True
3483,0.21,0.22,0.18,0.26,0.13,0.7104920278361377,0.19588465422560697,0.10265444065381159,-0.0763085126307046,2.5670092034632055,0.2094,True
3484,0.22,0.26,0.18,0.21,0.13,0.7005340147267989,0.19355996236809414,0.10397542182679026,-0.07522814627518881,2.5729726432450013,0.2094,True
3485,0.21,0.26,0.18,0.22,0.13,0.6995977754483547,0.1933409315759167,0.10326062118810823,-0.07482951710405217,2.5837522285099297,0.2094,True
3486,0.23,0.15,0.17,0.18,0.27,0.9634532852365896,0.25213525815223936,0.1710494859551081,-0.13697907456807712,1.8406844910237063,0.2096,True
3487,0.17,0.15,0.18,0.23,0.27,0.9600966823776076,0.2514214886678876,0.1693169555631899,-0.1368807858550044,1.8367916804204667,0.2096,True
3488,0.19,0.14,0.25,0.17,0.25,0.9590091446578874,0.25119005290938645,0.1656534128625819,-0.14498367765397935,1.7325402208990803,0.2096,True
3489,0.22,0.13,0.23,0.17,0.25,0.9581979800586371,0.25101737553427195,0.16520621789766743,-0.14208834680330928,1.7666288698660944,0.2096,True
3490,0.18,0.15,0.17,0.23,0.27,0.9576840211266757,0.25090794139263206,0.16897275822730273,-0.13511661437226363,1.8569732712614337,0.2096,True
3491,0.17,0.14,0.25,0.19,0.25,0.9567178348023138,0.25070216536530987,0.16487412556644548,-0.1442368493814442,1.738128407826705,0.2096,True
3492,0.23,0.13,0.22,0.17,0.25,0.9557240981886845,0.2504904510603083,0.16487903310444757,-0.14032887685439466,1.785024270665384,0.2096,True
3493,0.17,0.13,0.23,0.22,0.25,0.9524898524513226,0.24980090217405682,0.16313148685846843,-0.140221392437459,1.7814749791867315,0.2096,True
3494,0.23,0.17,0.15,0.18,0.27,0.9503738309321412,0.2493493491318004,0.1699088134070777,-0.1321827706921479,1.8863982637535421,0.2096,True
3495,0.17,0.13,0.22,0.23,0.25,0.9488901918552068,0.249032549889165,0.1623350352480765,-0.13808734061346328,1.803442290819849,0.2096,True
3496,0.18,0.17,0.15,0.23,0.27,0.94464359640904,0.24812489094834822,0.16781544207363877,-0.13031414984487155,1.9040517951712905,0.2096,True
3497,0.25,0.14,0.19,0.17,0.25,0.9441771843620281,0.24802512044013025,0.16368582052303007,-0.13438903466834684,1.845575578783055,0.2096,True
3498,0.17,0.18,0.15,0.23,0.27,0.9405547582151053,0.24724970106198652,0.16755877664863975,-0.12968367981480133,1.9065598802800696,0.2096,True
3499,0.23,0.15,0.15,0.21,0.26,0.9404789182687376,0.24723345639351613,0.1648195588924566,-0.1287094214822675,1.9208652602605154,0.2096,True
3500,0.21,0.15,0.15,0.23,0.26,0.9382123925675379,0.24674777851068153,0.16391412001505506,-0.12796073730836077,1.9283085085393563,0.2096,True
3501,0.23,0.13,0.17,0.22,0.25,0.937615031726053,0.2466197112014592,0.16112400468759064,-0.1295660962818478,1.9034278123575035,0.2096,True
3502,0.22,0.13,0.17,0.23,0.25,0.9364892492164918,0.24637828477774915,0.1606540744547923,-0.12919152443745185,1.9070777734884097,0.2096,True
3503,0.17,0.14,0.19,0.25,0.25,0.9351386062154252,0.2460885130338213,0.1601333922374207,-0.13139219691089432,1.8729309564761298,0.2096,True
3504,0.22,0.13,0.25,0.17,0.23,0.9332443273478712,0.24568188044784223,0.15720983783786038,-0.13854205546905207,1.7733379197822234,0.2096,True
3505,0.19,0.14,0.17,0.25,0.25,0.9301778246746466,0.2450230506792881,0.15945253361284362,-0.1278079090065094,1.9171196257252654,0.2096,True
3506,0.17,0.13,0.25,0.22,0.23,0.9276619634059993,0.24448200337338744,0.15502528469147048,-0.13666233327052946,1.7889494312190903,0.2096,True
3507,0.25,0.13,0.22,0.17,0.23,0.9256354463255698,0.24404584928281614,0.1562495333240509,-0.13318061001181591,1.8324427952474776,0.2096,True
3508,0.23,0.13,0.25,0.17,0.22,0.9179998858546305,0.24239974296071698,0.15288515726659668,-0.13495341704713404,1.7961734372094933,0.2096,True
3509,0.17,0.13,0.22,0.25,0.23,0.9167666930577616,0.2421334764560621,0.15252207384484454,-0.13016827839694423,1.8601573243343004,0.2096,True
3510,0.25,0.13,0.23,0.17,0.22,0.9128662132713847,0.24129054634644942,0.15225266543812568,-0.1313508797672901,1.8369922361687696,0.2096,True
3511,0.23,0.17,0.13,0.22,0.25,0.9114163132548201,0.2409769172481755,0.15882764832333782,-0.11974023749736484,2.0124974050889013,0.2096,True
3512,0.17,0.13,0.25,0.23,0.22,0.9113917436989067,0.24097160122025096,0.15013317847541238,-0.1326888159544206,1.8160656532124464,0.2096,True
3513,0.19,0.17,0.14,0.25,0.25,0.9105820207245467,0.2407963788247458,0.15768833034759933,-0.12043992844942097,1.9993068903712343,0.2096,True
3514,0.22,0.17,0.13,0.23,0.25,0.910305992241943,0.24073663550964985,0.15834978902637808,-0.11936318574736349,2.0168415747479935,0.2096,True
3515,0.25,0.13,0.17,0.22,0.23,0.9073312023368856,0.24009240953346533,0.15240426948815802,-0.1222303584813067,1.964261681930548,0.2096,True
3516,0.17,0.13,0.23,0.25,0.22,0.9040972570425723,0.2393912999250538,0.14842298285682565,-0.12832822409026656,1.8654610209260363,0.2096,True
3517,0.22,0.13,0.17,0.25,0.23,0.9040447978773729,0.23937992039439138,0.15085831106469236,-0.12109779173270996,1.9767488487548697,0.2096,True
3518,0.17,0.15,0.18,0.27,0.23,0.8964025175740451,0.23771990564837187,0.14959486181434972,-0.12087005043775179,1.9667395255270277,0.2096,True
3519,0.26,0.15,0.15,0.21,0.23,0.895280474011388,0.2374758061293396,0.15175230960944974,-0.11762068542018245,2.0189969585791183,0.2096,True
3520,0.18,0.15,0.17,0.27,0.23,0.8938601330955258,0.23716667408281777,0.14925658723961016,-0.11903591932881963,1.99239587025559,0.2096,True
3521,0.25,0.13,0.17,0.23,0.22,0.8908095298996141,0.2365021984489477,0.14752903961485456,-0.1181147884309226,2.002308107144957,0.2096,True
3522,0.21,0.15,0.15,0.26,0.23,0.8898414607838778,0.23629118638437063,0.14915271627385362,-0.11572682687072255,2.0418013072140093,0.2096,True
3523,0.23,0.13,0.17,0.25,0.22,0.8886487037196564,0.23603109949037782,0.1464487113916443,-0.1173567690481866,2.0112269739929842,0.2096,True
3524,0.25,0.17,0.13,0.22,0.23,0.8810901009323251,0.23438035542950475,0.15005754113386038,-0.1121918708035834,2.0891028356220143,0.2096,True
3525,0.18,0.17,0.15,0.27,0.23,0.880802115063102,0.23431737401371544,0.14802521709176975,-0.11401999127994866,2.055055182721471,0.2096,True
3526,0.22,0.17,0.13,0.25,0.23,0.8778496271848482,0.23367130494639188,0.14848343110292384,-0.11105180034488726,2.1041649412318595,0.2096,True
3527,0.25,0.17,0.13,0.23,0.22,0.864566220822413,0.23075619624784505,0.14514641775716236,-0.10796461978485061,2.1373316250054013,0.2096,True
3528,0.23,0.17,0.13,0.25,0.22,0.8624358638577927,0.23028739175753032,0.14404559788178672,-0.10720157711478473,2.1481716776512814,0.2096,True
3529,0.26,0.15,0.15,0.23,0.21,0.8620412789071634,0.23020052049932072,0.14198692281818298,-0.10923100002571506,2.1074651009798235,0.2096,True
3530,0.23,0.15,0.15,0.26,0.21,0.8588677702307639,0.22950139864305208,0.1402705340200785,-0.10808570451892574,2.123327961496208,0.2096,True
3531,0.17,0.14,0.25,0.25,0.19,0.8587115486170678,0.229466962580533,0.1354937228796991,-0.12020202562961813,1.909010778966371,0.2096,True
3532,0.17,0.15,0.27,0.23,0.18,0.8463436007703313,0.22673453874344895,0.13257691969017035,-0.1202435443908969,1.8856275394408117,0.2096,True
3533,0.25,0.14,0.17,0.25,0.19,0.8374232864533859,0.22475620890548176,0.13295740169225875,-0.10516031820936023,2.1372720502616014,0.2096,True
3534,0.23,0.13,0.25,0.22,0.17,0.8337470310186927,0.22393903275515314,0.12875413997589316,-0.11440054736983685,1.9574996615286957,0.2096,True
3535,0.22,0.13,0.25,0.23,0.17,0.8327202316547597,0.22371059561723827,0.12816387172782798,-0.11401554097314626,1.9621061629653467,0.2096,True
3536,0.25,0.13,0.23,0.22,0.17,0.8283123157806649,0.22272897412837223,0.1281539521383859,-0.11061439174170562,2.0135623459238836,0.2096,True
3537,0.19,0.14,0.25,0.25,0.17,0.826795970807388,0.2223909267120725,0.12662613341813622,-0.11256784663878627,1.9756167800357094,0.2096,True
3538,0.22,0.13,0.23,0.25,0.17,0.8252474025587844,0.22204550242928822,0.1263081546648586,-0.1094581857727489,2.0285874543022935,0.2096,True
3539,0.27,0.15,0.17,0.23,0.18,0.8194884555370019,0.22075919208700245,0.12948720239282804,-0.10128875848615626,2.1795033860265445,0.2096,True
3540,0.25,0.17,0.14,0.25,0.19,0.817752831326864,0.2203709932517839,0.13105910720132474,-0.0972968838372017,2.2649337220348316,0.2096,True
3541,0.18,0.15,0.23,0.27,0.17,0.8154952733742407,0.21986568600938394,0.12435203207394158,-0.10731372170241837,2.048812421388878,0.2096,True
3542,0.23,0.15,0.17,0.27,0.18,0.8154142114828675,0.2198475342067725,0.12692773258122753,-0.0997450315842382,2.2040950883964934,0.2096,True
3543,0.27,0.17,0.15,0.23,0.18,0.806367672836594,0.21781838113938568,0.12819932799583475,-0.09599557473345377,2.269046065344068,0.2096,True
3544,0.23,0.17,0.15,0.27,0.18,0.8023232911177565,0.21690902788903754,0.12561028581120254,-0.09444673022448313,2.2966282408452177,0.2096,True
3545,0.23,0.15,0.26,0.21,0.15,0.7970963311272663,0.21573176183271525,0.1203749741235991,-0.10752270902242644,2.0063832449359067,0.2096,True
3546,0.21,0.15,0.26,0.23,0.15,0.7951008630407159,0.21528172123279132,0.11912715756626638,-0.10674510377525559,2.0167830993546274,0.2096,True
3547,0.26,0.15,0.23,0.21,0.15,0.7887958812043845,0.21385755450341204,0.1195148689818897,-0.10171642910017564,2.1024878320570415,0.2096,True
3548,0.15,0.23,0.17,0.27,0.18,0.7848084944898013,0.21295515680697008,0.12370599311551456,-0.09406747077171906,2.2638554545998706,0.2096,True
3549,0.21,0.15,0.23,0.26,0.15,0.7838456305367076,0.21273704667408544,0.11618850758212665,-0.09976945068383092,2.132286438543683,0.2096,True
3550,0.17,0.23,0.15,0.27,0.18,0.7794665529595528,0.21174409653339787,0.12305434044885484,-0.09013016113271943,2.3493145232659485,0.2096,True
3551,0.18,0.17,0.23,0.27,0.15,0.7752850761454639,0.21079443035289214,0.11468633653742472,-0.09795953849244166,2.1518520156070005,0.2096,True
3552,0.19,0.17,0.25,0.25,0.14,0.7662703015636507,0.20874197603378142,0.11234089675105412,-0.09861387411182987,2.1167607287901937,0.2096,True
3553,0.22,0.17,0.25,0.23,0.13,0.7515431553784244,0.20537386946501557,0.1094474618676615,-0.09532630799004049,2.1544301231772516,0.2096,True
3554,0.22,0.17,0.23,0.25,0.13,0.7439990247197148,0.2036412051065135,0.10742148849871508,-0.09056442534000697,2.2485783390330276,0.2096,True
3555,0.19,0.14,0.24,0.17,0.26,0.9711898280925364,0.25377731304828366,0.1696673758279251,-0.14671750760186109,1.729700273650672,0.20980000000000001,True
3556,0.21,0.14,0.23,0.16,0.26,0.969920206432725,0.2535081352562494,0.169696404849759,-0.14534983600493312,1.7441239854418922,0.20980000000000001,True
3557,0.24,0.14,0.17,0.19,0.26,0.9517769983710431,0.24964881757897373,0.16656888640398843,-0.1336627448921378,1.8677516893763741,0.20980000000000001,True
3558,0.17,0.14,0.19,0.24,0.26,0.9509733539039094,0.2494773187970305,0.1650432255780667,-0.1353449031210503,1.8432708808687241,0.20980000000000001,True
3559,0.23,0.14,0.16,0.21,0.26,0.947030683886303,0.2486352647747081,0.16539322186146302,-0.13113207041676256,1.8960675598615817,0.20980000000000001,True
3560,0.19,0.14,0.26,0.17,0.24,0.9466827022067272,0.24856089016002092,0.16166050515709512,-0.14323469986593473,1.7353399029192627,0.20980000000000001,True
3561,0.19,0.14,0.17,0.24,0.26,0.9460780248720659,0.24843163053401573,0.16435946816262648,-0.13179509321710992,1.8849839130563613,0.20980000000000001,True
3562,0.21,0.14,0.16,0.23,0.26,0.9447563844401845,0.24814901511474807,0.16449146804365386,-0.13038462006023066,1.9032077172914768,0.20980000000000001,True
3563,0.17,0.14,0.26,0.19,0.24,0.9444166094114828,0.2480763380033384,0.16086123896335452,-0.14248532300215955,1.7410659061325107,0.20980000000000001,True
3564,0.23,0.16,0.14,0.21,0.26,0.9339360209243781,0.24583039261030892,0.16426091159823417,-0.12627228287884917,1.9468278153026561,0.20980000000000001,True
3565,0.21,0.16,0.14,0.23,0.26,0.931677258604628,0.24534528710918546,0.16335184439421027,-0.12552236347298995,1.9545942278403572,0.20980000000000001,True
3566,0.26,0.14,0.19,0.17,0.24,0.9291591266621102,0.24480403176226484,0.15938932476050802,-0.13077739946037303,1.871913899285351,0.20980000000000001,True
3567,0.19,0.17,0.14,0.24,0.26,0.9264895706475098,0.24422971419852058,0.16262138597729214,-0.12450655318379389,1.9615812015773495,0.20980000000000001,True
3568,0.17,0.14,0.19,0.26,0.24,0.919127481946578,0.24264310952474433,0.1552025467735327,-0.12739268685704885,1.9046863325602152,0.20980000000000001,True
3569,0.19,0.14,0.17,0.26,0.24,0.9141022159087273,0.24155778199540978,0.15452475652303707,-0.1237733503298335,1.9516138276268855,0.20980000000000001,True
3570,0.16,0.14,0.21,0.26,0.23,0.9091078878407937,0.24047725231913608,0.1514341614944748,-0.1273517013980594,1.888292419176117,0.20980000000000001,True
3571,0.26,0.14,0.16,0.21,0.23,0.9018491370308805,0.23890344634534522,0.15234480548738336,-0.12012199102308363,1.9888402141073034,0.20980000000000001,True
3572,0.21,0.14,0.16,0.26,0.23,0.8963909730523414,0.23771739463891262,0.14975703171327442,-0.1182312575500607,2.0106137713900227,0.20980000000000001,True
3573,0.16,0.14,0.26,0.23,0.21,0.8946169853384731,0.2373314194584557,0.1458206594382086,-0.130219464952106,1.8225494901683468,0.20980000000000001,True
3574,0.19,0.17,0.14,0.26,0.24,0.8945008219537225,0.23730613681849477,0.15273298492665166,-0.1163245463926127,2.0400349210694633,0.20980000000000001,True
3575,0.26,0.16,0.14,0.21,0.23,0.8887209257202962,0.2360468509883642,0.15117609286800812,-0.11510413963919786,2.0507242548206337,0.20980000000000001,True
3576,0.21,0.16,0.14,0.26,0.23,0.8833010373351309,0.23486366482018295,0.14856486387471585,-0.11320715295218875,2.0746362636588334,0.20980000000000001,True
3577,0.26,0.14,0.16,0.23,0.21,0.8686104978685898,0.23164519472917044,0.14259795052377758,-0.11178836825208405,2.072176187479612,0.20980000000000001,True
3578,0.23,0.14,0.16,0.26,0.21,0.8654256121860777,0.23094521206818253,0.14089003767745764,-0.11064496337195828,2.08726366777137,0.20980000000000001,True
3579,0.17,0.14,0.26,0.24,0.19,0.8623987633696863,0.23027922428983794,0.13641890519579317,-0.12243423429773814,1.8808401556205274,0.20980000000000001,True
3580,0.26,0.16,0.14,0.23,0.21,0.8554813286141414,0.22875448956323163,0.14139323994848904,-0.10665785980524545,2.1447504195277456,0.20980000000000001,True
3581,0.17,0.14,0.24,0.26,0.19,0.8550225796788724,0.2286532386222433,0.13458313876842845,-0.11796293339899344,1.9383481915361929,0.20980000000000001,True
3582,0.23,0.16,0.14,0.26,0.21,0.8523191813986348,0.22805622952580484,0.13966850823134114,-0.10551067205428011,2.161451776257107,0.20980000000000001,True
3583,0.26,0.14,0.17,0.24,0.19,0.8384578309641266,0.22498597597482695,0.13358306034262152,-0.10554436287465829,2.131672122006311,0.20980000000000001,True
3584,0.24,0.14,0.17,0.26,0.19,0.8363888539690083,0.22452638045909312,0.13235014656827934,-0.10477643721405228,2.1429090970176676,0.20980000000000001,True
3585,0.19,0.14,0.26,0.24,0.17,0.8305176829783893,0.22322029571085045,0.12758519301652108,-0.11484017261522883,1.9437474764057385,0.20980000000000001,True
3586,0.19,0.14,0.24,0.26,0.17,0.8230725849121305,0.22156005663108247,0.1256822639849073,-0.1102884244798521,2.0089148763890257,0.20980000000000001,True
3587,0.26,0.17,0.14,0.24,0.19,0.8187761196801169,0.2205998971889822,0.13169495920265592,-0.09768283871784766,2.258328075683537,0.20980000000000001,True
3588,0.23,0.14,0.26,0.21,0.16,0.817345692976204,0.22027989476546028,0.12502737505870404,-0.11213078643864582,1.9644907679835992,0.20980000000000001,True
3589,0.24,0.17,0.14,0.26,0.19,0.8167296535719653,0.22014202813649164,0.13044184572645232,-0.09691109498278783,2.271587460399561,0.20980000000000001,True
3590,0.21,0.14,0.26,0.23,0.16,0.8153186695910077,0.21982613927289463,0.12382742698739002,-0.11135719208601269,1.9740632387991621,0.20980000000000001,True
3591,0.26,0.14,0.23,0.21,0.16,0.8091199472010315,0.21843643639267762,0.1241488626269617,-0.10639419240164416,2.0530860892112193,0.20980000000000001,True
3592,0.21,0.14,0.23,0.26,0.16,0.8040909555456792,0.21730664307944836,0.12095266832535545,-0.10445723662274409,2.0803407222447325,0.20980000000000001,True
3593,0.21,0.16,0.26,0.23,0.14,0.7747754689180328,0.21067859019880286,0.11445427897055407,-0.10206094605539706,2.0642429679659235,0.20980000000000001,True
3594,0.19,0.17,0.26,0.24,0.14,0.7700196624078541,0.20959646461888215,0.11336733665378564,-0.10096175218705772,2.075998683447476,0.20980000000000001,True
3595,0.21,0.16,0.23,0.26,0.14,0.7634940875918959,0.20810849043089297,0.11144797914257983,-0.09500806109312232,2.190429822864347,0.20980000000000001,True
3596,0.19,0.17,0.24,0.26,0.14,0.7625193930156862,0.20788592373057324,0.11133062231213471,-0.09625849131033604,2.159663224518572,0.20980000000000001,True
3597,0.2,0.13,0.2,0.2,0.27,0.9766607620925365,0.2549359081917906,0.17169817050392258,-0.1427210910881045,1.7862525170467882,0.20980000000000004,True
3598,0.2,0.13,0.27,0.2,0.2,0.8889296754504705,0.23609237669888472,0.1435088699984069,-0.1301489794653714,1.8140163500990152,0.20980000000000004,True
3599,0.2,0.13,0.2,0.27,0.2,0.8631153902893001,0.23043696656572088,0.13739556210761503,-0.1145946926127176,2.0108869033272074,0.20980000000000004,True
3600,0.2,0.2,0.13,0.27,0.2,0.8173717482480047,0.22028572512198497,0.13284168814328956,-0.09647192672835969,2.2834179081159363,0.20980000000000004,True
3601,0.2,0.2,0.2,0.27,0.13,0.7225343544803071,0.19868390490308174,0.10354998157035256,-0.08151242552396665,2.4374677066217814,0.20980000000000004,True
3602,0.21,0.13,0.24,0.17,0.25,0.9606645938300233,0.25154231023599194,0.1655646677043089,-0.1438418703615344,1.7487419317043194,0.21,True
3603,0.17,0.13,0.24,0.21,0.25,0.9560875262561197,0.25056788725896584,0.16394116816715004,-0.14234910333460016,1.7602350937890412,0.21,True
3604,0.24,0.13,0.21,0.17,0.25,0.9532429523506862,0.2499615328447926,0.16458321611101168,-0.13856343021612627,1.8039502374826575,0.21,True
3605,0.21,0.13,0.25,0.17,0.24,0.9482869388675037,0.2489036921940564,0.1615678202255597,-0.14208714636696385,1.7517678309283582,0.21,True
3606,0.17,0.13,0.21,0.24,0.25,0.9452885478798783,0.24826282666101807,0.16155199682341587,-0.13594691947481585,1.8261747130431205,0.21,True
3607,0.17,0.13,0.25,0.21,0.24,0.9437603124086675,0.24793593357905408,0.15990255371792544,-0.1405892905975914,1.7635477960317822,0.21,True
3608,0.24,0.13,0.17,0.21,0.25,0.9387409387969772,0.24686107081469744,0.16161032307497117,-0.12994082186917078,1.8997961322981802,0.21,True
3609,0.25,0.13,0.21,0.17,0.24,0.938265708907345,0.24675920764277381,0.16027302003159483,-0.13499423834464475,1.827923996376715,0.21,True
3610,0.21,0.13,0.17,0.24,0.25,0.935363591306547,0.2461367914922059,0.16020074641542953,-0.12881710624138842,1.9107461630986642,0.21,True
3611,0.17,0.13,0.21,0.25,0.24,0.9292967334699183,0.244833621573737,0.15664328692348475,-0.13199216648276324,1.8549102427658815,0.21,True
3612,0.25,0.13,0.17,0.21,0.24,0.9236848761171454,0.2436257515999618,0.157265972000314,-0.12629704078793913,1.9289901812428458,0.21,True
3613,0.21,0.13,0.17,0.25,0.24,0.9192425109960563,0.2426679306299424,0.15529847310664835,-0.12479286882999097,1.9445656863657501,0.21,True
3614,0.24,0.17,0.13,0.21,0.25,0.9125267569250275,0.24121713247127463,0.15932208998934977,-0.12011744587642736,2.0081773360335218,0.21,True
3615,0.21,0.17,0.13,0.24,0.25,0.9091957939246804,0.24049628720468363,0.15788873274892523,-0.11898629052888776,2.021210058198221,0.21,True
3616,0.25,0.17,0.13,0.21,0.24,0.8974483286794246,0.2379473341795164,0.15495345080100453,-0.11636829749747157,2.0447779962122974,0.21,True
3617,0.17,0.13,0.25,0.24,0.21,0.8949532341368673,0.23740459725573682,0.14522763721870222,-0.12866790565294306,1.845095682959899,0.21,True
3618,0.21,0.17,0.13,0.25,0.24,0.8930675070264258,0.23699409468965116,0.1529515000955778,-0.11485416292350348,2.063434956619698,0.21,True
3619,0.17,0.13,0.24,0.25,0.21,0.8912908797659007,0.236607092481665,0.1443506653064447,-0.12647178766947786,1.8708290350098902,0.21,True
3620,0.25,0.13,0.17,0.24,0.21,0.8741234396548097,0.23285496595824728,0.1426419725180197,-0.11394944374767957,2.0434936608717678,0.21,True
3621,0.24,0.13,0.17,0.25,0.21,0.873058013564108,0.23262135182135024,0.14207544054566892,-0.11356893846554117,2.04828322747713,0.21,True
3622,0.25,0.17,0.13,0.24,0.21,0.8478802691991616,0.22707469420430715,0.14022169188660544,-0.10368561101452645,2.1900309211901523,0.21,True
3623,0.24,0.17,0.13,0.25,0.21,0.8468300020864525,0.22684222848681768,0.1396439489605434,-0.10330258387113611,2.195900818606725,0.21,True
3624,0.24,0.13,0.25,0.21,0.17,0.8347739422595237,0.2241674095001498,0.1293637116314933,-0.11478571755730638,1.9529207489445277,0.21,True
3625,0.21,0.13,0.25,0.24,0.17,0.8316935442059907,0.22348209804316865,0.1275932547687601,-0.11363069826278427,1.9667405151937039,0.21,True
3626,0.21,0.13,0.24,0.25,0.17,0.8279606010852434,0.2226505810249635,0.1266549765490328,-0.11135545963549298,1.9994581473937607,0.21,True
3627,0.21,0.17,0.25,0.24,0.13,0.7505793486386532,0.2051527890636613,0.10877644609319832,-0.09493342206471245,2.161017527881978,0.21,True
3628,0.21,0.17,0.24,0.25,0.13,0.7468106273307096,0.2042875304018008,0.10775036869948997,-0.09255620244447282,2.2071727772577843,0.21,True
3629,0.2,0.13,0.21,0.19,0.27,0.9802370448296878,0.25569211252120927,0.17244609425266585,-0.14483115916704647,1.76544960346756,0.21000000000000002,True
3630,0.19,0.13,0.21,0.2,0.27,0.9790700539715353,0.2554454526775558,0.17205114499917173,-0.14446029020153062,1.7682745363531691,0.21000000000000002,True
3631,0.21,0.13,0.2,0.19,0.27,0.9778251623059688,0.2551822204830898,0.17210970063694292,-0.14309223220330547,1.7833408323697604,0.21000000000000002,True
3632,0.19,0.13,0.2,0.21,0.27,0.9754964921954696,0.25468952672242984,0.17130268258167733,-0.14235009971084944,1.7891770166636438,0.21000000000000002,True
3633,0.21,0.13,0.19,0.2,0.27,0.9742441055738325,0.2544243899846823,0.17137544884823386,-0.14097603891978805,1.8047349885425823,0.21000000000000002,True
3634,0.2,0.13,0.19,0.21,0.27,0.9730824260692594,0.2541783561427018,0.17096334138649183,-0.14060477602174493,1.8077505141318413,0.21000000000000002,True
3635,0.16,0.15,0.19,0.23,0.27,0.9625020015999173,0.25193305378665976,0.1696919946718582,-0.13863900892979109,1.817187353915971,0.21000000000000002,True
3636,0.23,0.15,0.16,0.19,0.27,0.9598688318773843,0.2513730075525833,0.17035544161260932,-0.13483721344046273,1.864270264407213,0.21000000000000002,True
3637,0.19,0.15,0.16,0.23,0.27,0.9552640219776287,0.25039240812538655,0.16865950187272225,-0.13334646424349839,1.8777581358899436,0.21000000000000002,True
3638,0.23,0.16,0.15,0.19,0.27,0.9533267701273496,0.24997940800637464,0.16979097949573693,-0.13243623323888343,1.8875454389847475,0.21000000000000002,True
3639,0.19,0.16,0.15,0.23,0.27,0.9487375725229907,0.24899995219025506,0.1680883299802104,-0.13094302289503612,1.9015900708955935,0.21000000000000002,True
3640,0.21,0.19,0.13,0.2,0.27,0.9350526154176102,0.2460700596974703,0.16793419121570208,-0.12657871082784522,1.9440082624331718,0.21000000000000002,True
3641,0.2,0.19,0.13,0.21,0.27,0.9339143536651191,0.24582574101320565,0.1675120985945537,-0.12620375169588283,1.9478481242426113,0.21000000000000002,True
3642,0.25,0.15,0.15,0.2,0.25,0.9267342355892634,0.2442823725105978,0.16094209161062814,-0.12543472356858776,1.9474860354519306,0.21000000000000002,True
3643,0.2,0.15,0.15,0.25,0.25,0.9211440287919315,0.24307809875901198,0.15857339580977942,-0.12355567087496044,1.9673568767637497,0.21000000000000002,True
3644,0.2,0.13,0.27,0.19,0.21,0.9055466663685066,0.2397056256037169,0.14835150079668236,-0.13417530999384297,1.7865106897440108,0.21000000000000002,True
3645,0.19,0.13,0.27,0.2,0.21,0.904455133709613,0.23946892555910426,0.1478904352339301,-0.13379677982861182,1.7897958819775344,0.21000000000000002,True
3646,0.16,0.15,0.19,0.27,0.23,0.8989377806879997,0.23827109536423885,0.1499680076031445,-0.12269784973205422,1.941933749324636,0.21000000000000002,True
3647,0.19,0.15,0.16,0.27,0.23,0.8913106313829213,0.23661139630285333,0.14895333191372698,-0.1171954234464122,2.0189474072001135,0.21000000000000002,True
3648,0.21,0.13,0.27,0.19,0.2,0.8900062729342155,0.2363271159255107,0.14400285649507769,-0.1305290951752487,1.8105320933100573,0.21000000000000002,True
3649,0.19,0.13,0.27,0.21,0.2,0.8878531971841985,0.23585757426064902,0.1430333684917561,-0.1297690219017702,1.8175183168074078,0.21000000000000002,True
3650,0.19,0.16,0.15,0.27,0.23,0.8847755554412957,0.23518578336276974,0.14834628238011457,-0.11468512197146641,2.0507087521019844,0.21000000000000002,True
3651,0.27,0.13,0.19,0.2,0.21,0.8836563866151452,0.23494130866996077,0.14535827750996833,-0.11918898901476038,1.9711662177188667,0.21000000000000002,True
3652,0.19,0.13,0.2,0.27,0.21,0.8787685065606776,0.23387244844214705,0.14187224934679613,-0.11837834842489325,1.9756353383366434,0.21000000000000002,True
3653,0.2,0.13,0.19,0.27,0.21,0.8761618689094595,0.23330168215850344,0.14154337099446554,-0.11652817424694994,2.002105359207668,0.21000000000000002,True
3654,0.21,0.13,0.27,0.2,0.19,0.8732125503125634,0.23265524231957402,0.13917197365635156,-0.12645571657930388,1.8398159340915954,0.21000000000000002,True
3655,0.2,0.13,0.27,0.21,0.19,0.8721509391447622,0.23242238934638015,0.13866202735228828,-0.12607416487982026,1.8435370130584323,0.21000000000000002,True
3656,0.27,0.13,0.19,0.21,0.2,0.8668100764304543,0.23124959113491883,0.14052346098133056,-0.11501600471551843,2.010586193694465,0.21000000000000002,True
3657,0.19,0.13,0.21,0.27,0.2,0.8657479934817576,0.2310161021170436,0.1377391838431451,-0.11645657369133278,1.9837102775267108,0.21000000000000002,True
3658,0.21,0.13,0.19,0.27,0.2,0.8604758086192155,0.22985574780463192,0.13708978697137275,-0.11272627980816208,2.0390608844344116,0.21000000000000002,True
3659,0.2,0.13,0.21,0.27,0.19,0.8499387299785428,0.22753005771651136,0.13328046402640706,-0.11264369703100963,2.019909357679149,0.21000000000000002,True
3660,0.21,0.13,0.2,0.27,0.19,0.8472736249569295,0.22694043055148438,0.1329602899118254,-0.11076336934415909,2.0488761934132307,0.21000000000000002,True
3661,0.25,0.15,0.15,0.25,0.2,0.8441374887686393,0.22624586571631822,0.1364793265290027,-0.10457574886026366,2.163463978810544,0.21000000000000002,True
3662,0.2,0.19,0.13,0.27,0.21,0.8369371217069119,0.22464820439837174,0.13775023611484158,-0.10114947701525978,2.220952703141317,0.21000000000000002,True
3663,0.19,0.2,0.13,0.27,0.21,0.8330481914783323,0.2237835677357023,0.13738213349706488,-0.10045294872895227,2.2277451340878756,0.21000000000000002,True
3664,0.27,0.15,0.16,0.23,0.19,0.8329187418781532,0.22375476582210907,0.13358255283551876,-0.10332498498311937,2.1655436568286444,0.21000000000000002,True
3665,0.23,0.15,0.16,0.27,0.19,0.8287958159493969,0.22283672426647416,0.13110372469225817,-0.10178658995571699,2.189254246197077,0.21000000000000002,True
3666,0.27,0.19,0.13,0.21,0.2,0.8274298459852962,0.222532262862412,0.1367879718799278,-0.09949078155399416,2.2367123806504887,0.21000000000000002,True
3667,0.27,0.16,0.15,0.23,0.19,0.8263544177264406,0.22229245360057548,0.13295653075523553,-0.10070516522174511,2.207359007962545,0.21000000000000002,True
3668,0.23,0.16,0.15,0.27,0.19,0.8222464990556675,0.2213755630178904,0.13046423870323715,-0.09916422477205544,2.2324135899489654,0.21000000000000002,True
3669,0.21,0.19,0.13,0.27,0.2,0.8212313200170416,0.2211487619527086,0.13324483974845538,-0.09717820569391356,2.2757032852538,0.21000000000000002,True
3670,0.19,0.15,0.27,0.23,0.16,0.8141917561998198,0.21957373007861958,0.12382228527824404,-0.11257510337899024,1.9504643876667171,0.21000000000000002,True
3671,0.19,0.21,0.13,0.27,0.2,0.8135170865274832,0.21942256565925122,0.13245805197688612,-0.09576376173423773,2.2912901674454864,0.21000000000000002,True
3672,0.27,0.2,0.13,0.21,0.19,0.8076141010124551,0.21809835882908302,0.1320202174563183,-0.09476408035845008,2.301487631221815,0.21000000000000002,True
3673,0.21,0.2,0.13,0.27,0.19,0.8015110266753871,0.2167262314246723,0.1283418742358829,-0.09243964744319855,2.344515988746541,0.21000000000000002,True
3674,0.19,0.15,0.23,0.27,0.16,0.7992629598255514,0.21622002739780188,0.1199333143449759,-0.10337253968234428,2.0916582688422776,0.21000000000000002,True
3675,0.2,0.21,0.13,0.27,0.19,0.7976858212342153,0.2158646465728178,0.12792147617990787,-0.0917214988141083,2.353479275456565,0.21000000000000002,True
3676,0.19,0.16,0.27,0.23,0.15,0.7940336489086823,0.21504089408473237,0.11910301085150767,-0.1079745603086606,1.9915885137203382,0.21000000000000002,True
3677,0.2,0.15,0.25,0.25,0.15,0.7903557515851365,0.2142102085824864,0.11753564043018998,-0.10403857520436366,2.058949847801278,0.21000000000000002,True
3678,0.19,0.16,0.23,0.27,0.15,0.7790680716504763,0.21165366057752744,0.11512499070799097,-0.09867100544613949,2.145044125379472,0.21000000000000002,True
3679,0.25,0.15,0.2,0.25,0.15,0.7765047746350757,0.21107159320661006,0.11606370798379133,-0.09428564341505608,2.238639792459696,0.21000000000000002,True
3680,0.25,0.2,0.15,0.25,0.15,0.743814788458296,0.20359882901604398,0.11250081004751654,-0.08062997141360795,2.525101093880365,0.21000000000000002,True
3681,0.25,0.25,0.15,0.2,0.15,0.7300545526488587,0.2004253698006111,0.1132258889245868,-0.07883193442331804,2.542438813239707,0.21000000000000002,True
3682,0.2,0.19,0.21,0.27,0.13,0.7290403945439006,0.2001908143151847,0.10437374238201735,-0.08428547085904425,2.3751521142947167,0.21000000000000002,True
3683,0.21,0.19,0.2,0.27,0.13,0.7262256684340447,0.19953934072930068,0.10408710212205234,-0.08226279273162995,2.425632951464071,0.21000000000000002,True
3684,0.19,0.2,0.21,0.27,0.13,0.7253432767320795,0.1993349637227535,0.10386324865454633,-0.08353927023284557,2.3861228757104933,0.21000000000000002,True
3685,0.2,0.25,0.15,0.25,0.15,0.725262447690384,0.1993162388505647,0.10979745184535533,-0.07685420576803215,2.593433070561653,0.21000000000000002,True
3686,0.21,0.2,0.19,0.27,0.13,0.7197188852403915,0.19803061787682785,0.10328782933108945,-0.0794780720741366,2.491638419363095,0.21000000000000002,True
3687,0.19,0.21,0.2,0.27,0.13,0.7188477868411167,0.1978283482401768,0.10303666156363141,-0.08075998768707149,2.4495836850139376,0.21000000000000002,True
3688,0.2,0.21,0.19,0.27,0.13,0.7160381221123364,0.1971754760781892,0.10274780670613777,-0.0787214264596442,2.5047243799535233,0.21000000000000002,True
3689,0.25,0.14,0.2,0.16,0.25,0.9478002787343061,0.2487997198967833,0.16443555835648296,-0.13654486918354258,1.8221096214340253,0.2102,True
3690,0.24,0.15,0.15,0.2,0.26,0.9416123696715348,0.24747619387917474,0.1652965396049785,-0.12908399405618698,1.917171804983464,0.2102,True
3691,0.16,0.14,0.2,0.25,0.25,0.9376081351775749,0.24661823250690418,0.16052263756822926,-0.13317519716417392,1.8518330571936867,0.2102,True
3692,0.2,0.15,0.15,0.24,0.26,0.9370793183457125,0.24650483800859435,0.163486069219805,-0.12758662551930977,1.9320586072815817,0.2102,True
3693,0.25,0.14,0.16,0.2,0.25,0.9332961269795639,0.2456930034716247,0.16151987141295535,-0.12788251317490196,1.9212400301798578,0.2102,True
3694,0.2,0.14,0.16,0.25,0.25,0.9276865803570347,0.24448729963983862,0.15916115947604917,-0.12600655872659028,1.9402743961155904,0.2102,True
3695,0.25,0.16,0.14,0.2,0.25,0.9201812998056267,0.24287046652566002,0.16037969248926015,-0.12297220064498893,1.9750030108577787,0.2102,True
3696,0.2,0.16,0.14,0.25,0.25,0.9146104069248198,0.24166762439929568,0.15800116703559944,-0.12109004631896825,1.9957678747822847,0.2102,True
3697,0.26,0.15,0.15,0.2,0.24,0.9116517289574337,0.2410278510017163,0.15661592775833164,-0.12174031717333922,1.9798523332129179,0.2102,True
3698,0.2,0.15,0.15,0.26,0.24,0.9050344012491223,0.23959455161593568,0.15363959915556002,-0.11947659453357007,2.005368102022822,0.2102,True
3699,0.16,0.14,0.25,0.25,0.2,0.8743905947898534,0.2329135307166199,0.13999754704438302,-0.12394793402740845,1.8791239446162615,0.2102,True
3700,0.25,0.14,0.16,0.25,0.2,0.8507023321747593,0.22769889248149844,0.13710342241532167,-0.10716253241068463,2.1247994738391953,0.2102,True
3701,0.26,0.15,0.15,0.24,0.2,0.84518050044792,0.22647695043857907,0.13708911945459948,-0.10495910436829126,2.1577637480965306,0.2102,True
3702,0.24,0.15,0.15,0.26,0.2,0.8430945902252944,0.22601471891609415,0.1358876225933711,-0.10419255648838421,2.1692021631246865,0.2102,True
3703,0.25,0.16,0.14,0.25,0.2,0.837581985819194,0.2247914608267081,0.13587321634389468,-0.10197291734687886,2.204423161318807,0.2102,True
3704,0.2,0.14,0.25,0.25,0.16,0.8105670092528872,0.2187611395939144,0.12228108497260987,-0.10867776107107907,2.0129338094372127,0.2102,True
3705,0.2,0.15,0.26,0.24,0.15,0.7941032914645245,0.21505661251099206,0.11853453033512562,-0.10635655250092901,2.022034444084802,0.2102,True
3706,0.2,0.15,0.24,0.26,0.15,0.7866066202189863,0.21336226237497558,0.11655257319861821,-0.10171325630268546,2.097683921749955,0.2102,True
3707,0.2,0.16,0.25,0.25,0.14,0.7700372717040289,0.20960047497229106,0.11281452099119513,-0.09932679674875078,2.1102107571482436,0.2102,True
3708,0.19,0.13,0.22,0.19,0.27,0.9826415583033354,0.2562000346712616,0.17281256558057456,-0.14656426221421415,1.748038920271075,0.2104,True
3709,0.21,0.13,0.21,0.18,0.27,0.9814041664980249,0.2559387030975975,0.17285702440055448,-0.14520217760013054,1.7626368097758291,0.2104,True
3710,0.18,0.13,0.21,0.21,0.27,0.9779031939618572,0.2551987235120816,0.1716723563850365,-0.14408957061327887,1.7711116941073266,0.2104,True
3711,0.22,0.13,0.19,0.19,0.27,0.9754059148626864,0.2546703547918949,0.1718034749785318,-0.14134745191756393,1.8017329024114472,0.2104,True
3712,0.21,0.13,0.23,0.17,0.26,0.9728968039006667,0.25413903399709215,0.16958228392275687,-0.14558139023359862,1.7456835217008362,0.2104,True
3713,0.19,0.13,0.19,0.22,0.27,0.9719208763872402,0.25393225321170343,0.1705673369451382,-0.14023366313246577,1.810779577025219,0.2104,True
3714,0.21,0.13,0.18,0.21,0.27,0.9706609997137359,0.25366520798535186,0.17065442607967848,-0.1388535699569372,1.8268540597409293,0.2104,True
3715,0.17,0.13,0.23,0.21,0.26,0.9682690826463909,0.2531579005201918,0.16799884521108746,-0.14409368017254065,1.756898013966022,0.2104,True
3716,0.23,0.13,0.21,0.17,0.26,0.9680127840413855,0.253103517153185,0.16892146476402772,-0.14208954085625192,1.7812959041738539,0.2104,True
3717,0.17,0.13,0.21,0.23,0.26,0.9611029852860313,0.2516355608311691,0.16644100268984788,-0.1398555972371044,1.79925269922918,0.2104,True
3718,0.23,0.13,0.17,0.21,0.26,0.9535913141914585,0.2500358218955545,0.16598169377593178,-0.13354035851881452,1.8723614693630386,0.2104,True
3719,0.21,0.13,0.17,0.23,0.26,0.9513092306369517,0.24954900105981004,0.16508367919658137,-0.13279414052511673,1.8792169599727953,0.2104,True
3720,0.21,0.18,0.13,0.21,0.27,0.9379897443900933,0.24670004837333237,0.16781586278969798,-0.12684187641771527,1.9449416497190608,0.2104,True
3721,0.21,0.13,0.26,0.17,0.23,0.9357662933546915,0.2462231960272765,0.15759559521253055,-0.14031701803945762,1.7547636022170718,0.2104,True
3722,0.19,0.19,0.13,0.22,0.27,0.9327762188791668,0.24558135370031065,0.16710639259430035,-0.12582894678237688,1.951707933509508,0.2104,True
3723,0.17,0.13,0.26,0.21,0.23,0.9312898954456112,0.24526205666076573,0.15588678072773163,-0.13881404149682175,1.7668389596334977,0.2104,True
3724,0.23,0.17,0.13,0.21,0.26,0.9274019954388228,0.24442606925750798,0.16371748619473622,-0.1238205242242828,1.9740351673424177,0.2104,True
3725,0.21,0.17,0.13,0.23,0.26,0.9251509861370506,0.24394153674594854,0.1628048499705443,-0.12306936821298231,1.982146656703286,0.2104,True
3726,0.26,0.13,0.21,0.17,0.23,0.9230848387525536,0.24349646339465014,0.15599548721902887,-0.13138117085370293,1.8533589083765367,0.2104,True
3727,0.19,0.13,0.27,0.19,0.22,0.920891673841846,0.24302367995321483,0.15273969259024794,-0.13777690681968324,1.7638926984423757,0.2104,True
3728,0.17,0.13,0.21,0.26,0.23,0.9131311229056205,0.24134783204660826,0.15171546716507428,-0.12799051873312384,1.8856696139332674,0.2104,True
3729,0.26,0.13,0.17,0.21,0.23,0.9084269111931644,0.24032977614152218,0.15295333177322687,-0.12260819447153415,1.9601444844481366,0.2104,True
3730,0.21,0.13,0.27,0.18,0.21,0.9066383203242441,0.23994226155276488,0.1488305703264223,-0.13455399677372926,1.7832414295077406,0.2104,True
3731,0.23,0.13,0.26,0.17,0.21,0.9051472779565257,0.23961902828188952,0.14894611463696691,-0.13312974896311702,1.7998909345819833,0.2104,True
3732,0.18,0.13,0.27,0.21,0.21,0.9033637223858482,0.23923216137102088,0.1474476178179473,-0.13341840618089662,1.7930971311908468,0.2104,True
3733,0.21,0.13,0.17,0.26,0.23,0.9029495705549326,0.23914229408005494,0.15037755162609423,-0.1207205828982949,1.9809570856821357,0.2104,True
3734,0.27,0.13,0.19,0.19,0.22,0.9003411724540693,0.23857599480395852,0.15018735449799828,-0.12331193993384737,1.9347355570916034,0.2104,True
3735,0.17,0.13,0.26,0.23,0.21,0.8986137528307787,0.2382006760605937,0.14611859274247285,-0.13085736266136638,1.8203077856384062,0.2104,True
3736,0.19,0.13,0.19,0.27,0.22,0.8916559921733498,0.23668664459456834,0.14603291106794924,-0.12028297836393886,1.9677484529725247,0.2104,True
3737,0.17,0.13,0.23,0.26,0.21,0.8876266931300159,0.23580815761919283,0.1434879214529548,-0.12426897826767969,1.8975625365749276,0.2104,True
3738,0.26,0.17,0.13,0.21,0.23,0.8821704957432333,0.23461657638818845,0.15061640344179122,-0.11257221396943329,2.0841428636367927,0.2104,True
3739,0.18,0.13,0.21,0.27,0.21,0.8813681108481302,0.2344411490438194,0.14223774064772995,-0.12022209480248958,1.9500670773452915,0.2104,True
3740,0.27,0.13,0.18,0.21,0.21,0.8799564156234034,0.23413238558524174,0.14458512189496486,-0.11695340622844475,2.0019287435537505,0.2104,True
3741,0.21,0.17,0.13,0.26,0.23,0.8767697062917288,0.23343482542108673,0.14799373263610083,-0.11067209620247942,2.1092473480759555,0.2104,True
3742,0.26,0.13,0.17,0.23,0.21,0.87518898191281,0.23308851702047484,0.14322603453187016,-0.11433010905231245,2.038732569684017,0.2104,True
3743,0.22,0.13,0.27,0.19,0.19,0.8742742785801894,0.2328880329924221,0.13970062756456805,-0.1268374280784056,1.8361144381488126,0.2104,True
3744,0.21,0.13,0.18,0.27,0.21,0.8735482020249876,0.2327288455990124,0.1412512739221551,-0.11467153859638013,2.029525795569634,0.2104,True
3745,0.23,0.13,0.17,0.26,0.21,0.8719927036790067,0.23238767456320897,0.14152672265258268,-0.1131885931050135,2.0531015377813344,0.2104,True
3746,0.19,0.13,0.27,0.22,0.19,0.8710894451150752,0.23218947402720858,0.13817107328283623,-0.12569277287962932,1.8472778403064325,0.2104,True
3747,0.21,0.13,0.27,0.21,0.18,0.8562607333087404,0.2289264744998767,0.13434129364020414,-0.12233297987472835,1.871338985891641,0.2104,True
3748,0.19,0.13,0.22,0.27,0.19,0.8525969072781592,0.228117588309676,0.13363960449076226,-0.11451742161969647,1.9919902586283937,0.2104,True
3749,0.19,0.19,0.13,0.27,0.22,0.8524547327007375,0.22808617803427245,0.14229084573816062,-0.1050706513543529,2.170788655959191,0.2104,True
3750,0.27,0.13,0.19,0.22,0.19,0.8498058227494649,0.22750066677716374,0.13568589684145102,-0.11079207071865615,2.053402064800068,0.2104,True
3751,0.26,0.17,0.13,0.23,0.21,0.8489306505751448,0.22730709712174813,0.14081718993968015,-0.10406880123401896,2.1842002062712713,0.2104,True
3752,0.23,0.17,0.13,0.26,0.21,0.8457798492753252,0.22660969992302493,0.1390842564562892,-0.10291971969976954,2.2018103098616617,0.2104,True
3753,0.22,0.13,0.19,0.27,0.19,0.8446015963438058,0.22634870194801215,0.13267927833395152,-0.10887640359306683,2.078950943254943,0.2104,True
3754,0.21,0.18,0.13,0.27,0.21,0.8408309939807932,0.22551271790359761,0.13813724899178978,-0.10184416447510702,2.2142919927308937,0.2104,True
3755,0.23,0.13,0.26,0.21,0.17,0.8374835736291788,0.22476960074675745,0.12970201565576628,-0.11666847637473887,1.9265666933439503,0.2104,True
3756,0.21,0.13,0.26,0.23,0.17,0.8354248125723536,0.22431211366479253,0.12854667754782634,-0.11589886155588569,1.9354125713877757,0.2104,True
3757,0.21,0.13,0.21,0.27,0.18,0.8339441053796766,0.22398286710806237,0.12886950116844953,-0.10878256584693702,2.0589959922734167,0.2104,True
3758,0.18,0.21,0.13,0.27,0.21,0.8291642007910076,0.2229188076998181,0.13703320092969448,-0.09975457228957518,2.234672582753524,0.2104,True
3759,0.21,0.13,0.23,0.26,0.17,0.824225986622227,0.2218175580037378,0.12573217132136974,-0.10907311251598029,2.0336593766061215,0.2104,True
3760,0.27,0.19,0.13,0.22,0.19,0.8104327880980706,0.21873102927396593,0.1318891314098587,-0.09509065530322591,2.3002368484734332,0.2104,True
3761,0.22,0.19,0.13,0.27,0.19,0.8053411126723453,0.2175876943377517,0.12878212349002496,-0.09315587115832413,2.3357378513260647,0.2104,True
3762,0.19,0.22,0.13,0.27,0.19,0.7938654938447802,0.21500293956482408,0.12752123974292276,-0.09100141750055057,2.3626328629828572,0.2104,True
3763,0.27,0.21,0.13,0.21,0.18,0.7876823597772573,0.21360568514489287,0.1272559634829257,-0.089963160865983,2.374368386890036,0.2104,True
3764,0.21,0.21,0.13,0.27,0.18,0.7816741899523842,0.21224487873466824,0.12343192010203036,-0.08762678203252805,2.422146218445869,0.2104,True
3765,0.21,0.27,0.13,0.21,0.18,0.764967277177856,0.20844473039515088,0.12425116336236351,-0.08556476930029333,2.4361046269359403,0.2104,True
3766,0.21,0.17,0.26,0.23,0.13,0.7543465632195494,0.20601646144486008,0.10981898722023826,-0.09730301636779826,2.11726695774911,0.2104,True
3767,0.21,0.17,0.23,0.26,0.13,0.7430404027078155,0.2034206802869385,0.10674122135471031,-0.0901713206405359,2.2559354664202633,0.2104,True
3768,0.21,0.18,0.21,0.27,0.13,0.7327422672764847,0.2010465439939031,0.10490785444947884,-0.08502962461578556,2.3644293962527887,0.2104,True
3769,0.19,0.19,0.22,0.27,0.13,0.7318485627798843,0.20084006581007086,0.10471090644265557,-0.08630070730685002,2.3272122799175414,0.2104,True
3770,0.22,0.19,0.19,0.27,0.13,0.7234043885808268,0.19888563914183632,0.10385132161215525,-0.0802326316284343,2.4788622173443904,0.2104,True
3771,0.18,0.21,0.21,0.27,0.13,0.7216509113369658,0.19847899199068353,0.10337686265324059,-0.08279101428037794,2.397349443244162,0.2104,True
3772,0.27,0.21,0.18,0.21,0.13,0.718872276981378,0.1978340358009183,0.10709002838709394,-0.07905295510505306,2.502550796969167,0.2104,True
3773,0.21,0.21,0.18,0.27,0.13,0.7132219212811461,0.19652036955126984,0.10251064878127313,-0.07667528859258144,2.563020930974152,0.2104,True
3774,0.19,0.22,0.19,0.27,0.13,0.7123620966926096,0.1963202135200015,0.10223176608024194,-0.07796268612228008,2.518130445275889,0.2104,True
3775,0.19,0.27,0.19,0.22,0.13,0.698739233138089,0.1931400070713103,0.10298467325825382,-0.076128225275371,2.537035460536277,0.2104,True
3776,0.21,0.27,0.18,0.21,0.13,0.6968805372261506,0.19270478472392916,0.10341992186708955,-0.07445676633908027,2.5881433508183904,0.2104,True
3777,0.19,0.14,0.23,0.17,0.27,0.9832222981691066,0.2563226468198305,0.1736989748066019,-0.14843638565347905,1.7268181631571735,0.21040000000000003,True
3778,0.17,0.14,0.19,0.23,0.27,0.9666281441625744,0.2528096321453044,0.16993174099547242,-0.1392516222838318,1.8154878772615746,0.21040000000000003,True
3779,0.23,0.14,0.17,0.19,0.27,0.9664196785735828,0.2527653741000033,0.17093434452280698,-0.13722402357153707,1.8419906917263122,0.21040000000000003,True
3780,0.19,0.14,0.17,0.23,0.27,0.9617992356515108,0.2517836322387341,0.16924521359393818,-0.1357357325097014,1.8549546798278669,0.21040000000000003,True
3781,0.16,0.14,0.2,0.24,0.26,0.9534100738625859,0.2499971730356545,0.16543248543025676,-0.1371108052265766,1.8233221854581947,0.21040000000000003,True
3782,0.24,0.14,0.16,0.2,0.26,0.9481680228755607,0.24887828803630252,0.16586829015581336,-0.13150602501798103,1.8925238444571113,0.21040000000000003,True
3783,0.23,0.17,0.14,0.19,0.27,0.9467934969090783,0.24858457142965595,0.16924115185894617,-0.13002095640329592,1.9118808098796185,0.21040000000000003,True
3784,0.2,0.14,0.16,0.24,0.26,0.9436194240598952,0.2479057886112963,0.16406518696752134,-0.13001112411728655,1.9068044391928631,0.21040000000000003,True
3785,0.19,0.17,0.14,0.23,0.27,0.9422198908731572,0.24760626040790767,0.16753189599085525,-0.12852528197758062,1.926517931710113,0.21040000000000003,True
3786,0.24,0.16,0.14,0.2,0.26,0.9350655899224376,0.24607284401764629,0.16473977506456886,-0.1266474741395588,1.9429747469458971,0.21040000000000003,True
3787,0.17,0.14,0.27,0.19,0.23,0.9319719730630531,0.24540860322133362,0.1568724402523978,-0.14071843332461065,1.743969126313556,0.21040000000000003,True
3788,0.2,0.16,0.14,0.24,0.26,0.9305480653595133,0.24510263291066092,0.16292205090773887,-0.12514763513733362,1.9585079066151905,0.21040000000000003,True
3789,0.16,0.14,0.2,0.26,0.24,0.9216293359062688,0.24318273888353525,0.15559179896292774,-0.12919306744001025,1.8823203419676926,0.21040000000000003,True
3790,0.26,0.14,0.16,0.2,0.24,0.9182192341456321,0.2424470918880257,0.15719979517126548,-0.12421431891731405,1.9518449563726696,0.21040000000000003,True
3791,0.2,0.14,0.16,0.26,0.24,0.9115788120915904,0.24101207539974068,0.15423648257543796,-0.12195433039199854,1.9762486057285058,0.21040000000000003,True
3792,0.26,0.16,0.14,0.2,0.24,0.9050932615276319,0.2396073152500473,0.15604785823904466,-0.11925133197156723,2.0092632198622002,0.21040000000000003,True
3793,0.17,0.14,0.19,0.27,0.23,0.9029435619468249,0.2391409901691779,0.15025118069841226,-0.12334553670468684,1.938789165446074,0.21040000000000003,True
3794,0.2,0.16,0.14,0.26,0.24,0.8984989970746466,0.23817573486232324,0.15305871538967236,-0.11698387134279775,2.0359707037254484,0.21040000000000003,True
3795,0.19,0.14,0.17,0.27,0.23,0.897854779423755,0.2380357009114329,0.14957667641289923,-0.1196905678083443,1.9887590582124224,0.21040000000000003,True
3796,0.19,0.17,0.14,0.27,0.23,0.8782495551844938,0.233758857597393,0.1477557899273806,-0.11215952485165082,2.0841641216524147,0.21040000000000003,True
3797,0.16,0.14,0.26,0.24,0.2,0.8780599141580427,0.23371734273760736,0.14090671136822425,-0.12616056625950423,1.852538789790034,0.21040000000000003,True
3798,0.16,0.14,0.24,0.26,0.2,0.8707194810054224,0.2321082749973531,0.13910269337262612,-0.12172852107951648,1.9067698591830706,0.21040000000000003,True
3799,0.17,0.14,0.27,0.23,0.19,0.86608422052458,0.23109002807697654,0.13735840226355234,-0.12465959109747726,1.8537685391272962,0.21040000000000003,True
3800,0.26,0.14,0.16,0.24,0.2,0.8517491175199798,0.22793026444050835,0.13771008667561524,-0.10754525480030563,2.1193893200005753,0.21040000000000003,True
3801,0.24,0.14,0.16,0.26,0.2,0.8496556604414558,0.22746745837704152,0.13651478730974412,-0.10677997238581516,2.130244588893139,0.21040000000000003,True
3802,0.27,0.14,0.17,0.23,0.19,0.8394924874629668,0.2252156817115225,0.13422679042612,-0.10592857131463751,2.1261089328068903,0.21040000000000003,True
3803,0.26,0.16,0.14,0.24,0.2,0.8386212290142638,0.22502225796628306,0.13648608837505824,-0.10235690647527185,2.198408155493109,0.21040000000000003,True
3804,0.24,0.16,0.14,0.26,0.2,0.8365428552840566,0.22456060167657843,0.13527849179010892,-0.10158909213103517,2.2104794615836103,0.21040000000000003,True
3805,0.23,0.14,0.17,0.27,0.19,0.8353545335492829,0.22429649059121304,0.1317616263173527,-0.10439271978412634,2.148583646973042,0.21040000000000003,True
3806,0.27,0.17,0.14,0.23,0.19,0.8197995185934397,0.22082873999224506,0.132349058560812,-0.09806895973192364,2.251769985078779,0.21040000000000003,True
3807,0.19,0.14,0.23,0.27,0.17,0.8193475287047305,0.2207276808629619,0.1247539188207999,-0.10800187284574025,2.0437393819848717,0.21040000000000003,True
3808,0.23,0.17,0.14,0.27,0.19,0.8157065864537143,0.21991300179888973,0.12984351734031233,-0.0965254720474994,2.27828983515017,0.21040000000000003,True
3809,0.2,0.14,0.26,0.24,0.16,0.8143053234578466,0.2195991719246242,0.12325790237920015,-0.11097064303927595,1.9788942905097995,0.21040000000000003,True
3810,0.2,0.14,0.24,0.26,0.16,0.8068270615543378,0.2179215858573258,0.12131976117979809,-0.10637767301114609,2.0485650765691434,0.21040000000000003,True
3811,0.17,0.23,0.14,0.27,0.19,0.7927066251957886,0.21474130513654055,0.1273890314658423,-0.09224573839921013,2.3279265672654565,0.21040000000000003,True
3812,0.2,0.16,0.26,0.24,0.14,0.7737935807123273,0.21045533207231415,0.11383680362135674,-0.10167037692461933,2.069976904170921,0.21040000000000003,True
3813,0.2,0.16,0.24,0.26,0.14,0.766279413215786,0.20874405406702956,0.11180838711670812,-0.09697573571039408,2.152539009246783,0.21040000000000003,True
3814,0.19,0.17,0.23,0.27,0.14,0.7587669401760793,0.20702830268820183,0.11033694818986944,-0.09389556774297125,2.204878330944427,0.21040000000000003,True
3815,0.2,0.13,0.22,0.18,0.27,0.9838112708686115,0.25644697272645733,0.1732069548012248,-0.14693500787781066,1.745308871114741,0.2106,True
3816,0.18,0.13,0.22,0.2,0.27,0.9814719770803388,0.2559530272047603,0.17243427394570957,-0.14619366565823821,1.7507805557260614,0.2106,True
3817,0.22,0.13,0.2,0.18,0.27,0.978989692797485,0.25542846365069116,0.17253708989967498,-0.14346352314712685,1.780441871546263,0.2106,True
3818,0.18,0.13,0.2,0.22,0.27,0.9743323526530636,0.2544430760205698,0.1709234178664568,-0.14197925798094146,1.7921144231837365,0.2106,True
3819,0.22,0.13,0.18,0.2,0.27,0.9718200885459376,0.2539108942664512,0.1710830650728498,-0.13922510410020617,1.823743612241804,0.2106,True
3820,0.2,0.13,0.18,0.22,0.27,0.9695020401719838,0.2534194527582472,0.17024176476793954,-0.13848218618495534,1.8299787123506475,0.2106,True
3821,0.16,0.15,0.18,0.25,0.26,0.9432979347944264,0.24783699617902277,0.16405992366346653,-0.13257542492888963,1.8694037474287317,0.2106,True
3822,0.22,0.18,0.13,0.2,0.27,0.9391293166630714,0.24694430532433853,0.16825300108435728,-0.12721648865092738,1.9411344232423786,0.2106,True
3823,0.18,0.15,0.16,0.25,0.26,0.9384041712483309,0.24678888807833332,0.1633711247053318,-0.12900634548856293,1.91299805558954,0.2106,True
3824,0.2,0.18,0.13,0.22,0.27,0.93685029902757,0.24645572285912132,0.16739493094590382,-0.12646741806393957,1.9487685178685146,0.2106,True
3825,0.18,0.16,0.15,0.25,0.26,0.9318785680500243,0.24538853689386708,0.16279002762212977,-0.1265762593366282,1.9386616272271004,0.2106,True
3826,0.24,0.14,0.15,0.22,0.25,0.9285457369469543,0.24467211647286558,0.16032068788824835,-0.12532495138941635,1.9523017065660562,0.2106,True
3827,0.16,0.15,0.18,0.26,0.25,0.9274757966534708,0.24444194867008595,0.15912974500727148,-0.12859539971803846,1.900860755564006,0.2106,True
3828,0.22,0.14,0.15,0.24,0.25,0.926307192597682,0.24419045875837075,0.15935866422923403,-0.12457418164409861,1.9602011872412621,0.2106,True
3829,0.18,0.15,0.16,0.26,0.25,0.9225167290516398,0.24337402975455058,0.1584437178700908,-0.12499153845254762,1.9471240434963224,0.2106,True
3830,0.2,0.13,0.27,0.18,0.22,0.9219983310493991,0.2432622884601452,0.15318724796051733,-0.13815401667674532,1.7608050371009745,0.2106,True
3831,0.24,0.15,0.14,0.22,0.25,0.9219899029529228,0.24326047160811726,0.15975476336422936,-0.12286627619599444,1.9798799079746814,0.2106,True
3832,0.18,0.13,0.27,0.2,0.22,0.9197851400487878,0.24278500639901268,0.1523099138524783,-0.13739995197105626,1.7669948418188395,0.2106,True
3833,0.22,0.15,0.14,0.24,0.25,0.9197590895823229,0.24277938634462193,0.15878875109478316,-0.12211426809844939,1.988132837588573,0.2106,True
3834,0.18,0.16,0.15,0.26,0.25,0.9159886567994013,0.24196542692807155,0.1578537904973016,-0.12253497076326048,1.9746642564231938,0.2106,True
3835,0.25,0.14,0.15,0.22,0.24,0.9134644200115174,0.24141989876470205,0.15596225418250229,-0.12163615444719111,1.9847708920254923,0.2106,True
3836,0.22,0.14,0.15,0.25,0.24,0.9101520976527406,0.24070332422718677,0.15445167028028095,-0.12050557903036219,1.997445480648991,0.2106,True
3837,0.25,0.15,0.14,0.22,0.24,0.9069030181460551,0.23999962603582148,0.15539040367709422,-0.11915110292938336,2.01424594599062,0.2106,True
3838,0.22,0.15,0.14,0.25,0.24,0.9036022355330442,0.23928391070205945,0.15387332099333886,-0.11801866197174915,2.02750909647949,0.2106,True
3839,0.27,0.13,0.18,0.2,0.22,0.89665692266839,0.2377752378441378,0.14942509593907907,-0.12109608436672004,1.9635254028864688,0.2106,True
3840,0.18,0.13,0.2,0.27,0.22,0.8942291887298666,0.23724701256269265,0.1463834108142477,-0.12211522086390336,1.94281278684418,0.2106,True
3841,0.2,0.13,0.18,0.27,0.22,0.889075711497445,0.2361242233437293,0.14571803546533652,-0.11844437671209096,1.9935452395320463,0.2106,True
3842,0.18,0.13,0.27,0.22,0.2,0.8867768381736931,0.235622708564019,0.14257661376449868,-0.12938922238577177,1.821038137639578,0.2106,True
3843,0.25,0.14,0.15,0.24,0.22,0.8805547146937174,0.23426326335794045,0.14618805957169537,-0.11336007244192925,2.066541228420139,0.2106,True
3844,0.24,0.14,0.15,0.25,0.22,0.8794807324542075,0.2340283101917755,0.145635180029031,-0.1129802425409161,2.0714091679084645,0.2106,True
3845,0.25,0.15,0.14,0.24,0.22,0.8739916692127541,0.23282607768058527,0.14559902839441335,-0.11081959613568837,2.1009468162608282,0.2106,True
3846,0.24,0.15,0.14,0.25,0.22,0.8729214957403202,0.23259141139107076,0.1450435744947895,-0.11043913917341719,2.106059619188482,0.2106,True
3847,0.18,0.13,0.22,0.27,0.2,0.868373614066074,0.23159315917027423,0.1381204567670411,-0.11831195723532895,1.9574788937826697,0.2106,True
3848,0.27,0.13,0.18,0.22,0.2,0.8630947980825368,0.2304324344209101,0.13973874175162632,-0.11276037750488654,2.0435585577116764,0.2106,True
3849,0.22,0.13,0.18,0.27,0.2,0.8578292526020099,0.2292724410886533,0.1368220265353315,-0.11085130084603001,2.06828823242325,0.2106,True
3850,0.22,0.13,0.27,0.2,0.18,0.8573075433370811,0.22915738986826106,0.13488756357575762,-0.12271613594216635,1.8673778155487095,0.2106,True
3851,0.2,0.18,0.13,0.27,0.22,0.8563778656143539,0.2289523169775145,0.14264437937296695,-0.10575581396238831,2.1649147068069525,0.2106,True
3852,0.2,0.13,0.27,0.22,0.18,0.8552140383008484,0.22869549767774422,0.13381424305236567,-0.12194998518328792,1.8753220620242006,0.2106,True
3853,0.16,0.15,0.26,0.25,0.18,0.841606182391355,0.2256846788741802,0.13116620656306216,-0.11761091175390914,1.9189093555061136,0.2106,True
3854,0.16,0.15,0.25,0.26,0.18,0.8379110400289984,0.22486454723552685,0.1302200756478656,-0.11535469754424321,1.9493315142132133,0.2106,True
3855,0.2,0.13,0.22,0.27,0.18,0.8366343423187534,0.22458093045233762,0.12920482570161668,-0.11067494845073433,2.029193901565784,0.2106,True
3856,0.27,0.13,0.2,0.22,0.18,0.8363901686421682,0.22452667260570958,0.13167568220983772,-0.10880577073291575,2.063554819687391,0.2106,True
3857,0.22,0.13,0.2,0.27,0.18,0.8312469956047421,0.2233826884016279,0.12857454671733834,-0.10688347211898497,2.0899647435943463,0.2106,True
3858,0.27,0.18,0.13,0.22,0.2,0.8302670817713194,0.22316448553375667,0.1366603601510749,-0.09980752932383474,2.235948400342412,0.2106,True
3859,0.22,0.18,0.13,0.27,0.2,0.825095804338656,0.2220116763676303,0.13366722115638677,-0.09788260615536037,2.2681422684562658,0.2106,True
3860,0.26,0.15,0.16,0.25,0.18,0.8147329451566232,0.2196949601284941,0.12803947920302655,-0.09858316613593665,2.22852408519276,0.2106,True
3861,0.25,0.15,0.16,0.26,0.18,0.8137169662226347,0.21946735399941186,0.12738752470278714,-0.0981970422017181,2.2349690894821266,0.2106,True
3862,0.18,0.22,0.13,0.27,0.2,0.8096673323514509,0.21855928334774455,0.1320942124445565,-0.09505370314684458,2.299324235796487,0.2106,True
3863,0.26,0.16,0.15,0.25,0.18,0.8081741636576851,0.21822412043147055,0.12739920941245475,-0.09593277572848813,2.2747608288651535,0.2106,True
3864,0.25,0.16,0.15,0.26,0.18,0.807161917630786,0.21799680246903175,0.12674354313756891,-0.09554601302885335,2.2815897341859808,0.2106,True
3865,0.18,0.15,0.25,0.26,0.16,0.8057212170899501,0.21767312093052538,0.12131505424649455,-0.10760141378411014,2.0229578151014023,0.2106,True
3866,0.24,0.14,0.25,0.22,0.15,0.7971510881772228,0.2157441065658816,0.11991947335946446,-0.1059031537538958,2.037183019754453,0.2106,True
3867,0.22,0.14,0.25,0.24,0.15,0.795158463399938,0.21529471659314825,0.11862612901685121,-0.10512605886096182,2.0479671636686567,0.2106,True
3868,0.22,0.14,0.24,0.25,0.15,0.7913997686142176,0.2144461245788618,0.11765044262381598,-0.10280507341368617,2.0859488491967086,0.2106,True
3869,0.27,0.2,0.13,0.22,0.18,0.7904823411529482,0.21423881884844986,0.12712098457606047,-0.09029983357821514,2.3725272833740307,0.2106,True
3870,0.18,0.16,0.26,0.25,0.15,0.7892983735989287,0.21397117990637526,0.11753404557096021,-0.10527094806836923,2.0325757849868475,0.2106,True
3871,0.18,0.16,0.25,0.26,0.15,0.7855603841635876,0.21312542202133966,0.11652830741043028,-0.10294864566104622,2.0702110324311165,0.2106,True
3872,0.22,0.2,0.13,0.27,0.18,0.7854698118016672,0.21310491446704827,0.12389130286767876,-0.08835511452153211,2.4119137372077617,0.2106,True
3873,0.2,0.22,0.13,0.27,0.18,0.7778834166621174,0.21138472149201926,0.12299305015629333,-0.08689647671756018,2.4326040534311133,0.2106,True
3874,0.22,0.15,0.25,0.24,0.14,0.7747895244286322,0.21068178549112582,0.11395197479956078,-0.10042810720824313,2.0978368640789546,0.2106,True
3875,0.16,0.25,0.15,0.26,0.18,0.7728878191115696,0.21024931025694693,0.12283391085495692,-0.08906560335343194,2.360611755164688,0.2106,True
3876,0.22,0.15,0.24,0.25,0.14,0.7710221039188414,0.20982471901612354,0.11295417534682413,-0.0980814647430891,2.1392902274219754,0.2106,True
3877,0.16,0.26,0.15,0.25,0.18,0.7701040895713174,0.20961569187808649,0.1229684414637793,-0.08872622146548892,2.3624999286103816,0.2106,True
3878,0.2,0.27,0.13,0.22,0.18,0.7639728250262121,0.20821777772851724,0.12367581865194478,-0.08517272282993293,2.4446532975618527,0.2106,True
3879,0.2,0.18,0.22,0.27,0.13,0.735556238717507,0.20169621015742445,0.1052184758358294,-0.08704073514657462,2.317262254480877,0.2106,True
3880,0.22,0.18,0.2,0.27,0.13,0.7299217312063728,0.20039465594444184,0.10464751974848006,-0.08301109784554683,2.414070662181853,0.2106,True
3881,0.18,0.2,0.22,0.27,0.13,0.7281456478651915,0.19998380024646756,0.1042272531584508,-0.0855586476960204,2.337388512228314,0.2106,True
3882,0.27,0.2,0.18,0.22,0.13,0.721610996802982,0.19846973223732323,0.10694187474776222,-0.0794152203999976,2.4991397270910203,0.2106,True
3883,0.22,0.2,0.18,0.27,0.13,0.7168968731428504,0.1973750966906016,0.10307710041142804,-0.07743616808008846,2.548874790478606,0.2106,True
3884,0.18,0.22,0.2,0.27,0.13,0.7151659630124145,0.19697267051434997,0.10254764032041028,-0.080005470638292,2.4619900232181804,0.2106,True
3885,0.2,0.22,0.18,0.27,0.13,0.7095517010256085,0.19566552195587072,0.10196783849593692,-0.07591229874111016,2.577520707456965,0.2106,True
3886,0.2,0.27,0.18,0.22,0.13,0.6959454440933375,0.19248570810370325,0.10272691518876399,-0.07413231629841865,2.596515497085705,0.2106,True
3887,0.2,0.13,0.25,0.17,0.25,0.9631239353723211,0.25206525910669897,0.16595426482952066,-0.14558947762328867,1.7313425614378213,0.21080000000000002,True
3888,0.17,0.13,0.25,0.2,0.25,0.9596832098574677,0.25133350886603,0.1647638963995362,-0.14447050152424434,1.739687384028721,0.21080000000000002,True
3889,0.23,0.15,0.15,0.2,0.27,0.956282346163061,0.2506093938983316,0.1696750532150116,-0.13268895077666143,1.888698285964675,0.21080000000000002,True
3890,0.2,0.15,0.15,0.23,0.27,0.9528366890609892,0.24987488500308763,0.1683772714053939,-0.13157030502534373,1.8991738671956069,0.21080000000000002,True
3891,0.25,0.13,0.2,0.17,0.25,0.9507545466751322,0.24943061689014034,0.16431885443097188,-0.13679197638364282,1.8234301710108674,0.21080000000000002,True
3892,0.17,0.13,0.2,0.25,0.25,0.9416849239374459,0.2474917287250582,0.16078255565060973,-0.13380010046401103,1.84971257769442,0.21080000000000002,True
3893,0.25,0.13,0.17,0.2,0.25,0.939866970390943,0.24710236366873972,0.16211281382096338,-0.13031570129409964,1.8961825874771077,0.21080000000000002,True
3894,0.2,0.13,0.17,0.25,0.25,0.9342380580345189,0.24589523129340662,0.1597642326120945,-0.12844284159913688,1.914433130192123,0.21080000000000002,True
3895,0.25,0.17,0.13,0.2,0.25,0.9136373232142667,0.24145728122988763,0.15983289158569197,-0.12049481098216852,2.003881156887493,0.21080000000000002,True
3896,0.2,0.17,0.13,0.25,0.25,0.9080857183413218,0.2402558722821937,0.15744469809973413,-0.11860955174448107,2.0256030711571493,0.21080000000000002,True
3897,0.27,0.15,0.15,0.2,0.23,0.8963686348172433,0.2377125358968033,0.15232290760610936,-0.11799993226611616,2.0145141724379005,0.21080000000000002,True
3898,0.2,0.15,0.15,0.27,0.23,0.8887540165667336,0.23605406791267525,0.14868522255106434,-0.11534852960253728,2.0464419332093753,0.21080000000000002,True
3899,0.17,0.13,0.25,0.25,0.2,0.8783500155693318,0.23378084853535142,0.14031044043441923,-0.12459874937991111,1.8762696230805314,0.21080000000000002,True
3900,0.25,0.13,0.17,0.25,0.2,0.8572765124519415,0.22915054602701024,0.13774518884468057,-0.10973341595948272,2.0882476319849586,0.21080000000000002,True
3901,0.27,0.15,0.15,0.23,0.2,0.8462236252248319,0.22670797312814606,0.13771668760143582,-0.10534262311667053,2.1521010814118355,0.21080000000000002,True
3902,0.23,0.15,0.15,0.27,0.2,0.8420518048561376,0.2257835099925649,0.13531432047210407,-0.1038095271485473,2.17497869602544,0.21080000000000002,True
3903,0.25,0.17,0.13,0.25,0.2,0.8310358269120357,0.2233356728751852,0.1352854065987722,-0.09935388806762924,2.247880553231724,0.21080000000000002,True
3904,0.2,0.13,0.25,0.25,0.17,0.830666968710698,0.22325353998966024,0.1270426350103276,-0.11324601913438292,1.9714029834879878,0.21080000000000002,True
3905,0.2,0.15,0.27,0.23,0.15,0.7978492364450347,0.21590147900739476,0.11954885620410874,-0.10866722290646424,1.9868132564060539,0.21080000000000002,True
3906,0.27,0.15,0.23,0.2,0.15,0.7897862514449336,0.21408148026006368,0.12023963751898019,-0.1021063314122932,2.096652355431596,0.21080000000000002,True
3907,0.2,0.15,0.23,0.27,0.15,0.7828559007782032,0.21251276901167304,0.11558572263115136,-0.09938056086156033,2.138373613202976,0.21080000000000002,True
3908,0.2,0.17,0.25,0.25,0.13,0.7496156456061194,0.20493165129387325,0.10812774823201492,-0.09454070840778184,2.1676551270373694,0.21080000000000002,True
3909,0.22,0.13,0.24,0.16,0.25,0.9618091810556986,0.25178574707175083,0.16601187869347042,-0.14421544091750116,1.745900060838739,0.211,True
3910,0.24,0.13,0.22,0.16,0.25,0.9568635274073332,0.2507331989609891,0.16536045422380524,-0.14070299891248994,1.7820032330436135,0.211,True
3911,0.16,0.13,0.24,0.22,0.25,0.9549435798862864,0.25032411234430874,0.16357760289564485,-0.14197628991627276,1.7631402573762958,0.211,True
3912,0.18,0.15,0.16,0.24,0.27,0.95411314044454,0.25014708615183867,0.16827616380897967,-0.13297415611565078,1.8811706985700276,0.211,True
3913,0.22,0.13,0.25,0.16,0.24,0.9494189118505216,0.24914546511768432,0.16202628718891718,-0.14246199206125487,1.7488556878423993,0.211,True
3914,0.16,0.13,0.22,0.24,0.25,0.9477516526533705,0.24878933024666505,0.1619703258640243,-0.13771428305795785,1.8065615615336037,0.211,True
3915,0.18,0.16,0.15,0.24,0.27,0.9475905928737316,0.24875491631109425,0.16770343207912117,-0.13057010123270374,1.9051445465892685,0.211,True
3916,0.16,0.13,0.25,0.22,0.24,0.9426289723537165,0.24769382693889863,0.159529410250716,-0.14021520794074793,1.7665261177915093,0.211,True
3917,0.25,0.13,0.22,0.16,0.24,0.941906089349777,0.24753908083176546,0.1610595385025356,-0.13715221626254648,1.8048492950191095,0.211,True
3918,0.24,0.13,0.16,0.22,0.25,0.935110524137363,0.24608248677432254,0.16090200145254988,-0.12776894109271952,1.925996135443786,0.211,True
3919,0.22,0.13,0.16,0.24,0.25,0.932864238445928,0.24560025722673196,0.15994402869696842,-0.12701940834033298,1.9335648027006713,0.211,True
3920,0.16,0.13,0.22,0.25,0.24,0.9317922926335724,0.24537000165274425,0.1570625122123751,-0.13377666445993575,1.8341764062014654,0.211,True
3921,0.25,0.13,0.16,0.22,0.24,0.9200348572250714,0.24283887710085117,0.156549913178036,-0.1241062715697171,1.9567010919704864,0.211,True
3922,0.24,0.13,0.25,0.16,0.22,0.9191016710619753,0.2426375398850873,0.15340474428077625,-0.13533139587221843,1.7929138934928939,0.211,True
3923,0.22,0.13,0.16,0.25,0.24,0.9167109795753374,0.24212144430719995,0.15504592990253288,-0.12297755974882785,1.9688262216433166,0.211,True
3924,0.24,0.16,0.13,0.22,0.25,0.9154430257408652,0.2418475478958455,0.15920444701751948,-0.12039278274991716,2.0088209805584207,0.211,True
3925,0.22,0.16,0.13,0.24,0.25,0.9132199329854709,0.24136703570462692,0.15823451143049375,-0.11963953498360802,2.017452138523415,0.211,True
3926,0.16,0.15,0.18,0.27,0.24,0.9114777983496678,0.2409902203610459,0.1541772819544539,-0.1245681155673184,1.934605972511572,0.211,True
3927,0.16,0.13,0.25,0.24,0.22,0.9102908152116875,0.24073335044221866,0.14973762772734087,-0.13231192684968007,1.8194380217568478,0.211,True
3928,0.16,0.13,0.24,0.25,0.22,0.9066471858202367,0.23994418294123476,0.14887460174113423,-0.1301348072610109,1.8438124894593313,0.211,True
3929,0.18,0.15,0.16,0.27,0.24,0.90645439470396,0.2399023986415858,0.15349418478933832,-0.12092889506559934,1.9838302376900727,0.211,True
3930,0.25,0.16,0.13,0.22,0.24,0.9003506552143199,0.2385780545078966,0.15483459477633454,-0.11665098116497374,2.0452297282479552,0.211,True
3931,0.18,0.16,0.15,0.27,0.24,0.8999244399713269,0.2384854716124909,0.15289493004146945,-0.11844538496349954,2.013463603381282,0.211,True
3932,0.22,0.16,0.13,0.25,0.24,0.8970613968018575,0.23786319933071165,0.1533111203549795,-0.11551667278898026,2.0591243981310607,0.211,True
3933,0.25,0.13,0.16,0.24,0.22,0.8871269494627829,0.2356991140014062,0.14679389791325503,-0.1158850974470702,2.0339035751258723,0.211,True
3934,0.24,0.13,0.16,0.25,0.22,0.8860491532744417,0.23546387428895876,0.14624363338870433,-0.1155058940274084,2.038544234228303,0.211,True
3935,0.25,0.16,0.13,0.24,0.22,0.867437816605505,0.23138755230821695,0.14502707390421468,-0.10826352626713909,2.137262292170963,0.211,True
3936,0.24,0.16,0.13,0.25,0.22,0.8663714467184234,0.23115317322757845,0.1444690886468634,-0.107882441688398,2.1426394287147223,0.211,True
3937,0.24,0.13,0.25,0.22,0.16,0.8174443895551435,0.22030197968477472,0.12457132047617503,-0.11052480430766842,1.993235645742643,0.211,True
3938,0.27,0.15,0.16,0.24,0.18,0.8157490335233097,0.2199225058155787,0.12871000774260785,-0.09896945626574616,2.2221250284032834,0.211,True
3939,0.22,0.13,0.25,0.24,0.16,0.8154202055213653,0.2198488764417197,0.12332776963898769,-0.10975171153688101,2.003147589801746,0.211,True
3940,0.25,0.13,0.24,0.22,0.16,0.8146992490047895,0.21968741266239644,0.12427760364426496,-0.10861610663828414,2.02260437666031,0.211,True
3941,0.24,0.15,0.16,0.27,0.18,0.8127010967596604,0.21923968738505883,0.12675450881205158,-0.09781108435585906,2.2414605545871957,0.211,True
3942,0.22,0.13,0.24,0.25,0.16,0.8116706930052282,0.21900867656949563,0.12237299896452004,-0.10745587415558466,2.038126610485662,0.211,True
3943,0.27,0.16,0.15,0.24,0.18,0.8091865186412899,0.2184513780169557,0.12807351043380377,-0.09631970542084689,2.267982206366625,0.211,True
3944,0.24,0.16,0.15,0.27,0.18,0.80614978059888,0.2177694240864354,0.1261068804383017,-0.09515941721386001,2.2884695016261323,0.211,True
3945,0.18,0.15,0.24,0.27,0.16,0.8019908222635912,0.21683421390815738,0.12034770518909477,-0.1052970617734541,2.0592617709948517,0.211,True
3946,0.18,0.16,0.24,0.27,0.15,0.7818208042716128,0.21227812219430087,0.11553842730389331,-0.10061897966530553,2.109722468866344,0.211,True
3947,0.15,0.24,0.16,0.27,0.18,0.7783427981011719,0.21148902394477775,0.12302888868561335,-0.09138011676245061,2.3143877622148277,0.211,True
3948,0.16,0.24,0.15,0.27,0.18,0.7756741063501464,0.2108828469060391,0.12270202085062001,-0.08940391878658105,2.3587651388016253,0.211,True
3949,0.22,0.16,0.25,0.24,0.13,0.7543174646040074,0.2060097950314297,0.10931558444747187,-0.09565614817745793,2.1536492839879724,0.211,True
3950,0.22,0.16,0.24,0.25,0.13,0.7505417749156453,0.20514416866567475,0.10829446439952731,-0.09328332495177194,2.1991515500946774,0.211,True
3951,0.2,0.14,0.23,0.16,0.27,0.9843935273812157,0.25656985672859944,0.17409394643100784,-0.1488074988882454,1.7241728988488927,0.21100000000000002,True
3952,0.2,0.13,0.24,0.17,0.26,0.9753278314185048,0.25465382689322325,0.16995845087312492,-0.1473185171510485,1.728593470922069,0.21100000000000002,True
3953,0.17,0.13,0.24,0.2,0.26,0.9718490936186983,0.2539170410920162,0.1687972754045907,-0.14620333192376633,1.7367390862501968,0.21100000000000002,True
3954,0.24,0.13,0.2,0.17,0.26,0.9655597999609629,0.25258278549610313,0.16863700213012897,-0.1403347588868542,1.79985904774846,0.21100000000000002,True
3955,0.23,0.14,0.16,0.2,0.27,0.9628311367924238,0.2520030219879428,0.1702408625333506,-0.13508566592154747,1.8655052722936303,0.21100000000000002,True
3956,0.2,0.14,0.16,0.23,0.27,0.9593737623507164,0.2512676556901303,0.1689481880257023,-0.13396886257594498,1.875567582337951,0.21100000000000002,True
3957,0.17,0.13,0.2,0.24,0.26,0.9575169057222221,0.25087235440168043,0.1656819327458797,-0.13772711024729767,1.8215175933861052,0.21100000000000002,True
3958,0.25,0.14,0.18,0.17,0.26,0.9565268608653554,0.2506614841797412,0.16777249769779165,-0.13618688611885543,1.8405699059818394,0.21100000000000002,True
3959,0.24,0.13,0.17,0.2,0.26,0.9547325459489289,0.25027913063232776,0.16645482131287148,-0.13391369588135527,1.8689584286738665,0.21100000000000002,True
3960,0.2,0.13,0.26,0.17,0.24,0.9507742030001904,0.24943481245127086,0.16197146739169113,-0.1438453511812139,1.7340484791686954,0.21100000000000002,True
3961,0.2,0.13,0.17,0.24,0.26,0.9501683789164737,0.2493054888555759,0.16465919364183693,-0.13242125970774832,1.882669666530807,0.21100000000000002,True
3962,0.23,0.16,0.14,0.2,0.27,0.9497423468368937,0.24921452892047813,0.1691238563105627,-0.13027798543030222,1.9129442944434085,0.21100000000000002,True
3963,0.17,0.14,0.18,0.25,0.26,0.947387341741599,0.2487114845643028,0.16431065073128046,-0.1332002069098922,1.867200437102565,0.21100000000000002,True
3964,0.17,0.13,0.26,0.2,0.24,0.9473713303463172,0.24870806303862647,0.16075068684734745,-0.14272256035813424,1.7425981037233527,0.21100000000000002,True
3965,0.2,0.16,0.14,0.23,0.27,0.9463083915292534,0.2484808783151471,0.16782104559592187,-0.12915749506686514,1.9238595343344802,0.21100000000000002,True
3966,0.18,0.14,0.17,0.25,0.26,0.9449386104541111,0.24818798935990194,0.1639671836862588,-0.13142202024165672,1.888481008765029,0.21100000000000002,True
3967,0.23,0.14,0.15,0.22,0.26,0.9434224221022742,0.24786363493499586,0.1647058363568667,-0.1289687567171065,1.9218890004397402,0.21100000000000002,True
3968,0.22,0.14,0.15,0.23,0.26,0.9422879171420062,0.24762082272214903,0.1642461347423426,-0.12859483729479515,1.925589144410943,0.21100000000000002,True
3969,0.26,0.14,0.18,0.17,0.25,0.9416798100101624,0.24749063377700353,0.16346839535943025,-0.1326021330835222,1.8664151776586915,0.21100000000000002,True
3970,0.23,0.15,0.14,0.22,0.26,0.9368727803680419,0.24646054434605102,0.1641457787548351,-0.12653600083358663,1.9477503850479891,0.21100000000000002,True
3971,0.26,0.13,0.2,0.17,0.24,0.9357423787124977,0.246218065189854,0.1600298218946587,-0.1332058348636519,1.8484030030807603,0.21100000000000002,True
3972,0.22,0.15,0.14,0.23,0.26,0.9357421598045326,0.24621801822340394,0.1636842373050355,-0.12616146494398395,1.9516103299270142,0.21100000000000002,True
3973,0.17,0.14,0.18,0.26,0.25,0.9315351510413099,0.24531475458363095,0.15939109508247784,-0.12922892493073002,1.898296025561815,0.21100000000000002,True
3974,0.18,0.14,0.17,0.26,0.25,0.9290537142813686,0.2447813638178984,0.15904903233355056,-0.12743345167667053,1.9208564203296312,0.21100000000000002,True
3975,0.24,0.17,0.13,0.2,0.26,0.928527687213897,0.24466823428250972,0.16419820141572947,-0.1241963348653794,1.970011712082437,0.21100000000000002,True
3976,0.17,0.13,0.2,0.26,0.24,0.9256759789987805,0.2440545758650421,0.15586277054128622,-0.12982672976190157,1.879848443480253,0.21100000000000002,True
3977,0.18,0.17,0.14,0.25,0.26,0.9253618044448118,0.24398693167200403,0.16222410527542228,-0.12413163243703496,1.9655500123690468,0.21100000000000002,True
3978,0.26,0.13,0.17,0.2,0.24,0.9247957735066286,0.24386504229010897,0.15779922868566554,-0.12667347209598923,1.9251469013600229,0.21100000000000002,True
3979,0.2,0.17,0.13,0.24,0.26,0.9240256686869248,0.24369916915482537,0.1623733420560229,-0.1226940226508092,1.9862350576637329,0.21100000000000002,True
3980,0.2,0.13,0.17,0.26,0.24,0.9181322260164364,0.24242831058451864,0.15484912367731307,-0.12441721367847036,1.9485110091841686,0.21100000000000002,True
3981,0.18,0.17,0.14,0.26,0.25,0.9094695011102529,0.24055555108918014,0.15727947827956462,-0.12006361629472562,2.0035674296089625,0.21100000000000002,True
3982,0.16,0.14,0.2,0.27,0.23,0.9054772568981468,0.23969057677643946,0.15064044827274128,-0.12516358627151847,1.915018448388628,0.21100000000000002,True
3983,0.27,0.14,0.16,0.2,0.23,0.9029411294149539,0.23914046229160646,0.152912884035752,-0.12050061063306816,1.9845580950606467,0.21100000000000002,True
3984,0.15,0.14,0.23,0.26,0.22,0.8989963601397148,0.238283825279332,0.1477525171986954,-0.12731049350353008,1.8716746650010028,0.21100000000000002,True
3985,0.26,0.14,0.15,0.22,0.23,0.8981822563371347,0.2381068887109803,0.15163528319343086,-0.11790152741803583,2.019540322550191,0.21100000000000002,True
3986,0.2,0.14,0.16,0.27,0.23,0.8952997001130165,0.23747998956085592,0.14929173121386374,-0.11785358308183469,2.0150425922642974,0.21100000000000002,True
3987,0.22,0.14,0.15,0.26,0.23,0.8938262131566423,0.23715928964163902,0.14952586014078004,-0.11638816664619589,2.0376580925324723,0.21100000000000002,True
3988,0.2,0.17,0.13,0.26,0.24,0.8919726031537867,0.2367556207402115,0.15249407279200158,-0.11447602442406657,2.068167740200085,0.21100000000000002,True
3989,0.26,0.15,0.14,0.22,0.23,0.891615910988639,0.23667791205025268,0.1510574839476877,-0.11538963146793435,2.0511194033583786,0.21100000000000002,True
3990,0.22,0.15,0.14,0.26,0.23,0.8872751785061548,0.23573145945330043,0.14893862912591535,-0.11387377278944244,2.0701119641410157,0.21100000000000002,True
3991,0.2,0.16,0.14,0.27,0.23,0.8822174166584562,0.2346268332777246,0.14809521037893641,-0.11282823228606886,2.07950464634457,0.21100000000000002,True
3992,0.17,0.13,0.26,0.24,0.2,0.8820262068155582,0.23458503382962426,0.14121764080502877,-0.12680752972205545,1.849929845205582,0.21100000000000002,True
3993,0.26,0.14,0.15,0.23,0.22,0.8816288142100837,0.2344981527184371,0.14675817348089923,-0.11374006184970364,2.0617023492417603,0.21100000000000002,True
3994,0.23,0.14,0.15,0.26,0.22,0.8784068675298247,0.23379329317242803,0.1450998042013205,-0.11260057204625618,2.0763064425319797,0.21100000000000002,True
3995,0.26,0.15,0.14,0.23,0.22,0.8750619594860318,0.23306068023422633,0.1461717697563268,-0.11120021335699626,2.095865405275889,0.21100000000000002,True
3996,0.17,0.13,0.24,0.26,0.2,0.8746720281306954,0.23297521947111144,0.13941752501108717,-0.12238320889930376,1.9036534633015072,0.21100000000000002,True
3997,0.23,0.15,0.14,0.26,0.22,0.87185143910702,0.2323566813182536,0.14450567985685026,-0.11005884236898533,2.1112041187862967,0.21100000000000002,True
3998,0.26,0.13,0.17,0.24,0.2,0.8583270766448479,0.2293822048787959,0.13834867803477618,-0.1101155057593245,2.0831054018872543,0.21100000000000002,True
3999,0.24,0.13,0.17,0.26,0.2,0.8562260623469469,0.22891882496222715,0.13715966767452942,-0.10935148775795767,2.093422134950042,0.21100000000000002,True
4000,0.27,0.14,0.16,0.23,0.2,0.852796016438855,0.2281615742994283,0.13833446954832887,-0.10792813965806347,2.1140137782628963,0.21100000000000002,True
4001,0.23,0.14,0.16,0.27,0.2,0.8486091023583655,0.22723596208172725,0.1359444909258859,-0.1063975746223974,2.1357250189976846,0.21100000000000002,True
4002,0.17,0.14,0.26,0.25,0.18,0.84550750546513,0.22654938218627185,0.13150464136364734,-0.11827791417957279,1.9153988617208648,0.21100000000000002,True
4003,0.17,0.14,0.25,0.26,0.18,0.84180546825753,0.2257288788972136,0.13056089505519658,-0.11602569278648966,1.945507701579508,0.21100000000000002,True
4004,0.27,0.16,0.14,0.23,0.2,0.8396605848309555,0.2252529931404934,0.13711679092957862,-0.1027410596212337,2.192434008087064,0.21100000000000002,True
4005,0.23,0.16,0.14,0.27,0.2,0.8355038374471124,0.2243296804706323,0.13470223075511883,-0.10120543072280974,2.216577498543986,0.21100000000000002,True
4006,0.2,0.13,0.26,0.24,0.17,0.8343956006957098,0.2240832793174714,0.12799865317591824,-0.11551429911549072,1.93987481232461,0.21100000000000002,True
4007,0.26,0.17,0.13,0.24,0.2,0.8320713068046168,0.2235661820841608,0.13590130497717942,-0.09973851129094158,2.2415231507918594,0.21100000000000002,True
4008,0.24,0.17,0.13,0.26,0.2,0.8300004592033587,0.22310510172298725,0.13468771278958716,-0.09896942953829702,2.254282991867251,0.21100000000000002,True
4009,0.2,0.13,0.24,0.26,0.17,0.8269366612252613,0.22242229949991832,0.12610178183326265,-0.11097066496123886,2.004334204698229,0.21100000000000002,True
4010,0.26,0.14,0.17,0.25,0.18,0.821301219876923,0.2211643809763435,0.12869867385265496,-0.10121703588462849,2.1850509555371302,0.21100000000000002,True
4011,0.25,0.14,0.17,0.26,0.18,0.8202815028541317,0.22093648704102242,0.12805048639707203,-0.10083155027787882,2.1911444030380354,0.21100000000000002,True
4012,0.2,0.14,0.27,0.23,0.16,0.8180420007570952,0.2204356875589033,0.12424985835545034,-0.11325635272740442,1.9463428077139986,0.21100000000000002,True
4013,0.27,0.14,0.23,0.2,0.16,0.8101260718237839,0.21866221690922272,0.12484622527225547,-0.10678208367753683,2.047742555479103,0.21100000000000002,True
4014,0.2,0.14,0.23,0.27,0.16,0.8030854837743124,0.2170805059766472,0.12037429198374697,-0.10407034483494926,2.0859016689233307,0.21100000000000002,True
4015,0.26,0.17,0.14,0.25,0.18,0.8016248789657299,0.2167518566822113,0.1267782321826974,-0.09326570873724305,2.3240251922908244,0.21100000000000002,True
4016,0.25,0.17,0.14,0.26,0.18,0.8006163606641656,0.2165248272489051,0.12611891372259865,-0.09287830686386522,2.331274487661286,0.21100000000000002,True
4017,0.23,0.14,0.26,0.22,0.15,0.7999144418299875,0.2163667669502085,0.12025044727680821,-0.10782807369407077,2.0065903019290054,0.21100000000000002,True
4018,0.22,0.14,0.26,0.23,0.15,0.7989155656687783,0.21614176599166224,0.11961760129887689,-0.1074397245941553,2.0117490696120077,0.21100000000000002,True
4019,0.26,0.14,0.23,0.22,0.15,0.7916042269713073,0.21449231519476109,0.11938776735819859,-0.10203249955548488,2.10219602704255,0.21100000000000002,True
4020,0.22,0.14,0.23,0.26,0.15,0.7876394847237314,0.21359598507048605,0.1166909284250105,-0.10047673346136976,2.1258253300263505,0.21100000000000002,True
4021,0.22,0.15,0.26,0.23,0.14,0.7785553944283774,0.21153728781269399,0.11496589487365733,-0.10276729130050732,2.0584106590308635,0.21100000000000002,True
4022,0.2,0.16,0.27,0.23,0.14,0.7775483368285909,0.21130863035681569,0.11487481324870132,-0.10400651188642362,2.0316865408155143,0.21100000000000002,True
4023,0.26,0.15,0.23,0.22,0.14,0.7711552033297624,0.20985501906962534,0.11478288736181098,-0.09729115758627582,2.156979362523569,0.21100000000000002,True
4024,0.17,0.25,0.14,0.26,0.18,0.770215523629638,0.20964106869289,0.12255128465666898,-0.08707847282567549,2.40749592740993,0.21100000000000002,True
4025,0.18,0.17,0.26,0.25,0.14,0.7690390636226583,0.20937310036799106,0.1127928724334358,-0.10057098008732557,2.081844088485494,0.21100000000000002,True
4026,0.17,0.26,0.14,0.25,0.18,0.7674349625047656,0.20900753451485632,0.12268682809488615,-0.08673533397593103,2.4097161437443213,0.21100000000000002,True
4027,0.22,0.15,0.23,0.26,0.14,0.7672531363111079,0.2089660833653708,0.11197291837482844,-0.09572732817710894,2.182930280669219,0.21100000000000002,True
4028,0.18,0.17,0.25,0.26,0.14,0.7652923036603863,0.20851888905834515,0.11176283897588722,-0.09822298990280476,2.122913273813821,0.21100000000000002,True
4029,0.2,0.16,0.23,0.27,0.14,0.7625200086597475,0.2078860643357563,0.1108188326859655,-0.09461715793318137,2.197128606236148,0.21100000000000002,True
4030,0.2,0.17,0.26,0.24,0.13,0.7533802671978287,0.2057950462252185,0.10917477113050683,-0.09691041375523879,2.123559669706741,0.21100000000000002,True
4031,0.2,0.17,0.24,0.26,0.13,0.7458495165413079,0.2040666703527647,0.10709719302773985,-0.09216337906033278,2.2141839029054786,0.21100000000000002,True
4032,0.19,0.15,0.15,0.25,0.26,0.9359463699274417,0.24626182972932842,0.16307473234710637,-0.12721266713628165,1.9358278957040542,0.2112,True
4033,0.25,0.14,0.15,0.21,0.25,0.9296651944705943,0.24491284540293679,0.16082623040373806,-0.12570056846621058,1.9483829579400154,0.2112,True
4034,0.21,0.14,0.15,0.25,0.25,0.9251881058486149,0.24394952987169694,0.1589026196014992,-0.12419902878422107,1.9641822666385427,0.2112,True
4035,0.25,0.15,0.14,0.21,0.25,0.923105494273218,0.24350091442312438,0.1602623709566743,-0.12324251353084259,1.9757866619799669,0.2112,True
4036,0.19,0.15,0.15,0.26,0.25,0.9200263584518966,0.24283704376400683,0.15815019667100258,-0.12318032538662382,1.9713947255928954,0.2112,True
4037,0.21,0.15,0.14,0.25,0.25,0.9186438676085926,0.2425387437940556,0.1583307862358903,-0.1217384971429264,1.9922929022961764,0.2112,True
4038,0.25,0.14,0.15,0.25,0.21,0.8638529455339319,0.23059927329903585,0.14128074307063543,-0.1091466153121593,2.1127478175985757,0.2112,True
4039,0.25,0.15,0.14,0.25,0.21,0.8572899581055449,0.2291535114664045,0.14068248430806826,-0.10657768784459842,2.150107739253404,0.2112,True
4040,0.26,0.15,0.15,0.25,0.19,0.8281637091832064,0.22269585267784753,0.13218472169641443,-0.10063457423387523,2.2129159324538037,0.2112,True
4041,0.25,0.15,0.15,0.26,0.19,0.8271355671221328,0.22246665110481056,0.13155347948098656,-0.10024978356162928,2.219123505319566,0.2112,True
4042,0.21,0.14,0.25,0.25,0.15,0.7941623126535344,0.21506993336081703,0.11801035998557716,-0.10473776265949009,2.053413476665763,0.2112,True
4043,0.19,0.15,0.26,0.25,0.15,0.793105828250785,0.214831444786022,0.11796329423988794,-0.10596816864836933,2.0273205390468725,0.2112,True
4044,0.19,0.15,0.25,0.26,0.15,0.7893609025628472,0.213985317693985,0.11696114607622668,-0.10365007758591382,2.0644974193735273,0.2112,True
4045,0.21,0.15,0.25,0.25,0.14,0.7738090590316367,0.21045885211473858,0.11331026884767095,-0.10003779764823129,2.103793336742451,0.2112,True
4046,0.18,0.14,0.24,0.17,0.27,0.9856117942847333,0.2568268916244518,0.17410804691194157,-0.15016052226945997,1.7103489501959859,0.2114,True
4047,0.17,0.14,0.24,0.18,0.27,0.984438108574808,0.2565792645041025,0.17374577205339578,-0.14978983219294306,1.712928446128472,0.2114,True
4048,0.22,0.13,0.23,0.16,0.26,0.9740540585103306,0.25438414623758887,0.17001869476801376,-0.1459536936290009,1.7429099594026507,0.2114,True
4049,0.23,0.13,0.22,0.16,0.26,0.971613122595419,0.2538670317889147,0.16968971136795025,-0.1442109861050962,1.7603862135989057,0.2114,True
4050,0.24,0.14,0.17,0.18,0.27,0.9675751112445266,0.2530106375268273,0.17139621539104755,-0.1375964742272453,1.8387872141910522,0.2114,True
4051,0.16,0.13,0.23,0.22,0.26,0.9671124768203498,0.25291244575457883,0.16764446489719775,-0.1437221280821167,1.7597321242702126,0.2114,True
4052,0.16,0.13,0.22,0.23,0.26,0.963533151663442,0.2521522315468492,0.16685851491080975,-0.14160610327427836,1.7806593481246558,0.2114,True
4053,0.17,0.14,0.18,0.24,0.27,0.9630599888619427,0.25205166719691063,0.16920826880129156,-0.137125217171858,1.8381131668948694,0.2114,True
4054,0.18,0.14,0.17,0.24,0.27,0.9606444470528472,0.2515380244648999,0.1688634580780106,-0.13536403717449463,1.85823376515173,0.2114,True
4055,0.25,0.14,0.19,0.16,0.26,0.9601345479211816,0.2514295451822153,0.16849962774922192,-0.13833062019882025,1.8175986258200814,0.2114,True
4056,0.23,0.13,0.16,0.22,0.26,0.9499809348811297,0.2492654702685997,0.16528088638380245,-0.1313870702757115,1.897184173035628,0.2114,True
4057,0.22,0.13,0.16,0.23,0.26,0.9488425403423733,0.24902237226779977,0.16482305324876353,-0.1310137666114487,1.9007343938620787,0.2114,True
4058,0.26,0.14,0.19,0.16,0.25,0.9453075717382426,0.2482668948288913,0.1642032945657763,-0.13476433051935122,1.8422300164452041,0.2114,True
4059,0.24,0.14,0.15,0.21,0.26,0.9445570527334208,0.24810637953934211,0.16518165595720796,-0.12934282939728914,1.9182074545258256,0.2114,True
4060,0.19,0.14,0.16,0.25,0.26,0.9424825899591778,0.2476624942553527,0.16365556934872388,-0.1296377808729311,1.910419112296496,0.2114,True
4061,0.21,0.14,0.15,0.24,0.26,0.9411535378909228,0.24737794284841153,0.16380275573011074,-0.12822107103618774,1.9293080368872775,0.2114,True
4062,0.18,0.17,0.14,0.24,0.27,0.9410768079260035,0.24736151091881298,0.16714546197823263,-0.12815174605819113,1.9302234930649411,0.2114,True
4063,0.24,0.15,0.14,0.21,0.26,0.9380035261264397,0.2467030029351429,0.16462348359328988,-0.1269106906922144,1.9439103324514286,0.2114,True
4064,0.22,0.13,0.26,0.16,0.23,0.9368857052363804,0.24646331627613582,0.15806579282812427,-0.14069314691390322,1.7517791142091546,0.2114,True
4065,0.21,0.15,0.14,0.24,0.26,0.9346116644742086,0.24597542451489662,0.16323906531100538,-0.1257870829285177,1.9554903316637016,0.2114,True
4066,0.23,0.16,0.13,0.22,0.26,0.9303320132640556,0.24505619433514636,0.16360091982353892,-0.12408867286192715,1.9748474109947098,0.2114,True
4067,0.16,0.13,0.26,0.22,0.23,0.9301711085642004,0.24502160697557285,0.15550364761922802,-0.13843868162779105,1.7698926636295391,0.2114,True
4068,0.19,0.16,0.14,0.25,0.26,0.9294189974419638,0.24485991101021587,0.16250902089005487,-0.12477306091965035,1.9624421265732785,0.2114,True
4069,0.22,0.16,0.13,0.23,0.26,0.9292052719155734,0.2448139546065793,0.16313756848468675,-0.12371351981615963,1.9788779348480015,0.2114,True
4070,0.19,0.14,0.16,0.26,0.25,0.9265650434799759,0.24424595840698737,0.1587398017284445,-0.12563183073333162,1.944140724379224,0.2114,True
4071,0.23,0.13,0.26,0.16,0.22,0.9216604013641954,0.2431894365025722,0.15375304428741948,-0.13712311720599257,1.7735115818381082,0.2114,True
4072,0.16,0.13,0.22,0.26,0.23,0.9156586524535084,0.24189413492110612,0.15213566111528037,-0.12979243427218023,1.8636998086794787,0.2114,True
4073,0.17,0.14,0.18,0.27,0.24,0.9155069976105534,0.24186136964238125,0.15444985779051412,-0.125210548140806,1.9316373359406998,0.2114,True
4074,0.26,0.14,0.15,0.21,0.24,0.9145687703866567,0.2416586256454034,0.15649896224469484,-0.12201332565967782,1.9805920733563385,0.2114,True
4075,0.16,0.13,0.26,0.23,0.22,0.9139325686954256,0.24152110945098193,0.15061436435993136,-0.13448248352462622,1.7959298722108665,0.2114,True
4076,0.19,0.16,0.14,0.26,0.25,0.9134965979400886,0.24142685595095825,0.1575761544530901,-0.12071408267192874,1.9999891529399865,0.2114,True
4077,0.18,0.14,0.17,0.27,0.24,0.9129933393840635,0.24131803754455228,0.1541092799782821,-0.12339750198312827,1.9556152569243006,0.2114,True
4078,0.21,0.14,0.15,0.26,0.24,0.9090482332496608,0.24046433458325467,0.15398210048791824,-0.12012903297421895,2.001717058979914,0.2114,True
4079,0.26,0.15,0.14,0.21,0.24,0.908003520987277,0.24023806665991176,0.15592937567188295,-0.11952889745202655,2.009874363279661,0.2114,True
4080,0.26,0.13,0.16,0.22,0.23,0.9047577191854583,0.23953455060859952,0.15222933483506393,-0.12039823415400641,1.9895188022625054,0.2114,True
4081,0.16,0.13,0.23,0.26,0.22,0.9030016839331825,0.23915360294021726,0.14802551402400727,-0.12795109494802637,1.8691016519816517,0.2114,True
4082,0.21,0.15,0.14,0.26,0.24,0.9025022167598697,0.2390452076042926,0.15340168888253558,-0.11764149552939229,2.0319803529237523,0.2114,True
4083,0.22,0.13,0.16,0.26,0.23,0.9003863445800273,0.23858580635890192,0.1501294919222793,-0.1188873688285138,2.0068221604184395,0.2114,True
4084,0.18,0.17,0.14,0.27,0.24,0.8934034787717864,0.23706725208889057,0.15231176071664845,-0.1159468363105779,2.0446202728108656,0.2114,True
4085,0.17,0.18,0.14,0.27,0.24,0.8894116223106705,0.2361974704825187,0.15202028071838064,-0.11528545295651993,2.0488055034280945,0.2114,True
4086,0.26,0.13,0.16,0.23,0.22,0.8882048634039688,0.23593428983831832,0.14736134258250713,-0.11626445962604692,2.029289867231805,0.2114,True
4087,0.26,0.16,0.13,0.22,0.23,0.8850586867256003,0.2352476160933139,0.15049618537474793,-0.11286240727085595,2.084375318424216,0.2114,True
4088,0.23,0.13,0.16,0.26,0.22,0.8849714748772524,0.23522857065338942,0.14571081587457338,-0.11512684926741967,2.0432120930105047,0.2114,True
4089,0.22,0.16,0.13,0.26,0.23,0.8807332442141844,0.2343023112679521,0.1483680551874021,-0.11134404831959155,2.1043092541007007,0.2114,True
4090,0.26,0.16,0.13,0.23,0.22,0.8685043028174315,0.23162186772271331,0.14560239855279034,-0.10864477186203714,2.1319191319839943,0.2114,True
4091,0.23,0.16,0.13,0.26,0.22,0.865305193194468,0.23091873043344702,0.1439287169959722,-0.10750151802383301,2.148050880381545,0.2114,True
4092,0.26,0.14,0.15,0.24,0.21,0.8649120248549698,0.23083225988587897,0.14186937727986557,-0.10952802357247993,2.1075178055516197,0.2114,True
4093,0.24,0.14,0.15,0.26,0.21,0.8627939814103767,0.23036622378357707,0.14070977078368743,-0.10876536812661142,2.1180107947174207,0.2114,True
4094,0.16,0.14,0.26,0.25,0.19,0.8613414035393228,0.23004640674250632,0.1359836530998857,-0.12205268336140629,1.8848123646845458,0.2114,True
4095,0.26,0.15,0.14,0.24,0.21,0.858345247328913,0.22938621090974176,0.1412739612844732,-0.1069597260848002,2.1446035746938894,0.2114,True
4096,0.16,0.14,0.25,0.26,0.19,0.8576568389858992,0.2292344215347939,0.13505692318659676,-0.11982035641809419,1.9131508901118324,0.2114,True
4097,0.24,0.15,0.14,0.26,0.21,0.8562347836036479,0.22892074916302652,0.14010872519788162,-0.1061958114417656,2.1556476291775346,0.2114,True
4098,0.17,0.14,0.27,0.24,0.18,0.8492078245596462,0.22736840877912634,0.13246299226641253,-0.120523180360943,1.8865118568743628,0.2114,True
4099,0.17,0.14,0.24,0.27,0.18,0.8381017163489681,0.22490689446380596,0.12963206085911888,-0.11376648381358645,1.9769169875402854,0.2114,True
4100,0.26,0.14,0.16,0.25,0.19,0.8347311377923652,0.22415789183562085,0.13281609960618132,-0.10325002369210368,2.1710202460008143,0.2114,True
4101,0.25,0.14,0.16,0.26,0.19,0.8336992412107633,0.22392840261256053,0.13218826321434424,-0.10286586822282695,2.1768970260134215,0.2114,True
4102,0.27,0.14,0.17,0.24,0.18,0.8223210468084301,0.2213922144045548,0.1293653731025542,-0.10160268689499274,2.1789996029668544,0.2114,True
4103,0.18,0.14,0.24,0.27,0.17,0.8220499732276643,0.2213316637758127,0.12516891912026779,-0.10990343042145956,2.0138740249239375,0.2114,True
4104,0.26,0.16,0.14,0.25,0.19,0.8216057031824513,0.22123241267317661,0.13157191548844258,-0.09800279521631261,2.2574092114910655,0.2114,True
4105,0.25,0.16,0.14,0.26,0.19,0.8205813104601722,0.22100349910418338,0.13093732149244297,-0.09761736888362316,2.2639772166739904,0.2114,True
4106,0.23,0.13,0.26,0.22,0.16,0.8201827491204932,0.22091441230259434,0.12490664218483478,-0.11242671191810494,1.9649637397873485,0.2114,True
4107,0.24,0.14,0.17,0.27,0.18,0.8192618957783344,0.22070853255523426,0.12742117100018996,-0.10044622996835406,2.1972804019102483,0.2114,True
4108,0.22,0.13,0.26,0.23,0.16,0.8191680835137778,0.22068755458267852,0.12429799131620319,-0.11204036413960505,1.9697147209169759,0.2114,True
4109,0.19,0.14,0.26,0.25,0.16,0.813292087748684,0.21937214478511713,0.12270916904288454,-0.11058425927080018,1.9837556107141412,0.2114,True
4110,0.26,0.13,0.23,0.22,0.16,0.8119473315999635,0.21907070601110812,0.12402570816293833,-0.10670058248282666,2.053135052438606,0.2114,True
4111,0.19,0.14,0.25,0.26,0.16,0.8095563985832257,0.21853438903007016,0.12172951631015808,-0.10829126217676721,2.0180242120860097,0.2114,True
4112,0.22,0.13,0.23,0.26,0.16,0.807919549377484,0.21816695022627397,0.12143403358588788,-0.10515281810970556,2.0747608494777685,0.2114,True
4113,0.27,0.17,0.14,0.24,0.18,0.8026335057479828,0.21697882580352812,0.12745624451064905,-0.09365327840567506,2.3168310762560553,0.2114,True
4114,0.24,0.17,0.14,0.27,0.18,0.7996079508815961,0.21629773746048575,0.12547866216459022,-0.09249107267659773,2.338579618562623,0.2114,True
4115,0.21,0.14,0.26,0.24,0.15,0.7979167977756321,0.21591670611934966,0.11900536496531303,-0.1070515426414762,2.016941566572947,0.2114,True
4116,0.21,0.14,0.24,0.26,0.15,0.7904062342685159,0.21422161823883057,0.11703115666078669,-0.10241666418225537,2.091667600671048,0.2114,True
4117,0.21,0.15,0.26,0.24,0.14,0.7775723227326801,0.2113140774800626,0.11432823036929775,-0.10237709454493171,2.0640757429125918,0.2114,True
4118,0.17,0.24,0.14,0.27,0.18,0.772998640853706,0.21027452120521395,0.12241838634147392,-0.08742053145361806,2.4053219273412614,0.2114,True
4119,0.19,0.16,0.26,0.25,0.14,0.7728117988075114,0.21023201571481542,0.11324134027309458,-0.1012799773993831,2.0757510133103163,0.2114,True
4120,0.21,0.15,0.24,0.26,0.14,0.7700442440745081,0.20960206285746175,0.11230843911990451,-0.09769104364178371,2.1455606885113903,0.2114,True
4121,0.19,0.16,0.25,0.26,0.14,0.7690580931426201,0.20937743576453904,0.11221530907188894,-0.09893628492438589,2.1162856066867692,0.2114,True
4122,0.17,0.27,0.14,0.24,0.18,0.7646569563844303,0.20837391851276688,0.12282501932044511,-0.08639110977927666,2.411983351587309,0.2114,True
4123,0.18,0.17,0.24,0.27,0.14,0.7615439952483127,0.20766311429193918,0.11074898094089182,-0.09586749627064095,2.1661472591887767,0.2114,True
4124,0.22,0.16,0.23,0.26,0.13,0.7467645801361815,0.20427695075847052,0.10729025764617296,-0.09090286413751303,2.2472003791811357,0.2114,True
4125,0.2,0.13,0.23,0.17,0.27,0.9873834367971872,0.25720049238297515,0.17398059447133996,-0.14903266467706033,1.72579946107992,0.2116,True
4126,0.17,0.13,0.23,0.2,0.27,0.9838665272884182,0.2564586355093541,0.17284744593729087,-0.14792124665985085,1.7337511770644287,0.2116,True
4127,0.23,0.13,0.2,0.17,0.27,0.980154353528802,0.2556746377488821,0.17298015331210279,-0.14383496401031493,1.7775555443567028,0.2116,True
4128,0.17,0.13,0.2,0.23,0.27,0.9731683435036036,0.2541965560316952,0.1705605550823151,-0.14160856580785497,1.7950648294581841,0.2116,True
4129,0.23,0.13,0.17,0.2,0.27,0.9693887151393763,0.25339541722013825,0.17082109057303435,-0.13746825683310326,1.8433013050262157,0.2116,True
4130,0.2,0.13,0.17,0.23,0.27,0.9659196078128269,0.2526591944023806,0.16953359843017005,-0.1363532936297175,1.8529746343238669,0.2116,True
4131,0.21,0.13,0.25,0.16,0.25,0.9642711011816956,0.25230904048460445,0.1663842404298148,-0.14596277202246033,1.7285848781070001,0.2116,True
4132,0.16,0.13,0.25,0.21,0.25,0.9585365587845724,0.251089456575061,0.1644009326617256,-0.14409781155130486,1.7424931986955445,0.2116,True
4133,0.24,0.15,0.15,0.19,0.27,0.9574311541176008,0.25085409293138405,0.17013939248598414,-0.13306213701445557,1.8852402235515864,0.2116,True
4134,0.25,0.13,0.21,0.16,0.25,0.9543798021459948,0.2502039363480615,0.16508159341914816,-0.13893782760447482,1.8008338021545622,0.2116,True
4135,0.19,0.15,0.15,0.24,0.27,0.9516883924084372,0.2496299112601006,0.1679770606806685,-0.13119772711878552,1.9026999685298465,0.2116,True
4136,0.16,0.13,0.21,0.25,0.25,0.944152711142979,0.24801988491709026,0.16118674659096444,-0.1355737412472685,1.8294094611192806,0.2116,True
4137,0.23,0.17,0.13,0.2,0.27,0.9432111423995477,0.24781842299860757,0.16858746500491925,-0.1278526424119153,1.9383128758511448,0.2116,True
4138,0.2,0.17,0.13,0.23,0.27,0.9397888733411244,0.2470856315752883,0.16727970713877424,-0.12673030528866058,1.949696491399494,0.2116,True
4139,0.2,0.13,0.27,0.17,0.23,0.9382810886436836,0.2467625044737627,0.15801393705159117,-0.142085939495894,1.7367130438750673,0.2116,True
4140,0.25,0.13,0.16,0.21,0.25,0.9362338530460861,0.2463235015104117,0.16140544637687293,-0.12814393859799245,1.9222407568036988,0.2116,True
4141,0.17,0.13,0.27,0.2,0.23,0.9349159094268134,0.24604072192549742,0.1567614741395495,-0.14095930990468353,1.7454733716550528,0.2116,True
4142,0.21,0.13,0.16,0.25,0.25,0.9317412817398076,0.2453590423128158,0.15948993403393733,-0.12664487290331805,1.937378408521325,0.2116,True
4143,0.25,0.16,0.13,0.21,0.25,0.9165547560395504,0.2420877042850571,0.15971408562233874,-0.12076964100801957,2.004541060687442,0.2116,True
4144,0.21,0.16,0.13,0.25,0.25,0.9121085706053378,0.24112667980071234,0.15777465751942576,-0.11926314528108872,2.021803795568246,0.2116,True
4145,0.27,0.13,0.17,0.2,0.23,0.9095227403371986,0.24056707794510368,0.15351885304188911,-0.12298618749510182,1.9560495600750676,0.2116,True
4146,0.17,0.13,0.2,0.27,0.23,0.9094936517556489,0.24056077998598524,0.15092311409433834,-0.1258061722846343,1.9121540351909014,0.2116,True
4147,0.19,0.15,0.15,0.27,0.24,0.9039319388312872,0.2393554381109806,0.15320372557926046,-0.11909985536804923,2.009703852043402,0.2116,True
4148,0.2,0.13,0.17,0.27,0.23,0.9018544637116781,0.23890460271672564,0.14991447596695867,-0.1203435306088485,1.9851885806245384,0.2116,True
4149,0.16,0.13,0.25,0.25,0.21,0.8938674061994616,0.23716825744117664,0.1448197185008422,-0.12828960287414892,1.8486942988968234,0.2116,True
4150,0.17,0.13,0.27,0.23,0.2,0.8857005984572395,0.2353877795621453,0.14213886439287407,-0.1290095808187829,1.8245759583762207,0.2116,True
4151,0.2,0.17,0.13,0.27,0.23,0.8756899039737751,0.23319828113252572,0.1475219546719533,-0.11029255156429851,2.11436110439947,0.2116,True
4152,0.17,0.13,0.23,0.27,0.2,0.8709922479117411,0.23216814240388484,0.13853915904925315,-0.12016087719780266,1.932144203821861,0.2116,True
4153,0.25,0.13,0.16,0.25,0.21,0.8704251992204197,0.23204367893657762,0.141896361863309,-0.11169982380937105,2.077386257408853,0.2116,True
4154,0.27,0.13,0.17,0.23,0.2,0.8593777548874082,0.22961380156302025,0.13896982796527818,-0.11049775726006483,2.07799513091118,0.2116,True
4155,0.23,0.13,0.17,0.27,0.2,0.8551757263681858,0.2286870416389637,0.1365924207984442,-0.10896972105225011,2.098629228658024,0.2116,True
4156,0.25,0.16,0.13,0.25,0.21,0.8507362405208676,0.227706388642696,0.14010187651944137,-0.10399289579638415,2.189634079317689,0.2116,True
4157,0.2,0.13,0.27,0.23,0.17,0.8381225537681838,0.22491152206044318,0.12896950986527447,-0.11777553784438943,1.9096624492397296,0.2116,True
4158,0.27,0.17,0.13,0.23,0.2,0.8331068988428283,0.22379662939503464,0.1365350878315433,-0.10012329931408503,2.235210294988268,0.2116,True
4159,0.27,0.15,0.15,0.24,0.19,0.8291919622625501,0.22292499305847446,0.1328341738772852,-0.10101952976722384,2.2067514427373953,0.2116,True
4160,0.23,0.17,0.13,0.27,0.2,0.8289652037168942,0.22287446858239401,0.1341085427626692,-0.09858513559718829,2.260730963469411,0.2116,True
4161,0.24,0.15,0.15,0.27,0.19,0.8261075361176071,0.22223738829514406,0.13094078690743777,-0.09986515764460446,2.225374630519608,0.2116,True
4162,0.2,0.13,0.23,0.27,0.17,0.8232046816515126,0.22158955324346508,0.12517642495401007,-0.10868820345044505,2.038763602753779,0.2116,True
4163,0.21,0.13,0.25,0.25,0.16,0.814408278239054,0.2196222353984183,0.12273610236459978,-0.10936541317965098,2.0081507399204175,0.2116,True
4164,0.17,0.23,0.13,0.27,0.2,0.8058224832158296,0.21769587797012524,0.13175044582405276,-0.09434174336097234,2.307524434196353,0.2116,True
4165,0.19,0.15,0.27,0.24,0.15,0.7968491582938053,0.21567603469637908,0.11898088975804276,-0.1082789540329957,1.9918555422197413,0.2116,True
4166,0.19,0.15,0.24,0.27,0.15,0.7856143846421129,0.21313764857511397,0.11597483552435991,-0.10132464614480763,2.103512389971827,0.2116,True
4167,0.2,0.17,0.27,0.23,0.13,0.7571433779043306,0.2066568602849561,0.1102378012426444,-0.09927253171878503,2.081712400267627,0.2116,True
4168,0.21,0.16,0.25,0.25,0.13,0.7533525933699203,0.2057887038990598,0.10864595055163101,-0.09526380975211679,2.1601981322659323,0.2116,True
4169,0.2,0.17,0.23,0.27,0.13,0.7420818834155234,0.20320009823142904,0.10608357695078503,-0.08977838886082368,2.263352025022793,0.2116,True
4170,0.21,0.13,0.24,0.16,0.26,0.9764876711606554,0.2548992850102372,0.1703780653714874,-0.14769054559835637,1.7259011670485285,0.2118,True
4171,0.16,0.13,0.24,0.21,0.26,0.9706897749552557,0.25367130849594366,0.16844338320445928,-0.145831903250476,1.73947745892232,0.2118,True
4172,0.24,0.13,0.21,0.16,0.26,0.9691648675464515,0.2533479378210617,0.1693912083923591,-0.14246239336486433,1.7783495829120697,0.2118,True
4173,0.16,0.13,0.21,0.24,0.26,0.9599518028966696,0.2513906622282347,0.16608570499493386,-0.13948380101646574,1.8022928855986553,0.2118,True
4174,0.21,0.13,0.26,0.16,0.24,0.9519087480181361,0.2496769286339986,0.16241223418592282,-0.14421991950979685,1.7312236026940653,0.2118,True
4175,0.24,0.13,0.16,0.21,0.26,0.9511194555667795,0.2495085005858979,0.16575479124404421,-0.13176052649120495,1.893651363047283,0.2118,True
4176,0.21,0.13,0.16,0.24,0.26,0.947704271988798,0.24877920653101815,0.1643814949844018,-0.1306406154049632,1.9043021633038537,0.2118,True
4177,0.16,0.13,0.26,0.21,0.24,0.9462372937226418,0.2484656794415856,0.16037827146165015,-0.1423486011615226,1.7454732776731134,0.2118,True
4178,0.24,0.16,0.13,0.21,0.26,0.9314588793314236,0.24529836660504079,0.16408047906451925,-0.12446398059241592,1.9708381930055978,0.2118,True
4179,0.16,0.13,0.21,0.26,0.24,0.9281761722294637,0.24459262456206643,0.15626743242215008,-0.13161759939987927,1.85835804388855,0.2118,True
4180,0.21,0.16,0.13,0.24,0.26,0.9280786553242675,0.24457164736711934,0.16269063254364458,-0.1233385213595003,1.9829299449298199,0.2118,True
4181,0.26,0.13,0.16,0.21,0.24,0.9211430603158752,0.24307788992216817,0.1570843214182077,-0.12448282012966827,1.9527023059805733,0.2118,True
4182,0.21,0.13,0.16,0.26,0.24,0.9156032643606014,0.24188216843284427,0.15457845435193282,-0.1226016334399167,1.972911466562012,0.2118,True
4183,0.26,0.16,0.13,0.21,0.24,0.9014473157033356,0.23881620855763463,0.15537579301025753,-0.11702939963302306,2.040651403036388,0.2118,True
4184,0.16,0.13,0.26,0.24,0.21,0.8975252549657706,0.23796405974380375,0.14571182322119328,-0.1304791803172669,1.8237703453162548,0.2118,True
4185,0.21,0.16,0.13,0.26,0.24,0.8959652184768707,0.2376247830965954,0.15283745950284972,-0.11513888534393324,2.063810001171911,0.2118,True
4186,0.16,0.13,0.24,0.26,0.21,0.8902077210100574,0.23637102937083387,0.14394161805006017,-0.12609336547249284,1.874571500928001,0.2118,True
4187,0.26,0.13,0.16,0.24,0.21,0.8714880738208652,0.23227695232891654,0.14248210802529743,-0.112080602634968,2.0724099163297014,0.2118,True
4188,0.24,0.13,0.16,0.26,0.21,0.8693624402934645,0.2318103425469784,0.14132822044997373,-0.1113192053008415,2.0823930778207425,0.2118,True
4189,0.26,0.16,0.13,0.24,0.21,0.8517877448283075,0.22793880060260774,0.14069614823205656,-0.10437556453572694,2.183832984439438,0.2118,True
4190,0.24,0.16,0.13,0.26,0.21,0.8496848504588999,0.2274739138912536,0.13952537734290185,-0.10361038966193514,2.1954739735413233,0.2118,True
4191,0.21,0.13,0.26,0.24,0.16,0.8181535282366827,0.22046063716326847,0.12370941589660112,-0.11165418136971184,1.9744951282502734,0.2118,True
4192,0.21,0.13,0.24,0.26,0.16,0.8106613929716628,0.2187823121456891,0.12177825869215589,-0.10706946138734885,2.0433680090552886,0.2118,True
4193,0.21,0.16,0.26,0.24,0.13,0.757124179104395,0.20665246656956393,0.1096881520931335,-0.09762914333614892,2.116708797270038,0.2118,True
4194,0.21,0.16,0.24,0.26,0.13,0.7495794983861812,0.20492335512999604,0.10762020556275934,-0.09289087658722661,2.206065467985636,0.2118,True
4195,0.24,0.14,0.16,0.19,0.27,0.963983851478857,0.2522480066690771,0.1707034109415578,-0.13545823662483047,1.8621828613324662,0.21180000000000002,True
4196,0.19,0.14,0.16,0.24,0.27,0.9582215608703022,0.25102239599321896,0.16854958702861916,-0.13359689740769076,1.87895378458668,0.21180000000000002,True
4197,0.24,0.16,0.14,0.19,0.27,0.9508872532412862,0.249458942009551,0.16958995869498322,-0.1306517879469984,1.909341968674391,0.21180000000000002,True
4198,0.19,0.16,0.14,0.24,0.27,0.9451639945228383,0.24823619082174964,0.16741924959765428,-0.12878430369543603,1.9275345185606407,0.21180000000000002,True
4199,0.16,0.14,0.19,0.27,0.24,0.9180134728311005,0.2424026759754465,0.15482418605244014,-0.12701738160209586,1.908421295715379,0.21180000000000002,True
4200,0.19,0.14,0.16,0.27,0.24,0.9104725022821456,0.24077267545674408,0.1538025870020688,-0.12157821103086008,1.980393307445764,0.21180000000000002,True
4201,0.19,0.16,0.14,0.27,0.24,0.8974003768666856,0.23793690811111357,0.15262089380449348,-0.11660651174348657,2.0405113278281757,0.21180000000000002,True
4202,0.16,0.14,0.27,0.24,0.19,0.8650242097490137,0.2308569342440474,0.13692471669703507,-0.12427815950855559,1.857582500070374,0.21180000000000002,True
4203,0.16,0.14,0.24,0.27,0.19,0.8539705195008345,0.22842097429564245,0.13414481224638622,-0.1175811469961272,1.9426666615453752,0.21180000000000002,True
4204,0.27,0.14,0.16,0.24,0.19,0.8357631458682475,0.22438731980007476,0.1334620869870231,-0.10363434323960863,2.1651830154534606,0.21180000000000002,True
4205,0.24,0.14,0.16,0.27,0.19,0.8326674561617105,0.2236988520865959,0.13157891377785605,-0.10248187672672604,2.1828137738256106,0.21180000000000002,True
4206,0.27,0.16,0.14,0.24,0.19,0.8226302064470017,0.22146126511588626,0.13222477698950622,-0.0983883871980672,2.2508882544243676,0.21180000000000002,True
4207,0.24,0.16,0.14,0.27,0.19,0.8195570283184399,0.22077452436476364,0.13032133834138762,-0.09723210809327754,2.2705927979363394,0.21180000000000002,True
4208,0.19,0.14,0.27,0.24,0.16,0.8170261392624001,0.22020838408526688,0.12370397533233002,-0.11287008525566211,1.9509897913736196,0.21180000000000002,True
4209,0.19,0.14,0.24,0.27,0.16,0.8058190751781251,0.2176951121123698,0.12076537526352028,-0.10599106017466908,2.0539006945832683,0.21180000000000002,True
4210,0.19,0.16,0.27,0.24,0.14,0.7765639508343258,0.21108503710911153,0.11428310464763744,-0.1036162259176191,2.037181293178313,0.21180000000000002,True
4211,0.19,0.16,0.24,0.27,0.14,0.7653028372517596,0.2085212922703703,0.11120543687677006,-0.0965851128579861,2.1589382266081683,0.21180000000000002,True
4212,0.23,0.14,0.15,0.21,0.27,0.9592405601339409,0.25123930694130037,0.16956103119965832,-0.13294092658539436,1.8898567461083344,0.212,True
4213,0.21,0.14,0.15,0.23,0.27,0.9569409485271012,0.25074968960170474,0.16868209459665745,-0.13219600226521733,1.8968023639522766,0.212,True
4214,0.23,0.15,0.14,0.21,0.27,0.9526938315057261,0.2498444134849902,0.16900847507147965,-0.13053425783461525,1.9140141264796475,0.212,True
4215,0.21,0.15,0.14,0.23,0.27,0.9504020265072499,0.24935536813492143,0.16812613711741645,-0.129788106067391,1.9212497638685513,0.212,True
4216,0.27,0.14,0.15,0.21,0.23,0.8992715655227965,0.23834362672487774,0.15220469958912117,-0.11828026251179635,2.0150752261063607,0.212,True
4217,0.21,0.14,0.15,0.27,0.23,0.8927375009435052,0.23692222787745143,0.14904181649513226,-0.11601022086003165,2.042253054265815,0.212,True
4218,0.27,0.15,0.14,0.21,0.23,0.8927013913097963,0.23691436362361773,0.15162938403254353,-0.1157689928936324,2.046440568428307,0.212,True
4219,0.21,0.15,0.14,0.27,0.23,0.8861902927775105,0.23549468448518418,0.14845236400766065,-0.11349520437806193,2.074930705448416,0.212,True
4220,0.15,0.14,0.23,0.27,0.21,0.8825712794905118,0.23470418203241294,0.1427925661177573,-0.123240755006232,1.9044364181357418,0.212,True
4221,0.27,0.14,0.15,0.23,0.21,0.8659712193351958,0.23106518359044093,0.1424753824833503,-0.10990959300967273,2.102320436853094,0.212,True
4222,0.23,0.14,0.15,0.27,0.21,0.8617351325225906,0.2301331112931031,0.14015675020888166,-0.10838428191381888,2.123307062882901,0.212,True
4223,0.27,0.15,0.14,0.23,0.21,0.859400651235471,0.2296188475392973,0.14188286241034415,-0.10734192626527095,2.1391347773268663,0.212,True
4224,0.23,0.15,0.14,0.27,0.21,0.8551797238615213,0.2286879239532913,0.13955297655276488,-0.10581409677348808,2.1612236075013165,0.212,True
4225,0.21,0.14,0.27,0.23,0.15,0.8016696862226713,0.21676194136110727,0.1200157884577408,-0.10935803868689387,1.9821308425412107,0.212,True
4226,0.21,0.14,0.23,0.27,0.15,0.7866485660326932,0.2133717558768311,0.11606814522755696,-0.10008821243212762,2.131837013489715,0.212,True
4227,0.21,0.15,0.27,0.23,0.14,0.7813340317655035,0.2121677439428744,0.1153619059758327,-0.1047089698193775,2.026261401567247,0.212,True
4228,0.27,0.15,0.23,0.21,0.14,0.7721309816099593,0.2100771084444586,0.11553577975852852,-0.09768254148295308,2.1506105927958465,0.212,True
4229,0.21,0.15,0.23,0.27,0.14,0.7662778812733975,0.2087437046877274,0.11132316758547395,-0.09533679681148888,2.1895397335456948,0.212,True
4230,0.19,0.13,0.25,0.17,0.26,0.9777515318211287,0.2551666478661152,0.170364973482213,-0.1490498182280524,1.711955444827847,0.21200000000000002,True
4231,0.17,0.13,0.25,0.19,0.26,0.9754270749029224,0.254674833656104,0.16960848411376983,-0.1483067607933748,1.7172166143586955,0.21200000000000002,True
4232,0.19,0.13,0.26,0.17,0.25,0.9655760005550427,0.25258622605974157,0.16637487707152787,-0.14733119848005283,1.7144109914638292,0.21200000000000002,True
4233,0.17,0.13,0.26,0.19,0.25,0.963276899843255,0.2520977706964176,0.16559948962131088,-0.14658561505854106,1.7197988397138337,0.21200000000000002,True
4234,0.25,0.13,0.19,0.17,0.26,0.9630995052873625,0.2520600664968031,0.16838327364973552,-0.13857403205463004,1.8189559960082096,0.21200000000000002,True
4235,0.25,0.13,0.17,0.19,0.26,0.9558739043088076,0.2505223716517482,0.16694375841327652,-0.1342871856119625,1.8655716888405118,0.21200000000000002,True
4236,0.17,0.13,0.19,0.25,0.26,0.9539288101187988,0.2501077853395701,0.16493632583620207,-0.1355922887622396,1.8445575896881043,0.21200000000000002,True
4237,0.19,0.13,0.17,0.25,0.26,0.9490276539515676,0.24906190872347378,0.1642513201967405,-0.1320485308860183,1.8861391872542612,0.21200000000000002,True
4238,0.26,0.13,0.19,0.17,0.25,0.9482588852925409,0.24889769917031157,0.16408601998054176,-0.13501448464413823,1.8434888658527178,0.21200000000000002,True
4239,0.26,0.13,0.17,0.19,0.25,0.9409931264696672,0.24734358981479931,0.16263125960732994,-0.1306907346513846,1.8925870336147725,0.21200000000000002,True
4240,0.17,0.13,0.19,0.26,0.25,0.93807932344005,0.246719252295291,0.16002689623350577,-0.13164685485256133,1.8740991007465062,0.21200000000000002,True
4241,0.19,0.13,0.17,0.26,0.25,0.9331126494386912,0.2456536041298547,0.1593447428482027,-0.12806873041625633,1.9181388253902205,0.21200000000000002,True
4242,0.19,0.17,0.13,0.25,0.26,0.9229004760883461,0.2434567339369731,0.16195864620096243,-0.12231883192310644,1.9903454775468903,0.21200000000000002,True
4243,0.19,0.17,0.13,0.26,0.25,0.9069757655301405,0.24001539069102273,0.15701790138820107,-0.11823296929677118,2.0300208319100155,0.21200000000000002,True
4244,0.17,0.13,0.26,0.25,0.19,0.8652771187944439,0.23091255635967833,0.13630838982169186,-0.12270888551877301,1.8817916517084774,0.21200000000000002,True
4245,0.17,0.13,0.25,0.26,0.19,0.861585668845793,0.23010019877053023,0.13538382434442875,-0.12048047355602598,1.909854700758034,0.21200000000000002,True
4246,0.26,0.13,0.17,0.25,0.19,0.8413079854243204,0.22561853519775887,0.13346571087461512,-0.10584929510246732,2.131507205403201,0.21200000000000002,True
4247,0.25,0.13,0.17,0.26,0.19,0.8402723291404528,0.22538875867667052,0.132841330668789,-0.10546577435068527,2.1370796361597666,0.21200000000000002,True
4248,0.19,0.13,0.26,0.25,0.17,0.8333665013046427,0.22385438437469452,0.12747084360471694,-0.11512989984919164,1.9443635812062792,0.21200000000000002,True
4249,0.19,0.13,0.25,0.26,0.17,0.8296405052071603,0.22302492141336483,0.12651235581621992,-0.11286150348366797,1.9760938365103249,0.21200000000000002,True
4250,0.26,0.17,0.13,0.25,0.19,0.815057123375718,0.2197675667362715,0.1309780189313237,-0.09535453323010057,2.304741676055916,0.21200000000000002,True
4251,0.25,0.17,0.13,0.26,0.19,0.814036474810498,0.2195389415273834,0.13034013093515145,-0.0949684708082491,2.3117034491442388,0.21200000000000002,True
4252,0.19,0.17,0.26,0.25,0.13,0.7524140754154289,0.20557357353107397,0.10855320505315406,-0.0965179829732109,2.1298991876791713,0.21200000000000002,True
4253,0.19,0.17,0.25,0.26,0.13,0.748652046319092,0.2047104561161328,0.10750186400774109,-0.09414816690597061,2.174343514522009,0.21200000000000002,True
4254,0.25,0.14,0.15,0.2,0.26,0.9456918089971946,0.2483490565875166,0.16567338721432764,-0.12971705542958534,1.9145443578337207,0.21220000000000003,True
4255,0.2,0.14,0.15,0.25,0.26,0.9400192843873028,0.24713499526131422,0.1633759020044837,-0.12784745784719886,1.9330458299506106,0.21220000000000003,True
4256,0.25,0.15,0.14,0.2,0.26,0.9391343970414296,0.2469453940429127,0.16511714403173866,-0.1272855346148265,1.9400900093650388,0.21220000000000003,True
4257,0.2,0.15,0.14,0.25,0.26,0.9334812944153399,0.24573276316814474,0.16281046689565656,-0.12541285469238428,1.9593905566609107,0.21220000000000003,True
4258,0.26,0.14,0.15,0.2,0.25,0.9307847755091958,0.2451535077829401,0.16134783296083027,-0.12607634047346594,1.9444846421009117,0.21220000000000003,True
4259,0.26,0.15,0.14,0.2,0.25,0.9242212086324619,0.2437412907615728,0.1607860835607754,-0.12361890651842411,1.9717153114054258,0.21220000000000003,True
4260,0.2,0.14,0.15,0.26,0.25,0.9240691427676626,0.24370853423045924,0.1584635075578373,-0.12382403047208879,1.9681844735735174,0.21220000000000003,True
4261,0.2,0.15,0.14,0.26,0.25,0.9175287688269538,0.24229803456277277,0.15788980552872908,-0.12136288145448693,1.9964756246632007,0.21220000000000003,True
4262,0.26,0.14,0.15,0.25,0.2,0.8480354691212568,0.22710903862390053,0.13697108129988994,-0.10526448506409036,2.157508664822946,0.21220000000000003,True
4263,0.25,0.14,0.15,0.26,0.2,0.8469913398395017,0.22687794465194533,0.13636254565102426,-0.10488165155018592,2.1631805115443297,0.21220000000000003,True
4264,0.26,0.15,0.14,0.25,0.2,0.8414693553667367,0.22565432987988854,0.13636623019837787,-0.10266723012246337,2.1979197219085767,0.21220000000000003,True
4265,0.25,0.15,0.14,0.26,0.2,0.8404289970372381,0.22542352343016914,0.13575460943851397,-0.10228376452431565,2.2039032731981605,0.21220000000000003,True
4266,0.2,0.14,0.26,0.25,0.15,0.7969181381888388,0.21569158729186544,0.1184141428571145,-0.10666352772814125,2.0221681383125594,0.21220000000000003,True
4267,0.2,0.14,0.25,0.26,0.15,0.793166269719674,0.21484509124277174,0.11741574257298205,-0.10434963381030438,2.0588964560559493,0.21220000000000003,True
4268,0.2,0.15,0.26,0.25,0.14,0.7765893572817752,0.21109080896309185,0.11371216481605734,-0.10198706700522986,2.069780170776626,0.21220000000000003,True
4269,0.2,0.15,0.25,0.26,0.14,0.7728286993856166,0.21023586062195032,0.11269030770026744,-0.09964765762231287,2.10979229856854,0.21220000000000003,True
4270,0.19,0.13,0.24,0.17,0.27,0.9897783809856333,0.2577051810510169,0.174373647677569,-0.15075366043317961,1.70944559694617,0.2124,True
4271,0.21,0.13,0.23,0.16,0.27,0.9885560036134287,0.2574476390421132,0.17439025993920695,-0.1494034350861294,1.7231708152740768,0.2124,True
4272,0.17,0.13,0.24,0.19,0.27,0.9874284615783444,0.25720998423321606,0.1736353155676947,-0.1500131131989918,1.7145833370715269,0.2124,True
4273,0.23,0.13,0.21,0.16,0.27,0.9837388021120859,0.2564316766664121,0.17372609831156832,-0.14594466323057909,1.7570473012861987,0.2124,True
4274,0.16,0.13,0.23,0.21,0.27,0.9826944878931114,0.256211210736526,0.17250226234162447,-0.14755107142531176,1.7364239260452705,0.2124,True
4275,0.24,0.13,0.19,0.17,0.27,0.9777299226400429,0.25516207751861364,0.17270653639113023,-0.1420907285765758,1.7957686618596036,0.2124,True
4276,0.16,0.13,0.21,0.23,0.27,0.9755698666410444,0.2547050569970606,0.1709639686767823,-0.14334857920772348,1.7768230309975568,0.2124,True
4277,0.24,0.13,0.17,0.19,0.27,0.9705453417394356,0.2536406872550292,0.17128182153938226,-0.13784021276523473,1.8401066145118503,0.2124,True
4278,0.17,0.13,0.19,0.24,0.27,0.9695981666440485,0.2534398398652944,0.16982436376270363,-0.1394918870166748,1.8168787109102502,0.2124,True
4279,0.23,0.13,0.16,0.21,0.27,0.9657960828367822,0.2526329636515383,0.1701281776552769,-0.13533339134345834,1.866745236660693,0.2124,True
4280,0.19,0.13,0.17,0.24,0.27,0.9647634963228056,0.252413649045633,0.16913663056703887,-0.13598194045410583,1.8562292036921118,0.2124,True
4281,0.21,0.13,0.16,0.23,0.27,0.9634886542581156,0.2521427749138936,0.16925269520686048,-0.13458969299601775,1.8734181593040264,0.2124,True
4282,0.19,0.13,0.27,0.17,0.24,0.9532542415289169,0.249963940429329,0.16240681538392127,-0.14559760810185718,1.7168135087388197,0.2124,True
4283,0.17,0.13,0.27,0.19,0.24,0.9509803907409085,0.2494788206716514,0.16161175661812796,-0.14484948277940102,1.7223314566583297,0.2124,True
4284,0.23,0.16,0.13,0.21,0.27,0.94615590053776,0.2484482792277376,0.16847070247111198,-0.12811325822147634,1.9392862431008628,0.2124,True
4285,0.21,0.16,0.13,0.23,0.27,0.9438718917841653,0.24795980646183846,0.16758501823562208,-0.1273658775717067,1.9468307461096686,0.2124,True
4286,0.21,0.13,0.27,0.16,0.23,0.93940306601153,0.24700296674962074,0.15846594231561684,-0.14246178979578172,1.733819061965305,0.2124,True
4287,0.19,0.17,0.13,0.24,0.27,0.9386483707991187,0.24684123062873042,0.16687635137626075,-0.1263564997454233,1.9535301399299103,0.2124,True
4288,0.16,0.13,0.27,0.21,0.23,0.9337944341110074,0.2457999956681689,0.15637921034928332,-0.14058407349683333,1.7484199280490018,0.2124,True
4289,0.27,0.13,0.17,0.19,0.24,0.925906793263237,0.24410426725930057,0.1583485751675349,-0.12705005892398213,1.9213235265428368,0.2124,True
4290,0.17,0.13,0.19,0.27,0.24,0.9220532874572847,0.24327413533015596,0.1550963706559719,-0.12765477238572787,1.9057190795426513,0.2124,True
4291,0.19,0.13,0.17,0.27,0.24,0.917022063633647,0.24218862451746004,0.1544172345505379,-0.12404171347017356,1.952477257384029,0.2124,True
4292,0.16,0.13,0.21,0.27,0.23,0.9120257670055598,0.2411087680217503,0.15132828947022967,-0.12761455599358207,1.8893516193707247,0.2124,True
4293,0.27,0.13,0.16,0.21,0.23,0.9058508624173696,0.23977157473986166,0.15279622786275046,-0.12077634354276645,1.985252804535844,0.2124,True
4294,0.16,0.13,0.27,0.23,0.21,0.9011812638968772,0.23875844037249894,0.14661768863117702,-0.13266212804987176,1.7997483070883826,0.2124,True
4295,0.21,0.13,0.16,0.27,0.23,0.899293800700659,0.23834845812148786,0.14964770411476166,-0.11851004506431606,2.0112089063178975,0.2124,True
4296,0.19,0.17,0.13,0.27,0.24,0.8908778199739653,0.23651708106018776,0.15205433475834626,-0.1140980437843011,2.072928450090837,0.2124,True
4297,0.16,0.13,0.23,0.27,0.21,0.8865462028096915,0.23557237141508036,0.14307776774811007,-0.12389043767998453,1.9014572538969965,0.2124,True
4298,0.27,0.16,0.13,0.21,0.23,0.8861403433639785,0.23548378090118116,0.15107052736860474,-0.11324239563196836,2.079466613073876,0.2124,True
4299,0.17,0.19,0.13,0.27,0.24,0.8829102424355058,0.23477826482049902,0.1514532370001605,-0.11276645364352311,2.0819867720827614,0.2124,True
4300,0.21,0.16,0.13,0.27,0.23,0.8796521797882897,0.23406582342054283,0.1478796048628376,-0.11096485670336909,2.109368951345081,0.2124,True
4301,0.27,0.13,0.16,0.23,0.21,0.8725510640564951,0.23251016277040693,0.1430851708327559,-0.11246154187894575,2.0674637648191077,0.2124,True
4302,0.17,0.13,0.27,0.24,0.19,0.8689668086231759,0.2317234561680912,0.13724726519808772,-0.12493046757623649,1.8548194100585293,0.2124,True
4303,0.23,0.13,0.16,0.27,0.21,0.8682997970782917,0.2315769431136414,0.14077797073065387,-0.11093874700815598,2.087430671058655,0.2124,True
4304,0.17,0.13,0.24,0.27,0.19,0.8578924621893436,0.22928637907542893,0.13447385217675223,-0.11824520014329598,1.9390755717573922,0.2124,True
4305,0.27,0.16,0.13,0.23,0.21,0.8528393633429387,0.22817114981716768,0.14130789601545712,-0.10475839598367331,2.1780702890174872,0.2124,True
4306,0.23,0.16,0.13,0.27,0.21,0.8486335746806979,0.22724137630204133,0.1389669460706414,-0.10322804602876057,2.2013530725819335,0.2124,True
4307,0.27,0.13,0.17,0.24,0.19,0.8423437536784624,0.2258482503939696,0.1341081817024275,-0.10623297915465268,2.1259711644270323,0.2124,True
4308,0.24,0.13,0.27,0.19,0.17,0.842250627277656,0.22582760011834235,0.13126834629624579,-0.11931429459648069,1.8927120248423561,0.2124,True
4309,0.24,0.13,0.17,0.27,0.19,0.8392367848651474,0.22515892078633404,0.1322353733003977,-0.10508241679507646,2.142688830857606,0.2124,True
4310,0.19,0.13,0.27,0.24,0.17,0.8370908177435339,0.22468235098403744,0.1284441873022911,-0.11739125609282386,1.9139615543969999,0.2124,True
4311,0.19,0.13,0.24,0.27,0.17,0.8259128328632159,0.22219395752460946,0.12556905308368507,-0.1105860340687187,2.0092406730721266,0.2124,True
4312,0.21,0.13,0.27,0.23,0.16,0.8218971395524404,0.22129752214951748,0.12469784738340803,-0.11393579961908618,1.942300162805426,0.2124,True
4313,0.27,0.17,0.13,0.24,0.19,0.8160778820071992,0.21999613088492764,0.13163423049013487,-0.09574076209409721,2.297831415512529,0.2124,True
4314,0.24,0.17,0.13,0.27,0.19,0.8130159363498157,0.21931025521419723,0.12972091345231002,-0.09458257472097731,2.318717330979538,0.2124,True
4315,0.27,0.13,0.23,0.21,0.16,0.8129545489888972,0.21929649655412597,0.12472179499372692,-0.10708793921436743,2.0478169452410575,0.2124,True
4316,0.21,0.13,0.23,0.27,0.16,0.8069128758466271,0.21794086266705515,0.12083624257610746,-0.10476629211961819,2.0802574784093584,0.2124,True
4317,0.17,0.24,0.13,0.27,0.19,0.7862394632049439,0.21327915820810528,0.1267824691007221,-0.0895554255283274,2.3815325196645136,0.2124,True
4318,0.21,0.16,0.27,0.23,0.13,0.7608942521774942,0.20751464827934463,0.11074635429370917,-0.09998691378870073,2.075418076388266,0.2124,True
4319,0.19,0.17,0.27,0.24,0.13,0.7561745928805259,0.2064351103433104,0.10962055210227645,-0.09888021295984062,2.0877292247251966,0.2124,True
4320,0.21,0.16,0.23,0.27,0.13,0.7458048975653147,0.20405641509224126,0.10661138366644222,-0.09051030715750197,2.254510248618994,0.2124,True
4321,0.19,0.17,0.24,0.27,0.13,0.7448885090036146,0.20384575296218665,0.10646699411109896,-0.09177072815636578,2.221250251113396,0.2124,True
4322,0.2,0.13,0.25,0.16,0.26,0.9789139564158886,0.25541245192274875,0.17076771636726376,-0.14942157147595236,1.7093412242947423,0.2126,True
4323,0.16,0.13,0.25,0.2,0.26,0.9742650426560573,0.2544288233950558,0.16925509862961854,-0.14793545642581862,1.7198637131500496,0.2126,True
4324,0.2,0.13,0.26,0.16,0.25,0.9667257446682553,0.2528303520325119,0.1667875427610955,-0.14770421646184473,1.7117341541690085,0.2126,True
4325,0.25,0.13,0.2,0.16,0.26,0.9667092974939273,0.25282686046341896,0.16912326515215798,-0.1407078855458479,1.796820835467949,0.2126,True
4326,0.16,0.13,0.26,0.2,0.25,0.9621275433212666,0.2518534412005107,0.16523714593458366,-0.14621304943584879,1.7225100096897423,0.2126,True
4327,0.24,0.14,0.15,0.2,0.27,0.9603905575818934,0.2514840127066127,0.17002422934456365,-0.13331361639443273,1.8864090518897276,0.2126,True
4328,0.16,0.13,0.2,0.25,0.26,0.9563684339321266,0.25062773413364114,0.16532620732339065,-0.13735519333293322,1.8246687879223342,0.2126,True
4329,0.2,0.14,0.15,0.24,0.27,0.9557913344447972,0.250504777920026,0.16826674073136116,-0.13182376756870862,1.900300549287965,0.2126,True
4330,0.24,0.15,0.14,0.2,0.27,0.9538399249354967,0.25008883336990895,0.1694734385782533,-0.130907562419307,1.9104231164954026,0.2126,True
4331,0.25,0.13,0.16,0.2,0.26,0.952258102361045,0.24975146327210473,0.16624456298072918,-0.13213413535146024,1.8901358275648994,0.2126,True
4332,0.26,0.13,0.2,0.16,0.25,0.9518888167672575,0.24967267603976362,0.16483407635550143,-0.13716664881149754,1.8202141570352022,0.2126,True
4333,0.2,0.15,0.14,0.24,0.27,0.9492563150151125,0.24911074256254895,0.16770914981291404,-0.1294152586980829,1.9248946767838835,0.2126,True
4334,0.2,0.13,0.16,0.25,0.26,0.9465661298586925,0.24853597300570107,0.16395641281638595,-0.13026761656287844,1.9078876206024393,0.2126,True
4335,0.16,0.13,0.2,0.26,0.25,0.9405517889194652,0.24724906505653377,0.16041678654617741,-0.13342680250877081,1.8530689517219063,0.2126,True
4336,0.26,0.13,0.16,0.2,0.25,0.9373573059457574,0.24656444962285673,0.16192490549163943,-0.12851909031605124,1.918504472888121,0.2126,True
4337,0.18,0.15,0.15,0.26,0.26,0.93481354735102,0.24601875362024606,0.1626803076161909,-0.1268388620649391,1.9396165308885307,0.2126,True
4338,0.25,0.16,0.13,0.2,0.26,0.9325858700793932,0.2455404714684113,0.16457603698170606,-0.12483944310331407,1.9668501025369682,0.2126,True
4339,0.2,0.13,0.16,0.26,0.25,0.9306184491777734,0.245117760570416,0.15905271941578772,-0.12627049129928325,1.9412117435216423,0.2126,True
4340,0.2,0.16,0.13,0.25,0.26,0.9269521635284161,0.24432927256447123,0.16226031754017337,-0.12296367739641734,1.987003623653744,0.2126,True
4341,0.25,0.14,0.14,0.22,0.25,0.9260323109577513,0.24413128796598227,0.16014705332472312,-0.12351202209215595,1.9765791526255536,0.2126,True
4342,0.22,0.14,0.14,0.25,0.25,0.9226824052799063,0.2434097372227071,0.1586769900436319,-0.12238528732509524,1.9888807106047923,0.2126,True
4343,0.26,0.16,0.13,0.2,0.25,0.9176666089011816,0.24232779427115902,0.16023987329681713,-0.12114665564575922,2.000284638312604,0.2126,True
4344,0.27,0.14,0.15,0.2,0.24,0.9156732421590965,0.24189728695984591,0.15705186749041322,-0.12239065340450994,1.9764359469538735,0.2126,True
4345,0.2,0.16,0.13,0.26,0.25,0.9109973309412935,0.2408862572898709,0.1573318383171897,-0.11888691156959208,2.0261797880826,0.2126,True
4346,0.27,0.15,0.14,0.2,0.24,0.9091041447497761,0.24047644178991878,0.15648459054839578,-0.11990684923987982,2.0055271514042814,0.2126,True
4347,0.2,0.14,0.15,0.27,0.24,0.9079444904353082,0.24022527912362324,0.1535298940452567,-0.11975264296430499,2.0060123365730465,0.2126,True
4348,0.2,0.15,0.14,0.27,0.24,0.9014023190994307,0.23880643876342655,0.15294747521046173,-0.11726448586237814,2.0364770885849475,0.2126,True
4349,0.16,0.13,0.26,0.25,0.2,0.8809527482247015,0.23435031771598713,0.14079780112496038,-0.1264279256705365,1.85362779997427,0.2126,True
4350,0.16,0.13,0.25,0.26,0.2,0.877279218025701,0.2335464088699768,0.13988926937259125,-0.12421902602895107,1.8801178558230311,0.2126,True
4351,0.25,0.14,0.14,0.25,0.22,0.8768726721893205,0.23345737665755073,0.14548356196358386,-0.11111281208904134,2.101084224836893,0.2126,True
4352,0.26,0.13,0.16,0.25,0.2,0.8546109312856034,0.2285623690767622,0.13759383651576482,-0.10784574747770659,2.119345216871065,0.2126,True
4353,0.25,0.13,0.16,0.26,0.2,0.8535630258698739,0.228330987928405,0.13698843518538795,-0.10746354554467419,2.1247297096994107,0.2126,True
4354,0.27,0.14,0.15,0.24,0.2,0.8490797114828343,0.22734007057129557,0.1375974103287367,-0.10564748134639756,2.151874021737363,0.2126,True
4355,0.24,0.14,0.15,0.27,0.2,0.8459473236758788,0.22664678861017995,0.13577211725289828,-0.10449898070094388,2.1688899460062654,0.2126,True
4356,0.27,0.15,0.14,0.24,0.2,0.8425098263000663,0.22588507437233774,0.13699569992548224,-0.10305085926291802,2.1919766219127546,0.2126,True
4357,0.24,0.15,0.14,0.27,0.2,0.8393887513498495,0.225192654978001,0.13516115471518905,-0.10190046236392358,2.2099277054676767,0.2126,True
4358,0.26,0.16,0.13,0.25,0.2,0.8349125936076791,0.22419823790660431,0.13577959496619924,-0.10005383356547293,2.2407760894028526,0.2126,True
4359,0.25,0.16,0.13,0.26,0.2,0.8338760010486943,0.22396771932692316,0.13516494150017994,-0.09966973540689927,2.2470985641988555,0.2126,True
4360,0.2,0.13,0.26,0.25,0.16,0.8171390833274981,0.22023366000199074,0.12314128655265802,-0.11126816350273228,1.9793052484108156,0.2126,True
4361,0.2,0.13,0.25,0.26,0.16,0.8133964608308386,0.21939553468424045,0.12216501013864824,-0.10897928003309265,2.0131857598767287,0.2126,True
4362,0.26,0.15,0.15,0.26,0.18,0.8109944859624814,0.21885702708246813,0.12727712916059233,-0.09625643082008761,2.2736873289176143,0.2126,True
4363,0.2,0.14,0.27,0.24,0.15,0.8006684092369176,0.2165365460746147,0.11942797332619547,-0.10897013891552743,1.9871181979723058,0.2126,True
4364,0.18,0.15,0.26,0.26,0.15,0.7921084734377724,0.21460621801634883,0.11741384871564817,-0.10557995210939186,2.0326417442773073,0.2126,True
4365,0.2,0.14,0.24,0.27,0.15,0.7894128072415505,0.2139970530823989,0.11643315925799938,-0.10202842261651346,2.0974258701100723,0.2126,True
4366,0.2,0.15,0.27,0.24,0.14,0.780348459763675,0.21194419866125958,0.11474974248701039,-0.10431905601580693,2.0316920681217128,0.2126,True
4367,0.22,0.14,0.25,0.25,0.14,0.7775856660505427,0.2113171076842948,0.11382772569928065,-0.10074688457009584,2.097505134635388,0.2126,True
4368,0.2,0.15,0.24,0.27,0.14,0.7690664894873422,0.2093793486501958,0.11168459302960902,-0.09730079239325651,2.151877117340999,0.2126,True
4369,0.2,0.16,0.26,0.25,0.13,0.7561568166028838,0.20643104068226892,0.10904534344812915,-0.09723708759281624,2.12296610061694,0.2126,True
4370,0.2,0.16,0.25,0.26,0.13,0.7523878258252541,0.20556755540400617,0.10799866643638172,-0.09487164308382356,2.1667966182727283,0.2126,True
4371,0.22,0.13,0.25,0.15,0.25,0.965418395579484,0.25255275426538715,0.16683048334121872,-0.14633621775793815,1.725839017399964,0.2128,True
4372,0.25,0.13,0.22,0.15,0.25,0.9580030836180824,0.2509758796778889,0.16585773502294557,-0.1410772734142478,1.7789958198365785,0.2128,True
4373,0.15,0.13,0.25,0.22,0.25,0.9573900364915275,0.25084533642432283,0.16405519489996165,-0.14372527245554856,1.7453112604250198,0.2128,True
4374,0.18,0.15,0.15,0.25,0.27,0.9505402236771139,0.24938486870503684,0.16759335536722422,-0.13082530106262025,1.9062434152982948,0.2128,True
4375,0.15,0.13,0.22,0.25,0.25,0.9466132407499426,0.2485460430037003,0.16162307526226205,-0.13734137720329398,1.8096952867729013,0.2128,True
4376,0.25,0.13,0.15,0.22,0.25,0.9325987787630223,0.24554324402043703,0.1607123619866525,-0.12596562470036599,1.949287709281877,0.2128,True
4377,0.22,0.13,0.15,0.25,0.25,0.9292372684990666,0.24482083489882167,0.15924836042069573,-0.12484074402021417,1.961065170031191,0.2128,True
4378,0.25,0.13,0.25,0.15,0.22,0.9202035785047611,0.24287527216807003,0.1539410987857969,-0.1357095307573657,1.7896699724229788,0.2128,True
4379,0.25,0.15,0.13,0.22,0.25,0.9194748078876287,0.24271805290576132,0.15959729463241623,-0.12104365080729651,2.0052109407388286,0.2128,True
4380,0.18,0.15,0.15,0.27,0.25,0.9189088118743571,0.24259592190101564,0.1577443410860906,-0.12280513469133258,1.97545422274707,0.2128,True
4381,0.22,0.15,0.13,0.25,0.25,0.9161364912506911,0.2419973614725881,0.1581212684408564,-0.11991505997138308,2.01807313885628,0.2128,True
4382,0.15,0.13,0.25,0.25,0.22,0.9091900092662131,0.24049503463230137,0.1493607166569571,-0.13193519303449852,1.8228270190912332,0.2128,True
4383,0.25,0.13,0.15,0.25,0.22,0.8834425305416325,0.2348945822688393,0.14607423851415227,-0.11364855886221548,2.066850513728197,0.2128,True
4384,0.25,0.15,0.13,0.25,0.22,0.8703120094821686,0.23201883151961966,0.1449099335585399,-0.10856152443240008,2.137210514799789,0.2128,True
4385,0.27,0.15,0.15,0.25,0.18,0.8120079375003013,0.2190842945593594,0.12795016925457411,-0.09664282939841795,2.2669482663443814,0.2128,True
4386,0.25,0.15,0.15,0.27,0.18,0.8099811433635753,0.21862969923590092,0.1266227453749417,-0.0958701987463988,2.2804761239124205,0.2128,True
4387,0.22,0.13,0.25,0.25,0.15,0.7979737254100159,0.21592953629077138,0.118506091087901,-0.10543508251069988,2.0479856528670917,0.2128,True
4388,0.18,0.15,0.25,0.27,0.15,0.7883661614474784,0.21376036783044627,0.11640859379098621,-0.10326174759456097,2.0700828022951794,0.2128,True
4389,0.15,0.25,0.15,0.27,0.18,0.7718865129919321,0.21002147448254638,0.12237159345560489,-0.08867570843312755,2.3684217266888656,0.2128,True
4390,0.22,0.15,0.25,0.25,0.13,0.7570943288282364,0.2066456351614152,0.1091865941956267,-0.09598494923709255,2.1528962280427897,0.2128,True
4391,0.26,0.14,0.18,0.16,0.26,0.9576698729987279,0.2509049286471141,0.16827725217323747,-0.13656090679472555,1.8373115303361836,0.21280000000000002,True
4392,0.16,0.14,0.18,0.26,0.26,0.9462454746683429,0.2484674283351911,0.16395289811817368,-0.13282755638671295,1.8706015159369886,0.21280000000000002,True
4393,0.18,0.14,0.16,0.26,0.26,0.9413458821763168,0.24741913199419074,0.16326281198530274,-0.1292645902335391,1.9140518803114202,0.21280000000000002,True
4394,0.24,0.14,0.14,0.22,0.26,0.9409440913567326,0.24733308828400946,0.16450914826997423,-0.12717312882018705,1.9448533709799598,0.21280000000000002,True
4395,0.22,0.14,0.14,0.24,0.26,0.9386803704956399,0.24684808922518853,0.1635722431785177,-0.1264249027977813,1.9525274195387448,0.21280000000000002,True
4396,0.18,0.16,0.14,0.26,0.26,0.9282900548902557,0.24461712135529656,0.16211295396209044,-0.12439864072487872,1.9663970597258715,0.21280000000000002,True
4397,0.26,0.14,0.14,0.22,0.24,0.9109163958544622,0.24086874291932503,0.15581294740893403,-0.11980563191990301,2.0104959930461344,0.21280000000000002,True
4398,0.22,0.14,0.14,0.26,0.24,0.9065104835134405,0.23991455525797178,0.15376169414521942,-0.11829742552473321,2.028062353798319,0.21280000000000002,True
4399,0.26,0.14,0.14,0.24,0.22,0.8779440986274962,0.23369198785368117,0.1460550825243109,-0.11149291430781516,2.0960254676677725,0.21280000000000002,True
4400,0.24,0.14,0.14,0.26,0.22,0.8758013625341885,0.2332227017345858,0.1449293446283991,-0.11073286967008544,2.1061740965392057,0.21280000000000002,True
4401,0.16,0.14,0.26,0.26,0.18,0.8444650343317892,0.22631844454208094,0.1310542853132814,-0.11789492413687763,1.91966232811959,0.21280000000000002,True
4402,0.26,0.14,0.16,0.26,0.18,0.8175601395351857,0.22032787955328925,0.12791940230135493,-0.09890170876139037,2.2277459339438805,0.21280000000000002,True
4403,0.26,0.16,0.14,0.26,0.18,0.8044383319681894,0.2173847507518385,0.12665411213150166,-0.09359453438660958,2.3226222789237934,0.21280000000000002,True
4404,0.22,0.14,0.26,0.24,0.14,0.7813558909729401,0.2121727010655119,0.11484121053322499,-0.10308191273656797,2.058292239956121,0.21280000000000002,True
4405,0.22,0.14,0.24,0.26,0.14,0.7738138880958787,0.21045995032480813,0.11283035533035407,-0.0984044229362615,2.138724500840041,0.21280000000000002,True
4406,0.18,0.16,0.26,0.26,0.14,0.7718301232418632,0.21000864108572492,0.11266832760684412,-0.10088974736923628,2.0815657344956504,0.21280000000000002,True
4407,0.16,0.26,0.14,0.26,0.18,0.7664372481143147,0.2087800492770866,0.12219960962077787,-0.08634462285597222,2.417985537157811,0.21280000000000002,True
4408,0.22,0.13,0.24,0.15,0.26,0.9776476410767707,0.25514467464150914,0.17081364709625219,-0.1480627242161625,1.7232201824749187,0.213,True
4409,0.24,0.13,0.22,0.15,0.26,0.972767920902488,0.25411173000967846,0.17015854553091161,-0.14458371508953016,1.757540466105229,0.213,True
4410,0.15,0.13,0.24,0.22,0.26,0.9695305866572226,0.25342550714571255,0.16810637296282277,-0.14546062429406215,1.74222755041522,0.213,True
4411,0.15,0.13,0.22,0.24,0.26,0.9623793873065358,0.2519069862007426,0.16652069203733827,-0.1412345789245727,1.7836070183299464,0.213,True
4412,0.22,0.13,0.26,0.15,0.24,0.9530434200389357,0.24991897809147634,0.16286957894102846,-0.14459464035391922,1.7284110772000845,0.213,True
4413,0.24,0.13,0.15,0.22,0.26,0.9475043680157731,0.24873649170927714,0.16506871789809469,-0.1296009015465197,1.9192497022869413,0.213,True
4414,0.22,0.13,0.15,0.24,0.26,0.9452328729490957,0.24825092067118648,0.16413554253145354,-0.12885390616663195,1.9266076447085128,0.213,True
4415,0.15,0.13,0.26,0.22,0.24,0.9451033842932488,0.24822322886228343,0.16002344047567524,-0.1419747940157332,1.7483612537220945,0.213,True
4416,0.24,0.15,0.13,0.22,0.26,0.9343926972811212,0.24592842528046122,0.16396472338999846,-0.12473083242856653,1.9716730858932145,0.213,True
4417,0.22,0.15,0.13,0.24,0.26,0.9321367402621241,0.24544399880856926,0.16302414902817208,-0.12398137438171963,1.9796844488341034,0.213,True
4418,0.15,0.13,0.22,0.26,0.24,0.930669163027591,0.24512866031756975,0.15670522216699018,-0.13340237021283374,1.837513530880185,0.213,True
4419,0.24,0.13,0.26,0.15,0.22,0.9227648688361834,0.243427509465306,0.15427102464090475,-0.13750097252921545,1.7703693653045536,0.213,True
4420,0.26,0.13,0.24,0.15,0.22,0.9176351759124068,0.2423210080061291,0.15364463216551355,-0.13391192024078002,1.8095551730602053,0.213,True
4421,0.26,0.13,0.15,0.22,0.24,0.9174884304175908,0.2422893252197693,0.15638403933637532,-0.12228551923707331,1.9813411001677657,0.213,True
4422,0.22,0.13,0.15,0.26,0.24,0.9130671209247536,0.2413339923463922,0.15434156118999098,-0.12077979563845176,1.9981321467773745,0.213,True
4423,0.15,0.13,0.26,0.24,0.22,0.9128290844357856,0.24128251695443637,0.15023834565514677,-0.13410587093032122,1.7991942879204894,0.213,True
4424,0.15,0.13,0.24,0.26,0.22,0.9055490574428906,0.2397061440115542,0.14849681819562965,-0.1297579532126052,1.8473329616936978,0.213,True
4425,0.26,0.15,0.13,0.22,0.24,0.9043534081782265,0.23944686165970808,0.15525783412529148,-0.11731072512038254,2.041133591272164,0.213,True
4426,0.22,0.15,0.13,0.26,0.24,0.899962872262065,0.23849382048059087,0.15319794964895334,-0.11580003341452005,2.059531534217039,0.213,True
4427,0.26,0.13,0.15,0.24,0.22,0.88451776869091,0.23512948021064295,0.14664312724920853,-0.11402803479305046,2.0620322067058297,0.213,True
4428,0.24,0.13,0.15,0.26,0.22,0.8823674096513783,0.23465962053044498,0.14552259967322984,-0.11326924198210198,2.071697633215593,0.213,True
4429,0.26,0.15,0.13,0.24,0.22,0.8713796293909584,0.2322531556378793,0.14548404204818335,-0.10894225350008424,2.131892339070255,0.213,True
4430,0.24,0.15,0.13,0.26,0.22,0.8692445058804066,0.23178444374420715,0.14435318045910153,-0.10818095591845933,2.1425623556045585,0.213,True
4431,0.22,0.13,0.26,0.24,0.15,0.8017351623034423,0.21677667762975794,0.11949706700449808,-0.10774467931231013,2.0119478661345886,0.213,True
4432,0.22,0.13,0.24,0.26,0.15,0.7942106934774928,0.21508085250426356,0.11753089544632404,-0.10311819021723578,2.085770241420642,0.213,True
4433,0.22,0.15,0.26,0.24,0.13,0.7608728852341069,0.2075097653216842,0.11022380663101441,-0.09834592603712167,2.1099985905197287,0.213,True
4434,0.22,0.15,0.24,0.26,0.13,0.7533142613969397,0.20577991881421887,0.1081658267784478,-0.09361639716091519,2.1981183324167906,0.213,True
4435,0.2,0.13,0.24,0.16,0.27,0.9909535392032804,0.25795267504628994,0.17476685585055374,-0.15112415686008018,1.7068924016239047,0.21300000000000002,True
4436,0.16,0.13,0.24,0.2,0.27,0.9862537004652694,0.2569622813006427,0.17329053690894208,-0.14964306221308155,1.7171680230303352,0.21300000000000002,True
4437,0.24,0.13,0.2,0.16,0.27,0.9813191444616278,0.25592074283187194,0.17343870417918503,-0.1442065548836896,1.7746817614378616,0.21300000000000002,True
4438,0.25,0.14,0.18,0.16,0.27,0.9723226140616974,0.254017382171424,0.17257905409955732,-0.14010083839509535,1.813103940570827,0.21300000000000002,True
4439,0.16,0.13,0.2,0.24,0.27,0.9720044647853718,0.2539499667012124,0.17021427049263776,-0.14123802310113254,1.7980283292366195,0.21300000000000002,True
4440,0.24,0.13,0.16,0.2,0.27,0.9669499894846496,0.2528779550014173,0.17058958283397127,-0.1357054671206549,1.8634323315551102,0.21300000000000002,True
4441,0.2,0.13,0.16,0.24,0.27,0.9623351324039093,0.2518975774185581,0.16883899994319457,-0.13421807024180188,1.8767784171292998,0.21300000000000002,True
4442,0.18,0.14,0.16,0.25,0.27,0.9570694877870933,0.25077706740754246,0.16816744298997693,-0.1332250833925298,1.8823562426953904,0.21300000000000002,True
4443,0.2,0.13,0.27,0.16,0.24,0.9543913583019179,0.25020639991350535,0.1628298084322836,-0.14597189879460648,1.7140723795445363,0.21300000000000002,True
4444,0.16,0.13,0.27,0.2,0.24,0.9498436568024671,0.2492361602950537,0.1612400875274973,-0.14447564796449885,1.725108444270809,0.21300000000000002,True
4445,0.24,0.16,0.13,0.2,0.27,0.9472980951310883,0.24869241293485156,0.1689374025587859,-0.1284871783062821,1.935542644901342,0.21300000000000002,True
4446,0.18,0.16,0.14,0.25,0.27,0.9440197249616409,0.24799143459289796,0.16703400659455106,-0.12841126487613963,1.9312280338652577,0.21300000000000002,True
4447,0.2,0.16,0.13,0.24,0.27,0.9427300777004581,0.24771546729600602,0.16716642374092952,-0.12699241681854312,1.9506319629302087,0.21300000000000002,True
4448,0.16,0.14,0.18,0.27,0.25,0.9304085927143628,0.24507265483849894,0.1590230946982092,-0.1288548919297554,1.9019274407687916,0.21300000000000002,True
4449,0.18,0.14,0.16,0.27,0.25,0.9254436308414025,0.24400455023201228,0.15833573192311295,-0.12525725681682487,1.9480272555293339,0.21300000000000002,True
4450,0.16,0.13,0.2,0.27,0.24,0.9245581105968455,0.24381385671770928,0.1554862935295515,-0.12945204397708876,1.8834299500196459,0.21300000000000002,True
4451,0.27,0.13,0.16,0.2,0.24,0.9222513852799847,0.24331683710498364,0.15763488021611732,-0.12485952449377913,1.9487246815288521,0.21300000000000002,True
4452,0.2,0.13,0.16,0.27,0.24,0.9144956712106069,0.24164282667013048,0.15412828600847506,-0.1222258624527619,1.9770187898123532,0.21300000000000002,True
4453,0.18,0.16,0.14,0.27,0.25,0.9123829122418359,0.24118602070870532,0.15716854002012792,-0.12033827453880741,2.0042336624240544,0.21300000000000002,True
4454,0.2,0.16,0.13,0.27,0.24,0.8948691607885861,0.23738630119190773,0.1523812710813609,-0.11476125540801596,2.0685230424494514,0.21300000000000002,True
4455,0.16,0.13,0.27,0.24,0.2,0.8846244780731294,0.23515278720811628,0.14172037535220336,-0.12863009710229456,1.8281319263959532,0.21300000000000002,True
4456,0.16,0.13,0.24,0.27,0.2,0.8736038908882433,0.23274105646338694,0.13899504342231636,-0.12200336729569905,1.9076609246308212,0.21300000000000002,True
4457,0.27,0.13,0.16,0.24,0.2,0.8556589502571665,0.22879368813320355,0.13821697433164642,-0.10822811141021216,2.113995016193317,0.21300000000000002,True
4458,0.24,0.13,0.16,0.27,0.2,0.8525152340482745,0.22809954464280113,0.1364010809720369,-0.10708150550818385,2.130148839057631,0.21300000000000002,True
4459,0.16,0.14,0.27,0.25,0.18,0.8481627113614645,0.2271371948122336,0.13201444383675767,-0.12014030841519552,1.8905993983906317,0.21300000000000002,True
4460,0.16,0.14,0.25,0.27,0.18,0.8407656384430007,0.2254982177999012,0.13010874955060006,-0.11564258575130315,1.949958281673584,0.21300000000000002,True
4461,0.27,0.16,0.13,0.24,0.2,0.8359492982944907,0.22442869459623171,0.1364121516363289,-0.1004380960452802,2.234497699907147,0.21300000000000002,True
4462,0.24,0.16,0.13,0.27,0.2,0.832839520655797,0.22373713881208368,0.13456851146048843,-0.09928580146417676,2.253465606487652,0.21300000000000002,True
4463,0.2,0.13,0.27,0.24,0.16,0.8208800663962503,0.22107026878268599,0.1241326961938696,-0.11354989819579364,1.946899753282873,0.21300000000000002,True
4464,0.27,0.14,0.16,0.25,0.18,0.8185773269241143,0.22055543507208508,0.12858866153482137,-0.09928746932697563,2.2213823815545863,0.21300000000000002,True
4465,0.25,0.14,0.16,0.27,0.18,0.81654306156117,0.22010026359981572,0.1272687383112149,-0.09851611390673587,2.2341549506122647,0.21300000000000002,True
4466,0.2,0.13,0.24,0.27,0.16,0.8096522023183748,0.21855588812185145,0.12120422202514675,-0.10668321413800808,2.048643639843116,0.21300000000000002,True
4467,0.18,0.14,0.25,0.27,0.16,0.8085458978820341,0.21830757870369166,0.12119924494589385,-0.10790492876306579,2.0231474243687653,0.21300000000000002,True
4468,0.27,0.16,0.14,0.25,0.18,0.8054480528366326,0.21761172982437338,0.12733087238333002,-0.0939815713933857,2.315472348440522,0.21300000000000002,True
4469,0.25,0.16,0.14,0.27,0.18,0.8034287195626497,0.2171577113745531,0.12599606766549598,-0.09320766468335473,2.3298267595511777,0.21300000000000002,True
4470,0.16,0.25,0.14,0.27,0.18,0.7692167194782176,0.2094135735676379,0.12206543983883775,-0.08668830246167858,2.4157073978950185,0.21300000000000002,True
4471,0.18,0.16,0.25,0.27,0.14,0.7680790204265706,0.20915433835333874,0.11163871039282607,-0.09854594291391305,2.122404354444607,0.21300000000000002,True
4472,0.16,0.27,0.14,0.25,0.18,0.7636603312545758,0.20814644316341746,0.12233643892977378,-0.0859998564315192,2.4203115191147133,0.21300000000000002,True
4473,0.2,0.16,0.27,0.24,0.13,0.7599242939730977,0.20729294526869735,0.11010802024585227,-0.0995949702659189,2.0813595778504124,0.21300000000000002,True
4474,0.2,0.16,0.24,0.27,0.13,0.7486173250523318,0.2047024842979306,0.10696844989127663,-0.09249860030379276,2.213033317538072,0.21300000000000002,True
4475,0.23,0.14,0.22,0.14,0.27,0.984331744895327,0.2565568188061822,0.17460108976928937,-0.1478210760773836,1.7355902528532263,0.2134,True
4476,0.23,0.14,0.14,0.22,0.27,0.9556479520102334,0.2504742252567975,0.16889500475406444,-0.13078977695225902,1.9150902394169982,0.2134,True
4477,0.22,0.14,0.14,0.23,0.27,0.9545007983111804,0.2502297300816345,0.16844699518072032,-0.13041712106122083,1.91868773091664,0.2134,True
4478,0.25,0.14,0.14,0.21,0.26,0.9420761395146289,0.2475754865820341,0.16500165622381474,-0.1275474722303278,1.9410458102608046,0.2134,True
4479,0.19,0.14,0.15,0.26,0.26,0.938885156669446,0.24689197990832024,0.16296577409483137,-0.12747399763381528,1.9368026773393252,0.2134,True
4480,0.21,0.14,0.14,0.25,0.26,0.9375486978690006,0.2466054883598967,0.1631282598519838,-0.1260510199964845,1.9563942312150622,0.2134,True
4481,0.19,0.15,0.14,0.26,0.26,0.9323510496662182,0.24549003413069648,0.16239864401177734,-0.12503878014085368,1.9633111731748893,0.2134,True
4482,0.26,0.14,0.14,0.21,0.25,0.9271491922770303,0.24437167188050446,0.16066960608644323,-0.12388791064554283,1.97252234384418,0.2134,True
4483,0.21,0.14,0.14,0.26,0.25,0.9215660162749122,0.24316908713844687,0.1582202363534004,-0.12201001904698383,1.9930255649317363,0.2134,True
4484,0.14,0.14,0.23,0.27,0.22,0.8979021847469999,0.23804600651321617,0.14739159125433632,-0.1269331688262446,1.8753648767649607,0.2134,True
4485,0.27,0.14,0.14,0.22,0.23,0.895600131088099,0.23754535703751456,0.15151170514442402,-0.11605311292344456,2.0468676027175023,0.2134,True
4486,0.22,0.14,0.14,0.27,0.23,0.8901681860457078,0.23636241143338577,0.14882702450489957,-0.11416044787387813,2.0704404707181387,0.2134,True
4487,0.27,0.14,0.14,0.23,0.22,0.8790156418104207,0.23392653537032038,0.14664363322982465,-0.11187317642724359,2.0909975281023137,0.2134,True
4488,0.23,0.14,0.14,0.27,0.22,0.8747301697003738,0.23298796303737457,0.14439270235048013,-0.11035308695019541,2.111295383540351,0.2134,True
4489,0.26,0.14,0.14,0.25,0.21,0.8612117595220208,0.23001785466632008,0.14115693493348633,-0.10726067209654366,2.1444752318844746,0.2134,True
4490,0.25,0.14,0.14,0.26,0.21,0.8601553443987955,0.2297851462431706,0.14056669945658842,-0.10687915241389812,2.1499529239650883,0.2134,True
4491,0.26,0.14,0.15,0.26,0.19,0.8310027278584073,0.22332830322858754,0.13206600866615967,-0.10094849598128475,2.212299460806145,0.2134,True
4492,0.26,0.15,0.14,0.26,0.19,0.8244378644489927,0.2218648487414452,0.13145128643153697,-0.09832176275264803,2.256518216619035,0.2134,True
4493,0.19,0.14,0.26,0.26,0.15,0.7959195869466806,0.21546640946774898,0.11784433741315356,-0.10627567974635799,2.0274291350757783,0.2134,True
4494,0.22,0.14,0.27,0.23,0.14,0.7851245594509673,0.21302673545763695,0.11587039628551694,-0.10540954276319181,2.0209435490694894,0.2134,True
4495,0.21,0.14,0.26,0.25,0.14,0.7803717415494964,0.21194948033630512,0.11420494364812907,-0.10269225659414716,2.063928550854193,0.2134,True
4496,0.21,0.14,0.25,0.26,0.14,0.7766041248934556,0.21109416385384838,0.11318742419643034,-0.10035711575709516,2.1034299587164473,0.2134,True
4497,0.19,0.15,0.26,0.26,0.14,0.7756064981139486,0.21086748222126928,0.11311813966301636,-0.10159720857135168,2.0755243690891088,0.2134,True
4498,0.22,0.14,0.23,0.27,0.14,0.7700405605210745,0.2096012239668339,0.11184952142028347,-0.09605449228226037,2.1821074578262456,0.2134,True
4499,0.18,0.13,0.26,0.17,0.26,0.9801679009780284,0.25567750070234996,0.17080172320217643,-0.15077532272291982,1.6957516394921544,0.21340000000000003,True
4500,0.17,0.13,0.26,0.18,0.26,0.9790030230869606,0.25543128181762165,0.17043230154786795,-0.15040399427445172,1.6983011857485644,0.21340000000000003,True
4501,0.26,0.13,0.18,0.17,0.26,0.9606319041510922,0.25153535623146106,0.16816033839096656,-0.13680733009824675,1.8386102268849454,0.21340000000000003,True
4502,0.26,0.13,0.17,0.18,0.26,0.957015389232823,0.2507655450062658,0.16744830023502283,-0.13466082780392963,1.862201124824424,0.21340000000000003,True
4503,0.17,0.13,0.18,0.26,0.26,0.9503387018878877,0.24934184993680897,0.16420435380706944,-0.1334511044620732,1.8684135357431375,0.21340000000000003,True
4504,0.18,0.13,0.17,0.26,0.26,0.947887055780527,0.24881826061069146,0.16386025422031741,-0.13167595396700793,1.889625653845911,0.21340000000000003,True
4505,0.18,0.17,0.13,0.26,0.26,0.9217754083796148,0.24321423103993034,0.1615609634068202,-0.12194379593408755,1.994478105072203,0.21340000000000003,True
4506,0.17,0.13,0.26,0.26,0.18,0.8483700696168799,0.22718307631919288,0.1313937224029388,-0.11856054224285684,1.9161777773741622,0.21340000000000003,True
4507,0.18,0.13,0.26,0.26,0.17,0.8323375144374172,0.22362542879296,0.12696358384524056,-0.11474566365315797,1.9488791268741377,0.21340000000000003,True
4508,0.26,0.13,0.17,0.26,0.18,0.8241352891006908,0.22179731336589703,0.12858056354845726,-0.10153052335265955,2.184538265359854,0.21340000000000003,True
4509,0.26,0.17,0.13,0.26,0.18,0.7978916811379118,0.21591104532431937,0.12605071892595124,-0.09091586236336957,2.3748446058991677,0.21340000000000003,True
4510,0.17,0.26,0.13,0.26,0.18,0.7637638646461709,0.208170078198181,0.121938071413648,-0.0843461809624736,2.4680439093122404,0.21340000000000003,True
4511,0.18,0.17,0.26,0.26,0.13,0.7514479879106497,0.2053520433227778,0.10795477256340931,-0.09612572390893082,2.136286053016647,0.21340000000000003,True
4512,0.18,0.13,0.25,0.17,0.27,0.992165943172741,0.25820791111862373,0.17479631033294663,-0.15246891884179514,1.6935117864024833,0.2136,True
4513,0.17,0.13,0.25,0.18,0.27,0.9909883266955706,0.257959999975659,0.17443570582686402,-0.15209884484465874,1.6960023610903694,0.2136,True
4514,0.22,0.13,0.23,0.15,0.27,0.9897287021891874,0.25769471630980134,0.17481560306552554,-0.14977435451311116,1.720553008874713,0.2136,True
4515,0.23,0.13,0.22,0.15,0.27,0.9873211962352522,0.2571873709705512,0.1744849132039312,-0.14804814041476066,1.7371874462592654,0.2136,True
4516,0.15,0.13,0.23,0.22,0.27,0.9815225804487597,0.2559637162979176,0.1721736307161272,-0.14718104476048177,1.7391078906557949,0.2136,True
4517,0.21,0.13,0.25,0.15,0.26,0.9800765117167256,0.255658187352128,0.17118654682748885,-0.14979347453153347,1.7067378145254826,0.2136,True
4518,0.15,0.13,0.22,0.23,0.27,0.9779640218478955,0.25521158778954844,0.1713977352224473,-0.14508276973705025,1.7590757899928227,0.2136,True
4519,0.25,0.13,0.18,0.17,0.27,0.9752981304024786,0.2546475399739139,0.17246296385844606,-0.14034060967154238,1.8144964637812182,0.2136,True
4520,0.15,0.13,0.25,0.21,0.26,0.9731031412684064,0.2541827442914071,0.16891852233157562,-0.14756430150438515,1.7225219223082457,0.2136,True
4521,0.25,0.13,0.17,0.18,0.27,0.9717020970212753,0.25388588859411443,0.17175801695277643,-0.13821231961579916,1.8369266162369835,0.2136,True
4522,0.25,0.13,0.21,0.15,0.26,0.9703170796291896,0.25359229042497566,0.16987652688938115,-0.14283539713915017,1.7754162868880898,0.2136,True
4523,0.18,0.13,0.27,0.17,0.25,0.9680207852476508,0.2531052149807562,0.16682635815802005,-0.14906706262228964,1.697928506326588,0.2136,True
4524,0.21,0.13,0.26,0.15,0.25,0.9678756179019758,0.2530744102694722,0.16721660026674956,-0.14807738541309323,1.7090686033081117,0.2136,True
4525,0.17,0.13,0.27,0.18,0.25,0.9668685928013578,0.25286067643047305,0.16644776685913398,-0.148694471823681,1.7005385158522255,0.2136,True
4526,0.17,0.13,0.18,0.25,0.27,0.9660259376723723,0.25268177285922966,0.16910149209882228,-0.13736893618437018,1.8394389581651267,0.2136,True
4527,0.18,0.13,0.17,0.25,0.27,0.9636075137059961,0.2521680347233797,0.16875607037469423,-0.13561073773869226,1.8594990258756734,0.2136,True
4528,0.23,0.13,0.15,0.22,0.27,0.9622014131346519,0.2518691472685681,0.16944891006353258,-0.1331921639257766,1.891020761618725,0.2136,True
4529,0.22,0.13,0.15,0.23,0.27,0.9610503534253805,0.25162436620043604,0.1690026251918875,-0.13282012061365345,1.8944747605851062,0.2136,True
4530,0.15,0.13,0.26,0.21,0.25,0.960978316072939,0.2516090437580829,0.1648919497855847,-0.14584063441667505,1.7252327841582302,0.2136,True
4531,0.15,0.13,0.21,0.25,0.26,0.9588007493912634,0.25114569513549756,0.16574750488236986,-0.13911215532761456,1.8053468767271963,0.2136,True
4532,0.19,0.14,0.15,0.25,0.27,0.9546418482276078,0.250259797492034,0.1678677163085952,-0.13145168439113575,1.9038158289960252,0.2136,True
4533,0.23,0.15,0.13,0.22,0.27,0.9491032913175104,0.249078062587067,0.168355860877252,-0.1283731056999443,1.940266703286396,0.2136,True
4534,0.25,0.13,0.15,0.21,0.26,0.9486403039904552,0.24897917588468443,0.16555929411280176,-0.12997462857238073,1.9155982872921389,0.2136,True
4535,0.19,0.15,0.14,0.25,0.27,0.9481107309120884,0.2488660483203451,0.16730853845200327,-0.12904256354725252,1.9285578454059142,0.2136,True
4536,0.22,0.15,0.13,0.23,0.27,0.9479600384469169,0.24883385360214638,0.16790615441315695,-0.12799983651042868,1.944016964286301,0.2136,True
4537,0.21,0.13,0.15,0.25,0.26,0.9440973139336684,0.24800803370383684,0.16369335427251377,-0.12848063762500317,1.9303144682990963,0.2136,True
4538,0.15,0.13,0.21,0.26,0.25,0.9430170012106913,0.24777687565881967,0.16083903176940592,-0.13520071499599728,1.8326595067648517,0.2136,True
4539,0.27,0.13,0.17,0.18,0.25,0.9421194069948793,0.24758474930402175,0.16316544182364606,-0.13106592203585687,1.889009327964654,0.2136,True
4540,0.22,0.13,0.27,0.15,0.23,0.940525168796662,0.24724336315568962,0.1589348467152162,-0.14283779380407025,1.7309379861665455,0.2136,True
4541,0.18,0.17,0.13,0.25,0.27,0.9375079952263061,0.246596761023278,0.1664895952896192,-0.12598284746052868,1.9573836120868637,0.2136,True
4542,0.25,0.15,0.13,0.21,0.26,0.9355208628039398,0.24617053739717476,0.1644591315447284,-0.12510579292073865,1.9676989502247688,0.2136,True
4543,0.17,0.13,0.18,0.27,0.25,0.934471749799803,0.2459453935641127,0.1592852033659299,-0.1294871537397292,1.899380644804859,0.2136,True
4544,0.26,0.13,0.15,0.21,0.25,0.93371952922968,0.24578391391403853,0.1612328016850566,-0.12634089378723223,1.9454026843276693,0.2136,True
4545,0.15,0.13,0.27,0.22,0.23,0.9326730844039408,0.24555920328954928,0.15601490410223842,-0.1402089903269853,1.7513798702699006,0.2136,True
4546,0.18,0.13,0.17,0.27,0.25,0.9319873655573623,0.2454119099499843,0.1589424844418691,-0.1276947725983797,1.9218634009541147,0.2136,True
4547,0.21,0.15,0.13,0.25,0.26,0.9310089488425399,0.24520168434907652,0.16257839950611497,-0.12360687663656245,1.9837220308546069,0.2136,True
4548,0.21,0.13,0.15,0.26,0.25,0.928117012250701,0.24457989854112872,0.15879352928130996,-0.12446609233595551,1.965032355004488,0.2136,True
4549,0.23,0.13,0.27,0.15,0.22,0.9253190427761868,0.24397772418751784,0.1546342759013371,-0.1392862772552681,1.7516278630979787,0.2136,True
4550,0.19,0.14,0.15,0.27,0.25,0.9229503033930733,0.2434674717833487,0.15804154114050278,-0.12344918661222326,1.9722079866603341,0.2136,True
4551,0.26,0.15,0.13,0.21,0.25,0.9205878252412572,0.24295815053049163,0.1601219256657939,-0.12142015949705653,2.0009704445856986,0.2136,True
4552,0.15,0.13,0.27,0.23,0.22,0.9164662795394922,0.24206859496123712,0.15112947826337114,-0.13627001652066184,1.7763892684678264,0.2136,True
4553,0.19,0.15,0.14,0.27,0.25,0.9164137932757079,0.24205725859956106,0.1574660236363432,-0.12098742093691439,2.000681200781817,0.2136,True
4554,0.21,0.15,0.13,0.26,0.25,0.9150239643073237,0.2417569979722216,0.15766262319581753,-0.11953917444794937,2.022408127617522,0.2136,True
4555,0.15,0.13,0.22,0.27,0.23,0.9145507349889295,0.2416547276798433,0.15176765695168484,-0.12941674479019438,1.8672601298356326,0.2136,True
4556,0.18,0.17,0.13,0.27,0.25,0.9058659355294398,0.23977484237994862,0.15660855636307988,-0.11785654308846416,2.034463561348236,0.2136,True
4557,0.27,0.13,0.15,0.22,0.23,0.9021771080206777,0.23897464167947158,0.15208858672566888,-0.1185597508023487,2.0156473007257487,0.2136,True
4558,0.15,0.13,0.23,0.27,0.22,0.9019062323779172,0.23891584108583386,0.14764687908892005,-0.1275741216646945,1.8727610111538209,0.2136,True
4559,0.17,0.18,0.13,0.27,0.25,0.9018507220515957,0.2389037904383864,0.15632807782747865,-0.11720056598818918,2.0384184020276983,0.2136,True
4560,0.22,0.13,0.15,0.27,0.23,0.8967260110756283,0.2377902634705622,0.14941583962763927,-0.11667020239626946,2.038140489916263,0.2136,True
4561,0.15,0.13,0.26,0.25,0.21,0.8964368780569563,0.2377273792192638,0.14532412063833672,-0.13010115448683723,1.8272503434496077,0.2136,True
4562,0.15,0.13,0.25,0.26,0.21,0.892781698724439,0.2369318534985403,0.14443097224126125,-0.12791145689656402,1.852311428913955,0.2136,True
4563,0.27,0.15,0.13,0.22,0.23,0.8890322831941189,0.23611475293737016,0.15095125599230638,-0.1135311987864589,2.079734517570619,0.2136,True
4564,0.27,0.13,0.15,0.23,0.22,0.8855931240609656,0.23536431440329064,0.14722899524527697,-0.11440766987466378,2.0572424441572634,0.2136,True
4565,0.22,0.15,0.13,0.27,0.23,0.8836194641457333,0.2349332415617349,0.14825483881449547,-0.11163541412070133,2.104468760314023,0.2136,True
4566,0.23,0.13,0.15,0.27,0.22,0.881292406058459,0.23442459494797618,0.14498848009861903,-0.11289008405273626,2.0765738365334676,0.2136,True
4567,0.27,0.15,0.13,0.23,0.22,0.872447365568499,0.232487416146252,0.1460752304349369,-0.10932314322313363,2.1266074985763477,0.2136,True
4568,0.23,0.15,0.13,0.27,0.22,0.8681771186239695,0.23154999226431539,0.14381405700630007,-0.10780054785672255,2.147948195699969,0.2136,True
4569,0.26,0.13,0.15,0.25,0.21,0.8677853674752622,0.23146392176765396,0.14175406989251563,-0.10982414439016486,2.107586843065653,0.2136,True
4570,0.25,0.13,0.15,0.26,0.21,0.8667251597863466,0.23123092626180863,0.1411666822106671,-0.10944325315886483,2.1127928820441784,0.2136,True
4571,0.26,0.15,0.13,0.25,0.21,0.854647429365641,0.2285704264082975,0.14057737291392522,-0.1046813897567086,2.1834867395199953,0.2136,True
4572,0.25,0.15,0.13,0.26,0.21,0.8535948016263979,0.22833800540767024,0.13998433736476315,-0.1042992411022109,2.1892585506341717,0.2136,True
4573,0.17,0.13,0.27,0.25,0.18,0.8520746437827851,0.22800219804287702,0.13235146431835385,-0.12080196834607904,1.8874046604082297,0.2136,True
4574,0.17,0.13,0.25,0.27,0.18,0.8446637748156842,0.22636247804622234,0.1304505801394222,-0.1163121833836448,1.946163088518311,0.2136,True
4575,0.18,0.13,0.27,0.25,0.17,0.8360591947365574,0.22445311919576838,0.1279392833393527,-0.1170071371087521,1.9182857109575358,0.2136,True
4576,0.27,0.14,0.15,0.25,0.19,0.8320320882573766,0.22355745318725817,0.13271420356401667,-0.1013329254469395,2.206167957761355,0.2136,True
4577,0.25,0.14,0.15,0.27,0.19,0.8299734784599104,0.22309909208520806,0.1314360434222912,-0.10056423089784416,2.2184736072991806,0.2136,True
4578,0.18,0.13,0.25,0.27,0.17,0.828614153733656,0.22279624227087624,0.1260027574053882,-0.11247715120644952,1.9808133463652389,0.2136,True
4579,0.27,0.15,0.14,0.25,0.19,0.82546347256512,0.22209371082229756,0.13210289798242086,-0.09870682712544221,2.2500339367615205,0.2136,True
4580,0.27,0.13,0.17,0.25,0.18,0.8251562175224678,0.22202515656623967,0.1292459855847389,-0.10191564635054862,2.178518848838606,0.2136,True
4581,0.25,0.15,0.14,0.27,0.19,0.8234123668573123,0.2216359255419631,0.1308179623935682,-0.09793686354666153,2.263049045228672,0.2136,True
4582,0.25,0.13,0.17,0.27,0.18,0.8231144705698175,0.2215694096657992,0.1279336741513413,-0.10114556527711771,2.190599351130673,0.2136,True
4583,0.22,0.13,0.27,0.23,0.15,0.8054950007456543,0.21762228136768536,0.1205034437197269,-0.11004701502625436,1.977539157384381,0.2136,True
4584,0.21,0.13,0.26,0.25,0.15,0.8007353059171289,0.21655160764558912,0.1188862245715764,-0.10735703275274011,2.0171161785398914,0.2136,True
4585,0.19,0.14,0.27,0.25,0.15,0.799667241089602,0.2163110917217974,0.11886142993535045,-0.10858240576360934,1.9921375862008448,0.2136,True
4586,0.27,0.17,0.13,0.25,0.18,0.7988976765187148,0.21613773562793637,0.12673113419440948,-0.0913035381841436,2.367243810333216,0.2136,True
4587,0.21,0.13,0.25,0.26,0.15,0.7969764881381087,0.2157047428891583,0.11789172307756723,-0.10504732184789134,2.0534054471326653,0.2136,True
4588,0.25,0.17,0.13,0.27,0.18,0.7968857937440079,0.21568429478080353,0.12538907728641802,-0.09052835465019315,2.382505410754677,0.2136,True
4589,0.19,0.14,0.25,0.27,0.15,0.7921703346366358,0.2146201901976399,0.11684268647263561,-0.10396167220523489,2.0644164877797424,0.2136,True
4590,0.22,0.13,0.23,0.27,0.15,0.7904460699179969,0.2142306213939098,0.11657186645976188,-0.1007939678100307,2.125430976163935,0.2136,True
4591,0.19,0.15,0.27,0.25,0.14,0.7793629945387313,0.211720595086621,0.11415946465909103,-0.10392931100068892,2.0371596140497608,0.2136,True
4592,0.19,0.15,0.25,0.27,0.14,0.771848445528871,0.21001281097233893,0.11209254139045889,-0.09925768702005322,2.1158342217858617,0.2136,True
4593,0.17,0.25,0.13,0.27,0.18,0.7665401631048108,0.2088035185126078,0.12180287966834288,-0.08469364333330331,2.465397759438481,0.2136,True
4594,0.17,0.27,0.13,0.25,0.18,0.7609901190925712,0.207536556125008,0.1220759268771097,-0.08399761779926851,2.470743356329033,0.2136,True
4595,0.21,0.15,0.26,0.25,0.13,0.7599043515870094,0.20728838618980383,0.10956019648833633,-0.09795424474170333,2.116175636251445,0.2136,True
4596,0.21,0.15,0.25,0.26,0.13,0.756128392599468,0.20642453329775434,0.10851836074635175,-0.09559315681441716,2.1594070138148407,0.2136,True
4597,0.27,0.15,0.23,0.22,0.13,0.7543379434232322,0.2060144866807263,0.11087150710299533,-0.0932028694452921,2.210387812165504,0.2136,True
4598,0.22,0.15,0.23,0.27,0.13,0.7495326863523302,0.2049126111102919,0.10716196589144655,-0.09124023329170272,2.245858035623046,0.2136,True
4599,0.18,0.17,0.25,0.27,0.13,0.7476885508158633,0.20448920349087518,0.10689928725738747,-0.09375579744610041,2.181083293632425,0.2136,True
4600,0.24,0.14,0.14,0.21,0.27,0.9567952329657559,0.25071865193480347,0.16935882390337817,-0.13116258491516763,1.9115104516807244,0.2138,True
4601,0.21,0.14,0.14,0.24,0.27,0.9533537719068572,0.2499851663557624,0.16801498964531275,-0.13004461714902693,1.9223030667181515,0.2138,True
4602,0.27,0.14,0.14,0.21,0.24,0.912018176294161,0.2411071260002926,0.1563669961624951,-0.12018307532105332,2.0061653885641264,0.2138,True
4603,0.21,0.14,0.14,0.27,0.24,0.9054093079740462,0.23967584425952437,0.1532912966201779,-0.11792076524035389,2.032516018455284,0.2138,True
4604,0.27,0.14,0.14,0.24,0.21,0.8622682893106148,0.230250500284233,0.1417646114894929,-0.1076423532530878,2.1390325771015983,0.2138,True
4605,0.24,0.14,0.14,0.27,0.21,0.8590990439792459,0.22955237496855152,0.13999419884946826,-0.10649779410270066,2.155466006621543,0.2138,True
4606,0.21,0.14,0.27,0.24,0.14,0.7841378010151077,0.2128032380892,0.11523817089396916,-0.10502000053392868,2.0263115312063813,0.2138,True
4607,0.21,0.14,0.24,0.27,0.14,0.772834954459122,0.21023728365445726,0.11218603036731027,-0.09801454270886267,2.1449601033076817,0.2138,True
4608,0.19,0.13,0.26,0.16,0.26,0.9813329101455304,0.255923650763926,0.17118752770654708,-0.15114680052724327,1.6932124919031768,0.21380000000000002,True
4609,0.16,0.13,0.26,0.19,0.26,0.9778382765106264,0.2551849940557549,0.1700794406330891,-0.1500328150917819,1.700861200928921,0.21380000000000002,True
4610,0.26,0.13,0.19,0.16,0.26,0.9642464165683495,0.2523037958177414,0.16888594676218602,-0.13894743258320907,1.815821934432999,0.21380000000000002,True
4611,0.26,0.13,0.16,0.19,0.26,0.9533968752256303,0.24999435837955342,0.16674999525477913,-0.1325078969500817,1.8866374316825145,0.21380000000000002,True
4612,0.16,0.13,0.19,0.26,0.26,0.9527830481819497,0.2498634435772673,0.16458019436594118,-0.13522025208144972,1.8478256010553984,0.21380000000000002,True
4613,0.19,0.13,0.16,0.26,0.26,0.9454281139903571,0.24829267163922464,0.16354800583096968,-0.1298947699918952,1.911490906483124,0.21380000000000002,True
4614,0.19,0.16,0.13,0.26,0.26,0.9258257965663026,0.24408683014626775,0.16184682682908236,-0.12258898783145633,1.991099155511871,0.21380000000000002,True
4615,0.16,0.13,0.26,0.26,0.19,0.8642186293216947,0.23067972995603325,0.13587452895237734,-0.12232785285235193,1.8857498482742159,0.21380000000000002,True
4616,0.26,0.13,0.16,0.26,0.19,0.8375770166476726,0.22479035705444939,0.13269926841948215,-0.10355895599080445,2.1706510547905653,0.21380000000000002,True
4617,0.26,0.16,0.13,0.26,0.19,0.8178824300050165,0.22039998850908682,0.13085543993693372,-0.09567860366188041,2.3035452031465735,0.21380000000000002,True
4618,0.19,0.13,0.26,0.26,0.16,0.81612474882452,0.22000662305641838,0.12259397149257945,-0.11088231043306951,1.9841453717653026,0.21380000000000002,True
4619,0.19,0.16,0.26,0.26,0.13,0.7551895583228954,0.2062095573262661,0.10842521647569646,-0.09684520317056111,2.129269706452012,0.21380000000000002,True
4620,0.21,0.13,0.24,0.15,0.27,0.9921288297125372,0.25820009950570966,0.17517585823554901,-0.15149480194605258,1.704349563080421,0.214,True
4621,0.15,0.13,0.24,0.21,0.27,0.9850790717969629,0.25671450861212985,0.17296224266540117,-0.14927315952899922,1.7197633480937882,0.214,True
4622,0.24,0.13,0.21,0.15,0.27,0.9849063159812375,0.2566780597675682,0.17418387304325994,-0.14631613060891446,1.7542704191217164,0.214,True
4623,0.15,0.13,0.21,0.24,0.27,0.9744033994064869,0.25445811953801956,0.1706347171378479,-0.14297830721017646,1.7796973855898928,0.214,True
4624,0.24,0.13,0.15,0.21,0.27,0.9633526005763742,0.2521138597633752,0.16991096167344955,-0.13356435861101235,1.8875833522146563,0.214,True
4625,0.21,0.13,0.15,0.24,0.27,0.9598994214868464,0.25137951650534496,0.1685723002361185,-0.1324482285823173,1.8979454779881122,0.214,True
4626,0.21,0.13,0.27,0.15,0.24,0.9555286026098722,0.2504487925365184,0.16326950850446123,-0.1463463416319598,1.7113430355940256,0.214,True
4627,0.24,0.15,0.13,0.21,0.27,0.9502466709685395,0.2493222031509279,0.16882141893139246,-0.12874652766453998,1.936535358845235,0.214,True
4628,0.15,0.13,0.27,0.21,0.24,0.9487070505521265,0.24899343285110342,0.1608859182446963,-0.144101964923807,1.7278975549206226,0.214,True
4629,0.21,0.15,0.13,0.24,0.27,0.9468169123950665,0.2485895761427117,0.16747249526560132,-0.12762672000225606,1.9477862953644614,0.214,True
4630,0.15,0.13,0.21,0.27,0.24,0.9270557357142348,0.2443515609912501,0.15590957917270581,-0.13124318575758964,1.861822841168876,0.214,True
4631,0.27,0.13,0.15,0.21,0.24,0.9185940613352461,0.24252799442320594,0.15693577489104635,-0.12266234011646837,1.9772001267293993,0.214,True
4632,0.21,0.13,0.15,0.27,0.24,0.9119620972874234,0.24109499486398822,0.15387322858797914,-0.12040375423431937,2.0023876863074386,0.214,True
4633,0.27,0.15,0.13,0.21,0.24,0.9054513433216922,0.2396849583004914,0.15581415763382023,-0.11768879168352486,2.0365997039465285,0.214,True
4634,0.15,0.13,0.27,0.24,0.21,0.9000902168082296,0.23852148346591973,0.14623104868338552,-0.13228422337268864,1.8030984903915972,0.214,True
4635,0.21,0.15,0.13,0.27,0.24,0.8988655396388843,0.23825539628349812,0.15272552057142996,-0.11542275363301602,2.064197818750934,0.214,True
4636,0.15,0.13,0.24,0.27,0.21,0.8891246822227796,0.2361349022114474,0.14355184840760077,-0.12571510036471012,1.878333641117098,0.214,True
4637,0.27,0.13,0.15,0.24,0.21,0.8688456903055628,0.23169685439981236,0.14235884524390724,-0.11020519633519998,2.102413153868748,0.214,True
4638,0.24,0.13,0.15,0.27,0.21,0.8656650672771111,0.2309978678359612,0.14059697318965475,-0.10906252253964888,2.1180315882752816,0.214,True
4639,0.27,0.15,0.13,0.24,0.21,0.8557001712942847,0.22880278467208082,0.14118790171742127,-0.10506370065017412,2.1777529561224496,0.214,True
4640,0.24,0.15,0.13,0.27,0.21,0.852542288114803,0.22810552162403175,0.1394090916201484,-0.10391725458343504,2.1950687837012293,0.214,True
4641,0.21,0.13,0.27,0.24,0.15,0.8044925244988923,0.21739693505139268,0.11989613889988729,-0.10965948376900847,1.9824727199092702,0.214,True
4642,0.21,0.13,0.24,0.27,0.15,0.7932160745739589,0.2148563359373854,0.11691301762490358,-0.10273031666336419,2.091459881715791,0.214,True
4643,0.21,0.15,0.27,0.24,0.13,0.7636787953909634,0.20815065830131507,0.11061802568670778,-0.10030779496445208,2.075119469778807,0.214,True
4644,0.21,0.15,0.24,0.27,0.13,0.7523509218404614,0.2055590944895076,0.10749297454043034,-0.09322449491305762,2.2049901657414686,0.214,True
4645,0.19,0.13,0.25,0.16,0.27,0.9933436925119021,0.2584557525257585,0.17517299320535915,-0.15283914105120855,1.691031176622245,0.21400000000000002,True
4646,0.16,0.13,0.25,0.19,0.27,0.9898108431186978,0.2577120190416904,0.17409134995270018,-0.15172891897081797,1.6985029669344454,0.21400000000000002,True
4647,0.25,0.13,0.19,0.16,0.27,0.9788921210519801,0.2554078355462357,0.17318119408186267,-0.14246259242012227,1.7928063164331436,0.21400000000000002,True
4648,0.19,0.13,0.27,0.16,0.25,0.9691731073848278,0.25334968560333304,0.16722164863965325,-0.14943980393342415,1.695329349576777,0.21400000000000002,True
4649,0.16,0.13,0.19,0.25,0.27,0.9684370066594348,0.2531935293410055,0.169477752384616,-0.13912122360858903,1.8199489824309876,0.21400000000000002,True
4650,0.25,0.13,0.16,0.19,0.27,0.9681040243204966,0.25312287774359254,0.17106650648118824,-0.1360776940896078,1.8601349724291327,0.21400000000000002,True
4651,0.16,0.13,0.27,0.19,0.25,0.9657165300842467,0.25261606989965824,0.16608606090603747,-0.14832203144644884,1.7031594526863287,0.21400000000000002,True
4652,0.19,0.13,0.16,0.25,0.27,0.9611817388908248,0.2516523111003699,0.16844158677075285,-0.13384659831139745,1.8801547015404494,0.21400000000000002,True
4653,0.19,0.16,0.13,0.25,0.27,0.9415883905298712,0.24747105953676596,0.16676425080775029,-0.12661910898785456,1.9544527008202501,0.21400000000000002,True
4654,0.27,0.13,0.16,0.19,0.25,0.9384808827981046,0.24680533116269365,0.16246015847343515,-0.12889439634204225,1.9147871293625174,0.21400000000000002,True
4655,0.16,0.13,0.19,0.27,0.25,0.9369488893949334,0.2464768668803754,0.1596606311234866,-0.1312734381240882,1.8775836940249055,0.21400000000000002,True
4656,0.19,0.13,0.16,0.27,0.25,0.9294957407981448,0.24487641194815324,0.15863259624230758,-0.12589626343347216,1.9450649707134018,0.21400000000000002,True
4657,0.19,0.16,0.13,0.27,0.25,0.9098862140316453,0.2406457681209766,0.1569062700839205,-0.1185108337521591,2.0305803317883786,0.21400000000000002,True
4658,0.16,0.13,0.27,0.25,0.19,0.8679056662375455,0.23149035353657532,0.13681496395337694,-0.12454955407280166,1.858620492541183,0.21400000000000002,True
4659,0.16,0.13,0.25,0.27,0.19,0.8605298315398857,0.22986764881063548,0.13494842278937752,-0.12009932279317859,1.9139795584566903,0.21400000000000002,True
4660,0.27,0.13,0.16,0.25,0.19,0.8386101345112003,0.22501979453695298,0.1333439915914972,-0.1039427510136336,2.164843554193004,0.21400000000000002,True
4661,0.25,0.13,0.16,0.27,0.19,0.8365440102606161,0.22456085832108075,0.1320727156047433,-0.10317532457065648,2.176497716440883,0.21400000000000002,True
4662,0.19,0.13,0.27,0.25,0.16,0.8198631041400644,0.2208429555603284,0.12358822388957193,-0.11316416126288531,1.9515273483740185,0.21400000000000002,True
4663,0.27,0.16,0.13,0.25,0.19,0.8189042910200552,0.22062856235610329,0.1315104092861265,-0.09606430337762739,2.296675816081397,0.21400000000000002,True
4664,0.25,0.16,0.13,0.27,0.19,0.8168606790384305,0.22017135360945383,0.13021881447613076,-0.09529306990262265,2.31046553368929,0.21400000000000002,True
4665,0.19,0.13,0.25,0.27,0.16,0.8123847533350077,0.219168774256848,0.12161486732217346,-0.108593311991245,2.018252968235445,0.21400000000000002,True
4666,0.19,0.16,0.27,0.25,0.13,0.7589544404840312,0.20707118472267316,0.10949220327816972,-0.09920319774147601,2.087343850168032,0.21400000000000002,True
4667,0.19,0.16,0.25,0.27,0.13,0.7514231620083032,0.20534634950676978,0.10737422821391719,-0.09447964805981224,2.17344532630743,0.21400000000000002,True
4668,0.26,0.14,0.14,0.2,0.26,0.9432083127730144,0.24781781746200227,0.1655099225695447,-0.1279219693659155,1.937257678961537,0.21440000000000003,True
4669,0.2,0.14,0.14,0.26,0.26,0.9364171504960181,0.24636281986756892,0.16270086209713255,-0.12567729054256216,1.9602811200336556,0.21440000000000003,True
4670,0.26,0.14,0.14,0.26,0.2,0.8443200678878247,0.22628632337108234,0.13624870077681023,-0.10297660192610025,2.1974537821074502,0.21440000000000003,True
4671,0.2,0.14,0.26,0.26,0.14,0.7793876983530299,0.21172620142890985,0.11359030363302074,-0.10230276916958636,2.0696038156888332,0.21440000000000003,True
4672,0.2,0.13,0.26,0.15,0.26,0.9824980505512086,0.25616973205626903,0.17158953475905403,-0.15151842777754776,1.690683673357312,0.2146,True
4673,0.15,0.13,0.26,0.2,0.26,0.976673661287315,0.25493863736268585,0.16974331574419693,-0.14966178508492411,1.703431755929033,0.2146,True
4674,0.25,0.14,0.14,0.2,0.27,0.9579426411394296,0.25096301016911715,0.16983825651394496,-0.13153554504305254,1.9079482286478164,0.2146,True
4675,0.15,0.13,0.2,0.26,0.26,0.9552200905321941,0.2503830454636027,0.16498765033395915,-0.13698342722286327,1.8278345821808464,0.2146,True
4676,0.2,0.14,0.14,0.25,0.27,0.9522068728355477,0.24974053402555896,0.1675991807580172,-0.12967226512272323,1.925936388858495,0.2146,True
4677,0.26,0.13,0.15,0.2,0.26,0.9497763655416493,0.24922179256732124,0.16606558609259336,-0.1303485086140519,1.9119650482940356,0.2146,True
4678,0.2,0.13,0.15,0.26,0.26,0.9429618806479079,0.2477650790343886,0.16326770312831942,-0.128107521723978,1.9340400602567758,0.2146,True
4679,0.26,0.15,0.13,0.2,0.26,0.9366491529512653,0.2464125821704941,0.16496933987401965,-0.1254809078525243,1.9637456118830354,0.2146,True
4680,0.2,0.15,0.13,0.26,0.26,0.9298812822005986,0.24495930233754892,0.16214928308034268,-0.12323253295006209,1.987781119753617,0.2146,True
4681,0.27,0.14,0.14,0.2,0.25,0.9282661965791617,0.2446119893798655,0.16120805301892008,-0.12426395450804073,1.9684870833885897,0.2146,True
4682,0.2,0.14,0.14,0.27,0.25,0.9204497504442086,0.24292837038412696,0.15778047957573366,-0.12163490559779644,1.9971929043740542,0.2146,True
4683,0.15,0.13,0.26,0.26,0.2,0.8798794085106727,0.23411553828134823,0.1403975872054636,-0.12604847966175803,1.857345196939942,0.2146,True
4684,0.26,0.13,0.15,0.26,0.2,0.850893027157338,0.2277410484732716,0.13685535674470412,-0.10556893196593797,2.1572733969379616,0.2146,True
4685,0.27,0.14,0.14,0.25,0.2,0.8453616544381461,0.2265170771802234,0.13687692682699906,-0.10335970846599296,2.1915413708306968,0.2146,True
4686,0.25,0.14,0.14,0.27,0.2,0.8432785939235186,0.22605550761276727,0.13563834200119354,-0.10259365845531276,2.2034062437809583,0.2146,True
4687,0.26,0.15,0.13,0.26,0.2,0.8377564633851924,0.2248302152200834,0.13566022876211634,-0.10036818566354433,2.2400545923362856,0.2146,True
4688,0.2,0.13,0.26,0.26,0.15,0.7997355578193615,0.21632647871278232,0.11829642152079534,-0.10696955274396147,2.0223182500404926,0.2146,True
4689,0.2,0.14,0.27,0.25,0.14,0.7831511493000503,0.2125796824745223,0.11462742563060148,-0.10463062670611722,2.0317156569424797,0.2146,True
4690,0.2,0.14,0.25,0.27,0.14,0.7756226894695413,0.21087116191312627,0.11256889589365145,-0.09996751597882658,2.1093968360461153,0.2146,True
4691,0.2,0.15,0.26,0.26,0.13,0.7589359221053475,0.20706694963459094,0.10891881313289267,-0.09756273437202012,2.1223979726215565,0.2146,True
4692,0.2,0.13,0.25,0.15,0.27,0.9945215746747862,0.258703524252168,0.1755655819001384,-0.1532095115619564,1.6885604660879747,0.21480000000000002,True
4693,0.15,0.13,0.25,0.2,0.27,0.988633492480389,0.2574639682614568,0.17376341052385894,-0.15135914113135873,1.7010136707766714,0.21480000000000002,True
4694,0.25,0.13,0.2,0.15,0.27,0.9824840655576659,0.25616677895379336,0.17391255427246766,-0.1445782958581424,1.771820434272787,0.21480000000000002,True
4695,0.15,0.13,0.2,0.25,0.27,0.9708407165366648,0.2537033079744546,0.16988473771103027,-0.1408676297703958,1.8010050171779914,0.21480000000000002,True
4696,0.2,0.13,0.27,0.15,0.25,0.970325559174616,0.25359408835096,0.16763344958912643,-0.14981269584830126,1.6927409717514639,0.21480000000000002,True
4697,0.15,0.13,0.27,0.2,0.25,0.9645645971345895,0.2523713953354083,0.16574142370039183,-0.14794974139952122,1.7057913920505507,0.21480000000000002,True
4698,0.25,0.13,0.15,0.2,0.27,0.9645039157122628,0.2523585037384177,0.17038858520109665,-0.13393670476176267,1.8841624048261867,0.21480000000000002,True
4699,0.2,0.13,0.15,0.25,0.27,0.9587486173573507,0.25113459812958805,0.16815812653447818,-0.1320764877395132,1.9014330440470697,0.21480000000000002,True
4700,0.25,0.15,0.13,0.2,0.27,0.9513901773617373,0.24956627534711662,0.1693026311867797,-0.12912010249802952,1.9328227790937915,0.21480000000000002,True
4701,0.2,0.15,0.13,0.25,0.27,0.9456739132002334,0.24834523015522714,0.1670550772971285,-0.12725375608176748,1.9515748517132319,0.21480000000000002,True
4702,0.15,0.13,0.2,0.27,0.25,0.939418780212264,0.24700633395962246,0.16006862892349208,-0.1330536568056805,1.85644152809994,0.21480000000000002,True
4703,0.27,0.13,0.15,0.2,0.25,0.9348404031551925,0.24602451731910246,0.16176909208276868,-0.12671631746321255,1.9415377770153925,0.21480000000000002,True
4704,0.2,0.13,0.15,0.27,0.25,0.9269968796526293,0.2443388954395751,0.15835564330129467,-0.12409159476427911,1.9690205118542827,0.21480000000000002,True
4705,0.27,0.15,0.13,0.2,0.25,0.9217009651017414,0.24319818181337638,0.16066249345478015,-0.12179682422053406,1.9967530628961583,0.21480000000000002,True
4706,0.2,0.15,0.13,0.27,0.25,0.9139115600622432,0.24151656787553422,0.15722102560694137,-0.11916344447435734,2.0267672602188496,0.21480000000000002,True
4707,0.15,0.13,0.27,0.25,0.2,0.8835484770596405,0.23491773145495443,0.1413213976244649,-0.12825077113787708,1.8317061906973184,0.21480000000000002,True
4708,0.15,0.13,0.25,0.27,0.2,0.8762085388650842,0.23331190596157692,0.13948783824518096,-0.12383946101185661,1.8839867684763196,0.21480000000000002,True
4709,0.27,0.13,0.15,0.25,0.2,0.8519383876039439,0.22797208967693483,0.13748043598458268,-0.10595140718190299,2.1516664642833887,0.21480000000000002,True
4710,0.25,0.13,0.15,0.27,0.2,0.8498477797727613,0.22750994525319235,0.13624808890692328,-0.10518661904846249,2.162917178166664,0.21480000000000002,True
4711,0.27,0.15,0.13,0.25,0.2,0.838794281220963,0.22506068128693402,0.13629154822122624,-0.10075192401013056,2.2338102572046594,0.21480000000000002,True
4712,0.25,0.15,0.13,0.27,0.2,0.8367187576594199,0.22459968727122925,0.1350468310988731,-0.09998461116166335,2.246342558737144,0.21480000000000002,True
4713,0.2,0.13,0.27,0.25,0.15,0.8034901570344954,0.21717152971689235,0.11930973531908576,-0.10927211875139375,1.987437712368164,0.21480000000000002,True
4714,0.2,0.13,0.25,0.27,0.15,0.7959793586609372,0.21547989060833483,0.11729853223671857,-0.10465972804749357,2.0588615566682167,0.21480000000000002,True
4715,0.2,0.15,0.27,0.25,0.13,0.7627077682387584,0.20792894468020684,0.10998111012567581,-0.09991639668819896,2.081029256179783,0.21480000000000002,True
4716,0.2,0.15,0.25,0.27,0.13,0.755162560042316,0.20620337407717138,0.10787250869022899,-0.09520153563970313,2.165966890046422,0.21480000000000002,True
4717,0.2,0.15,0.2,0.15,0.3,1.016597873379256,0.26332941092382156,0.18635418216490005,-0.1536569242001139,1.7137490698491176,0.21500000000000002,True
4718,0.15,0.15,0.2,0.2,0.3,1.0105568928686273,0.2620669480235347,0.18466085801375592,-0.15181907018134588,1.7261793772712426,0.21500000000000002,True
4719,0.2,0.15,0.15,0.2,0.3,0.999005479681192,0.25964583812145947,0.18292082884712374,-0.14324586559620744,1.812588705724808,0.21500000000000002,True
4720,0.2,0.2,0.15,0.15,0.3,0.9840570978949441,0.2564988569317632,0.18350782133511243,-0.14207443973730483,1.8053835539033536,0.21500000000000002,True
4721,0.22,0.13,0.25,0.14,0.26,0.981239197685321,0.25590385420789463,0.1716212788131988,-0.1501655274853657,1.7041451423185896,0.21500000000000002,True
4722,0.15,0.2,0.15,0.2,0.3,0.9781151007703803,0.25524353780283615,0.18178220545444712,-0.14022134307841883,1.8202902083179386,0.21500000000000002,True
4723,0.2,0.1,0.25,0.2,0.25,0.9720466379736221,0.2539589035687948,0.16562431199083066,-0.14628190405863284,1.736092411450994,0.21500000000000002,True
4724,0.14,0.13,0.22,0.25,0.26,0.9612257523656869,0.251661672223195,0.16620007298983616,-0.14086320474347636,1.7865678456023482,0.21500000000000002,True
4725,0.14,0.13,0.26,0.22,0.25,0.9598292181365411,0.25136457831626835,0.1645640830845638,-0.14546836990972234,1.7279672445100278,0.21500000000000002,True
4726,0.25,0.1,0.2,0.2,0.25,0.9596331768953057,0.2513228618775192,0.16398043211502625,-0.13752895164819467,1.8274178554084708,0.21500000000000002,True
4727,0.2,0.1,0.2,0.25,0.25,0.9539460118851621,0.25011145300881865,0.16166305196990355,-0.13566535425496262,1.8435911982271598,0.21500000000000002,True
4728,0.18,0.14,0.15,0.26,0.27,0.9534924899138308,0.25001474826384396,0.16748520845942239,-0.1310797526400006,1.907348337393405,0.21500000000000002,True
4729,0.18,0.15,0.14,0.26,0.27,0.9469652742364738,0.2486212853545129,0.16692449140193505,-0.1286700205217034,1.932239416349333,0.21500000000000002,True
4730,0.14,0.13,0.22,0.26,0.25,0.9454749561832156,0.24830268810785983,0.1612934712158716,-0.1369686229569579,1.8128435750273144,0.21500000000000002,True
4731,0.25,0.13,0.14,0.22,0.26,0.9450205126091515,0.24820550568529742,0.16488811510667592,-0.12780863618862182,1.9420088742594215,0.21500000000000002,True
4732,0.22,0.13,0.14,0.25,0.26,0.9416212103069879,0.24747808679904582,0.16346221348126483,-0.1266875630414651,1.9534521057765213,0.21500000000000002,True
4733,0.25,0.14,0.13,0.22,0.26,0.9384584829556757,0.24680052981192557,0.16434418324858216,-0.12537135369899954,1.9685559940946464,0.21500000000000002,True
4734,0.18,0.14,0.15,0.27,0.26,0.9377511547756259,0.24664889673681323,0.16257257015012472,-0.1271006903021017,1.9405787344707657,0.21500000000000002,True
4735,0.22,0.14,0.13,0.25,0.26,0.9350708345347791,0.2460739695044618,0.1629127046898094,-0.12424843593953949,1.980499534209057,0.21500000000000002,True
4736,0.18,0.15,0.14,0.27,0.26,0.931220930265148,0.24524723735002896,0.16200379621335628,-0.12466485917927284,1.967252351341079,0.21500000000000002,True
4737,0.26,0.13,0.14,0.22,0.25,0.9300797997335535,0.24500197877991403,0.16055512240283745,-0.12415611536662308,1.973337987069286,0.21500000000000002,True
4738,0.22,0.13,0.14,0.26,0.25,0.9256083427879869,0.24404001389126373,0.1585672487245567,-0.12265550182125151,1.989637727355341,0.21500000000000002,True
4739,0.25,0.13,0.26,0.14,0.22,0.9238694590374286,0.24366551770608869,0.1548056945096234,-0.13787898362592954,1.767241905170709,0.21500000000000002,True
4740,0.26,0.14,0.13,0.22,0.25,0.9235116621991482,0.24358843249078,0.16000598281205755,-0.1216928481273859,2.0016659667279377,0.21500000000000002,True
4741,0.26,0.13,0.25,0.14,0.22,0.9213056081446958,0.24311293985817772,0.15449397709943558,-0.13608782179924794,1.7864415540195033,0.21500000000000002,True
4742,0.22,0.14,0.13,0.26,0.25,0.9190556681322621,0.24262761295147084,0.15801005653126987,-0.12018976439284879,2.018704456050228,0.21500000000000002,True
4743,0.14,0.13,0.26,0.25,0.22,0.9117257232499942,0.2410438592953914,0.14988108647488216,-0.1337294132459399,1.8024745151023058,0.21500000000000002,True
4744,0.14,0.13,0.25,0.26,0.22,0.9080893259007645,0.24025665374138505,0.14900266505064588,-0.13155861441291983,1.826232777028932,0.21500000000000002,True
4745,0.25,0.1,0.25,0.2,0.2,0.895632915360286,0.23755248978925336,0.14401203748404268,-0.12843678370810485,1.849567413095092,0.21500000000000002,True
4746,0.25,0.2,0.1,0.2,0.25,0.8940591844500068,0.23721000619930965,0.15828824098364905,-0.11297208295333483,2.0997223384585513,0.21500000000000002,True
4747,0.2,0.1,0.25,0.25,0.2,0.8902582978588047,0.23638205407261115,0.14136229649681945,-0.12654112789798544,1.8680255028481882,0.21500000000000002,True
4748,0.2,0.2,0.1,0.25,0.25,0.8885652881485506,0.2360129061935241,0.15587208789766938,-0.11107749042826576,2.1247590784015964,0.21500000000000002,True
4749,0.26,0.13,0.14,0.25,0.22,0.8808288396517012,0.23432321885037988,0.14594057320923357,-0.11178472967153219,2.0962006129004767,0.21500000000000002,True
4750,0.25,0.13,0.14,0.26,0.22,0.8797562765482687,0.2340885990137389,0.14537028218407788,-0.11140514108335431,2.1012369513413365,0.21500000000000002,True
4751,0.25,0.1,0.2,0.25,0.2,0.8770550386537224,0.23349731590867062,0.13977336185787395,-0.11735211917486521,1.9897153758317616,0.21500000000000002,True
4752,0.26,0.14,0.13,0.25,0.22,0.8742575546530764,0.2328843668467251,0.14536787667250284,-0.10923883233225073,2.1318826087265883,0.21500000000000002,True
4753,0.25,0.14,0.13,0.26,0.22,0.873188800547056,0.23265003402666773,0.1447949932108124,-0.10885861841464906,2.1371760675897034,0.21500000000000002,True
4754,0.15,0.15,0.2,0.3,0.2,0.8520970817093021,0.22800715598321153,0.1353692791027392,-0.11211029568925934,2.033775351152299,0.21500000000000002,True
4755,0.2,0.15,0.15,0.3,0.2,0.8389241281768289,0.22508951002792665,0.1337079297983825,-0.10266141628148184,2.1925424193522303,0.21500000000000002,True
4756,0.27,0.14,0.15,0.26,0.18,0.8148319305082814,0.21971713092059142,0.12782930125381148,-0.09696495134896843,2.265943806126902,0.21500000000000002,True
4757,0.26,0.14,0.15,0.27,0.18,0.8138173819159005,0.21948985355337758,0.1271575353499498,-0.09657908245361002,2.2726438062693903,0.21500000000000002,True
4758,0.25,0.2,0.1,0.25,0.2,0.8114534503003503,0.21895996077700675,0.13363491215596307,-0.09139808737480948,2.395673334815921,0.21500000000000002,True
4759,0.27,0.15,0.14,0.26,0.18,0.808265170880091,0.21824455357463624,0.12720799060343438,-0.09430884313106613,2.314147288089728,0.21500000000000002,True
4760,0.26,0.15,0.14,0.27,0.18,0.8072543554251117,0.21801756455194865,0.12653249592899182,-0.09392233734973632,2.3212536091400917,0.21500000000000002,True
4761,0.25,0.25,0.1,0.2,0.2,0.7973936077562584,0.21579877851058704,0.13430216827034955,-0.08972654526098944,2.4050717419565046,0.21500000000000002,True
4762,0.18,0.14,0.26,0.27,0.15,0.7949211440874437,0.21524117260548592,0.11729634815701481,-0.1058879985884219,2.0327249119337023,0.21500000000000002,True
4763,0.2,0.25,0.1,0.25,0.2,0.7923017598488566,0.2146498732769302,0.13142981546764457,-0.08778309669611373,2.4452301337693982,0.21500000000000002,True
4764,0.22,0.13,0.26,0.25,0.14,0.7841589541147167,0.21280803005733384,0.11471926940808877,-0.10339555381414778,2.058193241460398,0.21500000000000002,True
4765,0.22,0.13,0.25,0.26,0.14,0.7803843721701671,0.21195234568288646,0.11370624291554414,-0.10106466704752781,2.0971953094468847,0.21500000000000002,True
4766,0.18,0.15,0.26,0.27,0.14,0.7746237452674909,0.21064409721403088,0.11254659377349997,-0.10120751913334047,2.0813087705124773,0.21500000000000002,True
4767,0.2,0.15,0.2,0.3,0.15,0.7715942481291684,0.20995495676565556,0.11278651476833715,-0.09233786261767807,2.273768861587876,0.21500000000000002,True
4768,0.14,0.26,0.15,0.27,0.18,0.7681037703808731,0.20915997904178218,0.12206335919330406,-0.08794552206199768,2.378290265811757,0.21500000000000002,True
4769,0.15,0.26,0.14,0.27,0.18,0.7654396427476975,0.20855250322717933,0.12173451511684859,-0.08595408292337225,2.4263245692831497,0.21500000000000002,True
4770,0.22,0.14,0.26,0.25,0.13,0.7636566828718538,0.20814561027850842,0.11009731596691122,-0.09866946232034679,2.1095241160099683,0.21500000000000002,True
4771,0.22,0.14,0.25,0.26,0.13,0.7598737491457739,0.2072813900219861,0.10906048890910787,-0.09631271607171865,2.1521705385988215,0.21500000000000002,True
4772,0.15,0.2,0.2,0.3,0.15,0.7528074050994282,0.20566374328553927,0.11065791987252349,-0.08870586830462146,2.318490841882943,0.21500000000000002,True
4773,0.3,0.2,0.15,0.2,0.15,0.7486360223134951,0.20470677710277663,0.11640649228932383,-0.0825982902724246,2.4783415785921887,0.21500000000000002,True
4774,0.2,0.2,0.15,0.3,0.15,0.7389961253061483,0.2024894290662438,0.10910432416508824,-0.07866600341118879,2.5740398683765267,0.21500000000000002,True
4775,0.2,0.3,0.15,0.2,0.15,0.711592214338499,0.19614093800605548,0.11056378274794208,-0.07560239456815665,2.594374677236335,0.21500000000000002,True
4776,0.25,0.2,0.25,0.2,0.1,0.6923611555384019,0.19164522269081874,0.09836433991857549,-0.08171488323459808,2.34529151979105,0.21500000000000002,True
4777,0.2,0.2,0.25,0.25,0.1,0.6877726499773353,0.1905675228434136,0.09440990868528136,-0.07971857891209799,2.3905032608966055,0.21500000000000002,True
4778,0.2,0.25,0.25,0.2,0.1,0.6742430645613504,0.18737842031388285,0.0951985547766364,-0.07788642346713248,2.405790534122487,0.21500000000000002,True
4779,0.25,0.2,0.2,0.25,0.1,0.673342421783375,0.18716551780245871,0.0931720709526851,-0.06933859942016718,2.6992976403850104,0.21500000000000002,True
4780,0.25,0.25,0.2,0.2,0.1,0.6598980990532142,0.18397829857767567,0.09399358407033777,-0.06740356256534108,2.729504073309581,0.21500000000000002,True
4781,0.2,0.25,0.2,0.25,0.1,0.6553990943775356,0.182907885859239,0.08983054873720171,-0.06577161111180663,2.780954925192722,0.21500000000000002,True
4782,0.18,0.13,0.26,0.16,0.27,0.9957264594087998,0.2589568751458846,0.17560855534511785,-0.15454841630888594,1.6755711985318842,0.2154,True
4783,0.16,0.13,0.26,0.18,0.27,0.9933659124412588,0.25846042747063636,0.17490454207116218,-0.15380866863786558,1.6804022150348876,0.2154,True
4784,0.22,0.13,0.24,0.14,0.27,0.9933042524751214,0.25844745448410644,0.1756004769349073,-0.151865595780588,1.7018170123107113,0.2154,True
4785,0.24,0.13,0.22,0.14,0.27,0.9884914337867743,0.2574340319264796,0.17494188859274248,-0.1484194834096374,1.7345029507747467,0.2154,True
4786,0.14,0.13,0.24,0.22,0.27,0.9839045756117069,0.25646666611246083,0.17265059915917685,-0.14890340505760868,1.7223693844558987,0.2154,True
4787,0.18,0.13,0.27,0.16,0.26,0.9837445282190727,0.2564328852956599,0.17163736648540828,-0.15286626182200447,1.677498240875721,0.2154,True
4788,0.16,0.13,0.27,0.18,0.26,0.981409473106851,0.25593982406176363,0.17091623944967013,-0.15212400657037362,1.6824420407528782,0.2154,True
4789,0.14,0.13,0.22,0.24,0.27,0.9767949663768976,0.25496430212956667,0.1710855719289681,-0.1447127687129326,1.761864584564342,0.2154,True
4790,0.26,0.13,0.18,0.16,0.27,0.9764577360136562,0.2548929510107978,0.17295362121962388,-0.14071274621414342,1.8114418051573624,0.2154,True
4791,0.26,0.13,0.16,0.18,0.27,0.9692581873060306,0.25336773193166207,0.1715587536355406,-0.1364500723424905,1.8568530421567495,0.2154,True
4792,0.16,0.13,0.18,0.26,0.27,0.9648674956753489,0.25243574130604807,0.16875457518315928,-0.1369981529855503,1.8426214938289964,0.2154,True
4793,0.27,0.13,0.18,0.16,0.26,0.961776228900243,0.2517787399579663,0.16867930389116145,-0.13718100420801882,1.8353761252262997,0.2154,True
4794,0.18,0.13,0.16,0.26,0.27,0.9600284737571421,0.2514069759053521,0.16806064156679357,-0.13347527711300677,1.8835471357927844,0.2154,True
4795,0.24,0.13,0.14,0.22,0.27,0.9597531784267213,0.2513483978374891,0.16924611128257755,-0.1314168587459249,1.9126039096965033,0.2154,True
4796,0.22,0.13,0.14,0.24,0.27,0.957456367702131,0.25085946241542034,0.16833659347558527,-0.13067238510041945,1.919758809197821,0.2154,True
4797,0.22,0.13,0.27,0.14,0.24,0.9566659744144732,0.25069111834973357,0.1637257111332154,-0.14672093670670305,1.7086253944170775,0.2154,True
4798,0.27,0.13,0.16,0.18,0.26,0.9545357741222582,0.25023718596050815,0.1672708804457839,-0.13288181138075217,1.8831560419017197,0.2154,True
4799,0.24,0.14,0.13,0.22,0.27,0.9531978810425579,0.24995192062802074,0.1687073473043734,-0.1290051133947756,1.9375349864088658,0.2154,True
4800,0.22,0.14,0.13,0.24,0.27,0.9509088773869847,0.2494635573829529,0.16779438933563645,-0.128259415432592,1.9449921593792145,0.2154,True
4801,0.16,0.13,0.18,0.27,0.26,0.9491956490582503,0.249097786852438,0.16384783875430003,-0.13307894895206662,1.8718045852778709,0.2154,True
4802,0.14,0.13,0.27,0.22,0.24,0.9475705720281757,0.2487506382880753,0.16054943952176043,-0.14372843356491816,1.7306988750818155,0.2154,True
4803,0.18,0.13,0.16,0.27,0.26,0.9442902244220621,0.24804930237888456,0.16315647075277787,-0.12952207559878637,1.9151121631748218,0.2154,True
4804,0.18,0.16,0.13,0.26,0.27,0.9404468303106839,0.2472265831304068,0.16637868902047828,-0.12624595398573457,1.958293120097478,0.2154,True
4805,0.14,0.13,0.22,0.27,0.24,0.9295461586789318,0.2448872522877621,0.15636605012460508,-0.13302822903353473,1.840866815012843,0.2154,True
4806,0.18,0.16,0.13,0.27,0.26,0.9246995544762404,0.24384432006007528,0.16145036134836108,-0.12221445256924279,1.9952167271045207,0.2154,True
4807,0.14,0.13,0.27,0.24,0.22,0.9153602397873113,0.2418296607260706,0.15077302990699526,-0.13589368075103792,1.7795504499514674,0.2154,True
4808,0.27,0.13,0.14,0.22,0.24,0.9149348248411184,0.24173773519766018,0.1562514452474374,-0.1204584754645025,2.006813835767804,0.2154,True
4809,0.22,0.13,0.14,0.27,0.24,0.9094213459946008,0.24054512481257628,0.15365214644265607,-0.11857535641669614,2.0286266226116614,0.2154,True
4810,0.27,0.14,0.13,0.22,0.24,0.9083612038141582,0.2403155443216909,0.15569709143099958,-0.11796876506308274,2.037111638773063,0.2154,True
4811,0.14,0.13,0.24,0.27,0.22,0.9044510511517525,0.2394680400822231,0.1481379936739776,-0.1293812546419315,1.8508712158106813,0.2154,True
4812,0.22,0.14,0.13,0.27,0.24,0.9028669590288962,0.2391243665482483,0.15308687016004682,-0.11608254509055072,2.0599511008456806,0.2154,True
4813,0.27,0.13,0.14,0.24,0.22,0.8819015194820801,0.2345577750165544,0.14652790996636325,-0.1121644777026728,2.0911948222887777,0.2154,True
4814,0.24,0.13,0.14,0.27,0.22,0.8786838302100677,0.2338539154593069,0.14481731001465203,-0.1110257118377439,2.106304130714042,0.2154,True
4815,0.27,0.14,0.13,0.24,0.22,0.875326425010033,0.2331186360658719,0.1459578558449126,-0.10961920644433998,2.126622182621252,0.2154,True
4816,0.24,0.14,0.13,0.27,0.22,0.8721201627302622,0.2324156375584574,0.14423948100483988,-0.10847856459035377,2.142502884658602,0.2154,True
4817,0.16,0.13,0.27,0.26,0.18,0.8510284092395877,0.22777097495946896,0.13190433086488854,-0.12041961814018509,1.8914773064162356,0.2154,True
4818,0.16,0.13,0.26,0.27,0.18,0.8473264791061994,0.22695212950089938,0.13094478876252127,-0.11817807411553316,1.9204250128414397,0.2154,True
4819,0.27,0.13,0.16,0.26,0.18,0.8214081976680514,0.22118828423675008,0.1284697712005535,-0.09960449928475212,2.220665590661832,0.2154,True
4820,0.26,0.13,0.16,0.27,0.18,0.8203899107565196,0.2209607188873417,0.12780179429593966,-0.09921926685752502,2.226994069656175,0.2154,True
4821,0.18,0.13,0.27,0.26,0.16,0.8188462528221765,0.22061558243987034,0.1230647895165361,-0.11277858871521307,1.9561832166295834,0.2154,True
4822,0.18,0.13,0.26,0.27,0.16,0.815110524766012,0.21977952628406006,0.12206783583616461,-0.11049662205521327,1.9890157924849503,0.2154,True
4823,0.27,0.16,0.13,0.26,0.18,0.8017079223690855,0.21677054696118359,0.12660620286627688,-0.09163601829408163,2.365560518632703,0.2154,True
4824,0.26,0.16,0.13,0.27,0.18,0.8007008348697804,0.2165438466474674,0.12592704408806957,-0.09124887523885028,2.373112502270837,0.2154,True
4825,0.22,0.13,0.27,0.24,0.14,0.7879319770926845,0.21366215561603807,0.11574799067110192,-0.1057190670498801,2.0210370898868084,0.2154,True
4826,0.22,0.13,0.24,0.27,0.14,0.7766082346711478,0.21109509750558897,0.11270932484761696,-0.09872637159504871,2.138183487300122,0.2154,True
4827,0.22,0.14,0.27,0.24,0.13,0.7674380996381858,0.20900824966621578,0.11115012987733056,-0.10101869488311932,2.0690056420550924,0.2154,True
4828,0.16,0.26,0.13,0.27,0.18,0.7627687590100667,0.2079428730361328,0.12144939551167093,-0.08395536601171405,2.476826472379611,0.2154,True
4829,0.16,0.27,0.13,0.26,0.18,0.7599961007494072,0.20730936091060626,0.12158588421413519,-0.08371419134675095,2.4763944747661015,0.2154,True
4830,0.18,0.16,0.27,0.26,0.13,0.7579846917485904,0.20684936660155162,0.10889937716282863,-0.09881159610348977,2.0933713729804455,0.2154,True
4831,0.22,0.14,0.24,0.27,0.13,0.7560893018720518,0.20641558376130797,0.10804010005272353,-0.09394842003231518,2.1971160738020687,0.2154,True
4832,0.18,0.16,0.26,0.27,0.13,0.7542224043027088,0.20598801646191633,0.1078282550629241,-0.09645348995711178,2.1356201476329084,0.2154,True
4833,0.21,0.13,0.26,0.14,0.26,0.9836633221567439,0.25641574463321026,0.1720075618351545,-0.15189020456403646,1.6881651148550936,0.21580000000000002,True
4834,0.14,0.13,0.26,0.21,0.26,0.9755091774553075,0.25469221168427314,0.16942409937344788,-0.14929090416396829,1.706012922291241,0.21580000000000002,True
4835,0.19,0.14,0.14,0.26,0.27,0.9510601011355682,0.24949583303733425,0.16719975907556234,-0.12930006488943324,1.9295878408930616,0.21580000000000002,True
4836,0.26,0.13,0.14,0.21,0.26,0.946153863592994,0.2484478437639932,0.16539523493048816,-0.1281826336994304,1.9382332582319006,0.21580000000000002,True
4837,0.21,0.13,0.14,0.26,0.26,0.9404883598836657,0.24723547877962315,0.16301942450859538,-0.12631417814033274,1.9573058418267903,0.21580000000000002,True
4838,0.26,0.14,0.13,0.21,0.26,0.9395879483604199,0.2470425818470181,0.16485324784686942,-0.12574596750202505,1.9646163352557582,0.21580000000000002,True
4839,0.19,0.14,0.14,0.27,0.26,0.9352857284149743,0.24612008369577643,0.16229025180894183,-0.12530371434169352,1.9641882524298204,0.21580000000000002,True
4840,0.21,0.14,0.13,0.26,0.26,0.9339418677865372,0.24583164782758238,0.16246814735131423,-0.12387443758669092,1.9845228169495603,0.21580000000000002,True
4841,0.26,0.13,0.14,0.26,0.21,0.8640808662881183,0.23064942097950847,0.14104215739836676,-0.1075607020423559,2.1443651500961933,0.21580000000000002,True
4842,0.26,0.14,0.13,0.26,0.21,0.8575097052818503,0.229201974685719,0.14046086051677792,-0.10498628119336118,2.1831611909710413,0.21580000000000002,True
4843,0.27,0.14,0.14,0.26,0.19,0.828299318042462,0.22272607726305793,0.1319834182203609,-0.09902428408657737,2.2492066397402835,0.21580000000000002,True
4844,0.26,0.14,0.14,0.27,0.19,0.8272726045743877,0.22249720554538066,0.13133306868301806,-0.09863974590499336,2.2556546907539974,0.21580000000000002,True
4845,0.21,0.13,0.26,0.26,0.14,0.7831737264631464,0.21258479893162074,0.11408441609113196,-0.10300643681265909,2.063801112917391,0.21580000000000002,True
4846,0.19,0.14,0.27,0.26,0.14,0.7821646043440753,0.21235606857301836,0.11403859367450576,-0.10424142117057777,2.037156306853537,0.21580000000000002,True
4847,0.19,0.14,0.26,0.27,0.14,0.7784037614218342,0.21150286430283027,0.11299773214622597,-0.10191345035332688,2.0753184547237336,0.21580000000000002,True
4848,0.21,0.14,0.26,0.26,0.13,0.762687081762067,0.20792422047267856,0.10943511813773013,-0.09827832541445491,2.115667107633651,0.21580000000000002,True
4849,0.21,0.13,0.25,0.14,0.27,0.9956995896230909,0.2589512263528728,0.17597390176814584,-0.1535800304631637,1.6860995897183553,0.216,True
4850,0.14,0.13,0.25,0.21,0.27,0.9874562748189577,0.2572158475796298,0.17345205272755285,-0.1509895112374411,1.7035345400591482,0.216,True
4851,0.25,0.13,0.21,0.14,0.27,0.9860739605074333,0.2569243738189184,0.17465689096606904,-0.14668774781675786,1.7515053413995285,0.216,True
4852,0.14,0.13,0.21,0.25,0.27,0.973237063173563,0.2542111125381701,0.17032232097640546,-0.14260818422940824,1.7825843159830894,0.216,True
4853,0.14,0.13,0.27,0.21,0.25,0.963412793990682,0.25212665268475054,0.16541403567242852,-0.1475776015918977,1.7084344098636768,0.216,True
4854,0.25,0.13,0.14,0.21,0.27,0.9609017746086947,0.25159276287382326,0.16972440538229838,-0.13178932313188152,1.9090526978581905,0.216,True
4855,0.21,0.13,0.14,0.25,0.27,0.956308153236084,0.2506148919227198,0.16790576028928983,-0.130300375655531,1.923362773605954,0.216,True
4856,0.25,0.14,0.13,0.21,0.27,0.954342572976022,0.2501959996898431,0.16918742343912888,-0.1293781909902294,1.93383442584027,0.216,True
4857,0.21,0.14,0.13,0.25,0.27,0.9497645657414384,0.2492192730929157,0.16736190056795577,-0.12788679487911347,1.9487490739641509,0.216,True
4858,0.14,0.13,0.21,0.27,0.25,0.9418814181212776,0.2475337988339008,0.16050904157680407,-0.13482784062818343,1.8359249668362496,0.216,True
4859,0.27,0.13,0.14,0.21,0.25,0.9311979714782757,0.2452423038634004,0.16109241556509402,-0.12453165569044311,1.9693169781104978,0.216,True
4860,0.27,0.14,0.13,0.21,0.25,0.9246259670341939,0.24382847142030295,0.1605454001024076,-0.1220690078006278,1.9974641869666196,0.216,True
4861,0.21,0.13,0.14,0.27,0.25,0.9244907862513678,0.24379935627582383,0.15811171238716576,-0.12228073489406888,1.9937675095510823,0.216,True
4862,0.21,0.14,0.13,0.27,0.25,0.9179419761252949,0.24238724185715954,0.15755262622501706,-0.11981438171683367,2.0230229325058113,0.216,True
4863,0.14,0.13,0.27,0.25,0.21,0.8989992912078786,0.23828446222359934,0.1458635998398318,-0.13190647482527396,1.806465243948304,0.216,True
4864,0.14,0.13,0.25,0.27,0.21,0.8916961117500632,0.2366953853798608,0.14406163359751115,-0.12753346762272033,1.8559472253986846,0.216,True
4865,0.27,0.13,0.14,0.25,0.21,0.8651385224591399,0.23088207558401197,0.14164859961470425,-0.10794186556163154,2.13894835319652,0.216,True
4866,0.25,0.13,0.14,0.27,0.21,0.8630233247646963,0.23041670357833244,0.1404531730595001,-0.10717969953261264,2.149816659154015,0.216,True
4867,0.27,0.14,0.13,0.25,0.21,0.858563571124866,0.22943434199696533,0.14107016041587767,-0.1053680729241927,2.1774559943032497,0.216,True
4868,0.25,0.14,0.13,0.27,0.21,0.8564559536104146,0.22896954464613706,0.1398690709241784,-0.10460465123389062,2.188904049153349,0.216,True
4869,0.21,0.13,0.27,0.25,0.14,0.7869441384610432,0.21343864790843137,0.11511717162586706,-0.1053300638204796,2.0263791757708205,0.216,True
4870,0.21,0.13,0.25,0.27,0.14,0.7794017547526395,0.21172939139845637,0.11306736219845583,-0.10067543750970531,2.10308886294182,0.216,True
4871,0.21,0.14,0.27,0.25,0.13,0.7664658983963726,0.20878658291847385,0.11049254827146307,-0.10062767026346975,2.0748426588016553,0.216,True
4872,0.21,0.14,0.25,0.27,0.13,0.7589067474219642,0.20706027742678668,0.10839367444112424,-0.09592146816038083,2.1586437467844175,0.216,True
4873,0.19,0.13,0.26,0.15,0.27,0.9969069329454217,0.2592049942167438,0.17598466513425956,-0.1549185120170924,1.6731699190871736,0.21600000000000003,True
4874,0.15,0.13,0.26,0.19,0.27,0.9921858390869147,0.2582120987555765,0.17457697425911606,-0.15343901649773584,1.682832076542844,0.21600000000000003,True
4875,0.19,0.13,0.27,0.15,0.26,0.9849122534497088,0.25667931251803444,0.17202248636344675,-0.15323761303103778,1.6750411823893712,0.21600000000000003,True
4876,0.15,0.13,0.27,0.19,0.26,0.9802421433018453,0.2556931899419592,0.17058058273183693,-0.15175310234832506,1.6849289140399664,0.21600000000000003,True
4877,0.26,0.13,0.19,0.15,0.27,0.9800544490950374,0.25565352475531533,0.17367101562442036,-0.1428346067280255,1.7898570284308675,0.21600000000000003,True
4878,0.15,0.13,0.19,0.26,0.27,0.967275976650527,0.25294714950995045,0.1691479583691507,-0.13875070984611215,1.8230331923382093,0.21600000000000003,True
4879,0.26,0.13,0.15,0.19,0.27,0.9656553585040322,0.25260307924718073,0.17088158437645556,-0.13430920247050548,1.8807577932171309,0.21600000000000003,True
4880,0.19,0.13,0.15,0.26,0.27,0.9575979410751614,0.25088961101937635,0.16776029338691184,-0.13170489799306428,1.9049375903437429,0.21600000000000003,True
4881,0.15,0.13,0.19,0.27,0.26,0.9516374141414461,0.24961903350060344,0.1642413016024763,-0.13484836647790066,1.8511090643542332,0.21600000000000003,True
4882,0.27,0.13,0.15,0.19,0.26,0.9509125526310598,0.24946434180933696,0.16658738472067158,-0.1307225417655249,1.9083498411222566,0.21600000000000003,True
4883,0.19,0.15,0.13,0.26,0.27,0.9445310409006948,0.24810081558608266,0.16665409230200826,-0.1268809446553808,1.9553827902207468,0.21600000000000003,True
4884,0.19,0.13,0.15,0.27,0.26,0.941826573130087,0.24752205661032445,0.16285878956699212,-0.1277345583699444,1.93778457270312,0.21600000000000003,True
4885,0.19,0.15,0.13,0.27,0.26,0.9287537403745993,0.24471685272164811,0.1617370030514506,-0.12285834322717315,1.9918618979677316,0.21600000000000003,True
4886,0.15,0.13,0.27,0.26,0.19,0.8668446411431712,0.23125718837593578,0.136402759588722,-0.12416879986819074,1.8624420033166373,0.21600000000000003,True
4887,0.15,0.13,0.26,0.27,0.19,0.8631602566464012,0.23044684109972358,0.1354608889661788,-0.12194697977905766,1.8897297950080019,0.21600000000000003,True
4888,0.27,0.13,0.15,0.26,0.19,0.8348747968055654,0.22418983413814253,0.13259661644816015,-0.10164535673303965,2.2056082180610814,0.21600000000000003,True
4889,0.26,0.13,0.15,0.27,0.19,0.8338443285866182,0.22396067460276603,0.13194969069016663,-0.10126145192250235,2.2117071239919426,0.21600000000000003,True
4890,0.27,0.15,0.13,0.26,0.19,0.8217332761979739,0.2212609144737896,0.13138900325060934,-0.0963868428294744,2.2955510106834787,0.21600000000000003,True
4891,0.26,0.15,0.13,0.27,0.19,0.8207103122990187,0.22103233092971641,0.13073528837940512,-0.09600167083908806,2.3023800419077793,0.21600000000000003,True
4892,0.19,0.13,0.27,0.26,0.15,0.8024878983907333,0.2169460653226476,0.11874462835335807,-0.1088849198664682,1.9924344490375798,0.21600000000000003,True
4893,0.19,0.13,0.26,0.27,0.15,0.7987359180484208,0.21610129078989182,0.11772806040458303,-0.10658223917865772,2.0275544260958296,0.21600000000000003,True
4894,0.19,0.15,0.27,0.26,0.13,0.7617368457840583,0.20770717352954682,0.10936674244039954,-0.09952516890445695,2.0869813718069987,0.21600000000000003,True
4895,0.19,0.15,0.26,0.27,0.13,0.7579675968273971,0.20684545561647094,0.10830014282913311,-0.09717139481621362,2.128666116275173,0.21600000000000003,True
4896,0.2,0.13,0.26,0.14,0.27,0.9980875397995808,0.2594530435167477,0.17637661605838212,-0.15528875575875545,1.6707780434522497,0.21700000000000003,True
4897,0.14,0.13,0.26,0.2,0.27,0.9910058992032602,0.2579637000483206,0.17426591858580098,-0.15306951203643282,1.6852715907719193,0.21700000000000003,True
4898,0.2,0.13,0.27,0.14,0.26,0.9860801104123158,0.25692567088275675,0.17242373944090322,-0.1536091134153036,1.6725939312475717,0.21700000000000003,True
4899,0.26,0.13,0.2,0.14,0.27,0.9836491167786467,0.2564127461687089,0.1744015140090142,-0.14495018702464146,1.7689714751807726,0.21700000000000003,True
4900,0.14,0.13,0.27,0.2,0.26,0.9790749453819547,0.2554464867479338,0.17026175971852806,-0.15138234694260677,1.6874258584772808,0.21700000000000003,True
4901,0.14,0.13,0.2,0.26,0.27,0.9696770987957632,0.2534565797966746,0.16957212751203862,-0.14049738572533566,1.803994988861698,0.21700000000000003,True
4902,0.26,0.13,0.14,0.2,0.27,0.9620504979527364,0.25183705953154245,0.17021812668676112,-0.13216193935032527,1.9055187958765576,0.21700000000000003,True
4903,0.26,0.14,0.13,0.2,0.27,0.9554873915955444,0.2504400104489237,0.16968296637088334,-0.12975142111988514,1.9301523504511535,0.21700000000000003,True
4904,0.2,0.13,0.14,0.26,0.27,0.9551600660852513,0.2503702528374736,0.16749113495396623,-0.12992851767244917,1.9269846013995096,0.21700000000000003,True
4905,0.14,0.13,0.2,0.27,0.26,0.9540718755607032,0.2501382883381129,0.16466644192529212,-0.1366118118253855,1.8310150857074838,0.21700000000000003,True
4906,0.2,0.14,0.13,0.26,0.27,0.9486203809351004,0.24897492028655877,0.16694566432899718,-0.1275143264863393,1.9525250781388208,0.21700000000000003,True
4907,0.27,0.13,0.14,0.2,0.26,0.9472873396212451,0.24869011448778622,0.16591791453421922,-0.12855678459822895,1.9344767782190804,0.21700000000000003,True
4908,0.27,0.14,0.13,0.2,0.26,0.9407175383335642,0.2472845666017267,0.16537791270197358,-0.1261207354049687,1.960697151088643,0.21700000000000003,True
4909,0.2,0.13,0.14,0.27,0.26,0.9393556346962182,0.2469928031443822,0.1625932329779264,-0.12594094615643203,1.9611795105746699,0.21700000000000003,True
4910,0.2,0.14,0.13,0.27,0.26,0.9328130257981584,0.2455892586098345,0.16204023514427904,-0.12350059285940784,1.988567446711867,0.21700000000000003,True
4911,0.14,0.13,0.27,0.26,0.2,0.882472595455067,0.2346826122556216,0.14094217780248977,-0.12787160282718646,1.8352989019210628,0.21700000000000003,True
4912,0.14,0.13,0.26,0.27,0.2,0.8788061877117324,0.23388069547876267,0.1400172486399689,-0.12566919159704326,1.8610821992767987,0.21700000000000003,True
4913,0.27,0.13,0.14,0.26,0.2,0.8482160703398542,0.22714900171298802,0.13676046819293625,-0.10366761159754978,2.1911279541657422,0.21700000000000003,True
4914,0.26,0.13,0.14,0.27,0.2,0.8471733676721718,0.2269182385887154,0.13613349663882504,-0.10328502625880631,2.1970100295091695,0.21700000000000003,True
4915,0.27,0.14,0.13,0.26,0.2,0.8416418487169144,0.22569258961633376,0.13617327418249764,-0.10106478767374061,2.233147615615828,0.21700000000000003,True
4916,0.26,0.14,0.13,0.27,0.2,0.8406029172318084,0.22546211417380402,0.1355432029317541,-0.1006815720558002,2.239358301326954,0.21700000000000003,True
4917,0.2,0.13,0.27,0.26,0.14,0.7859564065323912,0.21321508196077255,0.11450785991026594,-0.10494122849803955,2.0317570607128514,0.21700000000000003,True
4918,0.2,0.13,0.26,0.27,0.14,0.7821886050207543,0.21236150963388223,0.11347121731317529,-0.10261748803320003,2.0694475542529016,0.21700000000000003,True
4919,0.2,0.14,0.27,0.26,0.13,0.7654938017959698,0.20856485868666041,0.10985706854562208,-0.10023681574370102,2.0807211116916076,0.21700000000000003,True
4920,0.2,0.14,0.26,0.27,0.13,0.7617175847998854,0.20770277324930708,0.10879517787873406,-0.09788735892883527,2.121854910809355,0.21700000000000003,True
4921,0.22,0.13,0.26,0.13,0.26,0.9848287249238594,0.25666168854851423,0.17244142437627272,-0.15226213097698482,1.685656748015105,0.2174,True
4922,0.13,0.13,0.26,0.22,0.26,0.9743448250528945,0.2544457169663017,0.16912196102815905,-0.14892017223907317,1.7086047722119213,0.2174,True
4923,0.13,0.13,0.22,0.26,0.26,0.9600722468791953,0.2514162895604539,0.1658968322148455,-0.1404919806399605,1.7895419255619986,0.2174,True
4924,0.18,0.14,0.14,0.27,0.27,0.9499134568451653,0.24925106333730773,0.16681691289740896,-0.12892801635635665,1.9332575679158714,0.2174,True
4925,0.26,0.13,0.13,0.22,0.26,0.9425293727917783,0.24767250814226283,0.16473910334330916,-0.12601024293473817,1.9654950452760782,0.2174,True
4926,0.22,0.13,0.13,0.26,0.26,0.9380075558281777,0.24670386682965417,0.162803231961446,-0.12451470800606823,1.981323096526324,0.2174,True
4927,0.13,0.13,0.26,0.26,0.22,0.9106224851763183,0.24080513642455692,0.14954280023593022,-0.13335311037592235,1.805770677157266,0.2174,True
4928,0.26,0.13,0.13,0.26,0.22,0.87713807969845,0.23351550149347444,0.14525389889959203,-0.10953451246210133,2.13188972356334,0.2174,True
4929,0.27,0.14,0.14,0.27,0.18,0.811084860973039,0.21887729720826998,0.12708759595099878,-0.09463509837665418,2.31285538835838,0.2174,True
4930,0.22,0.13,0.26,0.26,0.13,0.7664430397970765,0.20878137006483177,0.109973682119316,-0.09899198415634358,2.109073495638714,0.2174,True
4931,0.14,0.27,0.14,0.27,0.18,0.7616674081581187,0.20769130996246488,0.1214259161460889,-0.08529872688645201,2.4348699862653223,0.2174,True
4932,0.18,0.13,0.27,0.15,0.27,0.9992849003939501,0.25970451304085507,0.17643298723822518,-0.15662183177722055,1.6581629144157863,0.21760000000000002,True
4933,0.22,0.13,0.25,0.13,0.27,0.9968777373185356,0.25919885888282,0.17639777622725616,-0.15395069784402804,1.6836484830060463,0.21760000000000002,True
4934,0.15,0.13,0.27,0.18,0.27,0.9957361082044389,0.2589589035847226,0.17540277445486216,-0.15551281240086434,1.6651933663009448,0.21760000000000002,True
4935,0.25,0.13,0.22,0.13,0.27,0.9896618024891501,0.2576806237436995,0.1754140507012551,-0.14879097596289625,1.73182964945372,0.21760000000000002,True
4936,0.13,0.13,0.25,0.22,0.27,0.986279190172666,0.25696765694079216,0.17315743895102878,-0.1506200292002936,1.7060656428307959,0.21760000000000002,True
4937,0.27,0.13,0.18,0.15,0.27,0.9776174707238643,0.2551382933712001,0.17345930265440596,-0.14108503358549673,1.8084008408771985,0.21760000000000002,True
4938,0.13,0.13,0.22,0.25,0.27,0.9756260424396097,0.2547169467837618,0.17079036191149874,-0.14434291634748586,1.7646653762389386,0.21760000000000002,True
4939,0.22,0.13,0.27,0.13,0.25,0.9726308515588447,0.25408269043200526,0.1685058165218236,-0.15055893185453983,1.6875962608281738,0.21760000000000002,True
4940,0.27,0.13,0.15,0.18,0.27,0.9668069289133958,0.25284758634307436,0.1713897616701634,-0.13468185182979409,1.877369392445047,0.21760000000000002,True
4941,0.15,0.13,0.18,0.27,0.27,0.9637091831602131,0.25218964053544646,0.1684245405961811,-0.1366275197023985,1.8458187712458287,0.21760000000000002,True
4942,0.13,0.13,0.27,0.22,0.25,0.9622611206908176,0.2518818418946376,0.16510407407094133,-0.1472056119326517,1.7110885827496611,0.21760000000000002,True
4943,0.25,0.13,0.13,0.22,0.27,0.9572976044218979,0.2508256514240488,0.16907411867438024,-0.12963552052914284,1.9348528119471828,0.21760000000000002,True
4944,0.18,0.13,0.15,0.27,0.27,0.9564473926785713,0.2506445551208516,0.16737898785398947,-0.1313334592508706,1.9084592498403268,0.21760000000000002,True
4945,0.22,0.13,0.13,0.25,0.27,0.9538603506575423,0.250093188563562,0.16768454375895228,-0.12851823148567432,1.9459744012384688,0.21760000000000002,True
4946,0.13,0.13,0.22,0.27,0.25,0.9443367989914637,0.24805926550665625,0.16098169803980317,-0.13659602022651218,1.8160065358808306,0.21760000000000002,True
4947,0.18,0.15,0.13,0.27,0.27,0.9433882955347628,0.24785633238160032,0.16626972979968224,-0.12650828562958905,1.959210269494231,0.21760000000000002,True
4948,0.27,0.13,0.13,0.22,0.25,0.9275535911794726,0.24445868686323213,0.16043030124656815,-0.1223403811349556,1.9981847742779704,0.21760000000000002,True
4949,0.22,0.13,0.13,0.27,0.25,0.9219774647248444,0.2432577902788562,0.15790087214478496,-0.12046365190825792,2.0193459722117275,0.21760000000000002,True
4950,0.13,0.13,0.27,0.25,0.22,0.9142543236410605,0.24159066119735395,0.15043545207152492,-0.13551749951287007,1.782726674162182,0.21760000000000002,True
4951,0.13,0.13,0.25,0.27,0.22,0.9069887651536366,0.24001820772029125,0.14866368848287495,-0.13118219088906713,1.82965542878652,0.21760000000000002,True
4952,0.27,0.13,0.13,0.25,0.22,0.8782080847351972,0.23374977942142405,0.14584265989243692,-0.10991437233694201,2.1266534526064085,0.21760000000000002,True
4953,0.25,0.13,0.13,0.27,0.22,0.876068190894836,0.23328115997360022,0.1446822493056383,-0.10915481232284074,2.1371587290502436,0.21760000000000002,True
4954,0.15,0.13,0.27,0.27,0.18,0.8499822899082965,0.22753969019887443,0.13147791763983435,-0.12003742880149693,1.8955728431600403,0.21760000000000002,True
4955,0.27,0.13,0.15,0.27,0.18,0.8176584987598992,0.2203498872542391,0.12771090314934064,-0.09728607592630167,2.2649683950780735,0.21760000000000002,True
4956,0.27,0.15,0.13,0.27,0.18,0.804520737074802,0.21740327808867832,0.12648377574662192,-0.09196746249037768,2.3639151521813995,0.21760000000000002,True
4957,0.18,0.13,0.27,0.27,0.15,0.8014857486058979,0.2167205418270719,0.11820121041615744,-0.1084978870073775,1.9974632484071844,0.21760000000000002,True
4958,0.22,0.13,0.27,0.25,0.13,0.7702288334609055,0.20964409966199793,0.11102607803705844,-0.10133702625345509,2.0687808534824663,0.21760000000000002,True
4959,0.22,0.13,0.25,0.27,0.13,0.762655726651281,0.20791705977970065,0.10893726624027644,-0.09663945355331849,2.151471807164011,0.21760000000000002,True
4960,0.18,0.15,0.27,0.27,0.13,0.7607660280651742,0.20748534480963166,0.10877539666922095,-0.09913411150184648,2.092976289052301,0.21760000000000002,True
4961,0.15,0.27,0.13,0.27,0.18,0.7590021909540796,0.2070821049500955,0.12111806119464474,-0.08344912156140571,2.4815372657663617,0.21760000000000002,True
4962,0.19,0.13,0.27,0.14,0.27,1.0004680988740846,0.25995290961934603,0.1768085067319257,-0.15699180013993697,1.655837498440257,0.2184,True
4963,0.21,0.13,0.26,0.13,0.27,0.9992682799329793,0.2597010231010346,0.17678423475976102,-0.15565914762271182,1.6683955107508395,0.2184,True
4964,0.14,0.13,0.27,0.19,0.27,0.9945534453525156,0.25871022700748125,0.17509203672658855,-0.15514343421823307,1.6675551131836206,0.2184,True
4965,0.13,0.13,0.26,0.21,0.27,0.9898260928285663,0.2577152312933342,0.17397153634172394,-0.1527001551654783,1.687720821331537,0.2184,True
4966,0.21,0.13,0.27,0.13,0.26,0.9872480990685994,0.2571719604437781,0.17284094465658822,-0.15398076306470776,1.67015642295334,0.2184,True
4967,0.26,0.13,0.21,0.13,0.27,0.9872417356523717,0.2571706188746339,0.1751449638715684,-0.1470595149447783,1.74875198637234,0.2184,True
4968,0.27,0.13,0.19,0.14,0.27,0.9812169067309353,0.25589914519972234,0.17417580887756481,-0.1432067715916273,1.7869207046259792,0.2184,True
4969,0.13,0.13,0.27,0.21,0.26,0.9779078793854714,0.2551997144253568,0.16995993866547715,-0.15101174026367548,1.689932941503508,0.2184,True
4970,0.13,0.13,0.21,0.26,0.27,0.9720708579805297,0.25396403594256567,0.17002694688690223,-0.14223821017548077,1.7854839120180686,0.2184,True
4971,0.14,0.13,0.19,0.27,0.27,0.9661150766556215,0.25270070031750214,0.1688351535771589,-0.138380345638641,1.8261314433871352,0.2184,True
4972,0.27,0.13,0.14,0.19,0.27,0.9631993484205532,0.25208128786394157,0.17072707635848594,-0.1325347074941171,1.902002068968469,0.2184,True
4973,0.26,0.13,0.13,0.21,0.27,0.9584436090642487,0.2510696690576246,0.16956853123259988,-0.13000825430103136,1.9311825268900091,0.2184,True
4974,0.19,0.13,0.14,0.27,0.27,0.9540121062879232,0.2501255451060129,0.16709290796675272,-0.129556811058694,1.9306244346559045,0.2184,True
4975,0.21,0.13,0.13,0.26,0.27,0.9527148529179366,0.24984889744570804,0.16725323066501732,-0.12814610558520356,1.9497190047619906,0.2184,True
4976,0.19,0.14,0.13,0.27,0.27,0.9474763230062757,0.24873049891030408,0.16654587235638307,-0.12714201016108417,1.956320327130048,0.2184,True
4977,0.27,0.13,0.13,0.21,0.26,0.9436601385049042,0.2479145001671499,0.16526263031462984,-0.1263845105969822,1.9615892722622101,0.2184,True
4978,0.21,0.13,0.13,0.27,0.26,0.9368774132509414,0.2464615379380537,0.16235987254582662,-0.1241412077314632,1.9853322071039332,0.2184,True
4979,0.13,0.13,0.27,0.26,0.21,0.8979084871340919,0.23804737659730124,0.14551556768032628,-0.13152888231089377,1.8098486995018368,0.2184,True
4980,0.14,0.13,0.27,0.27,0.19,0.8657837333783527,0.23102396064023556,0.1360109175599846,-0.12378820486249487,1.866284117269971,0.2184,True
4981,0.27,0.13,0.13,0.26,0.21,0.8614295639293281,0.23006582193830627,0.1409546686192164,-0.10567151707047384,2.17717913318943,0.2184,True
4982,0.26,0.13,0.13,0.27,0.21,0.8603745736715736,0.22983344558137153,0.14034660751956174,-0.10529024311589275,2.182856063200408,0.2184,True
4983,0.27,0.13,0.14,0.27,0.19,0.8311377439737044,0.22335836458934533,0.13186633431584013,-0.09934076262581693,2.248405978426608,0.2184,True
4984,0.27,0.14,0.13,0.27,0.19,0.8245648386356406,0.22189318738952446,0.13127000904522965,-0.09670838509563695,2.2944565475898457,0.2184,True
4985,0.19,0.13,0.27,0.27,0.14,0.784968781345011,0.21299145773249117,0.11392048887815188,-0.104552560973872,2.037171119947204,0.2184,True
4986,0.21,0.13,0.27,0.26,0.13,0.7692555622883412,0.20942242229750674,0.11036991961048694,-0.10094654440808593,2.0745873325876003,0.2184,True
4987,0.21,0.13,0.26,0.27,0.13,0.7654723707242026,0.20855996958482237,0.10931291462968566,-0.09860139015412084,2.1151828514671913,0.2184,True
4988,0.19,0.14,0.27,0.27,0.13,0.7645218098752928,0.20834307693113918,0.10924416720998684,-0.09984613121284269,2.0866414592170104,0.2184,True
4989,0.2,0.13,0.27,0.13,0.27,1.0016514311655582,0.26020123633668657,0.17719980233923477,-0.15736191626868234,1.6535210202474573,0.21960000000000002,True
4990,0.13,0.13,0.27,0.2,0.27,0.9933709165033748,0.2584614802916274,0.17479790147473656,-0.15477420335996683,1.669926090270414,0.21960000000000002,True
4991,0.27,0.13,0.2,0.13,0.27,0.9848142980862702,0.25665864453059895,0.1749053926273221,-0.14532222847422693,1.7661347973074721,0.21960000000000002,True
4992,0.13,0.13,0.2,0.27,0.27,0.9685136116009618,0.25320978211305123,0.16927660764219224,-0.14012729087571707,1.8069983407987975,0.21960000000000002,True
4993,0.27,0.13,0.13,0.2,0.27,0.9595897403365699,0.25131361845327294,0.17007822181440918,-0.13038114027350012,1.9275304536077313,0.21960000000000002,True
4994,0.2,0.13,0.13,0.27,0.27,0.9515694819997551,0.24960453782327519,0.16683818133490877,-0.12777413142024097,1.9534825637150433,0.21960000000000002,True
4995,0.13,0.13,0.27,0.27,0.2,0.8813968332976947,0.23444742956301456,0.1405829576921195,-0.12749259207195573,1.838910212372923,0.21960000000000002,True
4996,0.27,0.13,0.13,0.27,0.2,0.8444920018770075,0.22632441973322748,0.13605732605656148,-0.10137669147381345,2.2325094303525304,0.21960000000000002,True
4997,0.2,0.13,0.27,0.27,0.13,0.7682823957394005,0.20920068745478093,0.10973589302699903,-0.10055623216072118,2.080434826957428,0.21960000000000002,True
4998,0.25,0.15,0.15,0.15,0.3,1.0049813021890532,0.2608994974163106,0.18499946819016524,-0.1450904661660164,1.7981849828629153,0.22,True
4999,0.15,0.15,0.15,0.25,0.3,0.9930330101991105,0.25839038312091267,0.18122351794716904,-0.14140495683932086,1.8273078178901672,0.22,True
5000,0.25,0.1,0.25,0.15,0.25,0.9778016049050018,0.2551772382086053,0.16791727822262426,-0.14814243630413637,1.7225127692967497,0.22,True
5001,0.15,0.1,0.25,0.25,0.25,0.9662948853740168,0.25273887852749777,0.16374370712445982,-0.14442512143255937,1.749964798509908,0.22,True
5002,0.25,0.1,0.15,0.25,0.25,0.941415295053446,0.24743399559461432,0.16038267872551085,-0.1267560963616361,1.95204808839082,0.22,True
5003,0.15,0.15,0.15,0.3,0.25,0.9155569150994931,0.24187215458907407,0.15663289815873185,-0.12168049040676576,1.9877644623268655,0.22,True
5004,0.25,0.15,0.1,0.25,0.25,0.908571112434688,0.24036100811076833,0.15769167002211956,-0.11440684230410247,2.1009321057203003,0.22,True
5005,0.15,0.25,0.1,0.25,0.25,0.8686854653281428,0.2316616616913647,0.15447860666406207,-0.10770459465138382,2.150898598534285,0.22,True
5006,0.25,0.1,0.25,0.25,0.15,0.8094370988483659,0.2185076161950923,0.12011551851699588,-0.1075159109707452,2.0323281849376476,0.22,True
5007,0.15,0.15,0.25,0.3,0.15,0.7853825859257832,0.2130851639743887,0.11488659578162365,-0.10209776229888068,2.087069874759878,0.22,True
5008,0.3,0.15,0.15,0.25,0.15,0.7624865202787372,0.20787841597281864,0.1157214653736072,-0.08435424944054493,2.4643502532653883,0.22,True
5009,0.25,0.15,0.15,0.3,0.15,0.7576386679102647,0.2067701981470138,0.11184641578772281,-0.08239956928746417,2.5093601815521955,0.22,True
5010,0.15,0.25,0.15,0.3,0.15,0.7204729204467935,0.19820565020943182,0.10693446681181125,-0.0754142090636214,2.6282268642799176,0.22,True
5011,0.25,0.25,0.1,0.25,0.15,0.7113675885193984,0.1960886212993005,0.10948704097241868,-0.0672111206071595,2.9175026324202165,0.22,True
5012,0.15,0.3,0.15,0.25,0.15,0.7068291849689916,0.19503061761143825,0.10766694641987734,-0.07426555701985982,2.6261247533534813,0.22,True
5013,0.25,0.15,0.25,0.25,0.1,0.7059797627305078,0.19483238991437113,0.09762677848034025,-0.08350361078357293,2.3332211396144693,0.22,True
5014,0.15,0.25,0.25,0.25,0.1,0.6696827672266399,0.18629962699844338,0.09182900988847709,-0.07588044374660852,2.455173135525714,0.22,True
5015,0.25,0.25,0.15,0.25,0.1,0.6409566936938247,0.17945855610571315,0.08932080903362208,-0.05591371256016198,3.209562518543542,0.22,True
5016,0.2,0.1,0.2,0.2,0.3,1.0317131393241468,0.2664772369136268,0.18579723648765836,-0.15472915443593105,1.7222173667598464,0.22000000000000003,True
5017,0.2,0.2,0.1,0.2,0.3,0.9665114412381011,0.2527848560515811,0.18038452053094106,-0.13142335791557902,1.923439334231284,0.22000000000000003,True
5018,0.2,0.1,0.3,0.2,0.2,0.908724444667794,0.240394215999036,0.1460025280634045,-0.1374612428443599,1.7488145096376122,0.22000000000000003,True
5019,0.3,0.1,0.2,0.2,0.2,0.8823658521793105,0.2346592800886227,0.14291376180026613,-0.11925469175729797,1.9677152875980024,0.22000000000000003,True
5020,0.2,0.1,0.2,0.3,0.2,0.871747113026683,0.2323337913243546,0.13707733963799693,-0.11545352980781698,2.01235762744626,0.22000000000000003,True
5021,0.3,0.2,0.1,0.2,0.2,0.8165756624714449,0.22010756080607918,0.13693513802247087,-0.0933324005830356,2.3583188628075065,0.22000000000000003,True
5022,0.2,0.2,0.1,0.3,0.2,0.8063340070268217,0.21781081720406892,0.13079382173122406,-0.08946795089206006,2.4345121915986434,0.22000000000000003,True
5023,0.2,0.3,0.1,0.2,0.2,0.7783336082164478,0.21148693755961467,0.1321276484115974,-0.08617431041653634,2.4541761522356387,0.22000000000000003,True
5024,0.2,0.2,0.3,0.2,0.1,0.7066928675533557,0.1949988099639206,0.10021656876290355,-0.0918954408583087,2.1219639205451384,0.22000000000000003,True
5025,0.3,0.2,0.2,0.2,0.1,0.6778693199888248,0.1882348572443051,0.0978559582944386,-0.0713419845510298,2.6384864176250056,0.22000000000000003,True
5026,0.2,0.2,0.2,0.3,0.1,0.6688178960864557,0.1860948097560593,0.08903752272829801,-0.06733975012994575,2.7635209426371716,0.22000000000000003,True
5027,0.2,0.3,0.2,0.2,0.1,0.6420430856507995,0.17971872534676359,0.09071173274759746,-0.06452075354902953,2.7854405824661477,0.22000000000000003,True
5028,0.2,0.1,0.25,0.15,0.3,1.0493514754331534,0.27013082502872776,0.18952257403439607,-0.16490946321156208,1.6380553290757933,0.225,True
5029,0.15,0.1,0.25,0.2,0.3,1.0432108638195445,0.2688612521622238,0.18786355402053517,-0.16308674115943234,1.6485782366537516,0.225,True
5030,0.25,0.1,0.2,0.15,0.3,1.03778831322242,0.267738021714957,0.18783846149783984,-0.15655861474104737,1.7101455717259868,0.225,True
5031,0.15,0.1,0.2,0.25,0.3,1.025641377952156,0.26521464632926794,0.18413233627443823,-0.15290330316439282,1.7345252904322441,0.225,True
5032,0.25,0.1,0.15,0.2,0.3,1.0200266757346865,0.2640448512516578,0.18442946797819199,-0.1462330246104303,1.8056444633835766,0.225,True
5033,0.2,0.1,0.15,0.25,0.3,1.0140203205497276,0.26279105475373865,0.18237842925361386,-0.14440050456957398,1.819876291548016,0.225,True
5034,0.2,0.1,0.3,0.15,0.25,0.9900972904604455,0.2577723545594166,0.16990543901828006,-0.1567427048862765,1.6445572682086953,0.225,True
5035,0.25,0.15,0.1,0.2,0.3,0.9872666881156877,0.257175879468829,0.1818966053765231,-0.1345284576943171,1.91168384650033,0.225,True
5036,0.15,0.1,0.3,0.2,0.25,0.9842777044112943,0.25654541445204915,0.1680427458951878,-0.15488906467133412,1.6563171518688171,0.225,True
5037,0.2,0.15,0.1,0.25,0.3,0.9813593451080518,0.2559292349801159,0.17981073214464638,-0.13268087917348115,1.9289081936628312,0.225,True
5038,0.3,0.1,0.2,0.15,0.25,0.9653234897249057,0.25253259750767176,0.1666930138592614,-0.13939634432806292,1.8116156397426597,0.225,True
5039,0.15,0.2,0.1,0.25,0.3,0.9606376159289993,0.25153657129116636,0.17865717093499767,-0.1295672917913938,1.941358562129598,0.225,True
5040,0.15,0.1,0.2,0.3,0.25,0.9482619994804002,0.2488983644502787,0.15976689765674654,-0.13380554058980787,1.860149911230489,0.225,True
5041,0.3,0.1,0.15,0.2,0.25,0.9470378374901169,0.24863679363155744,0.16312388303932193,-0.12862647157366414,1.933014181215129,0.225,True
5042,0.2,0.1,0.15,0.3,0.25,0.9357958387098289,0.2462295348642498,0.15804415843177144,-0.12488955100898214,1.9715783496294323,0.225,True
5043,0.25,0.1,0.3,0.15,0.2,0.9141658472984262,0.24157153659892483,0.14860308408121214,-0.13935383660517942,1.7335119181781196,0.225,True
5044,0.3,0.15,0.1,0.2,0.25,0.91409697637113,0.24155664939989285,0.1604861471834036,-0.11629265989182547,2.0771444184403984,0.225,True
5045,0.15,0.1,0.3,0.25,0.2,0.9032860581744053,0.23921530991607187,0.14385745597798255,-0.1355725475353955,1.7644819269448129,0.225,True
5046,0.2,0.15,0.1,0.3,0.25,0.9030482750908155,0.23916371327644192,0.1553053453376106,-0.11252494450862383,2.1254284045268967,0.225,True
5047,0.3,0.1,0.25,0.15,0.2,0.9010104824867091,0.23872135553565288,0.14709570663739813,-0.13033638624979504,1.8315787509877217,0.225,True
5048,0.15,0.1,0.25,0.3,0.2,0.8848866347681752,0.23521004259327882,0.1391808291122361,-0.12464940653224266,1.8869728235123029,0.225,True
5049,0.15,0.2,0.1,0.3,0.25,0.8830744254514875,0.23481414500222964,0.15389048416654932,-0.10918686149298129,2.1505714313193613,0.225,True
5050,0.3,0.1,0.15,0.25,0.2,0.8636767968729444,0.23056051383972664,0.1391111329679846,-0.1080013604099418,2.1347926819123937,0.225,True
5051,0.25,0.1,0.15,0.3,0.2,0.8584326436934975,0.22940547853387816,0.13591862776438543,-0.10609595308302389,2.162245324799148,0.225,True
5052,0.3,0.15,0.1,0.25,0.2,0.8307274556254656,0.22326700924095966,0.1362977447556565,-0.09496491740914914,2.351047263896737,0.225,True
5053,0.25,0.1,0.3,0.2,0.15,0.8283326838261054,0.22273351362012583,0.12515586089140412,-0.11892997250679105,1.8728122854598952,0.225,True
5054,0.25,0.15,0.1,0.3,0.2,0.8255775877686629,0.2221191700655829,0.1330277251685822,-0.09304379897127091,2.387253879585963,0.225,True
5055,0.2,0.1,0.3,0.25,0.15,0.8232639711671197,0.22160279186440457,0.12209446077514903,-0.11700123838260423,1.8940209089047773,0.225,True
5056,0.3,0.1,0.25,0.2,0.15,0.814442826129012,0.2196299744680854,0.12375799116839074,-0.10945169854721637,2.006638338036748,0.225,True
5057,0.2,0.1,0.25,0.3,0.15,0.8044340612717411,0.2173837905455851,0.11696299480673127,-0.10558426918616226,2.0588653236051866,0.225,True
5058,0.3,0.1,0.2,0.25,0.15,0.7954415884073158,0.21535858908905126,0.11921333436720162,-0.09785974590237567,2.2006861667502364,0.225,True
5059,0.25,0.1,0.2,0.3,0.15,0.7905015046807231,0.21424314984315007,0.11546832022005923,-0.09592116088436564,2.2335337465465344,0.225,True
5060,0.15,0.25,0.1,0.3,0.2,0.7872126878508277,0.21349941786557425,0.12905448920190504,-0.08589670930373561,2.485536635758982,0.225,True
5061,0.15,0.3,0.1,0.25,0.2,0.7732720712649372,0.21033671966741085,0.1297197218748193,-0.08484934633833974,2.478943312405564,0.225,True
5062,0.3,0.2,0.1,0.25,0.15,0.7297752325338867,0.20036077751880788,0.1127626016114511,-0.07041046132837281,2.8456109183035547,0.225,True
5063,0.25,0.15,0.3,0.2,0.1,0.7250750302508875,0.1992728194379707,0.10325532049086726,-0.09556625201101332,2.0851798123777625,0.225,True
5064,0.25,0.2,0.1,0.3,0.15,0.7250189638066091,0.19925982978968593,0.10876795104524087,-0.06843965319826462,2.9114675554016167,0.225,True
5065,0.2,0.15,0.3,0.25,0.1,0.7203963760874985,0.19818788448890445,0.09950958426639324,-0.0935866901225253,2.1176930632917297,0.225,True
5066,0.3,0.15,0.25,0.2,0.1,0.7105965298257075,0.19590900224409058,0.1020904085286399,-0.08549031444892075,2.291592954207034,0.225,True
5067,0.2,0.25,0.1,0.3,0.15,0.706640141004087,0.19498650655121685,0.10598075530780475,-0.06588803178603497,2.959361529942444,0.225,True
5068,0.15,0.2,0.3,0.25,0.1,0.7020427896206827,0.19391276728339757,0.0970343557015265,-0.08990630014104595,2.156831801321878,0.225,True
5069,0.2,0.15,0.25,0.3,0.1,0.7013654276443406,0.19375440190813809,0.0937049046515413,-0.081521332399491,2.3767325214786093,0.225,True
5070,0.2,0.3,0.1,0.25,0.15,0.6930782597803737,0.19181347248888625,0.10674330633041137,-0.06465927947124905,2.9665266000091557,0.225,True
5071,0.3,0.15,0.2,0.25,0.1,0.6914022164206644,0.19142015835122828,0.09709160824815169,-0.07323157662509361,2.6139019146234803,0.225,True
5072,0.25,0.15,0.2,0.3,0.1,0.6868497368743696,0.19035052283264742,0.09243498234565434,-0.0712422926670695,2.67187531038896,0.225,True
5073,0.15,0.2,0.25,0.3,0.1,0.6831865834371171,0.1894884421330496,0.09107517288554032,-0.07772675219676106,2.437879324397472,0.225,True
5074,0.3,0.2,0.15,0.25,0.1,0.6587526213525616,0.18370594783556826,0.09336657185532478,-0.05941686773868893,3.091814745999296,0.225,True
5075,0.25,0.2,0.15,0.3,0.1,0.6542896714829394,0.18264363155880559,0.08849449963919531,-0.057230243092132094,3.1913831165241913,0.225,True
5076,0.15,0.25,0.2,0.3,0.1,0.6509024692222114,0.18183609941167678,0.08630371378277901,-0.06443098860415242,2.8221839110498745,0.225,True
5077,0.15,0.3,0.2,0.25,0.1,0.6375719211971251,0.17864723346210987,0.08715390635730559,-0.06317242205529527,2.827930727521238,0.225,True
5078,0.2,0.25,0.15,0.3,0.1,0.636521329669216,0.17839518158788414,0.08498070468467994,-0.05457985032951673,3.268517236871355,0.225,True
5079,0.2,0.3,0.15,0.25,0.1,0.6232761574894865,0.1752081816234876,0.08587232427388096,-0.05323582104956237,3.2911708351481868,0.225,True
5080,0.15,0.15,0.15,0.35,0.2,0.8337136007689971,0.22393159670531637,0.1314272367853636,-0.10075114911909144,2.222620770713208,0.22999999999999998,True
5081,0.35,0.15,0.15,0.2,0.15,0.7673369363384421,0.20898518771782415,0.12004996115546732,-0.0863132303172155,2.4212416445285245,0.22999999999999998,True
5082,0.15,0.15,0.2,0.35,0.15,0.7666863566127258,0.20883685562475196,0.11006540190224338,-0.09039431462496028,2.3102875052618246,0.22999999999999998,True
5083,0.2,0.15,0.15,0.35,0.15,0.7527933840189664,0.20566052922308264,0.10848417188867612,-0.08044917571086219,2.556403187550802,0.22999999999999998,True
5084,0.15,0.2,0.15,0.35,0.15,0.7341800376429874,0.20137857219414879,0.10627732641237778,-0.07670637185511442,2.625317393117216,0.22999999999999998,True
5085,0.25,0.05,0.25,0.2,0.25,0.9927555601667994,0.25833200024221337,0.16737601646066458,-0.14927086540987822,1.7306257288243596,0.23,True
5086,0.2,0.05,0.25,0.25,0.25,0.9869707892268929,0.2571134938552606,0.16511291531789707,-0.1474226263550158,1.744057206226219,0.23,True
5087,0.25,0.05,0.2,0.25,0.25,0.9744837142678995,0.25447512506020087,0.16345515454219645,-0.13874294569730516,1.8341482068240649,0.23,True
5088,0.25,0.05,0.25,0.25,0.2,0.9102056517542225,0.2407149164933633,0.14347780490399745,-0.1297452538098237,1.8552888019024976,0.23,True
5089,0.25,0.2,0.05,0.25,0.25,0.8759516146130153,0.2332556204763525,0.15540906975158195,-0.10167849610603907,2.2940506538677905,0.23,True
5090,0.25,0.25,0.05,0.2,0.25,0.8616084716789296,0.23010522016301183,0.156045773843072,-0.10012393565283229,2.2982039076138,0.23,True
5091,0.2,0.25,0.05,0.25,0.25,0.8562102381564143,0.22891533360136673,0.15358695405841916,-0.0982137330234637,2.33078742202659,0.23,True
5092,0.25,0.25,0.05,0.25,0.2,0.7790033714502336,0.2116389754915431,0.13127902715833883,-0.07798828684449122,2.7137277154651644,0.23,True
5093,0.25,0.2,0.25,0.25,0.05,0.60034314297209,0.16964888359479469,0.07812277616458875,-0.060473077861686875,2.8053621478108504,0.23,True
5094,0.2,0.25,0.25,0.25,0.05,0.5830184926068036,0.1654138142214463,0.07408262610024886,-0.05776029367238056,2.8637980125184646,0.23,True
5095,0.25,0.25,0.2,0.25,0.05,0.5680774796700379,0.16173654506398139,0.07335914827707922,-0.04938239320165916,3.2751864496220353,0.23,True
5096,0.3,0.1,0.15,0.15,0.3,1.026036376933606,0.26529686095176674,0.1868424046748198,-0.14806919691907583,1.7917086502249302,0.235,True
5097,0.15,0.1,0.15,0.3,0.3,1.0080173161646582,0.2615354642649268,0.18070990109235816,-0.1425716259104305,1.8344145449336071,0.235,True
5098,0.25,0.1,0.1,0.25,0.3,1.0022110753509823,0.26031864567516383,0.18134014052495723,-0.13575572021253457,1.917551947480502,0.235,True
5099,0.1,0.15,0.15,0.3,0.3,0.9870638985287445,0.2571331251508364,0.1799270405006192,-0.1395677288231567,1.8423537254564364,0.235,True
5100,0.15,0.15,0.1,0.3,0.3,0.9754552933998277,0.25468080650687464,0.17811201210155453,-0.13083702573397382,1.9465499546336973,0.235,True
5101,0.3,0.1,0.1,0.25,0.25,0.9287032511925721,0.24470599407793392,0.15991137493872978,-0.11769348809490687,2.0791804035972272,0.235,True
5102,0.25,0.1,0.1,0.3,0.25,0.9231483858941141,0.24351015697507794,0.15714594739035137,-0.11582025365856985,2.1024833678307178,0.235,True
5103,0.35,0.1,0.15,0.2,0.2,0.8689237714386275,0.23171400384669383,0.14271882134857553,-0.10991080047674784,2.1082004938697,0.235,True
5104,0.15,0.1,0.2,0.35,0.2,0.866442080084135,0.23116870060464279,0.1348621410174958,-0.1135589111603783,2.035672042312603,0.235,True
5105,0.1,0.25,0.1,0.3,0.25,0.8632265239701191,0.2304614254335522,0.15292553421013924,-0.10580516634939818,2.1781679797421636,0.235,True
5106,0.2,0.1,0.15,0.35,0.2,0.8531913166862144,0.22824889229679846,0.13318053813954375,-0.1041945657337413,2.190602654653463,0.235,True
5107,0.2,0.1,0.35,0.2,0.15,0.842053352103161,0.2257838531165992,0.12757474609100594,-0.1282418512190645,1.7606097461187775,0.235,True
5108,0.35,0.15,0.1,0.2,0.2,0.83588008536801,0.2244133114504252,0.1399881845888554,-0.09689016533593053,2.3161619207930517,0.235,True
5109,0.2,0.15,0.1,0.35,0.2,0.8204304865835341,0.2209697883403685,0.1302192648288264,-0.09112679675043889,2.424860702011939,0.235,True
5110,0.15,0.1,0.3,0.3,0.15,0.8181980147244745,0.22047058886775805,0.11955614689980663,-0.11507659844280194,1.915859452322459,0.235,True
5111,0.15,0.2,0.1,0.35,0.2,0.8012173374367904,0.2166601244542603,0.1284523534108258,-0.0875419776212909,2.4749283754079467,0.235,True
5112,0.35,0.1,0.2,0.2,0.15,0.8003842953256326,0.21647257459003288,0.1234064172680956,-0.09980252912334364,2.169008906803348,0.235,True
5113,0.2,0.1,0.2,0.35,0.15,0.7855640489317772,0.21312625179003164,0.11222676990152097,-0.0939867604760164,2.2676199361549156,0.235,True
5114,0.3,0.1,0.15,0.3,0.15,0.7764008612651769,0.21104798499947486,0.11510444915433563,-0.08608262290451463,2.4516909206353468,0.235,True
5115,0.3,0.15,0.1,0.3,0.15,0.7435163615828531,0.20353018166534875,0.1120855653864742,-0.07227794611676264,2.8159375383544027,0.235,True
5116,0.2,0.15,0.35,0.2,0.1,0.7393920464254427,0.2025806591412993,0.10567654538425376,-0.10545832990893422,1.9209545544314282,0.235,True
5117,0.25,0.1,0.3,0.25,0.1,0.7388682683338612,0.20245996468098926,0.10259195818328631,-0.09721697112918104,2.0825578325410103,0.235,True
5118,0.3,0.1,0.25,0.25,0.1,0.7243044184922007,0.19909425704775385,0.10140177794127485,-0.08723663387138991,2.282232225297367,0.235,True
5119,0.2,0.2,0.1,0.35,0.15,0.7202652040559883,0.19815743862097168,0.10529401537336014,-0.06709891748169661,2.953213644244343,0.235,True
5120,0.25,0.1,0.25,0.3,0.1,0.7196617615522967,0.1980173558111078,0.09696940258275226,-0.08526383028938678,2.3224074632705776,0.235,True
5121,0.15,0.15,0.3,0.3,0.1,0.7157202204454409,0.1971015614870415,0.09636472653771429,-0.09161149709673999,2.151493728771903,0.235,True
5122,0.15,0.3,0.1,0.3,0.15,0.6883795801692478,0.19071018423049857,0.1037839363175772,-0.06333355391685569,3.011202947506514,0.235,True
5123,0.2,0.15,0.2,0.35,0.1,0.6822996276107225,0.18927951928604814,0.0883329363977948,-0.06925747618728095,2.7329832056572845,0.235,True
5124,0.3,0.15,0.15,0.3,0.1,0.672173664449311,0.18688912188558593,0.09260238024033865,-0.06104889056474161,3.061302509459894,0.235,True
5125,0.15,0.2,0.2,0.35,0.1,0.6642957476839981,0.18502272855865098,0.08554551110943483,-0.06567097769999852,2.817420039090649,0.235,True
5126,0.2,0.2,0.15,0.35,0.1,0.6498290323954647,0.18157995424941298,0.08418200791474299,-0.05590386950563153,3.2480748802392174,0.235,True
5127,0.25,0.25,0.1,0.3,0.1,0.6219820135793832,0.1748958614037921,0.08524852851477895,-0.04958375250822766,3.5272816710427635,0.235,True
5128,0.15,0.3,0.15,0.3,0.1,0.6188683260021028,0.1741437430511612,0.08215888103025902,-0.051899433954882945,3.355407367304763,0.235,True
5129,0.2,0.05,0.25,0.2,0.3,1.0646339719656046,0.2732795116080837,0.18899327340299543,-0.16588761756746906,1.647377396911115,0.23500000000000001,True
5130,0.25,0.05,0.2,0.2,0.3,1.0530012786994019,0.27088422129339174,0.1872972667161598,-0.15760380150924602,1.718767051932437,0.23500000000000001,True
5131,0.2,0.05,0.2,0.25,0.3,1.0468952636201627,0.2696233074382075,0.18528379669097947,-0.15578623816903514,1.7307260936980453,0.23500000000000001,True
5132,0.2,0.05,0.3,0.2,0.25,1.0051242983689503,0.26092946584173227,0.16937691455425813,-0.15780019760326403,1.6535433402799178,0.23500000000000001,True
5133,0.3,0.05,0.2,0.2,0.25,0.980203582921739,0.25568504122869706,0.16613879207316787,-0.14059796583012873,1.8185543419427361,0.23500000000000001,True
5134,0.2,0.05,0.2,0.3,0.25,0.9687669912075969,0.25326353701169246,0.16116818342644376,-0.13689166830364874,1.850101910146287,0.23500000000000001,True
5135,0.25,0.2,0.05,0.2,0.3,0.9547217640437755,0.25027683239108334,0.17971835135630726,-0.12247518417528624,2.0434901492606667,0.23500000000000001,True
5136,0.2,0.2,0.05,0.25,0.3,0.9489127854965334,0.24903737548125982,0.17760087805840438,-0.12061245612798432,2.064773270324594,0.23500000000000001,True
5137,0.2,0.25,0.05,0.2,0.3,0.9342314721962481,0.2458938175752876,0.17820848629480113,-0.11924637516071446,2.062065343654127,0.23500000000000001,True
5138,0.25,0.05,0.3,0.2,0.2,0.9288444860004033,0.24473636879074956,0.14805228598249442,-0.14057191306522387,1.7410047530419144,0.23500000000000001,True
5139,0.2,0.05,0.3,0.25,0.2,0.9233743165336719,0.24355883963916014,0.14548392913625252,-0.13869202684816084,1.7561127713982205,0.23500000000000001,True
5140,0.3,0.05,0.25,0.2,0.2,0.9156117375324688,0.24188399905986535,0.14653045653942362,-0.13163206758585178,1.837576538119073,0.23500000000000001,True
5141,0.2,0.05,0.25,0.3,0.2,0.9048025133750239,0.23954426502787407,0.14086104425372054,-0.1278623310729462,1.8734545430054195,0.23500000000000001,True
5142,0.3,0.05,0.2,0.25,0.2,0.8968606436830635,0.23781954286652796,0.14236377978830347,-0.12064337712011286,1.97126065718265,0.23500000000000001,True
5143,0.25,0.05,0.2,0.3,0.2,0.891521557464034,0.236657354627549,0.13925509132031957,-0.11875361626839276,1.9928433513357966,0.23500000000000001,True
5144,0.3,0.2,0.05,0.2,0.25,0.8813814477661663,0.23444406533401607,0.1582514997784507,-0.10357982974379609,2.263414275867335,0.23500000000000001,True
5145,0.2,0.2,0.05,0.3,0.25,0.8705247485519472,0.23206553118218287,0.15297961427450277,-0.09978117510668927,2.3257446200052354,0.23500000000000001,True
5146,0.2,0.3,0.05,0.2,0.25,0.8419604745881208,0.22576325586616997,0.15424780412368447,-0.09700119332802015,2.3274276132122087,0.23500000000000001,True
5147,0.3,0.2,0.05,0.25,0.2,0.7980130681420059,0.2159384030738536,0.13396061970676523,-0.08151529666481694,2.6490537593425136,0.23500000000000001,True
5148,0.25,0.2,0.05,0.3,0.2,0.7929568378908984,0.21479780447731378,0.13062146252636228,-0.07957841983916525,2.699196652954889,0.23500000000000001,True
5149,0.2,0.25,0.05,0.3,0.2,0.7739771977780487,0.21049708850754878,0.12837585171265062,-0.0773146028878765,2.722604535818631,0.23500000000000001,True
5150,0.25,0.3,0.05,0.2,0.2,0.7651138006649438,0.20847816260095464,0.1319984435049437,-0.07694516459838696,2.7094381263475142,0.23500000000000001,True
5151,0.2,0.3,0.05,0.25,0.2,0.7601149138550147,0.20733652161989036,0.12906500711095317,-0.07670514392553884,2.703032821647024,0.23500000000000001,True
5152,0.2,0.2,0.3,0.25,0.05,0.615281030866218,0.17327602701618883,0.07970933794316279,-0.06866918200906746,2.5233448534935,0.23500000000000001,True
5153,0.2,0.2,0.25,0.3,0.05,0.5961061120642348,0.1686159618629275,0.07314457818707827,-0.056854248321528744,2.965758352996788,0.23500000000000001,True
5154,0.3,0.2,0.2,0.25,0.05,0.5852520272945394,0.16596153899010635,0.0782620839528818,-0.05216242507728408,3.1816300477636346,0.23500000000000001,True
5155,0.25,0.2,0.2,0.3,0.05,0.581075753616402,0.1649369814822974,0.07237676172481772,-0.04851388316595573,3.3997893122280667,0.23500000000000001,True
5156,0.2,0.25,0.2,0.3,0.05,0.5639275564699746,0.16071102674407833,0.06800737578813024,-0.0457112036751387,3.515790743254601,0.23500000000000001,True
5157,0.25,0.05,0.25,0.15,0.3,1.0708091449712152,0.27454738811274537,0.1909947769734402,-0.16770204980974834,1.6371140867044203,0.24,True
5158,0.15,0.05,0.25,0.25,0.3,1.0584622709867504,0.27200981920926637,0.18736273727735708,-0.16407671413692904,1.6578209811190059,0.24,True
5159,0.25,0.05,0.15,0.25,0.3,1.0351387077412557,0.26718845594107754,0.18390312487846486,-0.1473593102612445,1.8131766188875011,0.24,True
5160,0.1,0.1,0.2,0.3,0.3,1.0195730338923594,0.2639502426394269,0.18286273531250954,-0.15108105025747776,1.747077096628554,0.24,True
5161,0.25,0.05,0.3,0.15,0.25,1.0109772104431531,0.2621548690968736,0.17161355093463387,-0.1596452899811398,1.642108383703923,0.24,True
5162,0.3,0.1,0.1,0.2,0.3,1.0081519893649076,0.26156365998246756,0.18376528967453148,-0.13759487796287306,1.900969453623446,0.24,True
5163,0.15,0.05,0.3,0.25,0.25,0.9992746601269971,0.2597023628070285,0.1675449027287893,-0.1559587700683004,1.6651988387270225,0.24,True
5164,0.3,0.05,0.25,0.15,0.25,0.9985435384266386,0.259548824134888,0.17002795022453224,-0.15112281359426694,1.7174695068325168,0.24,True
5165,0.2,0.1,0.1,0.3,0.3,0.9962734456246325,0.25907185618097306,0.17928220233404157,-0.13392024751637754,1.9345234270814076,0.24,True
5166,0.15,0.05,0.25,0.3,0.25,0.9811892303928706,0.25589329846944575,0.16326357245299844,-0.1455780852977182,1.7577734859345386,0.24,True
5167,0.25,0.15,0.05,0.25,0.3,0.9694988529366972,0.2534187767779694,0.17912938953152158,-0.12380896649365902,2.046853179983119,0.24,True
5168,0.3,0.05,0.15,0.25,0.25,0.9618139515637576,0.2517867614903233,0.16258449490804758,-0.12991607699502716,1.9380723872993872,0.24,True
5169,0.25,0.05,0.15,0.3,0.25,0.9561620992611992,0.25058377546211097,0.15987273388979562,-0.12805809889098785,1.9567975601092258,0.24,True
5170,0.1,0.2,0.1,0.3,0.3,0.9547670889311108,0.2502864936624758,0.1773357203555164,-0.12771499141515164,1.959726817417166,0.24,True
5171,0.15,0.1,0.15,0.35,0.25,0.9301794732452051,0.24502340505761766,0.15613537860143908,-0.1230268237644585,1.9916258711736572,0.24,True
5172,0.15,0.25,0.05,0.25,0.3,0.9284556433431845,0.2446527386308508,0.17645389812770726,-0.11756245320212233,2.0810448571554145,0.24,True
5173,0.1,0.15,0.15,0.35,0.25,0.9099728992978562,0.24066453355834927,0.15514609606606455,-0.11980917020689197,2.008732162511089,0.24,True
5174,0.15,0.15,0.1,0.35,0.25,0.8975284691254435,0.23796475856705257,0.15335523115246122,-0.11064695429677007,2.1506670479948227,0.24,True
5175,0.3,0.15,0.05,0.25,0.25,0.8958182297643273,0.23759280640614788,0.1576384505205933,-0.10509813845935789,2.260675687400748,0.24,True
5176,0.25,0.15,0.05,0.3,0.25,0.8903597037530249,0.23640415785733593,0.154824557563381,-0.10320957368047134,2.29052547575891,0.24,True
5177,0.15,0.25,0.05,0.3,0.25,0.8508149787377979,0.22772379504725704,0.15156828668984815,-0.09723281496728997,2.3420467166754912,0.24,True
5178,0.25,0.1,0.35,0.15,0.15,0.8471878330992186,0.22692144056241315,0.13054506579068426,-0.13016753651799406,1.7433028743771612,0.24,True
5179,0.3,0.1,0.1,0.3,0.2,0.8449437430823536,0.2264245032416894,0.13571855186481868,-0.09657237353612047,2.344609487691643,0.24,True
5180,0.25,0.05,0.3,0.25,0.15,0.8426113128967729,0.22590757633136782,0.12459834413174278,-0.12034034763769941,1.8772388543491048,0.24,True
5181,0.15,0.3,0.05,0.25,0.25,0.8365937873884663,0.22457191907204122,0.15219879090200814,-0.0963831527529262,2.3299914212987103,0.24,True
5182,0.3,0.05,0.25,0.25,0.15,0.8286399887182383,0.22280199955748725,0.1231819967173992,-0.11094729602914011,2.0081787256804233,0.24,True
5183,0.25,0.05,0.25,0.3,0.15,0.8236070259165793,0.2216793861436932,0.11957315341411172,-0.10902475318458782,2.0332940884385393,0.24,True
5184,0.15,0.1,0.25,0.35,0.15,0.7994337181850784,0.21625849236935046,0.11435187401131884,-0.10365675988942002,2.086294155827877,0.24,True
5185,0.35,0.1,0.15,0.25,0.15,0.781277956157739,0.21215502720921164,0.11940315142766199,-0.0880280858707877,2.410083385439325,0.24,True
5186,0.25,0.1,0.15,0.35,0.15,0.771526327837945,0.20993949747003415,0.11126240730384783,-0.08414139747274052,2.4950797559316595,0.24,True
5187,0.1,0.3,0.1,0.3,0.2,0.7682133172346346,0.20918494490710993,0.12784448518934446,-0.08352909055884405,2.5043364354571134,0.24,True
5188,0.35,0.15,0.1,0.25,0.15,0.7483015048298796,0.20462996880800333,0.11651026461879674,-0.07423944971637186,2.756350829508866,0.24,True
5189,0.25,0.15,0.1,0.35,0.15,0.7387337203006765,0.20242895679414774,0.1081219492989526,-0.07032078368827233,2.8786504668591686,0.24,True
5190,0.2,0.1,0.3,0.3,0.1,0.7341634761414948,0.20137474864691018,0.0988815966509333,-0.09525123087171405,2.1141432693728133,0.24,True
5191,0.1,0.25,0.15,0.35,0.15,0.7156859757039875,0.19709359877556687,0.10469547645605407,-0.07408981494502087,2.66019828665819,0.24,True
5192,0.3,0.1,0.2,0.3,0.1,0.7049983045919916,0.19460326734268407,0.0964077106980413,-0.07509077320611546,2.591573625277778,0.24,True
5193,0.15,0.25,0.1,0.35,0.15,0.7019152094772463,0.19388294260759475,0.10305569686298771,-0.06456976046401097,3.0026895130834292,0.24,True
5194,0.15,0.15,0.25,0.35,0.1,0.6967535293531186,0.19267503363655125,0.09040825904365635,-0.07954346452749206,2.4222610214564932,0.24,True
5195,0.25,0.25,0.05,0.3,0.15,0.6926428405711074,0.19171131840095978,0.10629360299889577,-0.0577826777316538,3.31779913854596,0.24,True
5196,0.35,0.15,0.15,0.25,0.1,0.6766642534717211,0.18795038568169908,0.0979180023246062,-0.06523441046164768,2.8811540466392045,0.24,True
5197,0.15,0.35,0.1,0.25,0.15,0.6749069333108031,0.1875353030443223,0.10459045426097371,-0.06207900552438095,3.020913454721332,0.24,True
5198,0.25,0.15,0.15,0.35,0.1,0.6676853791972235,0.18582650208200158,0.08775690466018944,-0.05877734846307092,3.161532579149161,0.24,True
5199,0.3,0.2,0.1,0.3,0.1,0.639602425940333,0.17913407508559853,0.08946432400732544,-0.055734840634829697,3.214041218118321,0.24,True
5200,0.25,0.15,0.3,0.25,0.05,0.6328692457514564,0.17751815434603735,0.08351368819791269,-0.07286524818084017,2.4362526551129697,0.24,True
5201,0.15,0.25,0.15,0.35,0.1,0.6320882834385728,0.17733044097566442,0.08129739956566862,-0.05325096161134468,3.3300889901279382,0.24,True
5202,0.25,0.15,0.25,0.3,0.05,0.6135175873574759,0.1728490038316961,0.07726774575434575,-0.06103441510243779,2.831992467554462,0.24,True
5203,0.15,0.35,0.15,0.25,0.1,0.6057106997334996,0.17095479510139255,0.0831170246796132,-0.05052736388366286,3.3834101358426065,0.24,True
5204,0.2,0.3,0.1,0.3,0.1,0.6044761765940048,0.1706546971165943,0.08164483122123845,-0.043715493142811646,3.903757794955949,0.24,True
5205,0.15,0.25,0.3,0.25,0.05,0.5978071221623904,0.16903086085749752,0.07661719961926604,-0.06602205842049758,2.560217977163512,0.24,True
5206,0.15,0.25,0.25,0.3,0.05,0.5788081268735938,0.16437991277905217,0.06976875495886364,-0.05411918145986305,3.037368791339959,0.24,True
5207,0.25,0.25,0.15,0.3,0.05,0.5488951539829363,0.15698099604145788,0.06825191912793624,-0.04170372311616333,3.764196199082665,0.24,True
5208,0.2,0.05,0.3,0.15,0.3,1.0823174558552728,0.2769035454871245,0.19299253539100636,-0.17584595731188524,1.5746938384031242,0.245,True
5209,0.15,0.05,0.3,0.2,0.3,1.0760765654217308,0.275626895601224,0.19136942988224148,-0.17403824778939347,1.5837144943838126,0.245,True
5210,0.3,0.05,0.2,0.15,0.3,1.0591106992930919,0.27214333836781535,0.18966815130764494,-0.15942493560484217,1.707031195184937,0.245,True
5211,0.3,0.05,0.15,0.2,0.3,1.0411790019368854,0.26844060415805027,0.18628909088483064,-0.1491835082270827,1.7993986557109112,0.245,True
5212,0.15,0.05,0.2,0.3,0.3,1.0407926588413194,0.26836058955133213,0.18364776889636863,-0.15397223509255575,1.7429154638822726,0.245,True
5213,0.2,0.05,0.15,0.3,0.3,1.0291017573337147,0.26593452262447514,0.18188021020003017,-0.14553871493200565,1.8272424814848565,0.245,True
5214,0.3,0.15,0.05,0.2,0.3,0.975341034485874,0.25465662161304303,0.1815901126970369,-0.12566317731708232,2.0265015341007593,0.245,True
5215,0.2,0.15,0.05,0.3,0.3,0.9636598961746081,0.2521791666336586,0.17703959330206517,-0.12195852576661392,2.0677452851163642,0.245,True
5216,0.15,0.2,0.05,0.3,0.3,0.9431070387482101,0.24779614455791532,0.1758746994486413,-0.11875353953642631,2.086642179468736,0.245,True
5217,0.1,0.1,0.2,0.35,0.25,0.9425811444669365,0.24768358970579407,0.15831647237351223,-0.13194949914105913,1.877108979709053,0.245,True
5218,0.2,0.05,0.35,0.2,0.2,0.9419003398788546,0.2475378499001768,0.150430261168231,-0.14936054966039192,1.6573174808409263,0.245,True
5219,0.3,0.05,0.3,0.15,0.2,0.9343176645925588,0.24591231940839853,0.1510457249366713,-0.14245565486254463,1.7262376817942338,0.245,True
5220,0.35,0.1,0.1,0.2,0.25,0.9342611360717821,0.24590018520683254,0.16305760957371593,-0.11957059922859803,2.0565271629751933,0.245,True
5221,0.15,0.05,0.3,0.3,0.2,0.9179071609782956,0.24237972611191827,0.14337290436987837,-0.13681598438624631,1.77157462411449,0.245,True
5222,0.2,0.1,0.1,0.35,0.25,0.9175965449623398,0.24231266762651704,0.15479027325899047,-0.11395088392247266,2.1264658885083882,0.245,True
5223,0.35,0.05,0.2,0.2,0.2,0.9022026107888217,0.23898017743011013,0.1458817000428879,-0.12253707702768957,1.9502683043117475,0.245,True
5224,0.2,0.05,0.2,0.35,0.2,0.8861853569176747,0.23549360703241007,0.13659283433031044,-0.1168677821949422,2.0150430050909423,0.245,True
5225,0.3,0.05,0.15,0.3,0.2,0.8780648095590864,0.2337184144390021,0.13857577089524473,-0.10948577670071458,2.134692025594195,0.245,True
5226,0.1,0.2,0.1,0.35,0.25,0.8775866011447513,0.23361371623665983,0.15236985736218786,-0.10730018372241423,2.177197728207241,0.245,True
5227,0.35,0.1,0.1,0.25,0.2,0.850124088830214,0.22757104539161177,0.13937958945941473,-0.0984845428594815,2.310728554797801,0.245,True
5228,0.3,0.05,0.3,0.2,0.15,0.8477102584655656,0.2270370700710329,0.12810296653978162,-0.12225996519945237,1.8570025739877265,0.245,True
5229,0.25,0.1,0.1,0.35,0.2,0.8397661569943533,0.2252764251131507,0.1324801820074638,-0.0946642742022098,2.379740688994708,0.245,True
5230,0.2,0.05,0.3,0.3,0.15,0.837515116532503,0.2247766073864188,0.12157244496293264,-0.11842477824994324,1.8980538592355485,0.245,True
5231,0.3,0.15,0.05,0.3,0.2,0.8120579767985521,0.21909551372405311,0.13333383740488974,-0.08325288305897427,2.631686803793345,0.245,True
5232,0.3,0.05,0.2,0.3,0.15,0.8095294877601176,0.21852834989877,0.11865097551040671,-0.09945673592316684,2.197220207061585,0.245,True
5233,0.2,0.2,0.05,0.35,0.2,0.7879033148109718,0.21365567166734145,0.12775001746917852,-0.07791540227002736,2.742149375381341,0.245,True
5234,0.1,0.25,0.1,0.35,0.2,0.7821263965481025,0.2123474065938029,0.127214598681791,-0.08458395819941589,2.5104926644975727,0.245,True
5235,0.15,0.3,0.05,0.3,0.2,0.7551187434539701,0.20619333890016978,0.12663609834165632,-0.07646598328402321,2.696536813425791,0.245,True
5236,0.2,0.1,0.35,0.25,0.1,0.7532698245066485,0.20576973441814972,0.10504048341160545,-0.10701661972437293,1.9227829747203822,0.245,True
5237,0.2,0.1,0.25,0.35,0.1,0.7150215343955324,0.19693907949371847,0.09308354489235321,-0.08329538604813447,2.3643455998860725,0.245,True
5238,0.3,0.2,0.05,0.3,0.15,0.7108764369145517,0.19597421317906383,0.1096507314270106,-0.0643208574158729,3.0468221515141356,0.245,True
5239,0.35,0.1,0.2,0.25,0.1,0.7095787912954326,0.19567183615354056,0.10150538489632412,-0.07833266352990598,2.497959693134099,0.245,True
5240,0.25,0.1,0.2,0.35,0.1,0.7004201811593795,0.19353333558947083,0.09178239550024951,-0.07311539774055342,2.64695729723327,0.245,True
5241,0.2,0.3,0.05,0.3,0.15,0.6745267434243216,0.18744546320918776,0.10348046833672275,-0.055946611482389885,3.350434606181454,0.245,True
5242,0.1,0.25,0.2,0.35,0.1,0.6464082283731656,0.18076293465239512,0.08350816369287843,-0.06309532182191724,2.864918181455476,0.245,True
5243,0.25,0.2,0.1,0.35,0.1,0.6352033311518412,0.17807882235147776,0.08441712767753776,-0.046590725296576374,3.8221946796901127,0.245,True
5244,0.2,0.15,0.3,0.3,0.05,0.6285444594188572,0.1764778883821796,0.07889754224095899,-0.07017565052923624,2.5148023146384118,0.245,True
5245,0.2,0.25,0.1,0.35,0.1,0.6176101969511378,0.17383956550200863,0.08074236279552649,-0.04323429545719348,4.020871941214542,0.245,True
5246,0.15,0.2,0.3,0.3,0.05,0.6109832777126236,0.17223476779880054,0.07573607239608607,-0.06620670125994732,2.601470312235544,0.245,True
5247,0.3,0.15,0.2,0.3,0.05,0.5983366780944082,0.1691599664790906,0.07737429264179137,-0.05331357977329998,3.172924556902625,0.245,True
5248,0.2,0.2,0.2,0.35,0.05,0.5769015925259193,0.16391113763858778,0.06703475473474954,-0.044861466520600524,3.6537177749933627,0.245,True
5249,0.15,0.3,0.2,0.3,0.05,0.5468917736490602,0.15648207176138618,0.06442165594244893,-0.04287582016286984,3.6496578063572196,0.245,True
5250,0.2,0.3,0.15,0.3,0.05,0.5320092408374346,0.15276215120515246,0.06366230202409959,-0.03588634162753057,4.256832663264829,0.245,True
5251,0.2,0.05,0.35,0.15,0.25,1.0232270921190145,0.26471190724835236,0.1739382882238038,-0.1680277090116904,1.5754062755800309,0.25,True
5252,0.15,0.05,0.35,0.2,0.25,1.0173092812144455,0.2634779171110433,0.17212545131985724,-0.16618949797477311,1.5854065408575828,0.25,True
5253,0.25,0.0,0.25,0.25,0.25,1.0077759218766875,0.2614849218398714,0.16688185956415907,-0.15038311246575697,1.7387917935227792,0.25,True
5254,0.35,0.05,0.2,0.15,0.25,0.9859265923832354,0.25689329190883026,0.16919225183397635,-0.14245674006367937,1.8033073885728172,0.25,True
5255,0.35,0.05,0.15,0.2,0.25,0.9674688829475593,0.2529880924798835,0.16567251492313034,-0.13177784326668895,1.9198075048769168,0.25,True
5256,0.15,0.05,0.2,0.35,0.25,0.9630534185267896,0.2520502706473322,0.159303865764621,-0.13504412233339735,1.8664290329131816,0.25,True
5257,0.2,0.05,0.15,0.35,0.25,0.9505133308258131,0.24937912807117568,0.157565155545769,-0.12620389740455074,1.97600179709017,0.25,True
5258,0.25,0.05,0.35,0.15,0.2,0.9474376336878014,0.24872223148729877,0.1529484301255122,-0.1512372807137724,1.6445828059949303,0.25,True
5259,0.15,0.05,0.35,0.25,0.2,0.9363661217076453,0.24635187414825754,0.14835647592039755,-0.1474876273855138,1.6703223078117952,0.25,True
5260,0.35,0.05,0.25,0.15,0.2,0.9210207659238328,0.24305151846880158,0.14998389857581207,-0.13352278447468957,1.8202999542364557,0.25,True
5261,0.35,0.15,0.05,0.2,0.25,0.901279715855879,0.23877981800644377,0.16083715297966572,-0.10699067132362139,2.231781659582184,0.25,True
5262,0.15,0.05,0.25,0.35,0.2,0.8994023271807956,0.23837203888335168,0.13871449154838297,-0.12598328735130604,1.8920925457251179,0.25,True
5263,0.2,0.15,0.05,0.35,0.25,0.884904142607915,0.23521386614058004,0.1524253419492823,-0.10132496452016859,2.3213811843354857,0.25,True
5264,0.35,0.05,0.15,0.25,0.2,0.8833398086339366,0.23487213682718333,0.1421531613745971,-0.1113823281338614,2.108701988567787,0.25,True
5265,0.25,0.05,0.15,0.35,0.2,0.8727926296445747,0.23256314776580034,0.1354156660638262,-0.107593200542763,2.1615041340216283,0.25,True
5266,0.15,0.2,0.05,0.35,0.25,0.8651008543688856,0.2308737911746237,0.1509920928752401,-0.09832043386136247,2.3481770991792934,0.25,True
5267,0.25,0.05,0.35,0.2,0.15,0.8615748488967214,0.2300978161044056,0.129971753335447,-0.13148228759017966,1.7500289987469877,0.25,True
5268,0.2,0.05,0.35,0.25,0.15,0.8564126382370116,0.22895998852641086,0.12703588993777895,-0.12956974318921943,1.7670791258113798,0.25,True
5269,0.25,0.25,0.0,0.25,0.25,0.8435572497898196,0.22611727299421047,0.1535608340345341,-0.09198186012586207,2.458281151140085,0.25,True
5270,0.35,0.05,0.25,0.2,0.15,0.8336756342121157,0.22392315151342457,0.1272324013674411,-0.1128739378449588,1.983833963700288,0.25,True
5271,0.2,0.05,0.25,0.35,0.15,0.8185767505930701,0.22055530616479846,0.11645720468693758,-0.10710629624423307,2.059218868532893,0.25,True
5272,0.35,0.15,0.05,0.25,0.2,0.8171443169363464,0.22023483121353915,0.13706957067700398,-0.08518072202912952,2.585500873521884,0.25,True
5273,0.35,0.05,0.2,0.25,0.15,0.8144991820151708,0.21964259853413792,0.12281254070808836,-0.10138619649024372,2.1663954871339306,0.25,True
5274,0.25,0.15,0.05,0.35,0.2,0.8069743368201123,0.2179546685176632,0.13002535508584132,-0.08132921187967201,2.6799063150904616,0.25,True
5275,0.25,0.05,0.2,0.35,0.15,0.8045624144709016,0.21741264830233642,0.11494045966425155,-0.09753141256488052,2.229155126382566,0.25,True
5276,0.15,0.25,0.05,0.35,0.2,0.7689537382888632,0.20935366075873474,0.12598002765459668,-0.0770760663384823,2.716195450859553,0.25,True
5277,0.25,0.35,0.05,0.15,0.2,0.7512879887018662,0.20531534659030815,0.13278006255680466,-0.07632748313458226,2.68992685410957,0.25,True
5278,0.15,0.15,0.15,0.4,0.15,0.7479506733907397,0.2045494041509155,0.10569527289380705,-0.07850305462561602,2.605623502504701,0.25,True
5279,0.25,0.2,0.05,0.35,0.15,0.7061850400604723,0.19488030103756793,0.10558028554005479,-0.057490983561592435,3.3897541660386574,0.25,True
5280,0.2,0.25,0.05,0.35,0.15,0.6879799572442404,0.1906162550975572,0.10272160682352496,-0.05632291178020299,3.384346601990793,0.25,True
5281,0.2,0.15,0.25,0.35,0.05,0.6092560100553341,0.17181576379393526,0.07231251848524031,-0.05751365663467778,2.9873907146140173,0.25,True
5282,0.25,0.15,0.2,0.35,0.05,0.5941361062062669,0.16813508262735533,0.0715008353070901,-0.04902335735840646,3.4296933479714795,0.25,True
5283,0.15,0.2,0.25,0.35,0.05,0.5918712602563276,0.16758174294471817,0.06885558917278592,-0.054267484927562615,3.0880690927248575,0.25,True
5284,0.25,0.2,0.15,0.35,0.05,0.5617792832938446,0.160179438169342,0.06723837680110586,-0.03875682331956787,4.132935169856124,0.25,True
5285,0.15,0.25,0.2,0.35,0.05,0.5597797528693529,0.15968421763081397,0.06334702842704708,-0.04203609273564679,3.798740730615076,0.25,True
5286,0.2,0.25,0.15,0.35,0.05,0.5448077613871507,0.15596260941788698,0.06252873733943554,-0.0334783955788408,4.658604652979825,0.25,True
5287,0.25,0.05,0.3,0.1,0.3,1.0885618800419592,0.27817836751164315,0.19497992216141574,-0.17765716445754776,1.5658156447617713,0.255,True
5288,0.25,0.0,0.25,0.2,0.3,1.0861900488084628,0.2776944491950246,0.1904800521610723,-0.16865486615679837,1.6465249744816268,0.255,True
5289,0.2,0.0,0.25,0.25,0.3,1.0799837261180123,0.2764264517492443,0.18850639618287768,-0.16685214841882612,1.6567149681247664,0.255,True
5290,0.25,0.0,0.2,0.25,0.3,1.0682813019061643,0.2740286806326018,0.18679867886499124,-0.15863431306045195,1.7274237543309792,0.255,True
5291,0.1,0.05,0.25,0.3,0.3,1.0522940468206001,0.2707383035352038,0.18612158448140648,-0.16226932923357584,1.6684502537475465,0.255,True
5292,0.25,0.0,0.3,0.2,0.25,1.0261009372023384,0.265310297433881,0.17110184233860756,-0.16067563862889522,1.6512166978010614,0.255,True
5293,0.3,0.05,0.1,0.25,0.3,1.0231931196638024,0.26470483013727675,0.18322579883525505,-0.13879253369150824,1.9071979096918252,0.255,True
5294,0.2,0.0,0.3,0.25,0.25,1.020217912615729,0.26408473013562395,0.16889515620464424,-0.15884265014501653,1.662555553527506,0.255,True
5295,0.25,0.05,0.1,0.3,0.3,1.0172218586115531,0.26345966954908695,0.18082796545176663,-0.13696537605639814,1.9235494190926206,0.255,True
5296,0.3,0.0,0.25,0.2,0.25,1.0135937644646549,0.2627019185513413,0.16950462250873807,-0.15222287668765444,1.7257716071834484,0.255,True
5297,0.1,0.1,0.15,0.35,0.3,1.0020176673654078,0.26027807254071456,0.1794433407078154,-0.14074637779014598,1.84927013133362,0.255,True
5298,0.2,0.0,0.25,0.3,0.25,1.0019612843827708,0.26026624402452847,0.1646492946443281,-0.14854700657719055,1.7520800319142376,0.255,True
5299,0.3,0.0,0.2,0.25,0.25,0.9951498826764915,0.25883565118937724,0.16563186289316714,-0.14178221170419758,1.8255862147882842,0.255,True
5300,0.15,0.1,0.1,0.35,0.3,0.990339104971794,0.25782328438336477,0.17761260598129516,-0.13208844881007187,1.9518987974041944,0.255,True
5301,0.3,0.1,0.05,0.25,0.3,0.990214158669694,0.25779696930176965,0.1810194411900403,-0.12696536368058553,2.0304511547757635,0.255,True
5302,0.25,0.0,0.2,0.3,0.25,0.9894003956528972,0.2576255548005584,0.16297794627547244,-0.13993940280862494,1.8409793784305049,0.255,True
5303,0.25,0.1,0.05,0.3,0.3,0.9843419385860606,0.25655896999351135,0.17858574804254837,-0.1251233330861179,2.050448654664043,0.255,True
5304,0.1,0.15,0.1,0.35,0.3,0.9695545377769166,0.253430586862851,0.17682039683102924,-0.12899688612139615,1.9646256160350495,0.255,True
5305,0.25,0.0,0.3,0.25,0.2,0.9435888798687677,0.24789925307632377,0.14755427921586034,-0.1417721410887427,1.7485752219905495,0.255,True
5306,0.3,0.05,0.1,0.3,0.25,0.9433750708674151,0.2478535024859816,0.15938612154448814,-0.11907360585900661,2.0815150485949125,0.255,True
5307,0.25,0.2,0.0,0.25,0.3,0.9370024886997959,0.2464883616661877,0.177289909905647,-0.11361691349389869,2.16946891168122,0.255,True
5308,0.3,0.0,0.25,0.25,0.2,0.9302785478544497,0.24504470186143368,0.14601836216114195,-0.13290860122649217,1.843708380045684,0.255,True
5309,0.25,0.0,0.25,0.3,0.2,0.9248438808789015,0.2438754026846297,0.14299785571843293,-0.1310344070341748,1.8611554644653376,0.255,True
5310,0.2,0.25,0.0,0.25,0.3,0.916681089916555,0.24211498909810425,0.17576837791174488,-0.1118020083667034,2.165569229346781,0.255,True
5311,0.3,0.1,0.05,0.3,0.25,0.9103201573470348,0.24073970153023083,0.15707621224455187,-0.10659366012705052,2.2584804878947744,0.255,True
5312,0.3,0.2,0.0,0.25,0.25,0.8631593354803777,0.2304466383639927,0.15579074276319735,-0.09398538812581525,2.4519411257364934,0.255,True
5313,0.25,0.2,0.0,0.3,0.25,0.8577965010392916,0.2292652191033846,0.15293460965964475,-0.09312055020214338,2.462026036204708,0.255,True
5314,0.3,0.25,0.0,0.2,0.25,0.8488916998766047,0.227298480627651,0.1564448749548064,-0.09285216667429042,2.447960976774784,0.255,True
5315,0.2,0.25,0.0,0.3,0.25,0.8382257072946067,0.2249344299922189,0.15109385090986358,-0.09145122695568664,2.459610849193008,0.255,True
5316,0.25,0.3,0.0,0.2,0.25,0.8293825454774038,0.22296745401480256,0.1542405385313068,-0.09121475250036093,2.444423165144479,0.255,True
5317,0.2,0.3,0.0,0.25,0.25,0.8240793270168902,0.22178482170718117,0.15174477075766632,-0.09095513096212693,2.438398135004949,0.255,True
5318,0.3,0.25,0.0,0.25,0.2,0.7655340826239292,0.20857404790394773,0.13213516999057648,-0.07593288775353013,2.74682096354555,0.255,True
5319,0.35,0.1,0.1,0.3,0.15,0.762132647338847,0.2077975895212807,0.11587318484191908,-0.07606383420629415,2.7318842349927954,0.255,True
5320,0.25,0.25,0.0,0.3,0.2,0.7605708422615856,0.20744073563729026,0.1287373481009905,-0.07159511435031007,2.897414684224076,0.255,True
5321,0.3,0.05,0.3,0.25,0.1,0.7574587793657963,0.20672903647812735,0.10621219605971245,-0.10079815960156835,2.0509207439429358,0.255,True
5322,0.3,0.1,0.1,0.35,0.15,0.7573210712173335,0.2066975245287761,0.11147872570765892,-0.07411585695202161,2.7888434813967047,0.255,True
5323,0.25,0.05,0.3,0.3,0.1,0.7527252973153455,0.20564492141482638,0.10200445057318518,-0.09884179786259739,2.0805461440583954,0.255,True
5324,0.25,0.3,0.0,0.25,0.2,0.7467877004196537,0.20428226281766593,0.12944887586429424,-0.07093895642844561,2.8796908370610224,0.255,True
5325,0.3,0.05,0.25,0.3,0.1,0.7380758981670266,0.2022773323276159,0.10078968070150202,-0.08895531083745112,2.273920808362293,0.255,True
5326,0.15,0.1,0.3,0.35,0.1,0.7294611802445758,0.20028814517754534,0.09577685807266191,-0.09328979475425303,2.1469459302075946,0.255,True
5327,0.35,0.1,0.15,0.3,0.1,0.6901736215743406,0.19113168107839873,0.0972114576808411,-0.06680704593594833,2.860950943133265,0.255,True
5328,0.3,0.1,0.15,0.35,0.1,0.6856576368498679,0.1900701130362632,0.09192243307271199,-0.06274461253490016,3.0292658661417557,0.255,True
5329,0.1,0.3,0.1,0.35,0.15,0.683683423558419,0.1896054409752157,0.10146416182547305,-0.06201268210723421,3.057526856318587,0.255,True
5330,0.1,0.35,0.1,0.3,0.15,0.6702369682960807,0.18643083472464927,0.10223367702880709,-0.06075066634671733,3.0687866641766157,0.255,True
5331,0.3,0.15,0.1,0.35,0.1,0.652911300426372,0.18231515163809564,0.08870001760603807,-0.05313026709997348,3.431474404128991,0.255,True
5332,0.25,0.1,0.3,0.3,0.05,0.6462202070047525,0.18071799511491604,0.08276875151176073,-0.07439015410589422,2.4293268012009275,0.255,True
5333,0.1,0.3,0.15,0.35,0.1,0.6144628193205195,0.1730779332857062,0.07920162793275748,-0.05056805795737218,3.4226731315568277,0.255,True
5334,0.1,0.35,0.15,0.3,0.1,0.6013303474755807,0.16988928660738956,0.08012515527552247,-0.049981956308163156,3.3990123467744877,0.255,True
5335,0.15,0.3,0.1,0.35,0.1,0.6001315848182394,0.16959735230927486,0.07778484301915417,-0.040969165070001146,4.139634088698067,0.255,True
5336,0.2,0.25,0.25,0.3,0.0,0.4891656141028464,0.14191694343135497,0.06054300000235367,-0.03958506624988034,3.585113197373617,0.255,True
5337,0.25,0.25,0.2,0.3,0.0,0.47368905447824794,0.13794816905163598,0.06081809159074483,-0.038469375248935234,3.585921740578674,0.255,True
5338,0.15,0.1,0.15,0.4,0.2,0.8479528206370361,0.22709074945834407,0.1309353873950098,-0.10229718565363777,2.219911994717408,0.25500000000000006,True
5339,0.1,0.15,0.15,0.4,0.2,0.8285059113310851,0.22277212002817715,0.1296737021955608,-0.09884493443640197,2.253753531209143,0.25500000000000006,True
5340,0.15,0.15,0.1,0.4,0.2,0.8152861568559973,0.21981885844392668,0.12791288658384053,-0.08921389753160935,2.4639530894392627,0.25500000000000006,True
5341,0.4,0.1,0.15,0.2,0.15,0.7861576077297208,0.21326062907518262,0.1241020663069956,-0.08997780026199875,2.3701471746831664,0.25500000000000006,True
5342,0.15,0.1,0.2,0.4,0.15,0.7806292259464167,0.21200788983432628,0.10954471129507451,-0.09205653114265311,2.3030184518444816,0.25500000000000006,True
5343,0.2,0.1,0.15,0.4,0.15,0.766654360661982,0.20882955961258665,0.10793667578598706,-0.082204395745468,2.540369742017106,0.25500000000000006,True
5344,0.2,0.15,0.1,0.4,0.15,0.7339535857692792,0.20132628923085383,0.10468287646370043,-0.0683679480351066,2.9447466980795416,0.25500000000000006,True
5345,0.1,0.2,0.15,0.4,0.15,0.7293665302547157,0.20026625330734316,0.10407851831743002,-0.07522940669300449,2.6620740759605876,0.25500000000000006,True
5346,0.15,0.2,0.1,0.4,0.15,0.7155139580679637,0.1970535990078548,0.1024056138432391,-0.06578802449102183,2.995280684172952,0.25500000000000006,True
5347,0.15,0.15,0.2,0.4,0.1,0.6777518934156459,0.1882071431719856,0.08487960707320408,-0.06727711215320442,2.7974914075294666,0.25500000000000006,True
5348,0.2,0.15,0.15,0.4,0.1,0.6631994025013999,0.18476252180888397,0.0834766704979342,-0.057208322145967605,3.229644130052627,0.25500000000000006,True
5349,0.15,0.2,0.15,0.4,0.1,0.6453707088760767,0.1805149114101503,0.08053329908545293,-0.054582404761827075,3.3071996772189816,0.25500000000000006,True
5350,0.35,0.05,0.15,0.15,0.3,1.047222635134653,0.269690974398725,0.1890167867015508,-0.15101131953358016,1.7858990652601658,0.25999999999999995,True
5351,0.15,0.15,0.05,0.3,0.35,1.0314854239138045,0.26642993014112304,0.19953803684475327,-0.1396061541507746,1.9084397228891414,0.25999999999999995,True
5352,0.15,0.05,0.15,0.35,0.3,1.0230681555001722,0.26467879703420527,0.18024093005162123,-0.1437217115775382,1.841606213348012,0.25999999999999995,True
5353,0.15,0.15,0.05,0.35,0.3,0.9578241689855322,0.25093778412105494,0.17534234642856888,-0.12011184364923677,2.089201002141553,0.25999999999999995,True
5354,0.3,0.05,0.35,0.15,0.15,0.866739870487351,0.23123415974816464,0.13337195014705372,-0.1333988427263615,1.733404541016078,0.25999999999999995,True
5355,0.35,0.05,0.3,0.15,0.15,0.852811948452965,0.22816509376729988,0.13203907793770456,-0.12418364378128988,1.8373200110727976,0.25999999999999995,True
5356,0.15,0.05,0.35,0.3,0.15,0.85125324329413,0.22782067176297893,0.12460741300106547,-0.12766119694686617,1.7845725812660216,0.25999999999999995,True
5357,0.15,0.05,0.3,0.35,0.15,0.8324216741586947,0.22364415804050197,0.11907239795758828,-0.1165132442442206,1.9194741292391349,0.25999999999999995,True
5358,0.35,0.05,0.15,0.3,0.15,0.7952830183768744,0.21532281680083787,0.11882159370674024,-0.0897161824623246,2.400044349761098,0.25999999999999995,True
5359,0.3,0.05,0.15,0.35,0.15,0.7903791821059531,0.21421550417137336,0.11455508139279162,-0.08778405564543723,2.440255267273103,0.25999999999999995,True
5360,0.3,0.15,0.05,0.35,0.15,0.7245078817716275,0.19914140773308175,0.10898133848662538,-0.061675333886960115,3.228866309796919,0.25999999999999995,True
5361,0.15,0.3,0.05,0.35,0.15,0.6698923203168745,0.186349242341582,0.10046940921824832,-0.05533149129418857,3.367869507633425,0.25999999999999995,True
5362,0.15,0.35,0.05,0.3,0.15,0.6565278324681683,0.18317661970792098,0.10127444593217556,-0.054838616578447796,3.3402852066095243,0.25999999999999995,True
5363,0.15,0.15,0.3,0.35,0.05,0.6242219116867052,0.17543631877293575,0.07495831556693407,-0.0681623887970092,2.5737994496553425,0.25999999999999995,True
5364,0.3,0.15,0.15,0.35,0.05,0.5788627164532825,0.164393329604398,0.07257650176611921,-0.044909365859115424,3.6605578025776215,0.25999999999999995,True
5365,0.15,0.3,0.15,0.35,0.05,0.5279478377271796,0.15174281298725512,0.05862963603919056,-0.030549350111863105,4.9671371872598185,0.25999999999999995,True
5366,0.2,0.0,0.3,0.2,0.3,1.0977675294041744,0.28005310800909045,0.19248852785889217,-0.17673484520764215,1.584594750854376,0.26,True
5367,0.3,0.0,0.2,0.2,0.3,1.0744216240004274,0.27528792811261105,0.189142412021276,-0.16044365478160927,1.715791930116053,0.26,True
5368,0.2,0.0,0.2,0.3,0.3,1.0621443831004775,0.2727676381060271,0.18481345582737918,-0.1568284940915059,1.7392734635765446,0.26,True
5369,0.25,0.05,0.35,0.1,0.25,1.029148238582216,0.2659441867275907,0.1761464805650363,-0.169869552013297,1.5655789020199051,0.26,True
5370,0.1,0.05,0.25,0.35,0.25,0.975410888450621,0.25467140753497075,0.16185146127464134,-0.1437372311505234,1.7717845647678834,0.26,True
5371,0.3,0.0,0.3,0.2,0.2,0.9490908856166196,0.2490754131316013,0.1505163499452607,-0.14364328941789162,1.7339857235306217,0.26,True
5372,0.35,0.05,0.1,0.25,0.25,0.9489620174282372,0.24904789039995667,0.16250396081480573,-0.12093824426008482,2.059298048550833,0.26,True
5373,0.3,0.2,0.0,0.2,0.3,0.9427465855011568,0.24771900051659035,0.17978204478809112,-0.11584416209636705,2.1383813912911798,0.26,True
5374,0.2,0.0,0.3,0.3,0.2,0.9380898810204639,0.24672151558629674,0.14501907986517992,-0.1399047945334605,1.763495785895238,0.26,True
5375,0.25,0.05,0.1,0.35,0.25,0.9377911416614579,0.24665746988672943,0.1566506211255307,-0.11721278995824091,2.104356273531288,0.26,True
5376,0.2,0.2,0.0,0.3,0.3,0.9312615571850127,0.24525596734813582,0.1751719142789439,-0.1127583797993279,2.1750575680903643,0.26,True
5377,0.35,0.1,0.05,0.25,0.25,0.9158103966163411,0.24192691776659614,0.1602470600547476,-0.10847353577515428,2.2302851662184793,0.26,True
5378,0.3,0.0,0.2,0.3,0.2,0.9114207280273718,0.24097787245207125,0.141868357372335,-0.12201138500856967,1.9750441521104425,0.26,True
5379,0.25,0.1,0.05,0.35,0.25,0.9048328759321018,0.23955084960352657,0.15429178938671048,-0.10471769647891804,2.2875870808689283,0.26,True
5380,0.1,0.25,0.05,0.35,0.25,0.8454226982089967,0.22653059816556742,0.15001703405084554,-0.09657260873820883,2.3457023800573884,0.26,True
5381,0.3,0.2,0.0,0.3,0.2,0.7794079589090324,0.2117307993688744,0.13145729047907487,-0.07325181997456809,2.890451041931574,0.26,True
5382,0.25,0.05,0.35,0.25,0.1,0.7720074903920475,0.21004900606713495,0.10798446666345402,-0.11049994280368902,1.9008969664382713,0.26,True
5383,0.35,0.05,0.25,0.25,0.1,0.7427469302684324,0.20335315267569087,0.10565904632312159,-0.09104404544319966,2.2335689466101147,0.26,True
5384,0.2,0.3,0.0,0.3,0.2,0.7418541486318841,0.20314767820191748,0.1264931744690592,-0.07070820255480426,2.8730426013087027,0.26,True
5385,0.25,0.05,0.25,0.35,0.1,0.7334072888369372,0.2012001420453433,0.09639207047520539,-0.086996217889171,2.312745851798553,0.26,True
5386,0.25,0.1,0.25,0.35,0.05,0.6267545096551765,0.17604680243935178,0.07651289899517405,-0.06266333450355843,2.8094068698076495,0.26,True
5387,0.1,0.25,0.25,0.35,0.05,0.574599947252133,0.16334470960767833,0.06628583142118705,-0.05156382067430543,3.167816260928741,0.26,True
5388,0.2,0.3,0.2,0.3,0.0,0.4574327288511235,0.1337493934223355,0.055663751990748585,-0.03451597079459279,3.875000191021382,0.26,True
5389,0.1,0.1,0.2,0.4,0.2,0.8611399446119785,0.23000203797986085,0.13316218458234289,-0.11166825078898635,2.0596905239832553,0.26000000000000006,True
5390,0.4,0.1,0.1,0.2,0.2,0.855307189451995,0.22871605709838705,0.1434227067846837,-0.10040079520817091,2.2780303345622652,0.26000000000000006,True
5391,0.2,0.1,0.1,0.4,0.2,0.8345913353521361,0.22412680543354324,0.1297056964641032,-0.0927602318773052,2.4161949673648704,0.26000000000000006,True
5392,0.1,0.2,0.1,0.4,0.2,0.7961034463161707,0.21550787685662498,0.12664889348885972,-0.08562398604717958,2.5169101183619063,0.26000000000000006,True
5393,0.2,0.1,0.2,0.4,0.1,0.6958444257835221,0.19246203639011483,0.0877168949032553,-0.07114442291727707,2.705230129055926,0.26000000000000006,True
5394,0.1,0.2,0.2,0.4,0.1,0.6597759813619191,0.18394926963472003,0.0827920262611973,-0.0643428756102733,2.858891025463428,0.26000000000000006,True
5395,0.2,0.2,0.1,0.4,0.1,0.6308064854191235,0.17702221606529633,0.07993751545375886,-0.0446523766863407,3.964452268885566,0.26000000000000006,True
5396,0.25,0.0,0.3,0.15,0.3,1.1040433492340842,0.28132804327068084,0.19444847148879,-0.17853436994650007,1.5757640579513295,0.265,True
5397,0.3,0.0,0.25,0.15,0.3,1.0923998365138554,0.2789606398435549,0.19280631806820422,-0.1704610756470467,1.6365063917651512,0.265,True
5398,0.15,0.0,0.3,0.25,0.3,1.0914952411015277,0.27877634670927387,0.19089391242444534,-0.17493877152531756,1.5935652473067052,0.265,True
5399,0.15,0.0,0.25,0.3,0.3,1.0737808732284368,0.2751566401974028,0.18690476335307263,-0.16505291231755914,1.6670814003451564,0.265,True
5400,0.3,0.0,0.15,0.25,0.3,1.0563884847797547,0.27158261342836476,0.18577846449179314,-0.1502820457858286,1.8071527573919588,0.265,True
5401,0.25,0.0,0.15,0.3,0.3,1.050317535041958,0.2703303270799162,0.18342002969320986,-0.14846966830616948,1.820778143872791,0.265,True
5402,0.2,0.0,0.35,0.2,0.25,1.0384235101811048,0.26786969977052366,0.1734378521552243,-0.1689904696357245,1.5851171983126802,0.265,True
5403,0.1,0.05,0.2,0.35,0.3,1.034693469148781,0.267096060329969,0.18240810665448676,-0.1521617818292147,1.7553426170426667,0.265,True
5404,0.3,0.0,0.3,0.15,0.25,1.0319872286093648,0.2665341729456556,0.17369063276999033,-0.16251225277459513,1.6400866297468606,0.265,True
5405,0.35,0.05,0.1,0.2,0.3,1.0291676579918043,0.265948224251342,0.18597011971741653,-0.14062333698023066,1.8912097377459474,0.265,True
5406,0.15,0.0,0.3,0.3,0.25,1.014338159635496,0.2628574644929884,0.16709438597000437,-0.15701327659741282,1.6741097962496736,0.265,True
5407,0.2,0.05,0.1,0.35,0.3,1.011253879620995,0.2622127354389723,0.17879850488241214,-0.13514185319642114,1.940277783950918,0.265,True
5408,0.35,0.0,0.2,0.2,0.25,1.000902508281834,0.26004408343674656,0.1686570129327504,-0.14362872299714025,1.810529802189526,0.265,True
5409,0.35,0.1,0.05,0.2,0.3,0.9960895965285821,0.259033211921444,0.1838028756581065,-0.12881112366469682,2.010953748029737,0.265,True
5410,0.2,0.0,0.2,0.35,0.25,0.9836540519969674,0.2564137878938846,0.16072209425748335,-0.1381002851861879,1.856721639265158,0.265,True
5411,0.2,0.1,0.05,0.35,0.3,0.9784729410636321,0.25531920700560606,0.17652420144858352,-0.12328502058975621,2.0709669819110257,0.265,True
5412,0.3,0.0,0.15,0.3,0.25,0.9766560097596433,0.2549349027052117,0.1620933015398638,-0.1311868964185673,1.943295478931156,0.265,True
5413,0.25,0.0,0.35,0.2,0.2,0.9622878770242749,0.2518875305658981,0.15243182584438547,-0.1523510716395743,1.6533361259302655,0.265,True
5414,0.3,0.15,0.0,0.25,0.3,0.9574520499988151,0.25085854292075305,0.17917788906190932,-0.11540870362410915,2.1736535897483913,0.265,True
5415,0.2,0.0,0.35,0.25,0.2,0.9567215078753724,0.25070294777579827,0.1499459697970596,-0.1504868518551118,1.6659458596234984,0.265,True
5416,0.25,0.15,0.0,0.3,0.3,0.9516782231668439,0.2496277413590866,0.1767124275308959,-0.11455379441360525,2.1791311465230607,0.265,True
5417,0.35,0.0,0.25,0.2,0.2,0.9357161552172355,0.24621243894416134,0.149441525030882,-0.13478664374962002,1.8266827639207794,0.265,True
5418,0.1,0.1,0.15,0.4,0.25,0.9245662034454971,0.24381559974762923,0.15468176061575106,-0.12116790292485036,2.012212754881516,0.265,True
5419,0.2,0.0,0.25,0.35,0.2,0.9194121590764996,0.24270453568456607,0.1404151145033377,-0.1291640493562506,1.8790409320100876,0.265,True
5420,0.35,0.0,0.2,0.25,0.2,0.9167910281461689,0.24213873190442103,0.14535530081582673,-0.12389238689676396,1.9544278544426497,0.265,True
5421,0.15,0.1,0.1,0.4,0.25,0.9120477331831782,0.2411135197172396,0.15287237892256167,-0.11208536693894988,2.1511596589460975,0.265,True
5422,0.25,0.0,0.2,0.35,0.2,0.9060533065694092,0.2398154603650544,0.13879259831075114,-0.12013426666379212,1.996228611743244,0.265,True
5423,0.1,0.15,0.1,0.4,0.25,0.8920116993244964,0.23676413760888249,0.15186769005234108,-0.10877285951056781,2.1766839510721856,0.265,True
5424,0.3,0.15,0.0,0.3,0.25,0.8774917173998638,0.23359294042419432,0.15518866460661063,-0.09510134063237052,2.4562528653216917,0.265,True
5425,0.35,0.2,0.0,0.2,0.25,0.8685250705012277,0.23162642966107438,0.15903507939310133,-0.09485207133857654,2.4419754507445472,0.265,True
5426,0.35,0.05,0.1,0.3,0.2,0.8644327859739342,0.2307268431787146,0.13882726209922852,-0.10005460588036008,2.3060092151540266,0.265,True
5427,0.3,0.0,0.3,0.25,0.15,0.8620812730101444,0.230209326102764,0.12757315485539547,-0.12363600509545014,1.8619925961295543,0.265,True
5428,0.3,0.05,0.1,0.35,0.2,0.8592246616752879,0.229580061287467,0.13519711349401034,-0.09815534162713957,2.338946179409853,0.265,True
5429,0.25,0.0,0.3,0.3,0.15,0.8569547834164737,0.22907958440711984,0.12410299955208444,-0.1217294338671191,1.8818750496875316,0.265,True
5430,0.2,0.2,0.0,0.35,0.25,0.8524365719639184,0.2280821657121357,0.15049733601151452,-0.09225755168051131,2.4722330211188153,0.265,True
5431,0.3,0.0,0.25,0.3,0.15,0.8429017928663269,0.22597197798723778,0.1226687097435505,-0.1124201195920217,2.01006704856125,0.265,True
5432,0.35,0.1,0.05,0.3,0.2,0.8312809275070214,0.22339024281248543,0.13647239221636634,-0.08687833431555214,2.571299790360923,0.265,True
5433,0.3,0.1,0.05,0.35,0.2,0.8261671173222933,0.22225067794206166,0.13276654268258248,-0.08496358602087195,2.6158344809912344,0.265,True
5434,0.25,0.2,0.0,0.35,0.2,0.7744176173232284,0.21059723276013687,0.12808895608017884,-0.07224187176598906,2.9151685526963944,0.265,True
5435,0.2,0.05,0.35,0.3,0.1,0.7672115933765553,0.20895661237049912,0.10447883519411906,-0.10855068649680766,1.9249681334502133,0.265,True
5436,0.4,0.1,0.1,0.25,0.15,0.7669467184133849,0.20889622245188488,0.12067219028414544,-0.07811833070329399,2.674099927266833,0.265,True
5437,0.2,0.25,0.0,0.35,0.2,0.7556102495699288,0.20630589744709127,0.12581226537292295,-0.07136484547140032,2.890861685250464,0.265,True
5438,0.25,0.1,0.1,0.4,0.15,0.7525119948347765,0.20559602255159715,0.10754874276941577,-0.07217215683314104,2.8486889068166055,0.265,True
5439,0.2,0.05,0.3,0.35,0.1,0.7479943045485316,0.20455942416284056,0.09833239808838298,-0.09688969082789223,2.1112609857142077,0.265,True
5440,0.35,0.05,0.2,0.3,0.1,0.7232639122453393,0.19885307158309384,0.10087093005207894,-0.07978241708687883,2.4924423055089115,0.265,True
5441,0.3,0.05,0.2,0.35,0.1,0.7186577213359766,0.197784205818752,0.09580416560541975,-0.07692030184365606,2.571287437492864,0.265,True
5442,0.15,0.1,0.25,0.4,0.1,0.7103837418078369,0.195859423513975,0.08982825708523326,-0.08133128671420609,2.4081682637361297,0.265,True
5443,0.1,0.25,0.1,0.4,0.15,0.6971927987248221,0.19277792442185948,0.1007750180052745,-0.0632562803774076,3.0475697159504715,0.265,True
5444,0.25,0.1,0.15,0.4,0.1,0.6811439536698412,0.18900718954831253,0.08710820172058889,-0.06076684801756904,3.110366848279943,0.265,True
5445,0.25,0.15,0.1,0.4,0.1,0.6484871162138082,0.18125958779799434,0.08367864403263041,-0.04735655117350979,3.8275504297996044,0.265,True
5446,0.2,0.1,0.3,0.35,0.05,0.641870565774002,0.1796774179385765,0.07818443873631147,-0.07208524698692997,2.492568527526228,0.265,True
5447,0.1,0.25,0.15,0.4,0.1,0.6276575597878302,0.17626432973623385,0.07837882717405219,-0.05192701864063953,3.3944627354031156,0.265,True
5448,0.15,0.25,0.1,0.4,0.1,0.6132406363904841,0.17278191104840968,0.07691140637638515,-0.041917590157240614,4.121942850251478,0.265,True
5449,0.3,0.1,0.2,0.35,0.05,0.6114836069164244,0.17235608269456404,0.07658629515722787,-0.05501360411235412,3.1329720252932662,0.265,True
5450,0.1,0.3,0.2,0.35,0.05,0.5427702742305454,0.15545429205064765,0.060610054344696365,-0.03986881055832803,3.899145469193724,0.265,True
5451,0.15,0.3,0.25,0.3,0.0,0.4727567158066208,0.13770819647667443,0.056539696555500986,-0.0366601425982398,3.7563464492166583,0.265,True
5452,0.2,0.25,0.2,0.35,0.0,0.46987944324878606,0.13696698246839656,0.05432485674128628,-0.031557927047843215,4.340176788568797,0.265,True
5453,0.4,0.05,0.15,0.2,0.2,0.8886176220832223,0.2360243205136583,0.14610901334714396,-0.11328286738021376,2.083495289022697,0.26500000000000007,True
5454,0.15,0.05,0.2,0.4,0.2,0.8808520468298853,0.23432829436220537,0.1344134191632794,-0.11498586267314936,2.0378878665135582,0.26500000000000007,True
5455,0.2,0.05,0.4,0.2,0.15,0.8752688891918261,0.23310602794412016,0.1328060436589839,-0.1405451508433896,1.6585846366472778,0.26500000000000007,True
5456,0.2,0.05,0.15,0.4,0.2,0.8675232736763447,0.23140633118696186,0.13271211728480636,-0.10570458717449971,2.1891796503112078,0.26500000000000007,True
5457,0.4,0.05,0.2,0.2,0.15,0.8194714924501325,0.22075539922881382,0.12737206995075193,-0.10331980761574189,2.13662224430216,0.26500000000000007,True
5458,0.2,0.15,0.05,0.4,0.2,0.801893401786969,0.2168122900700984,0.1271870903257746,-0.07940969499031181,2.7302999979605773,0.26500000000000007,True
5459,0.2,0.05,0.2,0.4,0.15,0.7995979669334463,0.21629548869179405,0.11173657361066149,-0.09561021312293638,2.2622634300969455,0.26500000000000007,True
5460,0.15,0.2,0.05,0.4,0.2,0.7828525036881688,0.21251199907132023,0.12538860995856108,-0.07767749625518128,2.7358245221137025,0.26500000000000007,True
5461,0.2,0.2,0.05,0.4,0.15,0.7014960904566958,0.19378495378787686,0.10204101230504883,-0.057095466736723055,3.394051487160134,0.26500000000000007,True
5462,0.2,0.15,0.2,0.4,0.05,0.5899376446798688,0.1671089128551042,0.06617684452413405,-0.045585366854440035,3.6658455198727378,0.26500000000000007,True
5463,0.15,0.2,0.2,0.4,0.05,0.5727295488089887,0.16288400341670184,0.062393285607656425,-0.04282880278486445,3.8031416436012186,0.26500000000000007,True
5464,0.2,0.2,0.15,0.4,0.05,0.5576678987660215,0.159160718241242,0.06151631345177115,-0.03268679047902412,4.869267245536975,0.26500000000000007,True
5465,0.25,0.0,0.35,0.15,0.25,1.0443750151150777,0.26910213594873533,0.17561667560504754,-0.17082024051383582,1.575352751753906,0.26999999999999996,True
5466,0.15,0.0,0.35,0.25,0.25,1.0324753385798702,0.2666355543989458,0.17165564530482352,-0.1671642814676969,1.5950510004762644,0.26999999999999996,True
5467,0.35,0.0,0.25,0.15,0.25,1.0194148073607443,0.26391724060320554,0.17249186223838153,-0.15406631018730876,1.7130107178028968,0.26999999999999996,True
5468,0.15,0.0,0.25,0.35,0.25,0.9961498567688336,0.25904587861645845,0.1628318069697045,-0.14671454812101548,1.7656454791571727,0.26999999999999996,True
5469,0.35,0.0,0.15,0.25,0.25,0.9823403113289153,0.2561364226845204,0.16515250447280197,-0.13303637463401885,1.9253112044668086,0.26999999999999996,True
5470,0.25,0.0,0.15,0.35,0.25,0.970974785045712,0.25373172900669605,0.15941180333404706,-0.12934115398623158,1.9617246420555818,0.26999999999999996,True
5471,0.35,0.15,0.0,0.25,0.25,0.8828858970945976,0.23477294426765316,0.15840580382965191,-0.09596259470703705,2.4465047551536974,0.26999999999999996,True
5472,0.25,0.0,0.35,0.25,0.15,0.8760269685789404,0.23327212912178852,0.1294582608906908,-0.13277734429657373,1.7568669591760167,0.26999999999999996,True
5473,0.25,0.15,0.0,0.35,0.25,0.8721004360590197,0.23241130984515412,0.15236142351330956,-0.09424190633023599,2.466114268006787,0.26999999999999996,True
5474,0.35,0.0,0.25,0.25,0.15,0.8479647342008023,0.227093385827571,0.12668631820962908,-0.11433363521378503,1.986234281827424,0.26999999999999996,True
5475,0.25,0.0,0.25,0.35,0.15,0.8378415319981765,0.22484910949599923,0.11909539173891076,-0.11051064405247057,2.034637581057266,0.26999999999999996,True
5476,0.15,0.25,0.0,0.35,0.25,0.8328970771769026,0.2237499453977705,0.14907365308270656,-0.09119345840488535,2.453574514131859,0.26999999999999996,True
5477,0.15,0.25,0.25,0.35,0.0,0.4852964104661084,0.14092732145288744,0.055275497667902976,-0.03583812979644674,3.932329121338805,0.26999999999999996,True
5478,0.15,0.05,0.15,0.4,0.25,0.9448676510435428,0.24817281294980842,0.1556887714844063,-0.12435346103259659,1.9957049115404617,0.27,True
5479,0.15,0.15,0.05,0.4,0.25,0.8794515511149239,0.23402192499355956,0.1504697475763618,-0.09944429856382286,2.353296552676325,0.27,True
5480,0.15,0.05,0.25,0.4,0.15,0.8135491675336226,0.21942975448017643,0.11388564710905076,-0.10519191219648527,2.085994539868324,0.27,True
5481,0.4,0.05,0.15,0.25,0.15,0.800189409101328,0.21642868984381125,0.1234911893705211,-0.0916524985822409,2.361405233809389,0.27,True
5482,0.25,0.05,0.15,0.4,0.15,0.7854779050744791,0.21310674698840493,0.1107484033201904,-0.08585610455066306,2.4821385515185144,0.27,True
5483,0.25,0.15,0.05,0.4,0.15,0.7197903583210425,0.1980472109417244,0.10494231436745131,-0.05876438898365677,3.3701909330973256,0.27,True
5484,0.15,0.25,0.05,0.4,0.15,0.6833195281794753,0.18951975100121277,0.0997452791027657,-0.056115611605485616,3.377308837576425,0.27,True
5485,0.15,0.15,0.25,0.4,0.05,0.6049966096272414,0.17078122700010012,0.06805520726581187,-0.05560431105932617,3.071366657486102,0.27,True
5486,0.25,0.15,0.15,0.4,0.05,0.5747252288125757,0.16337555522683544,0.06633866531992003,-0.037134419822278275,4.399572041484288,0.27,True
5487,0.15,0.25,0.15,0.4,0.05,0.5407224266644566,0.15494293872575593,0.05749600862125725,-0.02976866837045067,5.204899889964754,0.27,True
5488,0.2,0.0,0.35,0.15,0.3,1.115495366444216,0.2836480056825612,0.19674394017687838,-0.18647953701873687,1.5210677279516258,0.27499999999999997,True
5489,0.15,0.0,0.35,0.2,0.3,1.1091535494738092,0.28236431089554737,0.19515798747958754,-0.18468671304356687,1.5288826480383497,0.27499999999999997,True
5490,0.35,0.0,0.2,0.15,0.3,1.0805653445973107,0.27654538772648496,0.1918239487479327,-0.16225652957320358,1.704371395431078,0.27499999999999997,True
5491,0.35,0.0,0.15,0.2,0.3,1.0624627712938222,0.2728331234823058,0.18847974707320644,-0.15209798775855166,1.793798376316559,0.27499999999999997,True
5492,0.15,0.0,0.2,0.35,0.3,1.0560108723692885,0.2715047933013248,0.183206736663492,-0.15502618759668407,1.7513479335999111,0.27499999999999997,True
5493,0.2,0.0,0.15,0.35,0.3,1.0442499268663439,0.2690762573323966,0.1814257506730597,-0.14666084483480624,1.834683671947171,0.27499999999999997,True
5494,0.2,0.15,0.0,0.3,0.35,1.0204521987316961,0.26413358270398035,0.19866275692040233,-0.13850560293309988,1.9070245326577908,0.27499999999999997,True
5495,0.3,0.05,0.05,0.3,0.3,1.0051534789885959,0.26093558119523763,0.18049304884452635,-0.1282487123353916,2.0346058564147445,0.27499999999999997,True
5496,0.3,0.0,0.35,0.15,0.2,0.9678573147991032,0.25307052621820225,0.1553335230404215,-0.1542190587379778,1.6409808767421907,0.27499999999999997,True
5497,0.35,0.15,0.0,0.2,0.3,0.963229035105537,0.2520875975435759,0.18199591343703422,-0.11834764327897596,2.1300601394261847,0.27499999999999997,True
5498,0.35,0.0,0.3,0.15,0.2,0.9545958934780634,0.25025000154221355,0.15387225978617758,-0.1455182511429175,1.719715565413414,0.27499999999999997,True
5499,0.15,0.0,0.35,0.3,0.2,0.9511582121382971,0.24951677195691246,0.1479061611247069,-0.14862638799932493,1.6788187839029352,0.27499999999999997,True
5500,0.2,0.15,0.0,0.35,0.3,0.9459075593955997,0.2483951859242346,0.1746223818747937,-0.11370063650041051,2.1846419999886084,0.27499999999999997,True
5501,0.15,0.0,0.3,0.35,0.2,0.9325938938576199,0.24554219483246298,0.14294295185831446,-0.13804123817721503,1.7787597248094806,0.27499999999999997,True
5502,0.15,0.2,0.0,0.35,0.3,0.9255237957427704,0.24402181056084427,0.1734501010584549,-0.11190161607515015,2.1806817374019487,0.27499999999999997,True
5503,0.35,0.0,0.15,0.3,0.2,0.8978209387796228,0.23802834407562212,0.14164206674381766,-0.1128317546484976,2.1095864795965182,0.27499999999999997,True
5504,0.3,0.0,0.15,0.35,0.2,0.892517852650113,0.23687438951409923,0.13809634916139363,-0.11094792148678745,2.1350052018983345,0.27499999999999997,True
5505,0.3,0.0,0.35,0.2,0.15,0.8812197801528134,0.23440871368327265,0.13282501462461535,-0.13468087766737202,1.7404750974537258,0.27499999999999997,True
5506,0.2,0.0,0.35,0.3,0.15,0.8708369657100796,0.2321340614803553,0.1265582701521006,-0.13087776460621992,1.7736707390960682,0.27499999999999997,True
5507,0.35,0.0,0.3,0.2,0.15,0.8672105047965246,0.23133759858045577,0.13147733743127188,-0.12554657923874213,1.8426435828294383,0.27499999999999997,True
5508,0.2,0.0,0.3,0.35,0.15,0.8518310408014467,0.22794836834134702,0.12111419104330826,-0.11982685298693163,1.902314570225817,0.27499999999999997,True
5509,0.35,0.0,0.2,0.3,0.15,0.8286785103733856,0.22281058394841935,0.12228147168628757,-0.10294553481151514,2.1643540378547486,0.27499999999999997,True
5510,0.3,0.0,0.2,0.35,0.15,0.8236817662361091,0.2216960722373189,0.11815358595491021,-0.10102921835859568,2.1943758037444696,0.27499999999999997,True
5511,0.3,0.15,0.0,0.35,0.2,0.7933456677925124,0.2148855938799774,0.1308405132377071,-0.07351970035825617,2.922830109927754,0.27499999999999997,True
5512,0.35,0.1,0.1,0.35,0.1,0.670734417780765,0.18654858173082456,0.09348915928082596,-0.06037548528988179,3.0898067458198613,0.27499999999999997,True
5513,0.1,0.35,0.1,0.35,0.1,0.582767181747105,0.16535215357326094,0.0756531213449667,-0.039756878797195916,4.159082870079915,0.27499999999999997,True
5514,0.15,0.3,0.2,0.35,0.0,0.4536478717402346,0.1327673423451461,0.04984626236752314,-0.03047142230957134,4.357110114398655,0.27499999999999997,True
5515,0.1,0.05,0.2,0.4,0.25,0.957343001011393,0.25083531948664994,0.15788662070410434,-0.13320029651635534,1.8831438521298673,0.275,True
5516,0.4,0.05,0.1,0.2,0.25,0.954551976557994,0.2502406398430652,0.16597497825039195,-0.12280671695189449,2.0376787691595792,0.275,True
5517,0.2,0.05,0.1,0.4,0.25,0.9322102345962962,0.24545978634510357,0.15432640135856174,-0.11535578481565989,2.127849823373415,0.275,True
5518,0.4,0.1,0.05,0.2,0.25,0.9213035889540919,0.24311250447536992,0.1637742710792461,-0.11035733567270456,2.2029573566037133,0.275,True
5519,0.2,0.1,0.05,0.4,0.25,0.8993485571574666,0.23836035578142067,0.15192367155323305,-0.10284563263220459,2.317651704607062,0.275,True
5520,0.1,0.05,0.25,0.4,0.2,0.8940050979574652,0.23719823224077552,0.13707049783524236,-0.12410811067047933,1.9112226506337116,0.275,True
5521,0.4,0.05,0.1,0.25,0.2,0.8696436629206248,0.23187209560743738,0.14284156878137313,-0.10195789464688476,2.274194621323735,0.275,True
5522,0.1,0.2,0.05,0.4,0.25,0.8596799368497592,0.22968039413332142,0.14947371695429035,-0.09746043449327535,2.3566526799053937,0.275,True
5523,0.25,0.05,0.1,0.4,0.2,0.8540192948106038,0.2284317444095565,0.13199181547212246,-0.09626008913592554,2.373068074838326,0.275,True
5524,0.4,0.1,0.05,0.25,0.2,0.8363974308392821,0.22452828640834666,0.14056550896829445,-0.08879720337197095,2.5285513268677957,0.275,True
5525,0.25,0.1,0.05,0.4,0.2,0.821056005071046,0.22110958632054056,0.12949026525666135,-0.0830529452281964,2.662272670921176,0.275,True
5526,0.2,0.05,0.4,0.25,0.1,0.7863925470334183,0.21331380935672195,0.11092635335251937,-0.12002881213824579,1.7771883729969196,0.275,True
5527,0.1,0.25,0.05,0.4,0.2,0.7639329977686029,0.20820868662351488,0.12413168328150931,-0.07683837689104078,2.709696574131977,0.275,True
5528,0.2,0.05,0.25,0.4,0.1,0.7287411070640941,0.20012157728340063,0.09254567759875276,-0.085041419797933,2.3532247904481096,0.275,True
5529,0.25,0.05,0.2,0.4,0.1,0.7140538914715608,0.19671397769224552,0.09121423062303026,-0.07495864599225655,2.6243000402190653,0.275,True
5530,0.2,0.1,0.25,0.4,0.05,0.6224683234132524,0.17501324371552873,0.07158753368443857,-0.05954331423660841,2.939259360338513,0.275,True
5531,0.25,0.1,0.2,0.4,0.05,0.6072586742727728,0.17133087211420328,0.07073263609111827,-0.05075928315062905,3.3753603573513034,0.275,True
5532,0.1,0.2,0.25,0.4,0.05,0.5876385923342826,0.16654622272774589,0.06540915998219256,-0.05292862189166969,3.146619291706104,0.275,True
5533,0.1,0.25,0.2,0.4,0.05,0.555634073654127,0.15865611365167687,0.05955977287240117,-0.04004054308218474,3.9623866570947635,0.275,True
5534,0.3,0.0,0.3,0.1,0.3,1.1103226958053174,0.282601159880834,0.19675493092429203,-0.1803373556979766,1.5670694448582558,0.27999999999999997,True
5535,0.1,0.0,0.3,0.3,0.3,1.0852264891120664,0.277497751931461,0.18968246610809172,-0.17314613898158804,1.602679410373508,0.27999999999999997,True
5536,0.15,0.1,0.05,0.35,0.35,1.0466141825673803,0.2695652028550475,0.1990295897716948,-0.1407693889160493,1.9149419126611982,0.27999999999999997,True
5537,0.3,0.0,0.1,0.3,0.3,1.0383008453666158,0.2678442731528534,0.18272959303977251,-0.13997311298342008,1.913540875414979,0.27999999999999997,True
5538,0.1,0.15,0.05,0.35,0.35,1.0252612858034813,0.2651355243051503,0.19840293781168128,-0.13779625910164928,1.9241126430694004,0.27999999999999997,True
5539,0.35,0.05,0.05,0.25,0.3,1.0110590157015444,0.2621719795101649,0.18325001773467142,-0.13008239805420074,2.0154300922475854,0.27999999999999997,True
5540,0.25,0.05,0.05,0.35,0.3,0.9992511578250305,0.25969742780589455,0.17808699892929525,-0.12641870483822581,2.0542642652305405,0.27999999999999997,True
5541,0.3,0.1,0.0,0.3,0.3,0.972223311362699,0.25399634082072997,0.1786189886384565,-0.11632651011227035,2.1834777006169115,0.27999999999999997,True
5542,0.35,0.05,0.05,0.3,0.25,0.9304064223400157,0.24507218832959876,0.15970635297669097,-0.10993428803294714,2.2292607039593597,0.27999999999999997,True
5543,0.3,0.05,0.05,0.35,0.25,0.9248873673474769,0.24388476777364687,0.15656433274432147,-0.10806690391415341,2.2567942537465955,0.27999999999999997,True
5544,0.35,0.05,0.1,0.35,0.15,0.7760275698119796,0.21096316885629052,0.11530332280897375,-0.07785952296851195,2.709535851402641,0.27999999999999997,True
5545,0.3,0.0,0.3,0.3,0.1,0.7714059969730278,0.209912108065756,0.10566315218908984,-0.10238418762864798,2.0502395235787443,0.27999999999999997,True
5546,0.15,0.05,0.35,0.35,0.1,0.7624182521569967,0.2078628240150644,0.10155774728247625,-0.10660563140587365,1.9498296785437153,0.27999999999999997,True
5547,0.35,0.1,0.05,0.35,0.15,0.7429487953837124,0.20339960237947308,0.11286047093720604,-0.0696677990743999,2.9195640608978874,0.27999999999999997,True
5548,0.35,0.05,0.15,0.35,0.1,0.7037461183594274,0.1943108152707429,0.09658460784280565,-0.06835561623522146,2.8426459444399064,0.27999999999999997,True
5549,0.25,0.05,0.3,0.35,0.05,0.6596340454392007,0.1839155278542397,0.08211733754501663,-0.07595340094752268,2.421425842159585,0.27999999999999997,True
5550,0.1,0.35,0.15,0.35,0.05,0.5111991993079039,0.147520018049913,0.05574456815944743,-0.028446718501278556,5.185836040922703,0.27999999999999997,True
5551,0.15,0.35,0.1,0.35,0.05,0.49637596303117437,0.14375656195305964,0.05494118154990407,-0.031832131090557825,4.516083498905334,0.27999999999999997,True
5552,0.1,0.1,0.1,0.4,0.3,0.9844080581783801,0.2565729231150442,0.1763512485026072,-0.13026031307353725,1.9696937391068479,0.28,True
5553,0.2,0.0,0.4,0.2,0.2,0.9753066131264521,0.2546493355485864,0.15516664989813791,-0.16091371230477403,1.5825210412539303,0.28,True
5554,0.4,0.0,0.2,0.2,0.2,0.9221642021398788,0.24329804435324398,0.1492164962492607,-0.12577728439276759,1.934355997013671,0.28,True
5555,0.2,0.0,0.2,0.4,0.2,0.9006887685582283,0.23865148997459307,0.1361652282261408,-0.11826101984780624,2.018006358153524,0.28,True
5556,0.2,0.2,0.0,0.4,0.2,0.7694299211822253,0.20946214117392525,0.12519603605395552,-0.07201209768631067,2.908707674179355,0.28,True
5557,0.15,0.1,0.15,0.45,0.15,0.7617849645232238,0.2077181663861718,0.10518795039077478,-0.0802716039528174,2.5876917385164724,0.28,True
5558,0.1,0.15,0.15,0.45,0.15,0.7431105408115344,0.20343681784735135,0.10353847941623612,-0.07656119200823719,2.657179342576898,0.28,True
5559,0.15,0.15,0.1,0.45,0.15,0.7291759627745764,0.20022217397956,0.10183345125418204,-0.06698873381482429,2.9888932448406984,0.28,True
5560,0.3,0.1,0.1,0.4,0.1,0.6662828417805753,0.1854940546675483,0.08802364198133257,-0.051720376927993694,3.5864791729147183,0.28,True
5561,0.15,0.15,0.15,0.45,0.1,0.6587157391477705,0.1836971765758182,0.07986706558984254,-0.055894207805889384,3.2865154331154622,0.28,True
5562,0.1,0.3,0.1,0.4,0.1,0.5957892561218732,0.1685386439141101,0.07471176830844865,-0.03926402026671216,4.292444909340991,0.28,True
5563,0.2,0.2,0.2,0.4,0.0,0.48238712319391275,0.14018208356002404,0.053120295727091,-0.03096717133821858,4.526796523614552,0.28,True
5564,0.25,0.0,0.35,0.1,0.3,1.121840776668285,0.28492986239458995,0.1986883776434033,-0.1882757817311559,1.5133643837498392,0.285,True
5565,0.1,0.0,0.35,0.25,0.3,1.1028153305429593,0.28107877051436336,0.19394782581905123,-0.18289730004335492,1.5368120275571866,0.285,True
5566,0.35,0.0,0.25,0.1,0.3,1.0986130844482784,0.2802250309518588,0.19546511904138072,-0.1722707870443656,1.6266543838317247,0.285,True
5567,0.1,0.0,0.25,0.35,0.3,1.0675814949256757,0.27388500717839537,0.18569351634012618,-0.1632571477764604,1.677629499894314,0.285,True
5568,0.3,0.0,0.35,0.1,0.25,1.050329848595875,0.2703328695611593,0.17816936787632812,-0.1726536046555016,1.5657528268845509,0.285,True
5569,0.35,0.0,0.1,0.25,0.3,1.044305791052548,0.2690878148062299,0.18544714455844225,-0.14179202072377672,1.8977641579030495,0.285,True
5570,0.35,0.0,0.3,0.1,0.25,1.037876782050903,0.26775636318369367,0.17663693002216707,-0.16435250335013563,1.6291590193382517,0.285,True
5571,0.25,0.0,0.1,0.35,0.3,1.0322991747305794,0.2665989666743951,0.18035965722222236,-0.13815780141336642,1.9296700146286658,0.285,True
5572,0.1,0.0,0.35,0.3,0.25,1.0265305050973113,0.2653996931602516,0.17029153560150515,-0.16534166549756968,1.6051591857477245,0.285,True
5573,0.1,0.0,0.3,0.35,0.25,1.0084616830475484,0.2616284939024798,0.16572196422648774,-0.1551875073027995,1.6858863090828196,0.285,True
5574,0.35,0.1,0.0,0.25,0.3,0.9780300868196168,0.2552255593411903,0.18141092244493595,-0.11802572675002432,2.162457002969801,0.285,True
5575,0.25,0.1,0.0,0.35,0.3,0.966419691954675,0.252765376940961,0.17618084322139457,-0.11547693557197192,2.188881924247314,0.285,True
5576,0.35,0.0,0.1,0.3,0.25,0.9637286430167531,0.2521937758714776,0.1619984604103604,-0.12228579735522938,2.062330878367478,0.285,True
5577,0.3,0.0,0.1,0.35,0.25,0.9581125722288273,0.25099919149270633,0.15890993289462746,-0.12043346910177144,2.0841315405487593,0.285,True
5578,0.35,0.1,0.0,0.3,0.25,0.8973116693823444,0.23791762015401274,0.1578271087058535,-0.09720564244415186,2.447570060459247,0.285,True
5579,0.3,0.1,0.0,0.35,0.25,0.8918889824682572,0.23673740407643384,0.15463819194290782,-0.0962004159462615,2.4608771360061237,0.285,True
5580,0.3,0.0,0.35,0.25,0.1,0.7908648508400806,0.21432526093707582,0.1114459509922766,-0.11393689494023762,1.8810874304543237,0.285,True
5581,0.25,0.0,0.35,0.3,0.1,0.7860398959621413,0.21323398237592683,0.10745726706869389,-0.11199691608439422,1.9039272672048075,0.285,True
5582,0.25,0.0,0.3,0.35,0.1,0.7666462540285177,0.20882771104917208,0.10149249223021409,-0.10044133667381538,2.0791012740834276,0.285,True
5583,0.35,0.0,0.25,0.3,0.1,0.7566081504945406,0.20653435954596122,0.10508910451321272,-0.09259681017610433,2.2304694854300693,0.285,True
5584,0.3,0.0,0.25,0.35,0.1,0.7519111056833503,0.2054582494329269,0.10025385095563655,-0.09064699652125752,2.266575367279214,0.285,True
5585,0.1,0.3,0.25,0.35,0.0,0.4689125809850292,0.13671769199829353,0.05218192887517454,-0.03288932241185882,4.156902057337538,0.285,True
5586,0.2,0.0,0.4,0.15,0.25,1.0565776505641389,0.27162159401367925,0.1782564021074954,-0.17899362602726565,1.5174931087898282,0.28500000000000003,True
5587,0.15,0.0,0.4,0.2,0.25,1.0505609670872134,0.2703805886174466,0.17649414896182195,-0.17717071849091992,1.5261020044421378,0.28500000000000003,True
5588,0.1,0.05,0.15,0.4,0.3,1.01703790702655,0.2634212719450433,0.1790046832458699,-0.14190828957804824,1.8562782535699862,0.28500000000000003,True
5589,0.4,0.0,0.2,0.15,0.25,1.006658267682989,0.2612508578754569,0.17202631309088812,-0.14547894785643212,1.7957983730627187,0.28500000000000003,True
5590,0.15,0.05,0.1,0.4,0.3,1.0052891874780556,0.26096402070908487,0.1771585128397759,-0.13332195427633475,1.9573972053258986,0.28500000000000003,True
5591,0.4,0.0,0.15,0.2,0.25,0.9880276849676277,0.25733629521070944,0.1685612517113325,-0.13488959998591532,1.9077548990995568,0.28500000000000003,True
5592,0.25,0.0,0.4,0.15,0.2,0.9809404458306652,0.2558407393519919,0.15760229373418122,-0.16277469571489256,1.5717476124182648,0.28500000000000003,True
5593,0.15,0.0,0.2,0.4,0.25,0.9779108564946353,0.2552003440489352,0.15889023874026062,-0.13626484775717085,1.872825958046876,0.28500000000000003,True
5594,0.15,0.1,0.05,0.4,0.3,0.9726071708883219,0.2540776732973613,0.17485639497893507,-0.12145041494550113,2.0920280380381944,0.28500000000000003,True
5595,0.15,0.0,0.4,0.25,0.2,0.9696759155604735,0.2534563288594269,0.15316409863850913,-0.15905645083586772,1.5934992106731438,0.28500000000000003,True
5596,0.2,0.0,0.15,0.4,0.25,0.9652966419730791,0.25252689527984185,0.15713591475028477,-0.12749913602950325,1.9806165213653466,0.28500000000000003,True
5597,0.1,0.15,0.05,0.4,0.3,0.9519916761553964,0.24969462213077565,0.17405799241803385,-0.1185107672360044,2.1069361709010748,0.28500000000000003,True
5598,0.4,0.0,0.25,0.15,0.2,0.9411566981813022,0.24737861962386143,0.1532324076878474,-0.13666854646855287,1.8100625638890708,0.28500000000000003,True
5599,0.15,0.0,0.25,0.4,0.2,0.9139833872331862,0.2415320950935953,0.1383043953767222,-0.12729751642462406,1.8973826189029563,0.28500000000000003,True
5600,0.4,0.0,0.15,0.25,0.2,0.9031268370576715,0.23918076094226648,0.14556821412998966,-0.11471951910408063,2.084917743817135,0.28500000000000003,True
5601,0.25,0.0,0.4,0.2,0.15,0.8950576609708079,0.23742732189678128,0.13512128935094958,-0.14365824996549625,1.6527231951788806,0.28500000000000003,True
5602,0.2,0.0,0.4,0.25,0.15,0.8898013045934254,0.23628243189836762,0.1323085826467868,-0.14176179827126834,1.6667567340407836,0.28500000000000003,True
5603,0.25,0.0,0.15,0.4,0.2,0.8872175834550529,0.2357188916859707,0.13496995287544977,-0.10906800735126954,2.1612102156299913,0.28500000000000003,True
5604,0.2,0.15,0.0,0.4,0.25,0.8667120578579739,0.23122804637749583,0.1499547676656229,-0.09338428603913085,2.4760916015420866,0.28500000000000003,True
5605,0.4,0.0,0.25,0.2,0.15,0.853030351215674,0.22821333808179278,0.13109863792713633,-0.1162512037533906,1.963105161181066,0.28500000000000003,True
5606,0.15,0.2,0.0,0.4,0.25,0.8470795530401509,0.22689747198060606,0.14850865225670487,-0.09168360536808606,2.4747878431445964,0.28500000000000003,True
5607,0.1,0.1,0.15,0.45,0.2,0.8427171603318766,0.22593104431022515,0.12921952979499896,-0.10040380018776873,2.2502240342268265,0.28500000000000003,True
5608,0.4,0.0,0.2,0.25,0.15,0.8336778684646755,0.22392364849855384,0.12681003432641538,-0.10486594184987297,2.1353324496825192,0.28500000000000003,True
5609,0.2,0.0,0.25,0.4,0.15,0.8327839563822752,0.22372477525609358,0.11601779710189995,-0.1086051958136437,2.059982246521467,0.28500000000000003,True
5610,0.15,0.1,0.1,0.45,0.2,0.8294192829416396,0.2229756385931021,0.12743561001358383,-0.09086023363610407,2.454050905109063,0.28500000000000003,True
5611,0.25,0.0,0.2,0.4,0.15,0.8186876408387851,0.22058010835403175,0.11447967510371772,-0.09911697943521891,2.2254522848751557,0.28500000000000003,True
5612,0.1,0.15,0.1,0.45,0.2,0.8101446033720112,0.21866637471707695,0.12614690802096704,-0.08730508815624438,2.5046234914251917,0.28500000000000003,True
5613,0.25,0.15,0.0,0.4,0.2,0.7883281624377454,0.21375177311436855,0.12750329302469263,-0.07287942925448798,2.932950700916823,0.28500000000000003,True
5614,0.4,0.05,0.1,0.3,0.15,0.7808681340806103,0.21206208033110707,0.12007249696416142,-0.07979838342730117,2.6574733875944028,0.28500000000000003,True
5615,0.1,0.1,0.2,0.45,0.15,0.7756970405105623,0.21088805884729211,0.10747615679306485,-0.09013045940790487,2.339808986137224,0.28500000000000003,True
5616,0.3,0.05,0.1,0.4,0.15,0.7711894982704932,0.2098628260598372,0.11094171635345776,-0.07592489082598752,2.764084660204812,0.28500000000000003,True
5617,0.15,0.25,0.0,0.4,0.2,0.7506523093348982,0.2051695278095118,0.1234037640121762,-0.07113540114703965,2.884211299876111,0.28500000000000003,True
5618,0.2,0.1,0.1,0.45,0.15,0.7477054229771054,0.2044930786350072,0.10414702394864374,-0.07023271977827117,2.911649716550974,0.28500000000000003,True
5619,0.15,0.05,0.3,0.4,0.1,0.7432658058512753,0.20347254009841942,0.09527050538501859,-0.09494182463280476,2.1431286041253794,0.28500000000000003,True
5620,0.3,0.1,0.05,0.4,0.15,0.738202644778549,0.20230654971590156,0.10838418965225687,-0.06195483023262016,3.2653878471832867,0.28500000000000003,True
5621,0.1,0.2,0.1,0.45,0.15,0.7107652306284644,0.1959483059127647,0.1001660888824277,-0.06448186140591206,3.038812801622986,0.28500000000000003,True
5622,0.3,0.05,0.15,0.4,0.1,0.6992046753874255,0.19324894283929406,0.09132668730556351,-0.06468841742297016,2.9873809027622533,0.28500000000000003,True
5623,0.15,0.1,0.2,0.45,0.1,0.6912710432503428,0.1913893652122074,0.08430610158175432,-0.06917783404735567,2.766628470633987,0.28500000000000003,True
5624,0.2,0.1,0.15,0.45,0.1,0.6766325768201931,0.1879429061592437,0.08286491664303247,-0.05879352571299046,3.1966599022605924,0.28500000000000003,True
5625,0.1,0.15,0.2,0.45,0.1,0.6732065390750732,0.18713338992205664,0.08217166556577926,-0.06557218270901,2.853853298623586,0.28500000000000003,True
5626,0.2,0.25,0.0,0.4,0.15,0.669282322925612,0.1862048032884167,0.10007440863084426,-0.054592358649114714,3.41082173212599,0.28500000000000003,True
5627,0.2,0.15,0.1,0.45,0.1,0.6440651788311293,0.18020267095593367,0.07923089368656266,-0.04604935947028821,3.9132503259291447,0.28500000000000003,True
5628,0.1,0.2,0.15,0.45,0.1,0.6409147057106819,0.17944849851508415,0.07765750547440851,-0.053265821659977064,3.368923878816618,0.28500000000000003,True
5629,0.15,0.1,0.3,0.4,0.05,0.6375231609178054,0.17863553756270245,0.07428470210822599,-0.07008622248080454,2.5487967711717916,0.28500000000000003,True
5630,0.15,0.2,0.1,0.45,0.1,0.6264118935281,0.17596425177866526,0.07614071462567495,-0.04334287950637017,4.059819139446042,0.28500000000000003,True
5631,0.3,0.1,0.15,0.4,0.05,0.591894729810114,0.16758747963920873,0.0717770822130062,-0.04297548281006025,3.899606675273412,0.28500000000000003,True
5632,0.15,0.3,0.05,0.4,0.1,0.5813621241602602,0.16500729382155876,0.07414230935688804,-0.04034487761850214,4.089919304796367,0.28500000000000003,True
5633,0.1,0.3,0.15,0.4,0.05,0.5238884995018187,0.1507221862676067,0.05448922383246571,-0.02794974021072172,5.392614927053547,0.28500000000000003,True
5634,0.15,0.3,0.1,0.4,0.05,0.5089756913949826,0.1469570677538674,0.05360695443368081,-0.02883340662417988,5.096763960961459,0.28500000000000003,True
5635,0.15,0.25,0.2,0.4,0.0,0.46607169169787865,0.1359845790879275,0.04846438282154211,-0.028285441774832054,4.807581941637711,0.28500000000000003,True
5636,0.15,0.15,0.0,0.35,0.35,1.0142939076527542,0.2628482188410284,0.19716454728040458,-0.1351362802075422,1.9450603378851798,0.29,True
5637,0.15,0.0,0.35,0.35,0.15,0.865649776332172,0.2309945055178313,0.12416807386363243,-0.1289821262912667,1.7909032217084158,0.29,True
5638,0.35,0.05,0.05,0.35,0.2,0.8454819693235565,0.22654372622830188,0.1359326646770079,-0.08854985545949456,2.5583748844393086,0.29,True
5639,0.35,0.0,0.15,0.35,0.15,0.8093522598290168,0.2184885761989317,0.11830487225424952,-0.09137814157157675,2.391037642495596,0.29,True
5640,0.15,0.35,0.15,0.35,0.0,0.42226820008022914,0.1245588857345512,0.04555030452240943,-0.035985477932803045,3.461365330957794,0.29,True
5641,0.4,0.05,0.05,0.25,0.25,0.9359284281751068,0.24625798060586845,0.16320626208560646,-0.11180554123053998,2.2025561335827817,0.29000000000000004,True
5642,0.25,0.05,0.05,0.4,0.25,0.9193712679834283,0.24269571278944646,0.15381029647431713,-0.10620337688675585,2.285197701841738,0.29000000000000004,True
5643,0.15,0.05,0.15,0.45,0.2,0.8622567464403326,0.23024795904421858,0.13050360428810193,-0.10381992416265129,2.2177627358260885,0.29000000000000004,True
5644,0.15,0.15,0.05,0.45,0.2,0.796815176485048,0.21566837282010232,0.12486140329401617,-0.07827045583592585,2.7554250261707476,0.29000000000000004,True
5645,0.15,0.05,0.2,0.45,0.15,0.7946361499336807,0.21517686598114372,0.10909539784080147,-0.0936931243617739,2.2966131981071416,0.29000000000000004,True
5646,0.2,0.05,0.15,0.45,0.15,0.7805791920683887,0.21199654025266734,0.10746142198844276,-0.083932315655729,2.525803542967029,0.29000000000000004,True
5647,0.2,0.15,0.05,0.45,0.15,0.7150752798948572,0.19695157977266708,0.10143848913086444,-0.057856795747345036,3.4041218015725474,0.29000000000000004,True
5648,0.15,0.2,0.05,0.45,0.15,0.6968095928891196,0.19268816647916154,0.09910196121778149,-0.05688827540826824,3.387133202690759,0.29000000000000004,True
5649,0.25,0.05,0.25,0.4,0.05,0.640054046698366,0.17924230276051922,0.07585883540887305,-0.06426695913865998,2.7890272880936027,0.29000000000000004,True
5650,0.15,0.15,0.2,0.45,0.05,0.5857412983011387,0.16608145312512868,0.061562894127730215,-0.04426123097978829,3.7523008160565867,0.29000000000000004,True
5651,0.2,0.15,0.15,0.45,0.05,0.5705897898072287,0.16235650159066073,0.06062783828605027,-0.034474007041482735,4.70953380601496,0.29000000000000004,True
5652,0.15,0.2,0.15,0.45,0.05,0.5535585698853867,0.1581407146504561,0.056493677225970436,-0.031230568113726487,5.063651550448419,0.29000000000000004,True
5653,0.2,0.1,0.0,0.35,0.35,1.0355137122935751,0.26726626617615756,0.19813923367057085,-0.13759934517075723,1.942351294219366,0.295,True
5654,0.35,0.0,0.35,0.1,0.2,0.9734298164139255,0.2542519405842336,0.1586200490945693,-0.15609082458165402,1.6288717883685064,0.295,True
5655,0.1,0.0,0.35,0.35,0.2,0.9455979945990161,0.24832899717844037,0.14634086801264123,-0.14676966873277109,1.6919640094751598,0.295,True
5656,0.35,0.0,0.1,0.35,0.2,0.8788063136323645,0.23388072303803487,0.13833073939670493,-0.10160090638945474,2.3019550843525702,0.295,True
5657,0.35,0.1,0.0,0.35,0.2,0.812394713983807,0.21917100721165395,0.1340247014517274,-0.079330174494333,2.762769760796512,0.295,True
5658,0.2,0.0,0.35,0.35,0.1,0.7812174898683248,0.21214131446493223,0.10399124391112442,-0.11006109067769798,1.92748693619769,0.295,True
5659,0.35,0.0,0.2,0.35,0.1,0.7370125611465621,0.20203215792640683,0.10031261985367604,-0.0812103133864005,2.4877647862917764,0.295,True
5660,0.1,0.35,0.2,0.35,0.0,0.4375246616512867,0.1285646702430414,0.04649429006194906,-0.031113361048620614,4.132136995489956,0.295,True
5661,0.15,0.0,0.4,0.15,0.3,1.1267553718305177,0.2859209202550772,0.19968114971399265,-0.19429960301546245,1.4715466002898805,0.29500000000000004,True
5662,0.4,0.0,0.15,0.15,0.3,1.0685403897982044,0.27408186429630743,0.1915022230008403,-0.15391750475038912,1.7807062604139217,0.29500000000000004,True
5663,0.25,0.0,0.4,0.1,0.25,1.062597729100181,0.27286087927007086,0.18040592522110432,-0.1808200843218185,1.5090186485282284,0.29500000000000004,True
5664,0.1,0.0,0.4,0.25,0.25,1.0445476834553555,0.26913785633672327,0.17513970812678722,-0.17535135136846658,1.534849057257521,0.29500000000000004,True
5665,0.15,0.0,0.15,0.4,0.3,1.0381856650388261,0.2678203970307751,0.17981617045733453,-0.14485556492805052,1.8488788964635288,0.29500000000000004,True
5666,0.4,0.0,0.25,0.1,0.25,1.025239045779045,0.2651308943955637,0.17581760836878627,-0.1559134239528457,1.7005007501839589,0.29500000000000004,True
5667,0.4,0.05,0.05,0.2,0.3,1.0169677631779401,0.26340662967470974,0.18633513830093557,-0.1319197730953664,1.9967183348950266,0.29500000000000004,True
5668,0.2,0.05,0.05,0.4,0.3,0.9933520569967762,0.2584575123691719,0.1760542617813792,-0.12459236450648081,2.07442497293426,0.29500000000000004,True
5669,0.1,0.0,0.25,0.4,0.25,0.9903416438208006,0.2578238190817994,0.1614527807088572,-0.14488572623955231,1.7794977170871658,0.29500000000000004,True
5670,0.4,0.0,0.1,0.25,0.25,0.969347724147714,0.2533867230573743,0.1654416248680312,-0.12414190657862612,2.0411054577842345,0.29500000000000004,True
5671,0.25,0.0,0.1,0.4,0.25,0.9524995165698877,0.24980296372111033,0.15620521980139895,-0.11858491027702212,2.1065324680649016,0.29500000000000004,True
5672,0.15,0.15,0.0,0.4,0.3,0.9401400634709869,0.24716086963263928,0.17292977397079437,-0.11284922450868573,2.19018669121307,0.29500000000000004,True
5673,0.1,0.1,0.1,0.45,0.25,0.9065019553425466,0.23991270688855915,0.15141854064781898,-0.11022369080953531,2.1765983803166624,0.29500000000000004,True
5674,0.4,0.1,0.0,0.25,0.25,0.9027372476384976,0.23909621682519,0.1613766763163812,-0.09909210583268901,2.4128684602675556,0.29500000000000004,True
5675,0.25,0.1,0.0,0.4,0.25,0.8864691916821532,0.23555556249526655,0.15184081171513847,-0.09534632132477128,2.4705259649495095,0.29500000000000004,True
5676,0.15,0.0,0.4,0.3,0.15,0.8845478234333792,0.23513604472531613,0.12998733199969792,-0.13986925178283482,1.681113194845679,0.29500000000000004,True
5677,0.1,0.05,0.2,0.45,0.2,0.8755216319866288,0.233161410859561,0.13275114057468415,-0.11310784552710584,2.0614079401210486,0.29500000000000004,True
5678,0.4,0.05,0.05,0.3,0.2,0.8506260030223451,0.22768201796361898,0.13999646900731733,-0.09045574773401555,2.517054180272947,0.29500000000000004,True
5679,0.2,0.05,0.1,0.45,0.2,0.848816690165823,0.22728188698401208,0.12925262140714094,-0.0943688357092306,2.408442207386275,0.29500000000000004,True
5680,0.15,0.0,0.3,0.4,0.15,0.8467100499509905,0.22681567271958558,0.11865383420119319,-0.1179282499406148,1.9233362051400178,0.29500000000000004,True
5681,0.3,0.05,0.05,0.4,0.2,0.8403406265464199,0.22540391417783034,0.13225827329588377,-0.08664802466015775,2.601373950091616,0.29500000000000004,True
5682,0.2,0.1,0.05,0.45,0.2,0.8159475955392035,0.21996696243487168,0.1266866054757122,-0.08114639873461782,2.7107421384682064,0.29500000000000004,True
5683,0.4,0.0,0.15,0.3,0.15,0.8142854522514129,0.21959472036456384,0.12294278305200894,-0.09330123897772513,2.3536099066914877,0.29500000000000004,True
5684,0.25,0.0,0.4,0.25,0.1,0.805396980703694,0.2176002511539168,0.11373225090881874,-0.12337247415196484,1.7637666152815115,0.29500000000000004,True
5685,0.3,0.0,0.15,0.4,0.15,0.8044216196342531,0.21738099320909687,0.11407292689853692,-0.0894591726928472,2.4299463840948063,0.29500000000000004,True
5686,0.1,0.2,0.05,0.45,0.2,0.7778044093083907,0.21136678107916262,0.12357733951511252,-0.07744042912209492,2.7294112839420785,0.29500000000000004,True
5687,0.25,0.0,0.25,0.4,0.1,0.7472164814175968,0.20438076998483612,0.09589450403349556,-0.08870142850613527,2.304142936894185,0.29500000000000004,True
5688,0.2,0.05,0.2,0.45,0.1,0.7094524274380025,0.19564238270675194,0.08718931499337436,-0.07300132542878945,2.6799839805319023,0.29500000000000004,True
5689,0.25,0.1,0.1,0.45,0.1,0.6618335055984432,0.18443817956487596,0.0830333610937599,-0.0491308495440127,3.754019750862468,0.29500000000000004,True
5690,0.2,0.05,0.3,0.4,0.05,0.6552594867648163,0.1828746391094127,0.07757044885455269,-0.07396395693680824,2.4724831753613894,0.29500000000000004,True
5691,0.3,0.05,0.2,0.4,0.05,0.6246929505937318,0.17554991089380834,0.07589876636345731,-0.05668706379625099,3.0968249039107643,0.29500000000000004,True
5692,0.2,0.2,0.05,0.45,0.1,0.6117506816721747,0.1724208300696004,0.07640641287289751,-0.040677019860587915,4.23877734063452,0.29500000000000004,True
5693,0.1,0.25,0.1,0.45,0.1,0.6088733366833452,0.1717228935595787,0.07387688347920929,-0.04060581880535541,4.229021815388945,0.29500000000000004,True
5694,0.2,0.1,0.2,0.45,0.05,0.6030358497649855,0.17030437603390625,0.06543528141820962,-0.04698900770313208,3.624345019368317,0.29500000000000004,True
5695,0.1,0.2,0.2,0.45,0.05,0.5685596272515574,0.16185557474922674,0.058638497201883015,-0.04150232792225317,3.8999155674455857,0.29500000000000004,True
5696,0.1,0.25,0.25,0.4,0.0,0.48142913302023316,0.13993647308126023,0.05091814043951687,-0.03222314767739187,4.342731333458191,0.29500000000000004,True
5697,0.15,0.3,0.15,0.4,0.0,0.4345153263272905,0.12777678179237895,0.0438766577794013,-0.031229857847251408,4.0914941853833895,0.29500000000000004,True
5698,0.1,0.05,0.15,0.45,0.25,0.9392250647002944,0.2469648236862405,0.1542689075522462,-0.12250677831867751,2.0159278292651663,0.3,True
5699,0.15,0.05,0.1,0.45,0.25,0.9266323544578479,0.2442604455609212,0.15244143560904008,-0.11350257873718284,2.152025515882863,0.3,True
5700,0.15,0.1,0.05,0.45,0.25,0.8938672058090633,0.23716821381614106,0.15000076400351822,-0.10097745643902889,2.3487243804694704,0.3,True
5701,0.1,0.15,0.05,0.45,0.25,0.8740019340599698,0.232828328110662,0.1489849118700646,-0.09853701403409221,2.3628514664561195,0.3,True
5702,0.1,0.05,0.25,0.45,0.15,0.8085242815241829,0.21830272591553346,0.11190780439051463,-0.10328158808494503,2.11366546509711,0.3,True
5703,0.25,0.05,0.1,0.45,0.15,0.7663539242420714,0.20876104702768394,0.10704794459620426,-0.07399447318296126,2.8213059441817263,0.3,True
5704,0.25,0.1,0.05,0.45,0.15,0.7334589321859655,0.2012120683118972,0.10437939914352287,-0.06001939104376064,3.352451013126604,0.3,True
5705,0.15,0.05,0.25,0.45,0.1,0.724077357634433,0.19904163346742498,0.08933497638547894,-0.0830909024559846,2.395468427760337,0.3,True
5706,0.25,0.05,0.15,0.45,0.1,0.6946655317339734,0.1921857155289166,0.08654838086743773,-0.0627243763586125,3.0639717233717567,0.3,True
5707,0.1,0.25,0.05,0.45,0.15,0.6786615581627369,0.18842180111997364,0.09743209217593721,-0.05590906989546118,3.370147302974005,0.3,True
5708,0.15,0.1,0.25,0.45,0.05,0.6181843118194987,0.17397838867117166,0.06736888402906643,-0.05754189337017701,3.0235082386312597,0.3,True
5709,0.1,0.15,0.25,0.45,0.05,0.6007393908591312,0.16974538934306826,0.06465177460580335,-0.0542729813685755,3.127622346565104,0.3,True
5710,0.15,0.25,0.05,0.45,0.1,0.5943599545927019,0.1681897440560216,0.07325775545262123,-0.039460995535735344,4.262176910962909,0.3,True
5711,0.25,0.1,0.15,0.45,0.05,0.5877331273722803,0.16656937076418799,0.06555454618765508,-0.03904977716143743,4.26556520605908,0.3,True
5712,0.1,0.25,0.15,0.45,0.05,0.5366391546007436,0.15392197993739498,0.053370657568494385,-0.028355602429047555,5.428274018248926,0.3,True
5713,0.15,0.25,0.1,0.45,0.05,0.5216365747736245,0.15015520996317022,0.05240901842276137,-0.025825291246326043,5.814269761024732,0.3,True
5714,0.1,0.0,0.4,0.2,0.3,1.1203475927035975,0.2846284497048026,0.19847355289003674,-0.1925134925796398,1.4784857200959893,0.30000000000000004,True
5715,0.4,0.0,0.2,0.1,0.3,1.086712458910918,0.27780106660402915,0.1948222607599854,-0.16407294779379566,1.6931558208679545,0.30000000000000004,True
5716,0.4,0.0,0.1,0.2,0.3,1.0503140070024157,0.27032959861455796,0.18849007242572396,-0.14361453533116297,1.8823275651813431,0.30000000000000004,True
5717,0.1,0.0,0.2,0.4,0.3,1.0498807744985204,0.27024013893531174,0.18199738377776994,-0.15322738333784203,1.763654335462188,0.30000000000000004,True
5718,0.2,0.0,0.1,0.4,0.3,1.0263007839303278,0.26535188834146206,0.17835920401773284,-0.1363460753591439,1.9461644762602002,0.30000000000000004,True
5719,0.3,0.0,0.4,0.1,0.2,0.9865774088871757,0.2570305462230935,0.16044272791962635,-0.164639412265567,1.5611726419947223,0.30000000000000004,True
5720,0.4,0.1,0.0,0.2,0.3,0.9838400135394845,0.25645303937038744,0.18453342069747714,-0.12083163361692117,2.1223998359852843,0.30000000000000004,True
5721,0.1,0.0,0.4,0.3,0.2,0.9640483579186445,0.2522617132907259,0.1516213499088707,-0.15720290015357907,1.6046886733277776,0.30000000000000004,True
5722,0.2,0.1,0.0,0.4,0.3,0.9606192333814689,0.251532660785319,0.17411933587701856,-0.1146290886521587,2.1943178973409916,0.30000000000000004,True
5723,0.1,0.0,0.3,0.4,0.2,0.927100923166172,0.24436128494645093,0.1413562057467313,-0.1361814604921152,1.7943799696626048,0.30000000000000004,True
5724,0.4,0.0,0.1,0.3,0.2,0.8840450294494326,0.23502621598374063,0.14231473445128615,-0.10349140299520254,2.2709733290081644,0.30000000000000004,True
5725,0.3,0.0,0.1,0.4,0.2,0.8735703482374333,0.23273370161500484,0.13473294616475873,-0.0997143770293546,2.334003466185133,0.30000000000000004,True
5726,0.3,0.1,0.0,0.4,0.2,0.8073473461075167,0.21803845010244816,0.1302844019854609,-0.07482126611919315,2.914124037343935,0.30000000000000004,True
5727,0.2,0.0,0.4,0.3,0.1,0.8005093311481308,0.21650072865946202,0.11042114780377174,-0.12143962893970517,1.7827848334990775,0.30000000000000004,True
5728,0.2,0.0,0.3,0.4,0.1,0.761888998141752,0.2077419324645735,0.09786165042440832,-0.09850267819510994,2.1089978087000545,0.30000000000000004,True
5729,0.3,0.0,0.2,0.4,0.1,0.7323806034858025,0.20096299508347504,0.09528073665170278,-0.07872086705147208,2.5528554576523437,0.30000000000000004,True
5730,0.1,0.3,0.2,0.4,0.0,0.4498648813197048,0.13178407055932695,0.044929979926028686,-0.02711442578267742,4.860293616969007,0.30000000000000004,True
5731,0.35,0.0,0.3,0.05,0.3,1.116605564331965,0.2838724651738802,0.19938848201032497,-0.18214381245649214,1.558507320920866,0.305,True
5732,0.05,0.1,0.1,0.4,0.35,1.051199180188279,0.27051234191460627,0.19985449599179586,-0.14738478781695674,1.8354156213907689,0.305,True
5733,0.1,0.1,0.05,0.4,0.35,1.0403587161141044,0.26827070465364655,0.19792244763596042,-0.13897111887822866,1.9304061651019353,0.305,True
5734,0.35,0.0,0.05,0.3,0.3,1.0260948303882507,0.26530902647713495,0.18274036964857446,-0.13133539576233877,2.020087767940575,0.305,True
5735,0.3,0.0,0.05,0.35,0.3,1.0201591322757704,0.2640724728602195,0.18001051050140024,-0.129513629111621,2.0389550865926958,0.305,True
5736,0.35,0.05,0.0,0.3,0.3,0.9928971347785938,0.2583617919895329,0.18087008195010576,-0.11938509942299524,2.164104174124169,0.305,True
5737,0.3,0.05,0.0,0.35,0.3,0.9870605064260254,0.2571324099659147,0.17810491324873973,-0.11754864670348641,2.187455297673693,0.305,True
5738,0.35,0.05,0.1,0.4,0.1,0.6841939751254438,0.18972564469076936,0.09286946517094996,-0.05879363695497253,3.2269758177415,0.305,True
5739,0.1,0.35,0.1,0.4,0.05,0.49240231807874246,0.14274347558361833,0.05046920638807059,-0.027621144203606174,5.1679059539098295,0.305,True
5740,0.2,0.0,0.45,0.15,0.2,0.9938447702589703,0.25856116794970174,0.16065425643623094,-0.17118876521362314,1.5103863131850286,0.30500000000000005,True
5741,0.15,0.0,0.45,0.2,0.2,0.9881465776093896,0.2573613537074182,0.1586892557421306,-0.1693348102559452,1.5198372580240478,0.30500000000000005,True
5742,0.45,0.0,0.2,0.15,0.2,0.9275402452225854,0.24445581539237704,0.1534161783875652,-0.12766608961099535,1.9148061645597947,0.30500000000000005,True
5743,0.45,0.0,0.15,0.2,0.2,0.9084355426983302,0.24033164564892062,0.1498372528939434,-0.11661122717247385,2.060964895716757,0.30500000000000005,True
5744,0.15,0.0,0.2,0.45,0.2,0.8953271187797407,0.2374859555739166,0.1340225861036501,-0.11639163259549445,2.040404024568255,0.30500000000000005,True
5745,0.2,0.0,0.15,0.45,0.2,0.8819201359803959,0.2345618449823521,0.1323021490234419,-0.10719200002525142,2.188240213141801,0.30500000000000005,True
5746,0.2,0.0,0.2,0.45,0.15,0.8136961389673278,0.21946268725477935,0.11131543521570408,-0.09720880504099316,2.2576420640314576,0.30500000000000005,True
5747,0.2,0.15,0.0,0.45,0.2,0.7833133003019033,0.21261642832223115,0.12464405849339602,-0.07265015921505702,2.9265789727019014,0.30500000000000005,True
5748,0.15,0.2,0.0,0.45,0.2,0.7644448752719448,0.20832551909750396,0.12282245623001758,-0.0717831405165067,2.9021510844820035,0.30500000000000005,True
5749,0.2,0.2,0.0,0.45,0.15,0.6826892110230178,0.18937129487784055,0.0993999527036568,-0.05375176754556421,3.5230710267772047,0.30500000000000005,True
5750,0.2,0.15,0.2,0.45,0.0,0.4949559055196695,0.14339472249258267,0.05205536699705137,-0.030386830714759894,4.718975922123102,0.30500000000000005,True
5751,0.15,0.2,0.2,0.45,0.0,0.4785564146575014,0.13919932718092642,0.047230318916777606,-0.027328173022048263,5.093619945563904,0.30500000000000005,True
5752,0.25,0.05,0.0,0.35,0.35,1.0568658854387762,0.27168098474718305,0.19946000871796826,-0.14004295880733186,1.9399831813105006,0.30999999999999994,True
5753,0.35,0.0,0.35,0.05,0.25,1.0562880058375534,0.2715619071896247,0.181072450340587,-0.17449057265568169,1.556312774131882,0.30999999999999994,True
5754,0.05,0.0,0.35,0.35,0.25,1.0205890145193477,0.2641621093340729,0.1693651803624275,-0.16352261125424639,1.6154469850249111,0.30999999999999994,True
5755,0.35,0.0,0.05,0.35,0.25,0.9450679298600784,0.24821564653673822,0.1592145763865723,-0.11137341903587161,2.2286794163766483,0.30999999999999994,True
5756,0.35,0.05,0.0,0.35,0.25,0.9118025241976455,0.24106047435788747,0.15729854008262112,-0.09876220788820034,2.440816983666161,0.30999999999999994,True
5757,0.15,0.0,0.45,0.15,0.25,1.0685946186427646,0.274092995433991,0.1815895835905026,-0.1870356541747662,1.4654585332584684,0.31,True
5758,0.15,0.05,0.05,0.4,0.35,1.061809863436956,0.27269882758216246,0.19856221937939253,-0.14191631612351496,1.9215466905498215,0.31,True
5759,0.45,0.0,0.15,0.15,0.25,0.9937181258898442,0.258534526507201,0.17229172447614743,-0.1367465838736358,1.8906104941247122,0.31,True
5760,0.15,0.0,0.15,0.45,0.25,0.9596215853276617,0.25132039517205107,0.15529258293981424,-0.1256608312864611,1.9999899141135853,0.31,True
5761,0.2,0.05,0.05,0.45,0.25,0.9138581290337924,0.2415050171862878,0.15147411438469946,-0.10434369501282215,2.3145147117572438,0.31,True
5762,0.15,0.0,0.45,0.25,0.15,0.9034037647398518,0.23924084951709057,0.13607414461631057,-0.15059337139427154,1.5886545822174953,0.31,True
5763,0.15,0.15,0.0,0.45,0.25,0.8613265875826639,0.23004314382585234,0.14799840597148445,-0.09252847402185294,2.4861875899036425,0.31,True
5764,0.45,0.05,0.05,0.25,0.2,0.8557727228568723,0.228818794813189,0.1444090432656983,-0.09430493538103324,2.4263713652807337,0.31,True
5765,0.25,0.05,0.05,0.45,0.2,0.835201979476871,0.2242625763467554,0.12901570726155748,-0.08475024236725615,2.6461585251277207,0.31,True
5766,0.15,0.0,0.25,0.45,0.15,0.8277290708045701,0.2225989701365063,0.11348739603622196,-0.10670376214790911,2.0861398478897795,0.31,True
5767,0.25,0.0,0.15,0.45,0.15,0.7994935364530582,0.21627196643698943,0.11030393780132536,-0.08754431906103799,2.470428335689029,0.31,True
5768,0.35,0.05,0.05,0.4,0.15,0.7567332628352414,0.20656299699364822,0.11230169585372762,-0.06806619122041324,3.034737118237628,0.31,True
5769,0.25,0.15,0.0,0.45,0.15,0.7008090084861258,0.19362428118039787,0.10235819073228801,-0.05486497793486533,3.5291052410567807,0.31,True
5770,0.15,0.05,0.35,0.4,0.05,0.6703087544793245,0.1864478280606443,0.08093161501419562,-0.08420297449442249,2.214266528945416,0.31,True
5771,0.2,0.05,0.25,0.45,0.05,0.6357431889711802,0.17820842499481415,0.07097037620864807,-0.06153987122415194,2.8958205704674023,0.31,True
5772,0.25,0.05,0.2,0.45,0.05,0.6204435946491007,0.17452437322478231,0.07007310033513882,-0.0524680504143894,3.326298039404927,0.31,True
5773,0.15,0.25,0.15,0.45,0.0,0.4468229563074939,0.13099217440999156,0.04235242684921254,-0.026519128046845197,4.939535499756932,0.31,True
5774,0.4,0.0,0.25,0.05,0.3,1.1048297878257913,0.28148762972566055,0.19843608213990774,-0.17408401054296785,1.6169642969948872,0.315,True
5775,0.2,0.0,0.45,0.1,0.25,1.0746799072500766,0.27534084193125685,0.18333089548590611,-0.18885519081225088,1.4579469102598568,0.315,True
5776,0.3,0.0,0.4,0.05,0.25,1.0686211979094309,0.27409845108450814,0.18292101557930812,-0.18265010375923085,1.5006750362749555,0.315,True
5777,0.1,0.0,0.45,0.2,0.25,1.062512791606896,0.272843410936521,0.18024585379607075,-0.18521962644211232,1.4730804514487787,0.315,True
5778,0.4,0.0,0.3,0.05,0.25,1.0437695927410298,0.2689768746159973,0.17991589113095025,-0.16619640116621914,1.6184277922298906,0.315,True
5779,0.05,0.0,0.4,0.3,0.25,1.0385378044544562,0.2678933903796301,0.1742119610321733,-0.173535514355732,1.543738129766758,0.315,True
5780,0.4,0.0,0.05,0.25,0.3,1.0320337370382817,0.2665438335426198,0.1857995121024768,-0.13316080138059294,2.0016688903876356,0.315,True
5781,0.25,0.0,0.05,0.4,0.3,1.0142266474867832,0.26283416578568897,0.1776327049246121,-0.12769549055778662,2.0582885475250783,0.315,True
5782,0.45,0.0,0.2,0.1,0.25,1.0124171560940276,0.2624559807950939,0.17571298120837267,-0.14733289749602374,1.7813807048909571,0.315,True
5783,0.05,0.0,0.3,0.4,0.25,1.0025884876378188,0.26039781171458887,0.16479832913411524,-0.1533653316199468,1.6978922743757907,0.315,True
5784,0.25,0.0,0.45,0.1,0.2,0.999546159773179,0.2597593693573066,0.16303957866069507,-0.17304640841323216,1.501096565593001,0.315,True
5785,0.1,0.05,0.1,0.45,0.3,0.9993277869686783,0.2597135182110526,0.17592782052267872,-0.1315056685039233,1.9749226110607114,0.315,True
5786,0.4,0.05,0.0,0.25,0.3,0.9987369121682452,0.2595894370866978,0.1839669859067272,-0.12122527446394904,2.1413804855017804,0.315,True
5787,0.1,0.0,0.45,0.25,0.2,0.9824515866103392,0.2561599205731384,0.15716962840712456,-0.16748453256690798,1.5294541928569179,0.315,True
5788,0.25,0.05,0.0,0.4,0.3,0.9812270318964349,0.2559012841653252,0.17569471491583658,-0.11638663701808383,2.1987170582612845,0.315,True
5789,0.05,0.1,0.1,0.45,0.3,0.9784803100303483,0.25532076515747515,0.17551630982554328,-0.12843582933071884,1.9879247596870417,0.315,True
5790,0.45,0.0,0.1,0.2,0.25,0.9749698108358005,0.25457803920823974,0.16921062853696553,-0.12600180836035302,2.020431631268109,0.315,True
5791,0.1,0.0,0.2,0.45,0.25,0.9721708139318315,0.25398521680085606,0.15750669715898571,-0.13443307948615713,1.8893059488904254,0.315,True
5792,0.1,0.1,0.05,0.45,0.3,0.9667446328460634,0.25283436177798757,0.1736026107500677,-0.11961950495266371,2.113654975232009,0.315,True
5793,0.4,0.0,0.05,0.3,0.25,0.9506188117379917,0.2494016440608826,0.16268618722399605,-0.11323228920098471,2.202566474817094,0.315,True
5794,0.2,0.0,0.1,0.45,0.25,0.9468894808258552,0.24860508631422462,0.15391323780262156,-0.1167401093866759,2.129560162486871,0.315,True
5795,0.3,0.0,0.05,0.4,0.25,0.939519996598825,0.24702802198467055,0.15610234094920825,-0.10951836393057979,2.2555853933432917,0.315,True
5796,0.4,0.05,0.0,0.3,0.25,0.9172566699927531,0.2422392841655987,0.16082042339058186,-0.10063610861593153,2.407081190808785,0.315,True
5797,0.1,0.0,0.25,0.45,0.2,0.9085575701348754,0.24035807510524188,0.13669790995721867,-0.12543479651928535,1.9161993463933853,0.315,True
5798,0.3,0.05,0.0,0.4,0.25,0.9063512675186991,0.23988004636585458,0.15413885632134675,-0.09728299405933061,2.4657962954918657,0.315,True
5799,0.45,0.0,0.1,0.25,0.2,0.8892864909027336,0.23617018592855765,0.1466457090264295,-0.10538587937404886,2.2410040826277364,0.315,True
5800,0.2,0.1,0.0,0.45,0.25,0.8810523018099647,0.2343720892715544,0.14946566293083766,-0.09449401584044315,2.4802849914570344,0.315,True
5801,0.1,0.0,0.4,0.35,0.15,0.8792972222765871,0.23398815504589243,0.12819481753371348,-0.13798059845010324,1.6958047556990963,0.315,True
5802,0.25,0.0,0.1,0.45,0.2,0.8683371380505926,0.23158514620185722,0.13156211570913082,-0.09783180243997103,2.367176525690165,0.315,True
5803,0.1,0.0,0.35,0.4,0.15,0.8604654052311398,0.2298534559586578,0.12232856389442448,-0.12709041709768198,1.8085821197832084,0.315,True
5804,0.25,0.1,0.0,0.45,0.2,0.8023026144383247,0.21690437537658758,0.12697990310239032,-0.07396372496598924,2.932577766686667,0.315,True
5805,0.15,0.0,0.4,0.35,0.1,0.7956242968890017,0.21539980423102922,0.1076727897734351,-0.1195108853475142,1.802344645047929,0.315,True
5806,0.4,0.0,0.1,0.35,0.15,0.7948535290906562,0.21522591644467837,0.11953702612432664,-0.08155281923816105,2.639098420572659,0.315,True
5807,0.35,0.0,0.1,0.4,0.15,0.7899864090824553,0.21412672648111064,0.11480025120562336,-0.07962718775233246,2.689115772204807,0.315,True
5808,0.15,0.0,0.35,0.4,0.1,0.7763976373445571,0.2110472525382321,0.10111357280441399,-0.108129405395758,1.951802581044357,0.315,True
5809,0.1,0.1,0.15,0.5,0.15,0.7569181442075927,0.20660531271687987,0.10307494876322666,-0.07834300838469965,2.6371889078136266,0.315,True
5810,0.15,0.1,0.1,0.5,0.15,0.7429013604302532,0.20338868779202723,0.10133885418736006,-0.06829753177768183,2.977980060159221,0.315,True
5811,0.2,0.0,0.25,0.45,0.1,0.7425242824831879,0.20330191666338626,0.0920909898763193,-0.08676009227875858,2.3432653345985495,0.315,True
5812,0.25,0.0,0.2,0.45,0.1,0.7277510046440945,0.19989247046376546,0.09073024257469908,-0.07677274564304726,2.6036905257128606,0.315,True
5813,0.1,0.15,0.1,0.5,0.15,0.724400856102513,0.1991166060117222,0.09963709020991957,-0.06568981392723316,3.0311641045640716,0.315,True
5814,0.35,0.0,0.15,0.4,0.1,0.7173818806601726,0.1974878094954171,0.096037232572726,-0.06988066954933725,2.8260720850132452,0.315,True
5815,0.3,0.05,0.1,0.45,0.1,0.6797171868361052,0.1886708056740467,0.08743521181191406,-0.05346644744024487,3.5287701859172302,0.315,True
5816,0.25,0.0,0.3,0.4,0.05,0.673110897887977,0.18711077563651668,0.08155956070883767,-0.07778805070313966,2.4053922671308765,0.315,True
5817,0.15,0.1,0.15,0.5,0.1,0.6721235110868378,0.18687725838548896,0.07929893074713913,-0.057186802128415204,3.2678389318893677,0.315,True
5818,0.1,0.15,0.15,0.5,0.1,0.6542343939222579,0.1826304618637924,0.07703814123375173,-0.05458491221591766,3.3458048103361246,0.315,True
5819,0.15,0.15,0.1,0.5,0.1,0.6396454930642468,0.17914439667016557,0.07547345043113174,-0.044747002381046674,4.003494918936628,0.315,True
5820,0.05,0.3,0.1,0.45,0.1,0.5914491952908378,0.16747856741225808,0.07254279521721395,-0.039206006567383156,4.2717578778245,0.315,True
5821,0.1,0.3,0.05,0.45,0.1,0.5770828801944274,0.1639557285677884,0.07097012544239306,-0.03823792591959241,4.287777765785683,0.315,True
5822,0.1,0.3,0.1,0.45,0.05,0.5049784211080635,0.14594364179403985,0.049125147755192465,-0.023532058746836393,6.201907081914805,0.315,True
5823,0.1,0.25,0.2,0.45,0.0,0.46226580461145095,0.13500095529213185,0.043517936050667276,-0.025609020914188152,5.271617206471855,0.315,True
5824,0.1,0.35,0.15,0.4,0.0,0.41856884896810986,0.12358326081199,0.04006817111912919,-0.030752954250318987,4.0185817533516515,0.315,True
5825,0.15,0.05,0.05,0.45,0.3,0.9874561812897484,0.2572158278627039,0.17441638984889357,-0.12276968032820046,2.095108720451892,0.32,True
5826,0.1,0.1,0.1,0.5,0.2,0.824250004548776,0.2218229189444012,0.12570812556523908,-0.0889642666081476,2.493393442127089,0.32,True
5827,0.15,0.05,0.15,0.5,0.15,0.7756830478736083,0.21088487893235164,0.10475489637484688,-0.08201267549668234,2.571369335961763,0.32,True
5828,0.3,0.05,0.05,0.45,0.15,0.7519608627684864,0.2054696590375944,0.10785891171453492,-0.063874736520242,3.216759398647081,0.32,True
5829,0.15,0.15,0.05,0.5,0.15,0.7103626512789902,0.1958545092837798,0.09853923249131039,-0.05764973196219103,3.3973186451626334,0.32,True
5830,0.1,0.1,0.2,0.5,0.1,0.6867000383457642,0.19031531749447317,0.08164712955305937,-0.06721561650715746,2.831415188674308,0.32,True
5831,0.2,0.1,0.1,0.5,0.1,0.6573864140203152,0.18338095201563887,0.07862285060737771,-0.04742571119133421,3.8666990417034985,0.32,True
5832,0.15,0.05,0.3,0.45,0.05,0.6508871622390933,0.18183244761616568,0.07371569068599969,-0.07197897426851663,2.526188369090147,0.32,True
5833,0.1,0.2,0.1,0.5,0.1,0.6220195602646983,0.17490492501487576,0.07314948818317228,-0.042038252624335914,4.160613586341679,0.32,True
5834,0.3,0.05,0.15,0.45,0.05,0.6049888955865887,0.17077935172960657,0.07108464775958785,-0.044756332487185135,3.815758401975966,0.32,True
5835,0.15,0.15,0.15,0.5,0.05,0.5664564042231754,0.16133616470288836,0.05562621912061071,-0.032761135411793596,4.924620672481619,0.32,True
5836,0.05,0.3,0.15,0.45,0.05,0.5198312309472672,0.14970026698845595,0.051479779073369994,-0.0276784975770481,5.408540206047608,0.32,True
5837,0.2,0.0,0.05,0.4,0.35,1.0833944017334618,0.2771235896426958,0.19955908343989376,-0.1448261685746406,1.91349113471763,0.325,True
5838,0.45,0.0,0.15,0.1,0.3,1.074621335507001,0.2753288428754401,0.19482426462600907,-0.1557406073288753,1.7678680441641788,0.325,True
5839,0.45,0.0,0.1,0.15,0.3,1.0563254884303026,0.27156963150900504,0.19183616149400987,-0.14544066754477547,1.8672193692001544,0.325,True
5840,0.2,0.05,0.0,0.4,0.35,1.0506419481812643,0.27039730794304595,0.1976568391070876,-0.13669225915098449,1.9781464555675865,0.325,True
5841,0.1,0.0,0.15,0.45,0.3,1.0321247543453613,0.266562738969073,0.1786106189864109,-0.1430538181830956,1.863373815216155,0.325,True
5842,0.15,0.0,0.1,0.45,0.3,1.0203056777518111,0.2641030310748562,0.17674928246644245,-0.13453792420832167,1.9630378023813784,0.325,True
5843,0.05,0.0,0.4,0.35,0.2,0.9584239449869205,0.2510654828079997,0.15056265163204785,-0.1553530491478483,1.6160962670842887,0.325,True
5844,0.15,0.1,0.0,0.45,0.3,0.9548219404290048,0.25029818538826,0.17245645423129483,-0.11378296408847444,2.199786122583651,0.325,True
5845,0.05,0.0,0.35,0.4,0.2,0.9400408600434316,0.24713961746937918,0.14527582556072804,-0.1449166827616145,1.7053910754769321,0.325,True
5846,0.1,0.0,0.45,0.3,0.15,0.8980868402726143,0.2380861477593441,0.13432733019512968,-0.14870789462145395,1.6010323350041944,0.325,True
5847,0.4,0.0,0.05,0.35,0.2,0.8649192058299271,0.23083383932556578,0.13948281191881814,-0.092088968989682,2.506639414666802,0.325,True
5848,0.35,0.0,0.05,0.4,0.2,0.85974757921912,0.22969529965769309,0.13544990700847823,-0.09019588237844045,2.5466273359791116,0.325,True
5849,0.1,0.05,0.15,0.5,0.2,0.8569930527224356,0.22908802564130104,0.12882633975623634,-0.10193919912590421,2.2473006223872374,0.325,True
5850,0.15,0.05,0.1,0.5,0.2,0.8436168525268568,0.22613048341268294,0.12701999334915848,-0.09248156870309754,2.445141086854304,0.325,True
5851,0.1,0.0,0.3,0.45,0.15,0.8415918156510196,0.22568149232199253,0.11676678294388664,-0.11603361226617248,1.9449665309418789,0.325,True
5852,0.35,0.05,0.0,0.4,0.2,0.8264877851975525,0.2223221982658119,0.13349678311576132,-0.07770847257778135,2.860977585723117,0.325,True
5853,0.15,0.1,0.05,0.5,0.2,0.8108418935126789,0.21882280073516158,0.12439790954581702,-0.07943471060990404,2.754750398849926,0.325,True
5854,0.1,0.15,0.05,0.5,0.2,0.7917396657002704,0.2145229111690985,0.12308831424951963,-0.07803401709674795,2.7490948069882037,0.325,True
5855,0.1,0.05,0.2,0.5,0.15,0.7896769682575291,0.21405677505113485,0.10707081486037788,-0.09178013310240818,2.3322778886394784,0.325,True
5856,0.3,0.0,0.1,0.45,0.15,0.7851217795755039,0.21302610594118576,0.11047408843016175,-0.07770572299916922,2.741446803647439,0.325,True
5857,0.2,0.05,0.1,0.5,0.15,0.761520852512652,0.2076578268139211,0.10368603492382103,-0.072068256282804,2.881404900363459,0.325,True
5858,0.15,0.0,0.3,0.45,0.1,0.7571342340986669,0.20665476769567026,0.09484527414636305,-0.0965681986367457,2.139987807715354,0.325,True
5859,0.2,0.1,0.05,0.5,0.15,0.7287176623918998,0.20011615326587928,0.10091372389183004,-0.05872916840479858,3.4074406074772274,0.325,True
5860,0.3,0.0,0.15,0.45,0.1,0.7128149168951468,0.19642563255041012,0.09081493860249282,-0.06660120007507775,2.9492806785611188,0.325,True
5861,0.15,0.05,0.2,0.5,0.1,0.7048533340212482,0.1945694163369287,0.08382487252288887,-0.07104832579754494,2.738550333914441,0.325,True
5862,0.1,0.2,0.05,0.5,0.15,0.6921255521436869,0.1915899341282632,0.09683082389817808,-0.056681836618396764,3.38009396939831,0.325,True
5863,0.2,0.05,0.15,0.5,0.1,0.6901286921850078,0.191121128891093,0.08234674260232651,-0.06076471127709315,3.145265152656804,0.325,True
5864,0.2,0.15,0.05,0.5,0.1,0.6248973831146474,0.17559920343574786,0.07569885852658506,-0.03979581411255917,4.412504363878071,0.325,True
5865,0.15,0.2,0.05,0.5,0.1,0.6074197281548273,0.17136998592876873,0.07248100793805459,-0.03857753506617145,4.442222283897103,0.325,True
5866,0.15,0.1,0.2,0.5,0.05,0.5988151381789744,0.1692765904215523,0.060857841383435515,-0.04567217896552611,3.7063392694560124,0.325,True
5867,0.2,0.1,0.15,0.5,0.05,0.5835735713439272,0.16554998304187896,0.05986565974439705,-0.03640972233168471,4.546862003883313,0.325,True
5868,0.1,0.15,0.2,0.5,0.05,0.5815470718560107,0.16505269937514422,0.057849067091942624,-0.042942068208123296,3.843613180790426,0.325,True
5869,0.2,0.15,0.1,0.5,0.05,0.5512128719521596,0.15755766681663386,0.05584230505634059,-0.028782919979704613,5.4739987092251505,0.325,True
5870,0.1,0.2,0.15,0.5,0.05,0.5494513014378597,0.15711942337426188,0.05239377034351574,-0.029916957888014295,5.251851607452676,0.325,True
5871,0.15,0.2,0.1,0.5,0.05,0.5343587500002638,0.15335101280046137,0.051352895828243296,-0.02389647657158045,6.41730643181256,0.325,True
5872,0.1,0.3,0.15,0.45,0.0,0.4307933870531351,0.12680079726215454,0.038297882950109455,-0.026562696382142037,4.773641780862355,0.325,True
5873,0.25,0.0,0.45,0.05,0.25,1.0807686526428841,0.2765869572445223,0.18545016051572089,-0.1906782465341933,1.450542797995174,0.33,True
5874,0.05,0.0,0.25,0.45,0.25,0.9845366503246016,0.25660005884125847,0.16053342681694552,-0.1430605301181782,1.7936467775513518,0.33,True
5875,0.45,0.0,0.05,0.25,0.25,0.9561726374466424,0.2505860206499284,0.1664874781801086,-0.1150949862069709,2.1772105710956793,0.33,True
5876,0.25,0.0,0.05,0.45,0.25,0.9339750167401824,0.24583876427027995,0.15337958884893688,-0.10766711215237157,2.2833227283217785,0.33,True
5877,0.45,0.05,0.0,0.25,0.25,0.9227137001181112,0.2434164818310669,0.16467406590546163,-0.10449650248619846,2.329422287250394,0.33,True
5878,0.25,0.05,0.0,0.45,0.25,0.9009029047418669,0.23869799410621018,0.15137228787178708,-0.09643417622030304,2.475242735116093,0.33,True
5879,0.25,0.0,0.25,0.45,0.05,0.6534163353202127,0.18243552781068573,0.07530586559926047,-0.06584587365516137,2.770644805566877,0.33,True
5880,0.35,0.0,0.0,0.35,0.3,1.0078303158156667,0.2614963110362163,0.18037296411669126,-0.12072478495705063,2.166053235292545,0.33499999999999996,True
5881,0.45,0.0,0.2,0.05,0.3,1.092862962155305,0.2790549718248876,0.19811634739955436,-0.16589291984248378,1.6821391298064545,0.335,True
5882,0.05,0.0,0.2,0.45,0.3,1.0437540942741,0.2689736676726815,0.18120270163801433,-0.15143207111659196,1.7762001515887003,0.335,True
5883,0.45,0.0,0.05,0.2,0.3,1.037975847439954,0.26777690091461825,0.18916518672191596,-0.13498985688050635,1.9836816417373908,0.335,True
5884,0.2,0.0,0.05,0.45,0.3,1.0082973808072082,0.26159409829864333,0.17562932318570407,-0.1258809692734415,2.0781068004838974,0.335,True
5885,0.15,0.0,0.5,0.15,0.2,1.006569771770279,0.2612323209661893,0.1644566251500798,-0.1794647521124646,1.45561910008091,0.335,True
5886,0.05,0.0,0.45,0.3,0.2,0.976759802047757,0.25495686244832716,0.1561182144957195,-0.16563792121671073,1.5392421045586349,0.335,True
5887,0.2,0.05,0.0,0.45,0.3,0.975396715975783,0.25466840768896226,0.17366232054102246,-0.11554403741420805,2.2040809148464686,0.335,True
5888,0.05,0.0,0.3,0.45,0.2,0.9216109737320408,0.24317878002020454,0.14028612801964735,-0.1343254499969747,1.810370112481897,0.335,True
5889,0.1,0.05,0.1,0.5,0.25,0.921057506032058,0.2430594411905167,0.15102189267383617,-0.11165316007652248,2.176915019905695,0.335,True
5890,0.05,0.1,0.1,0.5,0.25,0.9009592162263846,0.23871022273771336,0.1504524139945857,-0.10836584368470781,2.202817923258593,0.335,True
5891,0.1,0.1,0.05,0.5,0.25,0.8883888266728168,0.2359744174168037,0.14855010724298343,-0.09959750311512117,2.3692804541901955,0.335,True
5892,0.15,0.0,0.15,0.5,0.2,0.8766255150120503,0.23340324375684385,0.1301313334939899,-0.10531988734276487,2.2161364738003386,0.335,True
5893,0.45,0.0,0.05,0.3,0.2,0.8700935163505552,0.23197086506075126,0.14386647282469073,-0.09398607179474072,2.468140870568142,0.335,True
5894,0.3,0.0,0.05,0.45,0.2,0.8545786413040919,0.22855524063868993,0.13180852563352785,-0.08830679922099205,2.588195276636846,0.335,True
5895,0.2,0.05,0.05,0.5,0.2,0.8300660329008418,0.22311970723325514,0.12624804632664896,-0.08285649566719744,2.692845086394202,0.335,True
5896,0.3,0.05,0.0,0.45,0.2,0.8214131306872399,0.2211893864545631,0.12978847642896785,-0.07610269181155527,2.906459432502993,0.335,True
5897,0.15,0.0,0.2,0.5,0.15,0.8087072654076779,0.21834380386294794,0.10871691794982058,-0.0953046822307323,2.2910081514603697,0.335,True
5898,0.2,0.0,0.15,0.5,0.15,0.7945680150713481,0.21516149089239067,0.10705789975151413,-0.08563356745255002,2.5125835264496335,0.335,True
5899,0.15,0.15,0.0,0.5,0.2,0.7783010861708881,0.21147955400193652,0.12230676696739576,-0.0724216985165621,2.920113147492299,0.335,True
5900,0.1,0.05,0.25,0.5,0.1,0.71941604533387,0.19796030599390835,0.08684479891543019,-0.08114465181729469,2.439597700654823,0.335,True
5901,0.2,0.15,0.0,0.5,0.15,0.6961588929104594,0.1925357226699802,0.0988057848742753,-0.05291155631092692,3.6388217639748217,0.335,True
5902,0.15,0.2,0.0,0.5,0.15,0.6780673686211993,0.18828159615484408,0.0964246890985518,-0.051790185213080875,3.635468677707856,0.335,True
5903,0.25,0.05,0.1,0.5,0.1,0.6752426361389317,0.18761461917194855,0.08248134183483655,-0.0508962163811536,3.6862193795887057,0.335,True
5904,0.2,0.0,0.3,0.45,0.05,0.6687113592244682,0.18606957499068244,0.07705571518689215,-0.07581252372174208,2.4543382261435,0.335,True
5905,0.25,0.1,0.05,0.5,0.1,0.6424892634599564,0.17982554280157648,0.07965032829580387,-0.043588080978536614,4.125566869762519,0.335,True
5906,0.3,0.0,0.2,0.45,0.05,0.6379648459595235,0.17874147400769247,0.07531210108366068,-0.05833457664862851,3.0640742468111286,0.335,True
5907,0.2,0.05,0.2,0.5,0.05,0.616196344614427,0.17349755048153215,0.06481126993305285,-0.04890803656284337,3.547424159189054,0.335,True
5908,0.1,0.1,0.25,0.5,0.05,0.6139024796598389,0.17294223320447966,0.06401504707318999,-0.055597354950161604,3.1106198012388893,0.335,True
5909,0.05,0.25,0.1,0.5,0.1,0.6045083026156417,0.17066250852344145,0.07175730486874936,-0.04000514970384739,4.266013495433275,0.335,True
5910,0.1,0.25,0.05,0.5,0.1,0.5900559855744625,0.1671378619530719,0.07012382970192417,-0.037352199353590354,4.474645799859877,0.335,True
5911,0.1,0.25,0.1,0.5,0.05,0.5176156166067494,0.14914144396852547,0.0479289640884972,-0.022557954241753553,6.61147914257547,0.335,True
5912,0.15,0.15,0.2,0.5,0.0,0.49110217745227724,0.14241161245169032,0.046151429021687486,-0.02653268196539782,5.367403590689181,0.335,True
5913,0.15,0.2,0.15,0.5,0.0,0.45919122685401526,0.13420508971179324,0.04098893875001548,-0.022220072172473793,6.039813402498592,0.335,True
5914,0.05,0.05,0.1,0.45,0.35,1.0664298575487798,0.273648500356539,0.19943074955566184,-0.1484754479413205,1.843055563399873,0.34,True
5915,0.1,0.05,0.05,0.45,0.35,1.0555230060952576,0.27140423743317554,0.19748334560082487,-0.14012952413350732,1.9368098130026992,0.34,True
5916,0.4,0.0,0.0,0.3,0.3,1.0137000064205735,0.26272412080559526,0.18344357724769728,-0.12255296927605841,2.1437597339138503,0.34,True
5917,0.2,0.0,0.5,0.1,0.2,1.0123355527581817,0.2624389202977686,0.16638429427974,-0.18131530193367373,1.4474173856201635,0.34,True
5918,0.3,0.0,0.0,0.4,0.3,1.001963772021928,0.26026676590795406,0.1776352238419487,-0.1189002719527863,2.1889501313445483,0.34,True
5919,0.1,0.0,0.5,0.2,0.2,1.0008072541593198,0.26002409263765847,0.1629602818580549,-0.17761784633122457,1.4639525138299527,0.34,True
5920,0.05,0.05,0.15,0.5,0.25,0.9335855765820069,0.24575515382424418,0.15332839606471727,-0.1206638378527779,2.0366926678073205,0.34,True
5921,0.15,0.05,0.05,0.5,0.25,0.9083479552844926,0.24031267473092788,0.14958463009107348,-0.10248784640363018,2.3447919257128214,0.34,True
5922,0.1,0.0,0.2,0.5,0.2,0.8899683620198879,0.2363188514179302,0.13239880658660322,-0.11452609299099348,2.0634498675905646,0.34,True
5923,0.2,0.0,0.1,0.5,0.2,0.8631066878577562,0.23043505124909136,0.12885949688268244,-0.09595317019862692,2.4015366117876202,0.34,True
5924,0.2,0.1,0.0,0.5,0.2,0.797260523762156,0.2157687775799364,0.12415584938382859,-0.07327922443294388,2.9444740886604417,0.34,True
5925,0.1,0.2,0.0,0.5,0.2,0.7594624843783078,0.2071873609811563,0.12100978815810463,-0.07155499590779801,2.8954981878292188,0.34,True
5926,0.25,0.05,0.05,0.5,0.15,0.747190898488427,0.20437489307329626,0.10389114421589976,-0.06194202235314594,3.2994546401489324,0.34,True
5927,0.2,0.0,0.2,0.5,0.1,0.7231237694073598,0.1988205795774487,0.0867499156554573,-0.07482889560656225,2.657002725562246,0.34,True
5928,0.15,0.05,0.25,0.5,0.05,0.6314345036662783,0.1771732513493316,0.06679747481191926,-0.05955249477821223,2.97507689659631,0.34,True
5929,0.25,0.05,0.15,0.5,0.05,0.6008031158061455,0.16976090799883603,0.06488737145745545,-0.04093467027503661,4.1471180018851195,0.34,True
5930,0.05,0.25,0.15,0.5,0.05,0.5325579499819655,0.15289972900003934,0.05039960131665459,-0.027668475243193047,5.526134984169591,0.34,True
5931,0.05,0.35,0.1,0.45,0.05,0.48843068329661654,0.14172910298738017,0.04717661849832263,-0.024597554832842317,5.761918367517792,0.34,True
5932,0.1,0.2,0.2,0.5,0.0,0.4747275683596863,0.13821535068465618,0.04226834233905092,-0.02466611573452493,5.603450181302663,0.34,True
5933,0.1,0.0,0.4,0.4,0.1,0.7907418827122299,0.21429747312264746,0.10554322632832687,-0.11758623033338311,1.8224708158010208,0.3400000000000001,True
5934,0.1,0.4,0.1,0.4,0.0,0.3875414841668261,0.1153328916242522,0.03684127742329917,-0.04190719217280103,2.7521025782086768,0.3400000000000001,True
5935,0.1,0.0,0.1,0.45,0.35,1.088112598678967,0.27808672998952355,0.19972423370940817,-0.1513202855208734,1.8377359587466795,0.345,True
5936,0.15,0.0,0.5,0.1,0.25,1.0865758667317826,0.2777731915563624,0.18692290446901383,-0.19676206890865167,1.4117212382297157,0.345,True
5937,0.5,0.0,0.1,0.15,0.25,0.9805948982950825,0.2557677304401842,0.17327756355208043,-0.1278655143362113,2.00028703413858,0.345,True
5938,0.1,0.0,0.15,0.5,0.25,0.953949619895381,0.25011222228686036,0.15390701893558842,-0.12382622854054304,2.0198646541590253,0.345,True
5939,0.15,0.0,0.1,0.5,0.25,0.9412824697826547,0.247405552986681,0.15206188595728215,-0.11489905498311481,2.1532427139895876,0.345,True
5940,0.15,0.1,0.0,0.5,0.25,0.8756383176376221,0.23318697822417644,0.1475424084204933,-0.0936434938773949,2.490156748417379,0.345,True
5941,0.1,0.0,0.25,0.5,0.15,0.8226768800509752,0.22147168897266156,0.11155332351812101,-0.10480633038121379,2.1131518312596094,0.345,True
5942,0.25,0.0,0.1,0.5,0.15,0.7802596453557442,0.21192404991957292,0.10661907141758124,-0.07578841146915216,2.796259293623425,0.345,True
5943,0.1,0.0,0.35,0.45,0.1,0.7715803431767725,0.20995179190018076,0.09888843185029005,-0.10620184697111401,1.9769128116697052,0.345,True
5944,0.15,0.0,0.25,0.5,0.1,0.7378345136660749,0.20222168490148662,0.08892803966438385,-0.0848229740473393,2.3840437944162116,0.345,True
5945,0.25,0.1,0.0,0.5,0.15,0.7143675664062863,0.19678695685633474,0.1018051132669788,-0.05402680829216733,3.642394638457005,0.345,True
5946,0.25,0.0,0.15,0.5,0.1,0.7082502502227881,0.19536210129853981,0.08607723394734398,-0.06465069800830447,3.0218096218148376,0.345,True
5947,0.35,0.0,0.1,0.45,0.1,0.6977165355501069,0.19290057695480978,0.09233245546314751,-0.058384908437708716,3.3039458674601985,0.345,True
5948,0.1,0.25,0.15,0.5,0.0,0.44307836632582,0.13001582955156343,0.03669012749020596,-0.022579061501364572,5.758247726270903,0.345,True
5949,0.1,0.35,0.1,0.45,0.0,0.39958998347404395,0.1185511299270241,0.034684828091151615,-0.033167697485577796,3.5742948384817277,0.345,True
5950,0.35,0.0,0.4,0.0,0.25,1.0746480522059452,0.2753343161085382,0.18577929341716581,-0.1844836947646924,1.4924588130117684,0.34500000000000003,True
5951,0.25,0.0,0.0,0.4,0.35,1.0720921835091928,0.2748105031095529,0.1989912734216024,-0.1391405683759328,1.9750566374507277,0.34500000000000003,True
5952,0.4,0.0,0.35,0.0,0.25,1.0622494820542019,0.2727892553706519,0.18430220394661717,-0.17633115515103026,1.5470281195458842,0.34500000000000003,True
5953,0.0,0.0,0.35,0.4,0.25,1.0146508716319178,0.26292279615298786,0.1688938717083955,-0.16170710830751311,1.6259198430102169,0.34500000000000003,True
5954,0.4,0.0,0.0,0.35,0.25,0.9318413742532183,0.24538054631924755,0.16031279066894766,-0.10215706077616327,2.4019930140404275,0.34500000000000003,True
5955,0.35,0.0,0.0,0.4,0.25,0.9263585983736593,0.24420152369794135,0.15681962627437449,-0.10029555921157907,2.4348189054191787,0.34500000000000003,True
5956,0.05,0.0,0.4,0.4,0.15,0.8740495059089861,0.23283875749320493,0.12696466033305842,-0.13609582627250538,1.7108442181539842,0.3450000000000001,True
5957,0.15,0.0,0.05,0.45,0.35,1.0770726033556852,0.27583081869052073,0.19813551787880235,-0.14304727631317804,1.9282493578321294,0.35,True
5958,0.15,0.05,0.0,0.45,0.35,1.0444214342394988,0.26911173900200147,0.19621341914451249,-0.13353916648662556,2.0152270384955115,0.35,True
5959,0.05,0.0,0.45,0.35,0.15,0.8927728623209301,0.23692992907291455,0.13311892499008715,-0.14682626352900252,1.6136753968823425,0.35,True
5960,0.05,0.0,0.35,0.45,0.15,0.8552838571929149,0.22871090749255862,0.12107652307285095,-0.1252026248221777,1.826726139467054,0.35,True
5961,0.35,0.0,0.05,0.45,0.15,0.7705813846484437,0.20972437852662784,0.11181153243156014,-0.06768826908103587,3.0983859001557192,0.35,True
5962,0.15,0.0,0.35,0.45,0.05,0.6838494013585346,0.1896445212769584,0.08045657014568873,-0.08595317506506495,2.2063701676337266,0.35,True
5963,0.05,0.35,0.15,0.45,0.0,0.41487130983179976,0.1226064171764012,0.035870775816744506,-0.027186327905997065,4.509855748092971,0.35,True
5964,0.2,0.0,0.5,0.05,0.25,1.0927298537241632,0.279027860991899,0.1886426365035617,-0.19857814914228855,1.4051287223548714,0.355,True
5965,0.3,0.0,0.45,0.0,0.25,1.0868608500352823,0.2778313481426249,0.18792669078279284,-0.19250483155962694,1.4432435066263192,0.355,True
5966,0.45,0.0,0.0,0.25,0.3,1.0195728390507335,0.2639502020014719,0.18682383988655638,-0.12438483600219152,2.1220448608126268,0.355,True
5967,0.25,0.0,0.5,0.05,0.2,1.0181045923370684,0.2636438967537871,0.1687197869426956,-0.18316950659032183,1.4393438168911752,0.355,True
5968,0.0,0.0,0.3,0.45,0.25,0.996718578192223,0.25916541123334746,0.16434132590302755,-0.15154673894947368,1.7101351901722828,0.355,True
5969,0.25,0.0,0.0,0.45,0.3,0.9961003798253136,0.25903547858780707,0.17525359053438846,-0.11728319012752741,2.208632612279269,0.355,True
5970,0.05,0.0,0.5,0.25,0.2,0.9950480047111925,0.25881422914901697,0.161916784358354,-0.17577457383696482,1.472421314979682,0.355,True
5971,0.05,0.05,0.1,0.5,0.3,0.9933696828787533,0.25846122074547306,0.1751245104003365,-0.1296929851297779,1.9928697029129419,0.355,True
5972,0.1,0.05,0.05,0.5,0.3,0.9815635354898922,0.2559723672142551,0.17319359192345454,-0.12095064133547351,2.1163374115915596,0.355,True
5973,0.05,0.0,0.2,0.5,0.25,0.9664339290944777,0.25276839963994036,0.15659342925280975,-0.1326049693818071,1.9061759209954556,0.355,True
5974,0.5,0.0,0.05,0.2,0.25,0.9617294022001093,0.2517687823555015,0.17058970679985191,-0.11696152188343356,2.1525778589510813,0.355,True
5975,0.45,0.0,0.0,0.3,0.25,0.9373270322371259,0.24655795801059344,0.16413917538972936,-0.10402242371640558,2.370238542823996,0.355,True
5976,0.2,0.0,0.05,0.5,0.25,0.9284329950700425,0.2446478672171879,0.151076158285188,-0.10581965201656351,2.3119322597932395,0.355,True
5977,0.3,0.0,0.0,0.45,0.25,0.920878709384388,0.24302088411830947,0.15369016895826856,-0.09843790704524569,2.468773376160955,0.355,True
5978,0.05,0.0,0.25,0.5,0.2,0.90313471256751,0.23918246987385805,0.13562453680345904,-0.12357587796805813,1.935510989739291,0.355,True
5979,0.2,0.05,0.0,0.5,0.25,0.8954574406530518,0.23751431145405166,0.14902951387851546,-0.09558712314792273,2.4847940144248737,0.355,True
5980,0.25,0.0,0.05,0.5,0.2,0.8494123968707641,0.22741365681419423,0.12860114838130088,-0.08642170683113704,2.631441395372429,0.355,True
5981,0.25,0.05,0.0,0.5,0.2,0.8163411101581324,0.22005505797614133,0.12651828026393994,-0.0752504035878746,2.9243040234218713,0.355,True
5982,0.2,0.0,0.25,0.5,0.05,0.6490807435622938,0.18140133067102648,0.07046143083585846,-0.06350413077864825,2.856528047023019,0.355,True
5983,0.25,0.0,0.2,0.5,0.05,0.633691004168417,0.1777156089139995,0.06952279570595424,-0.05415029154483153,3.281895698878502,0.355,True
5984,0.05,0.3,0.05,0.5,0.1,0.5728058423675477,0.1629028027682513,0.06874339296505537,-0.036119745484994525,4.510076153109305,0.355,True
5985,0.05,0.3,0.1,0.5,0.05,0.5009831587655784,0.14492893000351748,0.04585114269535371,-0.021211221507014377,6.83265364776803,0.355,True
5986,0.1,0.3,0.05,0.5,0.05,0.48604046556404423,0.14111776098337714,0.04479384495651043,-0.023087501717081182,6.11230104983476,0.355,True
5987,0.05,0.25,0.2,0.5,0.0,0.45846178677542593,0.13401610744088654,0.03985584864180936,-0.02293565350972404,5.843134462424088,0.355,True
5988,0.1,0.1,0.1,0.55,0.15,0.7380998119801376,0.20228284500314508,0.09918760540554163,-0.06688051557275498,3.024540754072009,0.35500000000000004,True
5989,0.1,0.1,0.15,0.55,0.1,0.6676167612557211,0.18581024171498517,0.07652091505589223,-0.05588472249459031,3.3248843945314706,0.35500000000000004,True
5990,0.15,0.1,0.1,0.55,0.1,0.6529415718320961,0.18232236758475562,0.07490999155095265,-0.04613042680988899,3.9523234488190586,0.35500000000000004,True
5991,0.1,0.15,0.1,0.55,0.1,0.6352280636991066,0.17808476047071786,0.07253027430765359,-0.04344945313425308,4.098665175841441,0.35500000000000004,True
5992,0.5,0.0,0.1,0.1,0.3,1.06234023055028,0.2728079203723255,0.1954635582106719,-0.14727042814648028,1.8524283782279851,0.36,True
5993,0.1,0.0,0.1,0.5,0.3,1.014313860980963,0.26285238774507547,0.17554964679550128,-0.1327333373903179,1.9803042168082257,0.36,True
5994,0.1,0.1,0.0,0.5,0.3,0.9490278178831959,0.24906194373478474,0.17121279885889532,-0.11293855663793373,2.205287114950874,0.36,True
5995,0.1,0.0,0.3,0.5,0.1,0.7523819666851732,0.20556621209675185,0.09251707269799882,-0.0946378845013176,2.172134480604222,0.36,True
5996,0.3,0.0,0.1,0.5,0.1,0.6932144724261298,0.1918454258618627,0.08693455387266949,-0.05518554858834035,3.476370730550207,0.36,True
5997,0.1,0.3,0.1,0.5,0.0,0.4116985247000795,0.12176684920671366,0.03267243827009836,-0.02789196286526152,4.365660810425432,0.36,True
5998,0.1,0.05,0.15,0.55,0.15,0.7707894772760671,0.20977175796281933,0.1026873977200725,-0.0800971706675786,2.6189658912350304,0.36000000000000004,True
5999,0.15,0.05,0.1,0.55,0.15,0.7566902878681598,0.20655316044050465,0.10092134522941557,-0.0701462264286905,2.944608298359188,0.36000000000000004,True
6000,0.15,0.1,0.05,0.55,0.15,0.7239788401822607,0.19901879964442393,0.09805673546469827,-0.058400223348103686,3.4078431251562376,0.36000000000000004,True
6001,0.1,0.15,0.05,0.55,0.15,0.7056524772593735,0.19475599450070646,0.09631232296513359,-0.05744341480789428,3.3903972309449424,0.36000000000000004,True
6002,0.15,0.05,0.15,0.55,0.1,0.6855941615264587,0.19005517844913467,0.07882885414067083,-0.05880940756981912,3.2317138754288464,0.36000000000000004,True
6003,0.15,0.15,0.05,0.55,0.1,0.6205415816798194,0.17454804155546566,0.07181294851738793,-0.03769449590821683,4.630597580624943,0.36000000000000004,True
6004,0.15,0.1,0.15,0.55,0.05,0.5794160665109713,0.16452931248422553,0.05489660321665639,-0.03426859318456976,4.801169152117652,0.36000000000000004,True
6005,0.1,0.15,0.15,0.55,0.05,0.5623250768463468,0.16031454054577088,0.05156285076828238,-0.03145460455129989,5.096695470588764,0.36000000000000004,True
6006,0.15,0.15,0.1,0.55,0.05,0.5471423539080837,0.1565445001388157,0.050443571260753016,-0.022968075884721828,6.815742900037517,0.36000000000000004,True
6007,0.4,0.0,0.0,0.4,0.2,0.8457497927138775,0.226603043394199,0.137097939942599,-0.08589015490910035,2.6382889125536977,0.3600000000000001,True
6008,0.5,0.0,0.15,0.05,0.3,1.080705603634256,0.2765740661757239,0.1984245894300061,-0.15756730610323766,1.7552757168705628,0.365,True
6009,0.2,0.0,0.0,0.45,0.35,1.0658370432279347,0.27352672236232634,0.19721516323781652,-0.135784343737809,2.014420181537933,0.365,True
6010,0.5,0.0,0.05,0.15,0.3,1.0439211568073508,0.2690082354032808,0.1928150172190439,-0.13682257321988944,1.9661100436325951,0.365,True
6011,0.05,0.0,0.15,0.5,0.3,1.0260671995718664,0.2653032758898526,0.17782675704130232,-0.1412555942378121,1.8781788949413143,0.365,True
6012,0.15,0.0,0.05,0.5,0.3,1.0023713370229963,0.26035226339501105,0.17402186442232634,-0.12407005447422825,2.098429508218611,0.365,True
6013,0.15,0.05,0.0,0.5,0.3,0.9695695634499806,0.2534337735892509,0.1720296705828317,-0.11470313707192936,2.2094755214090154,0.365,True
6014,0.0,0.0,0.35,0.45,0.2,0.9344868132574753,0.24594862681817165,0.14473305319971624,-0.14306741883738683,1.7191099749812468,0.365,True
6015,0.35,0.0,0.0,0.45,0.2,0.8406451620546638,0.2254714874113648,0.13302689749853266,-0.07861259909361917,2.8681342432509127,0.365,True
6016,0.05,0.0,0.3,0.5,0.15,0.8364763426874766,0.2245458218944485,0.1154932952723387,-0.11414292755360789,1.9672337717901027,0.365,True
6017,0.3,0.0,0.05,0.5,0.15,0.7657826725746264,0.2086307553401463,0.10740503918785614,-0.06576447356004911,3.172392996496002,0.365,True
6018,0.15,0.0,0.3,0.5,0.05,0.6643140524837303,0.18502707205275581,0.07325140027685996,-0.07384139137338308,2.505736533554144,0.365,True
6019,0.3,0.0,0.15,0.5,0.05,0.6181453506158605,0.17396896874199874,0.0704998132795218,-0.04650936355670943,3.7405149294265505,0.365,True
6020,0.05,0.3,0.15,0.5,0.0,0.4270732575289029,0.12582359430556234,0.034036239461389804,-0.023175193242202408,5.429236036592588,0.365,True
6021,0.1,0.05,0.1,0.55,0.2,0.8384197866796588,0.22497752805991733,0.1253319736619813,-0.0905982755268131,2.4832429397989357,0.36500000000000005,True
6022,0.05,0.1,0.1,0.55,0.2,0.8190835049594805,0.22066864080202042,0.12455735020335054,-0.08707231797753745,2.5343145321909035,0.36500000000000005,True
6023,0.1,0.1,0.05,0.55,0.2,0.8057389037774298,0.217677095634351,0.1226640678050167,-0.07861931806755951,2.768748203174387,0.36500000000000005,True
6024,0.1,0.05,0.2,0.55,0.1,0.7002566160072015,0.1934950740286483,0.08121821081062627,-0.06909963280612574,2.8002330283221823,0.36500000000000005,True
6025,0.2,0.05,0.1,0.55,0.1,0.6707703278198642,0.18655708078390898,0.07811346782793045,-0.04878188552808116,3.824310576853736,0.36500000000000005,True
6026,0.2,0.1,0.05,0.55,0.1,0.6381063638986391,0.17877541250781248,0.07509457871378822,-0.038915027391113854,4.593994261163886,0.36500000000000005,True
6027,0.05,0.2,0.1,0.55,0.1,0.6176294904148434,0.1738442312686519,0.0710832699641326,-0.04091351631020246,4.24906600426571,0.36500000000000005,True
6028,0.1,0.2,0.05,0.55,0.1,0.6030909715387227,0.17031778679637144,0.06939073014840096,-0.03646689640289713,4.67047661294369,0.36500000000000005,True
6029,0.1,0.1,0.2,0.55,0.05,0.5945965443006713,0.16824751122002057,0.057193713451227805,-0.04436025887463324,3.792753141849459,0.36500000000000005,True
6030,0.2,0.1,0.1,0.55,0.05,0.5640819146648453,0.16074920381023894,0.055057403825253495,-0.026092737522765197,6.160687573313826,0.36500000000000005,True
6031,0.1,0.2,0.1,0.55,0.05,0.5303140414079526,0.15233690635353425,0.04688761322950985,-0.021627053527535578,7.043812332529662,0.36500000000000005,True
6032,0.05,0.05,0.15,0.55,0.2,0.8517321973086094,0.22792652524361268,0.1277126502985482,-0.10006239973462716,2.277843883897354,0.37000000000000005,True
6033,0.15,0.05,0.05,0.55,0.2,0.8249327916042437,0.2219753012988035,0.1239975735919459,-0.08096677170125588,2.741560477646664,0.37000000000000005,True
6034,0.15,0.0,0.15,0.55,0.15,0.789645060275064,0.21404956155266075,0.10439553970607396,-0.08372690470037614,2.5565206586658773,0.37000000000000005,True
6035,0.05,0.15,0.05,0.55,0.2,0.7866668742185712,0.2133758994808561,0.12190356443750977,-0.07779840475826216,2.7426770528761475,0.37000000000000005,True
6036,0.2,0.05,0.05,0.55,0.15,0.7424233747809856,0.20327869420778244,0.10046628124184469,-0.06001354771835388,3.3872134199060846,0.37000000000000005,True
6037,0.15,0.15,0.0,0.55,0.15,0.6915111654187331,0.19144573311518553,0.09587105171355652,-0.05148799171044893,3.718259865170342,0.37000000000000005,True
6038,0.15,0.05,0.2,0.55,0.05,0.6119512052756584,0.17246943863706887,0.06027955568150627,-0.047062126311285146,3.664718366023169,0.37000000000000005,True
6039,0.2,0.05,0.15,0.55,0.05,0.5966193802092961,0.16874118583718767,0.059231575462821554,-0.038314664878763116,4.404088783527813,0.37000000000000005,True
6040,0.05,0.2,0.15,0.55,0.05,0.5453460982093734,0.15609684036490012,0.04947073559323112,-0.02860834380108568,5.456339641687902,0.37000000000000005,True
6041,0.15,0.15,0.15,0.55,0.0,0.47162027480001867,0.1374155534400634,0.03979743999783626,-0.021298799922644496,6.451797938810895,0.37000000000000005,True
6042,0.25,0.0,0.5,0.0,0.25,1.0988873592284394,0.28028078810136803,0.19073109886522702,-0.2003977170680291,1.398622659988791,0.375,True
6043,0.0,0.0,0.25,0.5,0.25,0.9787348810661749,0.25537459126968365,0.16009212509518786,-0.14123894898510914,1.8081031691662324,0.375,True
6044,0.25,0.0,0.0,0.5,0.25,0.9154017120713278,0.24183862151093116,0.15095534273011105,-0.09750584070960788,2.4802475395415082,0.375,True
6045,0.1,0.0,0.15,0.55,0.2,0.8713337253359468,0.23224308232520618,0.1284935365569992,-0.10345165718830074,2.2449430839225877,0.37500000000000006,True
6046,0.15,0.0,0.1,0.55,0.2,0.857879002444847,0.22928341117017914,0.12666545419111538,-0.09407846793461228,2.4371507764086773,0.37500000000000006,True
6047,0.1,0.0,0.2,0.55,0.15,0.8037210249457574,0.21722345306878998,0.1067377879283856,-0.09340459811416535,2.325618411240151,0.37500000000000006,True
6048,0.15,0.1,0.0,0.55,0.2,0.7922210788649247,0.2146316512219839,0.12185617675595814,-0.07305126898514847,2.9380961371885155,0.37500000000000006,True
6049,0.05,0.0,0.4,0.45,0.1,0.785862093403749,0.213193730557921,0.10408330392558195,-0.11566565091053849,1.8431896494735118,0.37500000000000006,True
6050,0.2,0.0,0.1,0.55,0.15,0.7754000112090875,0.21082055347919448,0.10329937570374877,-0.07387523971110921,2.8537376569417985,0.37500000000000006,True
6051,0.1,0.15,0.0,0.55,0.2,0.7732915248306411,0.2103411446150245,0.12053289905420703,-0.07219404288099851,2.9135526453580334,0.37500000000000006,True
6052,0.15,0.0,0.2,0.55,0.1,0.7184989025615365,0.19774731790626254,0.08343556587248746,-0.07288930290954265,2.7129813293957774,0.37500000000000006,True
6053,0.2,0.1,0.0,0.55,0.15,0.7096915054211128,0.19569810683569133,0.0982915874752821,-0.05248532317531329,3.7286253565023073,0.37500000000000006,True
6054,0.2,0.0,0.15,0.55,0.1,0.7036878854290323,0.19429721129809674,0.08192190440280786,-0.06270450715682341,3.09861635324174,0.37500000000000006,True
6055,0.1,0.2,0.0,0.55,0.15,0.6734479213151352,0.18719046073586298,0.09413401638858199,-0.05047966449334851,3.7082350410733866,0.37500000000000006,True
6056,0.15,0.1,0.2,0.55,0.0,0.5037091169153889,0.14562146035232382,0.04523441218603431,-0.025814396636377634,5.641094866695979,0.37500000000000006,True
6057,0.1,0.15,0.2,0.55,0.0,0.48725030939760217,0.14142728259660564,0.04119098735344092,-0.023868181129796606,5.925348137234067,0.37500000000000006,True
6058,0.1,0.2,0.15,0.55,0.0,0.4554239236193358,0.1332283838378483,0.03526098335261247,-0.01956062579284157,6.811049158079836,0.37500000000000006,True
6059,0.05,0.4,0.1,0.45,0.0,0.38392687712149476,0.11436377322440383,0.03217855206362382,-0.03543396934028864,3.2275179821407,0.37500000000000006,True
6060,0.05,0.05,0.05,0.5,0.35,1.0492396433675522,0.2701077264145244,0.19679198948934895,-0.13922480390602054,1.9400833675934095,0.38,True
6061,0.5,0.0,0.0,0.2,0.3,1.0254488089202178,0.26517456136204487,0.19049091243201216,-0.12622039627255655,2.1008851912446453,0.38,True
6062,0.2,0.0,0.0,0.5,0.3,0.9902401440117241,0.25780244219467785,0.17325086896067465,-0.11644577524932287,2.2139269685198557,0.38,True
6063,0.0,0.0,0.3,0.5,0.2,0.9161240503411594,0.24199467410562492,0.139755860198319,-0.13247319525706946,1.826744449214988,0.38,True
6064,0.3,0.0,0.0,0.5,0.2,0.8355431583648385,0.22433842111188174,0.129352211423494,-0.0773644413091904,2.899761406087111,0.38,True
6065,0.05,0.05,0.1,0.55,0.25,0.9154856941048466,0.24185676684632362,0.15009126363341627,-0.10980751723495152,2.2025520013245603,0.38000000000000006,True
6066,0.1,0.05,0.05,0.55,0.25,0.9028407515214552,0.23911867914719287,0.14816876445449592,-0.10064225979046293,2.375927166629979,0.38000000000000006,True
6067,0.05,0.1,0.05,0.55,0.25,0.8829134245346537,0.23477896024900935,0.14759594386231875,-0.0987499117405295,2.377510583157818,0.38000000000000006,True
6068,0.25,0.05,0.05,0.55,0.1,0.6557856312011827,0.18299992762765793,0.07910593177125448,-0.04195925072376594,4.361372628706303,0.38000000000000006,True
6069,0.1,0.05,0.25,0.55,0.05,0.627127995569589,0.17613677772762704,0.06349983432274572,-0.057569606874297796,3.0595445633703653,0.38000000000000006,True
6070,0.05,0.25,0.05,0.55,0.1,0.5857542204692998,0.16608461985070688,0.06794750070802995,-0.035232167301148865,4.71400519959756,0.38000000000000006,True
6071,0.25,0.05,0.1,0.55,0.05,0.5811330366842669,0.16495104682919792,0.06045769552530753,-0.03320883406340169,4.967083352407869,0.38000000000000006,True
6072,0.05,0.25,0.1,0.55,0.05,0.5135966641584191,0.1481263925445948,0.04468488371726263,-0.02027780751347541,7.3048524820131036,0.38000000000000006,True
6073,0.1,0.25,0.05,0.55,0.05,0.4985638861868895,0.14431361049140867,0.043519332388074275,-0.021785295337973687,6.6243586902334695,0.38000000000000006,True
6074,0.05,0.0,0.1,0.5,0.35,1.0817277313031535,0.27678301940478733,0.19904777497504042,-0.14955105996016438,1.850759329144932,0.385,True
6075,0.1,0.0,0.05,0.5,0.35,1.0707542925800841,0.2745361370127961,0.1970852131788394,-0.14127181814477208,1.9433184949276852,0.385,True
6076,0.1,0.05,0.0,0.5,0.35,1.0382043483994186,0.2678242700292941,0.1951462452330034,-0.13270515160191676,2.0181904530179953,0.385,True
6077,0.05,0.0,0.35,0.5,0.1,0.7667656121508979,0.2088549278250862,0.09737421016530674,-0.1042784021929355,2.0028589183660834,0.385,True
6078,0.1,0.0,0.35,0.5,0.05,0.6793904146189818,0.18859373691012338,0.07770464770397444,-0.08398895317885724,2.245458834431557,0.385,True
6079,0.05,0.35,0.1,0.5,0.0,0.3959530945446499,0.11758164441310281,0.029860789287636406,-0.027432745571694617,4.286178505385357,0.385,True
6080,0.1,0.0,0.1,0.55,0.25,0.9356784882262066,0.24620435740980473,0.15067720471513163,-0.11306173566516997,2.1776099222369445,0.38500000000000006,True
6081,0.05,0.0,0.2,0.55,0.2,0.8846125030645811,0.23515017172285124,0.13132436741379694,-0.11266438916744137,2.087173892838242,0.38500000000000006,True
6082,0.1,0.1,0.0,0.55,0.25,0.8702272439510621,0.23200022312945645,0.14609873372366425,-0.09279474984322589,2.500143849963649,0.38500000000000006,True
6083,0.0,0.0,0.4,0.45,0.15,0.8688046791165063,0.23168784666488218,0.12632514599443284,-0.13421492329874563,1.7262450476477496,0.38500000000000006,True
6084,0.2,0.0,0.05,0.55,0.2,0.8442488507050532,0.22627054269360958,0.12587084392136552,-0.08454059257622648,2.6764721632343837,0.38500000000000006,True
6085,0.2,0.05,0.0,0.55,0.2,0.8112717283961517,0.21891920738739,0.12373086909110118,-0.07439994196400312,2.9424647601648606,0.38500000000000006,True
6086,0.1,0.0,0.25,0.55,0.1,0.733147179752178,0.20114007010299328,0.08649039508413302,-0.08289006007995403,2.4265885428117406,0.38500000000000006,True
6087,0.25,0.0,0.1,0.55,0.1,0.6887146446684294,0.19078892784271195,0.08202241537247602,-0.05263432895046982,3.6248002329857565,0.38500000000000006,True
6088,0.2,0.0,0.2,0.55,0.05,0.6294192660613847,0.17668845917689402,0.0643055307812378,-0.050991601929233354,3.465050174773956,0.38500000000000006,True
6089,0.05,0.2,0.2,0.55,0.0,0.4709005890863942,0.13723015043458808,0.03862335472757527,-0.022007079842796484,6.235727384771916,0.38500000000000006,True
6090,0.1,0.25,0.1,0.55,0.0,0.42386724467810244,0.12498007592046356,0.03082488313081808,-0.023160171580661415,5.396336356368839,0.38500000000000006,True
6091,0.15,0.0,0.55,0.05,0.25,1.1045042848395137,0.28142158251577865,0.1924764136888139,-0.206352859965784,1.3637881372831082,0.39000000000000007,True
6092,0.05,0.0,0.15,0.55,0.25,0.9482807504621773,0.24890237018353334,0.1530018884148432,-0.12199531662031626,2.0402616844561954,0.39000000000000007,True
6093,0.15,0.0,0.05,0.55,0.25,0.9228939363743591,0.24345532460667219,0.14922080832535742,-0.10397597188629515,2.3414575520670033,0.39000000000000007,True
6094,0.15,0.05,0.0,0.55,0.25,0.8900148800381984,0.23632899224249515,0.1471401265717251,-0.0947418293442448,2.4944524913466983,0.39000000000000007,True
6095,0.05,0.0,0.25,0.55,0.15,0.817627388907417,0.22034292656613608,0.11025959940699358,-0.10291288789279596,2.1410625148879956,0.39000000000000007,True
6096,0.25,0.0,0.05,0.55,0.15,0.760986394061602,0.2075357048826374,0.10347704575432556,-0.06384486948484702,3.250624624299593,0.39000000000000007,True
6097,0.25,0.05,0.0,0.55,0.15,0.7279892543283082,0.19994760874375106,0.10132870822029189,-0.05378129115609065,3.7177911583312238,0.39000000000000007,True
6098,0.15,0.0,0.25,0.55,0.05,0.6447473220007591,0.1803658380975126,0.06634137412597442,-0.061530608036031054,2.931318962294247,0.39000000000000007,True
6099,0.25,0.0,0.15,0.55,0.05,0.6139353309473292,0.17295018982147892,0.06433802890631557,-0.0427898202400282,4.041853619653462,0.39000000000000007,True
6100,0.05,0.25,0.15,0.55,0.0,0.4393355838681723,0.12903826655825767,0.03237796060096952,-0.019207843463334262,6.717998655319014,0.39000000000000007,True
6101,0.15,0.0,0.0,0.5,0.35,1.0595853240365418,0.27224105152133604,0.19579968036980167,-0.1342886351971342,2.0272828830354057,0.39499999999999996,True
6102,0.0,0.0,0.35,0.5,0.15,0.8501051370034232,0.2275668547742251,0.12044261094352722,-0.12331873731195198,1.8453550509405798,0.39499999999999996,True
6103,0.05,0.05,0.05,0.55,0.3,0.9756741243831208,0.2547271233012256,0.17240422191602175,-0.11942988664215126,2.1328591231478478,0.4,True
6104,0.1,0.1,0.1,0.6,0.1,0.6484989838197242,0.18126242180900887,0.07201957247544137,-0.044839888981307974,4.042436899979172,0.4,True
6105,0.05,0.3,0.05,0.55,0.05,0.48210711617894164,0.14011030602984498,0.04127026168441069,-0.020428247143075007,6.858655324098187,0.4,True
6106,0.1,0.05,0.1,0.6,0.15,0.7518622350945117,0.20544704289697435,0.09881708237263578,-0.0682283699832762,3.011167391912375,0.40499999999999997,True
6107,0.05,0.1,0.1,0.6,0.15,0.7333007824126974,0.2011755452160371,0.0977504471740212,-0.06559335210563799,3.0670111948546888,0.40499999999999997,True
6108,0.1,0.1,0.05,0.6,0.15,0.7192424703429741,0.1979200024819956,0.09587616355387656,-0.05819404570795694,3.4010352790256984,0.40499999999999997,True
6109,0.1,0.05,0.15,0.6,0.1,0.6810619445442458,0.1889878596979382,0.0761056909785664,-0.05716567213982282,3.3059675960021684,0.40499999999999997,True
6110,0.15,0.05,0.1,0.6,0.1,0.6663002666648301,0.18549818608154434,0.07445038744799158,-0.04749360712387252,3.9057506328742133,0.40499999999999997,True
6111,0.15,0.1,0.05,0.6,0.1,0.6337256520008545,0.17772393274365106,0.07125410128765963,-0.036811877760565714,4.827896417010156,0.40499999999999997,True
6112,0.05,0.15,0.1,0.6,0.1,0.6308128955216183,0.17702375785913338,0.0705212933867891,-0.04215668515567683,4.199185899114634,0.40499999999999997,True
6113,0.1,0.15,0.05,0.6,0.1,0.6161879749203503,0.1734955252341861,0.06877173837236651,-0.03558613186461823,4.8753690312344755,0.40499999999999997,True
6114,0.1,0.1,0.15,0.6,0.05,0.575260617659352,0.16350735507848757,0.0508813878130181,-0.03296907836805851,4.959415402915802,0.40499999999999997,True
6115,0.15,0.1,0.1,0.6,0.05,0.5599875233302474,0.15973569551129985,0.049685281991494905,-0.023445638867680585,6.813023795717198,0.40499999999999997,True
6116,0.1,0.15,0.1,0.6,0.05,0.5430738323448423,0.15553005284843824,0.04600734538340441,-0.020696622724898583,7.51475518086975,0.40499999999999997,True
6117,0.2,0.0,0.55,0.0,0.25,1.1107270634716646,0.2826830574687127,0.19417422411117916,-0.20816540284065888,1.3579732924452086,0.405,True
6118,0.05,0.0,0.1,0.55,0.3,1.0083253384036808,0.2615999511718241,0.17477827180470273,-0.1309323043761773,1.9979786685815126,0.405,True
6119,0.1,0.0,0.05,0.55,0.3,0.9964485209200418,0.25910865402105787,0.1728304523452706,-0.12226273541861898,2.1192774162453354,0.405,True
6120,0.1,0.05,0.0,0.55,0.3,0.9637455791049669,0.25219737486939087,0.17081728489166834,-0.11386393085610202,2.2149013561468442,0.405,True
6121,0.0,0.0,0.2,0.55,0.25,0.9607002067685055,0.2515498860112082,0.15616931787361915,-0.13078050649663853,1.9234509236104986,0.405,True
6122,0.2,0.0,0.0,0.55,0.25,0.9099276112204127,0.24065472976495572,0.14864578734698866,-0.09666397866437193,2.489600915357888,0.405,True
6123,0.0,0.0,0.25,0.55,0.2,0.8977148193170092,0.2380052735142537,0.13510854865308738,-0.12172074914635911,1.955338553068484,0.405,True
6124,0.25,0.0,0.0,0.55,0.2,0.8304437864303198,0.22320383909935004,0.12611786752252227,-0.07651734638802865,2.9170358047632305,0.405,True
6125,0.05,0.0,0.3,0.55,0.1,0.7476322006872045,0.20447626099244487,0.0909444205404966,-0.09271172234948577,2.2055060116524627,0.405,True
6126,0.3,0.0,0.05,0.55,0.1,0.6735796965934975,0.18722161449151242,0.0837213862086005,-0.05030772717129184,3.721527984240772,0.405,True
6127,0.1,0.0,0.3,0.55,0.05,0.6599189824516953,0.1839832626870186,0.07027720088160046,-0.07187463901031932,2.559779989442499,0.405,True
6128,0.0,0.3,0.1,0.55,0.05,0.4969899091534673,0.14391292834452507,0.044082881661599585,-0.018920261964015972,7.6062862458368645,0.405,True
6129,0.05,0.3,0.1,0.55,0.0,0.4080392913411368,0.12079699583270975,0.027685938125256545,-0.02262319785792799,5.33951904550833,0.405,True
6130,0.05,0.05,0.15,0.6,0.15,0.7658984850616795,0.20865717224630886,0.10131153079257131,-0.07818578782017072,2.668735304250251,0.41,True
6131,0.15,0.05,0.05,0.6,0.15,0.7376582964320828,0.20218105751635673,0.0976539742299984,-0.05913998472464532,3.4186863330741124,0.41,True
6132,0.05,0.15,0.05,0.6,0.15,0.7009447626219407,0.1936560304165782,0.09481917940142956,-0.05723784025341838,3.383356701775843,0.41,True
6133,0.15,0.05,0.15,0.6,0.05,0.5924376935819511,0.1677201812615703,0.054307060377622104,-0.03575346089498044,4.69101947233078,0.41,True
6134,0.05,0.15,0.15,0.6,0.05,0.5581958124626547,0.15929162507658767,0.048697887587156624,-0.030153005247249953,5.28277774538296,0.41,True
6135,0.05,0.05,0.1,0.6,0.2,0.8332254974101192,0.22382301525219783,0.12422239083954006,-0.08871894364263244,2.522832284317724,0.415,True
6136,0.1,0.05,0.05,0.6,0.2,0.8198022603730251,0.22082935296784822,0.12230399896929957,-0.07981898723319059,2.7666268468515756,0.415,True
6137,0.05,0.1,0.05,0.6,0.2,0.8006386311193519,0.21652984150785293,0.12152056066019581,-0.07838433180704907,2.762412289752791,0.415,True
6138,0.1,0.0,0.15,0.6,0.15,0.784724676850121,0.21293617336244042,0.10237517858925392,-0.08182431769380516,2.6023580686522685,0.415,True
6139,0.15,0.0,0.1,0.6,0.15,0.7705428819214679,0.20971561165095975,0.100580322302267,-0.07196619433188611,2.9140850589349685,0.415,True
6140,0.15,0.1,0.0,0.6,0.15,0.7050178302939838,0.194607826498298,0.0954000299491353,-0.05228809002744261,3.7218384989040723,0.415,True
6141,0.15,0.0,0.15,0.6,0.1,0.6991278272997918,0.19323095807928614,0.07845650999611767,-0.06076261324272525,3.180096242855726,0.415,True
6142,0.1,0.15,0.0,0.6,0.15,0.6868658307968643,0.1903543075954257,0.09362554310845515,-0.05129148923272098,3.7112259839394715,0.415,True
6143,0.2,0.05,0.05,0.6,0.1,0.6513777608573152,0.18194947877090373,0.07459373643178785,-0.038516883319184125,4.723888931072469,0.415,True
6144,0.1,0.05,0.2,0.6,0.05,0.6077081814187055,0.1714400336394617,0.05667395748844759,-0.04575738015059605,3.7467187385995584,0.415,True
6145,0.05,0.2,0.05,0.6,0.1,0.5987644166097776,0.16926422821635811,0.06726931603375753,-0.03446577441655185,4.911081531801317,0.415,True
6146,0.2,0.05,0.1,0.6,0.05,0.577012722270533,0.16393847238291137,0.0544114576028968,-0.02809080668553865,5.836018673942464,0.415,True
6147,0.05,0.2,0.1,0.6,0.05,0.5262713363082943,0.1513215148839957,0.04368595143680914,-0.01934486614456432,7.822308707290552,0.415,True
6148,0.1,0.2,0.05,0.6,0.05,0.5111482736765713,0.1475071308214777,0.04241204188949157,-0.020849126404788976,7.074978968308034,0.415,True
6149,0.15,0.1,0.15,0.6,0.0,0.4841102369786847,0.14062359096222377,0.03878858889865107,-0.02057452151731498,6.83484137620788,0.415,True
6150,0.1,0.15,0.15,0.6,0.0,0.46783019576686,0.13643848589571284,0.03402684174683302,-0.018653537331565162,7.3143492020054675,0.415,True
6151,0.55,0.0,0.0,0.15,0.3,1.0313279112431188,0.26639720557878177,0.19442263997096698,-0.13170915008247264,2.0226173004075356,0.41500000000000004,True
6152,0.15,0.0,0.0,0.55,0.3,0.984383069367111,0.25656764979893487,0.17164893959914732,-0.11561003699662575,2.2192506504121536,0.41500000000000004,True
6153,0.0,0.0,0.3,0.55,0.15,0.8313636358462821,0.22340865614823913,0.11486661618159213,-0.11225618344465693,1.990167929220408,0.41500000000000004,True
6154,0.3,0.0,0.0,0.55,0.15,0.7464047251463537,0.20419426532148344,0.10491215750481883,-0.05948097016667042,3.432934344367868,0.41500000000000004,True
6155,0.0,0.3,0.15,0.55,0.0,0.42335494254050565,0.12484516929811851,0.03166560239110637,-0.019865257113571788,6.284598713440525,0.41500000000000004,True
6156,0.1,0.0,0.1,0.6,0.2,0.852654086597803,0.22813022034123032,0.12501782397550731,-0.09220768332892437,2.474091226513537,0.42,True
6157,0.1,0.1,0.0,0.6,0.2,0.7871842845325805,0.2134929907755263,0.12012221986325212,-0.07282411117675114,2.931625080289112,0.42,True
6158,0.1,0.0,0.2,0.6,0.1,0.7138764088925311,0.19667268090325551,0.08088443705086287,-0.07095395358092094,2.7718354084238026,0.42,True
6159,0.2,0.0,0.1,0.6,0.1,0.6842170570629502,0.1897310785034212,0.07770253970157887,-0.05038219634375041,3.7658357966158045,0.42,True
6160,0.1,0.1,0.2,0.6,0.0,0.4998341645583473,0.14463677651144913,0.04029478648722804,-0.02320085547539985,6.234113938807527,0.42,True
6161,0.1,0.2,0.1,0.6,0.0,0.4360962802412931,0.12819083613569293,0.02916595639893586,-0.018473182779158992,6.939293443267113,0.42,True
6162,0.05,0.0,0.15,0.6,0.2,0.8660447717380131,0.23108135496500792,0.12742079755369448,-0.10158729749655604,2.2747071795353344,0.425,True
6163,0.15,0.0,0.05,0.6,0.2,0.8390880075929001,0.2251258927497839,0.12365978296498382,-0.08266344387686642,2.72340326257307,0.425,True
6164,0.15,0.05,0.0,0.6,0.2,0.8062049901872308,0.2177818292089202,0.12147010410434439,-0.07367204034190766,2.9560987886070125,0.425,True
6165,0.05,0.0,0.2,0.6,0.15,0.7987374223674975,0.2161016297291345,0.10542605011769968,-0.09150853985564356,2.361546037889348,0.425,True
6166,0.2,0.0,0.05,0.6,0.15,0.7561925538953038,0.2064392222697613,0.10009560114825643,-0.061929443172248244,3.333458395477236,0.425,True
6167,0.2,0.05,0.0,0.6,0.15,0.7232871853881453,0.19885846727218004,0.0978569080420572,-0.05327390128564058,3.732755861185264,0.425,True
6168,0.15,0.0,0.2,0.6,0.05,0.6251496364243645,0.1756600207745378,0.05982883763782369,-0.04901588000766166,3.583736959268719,0.425,True
6169,0.2,0.0,0.15,0.6,0.05,0.6097273532365022,0.17193013289153547,0.05872675231311462,-0.04018956270351337,4.277979687410367,0.425,True
6170,0.05,0.15,0.2,0.6,0.0,0.48340030614155216,0.14044172929423349,0.03758020436413976,-0.021312085267130243,6.589769491530592,0.425,True
6171,0.05,0.2,0.15,0.6,0.0,0.4516584256827958,0.13225046012532582,0.030917341023362084,-0.01690419817414346,7.823527549955915,0.425,True
6172,0.05,0.05,0.05,0.6,0.25,0.8973365225306151,0.23792302411557764,0.14725058003895172,-0.09979987444251437,2.3840012369216304,0.43,True
6173,0.05,0.25,0.05,0.6,0.05,0.49460709265430935,0.1433058077552558,0.04001371309976949,-0.019489536511139938,7.352961301739746,0.43,True
6174,0.05,0.0,0.05,0.55,0.35,1.0644394741925929,0.2732395365940492,0.19642319851097556,-0.14062249681947514,1.9430712921050028,0.43000000000000005,True
6175,0.05,0.0,0.35,0.55,0.05,0.67493373110044,0.18754163491704423,0.07583056131820079,-0.08202905591892962,2.286282986145715,0.43000000000000005,True
6176,0.05,0.35,0.05,0.55,0.0,0.37701215970666113,0.11250514404860956,0.02550956903855577,-0.03233099041685894,3.4797926880069823,0.43000000000000005,True
6177,0.1,0.0,0.6,0.05,0.25,1.1160914296751496,0.28376852733728475,0.1969258608563978,-0.21400533152949408,1.325988120525754,0.435,True
6178,0.05,0.0,0.1,0.6,0.25,0.9300775409424566,0.24500149321121478,0.14978250154148304,-0.11122814007788484,2.202693428476448,0.435,True
6179,0.1,0.0,0.05,0.6,0.25,0.9173578454390567,0.2422611301772517,0.14784031778535076,-0.1021360601722684,2.3719451266148366,0.435,True
6180,0.1,0.05,0.0,0.6,0.25,0.8845752276832239,0.2351420302622702,0.1457316797070953,-0.09389828933414524,2.504220597943982,0.435,True
6181,0.05,0.0,0.25,0.6,0.1,0.7284622855274236,0.200057067642468,0.08485602594552225,-0.08096133670422934,2.471019819908893,0.435,True
6182,0.25,0.0,0.05,0.6,0.1,0.6691446144957574,0.18617219094363646,0.0786587459416246,-0.04278511144130159,4.351331214809448,0.435,True
6183,0.1,0.0,0.25,0.6,0.05,0.6404160754215427,0.1793290459990864,0.06310643090287503,-0.059561506575733114,3.010821188195895,0.435,True
6184,0.25,0.0,0.1,0.6,0.05,0.5941497421717272,0.1681384125335046,0.05990854803758303,-0.03266686998552548,5.14706222567408,0.435,True
6185,0.0,0.25,0.1,0.6,0.05,0.5095797222145608,0.14711005165848645,0.04298641936339224,-0.018148233294157712,8.106026039782297,0.435,True
6186,0.05,0.25,0.1,0.6,0.0,0.42018560434413477,0.12400985397467901,0.02568145265967415,-0.018591998981829283,6.670065660818876,0.435,True
6187,0.1,0.0,0.0,0.55,0.35,1.0533370307209289,0.2709534827145015,0.19476126725051904,-0.1334597328422552,2.0302264731397233,0.43500000000000005,True
6188,0.0,0.0,0.35,0.55,0.1,0.7619534490528463,0.20775665555694567,0.0966187735570213,-0.10235905790671895,2.029685108535063,0.43500000000000005,True
6189,0.0,0.0,0.2,0.6,0.2,0.8792595466997593,0.23397991066586754,0.13082465340775276,-0.11080650930672487,2.111607992434676,0.44,True
6190,0.2,0.0,0.0,0.6,0.2,0.8253470510370462,0.2220677359415988,0.12336852112563867,-0.07567205302797975,2.9346069923527676,0.44,True
6191,0.15,0.0,0.6,0.0,0.25,1.1223794464511854,0.2850385630503136,0.19823378499260244,-0.21581084438050002,1.3207796108139818,0.445,True
6192,0.0,0.0,0.15,0.6,0.25,0.9426149818139653,0.2476908323766327,0.1525965308685411,-0.1201680843992542,2.0612031357152096,0.445,True
6193,0.15,0.0,0.0,0.6,0.25,0.9044564116175493,0.23946920272771055,0.14679100004795342,-0.09582385212201527,2.4990563145258187,0.445,True
6194,0.0,0.0,0.25,0.6,0.15,0.812580602159835,0.21921267768435593,0.10964223825238359,-0.101023422114909,2.16991934241757,0.445,True
6195,0.25,0.0,0.0,0.6,0.15,0.7416742090853616,0.2031062564561119,0.10092844756879395,-0.05496422725216099,3.6952444637184727,0.445,True
6196,0.0,0.25,0.15,0.6,0.0,0.4355946137204776,0.1280594818089673,0.03004293614364828,-0.01601616232165337,7.99564085560214,0.445,True
6197,0.05,0.0,0.05,0.6,0.3,0.9905289372843005,0.2578632630729316,0.17207332381702944,-0.12045900140769972,2.140672428457049,0.45499999999999996,True
6198,0.05,0.05,0.0,0.6,0.3,0.9579247677266491,0.25095920448286924,0.17004372703073697,-0.11302641365224952,2.220358908803389,0.45499999999999996,True
6199,0.05,0.0,0.3,0.6,0.05,0.6555261539142891,0.1829381427320409,0.06825994824680826,-0.06991225204982943,2.6166821603980535,0.45499999999999996,True
6200,0.0,0.3,0.05,0.6,0.05,0.4781757177978101,0.1391015678846279,0.039394592151232005,-0.018121534058504696,7.676037107870873,0.45499999999999996,True
6201,0.05,0.3,0.05,0.6,0.0,0.38898229032693754,0.11571871939363843,0.02296883742803903,-0.02452132196222423,4.719106073151615,0.45499999999999996,True
6202,0.1,0.05,0.1,0.65,0.1,0.6618324574597427,0.18443793060841251,0.07161732682690587,-0.04621001512093159,3.991297776591038,0.45500000000000007,True
6203,0.05,0.1,0.1,0.65,0.1,0.6440586547691278,0.1802011101967942,0.0700715640571723,-0.043554071662787464,4.1374113445002605,0.45500000000000007,True
6204,0.1,0.1,0.05,0.65,0.1,0.6293471325525377,0.17667109909437118,0.06826733755714628,-0.036521569921515784,4.837445363768159,0.45500000000000007,True
6205,0.1,0.1,0.1,0.65,0.05,0.555895126250606,0.15872090701196018,0.045293395615348134,-0.02142062231520936,7.409724361708344,0.45500000000000007,True
6206,0.1,0.0,0.0,0.6,0.3,0.9785291606773809,0.2553310944219265,0.17046822926072902,-0.11477597033920017,2.2246041019504377,0.45999999999999996,True
6207,0.0,0.0,0.3,0.6,0.1,0.7428849408906815,0.20338490967744605,0.09018220687063573,-0.09078969879965981,2.2401760592492255,0.45999999999999996,True
6208,0.0,0.3,0.1,0.6,0.0,0.40438181079165414,0.11982592627386057,0.02486204871739558,-0.019382504905633646,6.182169273643904,0.45999999999999996,True
6209,0.05,0.05,0.1,0.65,0.15,0.7470366989776627,0.2043394691401781,0.09742995760091841,-0.0667742106323378,3.060155518202703,0.46,True
6210,0.1,0.05,0.05,0.65,0.15,0.7328956682276595,0.20108197804232297,0.09552176629973863,-0.05893396367656589,3.4119880201147894,0.46,True
6211,0.05,0.1,0.05,0.65,0.15,0.714508557659981,0.19681975678066244,0.09443304877497392,-0.05798860484137347,3.394110917464879,0.46,True
6212,0.05,0.05,0.15,0.65,0.1,0.6765320460242972,0.18791916810374554,0.07428201122707548,-0.05587540878508479,3.363181982731339,0.46,True
6213,0.15,0.05,0.05,0.65,0.1,0.6469720759510986,0.18089768099828807,0.07080460299392688,-0.03761610684564565,4.809048468002966,0.46,True
6214,0.05,0.15,0.05,0.65,0.1,0.6118365676221706,0.17244165002249923,0.06670965929110173,-0.03541478909007412,4.86919884187113,0.46,True
6215,0.1,0.05,0.15,0.65,0.05,0.5882580607100556,0.16669789026428083,0.05035189557270566,-0.034460899254390664,4.837305290082988,0.46,True
6216,0.15,0.05,0.1,0.65,0.05,0.5728943950999392,0.16292462211725622,0.04908131285151564,-0.02546385943302265,6.398268987691961,0.46,True
6217,0.05,0.1,0.15,0.65,0.05,0.5711072295749786,0.16248410678701952,0.04808473675805487,-0.031674431734317054,5.129819159817135,0.46,True
6218,0.15,0.1,0.05,0.65,0.05,0.5405299351515582,0.15489484975639933,0.04548539422578746,-0.02126721299913148,7.283269780705399,0.46,True
6219,0.05,0.15,0.1,0.65,0.05,0.5390073120483685,0.15451432094734674,0.04286150544537212,-0.018965162399317448,8.147271175115678,0.46,True
6220,0.1,0.15,0.05,0.65,0.05,0.5237937648662885,0.1506983458008022,0.04148058001988827,-0.01991343281585012,7.567672896701853,0.46,True
6221,0.1,0.0,0.1,0.65,0.15,0.7656882622788144,0.20860921943347632,0.09852483199945086,-0.07006126199604223,2.977525860799662,0.465,True
6222,0.1,0.1,0.0,0.65,0.15,0.70034654581084,0.19351611093217946,0.09320193496571805,-0.05209156759940348,3.714922008497888,0.465,True
6223,0.1,0.0,0.15,0.65,0.1,0.6945700806209967,0.19216333714399614,0.07579200347673361,-0.058825002051080544,3.2666949501698546,0.465,True
6224,0.15,0.0,0.1,0.65,0.1,0.6797217143955991,0.18867187342231673,0.07409434186123617,-0.0488369844537998,3.8632990044830042,0.465,True
6225,0.15,0.1,0.0,0.65,0.1,0.6144761781078687,0.17308116806255858,0.06844994078239171,-0.03616169409424741,4.786312488885643,0.465,True
6226,0.1,0.15,0.0,0.65,0.1,0.5971145541007659,0.16886196985264879,0.06589209044490521,-0.03492310598034154,4.835250620254177,0.465,True
6227,0.1,0.1,0.15,0.65,0.0,0.48029731960154876,0.13964616112420458,0.033003532464827796,-0.017755721836920424,7.864854068271718,0.465,True
6228,0.1,0.15,0.1,0.65,0.0,0.4483857682228174,0.13139915553754644,0.027721929298163153,-0.014097061672987188,9.321031473483139,0.465,True
6229,0.05,0.05,0.05,0.65,0.2,0.8146744439930877,0.21968185662745787,0.12120249437707609,-0.0789729908563519,2.781734036476454,0.47000000000000003,True
6230,0.05,0.0,0.15,0.65,0.15,0.7798068695824603,0.21182132123337438,0.10104891687857816,-0.0799257933781169,2.650224818304644,0.47000000000000003,True
6231,0.15,0.0,0.05,0.65,0.15,0.7514011568616572,0.20534130258556038,0.09733031209491327,-0.06001818099855882,3.4213183266998897,0.47000000000000003,True
6232,0.15,0.05,0.0,0.65,0.15,0.7185875000801438,0.1977678962166185,0.09501110470812354,-0.05307667419685547,3.7260792845293853,0.47000000000000003,True
6233,0.15,0.0,0.15,0.65,0.05,0.6055214222692988,0.17090879397407543,0.0538589696175396,-0.03759186465511233,4.5464303391726695,0.47000000000000003,True
6234,0.05,0.2,0.05,0.65,0.05,0.5071679734510528,0.14649897989301786,0.03893997164367521,-0.018551303983694978,7.896964009741743,0.47000000000000003,True
6235,0.15,0.05,0.15,0.65,0.0,0.49666125022316443,0.14382922727791292,0.037971855488400715,-0.019956765116345587,7.207041143161503,0.47000000000000003,True
6236,0.05,0.15,0.15,0.65,0.0,0.4640419198059378,0.13546020081386123,0.029676615053271193,-0.01601126198336511,8.460307560678073,0.47000000000000003,True
6237,0.05,0.0,0.1,0.65,0.2,0.8474319451025509,0.22697547310064636,0.12395011377627524,-0.09034080411399581,2.5124358292653586,0.47500000000000003,True
6238,0.1,0.0,0.05,0.65,0.2,0.8339298723202218,0.22397970141866885,0.12200744497873459,-0.08103749857145892,2.763901963498582,0.47500000000000003,True
6239,0.1,0.05,0.0,0.65,0.2,0.8011409003172936,0.21664291792477952,0.11977711918369191,-0.07344538870204986,2.9497143626490607,0.47500000000000003,True
6240,0.05,0.1,0.0,0.65,0.2,0.7821501455510362,0.21235279067631674,0.11899060107861685,-0.07259774682853226,2.9250603490197875,0.47500000000000003,True
6241,0.05,0.0,0.2,0.65,0.1,0.7092562931862965,0.19559666399255926,0.07918676064958619,-0.06902283371068618,2.8337964913526403,0.47500000000000003,True
6242,0.2,0.0,0.05,0.65,0.1,0.664711710823864,0.18512142341349613,0.0741961586489267,-0.040227276901736,4.601888014087955,0.47500000000000003,True
6243,0.1,0.0,0.2,0.65,0.05,0.6208821200432715,0.1746302896602261,0.056290527131619944,-0.04713389810097168,3.7049829675900714,0.47500000000000003,True
6244,0.0,0.2,0.05,0.65,0.1,0.5944400681539364,0.16820930570423842,0.06622968450807969,-0.034295557748225236,4.904696606456068,0.47500000000000003,True
6245,0.2,0.0,0.1,0.65,0.05,0.5900054316023937,0.16712549538194765,0.05390618166737353,-0.03005718736301377,5.560250643664695,0.47500000000000003,True
6246,0.0,0.2,0.1,0.65,0.05,0.5222306394872112,0.1503048343638742,0.04206712901359782,-0.017723534868121282,8.480522394786064,0.47500000000000003,True
6247,0.1,0.05,0.2,0.65,0.0,0.512479270675116,0.1478438575435459,0.03958725612990194,-0.023896489602969195,6.186844176693465,0.47500000000000003,True
6248,0.05,0.1,0.2,0.65,0.0,0.49596107477406326,0.14365086953463924,0.03673719653974658,-0.021170247817553944,6.785507225641772,0.47500000000000003,True
6249,0.05,0.2,0.1,0.65,0.0,0.43239217038681255,0.12722024493989603,0.02388111801466972,-0.014640248022149915,8.68976022451386,0.47500000000000003,True
6250,0.05,0.0,0.0,0.6,0.35,1.0470921680670386,0.2696640080121253,0.19411504410395303,-0.13818957603118143,1.951406290958427,0.485,True
6251,0.0,0.35,0.05,0.6,0.0,0.3734375210384542,0.1115418645988362,0.022351288377701253,-0.026113394149990143,4.27144261516377,0.485,True
6252,0.0,0.0,0.15,0.65,0.2,0.8607586590041858,0.22991805591528092,0.1269395580989524,-0.09972679625216196,2.3054792147731966,0.48500000000000004,True
6253,0.15,0.0,0.0,0.65,0.2,0.8202529569709489,0.22093010617035902,0.12114790524583859,-0.07482855548794043,2.952483911118192,0.48500000000000004,True
6254,0.0,0.0,0.2,0.65,0.15,0.7937564624588196,0.21497832866708788,0.10482061617397156,-0.08961649467385358,2.398870090260401,0.48500000000000004,True
6255,0.2,0.0,0.0,0.65,0.15,0.7369460696447376,0.20201682360780215,0.09750115638429943,-0.054051192025661776,3.7375091286033255,0.48500000000000004,True
6256,0.05,0.0,0.05,0.65,0.25,0.9118247270500603,0.2410652776242932,0.14695854878487147,-0.10083439136993455,2.39070494053848,0.49000000000000005,True
6257,0.05,0.05,0.0,0.65,0.25,0.8791384883740656,0.2339534192613335,0.1448286961119675,-0.09305649766519186,2.5141008433723235,0.49000000000000005,True
6258,0.05,0.0,0.25,0.65,0.05,0.6360870086105712,0.1782909502593002,0.06091808359177193,-0.05759681155687957,3.0955003487168637,0.49000000000000005,True
6259,0.0,0.25,0.05,0.65,0.05,0.4906522478998243,0.1422967222249525,0.03820764194152279,-0.017180749035674014,8.28233518396016,0.49000000000000005,True
6260,0.05,0.25,0.05,0.65,0.0,0.4010122747180602,0.11892981322476115,0.020558885268893504,-0.01974812065901177,6.022335759351827,0.49000000000000005,True
6261,0.0,0.0,0.1,0.65,0.25,0.9244796327173104,0.24379695397439938,0.14939750990582584,-0.10939825691228566,2.228526860074865,0.49500000000000005,True
6262,0.1,0.0,0.0,0.65,0.25,0.8989881180486952,0.23828203420432836,0.14541837901907267,-0.09498545572143946,2.508616002255438,0.49500000000000005,True
6263,0.0,0.0,0.25,0.65,0.1,0.7237798357777283,0.1989726728649197,0.08408813205378515,-0.07903679030700672,2.517469043113211,0.49500000000000005,True
6264,0.0,0.25,0.1,0.65,0.0,0.41650571459373253,0.12303841613403921,0.022826595178996673,-0.015246234971303396,8.070085261418523,0.49500000000000005,True
6265,0.05,0.05,0.1,0.7,0.1,0.6573669049905453,0.18337630987978515,0.0697338325326846,-0.04493108399393486,4.081279452428494,0.5149999999999999,True
6266,0.1,0.05,0.05,0.7,0.1,0.6425685812684496,0.1798445299016851,0.06787754983929377,-0.03744325289185202,4.803122485675406,0.5149999999999999,True
6267,0.05,0.1,0.05,0.7,0.1,0.6249708103396179,0.1756169071172251,0.06626885557956662,-0.03634977156619146,4.83130703579344,0.5149999999999999,True
6268,0.1,0.05,0.1,0.7,0.05,0.5687780599583936,0.1619094920684503,0.04474968480957656,-0.02300962475639734,7.0365985444171475,0.5149999999999999,True
6269,0.05,0.1,0.1,0.7,0.05,0.5518047282118288,0.15770483431897575,0.042217344379363086,-0.020138835280095857,7.830881584042883,0.5149999999999999,True
6270,0.1,0.1,0.05,0.7,0.05,0.5365004965891955,0.1538872789163408,0.040732333234071084,-0.01897821420921253,8.108627988909506,0.5149999999999999,True
6271,0.0,0.0,0.05,0.65,0.3,0.9846125909016856,0.25661608339615594,0.1717663419641013,-0.11946362172995717,2.148068840372398,0.515,True
6272,0.05,0.0,0.0,0.65,0.3,0.9726784227284717,0.25409276903552436,0.16972717544514124,-0.1139435702669167,2.229987777636802,0.515,True
6273,0.0,0.05,0.0,0.65,0.3,0.952107134100973,0.2497192553329941,0.16972509419838452,-0.11446527934245587,2.1816157420617213,0.515,True
6274,0.0,0.0,0.3,0.65,0.05,0.6511355716574296,0.18189170800046428,0.0673051338545103,-0.06795421597386075,2.6766802529283935,0.515,True
6275,0.0,0.3,0.05,0.65,0.0,0.38538555096167615,0.11475506360161902,0.01965364985859826,-0.01952966535982703,5.87593599210731,0.515,True
6276,0.05,0.05,0.05,0.7,0.15,0.7281354949536241,0.19998145079669105,0.09413018090019586,-0.058728673598201664,3.4051756755973237,0.5199999999999999,True
6277,0.1,0.0,0.1,0.7,0.1,0.6752286214523233,0.18761130814977078,0.0713230776560742,-0.047560273314106616,3.944706265893647,0.5199999999999999,True
6278,0.1,0.1,0.0,0.7,0.1,0.6101616339689118,0.17203548920687184,0.06539447022664192,-0.03403389384080213,5.054828284168416,0.5199999999999999,True
6279,0.05,0.05,0.15,0.7,0.05,0.5840804863795281,0.1656743088127839,0.04763372403208547,-0.033173143602805655,4.994229995096751,0.5199999999999999,True
6280,0.15,0.05,0.05,0.7,0.05,0.5533217363443441,0.15808187383943806,0.044867012961854545,-0.02033451714586121,7.774065777195664,0.5199999999999999,True
6281,0.05,0.15,0.05,0.7,0.05,0.519789895402329,0.14968984629685345,0.03805933567597721,-0.017613549195570233,8.498562364392754,0.5199999999999999,True
6282,0.1,0.1,0.1,0.7,0.0,0.4607358454558548,0.13460505943618206,0.026520297666866723,-0.012701134687785776,10.597876705112569,0.5199999999999999,True
6283,0.05,0.0,0.1,0.7,0.15,0.7608361570670525,0.20750137179276584,0.09718903854471375,-0.0681604294255348,3.0443084578782016,0.5249999999999999,True
6284,0.1,0.0,0.05,0.7,0.15,0.7466122077465986,0.20424194088218828,0.09524839675642699,-0.059663396429629145,3.4232369108098695,0.5249999999999999,True
6285,0.1,0.05,0.0,0.7,0.15,0.7138902031902259,0.19667589067371005,0.09286258085274697,-0.0528801527014201,3.7192761485431243,0.5249999999999999,True
6286,0.05,0.1,0.0,0.7,0.15,0.6956776567575946,0.19242295519336672,0.09176163155542057,-0.05189575205654029,3.707874875456519,0.5249999999999999,True
6287,0.05,0.0,0.15,0.7,0.1,0.6900146501785847,0.19109434396555236,0.07403236775100697,-0.05714492167208496,3.3440302020555768,0.5249999999999999,True
6288,0.15,0.0,0.05,0.7,0.1,0.660280990363717,0.1840693075271964,0.0704641809704212,-0.03852472588751599,4.777952426310304,0.5249999999999999,True
6289,0.15,0.05,0.0,0.7,0.1,0.6276100159000197,0.17625287934094525,0.06801053685555859,-0.03527476537054708,4.996571273812323,0.5249999999999999,True
6290,0.1,0.0,0.15,0.7,0.05,0.60131754283164,0.16988616906645704,0.04997576439315242,-0.03593057168843272,4.728178848352396,0.5249999999999999,True
6291,0.15,0.0,0.1,0.7,0.05,0.5858631060503017,0.16611130282841824,0.048633811907886966,-0.02745008776134883,6.051394234968957,0.5249999999999999,True
6292,0.0,0.15,0.1,0.7,0.05,0.5349427978045931,0.15349730041252707,0.04133215931653999,-0.018821478920728607,8.155432474728451,0.5249999999999999,True
6293,0.1,0.05,0.15,0.7,0.0,0.49282543195657924,0.14285143455383453,0.032205207604700914,-0.016961557613690115,8.422070531926586,0.5249999999999999,True
6294,0.05,0.1,0.15,0.7,0.0,0.4764862030707617,0.13866751405451927,0.0286774246912707,-0.015281035667868537,9.074484025064853,0.5249999999999999,True
6295,0.05,0.15,0.1,0.7,0.0,0.44465912630233695,0.13042819444615983,0.02232498980594856,-0.01120118423431904,11.644143308217716,0.5249999999999999,True
6296,0.05,0.0,0.05,0.7,0.2,0.8287744496729554,0.2228319630989939,0.12094864699067023,-0.08019663143070488,2.7785701110343424,0.5349999999999999,True
6297,0.0,0.05,0.05,0.7,0.2,0.8095493472503821,0.21853280662700092,0.12072173998568907,-0.07872860103752266,2.7757740357007803,0.5349999999999999,True
6298,0.05,0.05,0.0,0.7,0.2,0.7960794635722652,0.21550246798212225,0.11868819896320884,-0.07321952324102587,2.9432377929138624,0.5349999999999999,True
6299,0.0,0.0,0.15,0.7,0.15,0.7748916432579909,0.21070500004380466,0.1004585957456084,-0.07803131875428371,2.7002619385083446,0.5349999999999999,True
6300,0.15,0.0,0.0,0.7,0.15,0.7322203116103685,0.20092596191331724,0.0947036009710089,-0.05385399099173849,3.730939122861673,0.5349999999999999,True
6301,0.05,0.0,0.2,0.7,0.05,0.6166167217040486,0.17359926176219131,0.05389855527166839,-0.04584101483708525,3.7869855713087315,0.5349999999999999,True
6302,0.2,0.0,0.05,0.7,0.05,0.5702539276738143,0.1622736600331729,0.05006595708468542,-0.024561041897852243,6.6069534308869455,0.5349999999999999,True
6303,0.15,0.0,0.15,0.7,0.0,0.5092734513666566,0.14703248702592808,0.03735487710224943,-0.01958676588242314,7.506726118469244,0.5349999999999999,True
6304,0.05,0.05,0.2,0.7,0.0,0.5085830318170999,0.14685759630074124,0.03610314551757541,-0.02220760581150827,6.612941419585074,0.5349999999999999,True
6305,0.0,0.2,0.05,0.7,0.05,0.503189619777725,0.14548954657317514,0.03721618178353683,-0.016240444533157206,8.958470704181606,0.5349999999999999,True
6306,0.05,0.2,0.05,0.7,0.0,0.413102249713198,0.12213845154819314,0.018319283611369964,-0.015040545773507441,8.120613000847944,0.5349999999999999,True
6307,0.0,0.0,0.1,0.7,0.2,0.8422125827450173,0.22581916374877986,0.12348972309426587,-0.08847781807342103,2.552268677798877,0.5399999999999999,True
6308,0.1,0.0,0.0,0.7,0.2,0.815161509017942,0.21979094428093426,0.11949689879372186,-0.07405805815681965,2.9678194345242197,0.5399999999999999,True
6309,0.0,0.1,0.0,0.7,0.2,0.7771186667062244,0.2112110453227407,0.11849111943310939,-0.07237217179041555,2.9184013702724334,0.5399999999999999,True
6310,0.0,0.0,0.2,0.7,0.1,0.7046385602287446,0.19451926256911745,0.0784153953121854,-0.06709592944956122,2.8991216630413565,0.5399999999999999,True
6311,0.2,0.0,0.0,0.7,0.1,0.6451722732265299,0.18046746268538083,0.07150874161892866,-0.03650845641386813,4.943168800114713,0.5399999999999999,True
6312,0.1,0.0,0.2,0.7,0.0,0.5251857645810623,0.15104855044506293,0.039073989248030065,-0.026066807141155057,5.794670195974365,0.5399999999999999,True
6313,0.0,0.2,0.1,0.7,0.0,0.4286898088900073,0.12624843814399478,0.02101652370662495,-0.011254698950212472,11.21739805768962,0.5399999999999999,True
6314,0.0,0.0,0.05,0.7,0.25,0.9062945859933029,0.2398677605996089,0.14659554922910967,-0.0999988589692753,2.3987049759568597,0.5549999999999999,True
6315,0.05,0.0,0.0,0.7,0.25,0.8935227352997623,0.23709321795733196,0.14455223045007273,-0.09414878412360794,2.5182823141513144,0.5549999999999999,True
6316,0.0,0.05,0.0,0.7,0.25,0.873704666896651,0.2327631529444616,0.14445171470548945,-0.09235720162845618,2.5202490855108906,0.5549999999999999,True
6317,0.0,0.0,0.25,0.7,0.05,0.6317601263537747,0.1772515467361062,0.05991277430172151,-0.05563650820494748,3.1858855355042595,0.5549999999999999,True
6318,0.0,0.25,0.05,0.7,0.0,0.3973933721102625,0.11796578038876016,0.017064145768768694,-0.014725499840452017,8.01098649736151,0.5549999999999999,True
6319,0.0,0.0,0.0,0.7,0.3,0.9668308603063205,0.25285266656163974,0.16944171859883336,-0.11585642371808225,2.1824656626456513,0.58,True
6320,0.05,0.05,0.05,0.75,0.1,0.6381672815953006,0.1787900210450346,0.06594670281610206,-0.03727103078249572,4.7970237820469155,0.58,True
6321,0.05,0.05,0.1,0.75,0.05,0.564663721631836,0.16089307824820698,0.041757517394412975,-0.02173449727056087,7.4026592952823815,0.58,True
6322,0.1,0.05,0.05,0.75,0.05,0.5492686056784635,0.1570739533211034,0.0401729880030814,-0.018043470223297997,8.705307314902607,0.58,True
6323,0.05,0.1,0.05,0.75,0.05,0.5324729953413156,0.15287843047958471,0.03738039809440917,-0.016676271781967178,9.167422579721878,0.58,True
6324,0.05,0.0,0.1,0.75,0.1,0.6707377830190406,0.18654937820794326,0.06950739639406618,-0.04628816451360318,4.030174455353918,0.585,True
6325,0.1,0.0,0.05,0.75,0.1,0.6558524579012535,0.18301583888323902,0.0676019140052739,-0.038351481952439315,4.7720669336898585,0.585,True
6326,0.1,0.05,0.0,0.75,0.1,0.6232707424851196,0.17520687514771338,0.06501682782649482,-0.03314510903925938,5.286055174541322,0.585,True
6327,0.05,0.1,0.0,0.75,0.1,0.6058492253389678,0.17098845943838592,0.06336643124969983,-0.03189470150240481,5.361030245901303,0.585,True
6328,0.1,0.0,0.1,0.75,0.05,0.5817227703013903,0.16509583091405222,0.044378557974269026,-0.02484556734747878,6.644880698641217,0.585,True
6329,0.1,0.05,0.1,0.75,0.0,0.47314664877354695,0.13780857277386827,0.025587647599211692,-0.01183806272843635,11.641142299646434,0.585,True
6330,0.05,0.1,0.1,0.75,0.0,0.4569866089238872,0.13363372783548755,0.02105772978356229,-0.01012647612460471,13.19646895831732,0.585,True
6331,0.05,0.0,0.05,0.75,0.15,0.7418257113360311,0.20314113217961705,0.093909724895438,-0.059458273475849754,3.416532642208778,0.59,True
6332,0.0,0.05,0.05,0.75,0.15,0.7233777813959223,0.19887947075790802,0.09352738389264131,-0.05852411060618323,3.3982484944742732,0.59,True
6333,0.05,0.05,0.0,0.75,0.15,0.7091952995043269,0.19558244570822492,0.0914750889417932,-0.05268433301963138,3.712345482960683,0.59,True
6334,0.05,0.0,0.15,0.75,0.05,0.597115719709463,0.1688622541412883,0.047345881816284616,-0.03464964577118379,4.873419349115591,0.59,True
6335,0.15,0.0,0.05,0.75,0.05,0.5661751142821505,0.16126666234944875,0.044419936174496605,-0.01940229318317832,8.311732063159733,0.59,True
6336,0.0,0.15,0.05,0.75,0.05,0.5157879702646861,0.14868006480949303,0.03643080597953764,-0.015300620182900015,9.717257407360387,0.59,True
6337,0.05,0.15,0.0,0.75,0.05,0.5005439890392824,0.14481728041129993,0.03472857052106254,-0.016805243004253234,8.617386869957677,0.59,True
6338,0.05,0.05,0.15,0.75,0.0,0.48899141231045684,0.14187242490865115,0.027938888788478545,-0.015038730028880676,9.433803561617006,0.59,True
6339,0.05,0.15,0.05,0.75,0.0,0.4252523521455105,0.1253446599878023,0.016307310353259226,-0.010377681347031764,12.078291459937102,0.59,True
6340,0.0,0.0,0.1,0.75,0.15,0.7559865710721214,0.20639206366197893,0.09661760419183742,-0.06666976869734764,3.095736908866611,0.595,True
6341,0.1,0.0,0.0,0.75,0.15,0.727496939768205,0.19983366647794498,0.09260669762410109,-0.05365749042677237,3.724245485365415,0.595,True
6342,0.0,0.1,0.0,0.75,0.15,0.6910111679201953,0.19132835430562767,0.09113035897984419,-0.05170063959173432,3.7006960806770453,0.595,True
6343,0.0,0.0,0.15,0.75,0.1,0.6854615407584725,0.1900239739884655,0.07326133664591844,-0.05586626206236556,3.4014084166994163,0.595,True
6344,0.15,0.0,0.0,0.75,0.1,0.6408060817188859,0.17942247847339376,0.06768499397494791,-0.03438826165094455,5.217550113309247,0.595,True
6345,0.1,0.0,0.15,0.75,0.0,0.5054146696651214,0.14605433085351072,0.03164308729812486,-0.01676591934142624,8.711382172323287,0.595,True
6346,0.0,0.15,0.1,0.75,0.0,0.44093423051365743,0.12945601805415796,0.019484058111384574,-0.00961859561927425,13.458931342819646,0.595,True
6347,0.0,0.0,0.05,0.75,0.2,0.823621744437022,0.2216826721519205,0.12051159822226325,-0.07935753132479917,2.7934673426849006,0.605,True
6348,0.05,0.0,0.0,0.75,0.2,0.8100727119639632,0.21865024473188144,0.11845139862167062,-0.07383269950861038,2.9614282856660608,0.605,True
6349,0.0,0.05,0.0,0.75,0.2,0.7910206847380916,0.21436047379087841,0.1182326727991503,-0.07299443987542986,2.936668521009266,0.605,True
6350,0.0,0.0,0.2,0.75,0.05,0.612353446192611,0.17256693298337922,0.052833259880310963,-0.04455286251357038,3.873307420613366,0.605,True
6351,0.05,0.0,0.2,0.75,0.0,0.5212663141038323,0.15006193437455173,0.035684133163483574,-0.024282405378319938,6.17986282810893,0.605,True
6352,0.0,0.2,0.05,0.75,0.0,0.4094611213173811,0.12117404100017937,0.01462524246690321,-0.010604961454447226,11.426165151158058,0.605,True
6353,0.0,0.0,0.0,0.75,0.25,0.8880602681566752,0.23590274770624942,0.14421282066433672,-0.09331383201142784,2.5280576589905683,0.625,True
6354,0.0,0.25,0.0,0.75,0.0,0.3782580127848174,0.11284047976126499,0.014616883896136473,-0.01660403155699064,6.795968760596388,0.625,True
6355,0.05,0.05,0.05,0.8,0.05,0.5452174101011915,0.156064755619441,0.036909375079606906,-0.01573947137846121,9.915501725998809,0.6500000000000001,True
6356,0.05,0.0,0.05,0.8,0.1,0.6514261182224055,0.18196101305227574,0.06574245288554853,-0.038178866673753475,4.766013999503214,0.6550000000000001,True
6357,0.0,0.05,0.05,0.8,0.1,0.6337681817175898,0.17773414996410164,0.06512115863053311,-0.03709943705946339,4.790750589536638,0.6550000000000001,True
6358,0.05,0.05,0.0,0.8,0.1,0.618933602353338,0.17415952059681028,0.06305909615713569,-0.031004053432842626,5.617314554500249,0.6550000000000001,True
6359,0.05,0.0,0.1,0.8,0.05,0.577584429141565,0.1640790756555348,0.04148400288170475,-0.02330635233665268,7.0401010542304485,0.6550000000000001,True
6360,0.1,0.0,0.05,0.8,0.05,0.5620982289672736,0.16025839184030066,0.03980609743664425,-0.017230855235027653,9.300663818155714,0.6550000000000001,True
6361,0.0,0.1,0.05,0.8,0.05,0.5284474361938631,0.1518683004725363,0.035859823316873915,-0.014361275617221114,10.574847563709845,0.6550000000000001,True
6362,0.05,0.1,0.0,0.8,0.05,0.5131124574782078,0.148003977073647,0.03402177332764582,-0.015862625292958676,9.330358269216953,0.6550000000000001,True
6363,0.05,0.05,0.1,0.8,0.0,0.4693747550846288,0.13683687008123724,0.02012440010515633,-0.009578352257951894,14.286055304307277,0.6550000000000001,True
6364,0.1,0.05,0.05,0.8,0.0,0.4534433476407882,0.13271422626298546,0.020502110224402337,-0.008816680453677783,15.052629723880392,0.6550000000000001,True
6365,0.05,0.1,0.05,0.8,0.0,0.43746271884817944,0.12854846379241902,0.014603345796789317,-0.006157759928625328,20.875848568704505,0.6550000000000001,True
6366,0.0,0.0,0.1,0.8,0.1,0.6662492038816727,0.18548607909054904,0.0687426439020261,-0.04502063321102612,4.120023772680327,0.6600000000000001,True
6367,0.1,0.0,0.0,0.8,0.1,0.6364420164825491,0.17837614884526198,0.06475868402789543,-0.03225675126773142,5.529885739724309,0.6600000000000001,True
6368,0.0,0.1,0.0,0.8,0.1,0.6015389570039582,0.1699400743349524,0.06248696808914963,-0.0304462221415156,5.581647323765235,0.6600000000000001,True
6369,0.1,0.0,0.1,0.8,0.0,0.48561831500910757,0.14100972013195312,0.024946700563128425,-0.011026658061164318,12.788074079179683,0.6600000000000001,True
6370,0.0,0.1,0.1,0.8,0.0,0.4532391162978364,0.132661181238372,0.01828818991659452,-0.00911083002210733,14.56082276987619,0.6600000000000001,True
6371,0.0,0.0,0.05,0.8,0.15,0.7370416724159241,0.20203887146537713,0.09336148469192362,-0.059253871887107734,3.409715939750025,0.6650000000000001,True
6372,0.05,0.0,0.0,0.8,0.15,0.7227759589041625,0.19873993237519993,0.09127346964151672,-0.05346168660522277,3.717427282883078,0.6650000000000001,True
6373,0.0,0.05,0.0,0.8,0.15,0.7045027938083803,0.1944875563527746,0.09089891072943208,-0.05248921139873597,3.7052863087491192,0.6650000000000001,True
6374,0.0,0.0,0.15,0.8,0.05,0.5929159576886873,0.167837045146211,0.046211565915763586,-0.03337343858168351,5.029060602653205,0.6650000000000001,True
6375,0.05,0.0,0.15,0.8,0.0,0.5015576843581753,0.14507495807524995,0.027475391954069558,-0.014977911284163925,9.685927184562578,0.6650000000000001,True
6376,0.0,0.15,0.0,0.8,0.05,0.49660455975308193,0.14381478841850348,0.033045468759372414,-0.014476276360989804,9.934515260157015,0.6650000000000001,True
6377,0.0,0.15,0.05,0.8,0.0,0.42158893541618747,0.12437987109262494,0.012408969326505414,-0.006654570546390515,18.690893758739914,0.6650000000000001,True
6378,0.0,0.0,0.0,0.8,0.2,0.8049865705949348,0.2175080019446678,0.11804022408006712,-0.073608115813519,2.9549459260132274,0.6800000000000002,True
6379,0.0,0.0,0.2,0.8,0.0,0.5173487265334944,0.14907409216098988,0.03420592048483155,-0.023959393292131925,6.221947707246186,0.6800000000000002,True
6380,0.0,0.2,0.0,0.8,0.0,0.3902091016271674,0.11604703204309863,0.011720471405074078,-0.011716682002894552,9.904427893018667,0.6800000000000002,True
6381,0.05,0.0,0.05,0.85,0.05,0.5580232765151216,0.15924884456622257,0.03664953088184491,-0.01574300839648901,10.115528147830886,0.7299999999999999,True
6382,0.0,0.05,0.05,0.85,0.05,0.5411681543984526,0.1550542767657117,0.0355085045207569,-0.014340605466721557,10.81225455407212,0.7299999999999999,True
6383,0.05,0.05,0.0,0.85,0.05,0.5257419783023414,0.15118842524414,0.03354354060196798,-0.014920490148138121,10.132939584629282,0.7299999999999999,True
6384,0.05,0.05,0.05,0.85,0.0,0.44973348665437674,0.13174988784295683,0.013311430114153259,-0.004804990187459279,27.419387491532387,0.7299999999999999,True
6385,0.0,0.0,0.05,0.85,0.1,0.6470019761130943,0.18090482557686816,0.06499250265390626,-0.0380068766358137,4.759791953185713,0.7349999999999999,True
6386,0.05,0.0,0.0,0.85,0.1,0.6320800823034409,0.17732846941977876,0.06287539542478772,-0.03185900016283061,5.566040004816758,0.7349999999999999,True
6387,0.0,0.05,0.0,0.85,0.1,0.6145986002905914,0.17311081127267913,0.062256372351299855,-0.030737328540976216,5.6319406887265275,0.7349999999999999,True
6388,0.0,0.0,0.1,0.85,0.05,0.5734480873567698,0.16306103304491293,0.04027632741212656,-0.022042533865785807,7.3975630042249625,0.7349999999999999,True
6389,0.1,0.0,0.0,0.85,0.05,0.5424443453440595,0.15537293698114207,0.036648876511449775,-0.016300829313615317,9.531597073491614,0.7349999999999999,True
6390,0.0,0.1,0.0,0.85,0.05,0.5091496401405806,0.14700112823151912,0.032454132489779554,-0.014426974679390248,10.189324615750422,0.7349999999999999,True
6391,0.05,0.0,0.1,0.85,0.0,0.48182370161773025,0.14003764579507494,0.019563396874250093,-0.009288731885890189,15.076077931347717,0.7349999999999999,True
6392,0.1,0.0,0.05,0.85,0.0,0.4657971271277439,0.13591367545142008,0.019759942705243942,-0.008094832634518379,16.79017733755858,0.7349999999999999,True
6393,0.0,0.05,0.1,0.85,0.0,0.4656046030757204,0.13586395270105478,0.017487147794444675,-0.008607999724215776,15.783452259976988,0.7349999999999999,True
6394,0.0,0.1,0.05,0.85,0.0,0.4337769512398675,0.12758329594700646,0.010537341297731819,-0.0044819215591955786,28.466204564701325,0.7349999999999999,True
6395,0.0,0.0,0.0,0.85,0.15,0.7180573738041858,0.1976447546465574,0.09075311571553421,-0.05326657582792249,3.710483573884084,0.7449999999999999,True
6396,0.0,0.0,0.15,0.85,0.0,0.49770250023172546,0.14409436508747953,0.025663961971529856,-0.015127412943353846,9.525380554299383,0.7449999999999999,True
6397,0.0,0.15,0.0,0.85,0.0,0.40221999292554744,0.11925116553394388,0.008863251486101547,-0.006927101870997432,17.21515978178807,0.7449999999999999,True
6398,0.0,0.0,0.05,0.9,0.05,0.5539502617116003,0.1582380165633639,0.03537850605477964,-0.015446706758343365,10.244126404347865,0.8150000000000001,True
6399,0.05,0.0,0.0,0.9,0.05,0.5384326883448662,0.1543706476980582,0.03329842407481734,-0.014151636545917445,10.908324786124615,0.8150000000000001,True
6400,0.0,0.05,0.0,0.9,0.05,0.5217557103678039,0.15018521922984163,0.032106032235983434,-0.014423504989941938,10.412532829889235,0.8150000000000001,True
6401,0.05,0.0,0.05,0.9,0.0,0.4620647923972654,0.13494895665937534,0.012544468078990994,-0.004320945040585444,31.23135226017388,0.8150000000000001,True
6402,0.0,0.05,0.05,0.9,0.0,0.4460253056215877,0.1307843404755329,0.00920160487830692,-0.00400190689015556,32.680505585288394,0.8150000000000001,True
6403,0.05,0.05,0.0,0.9,0.0,0.4300680335344431,0.12661039459544843,0.009890698804999614,-0.002912175280344931,43.47622735828323,0.8150000000000001,True
6404,0.0,0.0,0.0,0.9,0.1,0.6277202839674936,0.1762794357880082,0.06215138894937333,-0.031697386567395625,5.561323972662519,0.8200000000000001,True
6405,0.0,0.0,0.1,0.9,0.0,0.47803082768049143,0.13906435708417852,0.01712569169692833,-0.008110033119587468,17.147199651787897,0.8200000000000001,True
6406,0.0,0.1,0.0,0.9,0.0,0.4142908235131342,0.12245290541715392,0.00606683670011394,-0.003620425089598811,33.82279770653209,0.8200000000000001,True
6407,0.0,0.0,0.0,0.95,0.05,0.5344229072679263,0.1533670842135333,0.03200363292933923,-0.014420040009746171,10.635690615967503,0.9049999999999999,True
6408,0.0,0.0,0.05,0.95,0.0,0.4583341353945236,0.1339830292287012,0.008632087076519173,-0.003526532149266459,37.99285631255921,0.9049999999999999,True
6409,0.05,0.0,0.0,0.95,0.0,0.44228138321151933,0.12980781037222755,0.008912596132521789,-0.0020081412966580503,64.64077532206213,0.9049999999999999,True
6410,0.0,0.05,0.0,0.95,0.0,0.42642173022308993,0.12565227650820443,0.0034240531053386317,-0.0008499016408649585,147.8433155868791,0.9049999999999999,True
6411,0.0,0.0,0.0,1.0,0.0,0.4386128498885893,0.12884930326168287,0.0017126334269920284,0.0,0.0,1.0,True
