point,brazilian_stocks,fiis,international_equity,fixed_income,crypto,total_return,annualized_return,annualized_volatility,max_drawdown,calmar,hhi,feasible
1,0.2,0.2,0.2,0.2,0.2,0.8602262794583562,0.22980077466468396,0.1401370386550294,-0.10681566274814569,2.151377136577035,0.20000000000000004,True
2,0.2,0.19,0.2,0.2,0.21,0.8797626117190995,0.23408998507462897,0.14488406726656894,-0.11137406503768166,2.101835692137378,0.20020000000000002,True
3,0.2,0.2,0.2,0.19,0.21,0.8768861844421685,0.2334603360034304,0.1450140863579374,-0.11107962311224928,2.1017386399259905,0.20020000000000002,True
4,0.19,0.2,0.2,0.2,0.21,0.8749627937368079,0.23303894732574526,0.14437791443631473,-0.11098258589800403,2.0997793972823295,0.20020000000000002,True
5,0.2,0.2,0.19,0.2,0.21,0.873197405803386,0.23265192115335465,0.14421851187326004,-0.1088094255475357,2.138159630773124,0.20020000000000002,True
6,0.2,0.19,0.21,0.2,0.2,0.8667941517005475,0.23124609088589176,0.1408293461003991,-0.10939813149611066,2.1138029299349874,0.20020000000000002,True
7,0.21,0.19,0.2,0.2,0.2,0.864994557026145,0.23085041241134574,0.14068640518716855,-0.10721470714785841,2.153159940016279,0.20020000000000002,True
8,0.2,0.19,0.2,0.21,0.2,0.8630871193266276,0.23043074439272648,0.14000618323894262,-0.10711844049359232,2.151177176692659,0.20020000000000002,True
9,0.21,0.2,0.2,0.19,0.2,0.8621323764688595,0.23022057749782987,0.1408187497350167,-0.10691197934019747,2.153365590260567,0.20020000000000002,True
10,0.21,0.2,0.19,0.2,0.2,0.858423110320657,0.2294033768116852,0.14001292133342677,-0.10462059312667349,2.1927172266546613,0.20020000000000002,True
11,0.19,0.2,0.2,0.21,0.2,0.8583201000686962,0.22938066676906144,0.139479809424366,-0.10671940837689253,2.1493809819388785,0.20020000000000002,True
12,0.2,0.2,0.19,0.21,0.2,0.856521650528757,0.2289840382376347,0.13932878074918367,-0.10452486750272849,2.190713499174322,0.20020000000000002,True
13,0.2,0.21,0.19,0.2,0.2,0.8536676293625105,0.22835408866010698,0.1394614756500694,-0.10421715661920394,2.1911371991704147,0.20020000000000002,True
14,0.2,0.2,0.21,0.2,0.19,0.8471230795077762,0.2269071069946751,0.13609178915817985,-0.104803605098724,2.1650696727553482,0.20020000000000002,True
15,0.21,0.2,0.2,0.2,0.19,0.845293542777275,0.22650199032953378,0.13595917341559255,-0.10259463056814944,2.207737277040807,0.20020000000000002,True
16,0.2,0.2,0.2,0.21,0.19,0.8434048002224401,0.22608348260287903,0.13525425508792394,-0.10249912369962877,2.20571137042509,0.20020000000000002,True
17,0.2,0.21,0.2,0.2,0.19,0.8405623024419187,0.22545310247102712,0.13538850877168243,-0.10218686349143691,2.206282635242246,0.20020000000000002,True
18,0.2,0.19,0.21,0.19,0.21,0.8834537319200089,0.23489702979751792,0.1456941350248526,-0.11363333369899142,2.0671489795392914,0.2004,True
19,0.21,0.19,0.2,0.19,0.21,0.8816872885644416,0.2345109376113852,0.14554265510923753,-0.11147111109593,2.103782184512087,0.2004,True
20,0.19,0.19,0.21,0.2,0.21,0.8815243758508304,0.2344753175491079,0.14506154180320452,-0.11353577670055948,2.065210846863854,0.2004,True
21,0.21,0.19,0.19,0.2,0.21,0.8779896821088318,0.2337019673295071,0.1447497068822433,-0.10920425598809991,2.1400444993185412,0.2004,True
22,0.19,0.19,0.2,0.21,0.21,0.8778378688010859,0.2336687306007399,0.1442493880201911,-0.11127708119489632,2.099881917207018,0.2004,True
23,0.2,0.19,0.19,0.21,0.21,0.8760696239415371,0.23328147391846277,0.1440889649056569,-0.10910778738753202,2.138082711638971,0.2004,True
24,0.21,0.2,0.19,0.19,0.21,0.8751161144861686,0.23307254838011837,0.1448807268984234,-0.10890594558819722,2.140126942760578,0.2004,True
25,0.19,0.2,0.19,0.21,0.21,0.8712786283371363,0.23223099146999537,0.14358028977428655,-0.10871296757572069,2.1361848236572327,0.2004,True
26,0.2,0.21,0.19,0.19,0.21,0.8703277821406648,0.2320222939945158,0.14435028069501746,-0.1085101506195485,2.138254280081297,0.2004,True
27,0.21,0.19,0.21,0.19,0.2,0.8687062265307073,0.23166622191124242,0.1415070999589608,-0.10949498287429882,2.115770200879407,0.2004,True
28,0.19,0.21,0.19,0.2,0.21,0.8684103539553703,0.2316012300004564,0.143710570795614,-0.10841364147237931,2.1362738752711463,0.2004,True
29,0.19,0.19,0.21,0.21,0.2,0.8648819972020052,0.23082565532556032,0.14017598394808964,-0.10930134249118595,2.11182818128857,0.2004,True
30,0.21,0.19,0.19,0.21,0.2,0.8612810568589984,0.23003311649075142,0.13988102570108987,-0.10492731161188362,2.192309256350935,0.2004,True
31,0.21,0.21,0.19,0.19,0.2,0.8555677513971238,0.22877356215457856,0.14014709918531354,-0.10431292990342433,2.1931467399715756,0.2004,True
32,0.21,0.19,0.21,0.2,0.19,0.8518671407749723,0.2279563457617262,0.1366600868704302,-0.1052069243205922,2.1667427998093105,0.2004,True
33,0.19,0.21,0.19,0.21,0.2,0.8517674222379548,0.22793430957381577,0.1388004225503438,-0.1041214453968512,2.189119721735143,0.2004,True
34,0.2,0.19,0.21,0.21,0.19,0.8499724106554309,0.2275375055959159,0.13595945590271413,-0.10511086737226738,2.1647381596619737,0.2004,True
35,0.21,0.2,0.21,0.19,0.19,0.849016477733813,0.22732608298326373,0.13679392401933868,-0.10489971043448476,2.1670801763103102,0.2004,True
36,0.21,0.19,0.2,0.21,0.19,0.8481399519241364,0.22713215869431247,0.13582576879734276,-0.1029058816041929,2.2071834491242335,0.2004,True
37,0.19,0.2,0.21,0.21,0.19,0.8452295853068783,0.22648782330120332,0.1354146359836112,-0.10470756213203958,2.1630512514043154,0.2004,True
38,0.21,0.21,0.2,0.19,0.19,0.8424497160349664,0.22587174612689132,0.13609492393634107,-0.10228241641945579,2.208314527891099,0.2004,True
39,0.21,0.2,0.19,0.21,0.19,0.8415688191649942,0.2256763916521971,0.13514015545193075,-0.10028229785077725,2.2504110544815163,0.2004,True
40,0.21,0.21,0.19,0.2,0.19,0.8387292467396998,0.22504624176121757,0.13527549158519497,-0.09996600856119064,2.25122764227866,0.2004,True
41,0.19,0.21,0.2,0.21,0.19,0.8386747901632301,0.22503415057272003,0.1347071697812879,-0.10209137276737079,2.204242576750253,0.2004,True
42,0.2,0.21,0.19,0.21,0.19,0.8368464889057943,0.22462806765311605,0.13456633348702746,-0.09987106053451544,2.2491807581785372,0.2004,True
43,0.2,0.19,0.2,0.19,0.22,0.8962727762863307,0.23769168547793917,0.14975329216107972,-0.11557824467769584,2.056543479620855,0.2006,True
44,0.19,0.19,0.2,0.2,0.22,0.8943309373624504,0.23726916004505072,0.14913826346492018,-0.11548050736143334,2.0546251957695394,0.2006,True
45,0.2,0.19,0.19,0.2,0.22,0.8925960750470248,0.23689142640797511,0.1489701247718896,-0.1133321681957874,2.0902399572796706,0.2006,True
46,0.2,0.2,0.19,0.19,0.22,0.8897084198263208,0.23626218153425405,0.14909900226907724,-0.11304203028967086,2.0900383771313273,0.2006,True
47,0.19,0.2,0.19,0.2,0.22,0.8877725366091709,0.23583997690651048,0.14848068558147637,-0.11294480426597864,2.0880993901332605,0.2006,True
48,0.2,0.18,0.21,0.2,0.21,0.8863369655826041,0.23552670095071204,0.14556583516099522,-0.11392299615795054,2.067420177609812,0.2006,True
49,0.21,0.18,0.2,0.2,0.21,0.8845676659271853,0.23514037865671278,0.1454133653339262,-0.11176460380955544,2.1038895199538046,0.2006,True
50,0.2,0.18,0.2,0.21,0.21,0.8826416366656191,0.23471955983013193,0.1447562556375347,-0.11166761137603765,2.10194842477395,0.2006,True
51,0.21,0.2,0.2,0.18,0.21,0.8788095093204105,0.23388142245308075,0.1456741413053814,-0.11117672267118628,2.103690564299175,0.2006,True
52,0.18,0.2,0.2,0.21,0.21,0.87303933818709,0.23261725611369632,0.1437660874389457,-0.1108856109684252,2.097812818833044,0.2006,True
53,0.21,0.18,0.21,0.2,0.2,0.8715752314931766,0.23229607725710122,0.14137655654604164,-0.10979283021163999,2.1157672755982357,0.2006,True
54,0.21,0.2,0.18,0.2,0.21,0.8714208554390559,0.2322622022553702,0.1441024769673071,-0.10662809979535681,2.1782457222920915,0.2006,True
55,0.2,0.18,0.21,0.21,0.2,0.8696618130422935,0.2318760809401268,0.1407002975926586,-0.10969603100402348,2.113805566325567,0.2006,True
56,0.2,0.2,0.18,0.21,0.21,0.8695067655222655,0.23184203538136794,0.14343814715775877,-0.10653216335346993,2.1762632812789535,0.2006,True
57,0.21,0.18,0.2,0.21,0.2,0.8678593283923881,0.23148017242561036,0.1405563276725682,-0.10751650824219061,2.1529733081005613,0.2006,True
58,0.22,0.19,0.2,0.19,0.2,0.8669019111181784,0.2312697759727591,0.14139063929793697,-0.1073110359555286,2.1551350605598567,0.2006,True
59,0.2,0.21,0.18,0.2,0.21,0.8666413514210527,0.23121250443584618,0.14356945990987569,-0.10622893202906525,2.1765492697656437,0.2006,True
60,0.22,0.19,0.19,0.2,0.2,0.8631837682934973,0.23045201566109252,0.1405877943990514,-0.10502305128628797,2.1942993736955043,0.2006,True
61,0.19,0.19,0.2,0.22,0.2,0.8611795990024005,0.23001077160735806,0.13935047069142067,-0.10702223593259297,2.149186751734736,0.2006,True
62,0.22,0.2,0.19,0.19,0.2,0.8603244837943098,0.2298224104008879,0.1407211577429843,-0.10471638074644585,2.194713078915194,0.2006,True
63,0.2,0.19,0.19,0.22,0.2,0.8593782588606853,0.22961391263083786,0.13919838040617752,-0.10483163380716953,2.190311304822327,0.2006,True
64,0.21,0.2,0.18,0.21,0.2,0.8547120194442075,0.22858468508218266,0.13922266993672613,-0.10232203018998398,2.23397331598839,0.2006,True
65,0.19,0.2,0.19,0.22,0.2,0.8546201054013449,0.22856439436836795,0.13866923860888355,-0.10442920381444198,2.1887018766752173,0.2006,True
66,0.2,0.19,0.22,0.2,0.19,0.8536931493329398,0.2283597243820017,0.13681204494324598,-0.10740412291336654,2.126172796608557,0.2006,True
67,0.21,0.21,0.18,0.2,0.2,0.8518608949623365,0.22795496556112327,0.13935641577276123,-0.10201033890799449,2.2346260977205574,0.2006,True
68,0.22,0.19,0.2,0.2,0.19,0.8500299237303648,0.227550223374972,0.1365537776381106,-0.10300140425529514,2.209195350492263,0.2006,True
69,0.2,0.21,0.18,0.21,0.2,0.8499654102342544,0.22753595758539924,0.13866840438692807,-0.10191516291887548,2.2326016175484895,0.2006,True
70,0.22,0.2,0.2,0.19,0.19,0.8471821854181476,0.22692019043012146,0.13668866301796587,-0.10269019957524061,2.2097550824590435,0.2006,True
71,0.2,0.19,0.2,0.22,0.19,0.8462498799583897,0.22671378668749953,0.13512236071278394,-0.10281042096575588,2.205163489827684,0.2006,True
72,0.22,0.2,0.19,0.2,0.19,0.8434528006077882,0.22609412207184665,0.13587249897859663,-0.10037726385162793,2.2524435653680137,0.2006,True
73,0.19,0.2,0.2,0.22,0.19,0.8415159587363943,0.22566466693504816,0.13457444291504245,-0.10240367890909596,2.2036773418596742,0.2006,True
74,0.2,0.2,0.19,0.22,0.19,0.8396847348518977,0.225258353369568,0.13443250030968298,-0.1001873936935348,2.24837022967795,0.2006,True
75,0.2,0.22,0.19,0.2,0.19,0.8340108217209772,0.22399770580855005,0.13470254242550161,-0.0995537457939174,2.25001785741181,0.2006,True
76,0.21,0.2,0.21,0.2,0.18,0.8320346071504814,0.2235580138226363,0.13194814529199142,-0.10054995643482956,2.223352667164338,0.2006,True
77,0.2,0.2,0.21,0.21,0.18,0.8301586689448925,0.22314033986115112,0.1312214467318214,-0.10045467645265138,2.2213036539550925,0.2006,True
78,0.21,0.2,0.2,0.21,0.18,0.8282965890951155,0.2227254690483471,0.1310989497238442,-0.09822369698573585,2.2675329465626968,0.2006,True
79,0.21,0.21,0.2,0.2,0.18,0.8254686991771429,0.22209487690910246,0.13123606799476747,-0.09790273771436331,2.268525703102161,0.2006,True
80,0.2,0.21,0.2,0.21,0.18,0.8235987553495974,0.2216775396764843,0.13050471754077278,-0.09780802596684723,2.266455513084617,0.2006,True
81,0.21,0.19,0.19,0.19,0.22,0.8945332667953716,0.23731319845272503,0.14961040476925064,-0.11342940148347391,2.0921665401478853,0.20079999999999998,True
82,0.19,0.19,0.19,0.21,0.22,0.8906588308217125,0.23646935498801858,0.1483532824064498,-0.11323499696243211,2.0883062774883268,0.20079999999999998,True
83,0.21,0.18,0.21,0.19,0.21,0.8882676134342746,0.23594797768300024,0.146220754034286,-0.11402055998785843,2.069345894355591,0.20079999999999998,True
84,0.21,0.19,0.21,0.18,0.21,0.8853830248728667,0.23531844033641858,0.14635052592984632,-0.11373095318375936,2.0690799975641263,0.20079999999999998,True
85,0.19,0.18,0.21,0.21,0.21,0.8844062543690325,0.23510512279895224,0.14493473913695673,-0.1138254946839573,2.0654873800613336,0.20079999999999998,True
86,0.21,0.18,0.19,0.21,0.21,0.8808658457506982,0.23433131222701542,0.1446208943871672,-0.1095016573376072,2.139979594140232,0.20079999999999998,True
87,0.22,0.19,0.19,0.19,0.21,0.8799096702643481,0.23412215888000043,0.1454339991337685,-0.10930078658954456,2.1419988472653495,0.20079999999999998,True
88,0.18,0.19,0.21,0.21,0.21,0.8795949576480571,0.2340533032856582,0.1444532034054036,-0.11343828212848939,2.063265582782279,0.20079999999999998,True
89,0.21,0.19,0.18,0.21,0.21,0.8742902089181275,0.23289152515071,0.14397191832886636,-0.10693035516403693,2.1779739232460402,0.20079999999999998,True
90,0.19,0.19,0.19,0.22,0.21,0.8741494967452252,0.23286067834198154,0.1434522416560843,-0.10901138072812544,2.1361134661961256,0.20079999999999998,True
91,0.21,0.21,0.18,0.19,0.21,0.8685540947850545,0.23163280523087093,0.1442352573127635,-0.10632491768271346,2.178537357744226,0.20079999999999998,True
92,0.19,0.21,0.18,0.21,0.21,0.864728536562815,0.23079190066296218,0.14292773828323815,-0.10613300829133931,2.1745534624763416,0.20079999999999998,True
93,0.21,0.19,0.22,0.19,0.19,0.8555925350357363,0.2287790315314142,0.13750985537644075,-0.10750077197940755,2.128161754738266,0.20079999999999998,True
94,0.21,0.18,0.21,0.21,0.19,0.8547203894148276,0.22858653278261976,0.13652857934050155,-0.10551319345762789,2.1664260676027762,0.20079999999999998,True
95,0.22,0.19,0.21,0.19,0.19,0.8537617736913305,0.22837487883730234,0.13738520029349702,-0.10530304357121034,2.168739583323303,0.20079999999999998,True
96,0.19,0.19,0.22,0.21,0.19,0.8517936703660607,0.22794011006338244,0.1361391200643224,-0.10730753637488988,2.124176155410467,0.20079999999999998,True
97,0.19,0.19,0.21,0.22,0.19,0.8480775843154538,0.2271183580255911,0.13528383608904024,-0.10501487266568321,2.1627256431441535,0.20079999999999998,True
98,0.22,0.19,0.19,0.21,0.19,0.8462962800209113,0.22672406087207886,0.13573803529487363,-0.10069253174917125,2.251647236727116,0.20079999999999998,True
99,0.21,0.19,0.19,0.22,0.19,0.8444109718953603,0.22630646576833868,0.13500717854682343,-0.10059760992418687,2.2496207011169496,0.20079999999999998,True
100,0.22,0.21,0.19,0.19,0.19,0.8406119019488645,0.22546410770553194,0.13600930809824513,-0.10006101855596794,2.253266166578359,0.20079999999999998,True
101,0.21,0.22,0.19,0.19,0.19,0.8358922535248094,0.22441601595200744,0.13541318983269893,-0.09964873750548664,2.252070839729918,0.20079999999999998,True
102,0.21,0.21,0.18,0.21,0.19,0.8350069947230063,0.2242192266151124,0.13447207567295882,-0.09764228939429631,2.2963331565247995,0.20079999999999998,True
103,0.19,0.21,0.19,0.22,0.19,0.8349636294299001,0.22420958506528588,0.13388237482621604,-0.09977617441533826,2.2471254924243604,0.20079999999999998,True
104,0.21,0.19,0.21,0.21,0.18,0.8348693484550995,0.22418862273842088,0.1318130478975059,-0.10086581081263513,2.222642349595206,0.20079999999999998,True
105,0.19,0.22,0.19,0.21,0.19,0.8321292885207192,0.22357908688319506,0.1340170639606329,-0.09945881611439089,2.247956446877965,0.20079999999999998,True
106,0.21,0.21,0.19,0.21,0.18,0.82173320866524,0.2212608993862759,0.13040265115802824,-0.09556496570453699,2.315293033959321,0.20079999999999998,True
107,0.2,0.18,0.2,0.2,0.22,0.8991672232275831,0.2383209540835729,0.14962606957876246,-0.11586366418574612,2.0569084860074005,0.20080000000000003,True
108,0.2,0.2,0.18,0.2,0.22,0.8860340042012846,0.23546056721475095,0.14833016501195878,-0.11078514188945443,2.1253803822330464,0.20080000000000003,True
109,0.2,0.18,0.22,0.2,0.2,0.8733712425034823,0.23269004218221778,0.14153808496326056,-0.11196471087488125,2.078244478675474,0.20080000000000003,True
110,0.22,0.18,0.2,0.2,0.2,0.8697680233769787,0.2318994016726701,0.1412590876657127,-0.10761278683893649,2.1549428138103397,0.20080000000000003,True
111,0.2,0.18,0.2,0.22,0.2,0.8659505495547519,0.23106063901574703,0.13987760698426877,-0.10742029167139733,2.1509961983958314,0.20080000000000003,True
112,0.22,0.2,0.2,0.18,0.2,0.8640383901174573,0.230640075578757,0.14152444566684158,-0.10700835821339738,2.155346361999235,0.20080000000000003,True
113,0.22,0.2,0.18,0.2,0.2,0.8566087501723658,0.22900325302045887,0.13993339833548457,-0.10241722237628403,2.235983828765575,0.20080000000000003,True
114,0.18,0.2,0.2,0.22,0.2,0.8564138392826179,0.22896025349982585,0.13884755780395025,-0.1066232161661651,2.1473771072803385,0.20080000000000003,True
115,0.2,0.2,0.18,0.22,0.2,0.8528151994414372,0.22816581192571395,0.1385361474583525,-0.10222689971058352,2.231954725925157,0.20080000000000003,True
116,0.2,0.22,0.18,0.2,0.2,0.8471182049986228,0.22690602798139414,0.13880297120267676,-0.10160246325344413,2.23327290220695,0.20080000000000003,True
117,0.22,0.2,0.2,0.2,0.18,0.8301677341403546,0.22314235889533696,0.13185396237131247,-0.09831842853191153,2.2695883389034326,0.20080000000000003,True
118,0.2,0.2,0.2,0.22,0.18,0.8264253275838611,0.22230826865651476,0.13036911428209774,-0.09812902741573049,2.2654689902783836,0.20080000000000003,True
119,0.2,0.18,0.21,0.19,0.22,0.902846203724119,0.2391198623568518,0.15042332568187397,-0.11809901840768289,2.0247404727057066,0.201,True
120,0.21,0.18,0.2,0.19,0.22,0.9011103763251538,0.2387430475497121,0.15026297746354092,-0.11596140679422484,2.058814688005338,0.201,True
121,0.19,0.18,0.21,0.2,0.22,0.9008984062497323,0.23869701720088154,0.14981162307853008,-0.11800077781521223,2.0228427440934174,0.201,True
122,0.21,0.19,0.2,0.18,0.22,0.8982145656895897,0.23811391175985297,0.15039165474360747,-0.11567604431368406,2.0584548267759617,0.201,True
123,0.21,0.18,0.19,0.2,0.22,0.8974248861076217,0.23794223712915064,0.14948221780520646,-0.1137186058361076,2.0923773676233366,0.201,True
124,0.19,0.18,0.2,0.21,0.22,0.8972240203638246,0.23789856175202595,0.14901251922942055,-0.11576598376653402,2.0549953795736533,0.201,True
125,0.2,0.18,0.19,0.21,0.22,0.8954863331475709,0.2375205978060566,0.14884339834213822,-0.11362142758180782,2.090456024547315,0.201,True
126,0.18,0.19,0.2,0.21,0.22,0.8923890499006939,0.23684633516027032,0.14854700059886342,-0.11538283230534818,2.05269995915408,0.201,True
127,0.21,0.2,0.19,0.18,0.22,0.8916442508120646,0.2366840865003803,0.1497407325786932,-0.1131393184970042,2.091970233201002,0.201,True
128,0.21,0.19,0.18,0.2,0.22,0.890850061681441,0.23651103167558674,0.14884392291849688,-0.11117581811062494,2.127360389111305,0.201,True
129,0.2,0.18,0.22,0.19,0.21,0.8900304209885945,0.23633238009804325,0.14639013672624565,-0.1161714269686055,2.0343417160736985,0.201,True
130,0.2,0.19,0.18,0.21,0.22,0.8889174701585507,0.236089714969399,0.1482017685240183,-0.11107915513915145,2.1254187131117797,0.201,True
131,0.19,0.18,0.22,0.2,0.21,0.8880950967118035,0.23591034538457745,0.1457611600270156,-0.11607335834678612,2.032424569639493,0.201,True
132,0.21,0.2,0.18,0.19,0.22,0.8879652374441733,0.23588201674748133,0.14897377540333906,-0.11088185775664217,2.1273274232578525,0.201,True
133,0.22,0.18,0.2,0.19,0.21,0.8864936278877598,0.23556089614054443,0.14609394529508357,-0.11186165838929563,2.105823385174182,0.201,True
134,0.19,0.2,0.18,0.21,0.22,0.8841027157706496,0.23503881779525493,0.14771007099574876,-0.11068848793565567,2.123426041666459,0.201,True
135,0.22,0.19,0.2,0.18,0.21,0.8836118983543606,0.23493158851578877,0.1462246879971185,-0.11156821942952933,2.105721411680146,0.201,True
136,0.2,0.21,0.18,0.19,0.22,0.8831531379297024,0.23483134590794874,0.14846072602798624,-0.11049023293828375,2.1253584109929236,0.201,True
137,0.22,0.18,0.19,0.2,0.21,0.8827871835942782,0.2347513704543882,0.14530372784148554,-0.10959813623657355,2.1419284899851267,0.201,True
138,0.19,0.18,0.2,0.22,0.21,0.8807155410858114,0.23429843935671313,0.14412307993250106,-0.11157068102906864,2.1000000824201206,0.201,True
139,0.2,0.18,0.19,0.22,0.21,0.878944437649779,0.23391095242895155,0.1439616366534392,-0.10940524031192211,2.138023295429495,0.201,True
140,0.22,0.2,0.19,0.18,0.21,0.8770347534027498,0.23349287345587255,0.14556646659080094,-0.10900252775763308,2.142086777795131,0.201,True
141,0.22,0.19,0.18,0.2,0.21,0.8762055728687008,0.23331125621749527,0.14465842384693509,-0.1070263039693935,2.179943131402685,0.201,True
142,0.18,0.19,0.2,0.22,0.21,0.8759130607931349,0.23324717388407978,0.14363907941923565,-0.11118015950776416,2.0979208423225115,0.201,True
143,0.21,0.18,0.22,0.19,0.2,0.8752892979970699,0.23311050026080316,0.14221184023922434,-0.11206208864372502,2.0801905718705904,0.201,True
144,0.22,0.18,0.21,0.19,0.2,0.873488569047365,0.2327157696426796,0.14207674247972427,-0.10988969172380747,2.1177215623425214,0.201,True
145,0.22,0.2,0.18,0.19,0.21,0.8733348726332897,0.2326820667492211,0.144790435622251,-0.10672409808651084,2.1802205024080727,0.201,True
146,0.2,0.19,0.18,0.22,0.21,0.8723747719994273,0.23247149199448902,0.14330906749064,-0.1068344680816159,2.1759970931562376,0.201,True
147,0.19,0.18,0.22,0.21,0.2,0.8714531100522862,0.23226928009431402,0.14088862976229657,-0.11186739562543557,2.076291119460927,0.201,True
148,0.22,0.19,0.21,0.18,0.2,0.8706182207097461,0.23208604871105676,0.14220875392150037,-0.10959189668605684,2.1177300122462848,0.201,True
149,0.19,0.18,0.21,0.22,0.2,0.8677483146774647,0.23145578038302062,0.14004845744149672,-0.10959929404086244,2.1118364165441235,0.201,True
150,0.19,0.2,0.18,0.22,0.21,0.8675926038656812,0.2314215658215264,0.1427979193323393,-0.10643628870109734,2.174273160457731,0.201,True
151,0.22,0.18,0.19,0.21,0.2,0.8660456419512896,0.23108154628925037,0.14045669775421962,-0.10532878127637713,2.1939069596077894,0.201,True
152,0.21,0.18,0.19,0.22,0.2,0.8641415921068221,0.230662781332591,0.13975140924543983,-0.10523308970387946,2.1919225405399034,0.201,True
153,0.18,0.19,0.21,0.22,0.2,0.862969764017838,0.23040491491993653,0.1395475038155915,-0.10920461579928897,2.1098459367633864,0.201,True
154,0.22,0.19,0.18,0.21,0.2,0.8594637956478255,0.22963276330834415,0.1398004732545803,-0.10272790925024589,2.2353493318836772,0.201,True
155,0.21,0.18,0.22,0.2,0.19,0.8584500371471673,0.2294093130666952,0.13737789708245174,-0.10780304148718622,2.1280411934756356,0.201,True
156,0.21,0.19,0.18,0.22,0.2,0.8575657294414043,0.22921432968748046,0.1390912184377315,-0.10263276286847256,2.233344628763688,0.201,True
157,0.22,0.18,0.21,0.2,0.19,0.8566163544282495,0.22900493054328908,0.13725220469908023,-0.1056092640365871,2.16841706674476,0.201,True
158,0.2,0.18,0.22,0.21,0.19,0.8565493166191442,0.22899014163335085,0.13668159713225747,-0.10770644309073563,2.1260579688853123,0.201,True
159,0.22,0.21,0.18,0.19,0.2,0.8537562906613672,0.2283736680224997,0.14006860506529448,-0.10210557672879284,2.236642457141133,0.201,True
160,0.22,0.18,0.2,0.21,0.19,0.8528802459909204,0.22818018083325886,0.13642122167210688,-0.10331165010424914,2.2086587582620942,0.201,True
161,0.2,0.18,0.21,0.22,0.19,0.8528243269526543,0.22816782823073534,0.13582946543138474,-0.10541718505369868,2.164427252677146,0.201,True
162,0.21,0.18,0.2,0.22,0.19,0.8509889445702257,0.22776225136428874,0.13569470714371742,-0.10321617397721206,2.2066527229983723,0.201,True
163,0.21,0.22,0.18,0.19,0.2,0.8490123549011153,0.22732517098316052,0.13949245894785844,-0.10169768457974626,2.2353033102233852,0.201,True
164,0.19,0.21,0.18,0.22,0.2,0.8480698374599058,0.2271166437841523,0.1380050788640579,-0.10182004870124128,2.2305689958031176,0.201,True
165,0.18,0.2,0.21,0.22,0.19,0.8433359961138645,0.22606823158695,0.1347629919829703,-0.10461158147374205,2.161024892293537,0.201,True
166,0.22,0.2,0.18,0.21,0.19,0.839721627983266,0.2252665419110349,0.13507229575966745,-0.09805703671279209,2.2973011367948835,0.201,True
167,0.21,0.19,0.22,0.2,0.18,0.8386098876968766,0.2250197397340572,0.1326776961319442,-0.10318065568373591,2.180832620639437,0.201,True
168,0.21,0.2,0.18,0.22,0.19,0.8378423103090935,0.22484928236107482,0.1343371492007347,-0.0979626779971764,2.2952545495699463,0.201,True
169,0.22,0.21,0.18,0.2,0.19,0.8368849886461436,0.2246366215849085,0.13520870100040316,-0.09773668989062223,2.29838581433749,0.201,True
170,0.18,0.21,0.2,0.22,0.19,0.8367871801816384,0.2246148901152334,0.13405144068555397,-0.10199594418653801,2.202194331418124,0.201,True
171,0.22,0.19,0.21,0.2,0.18,0.8367464935208693,0.22460584996554545,0.1325633075723914,-0.10096110835589167,2.2246769436583587,0.201,True
172,0.2,0.19,0.22,0.21,0.18,0.8367279522694795,0.22460173024948493,0.1319556960590042,-0.10308481639011458,2.178805163696478,0.201,True
173,0.22,0.2,0.21,0.19,0.18,0.8339104318463919,0.2239753774798332,0.13269989680739058,-0.10064529869432537,2.225393340627658,0.201,True
174,0.2,0.21,0.18,0.22,0.19,0.8331288952187874,0.22380152324361724,0.13376022461244386,-0.09754795056567889,2.294271913923317,0.201,True
175,0.22,0.19,0.2,0.21,0.18,0.8329995170403881,0.22377273806640519,0.13171777368533533,-0.09863834908319491,2.2686180389907755,0.201,True
176,0.2,0.19,0.21,0.22,0.18,0.8329920896341052,0.22377108551163727,0.13108787273225314,-0.10077057542106604,2.2205994614659907,0.201,True
177,0.21,0.22,0.18,0.2,0.19,0.8321742562478438,0.22358909501420898,0.13460937755417882,-0.0973209047290775,2.297441599383376,0.201,True
178,0.21,0.19,0.2,0.22,0.18,0.8311270541078921,0.22335598454279926,0.13096425896996627,-0.09854366003294468,2.2665687926359532,0.201,True
179,0.2,0.22,0.18,0.21,0.19,0.830297480291097,0.22317125571190255,0.13389603130061928,-0.097226524438911,2.295374199579917,0.201,True
180,0.19,0.2,0.21,0.22,0.18,0.8282826182123912,0.22272235527545536,0.1305203712828102,-0.10035945868679397,2.2192462792225363,0.201,True
181,0.22,0.21,0.2,0.19,0.18,0.8273385267842586,0.22251190329134496,0.13199256355441139,-0.09799751156221737,2.270587280678806,0.201,True
182,0.22,0.2,0.19,0.21,0.18,0.8264232846926594,0.22230781303534042,0.1310241444528085,-0.09598418903403627,2.316087839805673,0.201,True
183,0.21,0.2,0.19,0.22,0.18,0.8245568218686383,0.2218913982116857,0.1302659200417579,-0.09589007254993731,2.314018462089804,0.201,True
184,0.22,0.21,0.19,0.2,0.18,0.8235983565337177,0.22167745063765376,0.13116236430005904,-0.09565912223616624,2.3173686466657046,0.201,True
185,0.19,0.21,0.2,0.22,0.18,0.8217286962843569,0.22125989127271417,0.12979908942080298,-0.0977133762586525,2.26437668766073,0.201,True
186,0.2,0.21,0.19,0.22,0.18,0.8198679416199783,0.22084403704294164,0.1296682060504631,-0.09547087096653828,2.3132085714431745,0.201,True
187,0.21,0.22,0.19,0.2,0.18,0.8189121673625122,0.22063032383447356,0.13054182717704105,-0.09523884343125755,2.3166002009854556,0.201,True
188,0.2,0.22,0.19,0.21,0.18,0.817048215069224,0.2202133245445712,0.1298058759897218,-0.09514470897720728,2.314509413206836,0.201,True
189,0.21,0.18,0.21,0.18,0.22,0.9047939543886541,0.2395424088707323,0.15105828113835323,-0.1181973214500387,2.0266314492751465,0.20139999999999997,True
190,0.18,0.18,0.21,0.21,0.22,0.8989505629482466,0.23827387310269676,0.14922360108812568,-0.11790259961313754,2.020938248049847,0.20139999999999997,True
191,0.21,0.18,0.18,0.21,0.22,0.8937374871481818,0.23713997338820159,0.1487162214136032,-0.11146888671335697,2.1274095434182336,0.20139999999999997,True
192,0.21,0.18,0.22,0.18,0.21,0.8919656848598323,0.23675411361872856,0.14704282440997027,-0.11626955821233009,2.0362519412550877,0.20139999999999997,True
193,0.22,0.18,0.21,0.18,0.21,0.8901981969413006,0.2363689532997988,0.14689903694720088,-0.114118186233516,2.0712645468805944,0.20139999999999997,True
194,0.18,0.18,0.22,0.21,0.21,0.8861597130122163,0.2354880091736118,0.14515634666789723,-0.11597535228694889,2.0305004859218876,0.20139999999999997,True
195,0.21,0.21,0.18,0.18,0.22,0.8850830133417114,0.23525292846743984,0.14910578203345842,-0.11058700157506751,2.1273108513367904,0.20139999999999997,True
196,0.18,0.18,0.21,0.22,0.21,0.8824754807763191,0.23468324292289133,0.14432792323659305,-0.11372805550611509,2.0635474850818367,0.20139999999999997,True
197,0.22,0.18,0.18,0.21,0.21,0.8790788674729779,0.23394037189736738,0.14452861914428944,-0.10732758720565427,2.179685372495198,0.20139999999999997,True
198,0.21,0.18,0.18,0.22,0.21,0.8771621563169134,0.23352077405548055,0.14384357827445834,-0.10723168803146821,2.1777217009486183,0.20139999999999997,True
199,0.22,0.21,0.18,0.18,0.21,0.8704667656720666,0.23205280335442313,0.14492465756446557,-0.10642096531225309,2.1805177454794715,0.20139999999999997,True
200,0.21,0.18,0.22,0.21,0.18,0.841451483159589,0.22565036561402363,0.1325445825331069,-0.10349146249212049,2.1803766241220517,0.20139999999999997,True
201,0.22,0.18,0.21,0.21,0.18,0.8395851339334413,0.22523624609934956,0.13242911363721624,-0.10127594051735977,2.2239857260149725,0.20139999999999997,True
202,0.21,0.18,0.21,0.22,0.18,0.8377066680486949,0.22481915509095307,0.13168036054531085,-0.10118068787034817,2.221957172094282,0.20139999999999997,True
203,0.18,0.21,0.21,0.22,0.18,0.8235782530609614,0.22167296235997314,0.12997837576713514,-0.09994733397406297,2.2178977021788175,0.20139999999999997,True
204,0.22,0.21,0.18,0.21,0.18,0.8198564404758588,0.22084146580692599,0.1303485862510494,-0.0933133037588495,2.3666664549531844,0.20139999999999997,True
205,0.21,0.21,0.18,0.22,0.18,0.8179959749165431,0.2204253909065257,0.12958570882099557,-0.09321976894653783,2.3645777435142663,0.20139999999999997,True
206,0.21,0.22,0.18,0.21,0.18,0.8151792107510965,0.2197949085596378,0.1297245170130633,-0.09288945970239704,2.3661985898488966,0.20139999999999997,True
207,0.19,0.18,0.22,0.19,0.22,0.9045708817105651,0.23949402992567514,0.15062512922247423,-0.12022872500975479,1.9919867727636946,0.2014,True
208,0.22,0.18,0.19,0.19,0.22,0.8993633853624063,0.2383635776623707,0.1501440607441472,-0.11381584607499906,2.094291663968309,0.2014,True
209,0.22,0.19,0.19,0.18,0.22,0.8964704050839842,0.23773467142245353,0.15027368453957346,-0.11352669688495698,2.094086042716133,0.2014,True
210,0.19,0.18,0.19,0.22,0.22,0.8935477274649697,0.23709865939357044,0.14822804035393994,-0.113524311252855,2.0885276182427197,0.2014,True
211,0.22,0.19,0.18,0.19,0.22,0.8927825967882665,0.23693204908196708,0.14950917576757985,-0.11127254292697919,2.129294818376263,0.2014,True
212,0.18,0.19,0.19,0.22,0.22,0.8887215351021778,0.23604698389182865,0.14776031388742333,-0.11313788772402678,2.086365484103872,0.2014,True
213,0.19,0.19,0.18,0.22,0.22,0.8869848232023436,0.23566809866310634,0.14758315470924763,-0.1109825539532654,2.1234697731171863,0.2014,True
214,0.22,0.18,0.22,0.19,0.19,0.860350663182782,0.22982817794375987,0.1380985890567838,-0.10789970234305923,2.1300167929382967,0.2014,True
215,0.22,0.19,0.22,0.18,0.19,0.8574918264916975,0.22919803182579224,0.1382320291516313,-0.10759748363375332,2.1301430487533524,0.2014,True
216,0.19,0.18,0.22,0.22,0.19,0.8546485025814843,0.22857066333027953,0.1360102116927167,-0.10760990709318963,2.124067100367799,0.2014,True
217,0.18,0.19,0.22,0.22,0.19,0.849894099117845,0.22752018826049225,0.13549160196485371,-0.10721101230332086,2.1221718121343103,0.2014,True
218,0.22,0.18,0.19,0.22,0.19,0.8491423412828933,0.22735392424874545,0.13560591412985323,-0.10100682677277784,2.2508768121207745,0.2014,True
219,0.22,0.19,0.18,0.22,0.19,0.8425608459750917,0.22589638673433488,0.13493824902925863,-0.09837639190236758,2.296245901745644,0.2014,True
220,0.22,0.19,0.22,0.19,0.18,0.840491712325381,0.22543743945850858,0.13342465521448313,-0.10327655742473707,2.1828519954569208,0.2014,True
221,0.19,0.19,0.22,0.22,0.18,0.8348459070259537,0.22418341068571346,0.13125921804631638,-0.10298903948289584,2.1767696039435855,0.2014,True
222,0.22,0.22,0.18,0.19,0.19,0.8340509268690641,0.22400662561310813,0.13534746761704253,-0.09741534680998876,2.299500365687134,0.2014,True
223,0.22,0.19,0.19,0.22,0.18,0.8292507862960441,0.2229380990641372,0.13088835149694977,-0.09630824493287748,2.3148391834937394,0.2014,True
224,0.22,0.22,0.19,0.19,0.18,0.8207760007245763,0.2210470117259642,0.13130301375307538,-0.09533303980159447,2.31868208740646,0.2014,True
225,0.19,0.22,0.19,0.22,0.18,0.8151841448274619,0.21979601353463485,0.12909574444917335,-0.0950506363784166,2.3124096998107477,0.2014,True
226,0.2,0.18,0.22,0.18,0.22,0.9065232712250315,0.23991732681674516,0.15123494602868387,-0.12032752188651696,1.9938690920853126,0.2016,True
227,0.22,0.18,0.2,0.18,0.22,0.9030534786737796,0.23916484244984448,0.1509228091719731,-0.11605921165137845,2.0607140014724017,0.2016,True
228,0.18,0.18,0.22,0.2,0.22,0.9026184493253466,0.2390704343151664,0.15003888336041357,-0.12012999078058606,1.9900978328702414,0.2016,True
229,0.22,0.18,0.18,0.2,0.22,0.8956713807385712,0.2375608584531812,0.1493800318071837,-0.11156555838204796,2.129338676723794,0.2016,True
230,0.18,0.18,0.2,0.22,0.22,0.8952807687166198,0.2374758702548334,0.14842275846229075,-0.1156683654772549,2.053075352755208,0.2016,True
231,0.2,0.18,0.18,0.22,0.22,0.8918035368961712,0.23671878930880785,0.14807553336916762,-0.11137227676184291,2.1254731984603703,0.2016,True
232,0.22,0.2,0.18,0.18,0.22,0.8898964145165553,0.23630316669442153,0.14964046019959595,-0.11097863559672672,2.129267182136732,0.2016,True
233,0.22,0.18,0.22,0.18,0.2,0.8772072755503104,0.23353065463870037,0.14290940941283145,-0.11215952899223036,2.0821294163501505,0.2016,True
234,0.18,0.18,0.22,0.22,0.2,0.8695349016262419,0.23184821368759811,0.14026395947482126,-0.11177014283519704,2.0743304768738993,0.2016,True
235,0.22,0.18,0.18,0.22,0.2,0.8623214281823892,0.2302621990264344,0.1396698267969277,-0.10303764176836216,2.2347386360421995,0.2016,True
236,0.22,0.22,0.18,0.18,0.2,0.8509064160201427,0.22774400817381046,0.14020609641810672,-0.10179296786278025,2.2373255535767043,0.2016,True
237,0.22,0.18,0.22,0.2,0.18,0.8433346310896652,0.2260679290138854,0.13329004139203346,-0.10358731714981673,2.1823900380287564,0.2016,True
238,0.2,0.18,0.22,0.22,0.18,0.8395682241850786,0.22523249275776203,0.13182411369321922,-0.1033956701547597,2.178355171165683,0.2016,True
239,0.22,0.18,0.2,0.22,0.18,0.8358338765790265,0.22440304094933294,0.13158399471740262,-0.09895727784956199,2.2676759691235406,0.2016,True
240,0.18,0.2,0.22,0.22,0.18,0.8301287079054869,0.22313366677913193,0.13071968783280677,-0.1025814149440335,2.1751860890285974,0.2016,True
241,0.22,0.2,0.18,0.22,0.18,0.8226770869154298,0.2214717351723714,0.13021074304668942,-0.09364254513649284,2.3650759902943204,0.2016,True
242,0.22,0.22,0.18,0.2,0.18,0.8170383642865786,0.2202111199917769,0.13048887341898105,-0.09298303206484193,2.368293602624317,0.2016,True
243,0.18,0.22,0.2,0.22,0.18,0.8170371594867631,0.22021085036343546,0.12925471014270318,-0.097296702804051,2.263292013162309,0.2016,True
244,0.2,0.22,0.18,0.22,0.18,0.8133199353280332,0.21937838548647526,0.12898551753138263,-0.09279594894386489,2.3640944241993145,0.2016,True
245,0.2,0.17,0.2,0.2,0.23,0.9184360379872392,0.24249388801851413,0.15436015532957884,-0.12028600626498664,2.015977548413296,0.20180000000000003,True
246,0.2,0.2,0.2,0.17,0.23,0.9097069482555746,0.24060695925517162,0.15474052866255328,-0.11945360423065032,2.014229380560079,0.20180000000000003,True
247,0.2,0.2,0.17,0.2,0.23,0.8987336203104992,0.238226727175745,0.15246672438783965,-0.11274305569009424,2.113005769779539,0.20180000000000003,True
248,0.2,0.17,0.23,0.2,0.2,0.8799575482815285,0.23413263338016033,0.14226294364151557,-0.1145155470804563,2.0445488787270385,0.20180000000000003,True
249,0.23,0.17,0.2,0.2,0.2,0.8745466792334695,0.2329477443941388,0.141854629419581,-0.10800990531549737,2.156725753195482,0.20180000000000003,True
250,0.2,0.17,0.2,0.23,0.2,0.8688165712373686,0.23169045867471127,0.1397513067766696,-0.10772122052832211,2.1508339539635566,0.20180000000000003,True
251,0.23,0.2,0.17,0.2,0.2,0.8547831848622152,0.228600394921058,0.13989839236113344,-0.10020550331900757,2.2813157695870356,0.20180000000000003,True
252,0.2,0.2,0.17,0.23,0.2,0.849106929608529,0.22734609124422023,0.13775939967838377,-0.09992172563271318,2.2752418435995247,0.20180000000000003,True
253,0.2,0.2,0.23,0.2,0.17,0.8205302761562561,0.22099209259503794,0.12813866635848187,-0.10072358867584608,2.1940450643219855,0.20180000000000003,True
254,0.23,0.2,0.2,0.2,0.17,0.8148520039943841,0.2197216268924327,0.12783245830473935,-0.09398596790043456,2.337813099134097,0.20180000000000003,True
255,0.2,0.2,0.2,0.23,0.17,0.8092914423921078,0.21847492687989511,0.12548576780576923,-0.09370437091125816,2.331534001618769,0.20180000000000003,True
256,0.2,0.23,0.2,0.2,0.17,0.8008677181282535,0.21658141872626535,0.12590501910573934,-0.09271144877287318,2.3360806199550597,0.20180000000000003,True
257,0.2,0.17,0.21,0.19,0.23,0.9221024222338725,0.2432847270486569,0.1551453043807144,-0.12249790620381584,1.9860317175043969,0.202,True
258,0.21,0.17,0.2,0.19,0.23,0.9203975637544197,0.2429171143213089,0.1549767013370189,-0.12038441373608744,2.0178452241653444,0.202,True
259,0.19,0.17,0.21,0.2,0.23,0.9201362869369152,0.24286075687983355,0.15455322509909825,-0.12239901329787517,1.9841725054498425,0.202,True
260,0.21,0.17,0.19,0.2,0.23,0.9167246463204954,0.24212439586412327,0.1542074720587425,-0.1181652030739867,2.049032960342158,0.202,True
261,0.19,0.17,0.2,0.21,0.23,0.916474478760336,0.24207036586937658,0.15376643849780286,-0.12018766093733768,2.0141033112840505,0.202,True
262,0.2,0.17,0.19,0.21,0.23,0.9147677021502714,0.24170161886805008,0.1535892286700682,-0.11806734724530721,2.047150414634703,0.202,True
263,0.21,0.2,0.19,0.17,0.23,0.9080039384488789,0.2402381570918959,0.15459063703178189,-0.11732165188768906,2.047688156674385,0.202,True
264,0.17,0.19,0.2,0.21,0.23,0.9067375121786603,0.23996375872287756,0.15289173594393438,-0.11943669642411492,2.0091292367194744,0.202,True
265,0.21,0.19,0.17,0.2,0.23,0.9035732414024242,0.23927762018170418,0.15296375062941797,-0.11312963633393391,2.1150745988028197,0.202,True
266,0.2,0.19,0.17,0.21,0.23,0.901628203636119,0.23885548191917083,0.15233933150289652,-0.11303278638743919,2.1131522061258656,0.202,True
267,0.21,0.2,0.17,0.19,0.23,0.9006772910012886,0.2386489972854524,0.15309258178719656,-0.11283995994254803,2.1149333747278845,0.202,True
268,0.19,0.2,0.17,0.21,0.23,0.8967899080276445,0.237804159713483,0.15186392023995182,-0.11264621319223134,2.1110710513425692,0.202,True
269,0.2,0.17,0.23,0.19,0.21,0.8966162480622966,0.2377663915955177,0.14710180262777095,-0.11869404574683695,2.0031871868505577,0.202,True
270,0.2,0.21,0.17,0.19,0.23,0.8958416418808057,0.2375978997106356,0.15259622739490758,-0.11245244632061713,2.112874441461343,0.202,True
271,0.19,0.17,0.23,0.2,0.21,0.894674952734128,0.23734403551550964,0.14647647743638698,-0.11859547354238498,2.0012908454780525,0.202,True
272,0.23,0.17,0.2,0.19,0.21,0.8913052031346926,0.23661021350598488,0.14666753117389691,-0.11225126837879684,2.107862271164129,0.202,True
273,0.23,0.17,0.19,0.2,0.21,0.8875899109823351,0.23580013244398157,0.14588014431178545,-0.10999106971890771,2.143811611675298,0.202,True
274,0.19,0.17,0.2,0.23,0.21,0.8835958116856664,0.23492807373293534,0.14399898697091543,-0.11186338947852748,2.1001336972542792,0.202,True
275,0.21,0.17,0.23,0.19,0.2,0.8818815872823185,0.23455341738044577,0.14293266230004575,-0.11461344296856646,2.0464738804223312,0.202,True
276,0.2,0.17,0.19,0.23,0.21,0.8818218480227782,0.23454035682357133,0.14383652393167087,-0.10970178846770551,2.1379811587357698,0.202,True
277,0.23,0.17,0.21,0.19,0.2,0.8782761110906752,0.23376467080372754,0.14266913768371384,-0.11028344897783882,2.1196713828808704,0.202,True
278,0.19,0.17,0.23,0.21,0.2,0.8780334350339178,0.23371154589439813,0.14161743200731625,-0.11441771385168986,2.042616811915495,0.202,True
279,0.23,0.19,0.17,0.2,0.21,0.8744102698474592,0.23291784358977807,0.14461014683501813,-0.10484016305636512,2.221647094010667,0.202,True
280,0.23,0.2,0.17,0.19,0.21,0.8715424447322442,0.23228888295786465,0.14474314068945682,-0.10453403445898635,2.2221363994996537,0.202,True
281,0.23,0.17,0.19,0.21,0.2,0.8708154065282041,0.23212932957950394,0.14105533487001956,-0.10572928003108739,2.195506575957496,0.202,True
282,0.19,0.17,0.21,0.23,0.2,0.8706172252577844,0.23208583020879647,0.13992320637595365,-0.10989633688906653,2.1118613848164256,0.202,True
283,0.2,0.19,0.17,0.23,0.21,0.8686780593048855,0.2316600349424287,0.14254461539509777,-0.10455407424968599,2.2156959124251867,0.202,True
284,0.21,0.17,0.19,0.23,0.2,0.867004717158778,0.23129237147764492,0.13962406887138218,-0.10553793172088133,2.191556795800673,0.202,True
285,0.21,0.17,0.23,0.2,0.19,0.8650422283082537,0.23086089721999592,0.1381122708600589,-0.11038313186398652,2.0914508704505814,0.202,True
286,0.19,0.2,0.17,0.23,0.21,0.8639047237345314,0.23061066602397529,0.14203104593141472,-0.10415251627581357,2.214163174063688,0.202,True
287,0.2,0.17,0.23,0.21,0.19,0.8631355145279944,0.230441395683034,0.13742034175212112,-0.1102860005229378,2.089489097350173,0.202,True
288,0.23,0.17,0.21,0.2,0.19,0.861370721190226,0.23005286331479868,0.13786765732852307,-0.10601062781064075,2.1700924526711205,0.202,True
289,0.23,0.19,0.17,0.21,0.2,0.857635321541822,0.2292296764797721,0.1397644491938727,-0.10052018646031136,2.2804342545691503,0.202,True
290,0.23,0.17,0.2,0.21,0.19,0.857625683145365,0.22922755099604575,0.1370401222363118,-0.10371643280537479,2.210137244366996,0.202,True
291,0.2,0.17,0.21,0.23,0.19,0.8556788294941446,0.22879807504236416,0.13570181472402998,-0.10572256249215839,2.164136676684643,0.202,True
292,0.21,0.19,0.17,0.23,0.2,0.8538485781854774,0.2283940475128048,0.13831724141576618,-0.10033102731050836,2.2764049530357346,0.202,True
293,0.21,0.17,0.2,0.23,0.19,0.8538405218101996,0.22839226848214467,0.13556598545758095,-0.10352551210946426,2.206144783332737,0.202,True
294,0.23,0.21,0.17,0.19,0.2,0.851933632496702,0.22797103891986636,0.1400346160426834,-0.09988984722922611,2.2822243225252006,0.202,True
295,0.19,0.21,0.17,0.23,0.2,0.8443704390290017,0.22629748462784804,0.13722567499871605,-0.09951142617032416,2.274085432566471,0.202,True
296,0.23,0.2,0.17,0.21,0.19,0.8378632125259609,0.22485392478482913,0.13505059139039546,-0.09582329204796147,2.346547691894005,0.202,True
297,0.23,0.21,0.17,0.2,0.19,0.8350295140099746,0.224224233343143,0.13518805171457346,-0.09549885900403665,2.347925783423918,0.202,True
298,0.21,0.2,0.17,0.23,0.19,0.8341140196216821,0.22402065783821667,0.1335504351908486,-0.09563573650572044,2.3424366876164218,0.202,True
299,0.2,0.21,0.17,0.23,0.19,0.8294095247930175,0.22297346462871848,0.13297046598549228,-0.0952174989467548,2.341727803136315,0.202,True
300,0.21,0.23,0.17,0.2,0.19,0.8256285748873347,0.22213054501196594,0.13396116841512024,-0.09465916356929882,2.346635408935838,0.202,True
301,0.21,0.19,0.23,0.2,0.17,0.8252252521334336,0.2220405601289246,0.12874717495025353,-0.10113564475618253,2.1954728292306753,0.202,True
302,0.2,0.23,0.17,0.21,0.19,0.8237577779639804,0.2217130417106088,0.13324368973467382,-0.0945653600452272,2.34454816863777,0.202,True
303,0.2,0.19,0.23,0.21,0.17,0.8233561985103708,0.22162338452738095,0.12800282317927267,-0.10104003126016381,2.193421575224299,0.202,True
304,0.21,0.2,0.23,0.19,0.17,0.8223980154768127,0.22140940606341553,0.12888454584418407,-0.10081924730886827,2.196102549596598,0.202,True
305,0.23,0.19,0.21,0.2,0.17,0.8214353603850415,0.2211943533614702,0.1285499366675455,-0.09665960932625883,2.2883845165860803,0.202,True
306,0.19,0.2,0.23,0.21,0.17,0.8186624136694254,0.22057446602544584,0.12741879266868875,-0.10062799269673539,2.191979191020888,0.202,True
307,0.23,0.2,0.21,0.19,0.17,0.8186140956026711,0.2205636590228539,0.12868952144328927,-0.09633500397019235,2.289548450022382,0.202,True
308,0.2,0.21,0.23,0.19,0.17,0.8177069274365549,0.22036072279247065,0.12827699210444551,-0.10040615970526201,2.194693268215119,0.202,True
309,0.23,0.19,0.2,0.21,0.17,0.8176689651221765,0.2203522290373734,0.12769323699269441,-0.09431475975922798,2.336349364615898,0.202,True
310,0.2,0.19,0.21,0.23,0.17,0.8158567694860412,0.2199466275315196,0.12621877520915642,-0.09637626569343427,2.2821659041153706,0.202,True
311,0.21,0.19,0.2,0.23,0.17,0.8139594444268825,0.2195216832463609,0.12610617590652287,-0.09412704370074565,2.332185040723019,0.202,True
312,0.23,0.21,0.2,0.19,0.17,0.8120376115499204,0.219090947716154,0.12797416153750835,-0.09365614524596699,2.3393120348991565,0.202,True
313,0.19,0.2,0.21,0.23,0.17,0.8111809513027481,0.2188988484778891,0.12562703038343404,-0.09595717357462685,2.281214007493137,0.202,True
314,0.23,0.2,0.19,0.21,0.17,0.8110881975585349,0.21887804555497192,0.1269919127335776,-0.09162944327843259,2.388730496701497,0.202,True
315,0.23,0.21,0.19,0.2,0.17,0.8082781091913711,0.21824745845727578,0.12713327288131984,-0.09129539420490795,2.390563733888155,0.202,True
316,0.21,0.2,0.19,0.23,0.17,0.8073906992810584,0.21804818690726102,0.12539449681956888,-0.0914429053157374,2.3845282053799175,0.202,True
317,0.19,0.21,0.2,0.23,0.17,0.8046284891638791,0.2174275033970472,0.12489120422853064,-0.09328065334183633,2.330896017636822,0.202,True
318,0.2,0.21,0.19,0.23,0.17,0.8027355683545172,0.2170017880149664,0.12477122103827869,-0.09101557168298535,2.3842270504084873,0.202,True
319,0.21,0.23,0.19,0.2,0.17,0.7989759481856697,0.21615536976685212,0.12581727668630635,-0.0904373867355821,2.390110744783462,0.202,True
320,0.2,0.23,0.19,0.21,0.17,0.7971309050156166,0.2157395563911242,0.1250525860242989,-0.09034410324405184,2.387976067550687,0.202,True
321,0.21,0.17,0.21,0.18,0.23,0.9240685270274731,0.2437084015902624,0.15576011407125204,-0.12259686150400051,1.9878845069970235,0.2024,True
322,0.19,0.17,0.22,0.19,0.23,0.9237961426815673,0.24364972290899223,0.15535406601982918,-0.12460364120067602,1.955398097208016,0.2024,True
323,0.21,0.18,0.21,0.17,0.23,0.92115067350686,0.24307953158685724,0.15588678402070943,-0.12232403076501841,1.9871772542699098,0.2024,True
324,0.22,0.17,0.19,0.19,0.23,0.9186815530919139,0.2425468770883259,0.15484823188080526,-0.11826312085091406,2.0509088153870687,0.2024,True
325,0.18,0.17,0.21,0.21,0.23,0.9181701221193301,0.2424364907889638,0.15398427775563467,-0.12230018272718446,1.9823068566444246,0.2024,True
326,0.17,0.18,0.21,0.21,0.23,0.9132915883331614,0.24138252951253802,0.1535596615375984,-0.12192833532750902,1.9797082348755581,0.2024,True
327,0.21,0.17,0.18,0.21,0.23,0.9130497781378184,0.24133024211286602,0.15345262941984447,-0.11593919846154077,2.0815241550330352,0.2024,True
328,0.19,0.17,0.19,0.22,0.23,0.9128107215640013,0.2412785458058775,0.15299391251584687,-0.11796955330610626,2.045261163105452,0.2024,True
329,0.19,0.17,0.23,0.19,0.22,0.9111496822000535,0.24091922479401817,0.15132765206194462,-0.1227231286839946,1.9631118223393091,0.2024,True
330,0.21,0.18,0.17,0.21,0.23,0.9064717982432817,0.23990617068781783,0.15283701676481168,-0.11341843791819228,2.1152307780932413,0.2024,True
331,0.22,0.19,0.17,0.19,0.23,0.9055182363483616,0.2396994616697019,0.15361082770906312,-0.11322654796600995,2.1169899283837434,0.2024,True
332,0.23,0.17,0.19,0.19,0.22,0.9041987762500125,0.23941332104922664,0.1506995678832828,-0.11420136738496489,2.096413786729724,0.2024,True
333,0.19,0.19,0.17,0.22,0.23,0.8996831240321999,0.23843304658632825,0.15173798837875824,-0.11293599806765009,2.1112227338133924,0.2024,True
334,0.21,0.17,0.23,0.18,0.21,0.8985574856956946,0.23818844699769737,0.14775075081072905,-0.11879268070281501,2.005076790830035,0.2024,True
335,0.23,0.19,0.19,0.17,0.22,0.8984074889301359,0.2381558456165198,0.15095952525793194,-0.11362405445977342,2.095998481561267,0.2024,True
336,0.21,0.21,0.17,0.18,0.23,0.8977839459452159,0.23802030186477885,0.15322351344328256,-0.11254940476319641,2.1148072916562537,0.2024,True
337,0.19,0.17,0.19,0.23,0.22,0.896439227633588,0.23772789026022467,0.1481049561739873,-0.11381275111958977,2.0887632354166534,0.2024,True
338,0.21,0.18,0.23,0.17,0.21,0.8956618767917559,0.2375587907513843,0.14787934159316996,-0.11851163062360948,2.0045187928083292,0.2024,True
339,0.23,0.17,0.21,0.18,0.21,0.895018614954362,0.23741882507207812,0.14746974308624153,-0.11450449136763985,2.0734455237200864,0.2024,True
340,0.18,0.17,0.23,0.21,0.21,0.8927336006939413,0.23692137845375405,0.145875222785929,-0.1184969640295962,1.999387751356902,0.2024,True
341,0.23,0.18,0.21,0.17,0.21,0.8921287151209216,0.23678962810423743,0.14760022429231606,-0.11421587495483931,2.0731761517202707,0.2024,True
342,0.23,0.19,0.17,0.19,0.22,0.8910207521137419,0.23654822942657638,0.14944953776130668,-0.10910762407747221,2.1680265831708936,0.2024,True
343,0.18,0.17,0.21,0.23,0.21,0.8853586038700612,0.2353131079161419,0.14420485726999355,-0.11401695075243334,2.0638431949217857,0.2024,True
344,0.23,0.17,0.18,0.21,0.21,0.8838727419094079,0.23498857753821523,0.1451078144817408,-0.1077238629441658,2.1813976134518294,0.2024,True
345,0.17,0.18,0.21,0.23,0.21,0.8805446457872126,0.23426106101684407,0.14374584243177307,-0.11363067856474018,2.0616004759962396,0.2024,True
346,0.21,0.17,0.18,0.23,0.21,0.8800366987301111,0.23414994910792375,0.14371745363515415,-0.1075321026145104,2.1774888002266914,0.2024,True
347,0.23,0.18,0.17,0.21,0.21,0.8772806876811654,0.23354673069640963,0.144479359099842,-0.10514535527655977,2.221179719086218,0.2024,True
348,0.21,0.18,0.17,0.23,0.21,0.8734566010379674,0.23270875977791938,0.1430816548576951,-0.10495466314830781,2.2172312577392264,0.2024,True
349,0.23,0.21,0.17,0.18,0.21,0.868677211240855,0.23165984866306633,0.14487834374489486,-0.10422696516837393,2.222647932699857,0.2024,True
350,0.22,0.17,0.23,0.19,0.19,0.8669488503069094,0.23128009273277295,0.13882850001696784,-0.11048032581513623,2.0934052377775183,0.2024,True
351,0.23,0.17,0.22,0.19,0.19,0.8651139544595359,0.23087667231326958,0.13871054384713855,-0.10829766654394724,2.1318711628895506,0.2024,True
352,0.19,0.17,0.23,0.22,0.19,0.8612287099488602,0.23002158780925552,0.13675322894461225,-0.11018893173151223,2.0875199005443585,0.2024,True
353,0.19,0.17,0.22,0.23,0.19,0.8575059226915145,0.2292011405025336,0.1358836422523807,-0.10791135142872776,2.123976184784546,0.2024,True
354,0.23,0.17,0.19,0.22,0.19,0.853878843737069,0.22840073078801448,0.1362282094249768,-0.10141504788695688,2.2521384700483824,0.2024,True
355,0.22,0.17,0.19,0.23,0.19,0.8519909854884036,0.22798371234399162,0.13547613250736004,-0.10132015341874234,2.250131929841895,0.2024,True
356,0.21,0.17,0.23,0.21,0.18,0.8480429896229784,0.22711070279796353,0.13329319257367797,-0.10610080540175537,2.1405181792729926,0.2024,True
357,0.23,0.17,0.21,0.21,0.18,0.8443060261024824,0.22628321195067924,0.1330691202984324,-0.10168506924482545,2.225333705638346,0.2024,True
358,0.23,0.19,0.17,0.22,0.19,0.8406994880462957,0.22548354099532109,0.13491548822510702,-0.0961467188990286,2.345202660863752,0.2024,True
359,0.21,0.17,0.21,0.23,0.18,0.8405465670259271,0.22544961102518513,0.13155008036454968,-0.1014945921370145,2.2212967831905295,0.2024,True
360,0.22,0.19,0.17,0.23,0.19,0.8388236250050307,0.225067196339664,0.13415469598889426,-0.09605295034909156,2.343157555511699,0.2024,True
361,0.23,0.22,0.17,0.19,0.19,0.8321983914036613,0.22359446652795434,0.13532787204513747,-0.0951734150644824,2.349337431849676,0.2024,True
362,0.21,0.18,0.23,0.21,0.17,0.8280550639682542,0.2226716366875532,0.12861226836172754,-0.10145106022712957,2.194867517293894,0.2024,True
363,0.22,0.23,0.17,0.19,0.19,0.8274992637643783,0.22254773906838743,0.13470347448784362,-0.09475302869971247,2.3487137258026536,0.2024,True
364,0.22,0.19,0.23,0.19,0.17,0.8270941813619026,0.22245742326310736,0.12951696584821332,-0.10123132084067765,2.1975157630632984,0.2024,True
365,0.23,0.19,0.22,0.19,0.17,0.8252000348860393,0.22203493349705394,0.1294228289353972,-0.09899703085151113,2.2428443720710307,0.2024,True
366,0.19,0.22,0.17,0.23,0.19,0.824710139796444,0.22192561471771666,0.13241529521624523,-0.0947982338997383,2.3410311098457006,0.2024,True
367,0.23,0.18,0.21,0.21,0.17,0.8242591970449056,0.22182497075046026,0.12841281566237295,-0.09698320337950417,2.287251431388988,0.2024,True
368,0.19,0.19,0.23,0.22,0.17,0.8214870214754686,0.22120589613452157,0.12728451103943536,-0.10094448029122327,2.19136197934098,0.2024,True
369,0.21,0.18,0.21,0.23,0.17,0.8205376482442424,0.22099374031931185,0.12683622198957964,-0.09679432768191176,2.2831269725385943,0.2024,True
370,0.23,0.21,0.17,0.21,0.18,0.8179684366301561,0.22041923010677422,0.13034242771429547,-0.09105299055615068,2.420779688404038,0.2024,True
371,0.19,0.19,0.22,0.23,0.17,0.8177428572971517,0.22036876169383435,0.12638100465452803,-0.09861689868791912,2.234594320302127,0.2024,True
372,0.21,0.21,0.17,0.23,0.18,0.8142570013431769,0.2195883467177624,0.12878554670680858,-0.09086711201268016,2.416587716434959,0.2024,True
373,0.23,0.19,0.19,0.22,0.17,0.8139008525095333,0.21950855568640493,0.12685305004756858,-0.09196244668594644,2.3869368812688396,0.2024,True
374,0.22,0.19,0.19,0.23,0.17,0.8120508679683769,0.21909391988662152,0.1260431779820793,-0.09186918322881954,2.3848467155838535,0.2024,True
375,0.21,0.23,0.17,0.21,0.18,0.8086345989382873,0.2183274913404758,0.12906491331995396,-0.09019701972191019,2.4205621428913005,0.2024,True
376,0.18,0.21,0.21,0.23,0.17,0.8065101929717664,0.2178504011038569,0.12506155116667372,-0.09553704751333258,2.280271442064975,0.2024,True
377,0.23,0.22,0.19,0.19,0.17,0.8054705863133884,0.21761679424646907,0.1272771329911215,-0.09096029453237475,2.3924372207151827,0.2024,True
378,0.23,0.21,0.18,0.21,0.17,0.8045168979395974,0.2174024149392737,0.12630922907330308,-0.0889270933961469,2.4447264229226846,0.2024,True
379,0.21,0.21,0.18,0.23,0.17,0.8008314163924086,0.21657324595494631,0.12470158206839696,-0.08874175226763348,2.4404887262287747,0.2024,True
380,0.19,0.22,0.19,0.23,0.17,0.798085474466155,0.21595472115436398,0.12417393139275157,-0.09058717840380981,2.383943566403009,0.2024,True
381,0.19,0.23,0.19,0.22,0.17,0.7952857275905967,0.2153234279981664,0.12431435120083603,-0.09025088152996052,2.3858318539158603,0.2024,True
382,0.21,0.23,0.18,0.21,0.17,0.7952327435250506,0.21531147470656187,0.12498531978387925,-0.0880618153677245,2.445003817005975,0.2024,True
383,0.2,0.17,0.22,0.18,0.23,0.9257668514780626,0.24407414003538164,0.15594447131949501,-0.12470307790183477,1.9572423082252612,0.2026,True
384,0.2,0.16,0.21,0.2,0.23,0.9250215144282365,0.24391365631635664,0.1550221319260898,-0.1227699828500235,1.9867532002046702,0.2026,True
385,0.21,0.16,0.2,0.2,0.23,0.9233138636995142,0.2435458138689064,0.1548526092448548,-0.12066015795658691,2.0184443481048095,0.2026,True
386,0.22,0.17,0.2,0.18,0.23,0.9223590550791425,0.24334004507188567,0.1556156694817224,-0.12048288340955904,2.0197063531812787,0.2026,True
387,0.18,0.17,0.22,0.2,0.23,0.9218254073207899,0.2432250100791531,0.15478668946317475,-0.12450426708227025,1.9535475833806906,0.2026,True
388,0.2,0.16,0.2,0.21,0.23,0.9213509620616733,0.2431227191001064,0.15423751289489357,-0.12056181094496266,2.0165815127900966,0.2026,True
389,0.22,0.18,0.2,0.17,0.23,0.9194439948855926,0.24271140467327723,0.1557432431687929,-0.12020637078513263,2.0191226395739106,0.2026,True
390,0.22,0.17,0.18,0.2,0.23,0.9150020977853928,0.2417522727369532,0.15409513937133115,-0.11603656049803024,2.083414672921618,0.2026,True
391,0.18,0.17,0.2,0.22,0.23,0.9145128870564958,0.24164654757896842,0.15319595612802622,-0.12008937769429173,2.0122224980973877,0.2026,True
392,0.2,0.17,0.23,0.18,0.22,0.913108033020847,0.2413428391573138,0.15193407737721745,-0.12282241515098735,1.9649738922706217,0.2026,True
393,0.2,0.17,0.18,0.22,0.23,0.9110974181351004,0.24090791549661228,0.15283272945927878,-0.1158418981159659,2.079626796648709,0.2026,True
394,0.2,0.18,0.23,0.17,0.22,0.9101984223182229,0.2407133516296731,0.15206071095996598,-0.12254920606751385,1.9642179607190697,0.2026,True
395,0.17,0.18,0.2,0.22,0.23,0.9096430820003785,0.24059313239887414,0.15276937247806996,-0.1197143426144267,2.0097268810452493,0.2026,True
396,0.18,0.17,0.23,0.2,0.22,0.9091912912192783,0.24049531221831222,0.15074471037144196,-0.12262390498439502,1.9612433012055634,0.2026,True
397,0.22,0.18,0.17,0.2,0.23,0.9084181604682842,0.24032788080643708,0.153482668455187,-0.11351529500248414,2.11714096149931,0.2026,True
398,0.23,0.17,0.2,0.18,0.22,0.9078976739995746,0.24021513729158928,0.15147572061137687,-0.11644146494375807,2.0629690412055073,0.2026,True
399,0.23,0.18,0.2,0.17,0.22,0.9049965292907161,0.2395863390825428,0.15160512999442594,-0.1161570788166918,2.0626064422697428,0.2026,True
400,0.2,0.18,0.17,0.22,0.23,0.9045253929523416,0.23948416407565953,0.1522140455063142,-0.1133216423916994,2.1133135650106083,0.2026,True
401,0.22,0.2,0.17,0.18,0.23,0.9026209191173049,0.23907097033905544,0.1537410745129302,-0.11293692600867833,2.11685388285391,0.2026,True
402,0.23,0.17,0.18,0.2,0.22,0.9004979620952542,0.23861004943446185,0.14993808525553137,-0.1119543660631066,2.131315265542764,0.2026,True
403,0.2,0.16,0.23,0.2,0.21,0.8995131028104733,0.23839610741665762,0.14697684942787,-0.11897430705541923,2.003761260030796,0.2026,True
404,0.18,0.17,0.2,0.23,0.22,0.8981750927082932,0.23810533154995994,0.14830067349991033,-0.11595303725121364,2.053463515872395,0.2026,True
405,0.21,0.2,0.16,0.2,0.23,0.897011061034598,0.2378522534308638,0.15236566523555053,-0.11058874512118055,2.150781737962854,0.2026,True
406,0.2,0.2,0.16,0.21,0.23,0.8950719722045943,0.23743043614285453,0.1517382221101365,-0.11049241010694333,2.148839326728872,0.2026,True
407,0.2,0.17,0.18,0.23,0.22,0.8946922055087843,0.2373477903695298,0.14795145631185647,-0.11166451080732265,2.1255436365012508,0.2026,True
408,0.23,0.16,0.2,0.2,0.21,0.8941934859110752,0.23723924099213378,0.14653969901199823,-0.11254287377050598,2.107989897929076,0.2026,True
409,0.23,0.18,0.17,0.2,0.22,0.8939066929691297,0.2371768101204561,0.1493194446356125,-0.10940447710809453,2.1678894355129463,0.2026,True
410,0.2,0.16,0.2,0.23,0.21,0.888407483946051,0.23597848694883705,0.1445072420459138,-0.1122520335862941,2.1022201505813065,0.2026,True
411,0.23,0.2,0.17,0.18,0.22,0.8881374112865781,0.23591957597561408,0.14958177053295219,-0.10880986580003071,2.168181848594353,0.2026,True
412,0.2,0.18,0.17,0.23,0.22,0.8881188378855103,0.2359155243515183,0.1473226966316874,-0.10911617969519694,2.1620581384953197,0.2026,True
413,0.21,0.16,0.23,0.2,0.2,0.8847642493694519,0.23518331411355886,0.1428056242366121,-0.11490169128408412,2.0468220396520467,0.2026,True
414,0.22,0.17,0.23,0.18,0.2,0.8838055510535467,0.23497389820307224,0.14362610725359484,-0.11471140157623216,2.048391833543407,0.2026,True
415,0.2,0.16,0.23,0.21,0.2,0.8828388608844957,0.23476266460858608,0.1421374108260697,-0.1148038519012804,2.0449023331591523,0.2026,True
416,0.23,0.17,0.22,0.18,0.2,0.8820036986877087,0.23458011325166805,0.1434986097617491,-0.1125499439509422,2.0842312756185453,0.2026,True
417,0.23,0.16,0.21,0.2,0.2,0.8811529934552695,0.23439410893009094,0.1425401367033597,-0.11057937728170564,2.1196909830027533,0.2026,True
418,0.23,0.16,0.2,0.21,0.2,0.8774193188376873,0.2335770875125054,0.14172610600402732,-0.10830976458529462,2.1565653697692415,0.2026,True
419,0.18,0.17,0.23,0.22,0.2,0.876109248522233,0.233290154614477,0.14099660673983347,-0.11431994322212546,2.0406776633993817,0.2026,True
420,0.2,0.16,0.21,0.23,0.2,0.8754049174824043,0.2331358361118363,0.14044898855299143,-0.1102891076690018,2.113860933679149,0.2026,True
421,0.21,0.16,0.2,0.23,0.2,0.8735966479304251,0.23273946831796555,0.1403029613647698,-0.1081173472601018,2.1526561113089078,0.2026,True
422,0.18,0.17,0.22,0.23,0.2,0.8724066933713077,0.23247849432896284,0.14013976582515403,-0.11206332660382479,2.074527870753287,0.2026,True
423,0.23,0.2,0.16,0.2,0.21,0.8678342108125445,0.23147465365088093,0.14400026930959328,-0.10224076730820553,2.264015223527215,0.2026,True
424,0.17,0.18,0.22,0.23,0.2,0.8676166182081073,0.23142684265170343,0.1396645567491039,-0.11167295244405351,2.0723625335118174,0.2026,True
425,0.23,0.17,0.18,0.22,0.2,0.8670822963869915,0.23130942188984993,0.14027150514225106,-0.10344153998629946,2.236136680877781,0.2026,True
426,0.22,0.17,0.18,0.23,0.2,0.8651816488707418,0.23089156031465086,0.1395414558849387,-0.10334642432121888,2.2341514167630923,0.2026,True
427,0.2,0.2,0.16,0.23,0.21,0.8621199136814883,0.23021783359794878,0.14192400909989733,-0.1019563127589721,2.258004701898066,0.2026,True
428,0.23,0.18,0.17,0.22,0.2,0.8604900436301797,0.22985888373576335,0.1396327835305572,-0.10083390114460178,2.2795793986601005,0.2026,True
429,0.22,0.18,0.17,0.23,0.2,0.8585953854824215,0.22944135539148336,0.13889872986965962,-0.10073933483897435,2.2775746510360753,0.2026,True
430,0.23,0.2,0.16,0.21,0.2,0.8510591560361529,0.22777777139838395,0.13914494450184253,-0.09789127734701975,2.3268444091389573,0.2026,True
431,0.22,0.17,0.23,0.2,0.18,0.8499321432611306,0.22752860117117213,0.1340338072835232,-0.10619720842377411,2.1425101897521803,0.2026,True
432,0.23,0.21,0.16,0.2,0.2,0.8482138481218908,0.22714851000070757,0.13928075656645098,-0.09757154105316312,2.3280201127185514,0.2026,True
433,0.23,0.17,0.22,0.2,0.18,0.848064491194191,0.22711546074778077,0.13392620730695126,-0.10399298766085108,2.183949762925025,0.2026,True
434,0.21,0.2,0.16,0.23,0.2,0.847284377155026,0.22694281050422438,0.13768993094004844,-0.0977032388564738,2.3227767386258678,0.2026,True
435,0.2,0.17,0.23,0.22,0.18,0.8461537276511639,0.22669249550969717,0.13257747167163347,-0.10600446486200643,2.1385183709459685,0.2026,True
436,0.2,0.21,0.16,0.23,0.2,0.8425555267197142,0.22589520732962853,0.1371301943239303,-0.09728945122353405,2.3218879795159655,0.2026,True
437,0.2,0.17,0.22,0.23,0.18,0.8424110771346536,0.2258631785727816,0.13169493810499844,-0.10370556537534437,2.1779272670209053,0.2026,True
438,0.23,0.17,0.2,0.22,0.18,0.8405457957198545,0.22544943988376542,0.1322277907820258,-0.09936988458656937,2.2687903968264918,0.2026,True
439,0.22,0.17,0.2,0.23,0.18,0.8386708138509427,0.2250332676885236,0.13145262262164512,-0.09927521943581752,2.2667617253065857,0.2026,True
440,0.22,0.18,0.23,0.2,0.17,0.829925307702789,0.22308836247852737,0.12938054914619387,-0.10154669086719637,2.196904306515357,0.2026,True
441,0.23,0.18,0.22,0.2,0.17,0.8280281747777656,0.2226656431933134,0.12928532392029168,-0.0993164778178014,2.2419808684899114,0.2026,True
442,0.2,0.18,0.23,0.22,0.17,0.8261846955935639,0.22225459873771025,0.1278694598987365,-0.10135549204876215,2.192822453378091,0.2026,True
443,0.2,0.18,0.22,0.23,0.17,0.8224315460507154,0.22141689527360975,0.1269698430201947,-0.09903141494701384,2.2358248177316007,0.2026,True
444,0.23,0.2,0.17,0.22,0.18,0.8207861085729422,0.22104927071149705,0.13020348897578454,-0.09138639584689001,2.4188421992464386,0.2026,True
445,0.23,0.18,0.2,0.22,0.17,0.8204884960279497,0.22098275429748537,0.12755649502119265,-0.09464252564713493,2.3349202991623152,0.2026,True
446,0.22,0.2,0.17,0.23,0.18,0.8189291442207911,0.22063412055009413,0.12941405997606933,-0.09129346155226503,2.4167570907997855,0.2026,True
447,0.22,0.18,0.2,0.23,0.17,0.8186324959907805,0.2205677745462158,0.12675185493256014,-0.09454867556978408,2.3328489078984513,0.2026,True
448,0.23,0.22,0.17,0.2,0.18,0.815153333287306,0.2197891133286427,0.13048380876630306,-0.09071853991114531,2.4227584961565314,0.2026,True
449,0.18,0.2,0.22,0.23,0.17,0.813059240164264,0.21931996064841974,0.12581828122691407,-0.09820136298795834,2.2333698227316177,0.2026,True
450,0.22,0.23,0.17,0.2,0.18,0.8104877609845611,0.21874336172153552,0.1298338508957676,-0.09028999862096665,2.4226754354024336,0.2026,True
451,0.2,0.22,0.17,0.23,0.18,0.809589920854932,0.2185419117708498,0.12818200009363603,-0.09043970816164681,2.4164376048211076,0.2026,True
452,0.23,0.2,0.18,0.22,0.17,0.8073226797072444,0.2180329101403513,0.1261682073411672,-0.08926539423759694,2.442524474378223,0.2026,True
453,0.22,0.2,0.18,0.23,0.17,0.8054787078183352,0.21761861955273387,0.12535316557499795,-0.08917272672311694,2.44041679053332,0.2026,True
454,0.21,0.2,0.23,0.2,0.16,0.8051384490129183,0.21754214177845332,0.12408708352381839,-0.09640342686905412,2.2565810038469203,0.2026,True
455,0.2,0.2,0.23,0.21,0.16,0.8032883808423859,0.21712614560928345,0.12331371973267173,-0.096308625851942,2.254482853312409,0.2026,True
456,0.23,0.22,0.18,0.2,0.17,0.8017136795616389,0.21677184269043526,0.1264527662651856,-0.08858772687970107,2.446973755007887,0.2026,True
457,0.23,0.2,0.21,0.2,0.16,0.8012904238380629,0.21667657625837178,0.12391688444136882,-0.09187398793726631,2.358410482914093,0.2026,True
458,0.2,0.21,0.23,0.2,0.16,0.8004812359235975,0.21649440262674213,0.12345383208094832,-0.09598228526481356,2.255566243598364,0.2026,True
459,0.23,0.2,0.2,0.21,0.16,0.7975140347844409,0.215825924923418,0.12304450195370563,-0.08950303731830711,2.4113810144325973,0.2026,True
460,0.22,0.23,0.18,0.2,0.17,0.7970729530902796,0.2157264912819492,0.1257794154496387,-0.08815452171866744,2.4471403970678836,0.2026,True
461,0.2,0.22,0.18,0.23,0.17,0.7961891509588852,0.21552720559653538,0.12407553740452658,-0.0883097070738732,2.440583405131688,0.2026,True
462,0.2,0.2,0.21,0.23,0.16,0.7957689494593447,0.21543243278681268,0.12149411624148798,-0.09159316993264921,2.352057832971887,0.2026,True
463,0.23,0.21,0.2,0.2,0.16,0.7947159471678384,0.21519487226751788,0.12318813902133989,-0.08916406602046945,2.4134708282383115,0.2026,True
464,0.21,0.2,0.2,0.23,0.16,0.793842645156922,0.21499778217175947,0.12139483196651406,-0.0893170348304465,2.407130762680343,0.2026,True
465,0.2,0.23,0.18,0.22,0.17,0.793392395765764,0.21489614319391914,0.12421717390087555,-0.08796917053075859,2.442857445368094,0.2026,True
466,0.2,0.21,0.2,0.23,0.16,0.7892125225258515,0.21395176845740704,0.12074843192162273,-0.08888505253582257,2.4070612814362677,0.2026,True
467,0.21,0.23,0.2,0.2,0.16,0.785463827909427,0.2131035595591635,0.12182466489311357,-0.08829669938238383,2.4134940609306628,0.2026,True
468,0.2,0.23,0.2,0.21,0.16,0.7836317922842841,0.212688596895229,0.12103457012725675,-0.08820368949343982,2.4113344704367248,0.2026,True
469,0.2,0.17,0.2,0.19,0.24,0.9346349647601451,0.24598042549183496,0.15920642922235895,-0.12437451494479301,1.9777397773251217,0.20260000000000003,True
470,0.19,0.17,0.2,0.2,0.24,0.9326565401470546,0.2455556499709326,0.15862991884421584,-0.124275471769836,1.9758979505281073,0.20260000000000003,True
471,0.2,0.17,0.19,0.2,0.24,0.9309837879563359,0.2451962772677274,0.15844606649642282,-0.12217529616552658,2.0069218979876955,0.20260000000000003,True
472,0.2,0.19,0.17,0.2,0.24,0.9178481942646932,0.24236699642211978,0.1572156444864967,-0.11719584011250939,2.0680511884162835,0.20260000000000003,True
473,0.24,0.17,0.2,0.19,0.2,0.8764565444142833,0.23336623271445034,0.14260254132580297,-0.10810625753498859,2.1586746043717344,0.20260000000000003,True
474,0.24,0.17,0.19,0.2,0.2,0.872720618173606,0.2325473532467126,0.1418059757977242,-0.10582504676268378,2.1974698841211744,0.20260000000000003,True
475,0.19,0.17,0.2,0.24,0.2,0.8669063676966322,0.23127075549116194,0.13909866338525126,-0.10762511602375435,2.148854877332883,0.20260000000000003,True
476,0.2,0.17,0.24,0.2,0.19,0.8668611529187242,0.2312608175915276,0.13830213714501208,-0.11255708697081379,2.054609121605056,0.20260000000000003,True
477,0.2,0.17,0.19,0.24,0.2,0.8650992414002776,0.2308734364291083,0.13894445104191833,-0.10544235002298563,2.189570285362377,0.20260000000000003,True
478,0.24,0.19,0.17,0.2,0.2,0.8595285520483607,0.2296470340001966,0.14052328234165098,-0.10061485812166326,2.282436593236636,0.20260000000000003,True
479,0.24,0.17,0.2,0.2,0.19,0.8595181103800926,0.22964473293994514,0.13781284075892775,-0.10381198594598673,2.212121566188215,0.20260000000000003,True
480,0.24,0.2,0.17,0.19,0.2,0.8566750828642173,0.22901788606717388,0.14065864965315314,-0.10030021886950602,2.283323891497524,0.20260000000000003,True
481,0.2,0.19,0.17,0.24,0.2,0.8519550673011655,0.22797577544914516,0.1376298950936997,-0.10023653970266577,2.2743779476565686,0.20260000000000003,True
482,0.2,0.17,0.2,0.24,0.19,0.8519477896752561,0.22797416728890219,0.13486563794889522,-0.10343014443405463,2.2041366038529975,0.20260000000000003,True
483,0.19,0.2,0.17,0.24,0.2,0.8472146607172433,0.2269273789067736,0.13709537469822458,-0.09982725585945296,2.27320060992426,0.20260000000000003,True
484,0.24,0.2,0.17,0.2,0.19,0.8397376433467274,0.22527009653504315,0.13583666517892398,-0.09591716183306764,2.348590098267282,0.20260000000000003,True
485,0.2,0.2,0.17,0.24,0.19,0.8322392595036798,0.2236035620136554,0.13283745963161947,-0.09554205062836274,2.34036804258497,0.20260000000000003,True
486,0.24,0.19,0.2,0.2,0.17,0.8195235231175131,0.2207670329412621,0.12852395971151714,-0.09440871044759613,2.3384180537430836,0.20260000000000003,True
487,0.24,0.2,0.2,0.19,0.17,0.8167052558716861,0.22013656740794385,0.1286646259506602,-0.09407995731248353,2.339888045195082,0.20260000000000003,True
488,0.24,0.2,0.19,0.2,0.17,0.812936740278789,0.21929250505566045,0.1278279351213287,-0.09172280462858817,2.390817702790908,0.20260000000000003,True
489,0.2,0.19,0.2,0.24,0.17,0.8121044836924227,0.2191059407134872,0.1253510846467681,-0.0940332782088249,2.330089356524469,0.20260000000000003,True
490,0.19,0.2,0.2,0.24,0.17,0.8074376564770629,0.21805873297341205,0.12475555519907434,-0.09361062879359427,2.3294227993513243,0.20260000000000003,True
491,0.2,0.2,0.19,0.24,0.17,0.8055417456893443,0.2176327871127881,0.12463436619369572,-0.09134972858138812,2.3824130678055377,0.20260000000000003,True
492,0.21,0.16,0.21,0.19,0.23,0.9269889975750896,0.24433719923343644,0.1556354977698129,-0.1228688757887203,1.988601243927612,0.20279999999999998,True
493,0.19,0.16,0.21,0.21,0.23,0.9230540005324603,0.24348981805158454,0.15443151811634231,-0.12267115217300983,1.9848987617575935,0.20279999999999998,True
494,0.21,0.16,0.19,0.21,0.23,0.9196367731408499,0.24275299745955192,0.1540838992723278,-0.11844469876459296,2.049504958782662,0.20279999999999998,True
495,0.21,0.16,0.23,0.19,0.21,0.9014557012061226,0.23881802922547846,0.14762431677170823,-0.11907288217449685,2.005645826860053,0.20279999999999998,True
496,0.21,0.19,0.16,0.21,0.23,0.8999028370428386,0.2384807786343468,0.15223731085114836,-0.11088227729044675,2.1507565001543623,0.20279999999999998,True
497,0.23,0.16,0.21,0.19,0.21,0.8979111180935679,0.2380479485440885,0.1473414187605401,-0.11479223308550313,2.0737287022439768,0.20279999999999998,True
498,0.19,0.16,0.23,0.21,0.21,0.8975704464744989,0.23797388521834506,0.14635302943865586,-0.1188757945551806,2.0018699863064273,0.20279999999999998,True
499,0.21,0.21,0.16,0.19,0.23,0.894121888271926,0.23722365576297433,0.15249612935478937,-0.11029432109114645,2.1508238449279213,0.20279999999999998,True
500,0.23,0.16,0.19,0.21,0.21,0.8904739708736835,0.23642906409964204,0.14575279944467426,-0.11028656133076808,2.143770385501015,0.20279999999999998,True
501,0.19,0.16,0.21,0.23,0.21,0.8901778137439291,0.23636451011590776,0.14468774170213416,-0.11440229990739137,2.0660818034886077,0.20279999999999998,True
502,0.21,0.16,0.19,0.23,0.21,0.8866259654707453,0.23558978041913559,0.1443698793028637,-0.11009374945600436,2.1399015074264676,0.20279999999999998,True
503,0.23,0.19,0.16,0.21,0.21,0.8706978117745721,0.23210351874324364,0.14386771617354172,-0.1025508915841854,2.2633008368601724,0.20279999999999998,True
504,0.21,0.16,0.23,0.21,0.19,0.8679091642484111,0.23149112209454126,0.13798445367386392,-0.11067960325820492,2.09154275295417,0.20279999999999998,True
505,0.21,0.19,0.16,0.23,0.21,0.8668856759799408,0.23126620761295125,0.14246277224008547,-0.10236128456286286,2.2593132608737863,0.20279999999999998,True
506,0.23,0.21,0.16,0.19,0.21,0.8649731993748553,0.2308457149574452,0.14413504231519952,-0.10192968856965401,2.264754441976893,0.20279999999999998,True
507,0.23,0.16,0.21,0.21,0.19,0.8642318100565569,0.23068262974554554,0.1377377990664482,-0.10631492239250828,2.169804807775518,0.20279999999999998,True
508,0.21,0.16,0.21,0.23,0.19,0.8604346478693334,0.22984668012224496,0.13627254113034823,-0.1061229148628895,2.165853439091889,0.20279999999999998,True
509,0.23,0.21,0.16,0.21,0.19,0.8312943709762486,0.22339323576623116,0.13442301183058988,-0.09315917629269688,2.397973497150209,0.20279999999999998,True
510,0.21,0.21,0.16,0.23,0.19,0.8275571561738477,0.22256064547446774,0.13291441618198127,-0.09297277823553884,2.3938259101027266,0.20279999999999998,True
511,0.21,0.23,0.16,0.21,0.19,0.8219112851329531,0.2213006822212662,0.13318986669691762,-0.09231237753344557,2.397302378449597,0.20279999999999998,True
512,0.21,0.19,0.23,0.21,0.16,0.8079494632807978,0.21817366726840381,0.12394800310439662,-0.09672870589321592,2.255521411702309,0.20279999999999998,True
513,0.23,0.19,0.21,0.21,0.16,0.8040953988804007,0.21730764222764076,0.12377549456268425,-0.09220763149948363,2.3567207908258405,0.20279999999999998,True
514,0.21,0.19,0.21,0.23,0.16,0.800411967520849,0.21647880559595745,0.12213723858512678,-0.0920204309871725,2.3525080601517097,0.20279999999999998,True
515,0.19,0.21,0.21,0.23,0.16,0.7911309438074354,0.2143853871392758,0.12087744392161201,-0.09116484781392575,2.351623375457746,0.20279999999999998,True
516,0.23,0.21,0.19,0.21,0.16,0.7909422092461502,0.214342741408716,0.12233244464843822,-0.08678120679809531,2.4699211882061594,0.20279999999999998,True
517,0.21,0.21,0.19,0.23,0.16,0.7872828556631117,0.21351529511457534,0.12067148211123904,-0.08659642142294943,2.4656364732641296,0.20279999999999998,True
518,0.21,0.23,0.19,0.21,0.16,0.7817081732347948,0.21225258429638028,0.12096007593518798,-0.08590648385048627,2.4707399812311004,0.20279999999999998,True
519,0.19,0.17,0.21,0.19,0.24,0.9363011708289861,0.24633794185032865,0.15940562089072702,-0.12646749331906437,1.947836043755873,0.2028,True
520,0.21,0.17,0.19,0.19,0.24,0.9329576350879405,0.24562031493336312,0.1590463932698345,-0.1222738603754504,2.008772064439356,0.2028,True
521,0.19,0.17,0.19,0.21,0.24,0.9290099209607146,0.24477194623197307,0.1578681352417816,-0.12207679392147752,2.005065322975436,0.2028,True
522,0.21,0.19,0.19,0.17,0.24,0.9271109910807607,0.24436345145530303,0.15929916832410004,-0.12172801486592433,2.007454501943976,0.2028,True
523,0.21,0.19,0.17,0.19,0.24,0.9198101544824919,0.24279040289475518,0.1578217362537362,-0.11729342620988037,2.0699404113263373,0.2028,True
524,0.19,0.19,0.17,0.21,0.24,0.9158862087613511,0.24194329559212657,0.156632088633611,-0.11709831573784135,2.066155213827217,0.2028,True
525,0.24,0.17,0.19,0.19,0.21,0.8895124550090507,0.23621945589416637,0.14660730073067724,-0.11008762045299825,2.145740410430798,0.2028,True
526,0.19,0.17,0.19,0.24,0.21,0.8798990200189603,0.23411982885128513,0.14320283139494905,-0.10960548483644739,2.136022929880172,0.2028,True
527,0.24,0.19,0.17,0.19,0.21,0.8763208522253962,0.23333650931134975,0.1453448966536421,-0.10493564903348385,2.223615248588157,0.2028,True
528,0.21,0.17,0.24,0.19,0.19,0.8687725221063618,0.23168078357768662,0.1389911815996141,-0.11265479797889755,2.056554960234228,0.2028,True
529,0.19,0.17,0.24,0.21,0.19,0.8649496958885685,0.2308405455019089,0.13763778134731613,-0.11245943878793363,2.0526560330539105,0.2028,True
530,0.24,0.17,0.21,0.19,0.19,0.8632678204129627,0.23047051391764128,0.13863727458145747,-0.10610677384019185,2.1720622122085675,0.2028,True
531,0.24,0.17,0.19,0.21,0.19,0.8557665964132462,0.2288174428911487,0.13700398000588515,-0.1015100039466238,2.254136873164402,0.2028,True
532,0.19,0.17,0.21,0.24,0.19,0.8537813375286576,0.2283791990903914,0.13502930050926837,-0.1056266647753874,2.1621358543889873,0.2028,True
533,0.21,0.17,0.19,0.24,0.19,0.8501030226499744,0.22756638724779332,0.1347482905742617,-0.101225320482078,2.24811723157828,0.2028,True
534,0.24,0.19,0.17,0.21,0.19,0.8425752400934998,0.2258995782393931,0.13570012293674105,-0.09624054869044507,2.3472390932224685,0.2028,True
535,0.21,0.19,0.17,0.24,0.19,0.8369476519524544,0.22465054395950568,0.1334182994718247,-0.09595924298069569,2.341103753858282,0.2028,True
536,0.24,0.21,0.17,0.19,0.19,0.836902624053431,0.2246405398070277,0.13597555006459264,-0.0955927685776905,2.3499741994025105,0.2028,True
537,0.19,0.21,0.17,0.24,0.19,0.8275359786343395,0.22255592423213888,0.13228141832482304,-0.09512383494794352,2.3396441528448944,0.2028,True
538,0.24,0.19,0.21,0.19,0.17,0.8232946274494919,0.2216096369233167,0.12937675675780438,-0.09675418132849645,2.2904398950047993,0.2028,True
539,0.24,0.19,0.19,0.21,0.17,0.815750698865225,0.21992287868723537,0.12768762230803662,-0.092055771622223,2.389017818347679,0.2028,True
540,0.19,0.19,0.21,0.24,0.17,0.8139969792269794,0.2195300927959396,0.12549354106723593,-0.09628194173688409,2.2800754620826376,0.2028,True
541,0.21,0.19,0.19,0.24,0.17,0.8102007462244949,0.2186789709653718,0.1252586367059525,-0.09177598119011698,2.382747295421131,0.2028,True
542,0.24,0.21,0.19,0.19,0.17,0.8101253487253051,0.2186620546715532,0.12797072813156304,-0.09138879173758907,2.3926572450964514,0.2028,True
543,0.19,0.21,0.19,0.24,0.17,0.8008877839397197,0.21658593618454725,0.12403608165056841,-0.0909224206641216,2.3820960177098875,0.2028,True
544,0.2,0.17,0.21,0.18,0.24,0.9382841504890049,0.2467631608149572,0.159980673964909,-0.12656707370011855,1.9496631596273215,0.203,True
545,0.21,0.17,0.2,0.18,0.24,0.9366133724655803,0.24640490785850377,0.15980524274971253,-0.12447362033139786,1.9795753285111877,0.203,True
546,0.18,0.17,0.21,0.2,0.24,0.9343181782003942,0.2459124296564581,0.15885315593821211,-0.12636797533365418,1.9460027669760962,0.203,True
547,0.21,0.18,0.2,0.17,0.24,0.9336845923127504,0.2457764129670017,0.15993113887244007,-0.12420480660167854,1.978799530320916,0.203,True
548,0.18,0.17,0.2,0.21,0.24,0.9306780996090649,0.2451305810054205,0.15807609293753952,-0.12417649074796888,1.9740498344645807,0.203,True
549,0.21,0.17,0.18,0.2,0.24,0.9292999074769281,0.24483430406892626,0.15830157742060816,-0.12006740624960877,2.0391404438265197,0.203,True
550,0.2,0.16,0.22,0.19,0.23,0.9286901092701598,0.24470316763042632,0.1558207639612926,-0.12497144788619174,1.9580725979366995,0.203,True
551,0.2,0.17,0.18,0.21,0.24,0.9273306234896805,0.24441071215138654,0.15769977614687802,-0.11996938697084858,2.037275661088241,0.203,True
552,0.19,0.16,0.22,0.2,0.23,0.9267180193922524,0.24427888249767338,0.15523181814426903,-0.12487207529646127,1.9562330642597718,0.203,True
553,0.22,0.16,0.2,0.19,0.23,0.9252767306493201,0.2439686133645973,0.15549014943123443,-0.12075856703918109,2.0203006655870612,0.203,True
554,0.21,0.18,0.17,0.2,0.24,0.9227238663415227,0.2434186728218637,0.15769534287834208,-0.11757424764029034,2.0703400422053733,0.203,True
555,0.22,0.16,0.19,0.2,0.23,0.9215950530547727,0.24317534752035375,0.1547232255046858,-0.11854255787237689,2.0513759099255875,0.203,True
556,0.2,0.18,0.17,0.21,0.24,0.9207605273210056,0.24299539712359164,0.1570906749182044,-0.11747671926218861,2.0684557642545847,0.203,True
557,0.19,0.16,0.2,0.22,0.23,0.9193880267185661,0.24269932876473832,0.1536452675077715,-0.12046352594560106,2.014712145104706,0.203,True
558,0.2,0.16,0.19,0.22,0.23,0.9176784555825752,0.24233035190624008,0.15346711133375227,-0.11834690147505234,2.0476273471116064,0.203,True
559,0.21,0.2,0.17,0.18,0.24,0.9168990563729289,0.2421620613326172,0.15795016748344246,-0.11701175925768048,2.069553204471815,0.203,True
560,0.2,0.16,0.23,0.19,0.22,0.9160202571905691,0.24197225324289984,0.1518095471678102,-0.12309480450361954,1.9657389620841776,0.203,True
561,0.19,0.16,0.23,0.2,0.22,0.9140605340838697,0.24154877185916668,0.1512046009935252,-0.12299558093986651,1.963881710329591,0.203,True
562,0.23,0.16,0.2,0.19,0.22,0.9108014272244562,0.2408438628322611,0.15134841501372415,-0.11672499306521877,2.063344417572099,0.203,True
563,0.23,0.16,0.19,0.2,0.22,0.9070983289874206,0.24004194978588367,0.1505727612617471,-0.11448871550660156,2.0966428763194793,0.203,True
564,0.19,0.16,0.2,0.23,0.22,0.9030180043358218,0.23915714450564263,0.1487674698666488,-0.11633435596978647,2.055774001686611,0.203,True
565,0.22,0.19,0.16,0.2,0.23,0.9018432446890503,0.2389021671718572,0.15288605988750395,-0.11097862142479453,2.1526863832395953,0.203,True
566,0.2,0.16,0.19,0.23,0.22,0.9012746623667933,0.23877872072131412,0.1485963857744209,-0.11419732670602545,2.090930914135973,0.203,True
567,0.22,0.2,0.16,0.19,0.23,0.8989501043334598,0.23827377344041878,0.15301583514059425,-0.11068514168080035,2.152716885230768,0.203,True
568,0.2,0.19,0.16,0.22,0.23,0.8979623836199242,0.238059093100206,0.15161131138310335,-0.11078599457487359,2.1488193883507196,0.203,True
569,0.24,0.17,0.2,0.18,0.21,0.8932323796736845,0.2370299965702123,0.14739224343139198,-0.1123483932963033,2.109776469567113,0.203,True
570,0.23,0.19,0.16,0.2,0.22,0.8873245251946555,0.2357422271490035,0.14871710216977277,-0.1068389052799179,2.206520429345087,0.203,True
571,0.22,0.16,0.23,0.19,0.2,0.8866895623792537,0.23560366073327277,0.14349758995415768,-0.11499959325500775,2.048734730833609,0.203,True
572,0.24,0.17,0.18,0.2,0.21,0.8857906508533133,0.23540744024471638,0.14583736740661896,-0.10781983546377316,2.183340748315387,0.203,True
573,0.23,0.16,0.22,0.19,0.2,0.884884821290475,0.23520964654547605,0.14336912634122895,-0.11284196418696846,2.084416451274775,0.203,True
574,0.23,0.2,0.16,0.19,0.22,0.8844453861231241,0.23511367022526963,0.14884887998414836,-0.1065372200688367,2.2068688301924535,0.203,True
575,0.18,0.17,0.2,0.24,0.21,0.8816682974138994,0.23450678539575343,0.14339174715071876,-0.11176657464842488,2.098183523414067,0.203,True
576,0.2,0.19,0.16,0.23,0.22,0.8815545630825641,0.23448191799382712,0.1467103777768524,-0.10655219036987362,2.2006297306500433,0.203,True
577,0.19,0.16,0.23,0.22,0.2,0.8809133979071577,0.2343417119112441,0.1414934306317181,-0.11470607504659625,2.0429755949373134,0.203,True
578,0.24,0.17,0.21,0.18,0.2,0.8801906272363718,0.234183622624637,0.14341427343657773,-0.1103803825896108,2.1216054622253027,0.203,True
579,0.24,0.18,0.17,0.2,0.21,0.8791926142908426,0.23396526387073568,0.1452126895268793,-0.10524079346437565,2.2231423402364756,0.203,True
580,0.2,0.17,0.18,0.24,0.21,0.8781185664602216,0.233730182779452,0.14305759474761606,-0.10743631468600146,2.1755230851185012,0.203,True
581,0.19,0.16,0.22,0.23,0.2,0.8772019839285674,0.23352949584376415,0.14063939476592116,-0.11245276370894286,2.0766896974466498,0.203,True
582,0.23,0.16,0.19,0.22,0.2,0.8736838008498355,0.23275857785103948,0.14092728415204187,-0.10603309332208954,2.195150311648501,0.203,True
583,0.24,0.2,0.17,0.18,0.21,0.8734516833275565,0.23270768142766163,0.14547929794865205,-0.10462956806957757,2.2241101222258077,0.203,True
584,0.22,0.16,0.19,0.23,0.2,0.8717771611213261,0.2323403842088938,0.1402012922528006,-0.10593743686221191,2.193184874871841,0.203,True
585,0.2,0.18,0.17,0.24,0.21,0.871544442969957,0.23228932142749348,0.14241823931051892,-0.10485940908934366,2.2152453789776305,0.203,True
586,0.22,0.16,0.23,0.2,0.19,0.8698171242075536,0.23191018250329787,0.13869918155899238,-0.1107767440420423,2.093491594366437,0.203,True
587,0.24,0.17,0.18,0.21,0.2,0.8689828519264411,0.23172697974571932,0.14102482495057697,-0.10353671710450763,2.2381140355437323,0.203,True
588,0.18,0.17,0.21,0.24,0.2,0.8687023034007872,0.2316653601942371,0.13929783631480286,-0.10979971415686152,2.1098903760648824,0.203,True
589,0.23,0.16,0.22,0.2,0.19,0.8679793059615941,0.2315065329282966,0.13858022118818245,-0.10859798467108661,2.131775590766865,0.203,True
590,0.2,0.16,0.23,0.22,0.19,0.8660011122620808,0.23107175595884288,0.13729405386115887,-0.11058252495462606,2.0895865423009257,0.203,True
591,0.21,0.17,0.18,0.24,0.2,0.8632809103604475,0.2304733947135067,0.1388351861763977,-0.10325137004976714,2.232158223202448,0.203,True
592,0.24,0.18,0.17,0.21,0.2,0.862384607090368,0.2302761078344837,0.14039017939896134,-0.10092852873809854,2.281575989599846,0.203,True
593,0.2,0.16,0.22,0.23,0.19,0.862269417317441,0.23025074862190897,0.13642767704507447,-0.10830830811813985,2.1258826088461977,0.203,True
594,0.23,0.16,0.2,0.22,0.19,0.8604825068537623,0.22985722340803405,0.13691072347251626,-0.10402472725944023,2.209640240966597,0.203,True
595,0.22,0.16,0.2,0.23,0.19,0.8585886467357282,0.22943986985852982,0.13616308605745886,-0.10392928297953252,2.2076537360862476,0.203,True
596,0.21,0.18,0.17,0.24,0.2,0.8567006336298306,0.22902352249422142,0.13818853263547828,-0.10064482976169442,2.2755617256892426,0.203,True
597,0.23,0.19,0.16,0.22,0.2,0.8539070461650196,0.2284069584163233,0.13901142460206325,-0.09821002656914402,2.3256989779502315,0.203,True
598,0.22,0.19,0.16,0.23,0.2,0.8520183745419792,0.2279897644746154,0.13827342320939634,-0.09811601831638805,2.3236752610509765,0.203,True
599,0.21,0.17,0.24,0.2,0.18,0.8517885521664426,0.22793897901318205,0.13418777727343315,-0.1083931104510194,2.102891761890927,0.203,True
600,0.2,0.17,0.24,0.21,0.18,0.8498946137641263,0.22752030206782514,0.1334752963133016,-0.1082961787733483,2.1009079419505605,0.203,True
601,0.24,0.17,0.21,0.2,0.18,0.8461855818143473,0.22669954911606416,0.13386493555389337,-0.10178040080174267,2.2273399134834477,0.203,True
602,0.23,0.22,0.16,0.19,0.2,0.8453711213275539,0.22651917408321287,0.13941886376579257,-0.09725081309546368,2.32922653161631,0.203,True
603,0.24,0.17,0.2,0.21,0.18,0.8424206584205598,0.22586530307985542,0.13302707664540764,-0.09946461146308239,2.2708106909329087,0.203,True
604,0.2,0.17,0.21,0.24,0.18,0.8386666656267323,0.22503234663234672,0.1308279956418701,-0.10139944646518428,2.219266026364474,0.203,True
605,0.21,0.17,0.2,0.24,0.18,0.8367957137965718,0.22461678617811387,0.1307021487149835,-0.09918061595051053,2.2647246543638517,0.203,True
606,0.23,0.2,0.16,0.22,0.19,0.8341238026434308,0.2240228336149792,0.13428594075059538,-0.09348776201618725,2.396279778054694,0.203,True
607,0.22,0.2,0.16,0.23,0.19,0.8322539329402046,0.2236068276580898,0.13352088123530098,-0.09339456983835426,2.3942165807402374,0.203,True
608,0.21,0.18,0.24,0.2,0.17,0.8318111860854522,0.22350828452355276,0.12952390276241996,-0.10376842198034353,2.153914266576118,0.203,True
609,0.2,0.18,0.24,0.21,0.17,0.8299361227397115,0.22309077144797373,0.12878474743922474,-0.10367224870651348,2.1518851402512067,0.203,True
610,0.23,0.22,0.16,0.2,0.19,0.8284675131192658,0.222763562607736,0.1345624556762555,-0.09282956510982843,2.3997049037575495,0.203,True
611,0.24,0.18,0.21,0.2,0.17,0.8261197731590955,0.22224011780300024,0.12923817940128576,-0.0970777341668404,2.2893006281033754,0.203,True
612,0.17,0.2,0.21,0.24,0.18,0.8245301830976446,0.22188545294715434,0.12919736714384736,-0.1001692095604374,2.2151063577403898,0.203,True
613,0.22,0.23,0.16,0.2,0.19,0.8237773125480861,0.2217174026930897,0.13393488018248673,-0.09240561991891572,2.39939305518044,0.203,True
614,0.2,0.22,0.16,0.23,0.19,0.8228654781938174,0.22151380775649798,0.13233235870861884,-0.0925499484308453,2.393451444459922,0.203,True
615,0.24,0.2,0.17,0.21,0.18,0.8226429456245563,0.22146411023979273,0.13101726585055348,-0.09147939131185523,2.420918056667176,0.203,True
616,0.24,0.18,0.2,0.21,0.17,0.8223443605904488,0.2213974218029633,0.12838575586585588,-0.09473643739560078,2.3369827691371916,0.203,True
617,0.24,0.21,0.17,0.2,0.18,0.8198239641825456,0.2208342052346839,0.13115764001334798,-0.09114602173198505,2.422861700799702,0.203,True
618,0.2,0.18,0.21,0.24,0.17,0.8186766775232679,0.22057765629665194,0.1260862232712918,-0.09669998264986424,2.2810516636319336,0.203,True
619,0.21,0.2,0.17,0.24,0.18,0.817072053550832,0.22021865943706698,0.1286495758443707,-0.09120058836764566,2.414662705347105,0.203,True
620,0.21,0.18,0.2,0.24,0.17,0.816776361461657,0.22015248222748274,0.12597245836157325,-0.09445488710282246,2.3307685709033494,0.203,True
621,0.2,0.21,0.17,0.24,0.18,0.8124010955740935,0.21917243781724527,0.12804507302909046,-0.09077426452402637,2.4144777042972807,0.203,True
622,0.22,0.19,0.23,0.2,0.16,0.8098006935291104,0.21858920918702096,0.12474588400578272,-0.09682352817268192,2.257604255002705,0.203,True
623,0.18,0.2,0.21,0.24,0.17,0.8093223425303542,0.2184818618674833,0.12492712519293432,-0.09586287108379998,2.279108265769487,0.203,True
624,0.24,0.2,0.18,0.21,0.17,0.8091665106998978,0.2184468873738714,0.12700802668936714,-0.08935812303188595,2.444622603542403,0.203,True
625,0.23,0.19,0.22,0.2,0.16,0.8078744327089016,0.21815681932649578,0.12466418892164431,-0.0945667762791712,2.3069076467455503,0.203,True
626,0.24,0.21,0.18,0.2,0.17,0.806359428228532,0.21781652877373814,0.12715048615780827,-0.08901985602774198,2.446830836323283,0.203,True
627,0.2,0.19,0.23,0.22,0.16,0.8060980920858483,0.21775780989031612,0.1231761814690008,-0.09663394603087527,2.2534297608082863,0.203,True
628,0.21,0.2,0.18,0.24,0.17,0.8036345960159201,0.21720401528765954,0.12456353975569788,-0.08908012042771996,2.438299524571253,0.203,True
629,0.2,0.19,0.22,0.23,0.16,0.8023349000621549,0.21691164003166818,0.12225852162022227,-0.0942841820967385,2.300615386461221,0.203,True
630,0.23,0.19,0.2,0.22,0.16,0.8003146837746384,0.2164568997295142,0.12290343776462166,-0.08984094257732933,2.4093346921778114,0.203,True
631,0.2,0.21,0.18,0.24,0.17,0.7989884670996577,0.21615819015592397,0.12393647071786631,-0.08864917364892033,2.4383553874058768,0.203,True
632,0.22,0.19,0.2,0.23,0.16,0.7984777691518063,0.21604312427199712,0.12206721078060043,-0.08974794492905824,2.4072208499344425,0.203,True
633,0.19,0.2,0.22,0.23,0.16,0.7976840051329788,0.2158642372261037,0.12164506901170594,-0.09386054523086906,2.2998400094005613,0.203,True
634,0.23,0.2,0.19,0.22,0.16,0.7937359703878921,0.21497370302285068,0.12218911123941915,-0.08712448068227885,2.467431671780127,0.203,True
635,0.22,0.2,0.19,0.23,0.16,0.7919050780744146,0.21456027617915896,0.12134718046881376,-0.08703208906191762,2.465300770001205,0.203,True
636,0.23,0.22,0.19,0.2,0.16,0.7881510062838295,0.21371170186180044,0.12247837030302954,-0.08643684648156069,2.472460652615212,0.203,True
637,0.19,0.22,0.2,0.23,0.16,0.7845874005359925,0.21290508104188888,0.12012863395307918,-0.08845199403842297,2.4070127910220354,0.203,True
638,0.22,0.23,0.19,0.2,0.16,0.7835353432068017,0.21266674295923904,0.12178059880735577,-0.08599890836984403,2.472900493627798,0.203,True
639,0.2,0.22,0.19,0.23,0.16,0.7826656228472617,0.21246964157744563,0.12002190525242713,-0.08615966629391847,2.46599889155377,0.203,True
640,0.2,0.23,0.19,0.22,0.16,0.7798808514730282,0.21183810791247226,0.12016600724773156,-0.08581412094704866,2.4685693400412076,0.203,True
641,0.2,0.16,0.2,0.2,0.24,0.9375649800014763,0.24660897949089788,0.15908396381518475,-0.12464259137012257,1.978528982589905,0.20320000000000002,True
642,0.2,0.2,0.16,0.2,0.24,0.9112937997894281,0.24095040899009268,0.15662358905174206,-0.11468340648966202,2.1010049872543055,0.20320000000000002,True
643,0.2,0.16,0.24,0.2,0.2,0.8865530654490863,0.23557386927453638,0.14300361226182587,-0.11705078452081197,2.012578302989936,0.20320000000000002,True
644,0.24,0.16,0.2,0.2,0.2,0.879330525318182,0.2339954425115931,0.14247257215622597,-0.10840606605480907,2.158508753498049,0.20320000000000002,True
645,0.2,0.16,0.2,0.24,0.2,0.871685185469163,0.23232020351022764,0.13962727944901007,-0.10802123128520968,2.150690199936992,0.20320000000000002,True
646,0.24,0.2,0.16,0.2,0.2,0.8529464002389064,0.22819479408856713,0.13990778762434664,-0.09798538841869298,2.32886553568056,0.20320000000000002,True
647,0.2,0.2,0.16,0.24,0.2,0.8453968444421531,0.2265248716815138,0.1369987991769555,-0.0976093113181794,2.3207301498430337,0.20320000000000002,True
648,0.24,0.2,0.2,0.2,0.16,0.7993495027861572,0.2162395223406357,0.12390729867870623,-0.08959613109767739,2.413491740004846,0.20320000000000002,True
649,0.2,0.2,0.2,0.24,0.16,0.7920067254966316,0.21458323618000863,0.120609310380231,-0.08922412599935481,2.404991181214376,0.20320000000000002,True
650,0.2,0.16,0.21,0.19,0.24,0.9412183114527182,0.24739181394483456,0.15985767221170827,-0.12683148466631322,1.9505552158102466,0.2034,True
651,0.21,0.16,0.2,0.19,0.24,0.939544774855656,0.24703333120222948,0.159681352400469,-0.12474163319363951,1.9803599237694247,0.2034,True
652,0.19,0.16,0.21,0.2,0.24,0.9392339419157836,0.24696672599827996,0.15928405886276764,-0.12673196956556332,1.9487326429541094,0.2034,True
653,0.21,0.16,0.19,0.2,0.24,0.9358848867508542,0.24624863937269947,0.15892302885564324,-0.1225455616159622,2.009445598237189,0.2034,True
654,0.19,0.16,0.2,0.21,0.24,0.9355851679940763,0.24618433490056213,0.15850889881065475,-0.12454361162579775,1.976691792432073,0.2034,True
655,0.22,0.17,0.19,0.18,0.24,0.9349314613728001,0.2460440595185771,0.1596687291721016,-0.12237248660973976,2.0106158364113376,0.2034,True
656,0.2,0.16,0.19,0.21,0.24,0.9339096549530883,0.24582473227396684,0.1583241325162989,-0.12244705910034692,2.007600134132338,0.2034,True
657,0.22,0.18,0.19,0.17,0.24,0.9320054458762004,0.24541579407440195,0.15979550915038204,-0.12210003399943681,2.0099568037428552,0.2034,True
658,0.22,0.17,0.18,0.19,0.24,0.9312691676610807,0.24525760268964492,0.1589254761779471,-0.12016548730370269,2.040998694323838,0.2034,True
659,0.21,0.16,0.22,0.18,0.23,0.9306621713554912,0.24512715763372683,0.15643236222492918,-0.12507088298389657,1.959905869260458,0.2034,True
660,0.22,0.16,0.21,0.18,0.23,0.9289564489902693,0.24476044709617684,0.1562712123006569,-0.12296783104795195,1.9904429069805356,0.2034,True
661,0.18,0.17,0.19,0.22,0.24,0.9270360350838527,0.24434732153561645,0.157312984115451,-0.12197835358488485,2.0032023252845015,0.2034,True
662,0.22,0.19,0.18,0.17,0.24,0.9254280613255781,0.2440011978993495,0.15918003895216407,-0.11961230511508669,2.0399339153658165,0.2034,True
663,0.19,0.17,0.18,0.22,0.24,0.9253613166820847,0.24398682664722315,0.15712046203967792,-0.11987142940907669,2.03540433154081,0.2034,True
664,0.18,0.16,0.22,0.21,0.23,0.9247459027045091,0.2438543019414141,0.154665922589292,-0.12477276515578373,1.9543872545980077,0.2034,True
665,0.22,0.18,0.17,0.19,0.24,0.9246871788481459,0.2438416547304123,0.15832217502005558,-0.11767183767046274,2.072217614322343,0.2034,True
666,0.22,0.19,0.17,0.18,0.24,0.9217720884319729,0.2432135153012367,0.15844997115094342,-0.11739107408856786,2.0718228978613804,0.2034,True
667,0.18,0.16,0.21,0.22,0.23,0.9210864568705102,0.2430656841449561,0.15386405792609031,-0.12257238369889856,1.983037914495093,0.2034,True
668,0.19,0.18,0.17,0.22,0.24,0.9187971627693607,0.24257182734504057,0.1565085640132679,-0.11737925247775527,2.0665647652766466,0.2034,True
669,0.21,0.16,0.23,0.18,0.22,0.9179799389089853,0.24239543699709665,0.15243758046331746,-0.12319409076031518,1.9675898048446014,0.2034,True
670,0.22,0.16,0.18,0.21,0.23,0.9179114196187275,0.24238064545390925,0.1539706417492395,-0.11631977260960202,2.0837441478449135,0.2034,True
671,0.21,0.19,0.16,0.2,0.24,0.9161567669301982,0.2420017412071227,0.15710455785132338,-0.11506594912541457,2.1031568682700055,0.2034,True
672,0.21,0.16,0.18,0.22,0.23,0.9159577293112453,0.24195874590103061,0.15332957099941555,-0.11622246730200658,2.0818586243939876,0.2034,True
673,0.23,0.16,0.21,0.18,0.22,0.9145026031219621,0.24164432488616816,0.15213851920604463,-0.11895442068072726,2.0314026456800596,0.2034,True
674,0.2,0.19,0.16,0.21,0.24,0.9141993700326616,0.24157878277284173,0.15649706352658546,-0.1149689194248611,2.101252964552107,0.2034,True
675,0.21,0.2,0.16,0.19,0.24,0.9132498208159618,0.2413734983021798,0.15723250349915718,-0.11478049186231065,2.1029139567700117,0.2034,True
676,0.18,0.16,0.23,0.21,0.22,0.9121007705716231,0.241124992547342,0.15062316126072864,-0.12289642000969492,1.9620180354181218,0.2034,True
677,0.19,0.2,0.16,0.21,0.24,0.9093377507665512,0.24052702482448973,0.15603727888111626,-0.11458638270962052,2.0990890814139944,0.2034,True
678,0.24,0.17,0.19,0.18,0.22,0.9061385260701174,0.2398339332271473,0.15140473982668382,-0.11429867623846124,2.0983089316518586,0.2034,True
679,0.18,0.16,0.21,0.23,0.22,0.9047501862071015,0.2395329169328695,0.14898052673022905,-0.11846349656224686,2.0219976945134865,0.2034,True
680,0.22,0.18,0.16,0.21,0.23,0.9047389898339961,0.23953048876938632,0.1527583812886287,-0.11127121323016775,2.1526725719608226,0.2034,True
681,0.22,0.16,0.23,0.18,0.21,0.9033982406786745,0.23923965094719035,0.14829498222149884,-0.11917151997214182,2.007523701997896,0.2034,True
682,0.23,0.16,0.18,0.21,0.22,0.90339331182298,0.23923858151861155,0.14981177271765372,-0.11224555638650213,2.1313857690261377,0.2034,True
683,0.2,0.16,0.24,0.19,0.21,0.9032112095555187,0.23919906894999343,0.14782884530165644,-0.12120133112313103,1.9735680023760298,0.2034,True
684,0.21,0.18,0.16,0.22,0.23,0.9027972173913186,0.2391092315076746,0.15211106297844912,-0.11117492164521658,2.1507479202074395,0.2034,True
685,0.24,0.17,0.18,0.19,0.22,0.9024330978556885,0.23903020579102074,0.15064540421903652,-0.11205110781852623,2.133224833244354,0.2034,True
686,0.23,0.16,0.22,0.18,0.21,0.9016268640090386,0.23885519107609587,0.14815772762324922,-0.11703467136677426,2.040892568729048,0.2034,True
687,0.19,0.16,0.24,0.2,0.21,0.9012639403322025,0.23877639259485295,0.1472072038325731,-0.12110226325877116,1.9716922390181582,0.2034,True
688,0.21,0.16,0.18,0.23,0.22,0.8995201461487361,0.23839763771097133,0.14846725848523143,-0.11205236484716063,2.127555612379494,0.2034,True
689,0.24,0.19,0.18,0.17,0.22,0.8966474938227129,0.23777318719231877,0.15090720415030404,-0.11146617833189876,2.133142005499925,0.2034,True
690,0.24,0.16,0.2,0.19,0.21,0.8961220150278362,0.23765889161336218,0.14726298523014275,-0.11263994443464576,2.1098988711882134,0.2034,True
691,0.22,0.21,0.16,0.18,0.23,0.8960595676725689,0.23764530744128032,0.153147710243698,-0.11039076995005137,2.152764289521741,0.2034,True
692,0.24,0.18,0.17,0.19,0.22,0.895835856140387,0.23759664102706757,0.15003027438275449,-0.10950069929588258,2.169818481113587,0.2034,True
693,0.18,0.16,0.23,0.22,0.21,0.8956277331809284,0.23755136232730512,0.1457533044556921,-0.11877734461413558,1.999971990441638,0.2034,True
694,0.24,0.19,0.17,0.18,0.22,0.8929485597751563,0.23696819200947394,0.1501617679636301,-0.10920389763149996,2.1699609368257593,0.2034,True
695,0.19,0.17,0.18,0.24,0.22,0.8927568401540735,0.23692643968908955,0.1473358334176866,-0.11156801552906259,2.1236053950190774,0.2034,True
696,0.24,0.16,0.19,0.2,0.21,0.8923978649955782,0.23684825520482922,0.14647852408206302,-0.11038305984460384,2.1456938731202215,0.2034,True
697,0.18,0.16,0.22,0.23,0.21,0.8919369690156582,0.23674785795256637,0.14491137884888106,-0.1165445930144986,2.031392892874181,0.2034,True
698,0.23,0.18,0.16,0.21,0.22,0.8902062621949296,0.23637071137653942,0.14858747377646245,-0.10713967188562101,2.206192227552101,0.2034,True
699,0.21,0.16,0.24,0.19,0.2,0.8884830908008507,0.2359949780723587,0.143669259511819,-0.11714919037879568,2.014482364831387,0.2034,True
700,0.23,0.16,0.18,0.22,0.21,0.8867525763935198,0.23561741352041743,0.14498095203197892,-0.10802326347657587,2.1811728875559244,0.2034,True
701,0.19,0.16,0.2,0.24,0.21,0.8864786816953105,0.23555763386830897,0.14387710588649125,-0.1121552105965603,2.100282569265964,0.2034,True
702,0.21,0.18,0.16,0.23,0.22,0.8863569766520254,0.2355310689372685,0.14722939793493792,-0.10694856553878396,2.2022835720209377,0.2034,True
703,0.22,0.16,0.18,0.23,0.21,0.8848332441667244,0.23519838244257074,0.1442756183570161,-0.10792740258812838,2.179227673440199,0.2034,True
704,0.2,0.16,0.19,0.24,0.21,0.884701856155206,0.23516968724071274,0.1437136235089524,-0.10999743597669531,2.137956081908465,0.2034,True
705,0.19,0.16,0.24,0.21,0.2,0.8846229685612819,0.23515245751326308,0.14236207763478398,-0.11695244145606232,2.010667366885258,0.2034,True
706,0.24,0.16,0.21,0.19,0.2,0.8830688533832411,0.23481292732934134,0.14328383263895905,-0.11067625807352077,2.121619680829453,0.2034,True
707,0.23,0.21,0.16,0.18,0.22,0.8815688438856695,0.2344850404698997,0.1489828103632084,-0.10623461203751694,2.207237697513226,0.2034,True
708,0.24,0.16,0.19,0.21,0.2,0.8755903513123313,0.23317646829824978,0.141676473403047,-0.10612881139381769,2.197108073065944,0.2034,True
709,0.23,0.18,0.16,0.22,0.21,0.873564003355604,0.23273231037209685,0.1437373798109645,-0.10286006578363982,2.26261094234215,0.2034,True
710,0.19,0.16,0.21,0.24,0.2,0.873488730037639,0.23271580494402055,0.13980022756330293,-0.11019247518654463,2.1119028731322755,0.2034,True
711,0.24,0.19,0.16,0.2,0.21,0.872603758893806,0.23252172124449166,0.1446047700485167,-0.10264578697782356,2.265282658846267,0.2034,True
712,0.22,0.18,0.16,0.23,0.21,0.8716566333953466,0.2323139386656301,0.14302466970877173,-0.10276527721618733,2.260626789113907,0.2034,True
713,0.21,0.16,0.24,0.2,0.19,0.8716437106726389,0.23231110316414827,0.13886287703315714,-0.11294734340324941,2.0568089178931928,0.2034,True
714,0.21,0.16,0.19,0.24,0.2,0.869870433109551,0.23192188706599492,0.13949900143124053,-0.10584184195471558,2.1912117436998373,0.2034,True
715,0.24,0.2,0.16,0.19,0.21,0.8697388166317452,0.23189298880009535,0.14473873583719274,-0.10233570820920257,2.2660026774431636,0.2034,True
716,0.2,0.16,0.24,0.21,0.19,0.8697310007963499,0.23189127267983234,0.13817535486298135,-0.11284968749514668,2.0548685408615355,0.2034,True
717,0.24,0.17,0.22,0.18,0.19,0.8670157230997515,0.23129479039911804,0.139477014007572,-0.10839440130091704,2.1338259875342955,0.2034,True
718,0.24,0.16,0.21,0.2,0.19,0.8661302417834837,0.23110014604185225,0.1385059580421442,-0.10641101918941454,2.171768937110617,0.2034,True
719,0.2,0.19,0.16,0.24,0.21,0.8649794892700446,0.23084709837605577,0.1417958495812673,-0.10226657281659379,2.2573074663415187,0.2034,True
720,0.18,0.17,0.24,0.22,0.19,0.8630381519986405,0.230419966995427,0.13699862285191475,-0.1123618533696834,2.0506956772715275,0.2034,True
721,0.24,0.16,0.2,0.21,0.19,0.8623762641100687,0.23027427114916876,0.13768197764421553,-0.104120233295656,2.211618855052796,0.2034,True
722,0.2,0.16,0.21,0.24,0.19,0.8585359193745414,0.22942824617364432,0.13557650070060168,-0.10602700401013032,2.163866161414159,0.2034,True
723,0.21,0.16,0.2,0.24,0.19,0.8566946847387262,0.22902221019019042,0.13543960068212493,-0.10383390039605034,2.2056593204785555,0.2034,True
724,0.24,0.19,0.16,0.21,0.2,0.8557956203897052,0.22882384758438823,0.13977283826781509,-0.09830409593782952,2.327714276820198,0.2034,True
725,0.18,0.17,0.22,0.24,0.19,0.8556036803614697,0.228781491121544,0.13523927391076468,-0.10781492832637829,2.121983427276181,0.2034,True
726,0.22,0.17,0.24,0.19,0.18,0.8536823851914381,0.2283573472810123,0.13492502425989028,-0.10849010489603494,2.1048679739027354,0.2034,True
727,0.22,0.16,0.23,0.21,0.18,0.8527845070130466,0.2281590317926192,0.13390349287398293,-0.10650203426903204,2.142297406416412,0.2034,True
728,0.24,0.17,0.18,0.22,0.19,0.8520132819245481,0.22798863916876577,0.1362109612858474,-0.09920079395896597,2.2982541779158785,0.2034,True
729,0.23,0.16,0.22,0.21,0.18,0.850913898871859,0.22774566230361382,0.13379484780855402,-0.10430178652407862,2.18352599599085,0.2034,True
730,0.21,0.16,0.23,0.22,0.18,0.850894026692498,0.22774126942791084,0.13316440041948058,-0.10640568080329538,2.140311191175215,0.2034,True
731,0.21,0.19,0.16,0.24,0.2,0.8501296065033259,0.22757226545103837,0.13755935347289544,-0.09802207112002359,2.32164310395346,0.2034,True
732,0.24,0.21,0.16,0.19,0.2,0.8500997627518261,0.22756566641749565,0.1400450158011503,-0.09766569363516264,2.3300471019801883,0.2034,True
733,0.24,0.17,0.22,0.19,0.18,0.8499487373466654,0.2275322706764571,0.13471850465442245,-0.10408891963824374,2.185941322738626,0.2034,True
734,0.22,0.17,0.18,0.24,0.19,0.8482470223015413,0.2271558504419795,0.13467721933640314,-0.09901214574448214,2.2942220748169038,0.2034,True
735,0.19,0.17,0.24,0.22,0.18,0.8480005709672365,0.2271013161275406,0.132788130158862,-0.1081993098021129,2.098916495335221,0.2034,True
736,0.23,0.16,0.21,0.22,0.18,0.8471511487468721,0.22691332031805556,0.13293820303896292,-0.10199791459780883,2.224685879243753,0.2034,True
737,0.21,0.16,0.22,0.23,0.18,0.8471424196290602,0.22691138807321298,0.13228552988562606,-0.10411020440656327,2.1795307133112125,0.2034,True
738,0.24,0.18,0.17,0.22,0.19,0.8454154153884101,0.22652898506151598,0.13556592045526,-0.09656293382594583,2.3459206973747633,0.2034,True
739,0.22,0.16,0.21,0.23,0.18,0.845270155351509,0.22649680988864285,0.13216790023698954,-0.10190269043745404,2.2226774280082657,0.2034,True
740,0.22,0.18,0.17,0.24,0.19,0.8416611567032493,0.2256968720586383,0.134023430127521,-0.09637541575631103,2.341851086062462,0.2034,True
741,0.19,0.17,0.22,0.24,0.18,0.8405263838566228,0.22544513266242427,0.13100159935478137,-0.10360988229366974,2.175903761992772,0.2034,True
742,0.24,0.17,0.19,0.22,0.18,0.8386539705774396,0.22502952786251118,0.13220521824532463,-0.09714151722125852,2.3165123862535837,0.2034,True
743,0.24,0.2,0.16,0.21,0.19,0.8359935586418072,0.22443853162208938,0.1350749145461642,-0.09358101525007445,2.3983340106145175,0.2034,True
744,0.22,0.17,0.19,0.24,0.18,0.83491351421486,0.22419844259363453,0.13062403506093198,-0.09695334283727142,2.3124364362550556,0.2034,True
745,0.22,0.18,0.24,0.19,0.17,0.8336861277473768,0.22392548568246218,0.13028839644246742,-0.10386465801229161,2.1559353293779897,0.2034,True
746,0.24,0.21,0.16,0.2,0.19,0.8331628086799132,0.2238090683799827,0.13521341532220638,-0.09325246705483459,2.4000337519046853,0.2034,True
747,0.17,0.19,0.22,0.24,0.18,0.8310814910214948,0.22334584003968638,0.12994507668502173,-0.10279767258416728,2.1726740929549577,0.2034,True
748,0.21,0.2,0.16,0.24,0.19,0.8303839505148984,0.22319051343768903,0.13278029511131167,-0.09330143865663565,2.3921443940330454,0.2034,True
749,0.24,0.18,0.22,0.19,0.17,0.8298934598731129,0.22308126855499633,0.13010674202182138,-0.09941162326067288,2.244015953446834,0.2034,True
750,0.19,0.18,0.24,0.22,0.17,0.8280609386929125,0.2226729461326269,0.1280715227951043,-0.103576138129435,2.1498479297843804,0.2034,True
751,0.24,0.19,0.22,0.18,0.17,0.8270640084490524,0.2224506954780594,0.13024569784272802,-0.09909221976212668,2.244885582461043,0.2034,True
752,0.2,0.21,0.16,0.24,0.19,0.8256883810406141,0.22214388716664057,0.13219734267291633,-0.0928796708202888,2.391738527976297,0.2034,True
753,0.24,0.19,0.17,0.22,0.18,0.8254644972102911,0.22209393942662592,0.1308793152349087,-0.0918117202004215,2.4190151207471473,0.2034,True
754,0.18,0.19,0.24,0.22,0.17,0.8233554823100782,0.22162322461575434,0.12751542491894483,-0.10316862622904366,2.1481649287810693,0.2034,True
755,0.22,0.19,0.17,0.24,0.18,0.821748075664277,0.2212642208191491,0.12927904437677726,-0.0916258622043642,2.4148664525048273,0.2034,True
756,0.19,0.18,0.22,0.24,0.17,0.8205657486038633,0.221000020947538,0.12624963379842719,-0.09893651827250105,2.2337557941834705,0.2034,True
757,0.24,0.18,0.19,0.22,0.17,0.8185672255792891,0.22055317571222877,0.12754978713427634,-0.09238769762335686,2.387256976695888,0.2034,True
758,0.24,0.22,0.17,0.19,0.18,0.8170075517895978,0.22020422426729125,0.1313004403974642,-0.09081160656474274,2.4248466974350906,0.2034,True
759,0.18,0.19,0.22,0.24,0.17,0.8158782469794619,0.21995143615523616,0.1256860015354047,-0.0985220212105603,2.2325103916124305,0.2034,True
760,0.22,0.18,0.19,0.24,0.17,0.8148647862677496,0.21972448979297643,0.12590831131817382,-0.0922011823948754,2.3830983951154714,0.2034,True
761,0.23,0.21,0.16,0.22,0.18,0.8142183487873944,0.219579687564452,0.12956555663619337,-0.08869157622666757,2.4757671123498346,0.2034,True
762,0.22,0.18,0.23,0.21,0.16,0.8126155788934153,0.2192205180852158,0.12460783441138866,-0.09714774987699004,2.2565681486477676,0.2034,True
763,0.22,0.21,0.16,0.23,0.18,0.8123673845866208,0.21916488055213734,0.1287715021494134,-0.08859923728290542,2.4736655446854914,0.2034,True
764,0.24,0.19,0.18,0.22,0.17,0.8119761581047464,0.21907716928678322,0.12686806262124475,-0.08969532912876921,2.4424590601843903,0.2034,True
765,0.23,0.22,0.16,0.21,0.18,0.8114075325914312,0.21894966341896716,0.12970658949979208,-0.08835288371088912,2.478126963409826,0.2034,True
766,0.21,0.18,0.23,0.22,0.16,0.8107630454171382,0.21880511442570816,0.12381147696635265,-0.0970529690823263,2.2544917120475128,0.2034,True
767,0.23,0.18,0.22,0.21,0.16,0.8106862979483949,0.21878789881185368,0.12452500448554901,-0.09489515255182435,2.3055750786887534,0.2034,True
768,0.22,0.19,0.18,0.24,0.17,0.8082857526719234,0.218249174549062,0.1252161464048786,-0.08951000086415106,2.438265807641962,0.2034,True
769,0.21,0.22,0.16,0.23,0.18,0.8077080890329915,0.21811946557505268,0.1281405582597308,-0.08816820080584109,2.4739017421415093,0.2034,True
770,0.21,0.18,0.22,0.23,0.16,0.8069908191692785,0.21795837086022574,0.12289827127750758,-0.09470677281522821,2.3014021529955406,0.2034,True
771,0.23,0.18,0.21,0.22,0.16,0.8069029384904705,0.2179386304300115,0.12363665806142446,-0.09254022909535808,2.3550690608884985,0.2034,True
772,0.22,0.23,0.16,0.21,0.18,0.8067509307774814,0.21790448378362726,0.12905312952512862,-0.08792072115481575,2.478420114411127,0.2034,True
773,0.24,0.19,0.21,0.2,0.16,0.8059368918143055,0.21772158742945402,0.12463245857380521,-0.09230132459210949,2.3588132498812078,0.2034,True
774,0.22,0.18,0.21,0.23,0.16,0.8050599987145182,0.21752450764805742,0.1228061959918712,-0.09244663491541216,2.3529737761367993,0.2034,True
775,0.21,0.23,0.16,0.22,0.18,0.8049024512162679,0.21748909243256942,0.1282811356345684,-0.08782837755987372,2.4762963688393804,0.2034,True
776,0.24,0.22,0.18,0.19,0.17,0.8035549095959755,0.21718609334009864,0.1272954435048096,-0.088680523101759,2.449084486013713,0.2034,True
777,0.24,0.19,0.2,0.21,0.16,0.8021514466163016,0.21687035963761292,0.1237647842597941,-0.08993400181647337,2.411439002571866,0.2034,True
778,0.2,0.19,0.21,0.24,0.16,0.7985700310607173,0.21606391351051024,0.12135728013025533,-0.0919269234448783,2.3503877364074697,0.2034,True
779,0.21,0.19,0.2,0.24,0.16,0.7966407037305538,0.2156290329376449,0.12125677780947296,-0.08965500881053756,2.4050974485242707,0.2034,True
780,0.24,0.2,0.19,0.21,0.16,0.7955667082094224,0.21538681375327284,0.12305624067025042,-0.08721693368688821,2.469552696343567,0.2034,True
781,0.19,0.2,0.21,0.24,0.16,0.7939281654274255,0.21501708553464027,0.12073957227679932,-0.09149968771044581,2.3499215233943738,0.2034,True
782,0.24,0.21,0.19,0.2,0.16,0.7927716551594592,0.2147559897495448,0.12320100994307367,-0.08687369170863135,2.4720486205400625,0.2034,True
783,0.21,0.2,0.19,0.24,0.16,0.7900740322517308,0.2141465328939156,0.120531131796241,-0.08693975876469007,2.4631599619861104,0.2034,True
784,0.19,0.21,0.2,0.24,0.16,0.7873777496512735,0.21353676662756316,0.11998844463531622,-0.0887921714156159,2.4049053336926094,0.2034,True
785,0.23,0.21,0.18,0.22,0.16,0.7871668019158518,0.21348903478303427,0.12149409917647802,-0.08439067895837049,2.5297703184536218,0.2034,True
786,0.2,0.21,0.19,0.24,0.16,0.785452949958894,0.21310109650221665,0.11988045459590446,-0.08650412083576331,2.4634791318995117,0.2034,True
787,0.22,0.21,0.18,0.23,0.16,0.7853419290679422,0.21307595785133637,0.1206465323174004,-0.08429890300781462,2.527624325450403,0.2034,True
788,0.23,0.22,0.18,0.21,0.16,0.7843799258511222,0.21285808615486346,0.12163974293574266,-0.08404197464172847,2.5327592201668154,0.2034,True
789,0.21,0.22,0.18,0.23,0.16,0.780732602625033,0.21203133891331127,0.11996762239053944,-0.08385842576073044,2.5284440649803157,0.2034,True
790,0.22,0.23,0.18,0.21,0.16,0.7797733099187822,0.21181370630696006,0.12093753443937598,-0.08360032929445793,2.533646794152062,0.2034,True
791,0.21,0.23,0.18,0.22,0.16,0.7779508593370397,0.2114000354615333,0.12011296181089724,-0.0835085567579198,2.5314775355818195,0.2034,True
792,0.19,0.17,0.2,0.19,0.25,0.9486623123007352,0.24898387686304568,0.16347809151126547,-0.12831490546688884,1.9404127365958665,0.2036,True
793,0.2,0.17,0.19,0.19,0.25,0.9470238717913151,0.24863380890110176,0.16328800235059404,-0.12623454103187548,1.9696178785037863,0.2036,True
794,0.19,0.17,0.19,0.2,0.25,0.9450332449742869,0.24820822869830184,0.16272639959387236,-0.12613535409708465,1.967792697575173,0.2036,True
795,0.2,0.19,0.19,0.17,0.25,0.9411501360167287,0.24737721433702275,0.16353764867435822,-0.12570390872108061,1.967935737670005,0.2036,True
796,0.2,0.19,0.17,0.19,0.25,0.9338933560693086,0.2458212331484575,0.16207610635044623,-0.1213092390686542,2.026401575310653,0.2036,True
797,0.19,0.19,0.17,0.2,0.25,0.93191459125444,0.24539627588506563,0.16150923956148963,-0.12121100302520549,2.0245379524995446,0.2036,True
798,0.21,0.15,0.21,0.2,0.23,0.9299120862443708,0.24496592464976263,0.15551293188522222,-0.1231400772785981,1.9893273584321358,0.2036,True
799,0.2,0.15,0.21,0.21,0.23,0.9279432242951491,0.2445425131618859,0.15490101894537328,-0.12304124677066974,1.9874840314132718,0.2036,True
800,0.21,0.15,0.2,0.21,0.23,0.926232779666786,0.24417444124872678,0.1547305768829433,-0.12093507698337147,2.019053919999577,0.2036,True
801,0.21,0.15,0.23,0.2,0.21,0.9043565244176999,0.23944753757243298,0.14750003630112762,-0.11935223887631419,2.0062257719402705,0.2036,True
802,0.2,0.15,0.23,0.21,0.21,0.9024125648106809,0.23902574915574903,0.14685406028845163,-0.11925372368178844,2.004346210551506,0.2036,True
803,0.23,0.15,0.21,0.2,0.21,0.9008062256331879,0.23867699865695746,0.14721524816627068,-0.11507910407875388,2.0740255198165247,0.2036,True
804,0.23,0.15,0.2,0.21,0.21,0.8970843709883913,0.23786819517996372,0.1464140313540233,-0.11283359538620485,2.108132727365397,0.2036,True
805,0.2,0.15,0.21,0.23,0.21,0.8950022761313938,0.23741526953735526,0.1451940808947171,-0.11478672933417033,2.0683163542902707,0.2036,True
806,0.21,0.2,0.15,0.21,0.23,0.8933428981221123,0.2370540613729215,0.15165376108003437,-0.10833057502027466,2.1882470514769774,0.2036,True
807,0.21,0.15,0.2,0.23,0.21,0.893224397674266,0.23702825849614406,0.14503864293651392,-0.11263974837758717,2.104303870615779,0.2036,True
808,0.21,0.21,0.15,0.2,0.23,0.890457900175053,0.23642556130915704,0.1517837625087179,-0.10803225958557583,2.1884718714216724,0.2036,True
809,0.21,0.15,0.23,0.21,0.2,0.8876495118479759,0.23581313618335242,0.14268080735803856,-0.11518906530774409,2.0471833463822615,0.2036,True
810,0.23,0.15,0.21,0.21,0.2,0.8840324729105515,0.2350234729226539,0.142413357024182,-0.1108744046454776,2.119727034153145,0.2036,True
811,0.21,0.15,0.21,0.23,0.2,0.8801978147779066,0.23418519493175327,0.1409984245305281,-0.11068093501343645,2.115858480083527,0.2036,True
812,0.25,0.17,0.19,0.19,0.2,0.8746257398158142,0.23296507373260322,0.14257928520243315,-0.10592087529159078,2.199425496544199,0.2036,True
813,0.23,0.2,0.15,0.21,0.21,0.8641241177752346,0.23065893681572724,0.14327316850508487,-0.09994032330151781,2.3079666864778314,0.2036,True
814,0.19,0.17,0.19,0.25,0.2,0.8631936795695734,0.2304541969714613,0.13828951455071462,-0.10534682988383315,2.1875760022924764,0.2036,True
815,0.25,0.19,0.17,0.19,0.2,0.8614216871301286,0.23006408728854089,0.14130491778249107,-0.1007095912537056,2.2844307520717466,0.2036,True
816,0.25,0.17,0.2,0.19,0.19,0.8614104340159194,0.23006160908917273,0.13860861449440076,-0.10390760102857366,2.2140979756226673,0.2036,True
817,0.23,0.21,0.15,0.2,0.21,0.8612673309134597,0.2300300935623818,0.14340751612815644,-0.09962521148665504,2.308954632364266,0.2036,True
818,0.21,0.2,0.15,0.23,0.21,0.8603239271416232,0.2298222877649594,0.14186109507464667,-0.09975181854615256,2.3039408315009977,0.2036,True
819,0.25,0.17,0.19,0.2,0.19,0.857654242534166,0.22923384896379262,0.1378029047357716,-0.10160502165772745,2.256127160092569,0.2036,True
820,0.19,0.17,0.2,0.25,0.19,0.8500549578724164,0.22755575905450254,0.1341904853597698,-0.10333483846039981,2.202120431452621,0.2036,True
821,0.2,0.17,0.19,0.25,0.19,0.848214956204562,0.2271487551872624,0.134045225867069,-0.10113054901713103,2.246094354227074,0.2036,True
822,0.23,0.21,0.15,0.21,0.2,0.8444922466363118,0.22632447396420852,0.13854313869453416,-0.09524592348862726,2.376211660032175,0.2036,True
823,0.25,0.19,0.17,0.2,0.19,0.8444508801639017,0.22631530838391178,0.13650804894773133,-0.09633443978335576,2.349266875822052,0.2036,True
824,0.25,0.2,0.17,0.19,0.19,0.8416119624362568,0.22568596088715753,0.136646001099237,-0.09601109304110544,2.350623805423547,0.2036,True
825,0.21,0.21,0.15,0.23,0.2,0.84072942654286,0.22549018350038685,0.1370804393843606,-0.09505902339333239,2.372107091478947,0.2036,True
826,0.2,0.19,0.17,0.25,0.19,0.83507156987132,0.22423358354104117,0.13270685306942406,-0.09586559673398021,2.339041232521323,0.2036,True
827,0.19,0.2,0.17,0.25,0.19,0.8303643915854446,0.22318615753465987,0.1321499580274372,-0.095448425933497,2.338290604081446,0.2036,True
828,0.25,0.19,0.19,0.2,0.17,0.8176004060526971,0.22033688921069938,0.12854626817221856,-0.09214915809846369,2.3910895526062634,0.2036,True
829,0.19,0.19,0.2,0.25,0.17,0.8102493906770898,0.21868988465699024,0.12462245438730633,-0.09393957432737954,2.3279846244018065,0.2036,True
830,0.2,0.19,0.19,0.25,0.17,0.808350488260652,0.21826370859922095,0.12450005971099763,-0.09168284050918263,2.3806385948236457,0.2036,True
831,0.19,0.2,0.19,0.25,0.17,0.8036926571059748,0.2172170732380485,0.12390079945436269,-0.09125661326396772,2.380288567248591,0.2036,True
832,0.21,0.2,0.23,0.21,0.15,0.7877302635571923,0.21361652273751042,0.11930801694239501,-0.09193202824875146,2.3236354816354394,0.2036,True
833,0.21,0.21,0.23,0.2,0.15,0.7849382038657773,0.21298453287328045,0.1194517547021886,-0.09159661285194409,2.325244637785315,0.2036,True
834,0.23,0.2,0.21,0.21,0.15,0.7838187076055296,0.21273094690250338,0.11916510619240167,-0.08735660680038271,2.43520157998595,0.2036,True
835,0.2,0.21,0.23,0.21,0.15,0.7831072247303825,0.2125697281250989,0.11864729307430893,-0.09150266190074563,2.323098844443199,0.2036,True
836,0.23,0.21,0.21,0.2,0.15,0.7810327511902218,0.2120994168962258,0.11931125368765834,-0.08701263511557988,2.4375703208446877,0.2036,True
837,0.21,0.2,0.21,0.23,0.15,0.7801736008523323,0.2119045289287549,0.11746072509887182,-0.08717115815869392,2.4309018419026343,0.2036,True
838,0.23,0.21,0.2,0.21,0.15,0.7772468248913862,0.21124015376551442,0.11842246104419667,-0.08461504749447424,2.4964844908857304,0.2036,True
839,0.2,0.21,0.21,0.23,0.15,0.7755687040796717,0.21085889295837656,0.11679020879599213,-0.08673445839270011,2.431085601568975,0.2036,True
840,0.21,0.21,0.2,0.23,0.15,0.7736137734968664,0.21041443924375103,0.11670559858989336,-0.08443083665999618,2.492151535713096,0.2036,True
841,0.21,0.23,0.2,0.21,0.15,0.768063342409111,0.20915076519579134,0.11699956185210254,-0.08373073923429664,2.497897034093327,0.2036,True
842,0.23,0.17,0.2,0.17,0.23,0.9243205109786559,0.2437626805635551,0.1562766515674663,-0.12058141534439692,2.021560950062957,0.20360000000000003,True
843,0.23,0.17,0.17,0.2,0.23,0.9132683782306583,0.24137751090826343,0.1540230934334931,-0.11390003499011447,2.119204888121526,0.20360000000000003,True
844,0.2,0.17,0.17,0.23,0.23,0.9074251893538299,0.24011277377960716,0.15209086312878609,-0.11360962765793692,2.1134896639442737,0.20360000000000003,True
845,0.17,0.17,0.23,0.23,0.2,0.8741849897292278,0.2328684592308483,0.1404009449597268,-0.11422223513170304,2.038731416543733,0.20360000000000003,True
846,0.23,0.17,0.17,0.23,0.2,0.8633473522219526,0.23048801682842202,0.13950339230927894,-0.10114665183574045,2.2787508300593933,0.20360000000000003,True
847,0.21,0.16,0.21,0.18,0.24,0.9432026667927644,0.24781660922740145,0.16045351595891447,-0.1269310620876295,1.9523716665690238,0.20379999999999998,True
848,0.18,0.16,0.21,0.21,0.24,0.9372495591647194,0.2465413450981202,0.15873305397114104,-0.1266325167268938,1.9469039348703125,0.20379999999999998,True
849,0.21,0.16,0.18,0.21,0.24,0.932223005890455,0.24546252974395766,0.1581787339975301,-0.12034281707801586,2.039694064871601,0.20379999999999998,True
850,0.21,0.18,0.16,0.21,0.24,0.9190663246944042,0.2426299125361968,0.156978658539283,-0.11535054817900792,2.1034136063200073,0.20379999999999998,True
851,0.21,0.16,0.24,0.18,0.21,0.9051584237948382,0.239621445140485,0.14847402053747158,-0.12130046186282617,1.975437203293284,0.20379999999999998,True
852,0.24,0.16,0.21,0.18,0.21,0.8998442796346509,0.23846805755801959,0.14806222153740023,-0.1148898719174477,2.075622973358061,0.20379999999999998,True
853,0.18,0.16,0.24,0.21,0.21,0.899316617107647,0.23835341577194447,0.14660953885729738,-0.12100325820994429,1.969809898493759,0.20379999999999998,True
854,0.24,0.16,0.18,0.21,0.21,0.8886718329500181,0.2360361439806884,0.14570906744957215,-0.10811918582875346,2.183110630841584,0.20379999999999998,True
855,0.18,0.16,0.21,0.24,0.21,0.8882443280239638,0.23594289840483262,0.14408400223788811,-0.11430497185304977,2.0641525436720314,0.20379999999999998,True
856,0.21,0.16,0.18,0.24,0.21,0.8829138372523673,0.2347790504459104,0.14359354119577541,-0.10783160310435647,2.177274970295097,0.20379999999999998,True
857,0.24,0.18,0.16,0.21,0.21,0.8754712922239891,0.2331503804263766,0.14447300892434237,-0.10295491550291014,2.26458716698948,0.20379999999999998,True
858,0.21,0.18,0.16,0.24,0.21,0.869749183325979,0.23189526500416835,0.14233536254701776,-0.10267054974143297,2.2586346872416367,0.20379999999999998,True
859,0.24,0.21,0.16,0.18,0.21,0.8668764643431532,0.23126418295610107,0.14487490936123565,-0.10202467480881139,2.266747562680081,0.20379999999999998,True
860,0.21,0.16,0.24,0.21,0.18,0.8546438642596508,0.22856963937865538,0.13405851944578626,-0.10869399101965194,2.102872819688163,0.20379999999999998,True
861,0.24,0.16,0.21,0.21,0.18,0.8490320256848267,0.2273295222891194,0.13373254318887604,-0.10209320065509542,2.2266862125041382,0.20379999999999998,True
862,0.21,0.16,0.21,0.24,0.18,0.8433890464814509,0.22607999068568585,0.13142220441676553,-0.10180752811373761,2.220660837901036,0.20379999999999998,True
863,0.24,0.21,0.16,0.21,0.18,0.8160691829768578,0.21999418339511867,0.13038403191826473,-0.08878397614113742,2.477859102023095,0.20379999999999998,True
864,0.21,0.18,0.24,0.21,0.16,0.814533586182379,0.2196503051512575,0.12474070319861565,-0.09939172681006725,2.2099455578531053,0.20379999999999998,True
865,0.21,0.21,0.16,0.24,0.18,0.8105162913572594,0.21874976203881857,0.12800247212839927,-0.08850695924952334,2.4715543714716044,0.20379999999999998,True
866,0.24,0.18,0.21,0.21,0.16,0.8087457291960367,0.21835243822437245,0.1244921582312402,-0.09263388506522796,2.357155138971231,0.20379999999999998,True
867,0.21,0.18,0.21,0.24,0.16,0.8032169108509291,0.21711006955195455,0.1220014375304907,-0.09235310246425943,2.350869258950732,0.20379999999999998,True
868,0.21,0.24,0.16,0.21,0.18,0.8020993768124318,0.21685864246511755,0.12842420685149292,-0.08748748448331023,2.4787390304551176,0.20379999999999998,True
869,0.18,0.21,0.21,0.24,0.16,0.7892913132284747,0.21396958353717532,0.12014892784067693,-0.09107139132587971,2.349470897743622,0.20379999999999998,True
870,0.24,0.21,0.18,0.21,0.16,0.7889915175610236,0.2139017950355695,0.12236694153142676,-0.08448251607880275,2.531906067239384,0.20379999999999998,True
871,0.21,0.21,0.18,0.24,0.16,0.7835169000000595,0.2126625639113333,0.1198249332558799,-0.08420718816604134,2.5254680573349773,0.20379999999999998,True
872,0.21,0.24,0.18,0.21,0.16,0.7751716690414314,0.21076865340508277,0.12026095359557902,-0.08315757588251105,2.534569474498231,0.20379999999999998,True
873,0.2,0.17,0.2,0.18,0.25,0.9506574757121,0.24940989708200978,0.16403843136671709,-0.12841462312910423,1.9422234867384263,0.2038,True
874,0.2,0.18,0.2,0.17,0.25,0.9477151711254084,0.2487815353385563,0.16416279689764762,-0.12815333836174436,1.9412801766919963,0.2038,True
875,0.18,0.17,0.2,0.2,0.25,0.9466671495165111,0.24855756585469058,0.162939913711063,-0.1282152500108642,1.9385959613511596,0.2038,True
876,0.2,0.17,0.18,0.2,0.25,0.9433882407230731,0.2478563206526847,0.16255130839214768,-0.12404786611172125,1.9980700065364916,0.2038,True
877,0.19,0.16,0.22,0.19,0.24,0.9428807213987394,0.24774770933567103,0.16007294090725613,-0.12891372228010245,1.9218102227889073,0.2038,True
878,0.22,0.16,0.19,0.19,0.24,0.9378600974562947,0.2466722536658319,0.15954395482295575,-0.12264412602461627,2.011284695496314,0.2038,True
879,0.2,0.18,0.17,0.2,0.25,0.9368206601420215,0.24644936626390623,0.16195132288258415,-0.12158231042653955,2.0270166391747573,0.2038,True
880,0.19,0.16,0.19,0.22,0.24,0.9319344030457535,0.24540053208058854,0.15774765226397572,-0.12234861841948907,2.005748289197668,0.2038,True
881,0.2,0.15,0.22,0.2,0.23,0.9316159868342746,0.24533212274445537,0.15569910662753486,-0.12523901743284216,1.9589112704114884,0.2038,True
882,0.22,0.15,0.2,0.2,0.23,0.9281970226908074,0.2445971096843158,0.1553666797952387,-0.12103342539645245,2.020905455522909,0.2038,True
883,0.2,0.15,0.2,0.22,0.23,0.9242685017091639,0.24375147781856965,0.15411693935957865,-0.12083679051020269,2.0171958953013474,0.2038,True
884,0.2,0.15,0.23,0.2,0.22,0.9189350959220641,0.24260159402246062,0.15168711710978683,-0.12336637780914017,1.9665130672620459,0.2038,True
885,0.22,0.19,0.16,0.19,0.24,0.9181141346030821,0.2424244053571023,0.15773428185381233,-0.11516304034909741,2.1050538838001622,0.2038,True
886,0.23,0.15,0.2,0.2,0.22,0.9137077900600108,0.24147251583909402,0.15122321001299202,-0.11700766705818932,2.063732419508944,0.2038,True
887,0.24,0.16,0.19,0.19,0.22,0.909039440180802,0.2404624304900973,0.1512765220160354,-0.11458596871823223,2.0985329458739947,0.2038,True
888,0.2,0.15,0.2,0.23,0.22,0.9078662048739097,0.24020832005000559,0.14925721422866742,-0.11671476865509178,2.0580799055503785,0.2038,True
889,0.19,0.16,0.19,0.24,0.22,0.8993333324222594,0.23835704772469524,0.1479840265756637,-0.11410032052094266,2.089012954884257,0.2038,True
890,0.22,0.2,0.15,0.2,0.23,0.8952773540333079,0.23747512724673592,0.15230556062703063,-0.10842639808810162,2.1901965889688233,0.2038,True
891,0.2,0.2,0.15,0.22,0.23,0.8914083937234489,0.23663269799765185,0.15102477888511273,-0.10823481322615669,2.18629007566362,0.2038,True
892,0.22,0.15,0.23,0.2,0.2,0.8895761745454955,0.23623334880380886,0.14337128217308276,-0.1152869105345461,2.0490908092555813,0.2038,True
893,0.24,0.19,0.16,0.19,0.22,0.889247718620505,0.23616173149621722,0.14943139242438638,-0.10693459966776497,2.208468841983305,0.2038,True
894,0.23,0.15,0.22,0.2,0.2,0.8877685430834177,0.23583910564397015,0.14324185242888324,-0.11313309675479732,2.084616371415375,0.2038,True
895,0.2,0.15,0.23,0.22,0.2,0.8857227734297481,0.23539262096943858,0.14201411069372127,-0.11509128253795353,2.045268901159507,0.2038,True
896,0.2,0.15,0.22,0.23,0.2,0.8820024906024753,0.23457984914695973,0.14116300356232303,-0.11284126712932652,2.078848059000521,0.2038,True
897,0.23,0.2,0.15,0.2,0.22,0.8807514623574406,0.23430629579447193,0.14813132047904096,-0.1042575054480217,2.247380606198054,0.2038,True
898,0.23,0.15,0.2,0.22,0.2,0.8802945534331037,0.2342063565587953,0.14159981565980528,-0.10860870953213175,2.156423343650038,0.2038,True
899,0.19,0.19,0.16,0.24,0.22,0.8796311183761862,0.2340612152386723,0.14608835625253294,-0.10645674128759985,2.198650948805023,0.2038,True
900,0.22,0.15,0.2,0.23,0.2,0.878381918648566,0.23378783200605713,0.14087793042208485,-0.10851252071552475,2.1544779391767404,0.2038,True
901,0.25,0.17,0.2,0.18,0.2,0.8783663225482485,0.23378441808498462,0.14337302661934045,-0.10820267183285937,2.1606159452893303,0.2038,True
902,0.22,0.16,0.24,0.19,0.19,0.8735563314780821,0.23273062815450762,0.13957460580152492,-0.11304506206581943,2.0587420971913164,0.2038,True
903,0.25,0.17,0.18,0.2,0.2,0.8708833145063508,0.23214423418801733,0.14180090749745672,-0.10363195573541906,2.2400835006983826,0.2038,True
904,0.24,0.16,0.22,0.19,0.19,0.8698824095885893,0.23192451660464486,0.13934523915760544,-0.10869466808772787,2.1337248706390795,0.2038,True
905,0.19,0.16,0.24,0.22,0.19,0.867818202831981,0.2314711363897588,0.13751254929210147,-0.11275209428107758,2.052920948969061,0.2038,True
906,0.18,0.17,0.2,0.25,0.2,0.8649960820227824,0.23085074782145254,0.13847108022657142,-0.10752907329865491,2.1468681979642827,0.2038,True
907,0.25,0.18,0.17,0.2,0.2,0.8642790748802298,0.23069302799419789,0.14117040453875007,-0.10102321767906353,2.283564444829673,0.2038,True
908,0.2,0.17,0.18,0.25,0.2,0.8613800818388602,0.2300549247789363,0.13815320539426337,-0.10315637711252257,2.2301570801385675,0.2038,True
909,0.19,0.16,0.22,0.24,0.19,0.860365931790825,0.22983154172353282,0.13575940863816732,-0.10821187363227058,2.123903172627382,0.2038,True
910,0.24,0.16,0.19,0.22,0.19,0.8586204799804928,0.22944688735353513,0.13687356546102622,-0.10182227689663992,2.253405584187116,0.2038,True
911,0.25,0.2,0.17,0.18,0.2,0.8585668856870261,0.22943507268753094,0.14144168213888433,-0.1003949960141769,2.285323788997732,0.2038,True
912,0.22,0.16,0.19,0.24,0.19,0.8548422137321028,0.22861342529958883,0.135348687391846,-0.10163251615570235,2.249412234853559,0.2038,True
913,0.2,0.18,0.17,0.25,0.2,0.8548057890551768,0.2286053847356948,0.13750270651203006,-0.10055038585331355,2.2735406015168595,0.2038,True
914,0.23,0.2,0.15,0.22,0.2,0.8473333075771132,0.22695364092576398,0.1384077336685777,-0.09556976415552432,2.3747431306457307,0.2038,True
915,0.22,0.2,0.15,0.23,0.2,0.8454506196350287,0.22653678256603227,0.13766584499334591,-0.09547632278004237,2.3727011678898235,0.2038,True
916,0.25,0.17,0.2,0.2,0.18,0.8442954009703123,0.2262808575919124,0.13384990624709278,-0.09955940012574382,2.2728226295670626,0.2038,True
917,0.23,0.22,0.15,0.2,0.2,0.8416537647159568,0.22569523254583435,0.13868085045252826,-0.094921076841879,2.377714624137703,0.2038,True
918,0.24,0.19,0.16,0.22,0.19,0.8388268839576916,0.22506791990424868,0.13493876894969817,-0.09390854254676773,2.3966714188132756,0.2038,True
919,0.22,0.19,0.16,0.24,0.19,0.835084620522837,0.22423648503797589,0.13338765441153064,-0.09372217250652792,2.392566017634273,0.2038,True
920,0.2,0.17,0.2,0.25,0.18,0.8349204965394992,0.2241999950356217,0.12997694722395942,-0.09908607407041792,2.262679161920257,0.2038,True
921,0.2,0.18,0.25,0.2,0.17,0.8336858240770344,0.22392541813453093,0.1297153830847524,-0.10598171945309665,2.112868325689239,0.2038,True
922,0.24,0.22,0.16,0.19,0.19,0.8303346329773311,0.22317953003616187,0.1353542741097537,-0.09292289318040459,2.4017712147949517,0.2038,True
923,0.25,0.2,0.17,0.2,0.18,0.8244996543928735,0.22187863945258401,0.1318547967117178,-0.09157244800757114,2.422984688956216,0.2038,True
924,0.25,0.18,0.2,0.2,0.17,0.8242000886954941,0.22181177738338698,0.1292390184817861,-0.09483041087598953,2.3390363421861786,0.2038,True
925,0.17,0.2,0.2,0.25,0.18,0.8208108540815706,0.22105480100709074,0.12833644465694588,-0.09784538995512682,2.2592255098423073,0.2038,True
926,0.2,0.2,0.17,0.25,0.18,0.8152148375458343,0.2198028870529951,0.12791063565423,-0.09110777623277488,2.4125590168221422,0.2038,True
927,0.2,0.18,0.2,0.25,0.17,0.8149200934233563,0.2197368770187047,0.12521893075916504,-0.09436116018559804,2.3286792636557925,0.2038,True
928,0.25,0.2,0.18,0.2,0.17,0.8110101998135599,0.2188605515757307,0.12787198948782316,-0.08945091316678533,2.446711205369756,0.2038,True
929,0.19,0.19,0.24,0.22,0.16,0.8080033820055714,0.2181857743058453,0.12336876822234841,-0.0988809342412279,2.2065504940878062,0.2038,True
930,0.2,0.2,0.18,0.25,0.17,0.8017903452827637,0.2167890970208406,0.12379997135760962,-0.08898757529075818,2.4361726489625486,0.2038,True
931,0.19,0.19,0.22,0.24,0.16,0.8004881020291073,0.216495948632498,0.12150947038490198,-0.09419010820491236,2.298499839935495,0.2038,True
932,0.24,0.19,0.19,0.22,0.16,0.798364320982617,0.216017560190241,0.12291404216874559,-0.08755909410801566,2.4671059287542985,0.2038,True
933,0.22,0.19,0.19,0.24,0.16,0.7947001058873611,0.21519129771700718,0.12120792887582217,-0.08737431369313242,2.462866815443966,0.2038,True
934,0.24,0.22,0.19,0.19,0.16,0.7899791607380398,0.21412508803046504,0.12334835222526846,-0.08652936303698444,2.474594525085589,0.2038,True
935,0.22,0.2,0.23,0.2,0.15,0.789562376736658,0.21403086872836385,0.12013759395330423,-0.09202600477031708,2.3257650841471644,0.2038,True
936,0.23,0.2,0.22,0.2,0.15,0.7876073409841633,0.213588712752391,0.12007074545219737,-0.0897421512162152,2.380026663700016,0.2038,True
937,0.2,0.2,0.23,0.22,0.15,0.7858979931245866,0.21320185792863655,0.11850508853564112,-0.0918381140742246,2.321496473199835,0.2038,True
938,0.2,0.2,0.22,0.23,0.15,0.782125215165578,0.21234713876400502,0.11756840383370784,-0.08946213930496727,2.373597819298009,0.2038,True
939,0.19,0.22,0.19,0.24,0.16,0.7808368582862606,0.21205498645395293,0.11925653019533171,-0.08606739585270895,2.4638248241744445,0.2038,True
940,0.23,0.2,0.2,0.22,0.15,0.7800284349564777,0.2118715935905222,0.11827657490882906,-0.0849633734587476,2.4936815119916647,0.2038,True
941,0.22,0.2,0.2,0.23,0.15,0.7782107093305994,0.2114590350592882,0.1174064633246409,-0.08487126706935133,2.491526783575618,0.2038,True
942,0.23,0.22,0.2,0.2,0.15,0.7744677677954774,0.21060863511207728,0.11857101983191505,-0.08426561389274578,2.499342559589518,0.2038,True
943,0.22,0.23,0.2,0.2,0.15,0.7698773856757037,0.20956406144075435,0.11784779937452557,-0.08382287241083952,2.5000820827711774,0.2038,True
944,0.2,0.22,0.2,0.23,0.15,0.769021790861633,0.2093691651777727,0.11603144503647761,-0.08398930167592122,2.492807548104623,0.2038,True
945,0.2,0.23,0.2,0.22,0.15,0.766249133757049,0.208737148406843,0.1161782760855098,-0.08363866777020879,2.4957014975457676,0.2038,True
946,0.19,0.17,0.21,0.18,0.25,0.9522893516381368,0.2497581298621272,0.1642433761021083,-0.13048789742680822,1.9140329087011205,0.204,True
947,0.18,0.17,0.21,0.19,0.25,0.9502896577864515,0.24933138006552746,0.16370640528837146,-0.13038771511998182,1.9122306103461861,0.204,True
948,0.21,0.17,0.19,0.18,0.25,0.9490144952964004,0.24905909838831186,0.16387149434235243,-0.12633378999326128,1.9714369243699317,0.204,True
949,0.21,0.18,0.19,0.17,0.25,0.9460749189621225,0.2484309665260711,0.16399672990444292,-0.12606893303668332,1.9705962487505395,0.204,True
950,0.21,0.17,0.18,0.19,0.25,0.9453743221069328,0.2482811688898452,0.16313611354652813,-0.1241465804370937,1.9999034046342639,0.204,True
951,0.18,0.17,0.19,0.21,0.25,0.9430426158280563,0.2477823574939122,0.16218704884738144,-0.12603622913076173,1.9659613684319266,0.204,True
952,0.19,0.17,0.18,0.21,0.25,0.9414021530709262,0.2474311814872392,0.1619884788405389,-0.12394921357207189,1.99623034593412,0.204,True
953,0.21,0.19,0.18,0.17,0.25,0.9395060511963955,0.24702503389439645,0.16338751992921843,-0.12360874621893425,1.9984430022198334,0.204,True
954,0.21,0.18,0.17,0.19,0.25,0.9388008063041811,0.2468739019374422,0.1625388111954886,-0.12168054738248002,2.028869094099653,0.204,True
955,0.21,0.19,0.17,0.18,0.25,0.9358721121506486,0.24624589872563818,0.16266499481244592,-0.12140753691431783,2.028258747226079,0.204,True
956,0.19,0.18,0.17,0.21,0.25,0.9348405050007806,0.24602453917674527,0.1613858760967721,-0.12148413514243717,2.025157761449983,0.204,True
957,0.21,0.15,0.22,0.19,0.23,0.9335894302045684,0.2457559812286947,0.1563092579251577,-0.1253383882255099,1.9607399194134234,0.204,True
958,0.22,0.15,0.21,0.19,0.23,0.9318809162163495,0.245389041361596,0.15614721490410857,-0.12323896997464034,1.9911643322894637,0.204,True
959,0.19,0.15,0.22,0.21,0.23,0.9296425154258365,0.24490796940947268,0.1551116290841326,-0.12513970901459726,1.957076385569226,0.204,True
960,0.19,0.15,0.21,0.22,0.23,0.9259743313514346,0.24411880660526886,0.15431187950822023,-0.12294247839221417,1.9856343372749892,0.204,True
961,0.22,0.15,0.19,0.21,0.23,0.9245111673894453,0.24380374603868527,0.154600278712906,-0.1188211571104606,2.051854669383805,0.204,True
962,0.21,0.15,0.19,0.22,0.23,0.9225515138839071,0.24338152694647852,0.15396239550005228,-0.1187233567602839,2.0499885918648157,0.204,True
963,0.21,0.15,0.23,0.19,0.22,0.920896150129948,0.2430246452789664,0.15231368439448265,-0.12346560096006376,1.9683591493437533,0.204,True
964,0.23,0.15,0.21,0.19,0.22,0.9174131660222686,0.24227307478699234,0.15201280047654253,-0.1192333094552438,2.0319244336494204,0.204,True
965,0.19,0.15,0.23,0.21,0.22,0.916974000080333,0.2421782454194803,0.15108365952356448,-0.12326721721748957,1.9646606038991463,0.204,True
966,0.23,0.15,0.19,0.21,0.22,0.910000489236017,0.24067050604886076,0.1504480650882469,-0.11477519666416369,2.0968860262820654,0.204,True
967,0.19,0.15,0.21,0.23,0.22,0.9096058574863504,0.2405850732589121,0.1494456782359383,-0.1188406831370834,2.0244336106802403,0.204,True
968,0.22,0.15,0.23,0.19,0.21,0.9063004248560613,0.23986902618906347,0.14816923448268945,-0.11945081661684409,2.008098671761101,0.204,True
969,0.21,0.15,0.19,0.23,0.22,0.9061153749647834,0.23982891486245372,0.1491104699172727,-0.1145809868299128,2.0930952114984174,0.204,True
970,0.23,0.15,0.22,0.19,0.21,0.9045261914887786,0.2394843372679527,0.14803104920775267,-0.1173177140232794,2.041331432868115,0.204,True
971,0.19,0.15,0.23,0.22,0.21,0.9004685470177629,0.23860366063730987,0.14623175581979503,-0.11915527097376144,2.0024599724996768,0.204,True
972,0.22,0.19,0.15,0.21,0.23,0.8981663149912031,0.23810342352855463,0.1521762520528335,-0.10872375808340717,2.1899852224193186,0.204,True
973,0.19,0.15,0.22,0.23,0.21,0.8967689628634437,0.23779960461526128,0.14539239440030113,-0.116925758741797,2.0337657602067454,0.204,True
974,0.21,0.19,0.15,0.22,0.23,0.8962304972152675,0.237682489032504,0.15152587857040023,-0.10862798541265095,2.188041029478792,0.204,True
975,0.23,0.15,0.19,0.22,0.21,0.8933606309664957,0.23705792251801538,0.1456276298232308,-0.11058115600650109,2.143746105385973,0.204,True
976,0.22,0.21,0.15,0.19,0.23,0.8923909946706177,0.2368467587574612,0.15243697812131835,-0.10812813291389778,2.1904267869497183,0.204,True
977,0.22,0.15,0.19,0.23,0.21,0.8914353133407649,0.2366385634553252,0.14492605949843257,-0.1104847714512952,2.141820635974634,0.204,True
978,0.25,0.17,0.19,0.18,0.21,0.891434925584615,0.23663847896836443,0.1473566497735478,-0.11018423311139891,2.147661895773393,0.204,True
979,0.25,0.17,0.18,0.19,0.21,0.8877084833897153,0.23582600234716788,0.14658920325977234,-0.10791586963233302,2.1852763930886336,0.204,True
980,0.23,0.19,0.15,0.21,0.22,0.883626397151132,0.23493475634670524,0.1479999928270286,-0.10456314058373817,2.246821920565407,0.204,True
981,0.25,0.18,0.17,0.19,0.21,0.8811044617822572,0.23438349592455054,0.14596836737585406,-0.105336293147128,2.2250972473198427,0.204,True
982,0.21,0.19,0.15,0.23,0.22,0.8797890431425783,0.23409576792570586,0.14663528564072356,-0.10437310161816471,2.2428744982793987,0.204,True
983,0.25,0.19,0.17,0.18,0.21,0.8782313557306225,0.23375487362410197,0.14610196877418372,-0.10503119663063476,2.2255756491678587,0.204,True
984,0.23,0.21,0.15,0.19,0.22,0.8778791222983362,0.23367776247172922,0.14826481043162365,-0.10395093395350363,2.2479621258261258,0.204,True
985,0.19,0.17,0.18,0.25,0.21,0.8762003617138425,0.23331011463756401,0.1424219153867906,-0.10734058816952441,2.1735498064263843,0.204,True
986,0.22,0.15,0.23,0.21,0.19,0.8726879916389931,0.2325401970254093,0.1385721440839196,-0.11107225742922422,2.0935938676999073,0.204,True
987,0.23,0.15,0.22,0.21,0.19,0.870847249344082,0.23213631856323813,0.13845217945047603,-0.10889738433321261,2.1316978363128496,0.204,True
988,0.21,0.15,0.23,0.22,0.19,0.870778693270231,0.2321212715139609,0.13785893029696009,-0.11097516994109702,2.091650516391778,0.204,True
989,0.23,0.15,0.21,0.22,0.19,0.8670954887038289,0.2313123212586572,0.1376102346364225,-0.10661828489887692,2.1695370684123034,0.204,True
990,0.21,0.15,0.22,0.23,0.19,0.8670380806172748,0.2312997041777014,0.13699588966634052,-0.1087043069816821,2.127787854962159,0.204,True
991,0.23,0.19,0.15,0.22,0.21,0.8669834920618791,0.23128770653002584,0.1431410513604614,-0.10025446676883687,2.307006500401829,0.204,True
992,0.22,0.15,0.21,0.23,0.19,0.8651956238726708,0.2308946337856692,0.13686708574017484,-0.10652229939897284,2.1675708756611356,0.204,True
993,0.22,0.19,0.15,0.23,0.21,0.8650820989692352,0.23086966622496718,0.1424247346711957,-0.10016022710545591,2.305003421985964,0.204,True
994,0.25,0.17,0.18,0.21,0.19,0.85389624796003,0.2284045739763476,0.13701298342824147,-0.09929521007217423,2.300257724519927,0.204,True
995,0.18,0.17,0.21,0.25,0.19,0.8518837498343721,0.22796001601903604,0.1343823839726528,-0.10553082898650246,2.1601272178786015,0.204,True
996,0.25,0.18,0.17,0.21,0.19,0.8472923768887968,0.22694458120484806,0.13637242194492305,-0.09665678460131077,2.3479425902790734,0.204,True
997,0.21,0.17,0.18,0.25,0.19,0.8463637306795224,0.22673899590089164,0.13394659299286368,-0.0989179135237005,2.2921934746082724,0.204,True
998,0.25,0.17,0.19,0.21,0.18,0.8405240145891513,0.22544460695298807,0.13303156968035398,-0.09723569661185716,2.3185374796347866,0.204,True
999,0.21,0.18,0.17,0.25,0.19,0.8397838614839856,0.2252803545755826,0.13328854654218772,-0.09628174834250791,2.339803321541082,0.204,True
1000,0.19,0.17,0.21,0.25,0.18,0.8367866509639319,0.22461477252946138,0.13013162921881083,-0.10130436263424536,2.21722704421351,0.204,True
1001,0.21,0.17,0.19,0.25,0.18,0.8330431038294992,0.2237824357839031,0.1298703683481689,-0.0968593477235713,2.310385533697377,0.204,True
1002,0.19,0.18,0.25,0.21,0.17,0.8318059505860675,0.22350711915202104,0.12900570171979667,-0.10588500834934456,2.1108476321275615,0.204,True
1003,0.23,0.21,0.15,0.22,0.19,0.8275574503163852,0.22256071104926023,0.13367470894081096,-0.09081206880576032,2.450783403308426,0.204,True
1004,0.17,0.19,0.21,0.25,0.18,0.8273596404672325,0.22251661063689454,0.1290685561765573,-0.10048524154906435,2.214420816496176,0.204,True
1005,0.25,0.19,0.17,0.21,0.18,0.8273225156813881,0.22250833355391886,0.13171542606159523,-0.09190474083562972,2.421075686964525,0.204,True
1006,0.22,0.21,0.15,0.23,0.19,0.8256935711074413,0.22214504500490206,0.13290544822221922,-0.0907194621228723,2.4487032860052045,0.204,True
1007,0.18,0.21,0.17,0.25,0.19,0.8256623259037428,0.22213807456200585,0.1316183668494911,-0.09503023219233253,2.337551634225397,0.204,True
1008,0.25,0.19,0.21,0.18,0.17,0.8251537612583968,0.2220246084975086,0.1302274402408167,-0.09684881549503743,2.292486566434932,0.204,True
1009,0.23,0.22,0.15,0.21,0.19,0.8247348597309387,0.22193113137377263,0.13381378070500996,-0.09047826553039984,2.452866774940617,0.204,True
1010,0.25,0.21,0.17,0.19,0.18,0.821679363697198,0.22124886974295177,0.13199657472289344,-0.09123911425802478,2.4249344323670066,0.204,True
1011,0.21,0.22,0.15,0.23,0.19,0.8210096173428747,0.2210992201631048,0.13229687685233002,-0.09029304329495491,2.448684993824531,0.204,True
1012,0.25,0.18,0.19,0.21,0.17,0.8204182366057484,0.22096705025639163,0.12840699875120667,-0.09248104733670903,2.3893225327767444,0.204,True
1013,0.22,0.23,0.15,0.21,0.19,0.8200535913205973,0.22088554004065308,0.13318309421801913,-0.09005074098483645,2.4529008603921176,0.204,True
1014,0.21,0.19,0.17,0.25,0.18,0.8198896745548465,0.22084889570431354,0.12851607630800335,-0.09153302472319225,2.412778299113236,0.204,True
1015,0.19,0.18,0.21,0.25,0.17,0.8168155772322043,0.22016125930502906,0.12536258053000862,-0.09660569941458674,2.2789676037663087,0.204,True
1016,0.25,0.19,0.18,0.21,0.17,0.8138211481256878,0.21949069740970129,0.1277306037359514,-0.08978808506360214,2.4445414695527052,0.204,True
1017,0.21,0.18,0.19,0.25,0.17,0.8130133599481881,0.21930967777528565,0.12512530553616888,-0.09210801675863145,2.381005318461969,0.204,True
1018,0.18,0.19,0.21,0.25,0.17,0.8121370606261475,0.2191132444565136,0.12479524645519172,-0.09618767963927521,2.2779761948540194,0.204,True
1019,0.21,0.19,0.18,0.25,0.17,0.806440339225549,0.21783470728996646,0.12442804511334107,-0.08941742841326017,2.436154910239653,0.204,True
1020,0.22,0.19,0.23,0.21,0.15,0.7923582873928934,0.21466263987539635,0.11999499625869203,-0.09236032731319899,2.3241866515637546,0.204,True
1021,0.21,0.19,0.23,0.22,0.15,0.7905248827126661,0.2142484332821737,0.119166932461233,-0.09226638792491892,2.32206373415763,0.204,True
1022,0.23,0.19,0.22,0.21,0.15,0.790400199490292,0.21422025432211322,0.11992696419705784,-0.09008072334590755,2.3780920752546937,0.204,True
1023,0.21,0.19,0.22,0.23,0.15,0.7867430316908655,0.21339313553300876,0.11823518084826917,-0.08989405634337455,2.373829196425359,0.204,True
1024,0.23,0.19,0.21,0.22,0.15,0.7866072201841645,0.21336239816479496,0.11902161048734909,-0.08769949163504498,2.432880672247075,0.204,True
1025,0.22,0.19,0.21,0.23,0.15,0.7847834625918482,0.21294948751790033,0.11815780038836286,-0.08760676892587582,2.4307423972921214,0.204,True
1026,0.19,0.21,0.22,0.23,0.15,0.7775123746529138,0.21130046336820318,0.11692869289581641,-0.0890291445959861,2.373385303510259,0.204,True
1027,0.23,0.21,0.19,0.22,0.15,0.7734592652564423,0.21037929785071863,0.11755116316737275,-0.08220970735000943,2.55905664467366,0.204,True
1028,0.22,0.21,0.19,0.23,0.15,0.7716475687532471,0.2099670927631545,0.11667481617877783,-0.08211822710350325,2.5568877966460275,0.204,True
1029,0.19,0.22,0.21,0.23,0.15,0.7709687715512572,0.20981257748754834,0.11614692146237815,-0.08629666553914883,2.4312941430206942,0.204,True
1030,0.23,0.22,0.19,0.21,0.15,0.77068455493346,0.20974786925069688,0.11769948449410113,-0.08185587735878253,2.562404509224804,0.204,True
1031,0.21,0.22,0.19,0.23,0.15,0.7670635532100971,0.20892286083565947,0.11597027200074485,-0.08167292407775151,2.558043111530668,0.204,True
1032,0.22,0.23,0.19,0.21,0.15,0.7661032582863438,0.20870387832979986,0.11697127087506536,-0.0814093845510917,2.563634149559495,0.204,True
1033,0.21,0.23,0.19,0.22,0.15,0.7642939528626052,0.2082910744585067,0.11611838554580757,-0.08131791192489335,2.5614415019766863,0.204,True
1034,0.2,0.16,0.22,0.18,0.24,0.9448696458946708,0.24817323960268545,0.1606450677666607,-0.12901376905641115,1.9236182418186072,0.20400000000000001,True
1035,0.22,0.16,0.2,0.18,0.24,0.9415245515738693,0.24745739032349467,0.16030068142048595,-0.12484073715477095,1.9821846294988636,0.20400000000000001,True
1036,0.18,0.16,0.22,0.2,0.24,0.9408917866450328,0.24732188632956786,0.15952332537360364,-0.12881373800408014,1.9199961911029553,0.20400000000000001,True
1037,0.22,0.16,0.18,0.2,0.24,0.9341936480126101,0.24588569816195682,0.15880121748507342,-0.1204408381945663,2.04154755021499,0.20400000000000001,True
1038,0.18,0.16,0.2,0.22,0.24,0.9336053398162028,0.24575939714149064,0.15795653874989568,-0.1244446939023166,1.9748483397323515,0.20400000000000001,True
1039,0.2,0.16,0.18,0.22,0.24,0.9302523397196518,0.24503906830420585,0.15757836862887895,-0.12024485760682979,2.037834076076846,0.20400000000000001,True
1040,0.22,0.18,0.16,0.2,0.24,0.9210250684418468,0.24305244627893696,0.15760697469533827,-0.11544758349859363,2.1053056193410735,0.20400000000000001,True
1041,0.2,0.18,0.16,0.22,0.24,0.917107551476745,0.2422070847858313,0.15637259324893674,-0.1152535742547286,2.1015147369791363,0.20400000000000001,True
1042,0.22,0.2,0.16,0.18,0.24,0.9152058128634102,0.24179629305272443,0.15786362629569045,-0.11487763888623237,2.1048160059433703,0.20400000000000001,True
1043,0.24,0.16,0.2,0.18,0.22,0.9127471523895523,0.24126479816099544,0.15204998902559935,-0.11682280745760576,2.0652199978035015,0.20400000000000001,True
1044,0.24,0.16,0.18,0.2,0.22,0.9053298064740869,0.2396586064971169,0.15051767497460944,-0.11234224449712504,2.133290175658276,0.20400000000000001,True
1045,0.18,0.16,0.2,0.24,0.22,0.901072022970369,0.2387347191828595,0.1481807424051812,-0.11623685151935781,2.053864295722955,0.20400000000000001,True
1046,0.2,0.16,0.18,0.24,0.22,0.8975834770910884,0.237976718287777,0.14782953407572277,-0.11195586130089219,2.1256298287786075,0.20400000000000001,True
1047,0.24,0.18,0.16,0.2,0.22,0.8921308086480282,0.23679008414457292,0.1493003583699922,-0.10723531696444799,2.208135256625171,0.20400000000000001,True
1048,0.22,0.16,0.24,0.18,0.2,0.890413043633834,0.23641578421373888,0.1443585441202898,-0.11724765909016877,2.0163795682430163,0.20400000000000001,True
1049,0.24,0.16,0.22,0.18,0.2,0.8868053320953722,0.23562892719885276,0.14411000788642164,-0.11293942025503945,2.086330234976913,0.20400000000000001,True
1050,0.24,0.2,0.16,0.18,0.22,0.8863672269708525,0.23553330634969494,0.14956456485012237,-0.1066329636209411,2.208822660007545,0.20400000000000001,True
1051,0.2,0.18,0.16,0.24,0.22,0.8844322395277138,0.2351107986688663,0.1465851104659718,-0.10685310415306282,2.2003179087065123,0.20400000000000001,True
1052,0.18,0.16,0.24,0.22,0.2,0.8826928011201842,0.23473074248066972,0.14174512946235282,-0.11685416112445934,2.0087495406403377,0.20400000000000001,True
1053,0.18,0.16,0.22,0.24,0.2,0.8752810809662719,0.23310869961231662,0.1400178432290047,-0.1123556192386389,2.0747400191636425,0.20400000000000001,True
1054,0.24,0.16,0.18,0.22,0.2,0.8718483347777821,0.2323560002153493,0.1408957844884387,-0.1038444610810314,2.2375386977456446,0.20400000000000001,True
1055,0.22,0.16,0.18,0.24,0.2,0.8680444588075242,0.23152084731254075,0.13941535738873193,-0.10365426127251309,2.233587355408949,0.20400000000000001,True
1056,0.24,0.18,0.16,0.22,0.2,0.8586474242988997,0.22945282704419,0.13964016473454616,-0.0986218207587437,2.3265928906899336,0.20400000000000001,True
1057,0.22,0.16,0.24,0.2,0.18,0.8565390264496424,0.228987871533759,0.13479425105385273,-0.10879093378614213,2.1048433317421127,0.20400000000000001,True
1058,0.22,0.18,0.16,0.24,0.2,0.8548675172634854,0.2286190108646724,0.138143662813456,-0.09843382680252644,2.322565507112892,0.20400000000000001,True
1059,0.24,0.16,0.22,0.2,0.18,0.8527994687330245,0.2281623369315482,0.13458567620925735,-0.10439767083458107,2.185511756225608,0.20400000000000001,True
1060,0.2,0.16,0.24,0.22,0.18,0.8527485964467676,0.22815109884793272,0.13334758378832628,-0.10859711089078816,2.1008947381424843,0.20400000000000001,True
1061,0.24,0.16,0.2,0.22,0.18,0.8452628122529648,0.2264951833436979,0.13289511543753235,-0.09978148394678465,2.269911955453499,0.20400000000000001,True
1062,0.2,0.16,0.22,0.24,0.18,0.8452565122129065,0.22649378783967355,0.13156816632822133,-0.10401450647866961,2.177521150726422,0.20400000000000001,True
1063,0.22,0.16,0.2,0.24,0.18,0.8415103299507942,0.22566341842799686,0.1313236544849051,-0.09959217841830603,2.2658749111819576,0.20400000000000001,True
1064,0.24,0.2,0.16,0.22,0.18,0.818883872689903,0.22062399594299476,0.13024401489287096,-0.08912157497343576,2.4755396884397025,0.20400000000000001,True
1065,0.22,0.2,0.16,0.24,0.18,0.8151794600208473,0.21979496438307033,0.12863439856251138,-0.08893690276976451,2.4713584298304694,0.20400000000000001,True
1066,0.24,0.22,0.16,0.2,0.18,0.813257060213386,0.21936429494972387,0.13052648890353694,-0.08844531676561518,2.4802251037333156,0.20400000000000001,True
1067,0.2,0.18,0.24,0.22,0.16,0.8126761955197022,0.21923410569745672,0.1239745596854658,-0.09929639108095634,2.2078758685067936,0.20400000000000001,True
1068,0.2,0.22,0.16,0.24,0.18,0.8058581750620086,0.21770389862079553,0.12739563489970906,-0.08807595083452147,2.471774605417785,0.20400000000000001,True
1069,0.2,0.18,0.22,0.24,0.16,0.8051428630655257,0.21754313395808378,0.12212392692375984,-0.09461267595063183,2.2993021999673293,0.20400000000000001,True
1070,0.24,0.18,0.2,0.22,0.16,0.8049559533638062,0.21750111944992634,0.12362482151268821,-0.090270811275171,2.4094290987030273,0.20400000000000001,True
1071,0.22,0.24,0.16,0.2,0.18,0.8039465502132621,0.21727417055496012,0.12919765853759044,-0.08757986048276467,2.4808691102872755,0.20400000000000001,True
1072,0.22,0.18,0.2,0.24,0.16,0.801279685075631,0.21667415898273323,0.12193022235197887,-0.0900848238331644,2.4052237631502744,0.20400000000000001,True
1073,0.2,0.24,0.16,0.22,0.18,0.8002520761024727,0.21644280163024532,0.12767628377292953,-0.08739516968615013,2.4765991347980174,0.20400000000000001,True
1074,0.18,0.2,0.22,0.24,0.16,0.795838366195396,0.21544809015002975,0.12092191574746401,-0.09376649471384213,2.2977086944279743,0.20400000000000001,True
1075,0.24,0.2,0.18,0.22,0.16,0.791782239131325,0.21453252830351244,0.12222246675271013,-0.08483008899749689,2.52896738455435,0.20400000000000001,True
1076,0.22,0.2,0.18,0.24,0.16,0.7881300715414405,0.21370696642184406,0.12050497551384931,-0.08464653479652917,2.5246983463120674,0.20400000000000001,True
1077,0.24,0.22,0.18,0.2,0.16,0.7862033525197842,0.21327098411870127,0.12251400603157023,-0.0841338409810104,2.534901314761536,0.20400000000000001,True
1078,0.2,0.22,0.18,0.24,0.16,0.778908708033105,0.2116174889748057,0.11917115257736303,-0.08376674309648069,2.526270941811231,0.20400000000000001,True
1079,0.22,0.24,0.18,0.2,0.16,0.7769928310537784,0.21118246303271682,0.12108698398030639,-0.08324937684678779,2.5367452710352074,0.20400000000000001,True
1080,0.2,0.15,0.21,0.2,0.24,0.9441550973986907,0.24802039540751863,0.159736672766152,-0.12709511048708289,1.9514550517088995,0.2042,True
1081,0.21,0.15,0.2,0.2,0.24,0.9424788005776525,0.24766168312944825,0.15955946458358164,-0.12500884876207574,1.9811532190078214,0.2042,True
1082,0.2,0.15,0.2,0.21,0.24,0.9404976181255962,0.24723746188101492,0.15896350937945894,-0.12490987056219194,1.9793268599851501,0.2042,True
1083,0.21,0.2,0.15,0.2,0.24,0.9095986128285998,0.24058350477197354,0.1565294547667964,-0.11254237237754339,2.137714886308718,0.2042,True
1084,0.2,0.2,0.15,0.21,0.24,0.9076471552102552,0.24016086465309372,0.1559191764967989,-0.11244584924642087,2.13579128320504,0.2042,True
1085,0.2,0.15,0.24,0.2,0.21,0.9061148790036349,0.23982880735466194,0.14770551947437197,-0.12147696936299968,1.9742738776928257,0.2042,True
1086,0.2,0.21,0.15,0.2,0.24,0.9047483450086717,0.23953251763182526,0.15604728332781634,-0.11215565118051929,2.135715098709449,0.2042,True
1087,0.24,0.15,0.2,0.2,0.21,0.8990142531320531,0.23828771355770773,0.1471358801357572,-0.11293061167943175,2.110036508383736,0.2042,True
1088,0.21,0.15,0.24,0.2,0.2,0.8913725856074499,0.23662489575780477,0.14354392554620624,-0.1174327187134202,2.014982692645123,0.2042,True
1089,0.2,0.15,0.2,0.24,0.21,0.8912943084692944,0.23660783958853515,0.14438603360951477,-0.1125429175439081,2.1023787613842844,0.2042,True
1090,0.2,0.15,0.24,0.21,0.2,0.8894412078398162,0.23620392134840018,0.1428797881243332,-0.11733437146431824,2.0130837912250676,0.2042,True
1091,0.24,0.15,0.21,0.2,0.2,0.8859496770699216,0.2354421581027275,0.14315560082395684,-0.11097123248939267,2.1216503847087806,0.2042,True
1092,0.24,0.15,0.2,0.21,0.2,0.8822071016624107,0.23462457843916185,0.1423448235564372,-0.10870496011291464,2.1583612946037722,0.2042,True
1093,0.2,0.15,0.21,0.24,0.2,0.8782803627701172,0.23376560151023584,0.14032672166503946,-0.11058429310617812,2.1139132416009976,0.2042,True
1094,0.21,0.15,0.2,0.24,0.2,0.8764691982915447,0.23336900447592734,0.1401796662539602,-0.10841639360366362,2.152525063036604,0.2042,True
1095,0.24,0.2,0.15,0.2,0.21,0.8660240882477923,0.23107680749550807,0.14401388845843957,-0.10003466731162958,2.3099672714025625,0.2042,True
1096,0.24,0.2,0.15,0.21,0.2,0.8492158954100824,0.22737019398191372,0.13917310304449138,-0.09566326646816747,2.3767763988863218,0.2042,True
1097,0.24,0.21,0.15,0.2,0.2,0.8463735073790557,0.22674116064258887,0.1393099292873333,-0.09533946509230973,2.3782508158930113,0.2042,True
1098,0.21,0.2,0.15,0.24,0.2,0.8435678325665328,0.22611961859367757,0.13694796150080102,-0.09538294228217115,2.3706504872197,0.2042,True
1099,0.2,0.21,0.15,0.24,0.2,0.8388478691576609,0.22507257909459,0.1363855795810536,-0.0949656647822783,2.370041631473854,0.2042,True
1100,0.24,0.2,0.2,0.21,0.15,0.7818459924946843,0.21228383321056343,0.11917229195359688,-0.08505554133158533,2.4958260201176565,0.2042,True
1101,0.24,0.21,0.2,0.2,0.15,0.7790630993168692,0.21165253201333378,0.11931960702255084,-0.08470724528234952,2.498635521764936,0.2042,True
1102,0.2,0.2,0.21,0.24,0.15,0.7783508022356396,0.2114908411224763,0.11664857351895759,-0.087078526408918,2.4287370244338082,0.2042,True
1103,0.21,0.2,0.2,0.24,0.15,0.7763928165998311,0.21104615728359621,0.11656268957635146,-0.08477922210189648,2.489361804121522,0.2042,True
1104,0.2,0.21,0.2,0.24,0.15,0.771796998493353,0.21000110230072555,0.11588735098964481,-0.08433882349004418,2.489969549142635,0.2042,True
1105,0.2,0.16,0.2,0.19,0.25,0.9536024093966575,0.2500381878312128,0.1639160259863618,-0.128675134303175,1.943174096419367,0.20420000000000002,True
1106,0.19,0.16,0.2,0.2,0.25,0.951605847312879,0.2496122976652928,0.1633571061461,-0.1285754830519218,1.941367761103363,0.20420000000000002,True
1107,0.2,0.16,0.19,0.2,0.25,0.9499646796288566,0.24926199971335228,0.16316613299600252,-0.1264986771172486,1.9704711969621411,0.20420000000000002,True
1108,0.2,0.19,0.16,0.2,0.25,0.9302619414713,0.24504113225011248,0.1613663956331698,-0.11910187659882221,2.0574078196559302,0.20420000000000002,True
1109,0.2,0.2,0.16,0.19,0.25,0.9273413851238455,0.2444130277570622,0.16149267228499906,-0.11882426376790778,2.0569286104263966,0.20420000000000002,True
1110,0.19,0.2,0.16,0.2,0.25,0.925368547044412,0.24398838348272767,0.16092322792970723,-0.11872651451787719,2.0550454502392492,0.20420000000000002,True
1111,0.25,0.16,0.2,0.19,0.2,0.8812416445062619,0.23441349485199026,0.14324163768544965,-0.10850242947520661,2.1604446645644466,0.20420000000000002,True
1112,0.25,0.16,0.19,0.2,0.2,0.8774968115260584,0.23359405585548298,0.14244835736885633,-0.10622459113693927,2.199058178104405,0.20420000000000002,True
1113,0.2,0.16,0.25,0.2,0.19,0.8734590795081341,0.2327093032534806,0.13907130631442233,-0.11510982851100049,2.0216284418427546,0.20420000000000002,True
1114,0.19,0.16,0.2,0.25,0.2,0.8697736396464804,0.2319006348192174,0.1389761884585022,-0.10792517702277216,2.1487167426214784,0.20420000000000002,True
1115,0.2,0.16,0.19,0.25,0.2,0.8679636177972707,0.2315030861156684,0.1388209157098014,-0.1057463085402075,2.1892308990402713,0.20420000000000002,True
1116,0.25,0.16,0.2,0.2,0.19,0.8642699175219148,0.23069101339152986,0.13847631496908752,-0.10421580114813522,2.213589598218597,0.20420000000000002,True
1117,0.25,0.19,0.16,0.2,0.2,0.857684096233293,0.22924043228616742,0.14055714620568704,-0.09839822648206153,2.3297211797608877,0.20420000000000002,True
1118,0.25,0.2,0.16,0.19,0.2,0.8548335463061187,0.22861151201852148,0.14069349767338185,-0.09807956078771396,2.3308782195031887,0.20420000000000002,True
1119,0.2,0.16,0.2,0.25,0.19,0.8548006218455106,0.22860424409167068,0.13474080343723865,-0.10373857944919329,2.2036569741504053,0.20420000000000002,True
1120,0.2,0.19,0.16,0.25,0.2,0.848240743031824,0.22715446103649972,0.13686973532677044,-0.0979281849205843,2.319602484419706,0.20420000000000002,True
1121,0.25,0.2,0.16,0.2,0.19,0.8378631999526012,0.2248539219922716,0.1358872457115343,-0.09367432960003974,2.400379302977966,0.20420000000000002,True
1122,0.2,0.2,0.16,0.25,0.19,0.8285138563502443,0.22277389063914255,0.13206474276009236,-0.09320836841116265,2.3900631932149894,0.20420000000000002,True
1123,0.25,0.2,0.19,0.2,0.16,0.7973972905562452,0.2157996086977556,0.12394789095645768,-0.08730944813694075,2.471663872611863,0.20420000000000002,True
1124,0.2,0.19,0.2,0.25,0.16,0.7948034884936299,0.2152146253980951,0.12047281747726274,-0.08956213416071912,2.4029644605374494,0.20420000000000002,True
1125,0.19,0.2,0.2,0.25,0.16,0.790170657248976,0.21416837333784744,0.11985090451110661,-0.08913127869522608,2.402841925674274,0.20420000000000002,True
1126,0.2,0.2,0.19,0.25,0.16,0.7882428339025933,0.21373247283789198,0.11974165306436664,-0.08684748972956458,2.461009218613411,0.20420000000000002,True
1127,0.21,0.15,0.21,0.19,0.24,0.9461408428192077,0.24844506013940637,0.16033108873951119,-0.1271946224431436,1.9532670121369484,0.20439999999999997,True
1128,0.19,0.15,0.21,0.21,0.24,0.9421693375357256,0.24759543828607256,0.15916450733871873,-0.1269956607181798,1.9496369945703864,0.20439999999999997,True
1129,0.21,0.15,0.19,0.21,0.24,0.9388147596461807,0.2468768924539959,0.15880167551196753,-0.12281645336605107,2.0101288197778038,0.20439999999999997,True
1130,0.21,0.19,0.15,0.21,0.24,0.9125014044252946,0.24121164916356364,0.15640198976516512,-0.11283164190533346,2.137801463227327,0.20439999999999997,True
1131,0.21,0.15,0.24,0.19,0.21,0.9080634569369221,0.2402510500587538,0.14834920998133824,-0.12157603823636465,1.9761381728171188,0.20439999999999997,True
1132,0.19,0.15,0.24,0.21,0.21,0.9041662458407964,0.23940626477340965,0.14708538669959367,-0.12137796323121397,1.9724030491215485,0.20439999999999997,True
1133,0.24,0.15,0.21,0.19,0.21,0.9027407426837708,0.2390969753301435,0.14793461941984262,-0.11517668653663315,2.075914688291508,0.20439999999999997,True
1134,0.24,0.15,0.19,0.21,0.21,0.8952858756326905,0.23747698147773733,0.14635191112469365,-0.11067760217197542,2.14566431524904,0.20439999999999997,True
1135,0.19,0.15,0.21,0.24,0.21,0.8930674967899463,0.23699409246053937,0.1445675404252479,-0.11468939509809428,2.0663993585268927,0.20439999999999997,True
1136,0.21,0.15,0.19,0.24,0.21,0.889509923738262,0.23621890398921908,0.1442476702718333,-0.11038844844734252,2.1398878896454474,0.20439999999999997,True
1137,0.21,0.15,0.24,0.21,0.19,0.8745174944200738,0.23294134723350157,0.13873685293262292,-0.11323899747964905,2.0570770884417717,0.20439999999999997,True
1138,0.24,0.15,0.21,0.21,0.19,0.8689952533840546,0.23172970345393384,0.1383769217850111,-0.10671433231338179,2.171495603546735,0.20439999999999997,True
1139,0.24,0.19,0.15,0.21,0.21,0.86888480135186,0.23170544466287857,0.14388035347230776,-0.10034876741838084,2.3090014020484837,0.20439999999999997,True
1140,0.21,0.15,0.21,0.24,0.19,0.8632956598733119,0.23047664072530982,0.1361480043008834,-0.10642637575381886,2.165597006313914,0.20439999999999997,True
1141,0.21,0.19,0.15,0.24,0.21,0.8631806230567012,0.23045132344410546,0.14173189183020865,-0.10006604836909583,2.3029921456884224,0.20439999999999997,True
1142,0.24,0.21,0.15,0.19,0.21,0.8631659630176931,0.230448096990576,0.14414964163106753,-0.09971959867674018,2.31096093494737,0.20439999999999997,True
1143,0.24,0.21,0.15,0.21,0.19,0.8294212131097072,0.2229760686037383,0.1344679539458647,-0.09090473635211982,2.4528542466702694,0.20439999999999997,True
1144,0.21,0.21,0.15,0.24,0.19,0.8238295764656209,0.22172907015610233,0.13216073669405742,-0.09062691624351038,2.4466138686692864,0.20439999999999997,True
1145,0.21,0.19,0.24,0.21,0.15,0.7943050902586781,0.215102156495536,0.12011510927731653,-0.09463113910528786,2.2730589373568724,0.20439999999999997,True
1146,0.24,0.19,0.21,0.21,0.15,0.7884308123996076,0.21377499047322623,0.11991094622335068,-0.08779227604178574,2.4350090931858013,0.20439999999999997,True
1147,0.21,0.19,0.21,0.24,0.15,0.7829595406054031,0.21253625820014643,0.11732023803769526,-0.08751410785275948,2.428594239430903,0.20439999999999997,True
1148,0.24,0.21,0.19,0.21,0.15,0.7752707909611969,0.21079118345228331,0.11845319285544273,-0.08230124885787726,2.5612148828542103,0.20439999999999997,True
1149,0.19,0.21,0.21,0.24,0.15,0.7737470298574838,0.210444745464623,0.11600413725832934,-0.08664185640240163,2.4289039293805996,0.20439999999999997,True
1150,0.21,0.21,0.19,0.24,0.15,0.7698357024343716,0.20955456785544047,0.11582489446130513,-0.08202680805688001,2.5547083059739277,0.20439999999999997,True
1151,0.21,0.24,0.19,0.21,0.15,0.7615269002972453,0.20765920857068565,0.1162692368256604,-0.08096176619480422,2.5649046251168905,0.20439999999999997,True
1152,0.19,0.16,0.21,0.19,0.25,0.9552370074925125,0.2503866508197625,0.16412184446312533,-0.1307448724984691,1.9150781673881268,0.2044,True
1153,0.21,0.16,0.19,0.19,0.25,0.9519566990781752,0.24968715950403242,0.16374821899894318,-0.12659786135290696,1.9722857624584909,0.2044,True
1154,0.19,0.16,0.19,0.21,0.25,0.9479726566220177,0.2488365494780831,0.16260595557088708,-0.1263995547758633,1.9686505219051598,0.2044,True
1155,0.21,0.16,0.23,0.17,0.23,0.9343333816285762,0.24591569312675876,0.15724300068073194,-0.12726621007861882,1.932293677755031,0.2044,True
1156,0.21,0.19,0.16,0.19,0.25,0.93223615525554,0.24546535434351102,0.1619565292851968,-0.11919962861659938,2.059279522866972,0.2044,True
1157,0.23,0.16,0.21,0.17,0.23,0.9309238676910097,0.24518340019712048,0.15692887099483163,-0.12306684868664919,1.9922782033803634,0.2044,True
1158,0.17,0.16,0.21,0.23,0.23,0.919118884425131,0.2426412543014942,0.15332015057532472,-0.12247367736898274,1.981170644288539,0.2044,True
1159,0.23,0.16,0.17,0.21,0.23,0.9161748873440052,0.24200565535816043,0.15389767687795786,-0.11418698913952152,2.1193803005214655,0.2044,True
1160,0.21,0.16,0.17,0.23,0.23,0.9122767356228088,0.2411630550650381,0.15258982792180087,-0.11399343246882354,2.1155872741264687,0.2044,True
1161,0.23,0.17,0.16,0.21,0.23,0.9095804313006566,0.2405795684071832,0.1533010454095491,-0.11165922125870487,2.1545875539448813,0.2044,True
1162,0.21,0.17,0.16,0.23,0.23,0.9056942031747022,0.2397376121847512,0.15198691835899308,-0.11146668220731881,2.15075579031642,0.2044,True
1163,0.23,0.16,0.23,0.17,0.21,0.9053407202453965,0.23966097288334276,0.14898839564249233,-0.11927022050815117,2.0093949006069276,0.2044,True
1164,0.25,0.16,0.19,0.19,0.21,0.8943216854207561,0.23726714622064105,0.14722646579541382,-0.11047962015512303,2.1476100830858873,0.2044,True
1165,0.17,0.16,0.23,0.23,0.21,0.8936849639125328,0.2371285384394637,0.14517811979458806,-0.11867895717271149,1.9980672571496776,0.2044,True
1166,0.23,0.16,0.17,0.23,0.21,0.8830293058827077,0.23480428488245586,0.1442243894388392,-0.1057529477179675,2.2203095984487855,0.2044,True
1167,0.19,0.16,0.19,0.25,0.21,0.8827776770739475,0.23474929276669965,0.14308146276588019,-0.10990118405730842,2.136003308611204,0.2044,True
1168,0.23,0.17,0.16,0.23,0.21,0.8764327866503108,0.23336102867464614,0.14360925708046995,-0.10316829426577911,2.261945206474659,0.2044,True
1169,0.21,0.16,0.25,0.19,0.19,0.8753764447038408,0.23312959693079516,0.13975591658293463,-0.11520805798235656,2.0235528748041007,0.2044,True
1170,0.25,0.19,0.16,0.19,0.21,0.8745096241839814,0.23293962210695573,0.14536423444070468,-0.1027407437059622,2.2672565304142127,0.2044,True
1171,0.19,0.16,0.25,0.21,0.19,0.8715416291806801,0.23228870400279433,0.1384112840885786,-0.11501166200427837,2.019696959027975,0.2044,True
1172,0.25,0.16,0.21,0.19,0.19,0.8680285726222694,0.23151735707420507,0.13929710009281615,-0.10650717808788501,2.1737253885664605,0.2044,True
1173,0.25,0.16,0.19,0.21,0.19,0.8605094533948443,0.2298631596241676,0.13767104800891158,-0.10191724952827907,2.2553901394325524,0.2044,True
1174,0.19,0.16,0.21,0.25,0.19,0.8566370939226235,0.2290095057178716,0.1349055586502367,-0.10593115501883654,2.161871129198482,0.2044,True
1175,0.21,0.16,0.19,0.25,0.19,0.8529529228635557,0.22819623489601115,0.13462237343086117,-0.10153772792693849,2.247403399258745,0.2044,True
1176,0.25,0.19,0.16,0.21,0.19,0.8406978437667472,0.22548317617413915,0.13574968513957744,-0.09400181903157423,2.3987107749308736,0.2044,True
1177,0.25,0.21,0.16,0.19,0.19,0.8350311319415469,0.22422459305736675,0.13602714661260093,-0.09334581905296557,2.402085013900183,0.2044,True
1178,0.21,0.19,0.16,0.25,0.19,0.8332133188625581,0.22382030581645251,0.13264857297421054,-0.0936290788315497,2.3904999238445246,0.2044,True
1179,0.25,0.19,0.19,0.21,0.16,0.8001961954412118,0.21643021805432694,0.12380427327777273,-0.08765157627585862,2.4692107917508963,0.2044,True
1180,0.19,0.19,0.21,0.25,0.16,0.7967279487239936,0.21564870514002177,0.12060432893338392,-0.09183347763021998,2.3482580721636253,0.2044,True
1181,0.25,0.21,0.19,0.19,0.16,0.7946009458436125,0.21516892199065718,0.1240940600885859,-0.08696623818299631,2.4741661417835954,0.2044,True
1182,0.21,0.19,0.19,0.25,0.16,0.7928677672162003,0.21477769245377698,0.12039340952888417,-0.08728201532421176,2.4607325077907354,0.2044,True
1183,0.19,0.21,0.19,0.25,0.16,0.7836228929565319,0.2126865804720386,0.11911664883979158,-0.08641188156725466,2.461311761930608,0.2044,True
1184,0.23,0.17,0.19,0.17,0.24,0.9369052658281556,0.24646751131226563,0.1603126865719405,-0.12247117492695703,2.012453227947402,0.20440000000000003,True
1185,0.23,0.17,0.17,0.19,0.24,0.9295695483283029,0.24489228122799744,0.15884361589960683,-0.11804935311073883,2.074490666613571,0.20440000000000003,True
1186,0.23,0.19,0.17,0.17,0.24,0.9237339951303825,0.2436363339319727,0.15909995517651698,-0.11748878380726324,2.0736986632838983,0.20440000000000003,True
1187,0.24,0.17,0.19,0.17,0.23,0.9225952505073363,0.24339095339398997,0.1561956523562702,-0.11845914248496592,2.054640513921326,0.20440000000000003,True
1188,0.19,0.17,0.17,0.23,0.24,0.9217107307232633,0.24320028720737885,0.156387091427952,-0.11765934768275266,2.066986533557239,0.20440000000000003,True
1189,0.24,0.17,0.17,0.19,0.23,0.9152160186126235,0.2417984983071333,0.1547114565951655,-0.1139969604509945,2.1210960130035983,0.20440000000000003,True
1190,0.19,0.17,0.17,0.24,0.23,0.9054773737604065,0.23969060211392268,0.1514924703235771,-0.11351294803559708,2.111570585223079,0.20440000000000003,True
1191,0.17,0.17,0.23,0.24,0.19,0.8574148323249762,0.22918105179631842,0.1354955107486051,-0.10999498155600207,2.083559163829986,0.20440000000000003,True
1192,0.24,0.17,0.17,0.23,0.19,0.8482581703261083,0.22715831714247647,0.13543405479361506,-0.09688432188676943,2.3446344332983076,0.20440000000000003,True
1193,0.23,0.17,0.17,0.24,0.19,0.8463797744786654,0.22674254829007667,0.13465234168271192,-0.0967905726882643,2.34260984300973,0.20440000000000003,True
1194,0.2,0.16,0.21,0.18,0.25,0.957238106082676,0.25081297990066176,0.16467947203573088,-0.13084504903495597,1.9168702350644975,0.2046,True
1195,0.21,0.16,0.2,0.18,0.25,0.9555989708792554,0.25046378776439293,0.16449676723345577,-0.12877484768527037,1.9449744438955503,0.2046,True
1196,0.18,0.16,0.21,0.2,0.25,0.9532359122402645,0.24996003143223056,0.16358630746949174,-0.1306447582682443,1.9132802168687402,0.2046,True
1197,0.18,0.16,0.2,0.21,0.25,0.9496092856106852,0.2491861169813836,0.16282036761824983,-0.12847589387345826,1.9395554252910536,0.2046,True
1198,0.21,0.16,0.18,0.2,0.25,0.9483123950368897,0.24890913028994777,0.16301336408707368,-0.12441429927944248,2.000647286779166,0.2046,True
1199,0.2,0.15,0.22,0.19,0.24,0.9478105771403054,0.24880192027472825,0.16052351841310022,-0.12927376231761545,1.9246126655108988,0.2046,True
1200,0.22,0.17,0.18,0.18,0.25,0.9473603962397468,0.2487057264840482,0.16374252687115676,-0.12424535660625169,2.0017305537801806,0.2046,True
1201,0.2,0.16,0.18,0.21,0.25,0.9463249201913804,0.24848441166290058,0.16242997010063928,-0.12431564784352578,1.9988184590862137,0.2046,True
1202,0.19,0.15,0.22,0.2,0.24,0.945820259835755,0.24837652091968931,0.1599528337149531,-0.12917378269596902,1.9228090695794118,0.2046,True
1203,0.22,0.15,0.2,0.19,0.24,0.9444599646481526,0.24808561206183577,0.16017738044654198,-0.1251078889672621,1.982973368903652,0.2046,True
1204,0.22,0.18,0.18,0.17,0.25,0.9444235558908352,0.24807782392437017,0.1638686280508645,-0.12397690306774745,2.0010003297856818,0.2046,True
1205,0.22,0.15,0.19,0.2,0.24,0.9407913552213412,0.24730037664695792,0.1594211828690829,-0.1229149558793875,2.0119632706830717,0.2046,True
1206,0.22,0.18,0.17,0.18,0.25,0.9407809425045199,0.24729814648342874,0.1631479707807825,-0.12177884606838751,2.0307151403335943,0.2046,True
1207,0.19,0.15,0.2,0.22,0.24,0.9385164182747625,0.24681294802824727,0.15838989803979947,-0.12481095430940203,1.9774942783980844,0.2046,True
1208,0.2,0.15,0.19,0.22,0.24,0.9368381427331418,0.24645311572970185,0.15820421814274122,-0.12271801261477266,2.0082880294301155,0.2046,True
1209,0.22,0.15,0.22,0.18,0.23,0.9355628445539641,0.24617954515477658,0.15694168334618896,-0.12543782145138516,1.9625623460798562,0.2046,True
1210,0.21,0.18,0.16,0.2,0.25,0.935160717711818,0.24609325799830262,0.16183084593719763,-0.11947635306295323,2.0597653986695903,0.2046,True
1211,0.2,0.18,0.16,0.21,0.25,0.9331851163293612,0.24566916572085917,0.16124211739601757,-0.11937866004410702,2.0578985023796665,0.2046,True
1212,0.18,0.15,0.22,0.22,0.23,0.927669016961999,0.2444835209303513,0.15454722315609354,-0.12504046291206783,1.9552352513464333,0.2046,True
1213,0.22,0.15,0.23,0.18,0.22,0.9228571617212271,0.2434473994860531,0.15296294027387108,-0.12356488672948562,1.9701988641726367,0.2046,True
1214,0.2,0.15,0.24,0.19,0.22,0.9226208760480139,0.24339647633769168,0.15252519947761164,-0.12557009294692068,1.9383315774129195,0.2046,True
1215,0.23,0.15,0.22,0.18,0.22,0.9211166137106892,0.2430721870947241,0.15281662240190966,-0.12145215513257657,2.0013822466088618,0.2046,True
1216,0.22,0.15,0.18,0.22,0.23,0.9208233537243866,0.24300894631666803,0.15384821284635128,-0.11660213432341382,2.084086605504541,0.2046,True
1217,0.19,0.15,0.24,0.2,0.22,0.9206551858595025,0.24297267843552128,0.15192367873876905,-0.12547038945897104,1.9364941759025434,0.2046,True
1218,0.24,0.15,0.2,0.19,0.22,0.9156548795300985,0.24189331979576445,0.1519233679419362,-0.11710542373347965,2.0656030445377978,0.2046,True
1219,0.18,0.15,0.23,0.22,0.22,0.9150128635874983,0.24175459917214348,0.15050373102001707,-0.1231681191259677,1.962801745189385,0.2046,True
1220,0.22,0.19,0.15,0.2,0.24,0.9144542032510419,0.2416338639926663,0.15703315820347244,-0.11292817259789711,2.1397128673378165,0.2046,True
1221,0.24,0.15,0.19,0.2,0.22,0.9119429622517856,0.24109085547594877,0.15115040409018343,-0.11487239412644379,2.0987710520821237,0.2046,True
1222,0.22,0.2,0.15,0.19,0.24,0.911550038511507,0.24100585011027498,0.15716202696493933,-0.11263895689705139,2.1396314095002413,0.2046,True
1223,0.18,0.15,0.22,0.23,0.22,0.9113343469533888,0.24095918231186242,0.1496758654442268,-0.12095877370665897,1.992076927765656,0.2046,True
1224,0.2,0.19,0.15,0.22,0.24,0.910548573418543,0.24078913983136796,0.15579313671979692,-0.11273517247446185,2.1358830127830286,0.2046,True
1225,0.23,0.15,0.18,0.22,0.22,0.9062912669624179,0.23986704118944502,0.1496875804424838,-0.11253586680371364,2.1314719298143756,0.2046,True
1226,0.19,0.15,0.2,0.24,0.22,0.905918907495779,0.2397863258254178,0.14864815815567287,-0.1166172595321675,2.0561821362238026,0.2046,True
1227,0.25,0.17,0.18,0.18,0.22,0.9043681737606659,0.2394500643098234,0.15137453849579444,-0.11214791134079283,2.1351272747486787,0.2046,True
1228,0.22,0.15,0.18,0.23,0.22,0.9043533536076818,0.23944684982334374,0.1490054108040775,-0.11243929390873275,2.1295655771166913,0.2046,True
1229,0.2,0.15,0.19,0.24,0.22,0.9041727356748157,0.23940767251062312,0.14847609308138462,-0.11448397434049207,2.0911893903909182,0.2046,True
1230,0.25,0.18,0.18,0.17,0.22,0.9014727117124264,0.2388217225453333,0.15150576332980434,-0.1118559442831425,2.1350829772694118,0.2046,True
1231,0.22,0.18,0.15,0.22,0.23,0.9010578786389869,0.2387316477366781,0.1520490491851142,-0.109020217014142,2.1897924465304457,0.2046,True
1232,0.25,0.16,0.2,0.18,0.21,0.8980504734042278,0.238078242372336,0.148008397237194,-0.11273707716587777,2.111800734571424,0.2046,True
1233,0.25,0.18,0.17,0.18,0.22,0.8977649567454098,0.2380161735882398,0.15076298163878302,-0.10959698310725607,2.1717401961266347,0.2046,True
1234,0.22,0.15,0.24,0.19,0.2,0.8933038906107269,0.23704556780230823,0.1442317259094405,-0.11753112868333093,2.0168747672030793,0.2046,True
1235,0.25,0.16,0.18,0.2,0.21,0.8905910128534387,0.2364545741237718,0.14645949046013135,-0.10821516970379552,2.1850409214437376,0.2046,True
1236,0.24,0.15,0.22,0.19,0.2,0.8896904006023101,0.23625825297849845,0.14398128796900486,-0.11323049783560757,2.0865248982787956,0.2046,True
1237,0.19,0.15,0.24,0.22,0.2,0.8875097582905682,0.2357826442677835,0.1422397890694265,-0.11723608687608467,2.0111780472253336,0.2046,True
1238,0.23,0.18,0.15,0.22,0.22,0.8865039277740843,0.23556314426382996,0.14787082431566326,-0.10486784364398127,2.246285763856743,0.2046,True
1239,0.24,0.19,0.15,0.2,0.22,0.8855449737708903,0.23535380133848727,0.14871629076721757,-0.10465825174019205,2.24878399385783,0.2046,True
1240,0.25,0.16,0.21,0.18,0.2,0.8849846289751326,0.2352314433004774,0.14405003182980947,-0.1107732010922251,2.1235410819683147,0.2046,True
1241,0.22,0.18,0.15,0.23,0.22,0.8845839331135232,0.2351439316586672,0.14717843884441587,-0.10477284073131654,2.244321429268862,0.2046,True
1242,0.24,0.2,0.15,0.19,0.22,0.8826686888816635,0.23472547246562292,0.1488490180776705,-0.10435266368066576,2.249348164067156,0.2046,True
1243,0.2,0.16,0.18,0.25,0.21,0.8809943566332001,0.23435941722835918,0.1429351952211856,-0.10773586496627807,2.175314759868638,0.2046,True
1244,0.19,0.15,0.22,0.24,0.2,0.8800803164099082,0.23415949113125745,0.14051816364554603,-0.11274411492750636,2.076910988053082,0.2046,True
1245,0.24,0.15,0.19,0.22,0.2,0.8784626777918878,0.2338055095421625,0.14154920313421643,-0.1064316480574663,2.19676678703615,0.2046,True
1246,0.2,0.19,0.15,0.24,0.22,0.8778702677192862,0.2336758238977661,0.14598778813331156,-0.10427817369127135,2.2408891105975135,0.2046,True
1247,0.25,0.18,0.16,0.2,0.21,0.8773784990177504,0.23356814913043222,0.14523107388652773,-0.10304982643319527,2.2665554830589536,0.2046,True
1248,0.22,0.15,0.24,0.2,0.19,0.8764314561177351,0.23336073722569695,0.1394470745132835,-0.11333666079323046,2.0590048762018536,0.2046,True
1249,0.22,0.15,0.19,0.24,0.2,0.8746468088229093,0.2329696917792059,0.14007697711387912,-0.10624037101956674,2.192854651611664,0.2046,True
1250,0.25,0.16,0.18,0.21,0.2,0.8737501334466149,0.23277312183126386,0.14167043593708478,-0.10393965303818797,2.23950258661862,0.2046,True
1251,0.24,0.15,0.22,0.2,0.19,0.8727516884069784,0.2325541680355785,0.1392157318921238,-0.1089940162708255,2.13364160705606,0.2046,True
1252,0.2,0.15,0.24,0.22,0.19,0.8726034434060126,0.23252165204371855,0.13805086549139245,-0.11314139678947144,2.055142137553637,0.2046,True
1253,0.25,0.2,0.16,0.18,0.21,0.8716433408674487,0.23231102202136822,0.14549958743003663,-0.1024307105684591,2.26798213867807,0.2046,True
1254,0.18,0.16,0.21,0.25,0.2,0.8715724631705524,0.23229546981573512,0.13917642979026965,-0.11009590463226449,2.1099374276603116,0.2046,True
1255,0.2,0.18,0.16,0.25,0.21,0.8678416541302323,0.23147628908404738,0.14166994227967403,-0.10257588330033163,2.2566346166019224,0.2046,True
1256,0.21,0.16,0.18,0.25,0.2,0.8661423834716198,0.2311028154146717,0.1387105991425319,-0.10355925330249915,2.2315998623475455,0.2046,True
1257,0.24,0.15,0.2,0.22,0.19,0.865237005970636,0.23090373470894865,0.13755340748756492,-0.10442753468408694,2.21113842634968,0.2046,True
1258,0.2,0.15,0.22,0.24,0.19,0.8651333529188547,0.23088093864452253,0.13630419857374484,-0.10860786144778911,2.1258216078171612,0.2046,True
1259,0.22,0.15,0.2,0.24,0.19,0.8614467274093207,0.23006960170877777,0.13603750030174347,-0.10423667877346299,2.2071846917608227,0.2046,True
1260,0.25,0.18,0.16,0.21,0.2,0.8605372303679726,0.22986927872118623,0.14042305711972342,-0.098715909288149,2.3285940470872246,0.2046,True
1261,0.21,0.16,0.25,0.2,0.18,0.858391928918403,0.22939650252649169,0.13496759344440734,-0.11097516856115941,2.0670975813843366,0.2046,True
1262,0.2,0.16,0.25,0.21,0.18,0.8564919847629655,0.2289774936276321,0.13425992461730496,-0.11087770355111115,2.065135607016614,0.2046,True
1263,0.22,0.15,0.23,0.22,0.18,0.8556394569860211,0.22878938636776192,0.1337755362069072,-0.10680592390469279,2.1421039021386106,0.2046,True
1264,0.23,0.15,0.22,0.22,0.18,0.8537658911202424,0.2283757880855286,0.1336658459090228,-0.10460963518449962,2.1831238363726544,0.2046,True
1265,0.21,0.18,0.16,0.25,0.2,0.85297741826264,0.22820164574797452,0.13743109134660808,-0.09833992125697899,2.320539236061057,0.2046,True
1266,0.24,0.19,0.15,0.22,0.2,0.8520608640053449,0.22799915320895714,0.13903856702415285,-0.09598606632543705,2.3753359413223043,0.2046,True
1267,0.22,0.15,0.22,0.23,0.18,0.8518788833546376,0.22795894063032018,0.13290045643339066,-0.10451386076339675,2.1811359657489264,0.2046,True
1268,0.25,0.16,0.21,0.2,0.18,0.8509127851826035,0.22774541611612475,0.1345503534719714,-0.10218854866968141,2.228678448622445,0.2046,True
1269,0.22,0.19,0.15,0.24,0.2,0.8482929329060318,0.22716600892343597,0.137534206438725,-0.09579920150845034,2.371272467269969,0.2046,True
1270,0.25,0.16,0.2,0.21,0.18,0.8471388733006402,0.22691060306948985,0.13371649389842855,-0.09987622917449823,2.271918002361144,0.2046,True
1271,0.24,0.22,0.15,0.19,0.2,0.8435336988176081,0.226112053051436,0.13944904870965197,-0.09501465752965521,2.3797597016109195,0.2046,True
1272,0.2,0.16,0.21,0.25,0.18,0.8415078231194797,0.22566286239310696,0.1307016866730309,-0.10171242756644616,2.218636087961691,0.2046,True
1273,0.21,0.16,0.2,0.25,0.18,0.8396339106618016,0.22524707260840637,0.130574723391737,-0.09949761799726597,2.2638438702582384,0.2046,True
1274,0.18,0.17,0.22,0.25,0.18,0.8386415812540713,0.22502677696261153,0.13033440826930529,-0.1035142612845743,2.173872219828564,0.2046,True
1275,0.25,0.17,0.18,0.22,0.18,0.8367508646002244,0.22460682117997743,0.13222946965419496,-0.09490464924970188,2.3666577238910453,0.2046,True
1276,0.17,0.18,0.22,0.25,0.18,0.8339177908223079,0.22397701426255323,0.12981827728802964,-0.10310866645753536,2.17224237261178,0.2046,True
1277,0.24,0.2,0.15,0.22,0.19,0.8322476912179946,0.2236054385346835,0.1343298328316296,-0.09123746423496759,2.450807246887345,0.2046,True
1278,0.22,0.17,0.18,0.25,0.18,0.83115445868263,0.22336208601929264,0.12981184970234008,-0.09462413535933234,2.360519175906673,0.2046,True
1279,0.25,0.18,0.17,0.22,0.18,0.8301479486574315,0.22313795219008914,0.1315784600508615,-0.09223599761042023,2.419206795296595,0.2046,True
1280,0.18,0.18,0.25,0.22,0.17,0.8299259603331355,0.223088507847377,0.1283223913291117,-0.10578836017337667,2.108819037196124,0.2046,True
1281,0.22,0.2,0.15,0.24,0.19,0.8285174173459102,0.22277468423379854,0.13277022706867925,-0.09105226037943415,2.446668356232443,0.2046,True
1282,0.24,0.22,0.15,0.2,0.19,0.826597307161258,0.2223466236350622,0.13460844554615586,-0.09057096809043763,2.4549436571445598,0.2046,True
1283,0.22,0.18,0.17,0.25,0.18,0.8245695774479138,0.22189424499268795,0.12914648154041572,-0.0919572274863989,2.4130158233131556,0.2046,True
1284,0.25,0.2,0.16,0.21,0.18,0.8207358826563433,0.22103804572589425,0.13108490201758843,-0.08921400241543054,2.477616066327984,0.2046,True
1285,0.18,0.18,0.22,0.25,0.17,0.8186998255260072,0.2205828335720923,0.12555624931010528,-0.09884168363763479,2.2316782298121796,0.2046,True
1286,0.25,0.21,0.16,0.2,0.18,0.8179198861722332,0.22040836836256927,0.13122632760682948,-0.08887643708672277,2.479941541170264,0.2046,True
1287,0.25,0.18,0.18,0.22,0.17,0.8166346629150818,0.22012076691492122,0.12759169317585,-0.09012420079530525,2.442415743745355,0.2046,True
1288,0.2,0.18,0.25,0.21,0.16,0.8164403339665538,0.220077269055851,0.12492361023319468,-0.10162713274020252,2.165536536570917,0.2046,True
1289,0.21,0.2,0.16,0.25,0.18,0.8133270592837414,0.21937998196973396,0.1278668745670985,-0.08884465788777374,2.4692534946428526,0.2046,True
1290,0.22,0.18,0.18,0.25,0.17,0.8110953626554125,0.21887965257695852,0.12508165503435412,-0.08984621956378835,2.4361587347763694,0.2046,True
1291,0.2,0.21,0.16,0.25,0.18,0.808665070082077,0.2183343317042341,0.12725907248576082,-0.08841474206627575,2.4694335650560464,0.2046,True
1292,0.23,0.22,0.15,0.22,0.18,0.8076599962762443,0.21810866554966513,0.12894663822841693,-0.08597966136611301,2.536747203747744,0.2046,True
1293,0.25,0.18,0.2,0.21,0.16,0.8067938584850369,0.21791412715449887,0.12450918463888265,-0.09036389726400129,2.4115175833757494,0.2046,True
1294,0.22,0.22,0.15,0.23,0.18,0.8058150293830664,0.21769420293587127,0.1281480307647422,-0.08588792720680671,2.534631001301179,0.2046,True
1295,0.22,0.23,0.15,0.22,0.18,0.8030123700438412,0.21706405894704406,0.12828974719445194,-0.08554385654177454,2.5374593538583667,0.2046,True
1296,0.2,0.18,0.21,0.25,0.16,0.8013736758824379,0.2166953158142022,0.12122305203474662,-0.09225963168085338,2.3487554834794873,0.2046,True
1297,0.21,0.18,0.2,0.25,0.16,0.7994413238741869,0.21626020556774672,0.1211213314832313,-0.08999192225808683,2.4031068582748625,0.2046,True
1298,0.2,0.25,0.16,0.21,0.18,0.7974528699736794,0.21581213742920902,0.12782037540617738,-0.08705316968691257,2.4790841988336454,0.2046,True
1299,0.22,0.18,0.23,0.22,0.15,0.7951567590569673,0.21529433207608162,0.11985503013342431,-0.09269359888097928,2.322645087418868,0.2046,True
1300,0.25,0.2,0.18,0.21,0.16,0.7936080857710806,0.2149448350252643,0.12311849434765501,-0.08492195773941502,2.5310866676534642,0.2046,True
1301,0.23,0.18,0.22,0.22,0.15,0.7931956173539134,0.21485171723223528,0.11978581372441122,-0.09041822908430208,2.3761991294025098,0.2046,True
1302,0.2,0.19,0.24,0.22,0.15,0.7924667935450262,0.2146871449548038,0.11931839348388867,-0.09453662993546641,2.2709413811488286,0.2046,True
1303,0.22,0.18,0.22,0.23,0.15,0.7913658249513744,0.21443845578863163,0.11892836369428765,-0.09032489972949387,2.3740790903818834,0.2046,True
1304,0.25,0.21,0.18,0.2,0.16,0.7908160750206987,0.21431423893713442,0.12326437301840758,-0.0845744144302879,2.5340316025928513,0.2046,True
1305,0.19,0.2,0.24,0.22,0.15,0.7878319769018143,0.21363953338593666,0.11868717647231768,-0.09411200145203946,2.2700562105759676,0.2046,True
1306,0.21,0.2,0.18,0.25,0.16,0.7863037525567906,0.21329371060611813,0.11968489223189827,-0.08455484921563339,2.522548530151978,0.2046,True
1307,0.2,0.19,0.22,0.24,0.15,0.7849142066172237,0.21297909817867278,0.11742917956897511,-0.08980081572522824,2.371683335598469,0.2046,True
1308,0.24,0.19,0.2,0.22,0.15,0.7846314401854626,0.21291505595092897,0.11902762651803421,-0.0854027347288866,2.4930707034948454,0.2046,True
1309,0.2,0.21,0.18,0.25,0.16,0.7816917156949419,0.2122488526329236,0.11902999898432172,-0.084115534372036,2.523301483102569,0.2046,True
1310,0.22,0.19,0.2,0.24,0.15,0.78099358965214,0.21209053493381136,0.11726473721023306,-0.08521852072465108,2.488784516913823,0.2046,True
1311,0.19,0.2,0.22,0.24,0.15,0.7802975201289477,0.21193264240269327,0.11678835568915294,-0.08936892600468471,2.371435485210864,0.2046,True
1312,0.24,0.2,0.19,0.22,0.15,0.7780493327839917,0.21142239478303382,0.11830613026117716,-0.08265392800881732,2.5579231365807535,0.2046,True
1313,0.22,0.2,0.19,0.24,0.15,0.774423549070238,0.21059858142996757,0.11653065911259872,-0.08247096105230989,2.5536089157053543,0.2046,True
1314,0.24,0.22,0.19,0.2,0.15,0.7724948004572094,0.21015989358104692,0.11860292547950935,-0.0819474460340992,2.564569169045209,0.2046,True
1315,0.19,0.22,0.2,0.24,0.15,0.7672061346101238,0.2089553678650775,0.11523940263490616,-0.08389732075241274,2.49060835305719,0.2046,True
1316,0.23,0.22,0.18,0.22,0.15,0.7668997146696732,0.20888550524687788,0.1168458343395257,-0.07943832395180717,2.6295306201777673,0.2046,True
1317,0.2,0.22,0.19,0.24,0.15,0.765252798975983,0.20850987608011406,0.11514599001055346,-0.0815815393487419,2.5558463071992716,0.2046,True
1318,0.22,0.22,0.18,0.23,0.15,0.7650940444453918,0.20847365494012116,0.11596332576823122,-0.07934747982292922,2.6273506783750182,0.2046,True
1319,0.22,0.23,0.18,0.22,0.15,0.7623275085879528,0.20784209820020094,0.11611269308805745,-0.07898805777795281,2.631310403712875,0.2046,True
1320,0.2,0.24,0.19,0.22,0.15,0.7597187065511506,0.20724594375972272,0.11544194911751131,-0.0808703287061695,2.5626944650209165,0.2046,True
1321,0.21,0.14,0.21,0.21,0.23,0.9328377941299677,0.2455945779722799,0.15539241315439,-0.12341046961121949,1.9900627454540731,0.20479999999999998,True
1322,0.21,0.14,0.23,0.21,0.21,0.9072599564250923,0.24007697217591106,0.1473779061828201,-0.11963075462281325,2.0068164990921913,0.20479999999999998,True
1323,0.23,0.14,0.21,0.21,0.21,0.9037039386679127,0.23930597554702904,0.14709122811364592,-0.11536510829372171,2.074335811636839,0.20479999999999998,True
1324,0.21,0.14,0.21,0.23,0.21,0.899831991755053,0.23846538809223694,0.14572345626499175,-0.11517024232157447,2.0705468989671996,0.20479999999999998,True
1325,0.21,0.21,0.14,0.21,0.23,0.8867919850667259,0.23562601429426677,0.151086616452906,-0.10576318780936911,2.227864147958234,0.20479999999999998,True
1326,0.23,0.21,0.14,0.21,0.21,0.8575596092687736,0.2292129800185696,0.1426959984987439,-0.09731350001291017,2.355407831268641,0.20479999999999998,True
1327,0.21,0.21,0.14,0.23,0.21,0.8537713581086339,0.2283769953537138,0.1412769123395293,-0.0971261149403857,2.351344903416425,0.20479999999999998,True
1328,0.21,0.21,0.23,0.21,0.14,0.7674015407939991,0.20899991553806974,0.11470149623440402,-0.08705925875777654,2.4006627040044823,0.20479999999999998,True
1329,0.23,0.21,0.21,0.21,0.14,0.7634331992168797,0.20809458927282232,0.11459121278436608,-0.08242832684015955,2.5245519016338624,0.20479999999999998,True
1330,0.21,0.21,0.21,0.23,0.14,0.759826624235252,0.20727061641623745,0.1128158800482183,-0.08224470979467668,2.520169588216519,0.20479999999999998,True
1331,0.21,0.23,0.21,0.21,0.14,0.7543007053895536,0.20600595550766432,0.11311575099984457,-0.0815342901412981,2.5266173919053947,0.20479999999999998,True
1332,0.19,0.17,0.19,0.19,0.26,0.9608771127552407,0.2515875170414634,0.16756776366341503,-0.13014609420041723,1.93311615371287,0.2048,True
1333,0.26,0.17,0.19,0.19,0.19,0.859541781117082,0.22964994931547356,0.13862444673955704,-0.10170010108032856,2.25810935167196,0.2048,True
1334,0.19,0.17,0.19,0.26,0.19,0.8463267871348945,0.22673081584934596,0.13336748060716444,-0.10103583896415347,2.244063276693212,0.2048,True
1335,0.26,0.19,0.17,0.19,0.19,0.8463264072747361,0.22673073174002067,0.13733871800760705,-0.09642839223785471,2.351286031823036,0.2048,True
1336,0.19,0.19,0.17,0.26,0.19,0.8331953797443783,0.2238163147695731,0.13202091135621105,-0.09577201154916437,2.336969968044134,0.2048,True
1337,0.19,0.19,0.19,0.26,0.17,0.8065000950595858,0.21784813246379886,0.12376808219750744,-0.09158976112545159,2.3785205877479,0.2048,True
1338,0.19,0.16,0.22,0.18,0.25,0.9588661337487678,0.25115961279870214,0.1648999923318561,-0.1329077525458051,1.8897288381439066,0.205,True
1339,0.18,0.16,0.22,0.19,0.25,0.9568605075170158,0.2507325557177913,0.1643656895499126,-0.13280711686005453,1.8879451767784452,0.205,True
1340,0.22,0.16,0.19,0.18,0.25,0.9539487139872314,0.25011202913471187,0.16435184899985192,-0.12669710754082908,1.9740942314260128,0.205,True
1341,0.22,0.16,0.18,0.19,0.25,0.9502998623857977,0.24933355854464745,0.1636183856469583,-0.12451301242791901,2.0024698919640023,0.205,True
1342,0.21,0.15,0.22,0.18,0.24,0.9498008829587525,0.2492270274543713,0.16111635970747226,-0.12937380436347123,1.9264102859198342,0.205,True
1343,0.22,0.15,0.21,0.18,0.24,0.9481265728145432,0.24886943276992346,0.16094737538305665,-0.1272941966447071,1.9550728888650517,0.205,True
1344,0.18,0.16,0.19,0.22,0.25,0.9459806310403958,0.2484108085128578,0.16206804952780804,-0.12630049427083234,1.966823724222158,0.205,True
1345,0.19,0.16,0.18,0.22,0.25,0.9443374388320056,0.24805940237880675,0.16186857117462528,-0.12421705806231476,1.9969833954235594,0.205,True
1346,0.18,0.15,0.22,0.21,0.24,0.9438299320278647,0.24795082910039423,0.15940468038629876,-0.12907386544012367,1.9209994854877623,0.205,True
1347,0.22,0.19,0.18,0.16,0.25,0.941489340244396,0.2474498507365681,0.1639966923977272,-0.12370764824082958,2.0002793218964254,0.205,True
1348,0.18,0.15,0.21,0.22,0.24,0.9401835642130774,0.24717018848609706,0.1586149705480382,-0.12689627307815876,1.9478128276774405,0.205,True
1349,0.22,0.18,0.16,0.19,0.25,0.9371363061760989,0.2465170589341421,0.1624413276401772,-0.11957410756327014,2.061625747896155,0.205,True
1350,0.22,0.15,0.18,0.21,0.24,0.9371207479461969,0.24651372252683634,0.15867896959349592,-0.1207153672188096,2.04210721639113,0.205,True
1351,0.21,0.15,0.18,0.22,0.24,0.9351487234369225,0.24609068411962198,0.15805791014963294,-0.12061740611908756,2.040258467145717,0.205,True
1352,0.22,0.19,0.16,0.18,0.25,0.9342103563671758,0.2458892848231211,0.1625683962013813,-0.11929744224506866,2.06114464984085,0.205,True
1353,0.21,0.15,0.24,0.18,0.22,0.9245865275590297,0.24381997711400993,0.15314972275222585,-0.12566985924095764,1.9401627294458323,0.205,True
1354,0.24,0.15,0.21,0.18,0.22,0.919364869376144,0.2426943321781585,0.15271073439296173,-0.11933162147016496,2.033780562001635,0.205,True
1355,0.18,0.15,0.24,0.21,0.22,0.9186894579762155,0.24254858310972316,0.15134557560955605,-0.1253707487178244,1.9346505113057462,0.205,True
1356,0.22,0.18,0.15,0.21,0.24,0.9173609779901959,0.24226180655190643,0.15690633505983007,-0.11321651718254622,2.1398097431427985,0.205,True
1357,0.21,0.18,0.15,0.22,0.24,0.9154068055724769,0.24183972203864856,0.1562765795321961,-0.11312004043094293,2.1379034264603707,0.205,True
1358,0.25,0.16,0.19,0.18,0.22,0.9109804942295057,0.24088261386248777,0.15200203464408177,-0.11468328383393556,2.100416083404903,0.205,True
1359,0.22,0.15,0.24,0.18,0.21,0.9100119786579008,0.24067299318727797,0.14901601378050405,-0.1216751699109675,1.9779959490780568,0.205,True
1360,0.24,0.15,0.18,0.21,0.22,0.908229120953324,0.240286934986504,0.15039205529409275,-0.11263250115173307,2.1333712075060913,0.205,True
1361,0.18,0.15,0.21,0.24,0.22,0.9076539114860285,0.24016232840171425,0.1488622012027198,-0.11874268169811819,2.022544252556832,0.205,True
1362,0.25,0.16,0.18,0.19,0.22,0.9072662410241907,0.24007833392008004,0.1512454155787074,-0.1124389942468722,2.1351874901420906,0.205,True
1363,0.24,0.15,0.22,0.18,0.21,0.9064653408757373,0.2399047711194977,0.14874790049071415,-0.11741585871114202,2.0432058646327667,0.205,True
1364,0.21,0.15,0.18,0.24,0.22,0.9024153818718712,0.23902636059225224,0.14834599053319902,-0.11234278240818829,2.127652132771374,0.205,True
1365,0.18,0.15,0.24,0.22,0.21,0.902217558431138,0.23898342201255796,0.14648925447148045,-0.12127901978142142,1.9705256724804725,0.205,True
1366,0.19,0.16,0.18,0.25,0.22,0.8956467518634452,0.2375555001209222,0.14721542183362527,-0.11185941915865316,2.1236968858562637,0.205,True
1367,0.18,0.15,0.22,0.24,0.21,0.8948295028515054,0.2373776706334978,0.14479219069507396,-0.11682792549196441,2.0318572775635304,0.205,True
1368,0.25,0.18,0.16,0.19,0.22,0.8940552895785541,0.23720915834159673,0.15003520502139023,-0.1073310233921475,2.210070777718414,0.205,True
1369,0.24,0.15,0.18,0.22,0.21,0.8915556135978144,0.23666477474015912,0.14558294173028516,-0.10841762584900205,2.182899439891558,0.205,True
1370,0.25,0.19,0.16,0.18,0.22,0.8911708467693473,0.2365809369885501,0.15016762110184906,-0.10703035552976525,2.210409708699479,0.205,True
1371,0.24,0.18,0.15,0.21,0.22,0.8884238549384913,0.23598205777429193,0.14858571141221974,-0.10496290756856275,2.2482423861986316,0.205,True
1372,0.22,0.15,0.18,0.24,0.21,0.8877143284455389,0.23582727758235222,0.14415241585994187,-0.10822594309524214,2.1790272354089537,0.205,True
1373,0.21,0.18,0.15,0.24,0.22,0.8826638719395414,0.23472441966053048,0.146509011219517,-0.1046778987718513,2.2423493632798226,0.205,True
1374,0.24,0.21,0.15,0.18,0.22,0.8797949991761409,0.23409707102076238,0.14898389647838198,-0.10404613910455651,2.2499352021656183,0.205,True
1375,0.24,0.18,0.15,0.22,0.21,0.871748103424582,0.23233400862974007,0.14374903358757327,-0.10066190345605985,2.308062937943119,0.205,True
1376,0.18,0.16,0.25,0.22,0.19,0.8696240947042426,0.23186779886616304,0.13777635224820298,-0.1149135584016715,2.017758409809981,0.205,True
1377,0.22,0.18,0.15,0.24,0.21,0.8679427222632694,0.2314984951731449,0.14229630084282407,-0.10047345009925956,2.304076300201131,0.205,True
1378,0.22,0.16,0.25,0.19,0.18,0.8602917704072968,0.22981520328627125,0.13569992940894723,-0.11107269648874873,2.0690521662949877,0.205,True
1379,0.22,0.15,0.24,0.21,0.18,0.8593982560283873,0.22961831967722657,0.134665821171463,-0.10909084018293114,2.1048359265744634,0.205,True
1380,0.18,0.16,0.22,0.25,0.19,0.8584623532461917,0.22941202823960438,0.135116633909209,-0.10811550122887648,2.1219161510794615,0.205,True
1381,0.21,0.15,0.24,0.22,0.18,0.8575017642242764,0.2292002234250592,0.13393161885373336,-0.10899394923420502,2.102871077114164,0.205,True
1382,0.25,0.16,0.18,0.22,0.19,0.8567471836531788,0.22903379116554112,0.1368815646934326,-0.09961148947781395,2.2992708207274912,0.205,True
1383,0.24,0.15,0.22,0.21,0.18,0.8556527851392066,0.22879232762127688,0.1344551906533061,-0.10470547166697164,2.1851038343915627,0.205,True
1384,0.19,0.16,0.25,0.22,0.18,0.8545919389237309,0.2285581762731277,0.1335774645588539,-0.11078030139773953,2.0631662253068344,0.205,True
1385,0.24,0.15,0.21,0.22,0.18,0.8518810524756466,0.22795941996024993,0.13360250763038495,-0.1024050361732477,2.2260567300087732,0.205,True
1386,0.22,0.16,0.18,0.25,0.19,0.85109398282549,0.22778546961014845,0.1345502303407706,-0.09932855350666936,2.293252660674797,0.205,True
1387,0.21,0.15,0.22,0.24,0.18,0.8499917628251348,0.22754178494128707,0.13215958490796134,-0.1044181483433998,2.1791402026491675,0.205,True
1388,0.22,0.15,0.21,0.24,0.18,0.8481165385463398,0.22712697783189117,0.13204087489312166,-0.10221461717510583,2.22205966337276,0.205,True
1389,0.25,0.18,0.16,0.22,0.19,0.8435350644786854,0.2261123557438771,0.1356144620275661,-0.09432829210110671,2.397078868994218,0.205,True
1390,0.19,0.16,0.22,0.25,0.18,0.843370494243938,0.22607587843837207,0.13087641829025273,-0.10391887055755733,2.175503613784523,0.205,True
1391,0.25,0.16,0.19,0.22,0.18,0.8433631918766036,0.2260742598044554,0.132898577828748,-0.097556624642401,2.3173645114633947,0.205,True
1392,0.22,0.18,0.16,0.25,0.19,0.8379178836558692,0.22486606718458368,0.1332568091469373,-0.09404875945669022,2.390951975162791,0.205,True
1393,0.22,0.16,0.19,0.25,0.18,0.837748742719612,0.22482850038266,0.13049550580948305,-0.09727439417197048,2.3112814250499243,0.205,True
1394,0.25,0.19,0.16,0.22,0.18,0.8235544476338299,0.22166764754565116,0.13094589727139833,-0.08955051193218555,2.4753364638888358,0.205,True
1395,0.22,0.19,0.16,0.25,0.18,0.8179941026010797,0.22042497203854716,0.12849976477247504,-0.08927351317347365,2.4690970950165685,0.205,True
1396,0.25,0.22,0.16,0.19,0.18,0.8151064570868278,0.21977861531221965,0.13137017669778703,-0.08853781096927671,2.4823136342108625,0.205,True
1397,0.19,0.18,0.25,0.22,0.16,0.8145780955834667,0.2196602752207908,0.12418806300598603,-0.10153124700226779,2.1634746120658255,0.205,True
1398,0.24,0.21,0.15,0.22,0.18,0.8123126610591043,0.2191526125361727,0.12962761958868976,-0.08641438532201295,2.536066324137196,0.205,True
1399,0.18,0.19,0.25,0.22,0.16,0.8098974390854361,0.21861091767299046,0.12361212200094085,-0.10111933220808245,2.1619102193350614,0.205,True
1400,0.24,0.22,0.15,0.21,0.18,0.809504830447318,0.21852281643130178,0.12976973742481349,-0.08607145628898438,2.538853481200699,0.205,True
1401,0.22,0.21,0.15,0.24,0.18,0.8086202515794727,0.21832427052393255,0.12800880367421705,-0.08623091768362356,2.531856048719696,0.205,True
1402,0.19,0.22,0.16,0.25,0.18,0.8040081342735175,0.21728801921607155,0.12667691474095755,-0.087983761770138,2.469637747289635,0.205,True
1403,0.21,0.22,0.15,0.24,0.18,0.8039699307505375,0.21727942826973123,0.1273745252958792,-0.08579625375074795,2.532504844570058,0.205,True
1404,0.19,0.18,0.22,0.25,0.16,0.8032947637959729,0.2171275813342477,0.1213764790495334,-0.0945186410069021,2.297193220524534,0.205,True
1405,0.25,0.18,0.19,0.22,0.16,0.8029976615931986,0.21706075020804638,0.12366320473969365,-0.0879926277066031,2.466806093480918,0.205,True
1406,0.22,0.24,0.15,0.21,0.18,0.8002122724671388,0.21643383841176234,0.12843395553827489,-0.08519870057768242,2.5403420116064144,0.205,True
1407,0.22,0.18,0.24,0.21,0.15,0.798946044594032,0.2161486327267077,0.1207980804452501,-0.09505473861530389,2.273938531370677,0.205,True
1408,0.18,0.19,0.22,0.25,0.16,0.7986411620585834,0.21607994086690607,0.12078794087141047,-0.09409609629531668,2.2963751884961114,0.205,True
1409,0.21,0.24,0.15,0.22,0.18,0.7983697816393158,0.2160187907034321,0.12765750823006153,-0.08510696681287655,2.538203378559942,0.205,True
1410,0.22,0.18,0.19,0.25,0.16,0.7974976936199385,0.21582224140285855,0.12107128402267008,-0.08771546238175865,2.460481145998508,0.205,True
1411,0.21,0.18,0.24,0.22,0.15,0.7971066079902538,0.2157340787248463,0.11997634890313875,-0.094960206600469,2.271836661355587,0.205,True
1412,0.25,0.19,0.18,0.22,0.16,0.7964026545942999,0.2155753538292382,0.12297518350259376,-0.08526840381620593,2.5281973648047393,0.205,True
1413,0.24,0.18,0.22,0.21,0.15,0.7950252470903527,0.2152646609080271,0.12066870703521554,-0.09051162034303384,2.3783096589386687,0.205,True
1414,0.24,0.18,0.21,0.22,0.15,0.791223168729805,0.21440622483585714,0.1197686339160864,-0.08813404630440147,2.4327287107110793,0.205,True
1415,0.22,0.19,0.18,0.25,0.16,0.7909207707404216,0.21433789705747475,0.12036604524428941,-0.08499307016663571,2.5218279165259965,0.205,True
1416,0.21,0.18,0.22,0.24,0.15,0.7895358708654743,0.21402487624569444,0.11809706874137804,-0.09023163221707953,2.37194951467566,0.205,True
1417,0.25,0.22,0.18,0.19,0.16,0.7880266212485323,0.21368356541685096,0.12341282173127553,-0.08422576866797482,2.5370331288896852,0.205,True
1418,0.22,0.18,0.21,0.24,0.15,0.7875732456893518,0.21358099881195658,0.11801845939537499,-0.08794860479933153,2.4284751224794863,0.205,True
1419,0.18,0.21,0.22,0.24,0.15,0.7756858106780511,0.21088550679839835,0.1161752569934691,-0.088935959040088,2.3712063047899608,0.205,True
1420,0.24,0.21,0.18,0.22,0.15,0.7714768501109859,0.2099282356263008,0.11760459693982667,-0.07988745750899617,2.627799684357969,0.205,True
1421,0.24,0.22,0.18,0.21,0.15,0.7687052113847384,0.2092970354907302,0.11775410021879874,-0.07952922911183269,2.631699537743792,0.205,True
1422,0.22,0.21,0.18,0.24,0.15,0.7678631275292633,0.20910513261282015,0.11581669241865719,-0.079705757448431,2.6234633394972695,0.205,True
1423,0.21,0.22,0.18,0.24,0.15,0.7632882016946394,0.2080614842354227,0.11510732718762022,-0.07925669666375845,2.6251596772713155,0.205,True
1424,0.22,0.24,0.18,0.21,0.15,0.7595635188622714,0.207210462240361,0.11626479606831477,-0.0786274858214282,2.6353438632256294,0.205,True
1425,0.21,0.24,0.18,0.22,0.15,0.7577602311432341,0.2067980123664659,0.11540586877921176,-0.07853665469770621,2.633140068958218,0.205,True
1426,0.19,0.17,0.2,0.18,0.26,0.9644882143719098,0.25235516798971624,0.16830997108312784,-0.1323068157545093,1.9073482084094024,0.20500000000000002,True
1427,0.2,0.17,0.19,0.18,0.26,0.9628843728057663,0.2520143382685349,0.1681139995355382,-0.13024594289666758,1.9349112353424627,0.20500000000000002,True
1428,0.18,0.17,0.2,0.19,0.26,0.9624764559293768,0.25192762291100324,0.16778652386930898,-0.13220650853242866,1.905561425890076,0.20500000000000002,True
1429,0.2,0.18,0.19,0.17,0.26,0.9599314311592297,0.2513863275510122,0.16823782705645843,-0.12998851455458138,1.9339118414608594,0.20500000000000002,True
1430,0.2,0.17,0.18,0.19,0.26,0.959266688985815,0.25124486791296974,0.16738632923925884,-0.12807820329714836,1.961652033250873,0.20500000000000002,True
1431,0.18,0.17,0.19,0.2,0.26,0.9588698669275657,0.2511604074308742,0.16704327845333056,-0.1300463075186875,1.931315177055548,0.20500000000000002,True
1432,0.19,0.17,0.18,0.2,0.26,0.9572639470770334,0.25081848335917445,0.16683900500455362,-0.12797887895775506,1.9598427912622043,0.20500000000000002,True
1433,0.2,0.15,0.2,0.2,0.25,0.9565499732737415,0.2506664077158074,0.16379557750878102,-0.128934875314476,1.9441319278777331,0.20500000000000002,True
1434,0.2,0.18,0.17,0.19,0.26,0.9527022105659397,0.24984620077965758,0.16679501718137546,-0.12563929469123514,1.988599198950194,0.20500000000000002,True
1435,0.19,0.18,0.17,0.2,0.26,0.9507053914230166,0.24942012478188724,0.16624523702933372,-0.1255404344600014,1.9867712411124028,0.20500000000000002,True
1436,0.23,0.16,0.2,0.17,0.24,0.9435043091733497,0.24788115714283587,0.16094156647672808,-0.12493990331201121,1.9840031132712233,0.20500000000000002,True
1437,0.21,0.14,0.22,0.2,0.23,0.9365193103694629,0.24638473267101912,0.15618819146138468,-0.12560509654684415,1.9615822880175127,0.20500000000000002,True
1438,0.22,0.14,0.21,0.2,0.23,0.9348080031078834,0.24601756372751327,0.15602525548831356,-0.12350929967659707,1.9918950586854427,0.20500000000000002,True
1439,0.2,0.14,0.22,0.21,0.23,0.9345444852650793,0.24596100551099664,0.15557949604510457,-0.1255057901175216,1.9597582333108512,0.20500000000000002,True
1440,0.23,0.16,0.17,0.2,0.24,0.9324912496354771,0.2455201483295688,0.15871846798742023,-0.11832837868786372,2.0749050316764834,0.20500000000000002,True
1441,0.22,0.14,0.2,0.21,0.23,0.9311199322982522,0.24522553416359583,0.15524525731987837,-0.12130746218157373,2.021520603543258,0.20500000000000002,True
1442,0.2,0.14,0.21,0.22,0.23,0.9308675529292518,0.24517129771873325,0.15478196214535117,-0.12331170160188709,1.9882241063404584,0.20500000000000002,True
1443,0.24,0.16,0.2,0.17,0.23,0.9292023565538847,0.24481332770647835,0.15683092743569407,-0.12095557165248028,2.023993805013432,0.20500000000000002,True
1444,0.21,0.14,0.2,0.22,0.23,0.9291543127508917,0.2448029965937777,0.1546106009683794,-0.12120917451512525,2.0196738206746025,0.20500000000000002,True
1445,0.2,0.16,0.17,0.23,0.24,0.9265930377132829,0.24425198356869338,0.15684686268131126,-0.11803595645535381,2.069301515433391,0.20500000000000002,True
1446,0.23,0.17,0.16,0.2,0.24,0.9258987050469816,0.24410252603568905,0.15813047529547064,-0.11582831284006656,2.1074512789695987,0.20500000000000002,True
1447,0.21,0.14,0.23,0.2,0.22,0.9238149774564623,0.2436537805882497,0.1521918756401816,-0.12373629870734526,1.9691374571056721,0.20500000000000002,True
1448,0.2,0.14,0.23,0.21,0.22,0.9218525503099921,0.2432308616316714,0.1515667839447861,-0.12363713872923654,1.9672961064259447,0.20500000000000002,True
1449,0.23,0.14,0.21,0.2,0.22,0.9203263417274095,0.2429017522282535,0.15188916925647597,-0.11951136062181944,2.03245742467019,0.20500000000000002,True
1450,0.2,0.17,0.16,0.23,0.24,0.9200183452163342,0.24283531516132317,0.1562501749298915,-0.11553737484199422,2.1017901392810607,0.20500000000000002,True
1451,0.24,0.16,0.17,0.2,0.23,0.9181238954121391,0.24242651233645085,0.15458463921581728,-0.11428385957551679,2.121266408370288,0.20500000000000002,True
1452,0.23,0.14,0.2,0.21,0.22,0.9166167636009055,0.24210109644628153,0.15110010238474877,-0.11728949077645745,2.0641328975304623,0.20500000000000002,True
1453,0.2,0.14,0.21,0.23,0.22,0.9144668294445304,0.24163659296870876,0.1499336714098121,-0.11921697620858296,2.0268639639537533,0.20500000000000002,True
1454,0.21,0.14,0.2,0.23,0.22,0.9127196950451435,0.24125886006580677,0.1497695111132323,-0.11709427853247178,2.060381284973736,0.20500000000000002,True
1455,0.24,0.17,0.16,0.2,0.23,0.9115234735050048,0.24100010259986115,0.15399124250417623,-0.11175558268010377,2.1564927390671396,0.20500000000000002,True
1456,0.2,0.16,0.17,0.24,0.23,0.9103275939352573,0.24074131116506514,0.15196978106523437,-0.11389674611740253,2.1136803233774013,0.20500000000000002,True
1457,0.22,0.14,0.23,0.2,0.21,0.9092052182783934,0.24049832788762093,0.1480456264760803,-0.1197292722205262,2.0086844547476526,0.20500000000000002,True
1458,0.23,0.14,0.22,0.2,0.21,0.9074281265630784,0.24011341017642862,0.14790651055451212,-0.11759990278051635,2.041782386713078,0.20500000000000002,True
1459,0.2,0.14,0.23,0.22,0.21,0.905314635157586,0.23965531695061326,0.14673343196044922,-0.11953229943889243,2.004941911730983,0.20500000000000002,True
1460,0.2,0.17,0.16,0.24,0.23,0.9037510192185894,0.23931618956832734,0.15136383529731307,-0.1113705044605191,2.1488291781345485,0.20500000000000002,True
1461,0.24,0.2,0.16,0.17,0.23,0.9028280504067614,0.23911592280625915,0.15438266391349809,-0.11087811967225025,2.1565654568554455,0.20500000000000002,True
1462,0.2,0.14,0.22,0.23,0.21,0.9016062209931972,0.23885070930543795,0.14589675025229848,-0.1173060174906877,2.036133477333326,0.20500000000000002,True
1463,0.23,0.14,0.2,0.22,0.21,0.8999778594613186,0.23849707620577765,0.14629052499307887,-0.11312343723753804,2.108290572049879,0.20500000000000002,True
1464,0.22,0.14,0.2,0.23,0.21,0.8980465535928872,0.2380773902823352,0.1455927638678508,-0.11302653718166811,2.1063848917150514,0.20500000000000002,True
1465,0.2,0.15,0.25,0.2,0.2,0.893157790420557,0.23701375462876517,0.143759782968939,-0.1195705658431544,1.9822081877547173,0.20500000000000002,True
1466,0.22,0.14,0.23,0.21,0.2,0.8924653886469471,0.23686296255371286,0.1432471807559868,-0.11557335738832664,2.049459909327138,0.20500000000000002,True
1467,0.22,0.2,0.14,0.21,0.23,0.8916026716289509,0.23667502754515524,0.15161045248681115,-0.10616066291866333,2.2294041977345938,0.20500000000000002,True
1468,0.23,0.14,0.22,0.21,0.2,0.8906548651612027,0.23646849068566356,0.14311678488557408,-0.11342334569571855,2.084830854135082,0.20500000000000002,True
1469,0.21,0.14,0.23,0.22,0.2,0.890537375812581,0.2364428837293413,0.1425582084775325,-0.11547556901127287,2.047557641445867,0.20500000000000002,True
1470,0.21,0.2,0.14,0.22,0.23,0.8896728056759833,0.23625441690412896,0.15095707285133725,-0.10606541735675368,2.227440600261642,0.20500000000000002,True
1471,0.22,0.21,0.14,0.2,0.23,0.8887204920866556,0.23604675641478834,0.1517414172068943,-0.1058584815732535,2.2298331971769807,0.20500000000000002,True
1472,0.23,0.14,0.21,0.22,0.2,0.8869145505512004,0.23565276291989257,0.14228879549189144,-0.11116853517720893,2.119779329144247,0.20500000000000002,True
1473,0.21,0.14,0.22,0.23,0.2,0.8868082141156093,0.23562955617973813,0.14171014836734896,-0.11322884021875124,2.0810029999823025,0.20500000000000002,True
1474,0.22,0.14,0.21,0.23,0.2,0.8849959178668467,0.2352339086053592,0.14157106264003078,-0.11107182231748969,2.1178540488240336,0.20500000000000002,True
1475,0.25,0.15,0.2,0.2,0.2,0.8841195623537326,0.2350424979513206,0.14311245669555167,-0.10880127251738325,2.160291810132714,0.20500000000000002,True
1476,0.17,0.16,0.24,0.23,0.2,0.8807625641085517,0.23430872386802482,0.1411532393251124,-0.11675594346599572,2.0068248083341937,0.20500000000000002,True
1477,0.17,0.16,0.23,0.24,0.2,0.8770622524063432,0.2334988957066748,0.14028008553775914,-0.1145107086819741,2.0391009574061907,0.20500000000000002,True
1478,0.23,0.2,0.14,0.21,0.22,0.8770556434016317,0.23349744834745967,0.1474293074894687,-0.10197068890535566,2.289848689403098,0.20500000000000002,True
1479,0.26,0.17,0.19,0.18,0.2,0.8765307704720595,0.23338249134196842,0.1433747626317308,-0.10601676567764795,2.201373432307732,0.20500000000000002,True
1480,0.2,0.15,0.2,0.25,0.2,0.8745563933447926,0.23294987366253084,0.1395055217810309,-0.10832032813719195,2.15056469702982,0.20500000000000002,True
1481,0.23,0.21,0.14,0.2,0.22,0.8741875080430879,0.23286901130017545,0.14756236175342272,-0.10166013068557744,2.2906621281100974,0.20500000000000002,True
1482,0.21,0.2,0.14,0.23,0.22,0.8732302152398996,0.2326591161867746,0.14605807618427333,-0.1017817341737165,2.2858631568379693,0.20500000000000002,True
1483,0.26,0.17,0.18,0.19,0.2,0.8727836831439606,0.23256118552163985,0.1425992469155681,-0.10372725593868515,2.242045096219556,0.20500000000000002,True
1484,0.24,0.16,0.17,0.23,0.2,0.8681044791266594,0.23153403376213255,0.14013075442823775,-0.10155298190090456,2.2799333848026597,0.20500000000000002,True
1485,0.23,0.16,0.17,0.24,0.2,0.8662072484118046,0.2311170758967751,0.1393762724161995,-0.10145844297019846,2.2779481838161213,0.20500000000000002,True
1486,0.26,0.18,0.17,0.19,0.2,0.8661734460170047,0.23110964452059712,0.14197294806821567,-0.10111796802717632,2.2855447852599693,0.20500000000000002,True
1487,0.26,0.19,0.17,0.18,0.2,0.8633147258043878,0.230480836651199,0.1421088450268224,-0.10080438591632657,2.286416752169011,0.20500000000000002,True
1488,0.24,0.17,0.16,0.23,0.2,0.861501813061136,0.23008173260683362,0.13950976397640877,-0.09893856741949847,2.325500950820215,0.20500000000000002,True
1489,0.23,0.2,0.14,0.22,0.21,0.8604121690324511,0.2298417279948357,0.1425620716105761,-0.09763266869581044,2.354147756740552,0.20500000000000002,True
1490,0.23,0.17,0.16,0.24,0.2,0.8596105774452114,0.2296651098714697,0.13875124915473747,-0.09884458202531687,2.3234972030398797,0.20500000000000002,True
1491,0.19,0.17,0.18,0.26,0.2,0.8594791642887345,0.22963615020259298,0.13749602244615858,-0.10306144545013984,2.228147967453928,0.20500000000000002,True
1492,0.22,0.2,0.14,0.23,0.21,0.8585167499636581,0.22942402024501685,0.14184220715284437,-0.09753898660235105,2.352126346978951,0.20500000000000002,True
1493,0.26,0.17,0.18,0.2,0.19,0.8557791035011673,0.22882020282651605,0.1378377147131318,-0.09938968760249134,2.3022529635235554,0.20500000000000002,True
1494,0.23,0.22,0.14,0.2,0.21,0.8547096337358095,0.22858415842764934,0.14283216948536637,-0.09699334442450736,2.3566994187478794,0.20500000000000002,True
1495,0.19,0.18,0.17,0.26,0.2,0.8529108527411928,0.2281869418067417,0.13684176578401305,-0.100456003054467,2.271511257351333,0.20500000000000002,True
1496,0.25,0.2,0.15,0.2,0.2,0.8510983821511628,0.22778644204263632,0.13996143012124648,-0.09575682977760192,2.3788009959360297,0.20500000000000002,True
1497,0.26,0.18,0.17,0.2,0.19,0.849169225184067,0.2273598708569844,0.13720169505461252,-0.09675069661685709,2.3499559053032284,0.20500000000000002,True
1498,0.18,0.17,0.2,0.26,0.19,0.8481620273844184,0.22713704346511143,0.13354106238517205,-0.1032395941286367,2.2000962458463205,0.20500000000000002,True
1499,0.2,0.17,0.18,0.26,0.19,0.844480332494165,0.22632183415861595,0.13324086096434595,-0.09882374248102022,2.2901564793711655,0.20500000000000002,True
1500,0.26,0.17,0.19,0.2,0.18,0.8423939345108196,0.225859377433554,0.13388098976709967,-0.09732993754852459,2.3205540157770064,0.20500000000000002,True
1501,0.23,0.21,0.14,0.22,0.2,0.8407688314520907,0.22549892622470646,0.13782201569394947,-0.09291295989340675,2.4269910944975526,0.20500000000000002,True
1502,0.22,0.21,0.14,0.23,0.2,0.8388921243471605,0.22508240463416151,0.13707630401596527,-0.09282009435284722,2.4249318663535404,0.20500000000000002,True
1503,0.23,0.22,0.14,0.21,0.2,0.8379345969279159,0.22486977913645045,0.13795933647289907,-0.09258397009957253,2.4288197934762,0.20500000000000002,True
1504,0.2,0.18,0.17,0.26,0.19,0.8379064569906036,0.22486352935429887,0.13257864330040686,-0.09618814192982494,2.33774688691201,0.20500000000000002,True
1505,0.19,0.18,0.26,0.2,0.17,0.8355492358288168,0.22433977205935252,0.12995493939302524,-0.10818663121534522,2.073636728856126,0.20500000000000002,True
1506,0.21,0.22,0.14,0.23,0.2,0.8341837299346002,0.2240361614761297,0.13648907905846183,-0.09239822640367223,2.4246803233792993,0.20500000000000002,True
1507,0.22,0.23,0.14,0.21,0.2,0.8332288794841247,0.22382376768069778,0.13735039827035134,-0.09216101637540142,2.4286165288042363,0.20500000000000002,True
1508,0.19,0.17,0.2,0.26,0.18,0.8330451630624802,0.22378289394322937,0.12927759688259738,-0.09899159373537958,2.2606252258291444,0.20500000000000002,True
1509,0.2,0.17,0.19,0.26,0.18,0.8311725732850852,0.22336611910158632,0.12914209843562266,-0.09676541391533111,2.308325982019048,0.20500000000000002,True
1510,0.26,0.19,0.17,0.2,0.18,0.8291804046408688,0.22292241798517232,0.13257473190140318,-0.091997822642642,2.4231271086827366,0.20500000000000002,True
1511,0.26,0.2,0.17,0.19,0.18,0.8263562338951411,0.2222928586665689,0.13271549172689232,-0.09166556599453568,2.425042121921989,0.20500000000000002,True
1512,0.17,0.19,0.2,0.26,0.18,0.8236360450896956,0.22168586485143393,0.12820806843683122,-0.098165521749071,2.2582864217653067,0.20500000000000002,True
1513,0.2,0.19,0.17,0.26,0.18,0.8180311478648212,0.22043325962413962,0.12777868519198027,-0.0914402481731692,2.4106808984888572,0.20500000000000002,True
1514,0.19,0.2,0.17,0.26,0.18,0.8133574971885538,0.21938680307754055,0.12719783946492594,-0.09101502508747639,2.4104459990719493,0.20500000000000002,True
1515,0.19,0.18,0.2,0.26,0.17,0.8130636928586066,0.21932095859636314,0.12449189909772462,-0.09426749475754337,2.3265809615547557,0.20500000000000002,True
1516,0.2,0.18,0.19,0.26,0.17,0.8111617971630865,0.21889455262227409,0.12436829893174307,-0.09201491236044368,2.378903016989393,0.20500000000000002,True
1517,0.18,0.19,0.2,0.26,0.17,0.808394166363636,0.2182735147516719,0.12392091196921187,-0.09384593199570679,2.3258708194368762,0.20500000000000002,True
1518,0.2,0.19,0.18,0.26,0.17,0.8045947866028451,0.21741992633963614,0.12366603675415916,-0.08932491700271161,2.4340344624449637,0.20500000000000002,True
1519,0.18,0.2,0.19,0.26,0.17,0.8018434345137075,0.2168010449569846,0.12319443179357736,-0.09116355930276876,2.3781546773196256,0.20500000000000002,True
1520,0.19,0.2,0.18,0.26,0.17,0.7999459566016085,0.21637386442705098,0.12306310375481792,-0.08889509125167017,2.434036136084013,0.20500000000000002,True
1521,0.2,0.2,0.2,0.25,0.15,0.7745747577468935,0.2106329599291974,0.11574599206098336,-0.0846872384949614,2.487186542772077,0.20500000000000002,True
1522,0.22,0.2,0.23,0.21,0.14,0.7719912122606378,0.2100453016237953,0.11541736414363069,-0.08749705485707104,2.400598534052493,0.20500000000000002,True
1523,0.21,0.2,0.23,0.22,0.14,0.7701770399590884,0.20963230494885843,0.11455532263045379,-0.08740399552997646,2.3984293129592915,0.20500000000000002,True
1524,0.23,0.2,0.22,0.21,0.14,0.7700046703633707,0.20959305029923647,0.11536562757896489,-0.08518986752688551,2.4603049210411077,0.20500000000000002,True
1525,0.23,0.21,0.22,0.2,0.14,0.7672309756001314,0.20896103116540288,0.11551452848072359,-0.08484081572882785,2.4629776289904357,0.20500000000000002,True
1526,0.21,0.2,0.22,0.23,0.14,0.7663860207088573,0.20876836679028088,0.11360410541012762,-0.08500499155337071,2.4559542089855375,0.20500000000000002,True
1527,0.23,0.2,0.21,0.22,0.14,0.7662025277545568,0.20872651909245343,0.11444252231192449,-0.08278178550507753,2.521406343423831,0.20500000000000002,True
1528,0.22,0.2,0.21,0.23,0.14,0.7643980559284855,0.20831483384758176,0.11354294736070714,-0.08268997391237498,2.5192272290269324,0.20500000000000002,True
1529,0.2,0.21,0.22,0.23,0.14,0.7618065673575403,0.20772310154722207,0.11290849766114003,-0.08456350417301328,2.456415490094043,0.20500000000000002,True
1530,0.23,0.22,0.21,0.2,0.14,0.7606664184381269,0.20746257971849724,0.11474265983775175,-0.08207373887350222,2.5277583617611605,0.20500000000000002,True
1531,0.23,0.21,0.2,0.22,0.14,0.7596338255700341,0.20722653715549422,0.1136854966390466,-0.08000800016276566,2.5900727019038015,0.20500000000000002,True
1532,0.22,0.21,0.2,0.23,0.14,0.7578353925237475,0.20681520898984074,0.1127790152325505,-0.07991682540206635,2.5878806865680786,0.20500000000000002,True
1533,0.23,0.22,0.2,0.21,0.14,0.7568714114395678,0.20659461678243995,0.11383675971176313,-0.07964896250762432,2.5938142855616464,0.20500000000000002,True
1534,0.2,0.22,0.21,0.23,0.14,0.7552601093435585,0.20622571489048402,0.11211611627651953,-0.0817983236765839,2.521148424824254,0.20500000000000002,True
1535,0.21,0.22,0.2,0.23,0.14,0.7532769054432884,0.2057713572944364,0.11204774107767172,-0.07946662450986786,2.5894060376112304,0.20500000000000002,True
1536,0.22,0.23,0.2,0.21,0.14,0.7523156516406027,0.2055510080391012,0.11308146756681793,-0.07919754968911952,2.595421308436524,0.20500000000000002,True
1537,0.21,0.23,0.2,0.22,0.14,0.7505195784870617,0.20513907616456173,0.11219890969346559,-0.07910638687524996,2.593204977090714,0.20500000000000002,True
1538,0.2,0.15,0.21,0.19,0.25,0.9601897953840544,0.25144129979829954,0.1645584746396445,-0.13110119752806226,1.917917643311217,0.2052,True
1539,0.21,0.15,0.2,0.19,0.25,0.9585479336323031,0.2510918780562672,0.16437491017252825,-0.12903452210905741,1.9459279110132197,0.2052,True
1540,0.19,0.15,0.21,0.2,0.25,0.9581872951897752,0.2510151006652317,0.16400226932043424,-0.13100108923711495,1.9161298743927895,0.2052,True
1541,0.21,0.15,0.19,0.2,0.25,0.9549015314021254,0.25031515000241567,0.16362690063274493,-0.1268611506057039,1.9731426745483187,0.2052,True
1542,0.19,0.15,0.2,0.21,0.25,0.9545520120684428,0.25024064741282714,0.16323808534061124,-0.12883529051749898,1.9423299812316437,0.2052,True
1543,0.2,0.15,0.19,0.21,0.25,0.9529081155594314,0.24989011971867026,0.16304622849745976,-0.12676203114787787,1.9713325627226168,0.2052,True
1544,0.21,0.19,0.15,0.2,0.25,0.9285981839231874,0.24468339678728945,0.16126229885925628,-0.11698499069836732,2.091579401140255,0.2052,True
1545,0.2,0.19,0.15,0.21,0.25,0.9266285150066003,0.24425961921561878,0.16067096128251854,-0.1168877882942635,2.0896932244170654,0.2052,True
1546,0.2,0.15,0.25,0.19,0.21,0.909815301882632,0.24063041679132668,0.14857097898278393,-0.12369342247695159,1.9453776277890973,0.2052,True
1547,0.19,0.15,0.25,0.2,0.21,0.9078620559204065,0.24020742124542216,0.1479530507484155,-0.12359386675934192,1.943522179083097,0.2052,True
1548,0.25,0.15,0.2,0.19,0.21,0.9009440642897684,0.23870693235896434,0.1478798788230462,-0.11302768991092349,2.1119332134195434,0.2052,True
1549,0.25,0.15,0.19,0.2,0.21,0.8972110463566123,0.23789574063410734,0.14709843383160254,-0.11077411000681214,2.14757528288404,0.2052,True
1550,0.21,0.15,0.25,0.19,0.2,0.8950938049670569,0.23743518710726907,0.14442132717701137,-0.11966947364156744,1.9840915137508843,0.2052,True
1551,0.19,0.15,0.25,0.21,0.2,0.891221707048786,0.2365920197070297,0.14312225570024917,-0.11947172096593672,1.9803181689705953,0.2052,True
1552,0.19,0.15,0.2,0.25,0.21,0.8893641522093947,0.23618711990137453,0.14375743338339694,-0.11244614841191225,2.1004465091696596,0.2052,True
1553,0.25,0.15,0.21,0.19,0.2,0.8878667966476419,0.23586054114491417,0.14392037349642728,-0.11106812243145259,2.1235664741742544,0.2052,True
1554,0.2,0.15,0.19,0.25,0.21,0.8875844631417145,0.23579894381840272,0.14359293210713617,-0.11029218693570164,2.1379478489792687,0.2052,True
1555,0.25,0.15,0.19,0.21,0.2,0.8803704770262599,0.23422296437265366,0.14231964885075424,-0.10652737886539598,2.1987114192362607,0.2052,True
1556,0.21,0.15,0.25,0.2,0.19,0.8782544806546877,0.2337599358089315,0.13962938677695086,-0.11549582224170796,2.0239687572397393,0.2052,True
1557,0.19,0.15,0.21,0.25,0.2,0.8763628301116955,0.23334570472945493,0.13967951776213136,-0.1104877130588029,2.1119606720908917,0.2052,True
1558,0.2,0.15,0.25,0.21,0.19,0.8763357718386089,0.2333397775259527,0.13894630401828428,-0.11539765002023683,2.022049647328458,0.2052,True
1559,0.21,0.15,0.19,0.25,0.2,0.8727387410537941,0.23255132823735059,0.13937620372442033,-0.10614482467100883,2.1908871106823447,0.2052,True
1560,0.25,0.15,0.21,0.2,0.19,0.8708949169305871,0.23214678068028083,0.1391666195360088,-0.10681044170241127,2.1734464999880254,0.2052,True
1561,0.25,0.19,0.15,0.2,0.21,0.8707860258564546,0.2321228809262823,0.14464215342193706,-0.10044312911330944,2.3109881479740197,0.2052,True
1562,0.25,0.2,0.15,0.19,0.21,0.8679239741805123,0.2314943760164232,0.1447770805870541,-0.10012907248923664,2.311959656285717,0.2052,True
1563,0.25,0.15,0.2,0.21,0.19,0.8671319896076275,0.2313203432493529,0.13834629451240735,-0.10452305514577998,2.2131035389917253,0.2052,True
1564,0.2,0.15,0.21,0.25,0.19,0.8613955976885268,0.2300583417670532,0.13545352022078236,-0.10633051390364479,2.1636154413353896,0.2052,True
1565,0.21,0.15,0.2,0.25,0.19,0.8595514344504815,0.22965207663036447,0.13531554970047563,-0.1041413432051217,2.2051960303414844,0.2052,True
1566,0.25,0.19,0.15,0.21,0.2,0.8539446780402027,0.2284152681461531,0.13982548694479432,-0.09607959001927646,2.3773547337194727,0.2052,True
1567,0.25,0.21,0.15,0.19,0.2,0.8482546672754796,0.22715754203072813,0.14009964987073562,-0.095433067813111,2.380281250892788,0.2052,True
1568,0.21,0.19,0.15,0.25,0.2,0.8464088178070759,0.22674897895932955,0.13681781398794213,-0.09570586026653938,2.3692277393237684,0.2052,True
1569,0.25,0.2,0.15,0.21,0.19,0.8341126521795115,0.22402035371388718,0.13514509460148152,-0.09133015734088779,2.452862890378434,0.2052,True
1570,0.25,0.21,0.15,0.2,0.19,0.8312848585046606,0.2233911179820034,0.13528462066815672,-0.09099746482197035,2.4549158420957244,0.2052,True
1571,0.21,0.2,0.15,0.25,0.19,0.8266521064008434,0.22235884448533505,0.1320270114962982,-0.09095974951027685,2.444585057484271,0.2052,True
1572,0.25,0.19,0.2,0.21,0.15,0.7864501119695513,0.21332683890245652,0.11994681233307235,-0.08549493384148854,2.495198596187864,0.2052,True
1573,0.2,0.19,0.21,0.25,0.15,0.7811354552075744,0.2121227098781715,0.11650965119937129,-0.08742150835425999,2.426436169673283,0.2052,True
1574,0.25,0.2,0.19,0.21,0.15,0.7798619670921163,0.21183382304264242,0.11923171394110509,-0.08274550326711128,2.5600644709214024,0.2052,True
1575,0.21,0.19,0.2,0.25,0.15,0.7791744128683811,0.21167779620419802,0.11642249304324585,-0.08512650571036362,2.4866261622956243,0.2052,True
1576,0.25,0.21,0.19,0.2,0.15,0.7770821448847491,0.21120274990102805,0.1193801704246526,-0.08239285168866262,2.563362543866046,0.2052,True
1577,0.19,0.2,0.21,0.25,0.15,0.7765278414358903,0.2110768336567641,0.1158640880711548,-0.08698595629106765,2.426562202184343,0.2052,True
1578,0.21,0.2,0.19,0.25,0.15,0.7726104016300981,0.2101861956707396,0.11568225108929012,-0.08237956923149092,2.551435964421049,0.2052,True
1579,0.19,0.21,0.2,0.25,0.15,0.7699800585959904,0.20958744512191818,0.11509688039903102,-0.08424687173618572,2.487777181546032,0.2052,True
1580,0.2,0.21,0.19,0.25,0.15,0.7680236672825584,0.2091417227924477,0.11500214698512629,-0.08193545014875103,2.552518139739978,0.2052,True
1581,0.21,0.17,0.18,0.18,0.26,0.9612694411783558,0.2516709641558561,0.16795514238392772,-0.12817758947575741,1.9634552747105245,0.2054,True
1582,0.21,0.18,0.18,0.17,0.26,0.9583191991133864,0.2510431831774118,0.16807982273863228,-0.12791663017682875,1.9625531319139349,0.2054,True
1583,0.18,0.17,0.18,0.21,0.26,0.9552612164347394,0.2503918102127809,0.16631351542392078,-0.12787961639987888,1.9580275360680395,0.2054,True
1584,0.21,0.18,0.17,0.18,0.26,0.9546990372818278,0.2502719879893367,0.1673663484154172,-0.12573821665684148,1.9904210083746186,0.2054,True
1585,0.21,0.14,0.21,0.2,0.24,0.9490816453717252,0.24907343970759288,0.16021065223677855,-0.1274574010953169,1.954170080098585,0.2054,True
1586,0.2,0.14,0.21,0.21,0.24,0.9470945094216108,0.2486489053344192,0.15961767235101498,-0.1273579546543736,1.9523625831555416,0.2054,True
1587,0.21,0.14,0.2,0.21,0.24,0.9454154507262207,0.24828996377108914,0.1594395760299368,-0.1252752705891469,1.9819551185435595,0.2054,True
1588,0.22,0.14,0.22,0.19,0.23,0.938494106207372,0.24680816555036755,0.15681918208715942,-0.12570446527597023,1.9634001465940574,0.2054,True
1589,0.24,0.17,0.18,0.17,0.24,0.9352076126891,0.24610332119585454,0.1602380016487229,-0.12036183497163522,2.044695656674326,0.2054,True
1590,0.19,0.14,0.22,0.22,0.23,0.9325696318769883,0.24553698377837052,0.15499349553513542,-0.12540654592943123,1.9579279690594387,0.2054,True
1591,0.24,0.17,0.17,0.18,0.24,0.9315341833740733,0.24531454667031838,0.15951222312531932,-0.11814700842138715,2.076350048537591,0.2054,True
1592,0.24,0.18,0.17,0.17,0.24,0.9286137203887781,0.24468673833660204,0.15964075465891361,-0.11786720292101127,2.07595270162285,0.2054,True
1593,0.22,0.14,0.19,0.22,0.23,0.9274298971905903,0.24443207277584422,0.1544793882320517,-0.11909892232717767,2.0523449582890665,0.2054,True
1594,0.22,0.14,0.23,0.19,0.22,0.9257773617407685,0.24407640277722242,0.15283967825734085,-0.12383552117042462,1.9709724679183138,0.2054,True
1595,0.23,0.14,0.22,0.19,0.22,0.9240339890578686,0.24370096151883813,0.15269246269049178,-0.1217264554418882,2.0020377709525943,0.2054,True
1596,0.19,0.14,0.23,0.22,0.22,0.9198900812841118,0.24280764561109858,0.15096482436093728,-0.12353804117709066,1.9654484019463772,0.2054,True
1597,0.19,0.14,0.22,0.23,0.22,0.9162027834995676,0.2420116810975972,0.15013930930960814,-0.12133187104681098,1.9946258061431097,0.2054,True
1598,0.23,0.14,0.19,0.22,0.22,0.9129052580904744,0.2412989899723157,0.1503254761198981,-0.11506081477534424,2.097143066850786,0.2054,True
1599,0.23,0.16,0.16,0.22,0.23,0.9124827547574668,0.2412076155316598,0.15317612225376687,-0.1119499963155306,2.1546013708818457,0.2054,True
1600,0.21,0.14,0.24,0.2,0.21,0.9109711009743073,0.2408805811734307,0.14822653866438615,-0.12185078630232782,1.976848804042793,0.2054,True
1601,0.22,0.14,0.19,0.23,0.22,0.9109613661501397,0.24087847456223255,0.14964680651781037,-0.1149637347561856,2.095256169896413,0.2054,True
1602,0.22,0.16,0.16,0.23,0.23,0.9105382988706388,0.2407869160961691,0.15250930109876482,-0.11185374909545975,2.1526941925806478,0.2054,True
1603,0.2,0.14,0.24,0.21,0.21,0.9090211588979329,0.24045847175501245,0.14758434319599992,-0.12175177937137638,1.9749893841103385,0.2054,True
1604,0.21,0.2,0.14,0.21,0.24,0.9059454358229402,0.23979207664765867,0.15584120989116587,-0.11029736919130184,2.1740507358045753,0.2054,True
1605,0.24,0.14,0.21,0.2,0.21,0.905639811677106,0.23972582007849286,0.14780915663217908,-0.11546263427216719,2.0762199094939575,0.2054,True
1606,0.21,0.21,0.14,0.2,0.24,0.9030494076223294,0.23916395903506338,0.15597026563092375,-0.11000337737896593,2.1741510554819987,0.2054,True
1607,0.24,0.14,0.2,0.21,0.21,0.9019090950809918,0.23891646253908072,0.1470109249698495,-0.11322039904411862,2.110189193433085,0.2054,True
1608,0.2,0.21,0.14,0.21,0.24,0.9011038864394094,0.23874163828975026,0.15535724795303954,-0.10990736882608887,2.172207749486946,0.2054,True
1609,0.2,0.14,0.21,0.24,0.21,0.897895919816891,0.2380446445689468,0.14507453377532545,-0.11507290220968125,2.0686420521070317,0.2054,True
1610,0.21,0.14,0.2,0.24,0.21,0.8961151784584556,0.2376574044690869,0.14491810702701716,-0.1129296988175359,2.10447213582919,0.2054,True
1611,0.23,0.16,0.16,0.23,0.22,0.8959775343603691,0.23762746228301723,0.1483346524842021,-0.10773846601239256,2.205595374410512,0.2054,True
1612,0.22,0.19,0.14,0.22,0.23,0.8944874506669638,0.23730322652851532,0.151481605699034,-0.10646192578317337,2.228996186033879,0.2054,True
1613,0.21,0.14,0.24,0.21,0.2,0.8942646839996047,0.23725473885843273,0.14342079742194028,-0.11771538969478645,2.015494655996884,0.2054,True
1614,0.26,0.17,0.18,0.18,0.21,0.8896262385358757,0.23624426414580801,0.14736284948732778,-0.10801196550926484,2.1872045660121233,0.2054,True
1615,0.24,0.14,0.21,0.21,0.2,0.8888330993910738,0.23607131508279133,0.1430295748662543,-0.1112653099471752,2.1216973663657575,0.2054,True
1616,0.26,0.18,0.18,0.17,0.21,0.8867449603053668,0.23561575132804324,0.14749610433377522,-0.10771180106057066,2.1874645954118535,0.2054,True
1617,0.21,0.14,0.21,0.24,0.2,0.8830772023208078,0.2348147518349779,0.14087686936952354,-0.1109751713086291,2.1159215080816858,0.2054,True
1618,0.26,0.18,0.17,0.18,0.21,0.8830162291726282,0.23480142715886565,0.14674591566169046,-0.10543185438427394,2.227044459476834,0.2054,True
1619,0.23,0.19,0.14,0.22,0.22,0.879926371395297,0.23412581268557253,0.14729842519979283,-0.10228029711449937,2.289060740833364,0.2054,True
1620,0.22,0.19,0.14,0.23,0.22,0.8780123439452434,0.23370692856770736,0.14660273867772752,-0.10218583413657523,2.287077563562766,0.2054,True
1621,0.22,0.14,0.23,0.22,0.19,0.8755614536959035,0.2331701364403147,0.13844738449091273,-0.11136687011350732,2.0937118570600313,0.2054,True
1622,0.23,0.14,0.22,0.22,0.19,0.873717785701682,0.232766029358773,0.1383264155518217,-0.10919586973731421,2.1316376701675983,0.2054,True
1623,0.22,0.14,0.22,0.23,0.19,0.8718119133136071,0.23234800913651865,0.13758780014965613,-0.10909935148191285,2.1296919365743316,0.2054,True
1624,0.24,0.2,0.14,0.21,0.21,0.862307501587817,0.2302591330506134,0.14330498636090763,-0.09772641160312578,2.35616072741638,0.2054,True
1625,0.24,0.21,0.14,0.2,0.21,0.8594536059384226,0.22963051772094878,0.14344032380488503,-0.09740728392099951,2.357426554539665,0.2054,True
1626,0.21,0.2,0.14,0.24,0.21,0.8566212453641815,0.2290060094967601,0.14114588584642876,-0.09744536526358427,2.3500964758797056,0.2054,True
1627,0.17,0.17,0.24,0.24,0.18,0.8442121761207213,0.2262624159880653,0.13149193267968537,-0.10800575973571369,2.0949106468184797,0.2054,True
1628,0.24,0.21,0.14,0.21,0.2,0.8426454357371052,0.22591514197985108,0.13859127481635167,-0.09300588618538252,2.429041335400528,0.2054,True
1629,0.26,0.17,0.18,0.21,0.18,0.8386160804569693,0.2250211147791299,0.13308244975948136,-0.09499827628323654,2.3686862918252474,0.2054,True
1630,0.21,0.21,0.14,0.24,0.2,0.8370153154050728,0.2246655768983774,0.1363546692908473,-0.09272728950414344,2.4228636262288075,0.2054,True
1631,0.18,0.17,0.21,0.26,0.18,0.8349065240202775,0.22419688839790775,0.12946155173851875,-0.10120934058392539,2.2151798154637508,0.2054,True
1632,0.18,0.18,0.26,0.21,0.17,0.8336645616586067,0.22392068853862557,0.1292750488202019,-0.10808938704264925,2.071625112003571,0.2054,True
1633,0.26,0.18,0.17,0.21,0.18,0.832007147523252,0.22355190204745656,0.13243636045333732,-0.09232904301019107,2.4212522382884596,0.2054,True
1634,0.24,0.17,0.17,0.24,0.18,0.8311153151916346,0.22335337091961005,0.13061067361265996,-0.09247327533555483,2.415328862410624,0.2054,True
1635,0.17,0.18,0.21,0.26,0.18,0.8301916743292985,0.22314769091156328,0.1289422121793524,-0.10080029694032322,2.213760253540457,0.2054,True
1636,0.21,0.17,0.18,0.26,0.18,0.8292887405368086,0.22294655512693295,0.12905504337952758,-0.09453075293265745,2.3584552985181166,0.2054,True
1637,0.21,0.18,0.17,0.26,0.18,0.8227098654499017,0.22147905566465087,0.12838504527763084,-0.09186442593684796,2.4109338670107867,0.2054,True
1638,0.23,0.22,0.14,0.22,0.19,0.8210004346507764,0.2210971681074403,0.1330821226876113,-0.08811948075315912,2.50906117713947,0.2054,True
1639,0.22,0.22,0.14,0.23,0.19,0.8191425430923382,0.22068184319748596,0.13230873129432724,-0.08802746882664658,2.5069656794525925,0.2054,True
1640,0.26,0.18,0.18,0.21,0.17,0.8184808109395414,0.22053384707570634,0.12847637524806643,-0.09021698345286411,2.4444826088751817,0.2054,True
1641,0.22,0.23,0.14,0.22,0.19,0.8163281034940342,0.22005214639666848,0.13244839576063988,-0.08768835618227167,2.509479661578573,0.2054,True
1642,0.18,0.18,0.21,0.26,0.17,0.8149543483537971,0.2197445490201022,0.12466591221762552,-0.09651147791538661,2.276874769369466,0.2054,True
1643,0.21,0.18,0.18,0.26,0.17,0.8092486471159392,0.2184653221093047,0.12429509551648751,-0.08975368119906657,2.434054171268651,0.2054,True
1644,0.22,0.19,0.23,0.22,0.14,0.7747705438027066,0.21067747054973784,0.11527243297274255,-0.08784066689044845,2.3984047253703893,0.2054,True
1645,0.23,0.19,0.22,0.22,0.14,0.7727809160796903,0.21022498978429605,0.11521946076874837,-0.08553781121377713,2.4576849325604,0.2054,True
1646,0.22,0.19,0.22,0.23,0.14,0.770970402630067,0.2098129488189482,0.1143268550274837,-0.08544537279770525,2.4555214864084833,0.2054,True
1647,0.21,0.2,0.21,0.24,0.14,0.7625934034017929,0.2079028265159426,0.11267014907313118,-0.08259822383494653,2.517037496246752,0.2054,True
1648,0.24,0.21,0.2,0.21,0.14,0.7614320742221807,0.20763754298882509,0.11461804551903076,-0.08009923627059945,2.5922537174682,0.2054,True
1649,0.2,0.21,0.21,0.24,0.14,0.7580230670446182,0.2068581460296528,0.11196910587791112,-0.08215299365782913,2.517962362896064,0.2054,True
1650,0.21,0.21,0.2,0.24,0.14,0.7560367760660507,0.20640355815262468,0.11189939826873503,-0.07982571192664578,2.5856776365777363,0.2054,True
1651,0.23,0.22,0.19,0.22,0.14,0.7530748131117393,0.20572503813763965,0.11294888244204666,-0.07721628296924021,2.6642701542573866,0.2054,True
1652,0.22,0.22,0.19,0.23,0.14,0.7512824160014615,0.20531406841935507,0.11203556618935047,-0.07712575520428522,2.66206882351471,0.2054,True
1653,0.22,0.23,0.19,0.22,0.14,0.7485281822061236,0.20468201709117473,0.11218803319091354,-0.0767610515745325,2.6664827134687585,0.2054,True
1654,0.19,0.16,0.2,0.19,0.26,0.9674464838255226,0.2529833385651701,0.16818891678920725,-0.13255998982378658,1.9084441610282525,0.20540000000000003,True
1655,0.2,0.16,0.19,0.19,0.26,0.9658399487604248,0.2526422787851572,0.167992088961298,-0.1305026124059967,1.9359174052330932,0.20540000000000003,True
1656,0.19,0.16,0.19,0.2,0.26,0.9638312812419911,0.25221558665680033,0.16744725356152126,-0.13040283121421803,1.9341266160278034,0.20540000000000003,True
1657,0.2,0.19,0.16,0.19,0.26,0.946146517086397,0.24844627320475832,0.16621835789838724,-0.12318575612390659,2.016842539447972,0.20540000000000003,True
1658,0.19,0.19,0.16,0.2,0.26,0.9441556178655686,0.24802050675066845,0.16566615632213053,-0.12308736736270454,2.014995625179149,0.20540000000000003,True
1659,0.19,0.2,0.16,0.19,0.26,0.9412216468102934,0.2473925281949716,0.1657909125446895,-0.12281742569240406,2.0143112982563696,0.20540000000000003,True
1660,0.26,0.16,0.19,0.19,0.2,0.8794031805082567,0.23401134082684139,0.14324243524967897,-0.10632043261107771,2.2010006456883,0.20540000000000003,True
1661,0.26,0.16,0.2,0.19,0.19,0.8661634661065383,0.2311074504438344,0.13929320434253162,-0.10431143087691408,2.215552490278249,0.20540000000000003,True
1662,0.19,0.16,0.19,0.26,0.2,0.8660567161672246,0.23108398105037087,0.13816753857191177,-0.1056508365593738,2.1872423217444754,0.20540000000000003,True
1663,0.26,0.16,0.19,0.2,0.19,0.8623983190256252,0.23027912646928783,0.13849117563659463,-0.10201228374713711,2.2573666426299415,0.20540000000000003,True
1664,0.26,0.19,0.16,0.19,0.2,0.8595724727130185,0.22965671282814926,0.1413638325794921,-0.0984924182615372,2.331719708803553,0.20540000000000003,True
1665,0.19,0.16,0.2,0.26,0.19,0.8529064590388216,0.22818597125074147,0.13406723029752865,-0.10364332007923427,2.2016466770487053,0.20540000000000003,True
1666,0.2,0.16,0.19,0.26,0.19,0.8510635281424563,0.22777873782639602,0.13392086594361402,-0.10144300104646553,2.2453864286020377,0.20540000000000003,True
1667,0.26,0.19,0.16,0.2,0.19,0.8425686876599132,0.2258981254171588,0.1365834338081398,-0.09409515657266443,2.4007412670886024,0.20540000000000003,True
1668,0.26,0.2,0.16,0.19,0.19,0.8397327255930447,0.22526900503748237,0.13672238040723833,-0.09376770512618504,2.402415679623741,0.20540000000000003,True
1669,0.2,0.19,0.16,0.26,0.19,0.8313419052173674,0.22340381831775735,0.13193455602848445,-0.09353604597376564,2.3884248686374465,0.20540000000000003,True
1670,0.26,0.19,0.19,0.2,0.16,0.8020279131968033,0.2168425607712159,0.12471838924334476,-0.08774411983202224,2.471305897037207,0.20540000000000003,True
1671,0.26,0.2,0.19,0.19,0.16,0.799227716445615,0.21621208818268967,0.1248633910502883,-0.08740202409371367,2.473765229405489,0.20540000000000003,True
1672,0.19,0.19,0.2,0.26,0.16,0.7929661244237809,0.21479990132403537,0.11971601122486882,-0.08946932091864324,2.400821858471,0.20540000000000003,True
1673,0.2,0.19,0.19,0.26,0.16,0.791035275773023,0.214363770735174,0.11960549834614581,-0.08718977809984763,2.458588327747431,0.20540000000000003,True
1674,0.19,0.2,0.19,0.26,0.16,0.7864114840097536,0.21331809568090554,0.11897943518806463,-0.08675528189558901,2.458848510660554,0.20540000000000003,True
1675,0.21,0.15,0.21,0.18,0.25,0.962192297687954,0.25186720917986083,0.1651364325221016,-0.13120136804895466,1.9196995650676645,0.20559999999999998,True
1676,0.18,0.15,0.21,0.21,0.25,0.9561847980878548,0.2505886114961451,0.16346817357628915,-0.13090104311813944,1.9143362461213276,0.20559999999999998,True
1677,0.21,0.15,0.18,0.21,0.25,0.9512530944095317,0.2495370211306145,0.16289257944207594,-0.1246812240163565,2.0014001554707113,0.20559999999999998,True
1678,0.21,0.18,0.15,0.21,0.25,0.9315186121599934,0.24531120102440163,0.1611371107756209,-0.11726545049707815,2.0919307433225094,0.20559999999999998,True
1679,0.21,0.15,0.25,0.18,0.21,0.9117684955716558,0.24105311268400476,0.1492123505890101,-0.12379304118801049,1.9472266806815555,0.20559999999999998,True
1680,0.18,0.15,0.25,0.21,0.21,0.9059087586677061,0.23978412574396257,0.14735900377985228,-0.12349437397545204,1.9416603204258225,0.20559999999999998,True
1681,0.25,0.15,0.21,0.18,0.21,0.9046751917047582,0.23951665265302857,0.14867604835084816,-0.1152743311983272,2.0777969402480845,0.20559999999999998,True
1682,0.25,0.15,0.18,0.21,0.21,0.8934761413173797,0.23708307312283683,0.1463319400626221,-0.10851355929202622,2.1848244096833174,0.20559999999999998,True
1683,0.21,0.15,0.18,0.25,0.21,0.8857935729783462,0.23540807820695764,0.14347183769460342,-0.10813019366673748,2.1770799646627546,0.20559999999999998,True
1684,0.25,0.18,0.15,0.21,0.21,0.873650666950174,0.23275131283605166,0.1445094289701954,-0.10075622149024599,2.3100440786039584,0.20559999999999998,True
1685,0.21,0.18,0.15,0.25,0.21,0.8660399065930495,0.23108028531788483,0.14160494005514082,-0.10037931465870242,2.302070761327431,0.20559999999999998,True
1686,0.25,0.21,0.15,0.18,0.21,0.8650645108276624,0.23086579796989426,0.14491421352721473,-0.0998140471566975,2.3129589927103082,0.20559999999999998,True
1687,0.21,0.15,0.25,0.21,0.18,0.8612541034839942,0.23002718041044545,0.13484020742707906,-0.11127116895377132,2.0672666834839535,0.20559999999999998,True
1688,0.25,0.15,0.21,0.21,0.18,0.8537631334030664,0.22837517910140503,0.13441885750013172,-0.10250033839041195,2.2280431722239817,0.20559999999999998,True
1689,0.21,0.15,0.21,0.25,0.18,0.8462341075099491,0.22671029421665034,0.13129672969543887,-0.10211950027389427,2.2200489975821625,0.20559999999999998,True
1690,0.25,0.21,0.15,0.21,0.18,0.8141586653646702,0.2195663167216788,0.1304732071733195,-0.08650621017314841,2.538156697446357,0.20559999999999998,True
1691,0.21,0.21,0.15,0.25,0.18,0.806773848370903,0.21790963205921443,0.12723679363060597,-0.08613927477608041,2.529736088743165,0.20559999999999998,True
1692,0.21,0.18,0.25,0.21,0.15,0.8008895041435478,0.2165863234560863,0.12094024008459364,-0.09731319754396539,2.225662386216774,0.20559999999999998,True
1693,0.21,0.25,0.15,0.21,0.18,0.7955735479591366,0.21538835663382394,0.12780276461927287,-0.08476069065225789,2.541134988121836,0.20559999999999998,True
1694,0.25,0.18,0.21,0.21,0.15,0.7930478808336119,0.2148183611475456,0.12068135157662936,-0.08822685948601916,2.434840845509034,0.20559999999999998,True
1695,0.21,0.18,0.21,0.25,0.15,0.7857480367182208,0.21316790843747602,0.1171824416026069,-0.08785597635319153,2.426333611961872,0.20559999999999998,True
1696,0.25,0.21,0.18,0.21,0.15,0.7732834497869283,0.21033930785309018,0.11853650038027916,-0.0799783989767614,2.629951468698524,0.20559999999999998,True
1697,0.21,0.21,0.18,0.25,0.15,0.7660560065889652,0.20869310115860107,0.114962190729602,-0.07961499873309164,2.621278709784852,0.20559999999999998,True
1698,0.21,0.25,0.18,0.21,0.15,0.7550000632968135,0.20616615711378916,0.1155592771932544,-0.07817490378831693,2.6372422238222217,0.20559999999999998,True
1699,0.19,0.15,0.22,0.19,0.25,0.9618205418655417,0.25178816287389494,0.16477985794897393,-0.13316039890608733,1.8908636872698992,0.2056,True
1700,0.22,0.15,0.19,0.19,0.25,0.956894942458993,0.25073989039598477,0.1642291359229118,-0.12696033188361944,1.9749467150560869,0.2056,True
1701,0.19,0.15,0.19,0.22,0.25,0.9509146959136541,0.24946479926079035,0.16248748414322287,-0.12666297345236188,1.9695163666327034,0.2056,True
1702,0.2,0.14,0.22,0.2,0.24,0.9507541365623664,0.24943052935296972,0.16040395942276003,-0.12953298585623374,1.9256139870797702,0.2056,True
1703,0.23,0.17,0.18,0.17,0.25,0.9493464621387508,0.24912999371984168,0.1643701796450721,-0.12434419467733004,2.003551467491728,0.2056,True
1704,0.22,0.14,0.2,0.2,0.24,0.9473980025981621,0.24871376270604317,0.16005607018678786,-0.12537424697957633,1.9837707399874478,0.2056,True
1705,0.23,0.17,0.17,0.18,0.25,0.9456951643908542,0.24834977402636116,0.16365146799878086,-0.12214928125197022,2.0331660692629363,0.2056,True
1706,0.2,0.14,0.2,0.22,0.24,0.9434328802271732,0.2478658727935612,0.1588450626174348,-0.1251763560720648,1.980133314081002,0.2056,True
1707,0.23,0.18,0.17,0.17,0.25,0.9427610677602742,0.24772210018715501,0.1637784301009002,-0.12187720654246581,2.0325547919482463,0.2056,True
1708,0.22,0.15,0.23,0.17,0.23,0.9392428042915257,0.2469686251244958,0.15774988508989626,-0.12763001024756493,1.9350356914133975,0.2056,True
1709,0.23,0.15,0.22,0.17,0.23,0.9375362288997051,0.2466028148144832,0.15759598206468184,-0.1255373171693256,1.9643785638804407,0.2056,True
1710,0.22,0.19,0.15,0.19,0.25,0.9305678372108304,0.24510688253025958,0.1618754506867878,-0.11708225446014775,2.09345885642891,0.2056,True
1711,0.2,0.14,0.24,0.2,0.22,0.925542517585787,0.24402584149743678,0.15240430945519542,-0.12583715160630637,1.9392193671142135,0.2056,True
1712,0.23,0.15,0.23,0.17,0.22,0.9248181297131464,0.24386985693995555,0.15363446255752217,-0.12366423517669789,1.9720322257401393,0.2056,True
1713,0.25,0.17,0.18,0.17,0.23,0.9208588047697306,0.2430165915874365,0.1561541695664195,-0.11632901734023926,2.0890453400518396,0.2056,True
1714,0.23,0.15,0.17,0.22,0.23,0.9190840070793158,0.2426337282078499,0.1537743283382662,-0.11447308006436419,2.1195701912748874,0.2056,True
1715,0.24,0.14,0.2,0.2,0.22,0.918565217825116,0.2425217692269941,0.15179883383056236,-0.1173871896390195,2.065998598081948,0.2056,True
1716,0.25,0.17,0.17,0.18,0.23,0.9171636127348359,0.24221919037135864,0.1554212629766124,-0.1140939475180226,2.1229801899272265,0.2056,True
1717,0.22,0.15,0.17,0.23,0.23,0.9171335851077509,0.24221270638625603,0.15311068370657738,-0.11437632605373427,2.1176821702811464,0.2056,True
1718,0.25,0.18,0.17,0.17,0.23,0.9142569789202357,0.2415912351399523,0.15555151069937462,-0.11380623618994368,2.1228294971176647,0.2056,True
1719,0.25,0.15,0.19,0.19,0.22,0.9138853778773248,0.241510907852601,0.1518745176980401,-0.11496965336391751,2.100649178163023,0.2056,True
1720,0.2,0.14,0.2,0.24,0.22,0.9107710826790867,0.24083729587507485,0.1491385223170079,-0.11699676503371004,2.0584953422061107,0.2056,True
1721,0.22,0.2,0.14,0.2,0.24,0.9078922925707704,0.24021397150346457,0.15647518503649838,-0.11039338728339709,2.1759815276507255,0.2056,True
1722,0.23,0.17,0.15,0.22,0.23,0.9058905387171776,0.23978017597026513,0.15259389916200028,-0.10941151140183536,2.1915443164807873,0.2056,True
1723,0.22,0.17,0.15,0.23,0.23,0.9039520460713011,0.23935980000451318,0.15192394877519746,-0.10931577896973965,2.1896180245925136,0.2056,True
1724,0.23,0.15,0.17,0.23,0.22,0.9025801266513278,0.23906211700911895,0.14894197128707468,-0.11028964581370182,2.167584411440907,0.2056,True
1725,0.19,0.15,0.19,0.25,0.22,0.9022300429256229,0.23898613192333062,0.14786524822683017,-0.11438702339136408,2.0892766053161713,0.2056,True
1726,0.22,0.14,0.24,0.2,0.2,0.8961973416223181,0.23767527700921343,0.14410710208259989,-0.11781374082794249,2.0173816342553716,0.2056,True
1727,0.24,0.14,0.22,0.2,0.2,0.8925780698431998,0.23688750490332766,0.14385476231308478,-0.11352069167382928,2.0867341575398366,0.2056,True
1728,0.2,0.14,0.24,0.22,0.2,0.8923319533669742,0.23683389863369042,0.14275818111752434,-0.11761710115019675,2.013600882164696,0.2056,True
1729,0.23,0.17,0.15,0.23,0.22,0.8893840553209695,0.23619145968089628,0.14774381174529153,-0.1051716188859938,2.2457718363822865,0.2056,True
1730,0.25,0.19,0.15,0.19,0.22,0.8874634821572802,0.23577254724887942,0.14945461065916,-0.1047534240910708,2.2507383342801557,0.2056,True
1731,0.24,0.14,0.2,0.22,0.2,0.8850862745416184,0.23525364063510845,0.14221929238622738,-0.1090029438868072,2.158231991233235,0.2056,True
1732,0.2,0.14,0.22,0.24,0.2,0.8848847697175262,0.23520963528238759,0.1410424643026619,-0.11313168060085865,2.0790784158173494,0.2056,True
1733,0.22,0.14,0.2,0.24,0.2,0.8812584068863685,0.23441716032597792,0.14075536671978248,-0.10881060641376006,2.15435946965124,0.2056,True
1734,0.22,0.15,0.25,0.19,0.19,0.8801731031107063,0.23417978912634174,0.14033658127604684,-0.11559405735583594,2.02588086691568,0.2056,True
1735,0.24,0.2,0.14,0.2,0.22,0.8789682530318106,0.2339161644393002,0.1481489630145769,-0.10206525770351749,2.2918294599205105,0.2056,True
1736,0.25,0.15,0.22,0.19,0.19,0.8746560292925127,0.23297171277282835,0.14000219376285783,-0.10909071046311603,2.1355779221146145,0.2056,True
1737,0.19,0.15,0.25,0.22,0.19,0.8744169776452195,0.2329193139664214,0.13828783674275916,-0.11529954063104719,2.0201235208018016,0.2056,True
1738,0.25,0.15,0.19,0.22,0.19,0.8633672507357453,0.2304923959029126,0.13754148278025596,-0.10222851741412231,2.2546780657025485,0.2056,True
1739,0.19,0.15,0.22,0.25,0.19,0.8632285309740879,0.2304618671362899,0.13563750768454363,-0.10851147792862603,2.1238478319120984,0.2056,True
1740,0.22,0.15,0.19,0.25,0.19,0.8576960271086602,0.22924306325693777,0.13522357568798837,-0.10194391942483427,2.24871737863644,0.2056,True
1741,0.24,0.2,0.14,0.22,0.2,0.8454835717898674,0.22654408115746238,0.13845484599739163,-0.09333381851226807,2.427245394740651,0.2056,True
1742,0.22,0.2,0.14,0.24,0.2,0.8417276109391068,0.22571161114163063,0.136942756151367,-0.09314810066153023,2.4231477565151103,0.2056,True
1743,0.17,0.17,0.23,0.25,0.18,0.8404853015611995,0.2254360169749512,0.13058522972830694,-0.10571581752950543,2.1324719634508025,0.2056,True
1744,0.24,0.22,0.14,0.2,0.2,0.8398098770544289,0.22528612861363562,0.1387300081553206,-0.09267693322265114,2.4308759556425796,0.2056,True
1745,0.25,0.19,0.15,0.22,0.19,0.8369430195579823,0.22464951475668027,0.13500792111484594,-0.09166181410855767,2.4508517198952826,0.2056,True
1746,0.25,0.17,0.17,0.23,0.18,0.8329759544156494,0.22376749550384156,0.13144389589261055,-0.09256622316985674,2.417377395783273,0.2056,True
1747,0.22,0.19,0.15,0.25,0.19,0.8313438359406273,0.2234042481509455,0.13263740331477378,-0.09138402357312636,2.4446751129553332,0.2056,True
1748,0.23,0.17,0.17,0.25,0.18,0.829254546947626,0.22293893692845645,0.12980129934749576,-0.09238038837497609,2.4132712673120342,0.2056,True
1749,0.25,0.22,0.15,0.19,0.19,0.828459637438776,0.222761807419809,0.13542650213381982,-0.09066373169230224,2.4570112354940985,0.2056,True
1750,0.19,0.19,0.25,0.22,0.15,0.7943974429578424,0.21512299844382943,0.11952236195787391,-0.09679813561609996,2.2223878288007963,0.2056,True
1751,0.19,0.19,0.22,0.25,0.15,0.7830852220713025,0.2125647417391645,0.11665073088611601,-0.08970763694702288,2.3695278236422084,0.2056,True
1752,0.25,0.19,0.19,0.22,0.15,0.7826443421620901,0.21246481801406625,0.11908590400599749,-0.08309703623145714,2.55682786835225,0.2056,True
1753,0.22,0.19,0.19,0.25,0.15,0.7772020809024562,0.2112299912662532,0.11638921302404388,-0.08282257724533693,2.550391430594438,0.2056,True
1754,0.25,0.22,0.19,0.19,0.15,0.7743048744453249,0.2105715984388956,0.1195312753782888,-0.08203907614828465,2.566723180284112,0.2056,True
1755,0.2,0.2,0.24,0.22,0.14,0.7721473585583523,0.21008083517969744,0.11469389604708977,-0.08970162881454968,2.3419957692632463,0.2056,True
1756,0.2,0.2,0.22,0.24,0.14,0.7645764302479501,0.20835554195388073,0.11276408931696143,-0.08491264628797057,2.4537633799242236,0.2056,True
1757,0.24,0.2,0.2,0.22,0.14,0.7641983058467239,0.20826924416542636,0.11446814098463327,-0.08045710324002009,2.5885749769553144,0.2056,True
1758,0.19,0.22,0.19,0.25,0.15,0.7634418771372391,0.20809657051034547,0.11434959314606476,-0.08149021581200944,2.553638721370004,0.2056,True
1759,0.22,0.2,0.2,0.24,0.14,0.7605990802334579,0.20744718955120423,0.11263199123520716,-0.08027474297258863,2.5842149332329982,0.2056,True
1760,0.24,0.22,0.2,0.2,0.14,0.7586683887062058,0.20700576236964263,0.1147707039032567,-0.0797402236686704,2.596001777343576,0.2056,True
1761,0.2,0.22,0.2,0.24,0.14,0.7514793786791631,0.20535924271256367,0.11119426662486774,-0.07937554754910048,2.5871852107291815,0.2056,True
1762,0.2,0.24,0.2,0.22,0.14,0.7459698102356045,0.2040943178794159,0.11149644590983399,-0.07865386803797647,2.5948414613363067,0.2056,True
1763,0.2,0.16,0.2,0.18,0.26,0.9694596693977455,0.25341046628717434,0.16873263454444337,-0.13266029001676283,1.910220958021075,0.20560000000000003,True
1764,0.18,0.16,0.2,0.2,0.26,0.9654333151869348,0.2525559229351362,0.167666883206684,-0.1324597517409638,1.9066616056251604,0.20560000000000003,True
1765,0.2,0.16,0.18,0.2,0.26,0.9622181589687944,0.25187270768316106,0.1672649528845858,-0.12833845781142672,1.9625661082296046,0.20560000000000003,True
1766,0.2,0.18,0.16,0.2,0.26,0.9490845126347478,0.2490740520649406,0.16609415395671723,-0.12345483439282345,2.0175317822905727,0.20560000000000003,True
1767,0.26,0.16,0.18,0.2,0.2,0.8756518379275928,0.23318994062941223,0.14246737038866888,-0.10403490644317093,2.2414586469282045,0.20560000000000003,True
1768,0.18,0.16,0.2,0.26,0.2,0.8678620114451412,0.23148076193663636,0.13835018482427236,-0.10782918441337341,2.146735720908663,0.20560000000000003,True
1769,0.2,0.16,0.18,0.26,0.2,0.8642402178788429,0.23068447947706794,0.1380301571372917,-0.10346430654300953,2.2296044615267747,0.20560000000000003,True
1770,0.26,0.18,0.16,0.2,0.2,0.8624269368276347,0.2302854265310217,0.14122835476616963,-0.09881005893104056,2.330586875691853,0.20560000000000003,True
1771,0.26,0.2,0.16,0.18,0.2,0.8567205932550386,0.22902792549543838,0.14150155922818186,-0.098173794513988,2.3328824828381878,0.20560000000000003,True
1772,0.2,0.18,0.16,0.26,0.2,0.8510872235833973,0.22778397553576024,0.1367429996586096,-0.09824607658743933,2.3185045494720775,0.20560000000000003,True
1773,0.2,0.16,0.2,0.26,0.18,0.8377573739245445,0.22483041745970844,0.12985109607578943,-0.09940311905830301,2.261804454323394,0.20560000000000003,True
1774,0.26,0.2,0.16,0.2,0.18,0.8225877604003977,0.22145178526678344,0.13194904467469262,-0.08930649083120645,2.4796829794302178,0.20560000000000003,True
1775,0.2,0.18,0.26,0.2,0.16,0.8202027826770881,0.22091889053223968,0.12588802033403196,-0.10395051062183769,2.1252314126279006,0.20560000000000003,True
1776,0.2,0.2,0.16,0.26,0.18,0.8114745302552389,0.21896468804175107,0.1271250145090882,-0.08875247373893447,2.467138985735046,0.20560000000000003,True
1777,0.2,0.18,0.2,0.26,0.16,0.7976028126115049,0.21584593626201976,0.12033895079113686,-0.08989908203249353,2.4009804258513276,0.20560000000000003,True
1778,0.26,0.2,0.18,0.2,0.16,0.7954337729970238,0.21535682603658302,0.12403846731623414,-0.08501388765698759,2.5331958339030516,0.20560000000000003,True
1779,0.18,0.2,0.2,0.26,0.16,0.7883344413967088,0.21375319331423803,0.1191202966362168,-0.08903849285696297,2.4006829681812403,0.20560000000000003,True
1780,0.2,0.2,0.18,0.26,0.16,0.7844772780893525,0.21288013776834913,0.11889151264632732,-0.08446322456670063,2.520388475107739,0.20560000000000003,True
1781,0.21,0.14,0.22,0.19,0.24,0.9527458353929974,0.2498555060867611,0.16099537034920253,-0.1296329605720633,1.927407234889662,0.20579999999999998,True
1782,0.22,0.14,0.21,0.19,0.24,0.9510687656510717,0.24949768225262114,0.16082552274294373,-0.12755690964850896,1.9559715184393194,0.20579999999999998,True
1783,0.19,0.14,0.22,0.21,0.24,0.9487624260000684,0.24900526071741358,0.15983472495794598,-0.12943307343028843,1.9238147879685925,0.20579999999999998,True
1784,0.19,0.14,0.21,0.22,0.24,0.9451073587835024,0.2482240788455614,0.15904696301181226,-0.12725857026754162,1.9505490146848923,0.20579999999999998,True
1785,0.22,0.14,0.19,0.21,0.24,0.943725235762606,0.24792842859241548,0.15930041004879164,-0.12318497978773457,2.0126514532829556,0.20579999999999998,True
1786,0.21,0.14,0.19,0.22,0.24,0.9417472548686068,0.24750507430815838,0.1586823299494226,-0.12308653923795432,2.0108216206296508,0.20579999999999998,True
1787,0.24,0.16,0.21,0.16,0.23,0.9328912526945776,0.24560605882801267,0.15760806871485725,-0.12316592876381394,1.9941071471071596,0.20579999999999998,True
1788,0.23,0.16,0.16,0.21,0.24,0.9288162430951807,0.2447302948391883,0.15800582790903825,-0.11611109470381531,2.107725325159187,0.20579999999999998,True
1789,0.21,0.14,0.24,0.19,0.22,0.9275095445179831,0.24444920988249752,0.15302736354927962,-0.12593685284775002,1.9410458841465708,0.20579999999999998,True
1790,0.21,0.16,0.16,0.23,0.24,0.9248932795514098,0.2438860409936674,0.15673298585001366,-0.11591718709218302,2.1039679025312896,0.20579999999999998,True
1791,0.19,0.14,0.24,0.21,0.22,0.9235754517305226,0.24360217626875547,0.15180428012140484,-0.12573751303629477,1.9373866269999986,0.20579999999999998,True
1792,0.24,0.14,0.21,0.19,0.22,0.9222794123179934,0.24332287834922806,0.15258568250820242,-0.1196096128851023,2.034308718839893,0.20579999999999998,True
1793,0.24,0.14,0.19,0.21,0.22,0.9148490933777689,0.24171920831840876,0.1510263828340048,-0.11515795638251447,2.099023080224714,0.20579999999999998,True
1794,0.24,0.16,0.16,0.21,0.23,0.914427162165403,0.24162801939788237,0.15386491327188345,-0.11204630469277366,2.1565014576823076,0.20579999999999998,True
1795,0.22,0.14,0.24,0.19,0.21,0.9129209865928045,0.2413023913024921,0.14889187110617982,-0.12194985590089824,1.9787017337567412,0.20579999999999998,True
1796,0.19,0.14,0.21,0.24,0.22,0.9125135617890201,0.24121427859735878,0.14932795533206994,-0.11911897200042021,2.024986234741078,0.20579999999999998,True
1797,0.22,0.19,0.14,0.21,0.24,0.9107922977879712,0.2408418871099065,0.15634678701569854,-0.11068643934389033,2.175893348250528,0.20579999999999998,True
1798,0.24,0.14,0.22,0.19,0.21,0.909368634391255,0.24053371178972482,0.14862192518299056,-0.11769798901525419,2.043651839782501,0.20579999999999998,True
1799,0.21,0.14,0.19,0.24,0.22,0.9090174185395088,0.24045766179297812,0.14899081407227283,-0.11486671626648648,2.093362373440931,0.20579999999999998,True
1800,0.21,0.19,0.14,0.22,0.24,0.9088440703798972,0.2404201226712257,0.15571422056719922,-0.11059047308642633,2.173967756547507,0.20579999999999998,True
1801,0.21,0.16,0.16,0.24,0.23,0.9085937954876544,0.24036592079913488,0.15186487369876053,-0.11175756297432815,2.1507799060932404,0.20579999999999998,True
1802,0.19,0.14,0.24,0.22,0.21,0.907071161346434,0.2400360627463245,0.1469657292523575,-0.12165283504860191,1.9731234594773472,0.20579999999999998,True
1803,0.19,0.14,0.22,0.24,0.21,0.8996654617172783,0.23842920933709277,0.1452738419036548,-0.11720818000149358,2.034236939214093,0.20579999999999998,True
1804,0.24,0.14,0.19,0.22,0.21,0.8981764880150467,0.2381056348486843,0.14622745866332004,-0.1109712515146527,2.14565152324379,0.20579999999999998,True
1805,0.22,0.14,0.19,0.24,0.21,0.8943232234906979,0.23726748100517603,0.14480454119050193,-0.11077852561633539,2.1418183685429786,0.20579999999999998,True
1806,0.24,0.19,0.14,0.21,0.22,0.8818403286384071,0.23454439719664433,0.14801667604460905,-0.10237482094478734,2.2910359699006313,0.20579999999999998,True
1807,0.24,0.16,0.16,0.23,0.21,0.8812141364674049,0.2344074795491955,0.14421608816643977,-0.10357033924136005,2.2632684344398344,0.20579999999999998,True
1808,0.22,0.14,0.24,0.21,0.19,0.8793091774823434,0.23399077112771693,0.13932180798381494,-0.11362737212444585,2.059281727218402,0.20579999999999998,True
1809,0.23,0.16,0.16,0.24,0.21,0.8793041627533471,0.23398967378773827,0.14348334479503702,-0.10347558136318624,2.2613033017564215,0.20579999999999998,True
1810,0.21,0.14,0.24,0.22,0.19,0.8773938744433338,0.23357151592748226,0.13861310617689016,-0.11352976427563277,2.0573592961966045,0.20579999999999998,True
1811,0.24,0.21,0.14,0.19,0.22,0.8760987705094567,0.23328785917131856,0.14828341061340466,-0.10175474428270304,2.292648473698483,0.20579999999999998,True
1812,0.21,0.19,0.14,0.24,0.22,0.8760982472709973,0.2332877445440018,0.14593007661694374,-0.1020914319522701,2.2850864179578627,0.20579999999999998,True
1813,0.24,0.14,0.22,0.21,0.19,0.8756235606495875,0.23318374483210946,0.13908848915798055,-0.10929245005919086,2.133575967103137,0.20579999999999998,True
1814,0.24,0.14,0.21,0.22,0.19,0.8718628563093769,0.23235918629403973,0.1382501627447573,-0.10701671749012265,2.171241949328953,0.20579999999999998,True
1815,0.21,0.14,0.22,0.24,0.19,0.8699059444681341,0.2319296838565037,0.13687316604518437,-0.10900289523317352,2.127738748226562,0.20579999999999998,True
1816,0.22,0.14,0.21,0.24,0.19,0.8680605597475686,0.23152438471289782,0.1367433251271162,-0.10682478350938973,2.167328377431696,0.20579999999999998,True
1817,0.24,0.19,0.14,0.22,0.21,0.8651639830117104,0.23088767510496866,0.14317187748770352,-0.09804455674392953,2.3549259925565846,0.20579999999999998,True
1818,0.22,0.19,0.14,0.24,0.21,0.8613705584722957,0.2300528274799154,0.14171197047926376,-0.09785721400870595,2.3509030970312375,0.20579999999999998,True
1819,0.24,0.21,0.14,0.22,0.19,0.8256778407549508,0.22214153575547635,0.13373943782097858,-0.08854954103792034,2.5086695329154414,0.20579999999999998,True
1820,0.24,0.22,0.14,0.21,0.19,0.822858207082821,0.22151218398549122,0.13387956652857033,-0.08821155334323161,2.5111470730323293,0.20579999999999998,True
1821,0.22,0.21,0.14,0.24,0.19,0.8219595507580764,0.22131146446498273,0.13217148277183155,-0.08836552179787638,2.504500171132372,0.20579999999999998,True
1822,0.21,0.22,0.14,0.24,0.19,0.817284533390251,0.22026620894024074,0.13155996296218425,-0.0879355175037626,2.504860552288396,0.20579999999999998,True
1823,0.22,0.19,0.24,0.21,0.14,0.7785690784136547,0.21154039423534088,0.11623481347108543,-0.09022825632820552,2.344502740536868,0.20579999999999998,True
1824,0.21,0.19,0.24,0.22,0.14,0.7767488673752216,0.21112704531706483,0.11537971231954275,-0.09013458464391821,2.342353339188661,0.20579999999999998,True
1825,0.24,0.19,0.22,0.21,0.14,0.7745912505567387,0.21063670958298664,0.1161379788950808,-0.08563031142887234,2.4598381819263753,0.20579999999999998,True
1826,0.24,0.19,0.21,0.22,0.14,0.7707799700548801,0.2097695933982029,0.11522071409693659,-0.08322596527392223,2.520482552623892,0.20579999999999998,True
1827,0.21,0.19,0.22,0.24,0.14,0.7691597111906112,0.20940058634949454,0.11346093516931995,-0.08535299611874514,2.4533478128661286,0.20579999999999998,True
1828,0.22,0.19,0.21,0.24,0.14,0.7671686583078494,0.20894682383966456,0.11339849299521669,-0.08304233669578576,2.5161481739743508,0.20579999999999998,True
1829,0.19,0.21,0.22,0.24,0.14,0.7599980788999448,0.20730981312638153,0.11209510521026074,-0.08447119077035481,2.454207301161155,0.20579999999999998,True
1830,0.24,0.21,0.19,0.22,0.14,0.7576263369799918,0.20676737670254997,0.11373585725265303,-0.07767036380333348,2.6621141781452025,0.20579999999999998,True
1831,0.24,0.22,0.19,0.21,0.14,0.7548670231170957,0.2061356849375593,0.11388833925808811,-0.07730687184295204,2.666460044539396,0.20579999999999998,True
1832,0.22,0.21,0.19,0.24,0.14,0.7540391918129592,0.2059460397702071,0.1118859229050886,-0.07748929207036415,2.6577354659944215,0.20579999999999998,True
1833,0.19,0.22,0.21,0.24,0.14,0.7534576485137352,0.20581278022801075,0.11129609749836983,-0.08170664194263766,2.518923496727501,0.20579999999999998,True
1834,0.21,0.22,0.19,0.24,0.14,0.749489832769004,0.20490277544257118,0.11114919909263621,-0.07703528848627572,2.659856014936269,0.20579999999999998,True
1835,0.22,0.24,0.19,0.21,0.14,0.7457764893322976,0.20404988563057702,0.1123433251714397,-0.07639517555502273,2.670978686129368,0.20579999999999998,True
1836,0.21,0.24,0.19,0.22,0.14,0.7439864435405492,0.2036383114107323,0.11145405833475541,-0.07630466524069002,2.6687530935151877,0.20579999999999998,True
1837,0.19,0.16,0.21,0.18,0.26,0.9710596164131826,0.2537497116469243,0.16894385754984456,-0.13471070402758178,1.8836640597986145,0.2058,True
1838,0.18,0.16,0.21,0.19,0.26,0.9690419352476891,0.2533218616222268,0.16842288925508564,-0.13460995071408144,1.8818955083067794,0.2058,True
1839,0.21,0.16,0.19,0.18,0.26,0.9678486292733723,0.2530686830781772,0.1685583500790392,-0.1306024555367068,1.9377023352141367,0.2058,True
1840,0.21,0.16,0.18,0.19,0.26,0.9642223159010845,0.25229867517777915,0.16783237891070532,-0.12843777813953838,1.9643649931694929,0.2058,True
1841,0.2,0.15,0.22,0.18,0.25,0.9638275784782719,0.252214799826864,0.16533474313994795,-0.1332610271088176,1.8926373696708172,0.2058,True
1842,0.18,0.16,0.19,0.21,0.26,0.9618226277008379,0.2517886064121584,0.16692418709844575,-0.13030311190374744,1.9323299553900914,0.2058,True
1843,0.22,0.15,0.2,0.18,0.25,0.9605458921613861,0.2515170587180553,0.16497572163208493,-0.12913423095915255,1.947717943181267,0.2058,True
1844,0.19,0.16,0.18,0.21,0.26,0.9602140120746931,0.25144645214447947,0.1667190341184972,-0.12823919919036464,1.9607612472003968,0.2058,True
1845,0.18,0.15,0.22,0.2,0.25,0.959813511301514,0.2513612360954316,0.16424699086526473,-0.13305983310462488,1.889084258040414,0.2058,True
1846,0.22,0.15,0.18,0.2,0.25,0.9532419554236411,0.24996132023488227,0.16349620114249624,-0.12477987408312752,2.0032182439001316,0.2058,True
1847,0.18,0.15,0.2,0.22,0.25,0.9525540509991546,0.24981459686270502,0.16270279359495315,-0.12873576766027994,1.9405220585000067,0.2058,True
1848,0.21,0.18,0.16,0.19,0.26,0.9510768155940745,0.2494994002984996,0.1666665859929148,-0.12355322268249946,2.0193678066953376,0.2058,True
1849,0.2,0.15,0.18,0.22,0.25,0.9492642256532415,0.2491124319240572,0.16231060458647295,-0.12458263553127036,1.9995758707603335,0.2058,True
1850,0.21,0.19,0.16,0.18,0.26,0.948137421169408,0.24887175039196796,0.16679217166936672,-0.12328420650939997,2.018683150408178,0.2058,True
1851,0.19,0.18,0.16,0.21,0.26,0.9470922142920533,0.24864841483290112,0.16554335292279337,-0.12335650759715011,2.015689481457447,0.2058,True
1852,0.24,0.16,0.19,0.17,0.24,0.9418104516592418,0.24751860498753664,0.16085034397703915,-0.12284144075451842,2.0149438452302775,0.2058,True
1853,0.24,0.17,0.19,0.16,0.24,0.9388790474712589,0.246890670602536,0.1609778771172508,-0.12256992538574163,2.0142842530542686,0.2058,True
1854,0.24,0.16,0.17,0.19,0.24,0.93445726364552,0.24594228420790354,0.1593856958527805,-0.11842597570940361,2.0767596191177042,0.2058,True
1855,0.22,0.18,0.15,0.2,0.25,0.9334896503176917,0.2457345573122096,0.16174887257059273,-0.11736265704103332,2.0938053338916296,0.2058,True
1856,0.2,0.18,0.15,0.22,0.25,0.9295475581277806,0.24488755318031719,0.16054718324346107,-0.11716830518296806,2.0900494617371557,0.2058,True
1857,0.24,0.17,0.16,0.19,0.24,0.9278587629382804,0.24452434296791004,0.15880072519859975,-0.11592541486340646,2.1093247175869947,0.2058,True
1858,0.19,0.16,0.17,0.24,0.24,0.9246269137177137,0.24382867531154373,0.15626766754766158,-0.11793860512835286,2.067420375594441,0.2058,True
1859,0.24,0.19,0.16,0.17,0.24,0.9220287783438705,0.24326885196542225,0.15905882915842243,-0.11535740760006463,2.108827313533405,0.2058,True
1860,0.25,0.15,0.2,0.18,0.22,0.9176019145663032,0.24231382692480796,0.15264521309967152,-0.11720324244416036,2.067466922173715,0.2058,True
1861,0.25,0.15,0.18,0.2,0.22,0.9101669145976636,0.24070653150965304,0.1511183914070552,-0.11272919701146633,2.135263426787023,0.2058,True
1862,0.2,0.15,0.18,0.25,0.22,0.9004773527377354,0.23860557319939923,0.14770976334334393,-0.11224633224355374,2.1257315800900236,0.2058,True
1863,0.26,0.16,0.19,0.18,0.21,0.8962454311664716,0.2376857374465342,0.14799615650969455,-0.11057624232170427,2.1495190328047573,0.2058,True
1864,0.26,0.16,0.18,0.19,0.21,0.8925101151210528,0.23687270424922957,0.14723174821783205,-0.10831121516090925,2.1869637774567194,0.2058,True
1865,0.25,0.15,0.22,0.18,0.2,0.8916121764958973,0.23667709840476236,0.14474315527240889,-0.11332796128559608,2.088426331153315,0.2058,True
1866,0.25,0.18,0.15,0.2,0.22,0.8903437136239691,0.23640067248748675,0.14932264427594627,-0.1050580325638556,2.2501913153932276,0.2058,True
1867,0.18,0.15,0.25,0.22,0.2,0.889285555834503,0.2361699820350065,0.14250921368339556,-0.11937293894989431,1.9784214421841173,0.2058,True
1868,0.25,0.2,0.15,0.18,0.22,0.8845858474180859,0.23514434977067733,0.1495887136942706,-0.10444788323172449,2.2513079489509056,0.2058,True
1869,0.26,0.18,0.16,0.19,0.21,0.879285622754149,0.23398561678538576,0.14601109300484894,-0.1031447986337658,2.268515910493886,0.2058,True
1870,0.19,0.16,0.18,0.26,0.21,0.8790748032919775,0.2339394824869947,0.14230105425238562,-0.10764018811498655,2.173347023855895,0.2058,True
1871,0.18,0.15,0.22,0.25,0.2,0.8781580655057979,0.2337388296789471,0.139898188422427,-0.11264702479638666,2.0749667388147888,0.2058,True
1872,0.25,0.15,0.18,0.22,0.2,0.876619544077357,0.23340193593098046,0.14154219502440574,-0.10424640859410161,2.238944622445119,0.2058,True
1873,0.26,0.19,0.16,0.18,0.21,0.8764154066623506,0.23335722163243955,0.1461456279871451,-0.10283576182808374,2.2692224716782454,0.2058,True
1874,0.22,0.15,0.18,0.25,0.2,0.8709098590874367,0.2321500601592994,0.13929152812578943,-0.10396115695925234,2.2330461390525964,0.2058,True
1875,0.17,0.16,0.24,0.24,0.19,0.8639923465699608,0.23062994514070634,0.13626312113912764,-0.11255709569370931,2.04900405184847,0.2058,True
1876,0.22,0.15,0.25,0.2,0.18,0.8631552770696012,0.23044574516386707,0.13557102122672393,-0.11136864297294191,2.0692157057158007,0.2058,True
1877,0.2,0.15,0.25,0.22,0.18,0.8593528269862725,0.22960830781895347,0.13413409015021366,-0.111173757721162,2.065310308164994,0.2058,True
1878,0.26,0.16,0.18,0.21,0.19,0.8586313637595886,0.22944928661508768,0.13770487612524418,-0.09970592397767719,2.3012603209660667,0.2058,True
1879,0.25,0.18,0.15,0.22,0.2,0.8567935560372646,0.22904402047998063,0.1396918173556656,-0.09640135317996379,2.3759419647605684,0.2058,True
1880,0.18,0.16,0.21,0.26,0.19,0.8547381724963321,0.2285904584419205,0.13426024334115755,-0.10583536782917857,2.159868323138181,0.2058,True
1881,0.22,0.18,0.15,0.25,0.2,0.8511378269377017,0.22779516089909113,0.1374048819608155,-0.09612108376191009,2.3698771589314886,0.2058,True
1882,0.24,0.16,0.17,0.24,0.19,0.8511035060012775,0.22778757462297694,0.13530452295242307,-0.09720471749140802,2.3433798328060695,0.2058,True
1883,0.25,0.15,0.2,0.22,0.18,0.8499849269009423,0.22754027331674997,0.13358543691900152,-0.10019207961496546,2.271040527267016,0.2058,True
1884,0.21,0.16,0.18,0.26,0.19,0.8492093656559507,0.227368749656792,0.1338211385996774,-0.09923436382717188,2.2912299821136655,0.2058,True
1885,0.2,0.15,0.22,0.25,0.18,0.848104530514491,0.2271243207031759,0.13144379532850525,-0.10432249786432102,2.1771365271426646,0.2058,True
1886,0.26,0.18,0.16,0.21,0.19,0.8454072270736801,0.22652717139050416,0.13644680973832984,-0.09442159144294349,2.399103509364049,0.2058,True
1887,0.26,0.16,0.19,0.21,0.18,0.8452344275680286,0.22648889590747,0.13374657090597986,-0.09765082423341565,2.319375158227969,0.2058,True
1888,0.24,0.17,0.16,0.24,0.19,0.844501265030053,0.22632647215391222,0.13467353167190785,-0.09456055341899416,2.3934554523075637,0.2058,True
1889,0.22,0.15,0.2,0.25,0.18,0.8443524259732462,0.22629349331139514,0.13119708732626242,-0.09990815934513253,2.2650151378493995,0.2058,True
1890,0.19,0.16,0.21,0.26,0.18,0.839626486248346,0.22524542469392195,0.13000691854127697,-0.10161738873544324,2.2166031571657414,0.2058,True
1891,0.21,0.18,0.16,0.26,0.19,0.8360452623114976,0.22445002275363768,0.1325192467960497,-0.09395570350357663,2.388891939328553,0.2058,True
1892,0.21,0.16,0.19,0.26,0.18,0.8358770155822197,0.22441262915616833,0.12974338872779875,-0.09718043991609548,2.3092366051226327,0.2058,True
1893,0.16,0.19,0.21,0.26,0.18,0.825481936452825,0.22209783021047436,0.12844941402104984,-0.10039025415721958,2.2123445355826123,0.2058,True
1894,0.26,0.19,0.16,0.21,0.18,0.8254076323524999,0.22208125241501264,0.131808646099064,-0.08964296648402859,2.4773974035607154,0.2058,True
1895,0.21,0.18,0.26,0.19,0.16,0.8220695976165302,0.22133604754403913,0.1266458352262442,-0.1040470677021551,2.1272684798540906,0.2058,True
1896,0.26,0.21,0.16,0.19,0.18,0.8197704573907805,0.2208222427843347,0.13209184756030054,-0.08896895912391278,2.4820144571634404,0.2058,True
1897,0.19,0.18,0.26,0.21,0.16,0.8183358363972337,0.2205014187844947,0.12515649944901797,-0.1038540166799764,2.1231862361565117,0.2058,True
1898,0.25,0.2,0.15,0.22,0.18,0.8169703651150229,0.22019590192127025,0.13033212970647506,-0.08684803242559003,2.5354161259776435,0.2058,True
1899,0.21,0.19,0.16,0.26,0.18,0.8161403939070973,0.22001012551327737,0.12773376282684593,-0.08918130168622063,2.466998365726602,0.2058,True
1900,0.22,0.2,0.15,0.25,0.18,0.8114280377277292,0.218954261856533,0.1278720632736623,-0.0865728330510267,2.529133610857804,0.2058,True
1901,0.25,0.22,0.15,0.2,0.18,0.8113495309135403,0.21893665590005562,0.13061672155252585,-0.08616331203580818,2.540949862849618,0.2058,True
1902,0.19,0.21,0.16,0.26,0.18,0.8068137217438351,0.21791858922720242,0.1265419102632649,-0.088322585672989,2.467303097692788,0.2058,True
1903,0.26,0.18,0.19,0.21,0.16,0.8048306716641211,0.2174729563719413,0.12457591720013182,-0.08808513860737288,2.4688949783152006,0.2058,True
1904,0.2,0.22,0.15,0.25,0.18,0.8021247013614039,0.2168643412301352,0.12662673448953382,-0.0857046409377038,2.5303687041611616,0.2058,True
1905,0.19,0.18,0.21,0.26,0.16,0.7995302947918157,0.21628024610636198,0.12047171142583692,-0.09216622250422524,2.3466324237867826,0.2058,True
1906,0.2,0.18,0.25,0.22,0.15,0.7990451783050672,0.21617096647279932,0.12014977247138284,-0.09721810275750231,2.2235670141805706,0.2058,True
1907,0.26,0.19,0.18,0.21,0.16,0.7982296312038775,0.21598720818960992,0.12389376837101995,-0.08536030373668824,2.53030037071878,0.2058,True
1908,0.22,0.25,0.15,0.2,0.18,0.7974147355582863,0.21580354118394807,0.12858065829750115,-0.08485245417139609,2.5432799002847912,0.2058,True
1909,0.21,0.18,0.19,0.26,0.16,0.7956640616511892,0.2154087739439301,0.12025831292733757,-0.08762319619673797,2.4583533047605184,0.2058,True
1910,0.18,0.19,0.21,0.26,0.16,0.7948857214934508,0.21523318015433457,0.1198790575772102,-0.09174009348209389,2.3461190411403323,0.2058,True
1911,0.2,0.25,0.15,0.22,0.18,0.7937322303400689,0.2149728587836992,0.12705048220656967,-0.0846689881231858,2.5389798974676885,0.2058,True
1912,0.26,0.21,0.18,0.19,0.16,0.7926404733121524,0.21472636681498236,0.12418571435095996,-0.08466637407408462,2.5361469551901785,0.2058,True
1913,0.18,0.2,0.25,0.22,0.15,0.7897547164584131,0.2140743513762302,0.11892215242962301,-0.09637712762842043,2.2212153095243554,0.2058,True
1914,0.25,0.18,0.2,0.22,0.15,0.7892393990333635,0.2139578454657418,0.11980336167726653,-0.08584099924013555,2.492490154584598,0.2058,True
1915,0.21,0.19,0.18,0.26,0.16,0.7890931613898957,0.21392477914778185,0.11954749704628277,-0.08490141411823326,2.5196845231561316,0.2058,True
1916,0.2,0.18,0.22,0.25,0.15,0.7877057560789917,0.213610978270949,0.11729264595450113,-0.09013842648561321,2.3698103749907697,0.2058,True
1917,0.22,0.18,0.2,0.25,0.15,0.7837790246830589,0.2127219560621576,0.11712570069183359,-0.08556467749540086,2.4860954577149137,0.2058,True
1918,0.19,0.21,0.18,0.26,0.16,0.7798663771353458,0.21183482368505158,0.11826242983033852,-0.08402394156486681,2.521124571637886,0.2058,True
1919,0.18,0.2,0.22,0.25,0.15,0.7784696668483466,0.2115178262996149,0.11603654135027702,-0.0892757746032048,2.3692634114879123,0.2058,True
1920,0.25,0.2,0.18,0.22,0.15,0.7760589156344802,0.21097029144745116,0.1183882883457034,-0.08033546271769032,2.6261165904879307,0.2058,True
1921,0.22,0.2,0.18,0.25,0.15,0.7706347589342157,0.20973653137058146,0.11567279124096289,-0.08006289611160988,2.6196470719495704,0.2058,True
1922,0.25,0.22,0.18,0.2,0.15,0.7705105336078328,0.2097082460057378,0.1186873788798738,-0.07962019536453113,2.6338574660061402,0.2058,True
1923,0.2,0.22,0.18,0.25,0.15,0.7614821874001689,0.20764899279677018,0.11427859806278327,-0.07916597441293771,2.622957581670783,0.2058,True
1924,0.21,0.15,0.23,0.17,0.24,0.9534589175841517,0.2500075890220732,0.16191508971886842,-0.13154642429688335,1.9005274400909467,0.206,True
1925,0.23,0.15,0.21,0.17,0.24,0.9501122864019171,0.24929351358646,0.16158515155813086,-0.12739383315019914,1.9568726948700839,0.206,True
1926,0.21,0.15,0.24,0.17,0.23,0.9409382166243092,0.24733183011896065,0.15794301640719324,-0.12971506346767925,1.9067317511708086,0.206,True
1927,0.24,0.15,0.21,0.17,0.23,0.9358184762975814,0.24623439162390048,0.15748127200953352,-0.12343694216600487,1.9948192761673469,0.206,True
1928,0.23,0.15,0.17,0.21,0.24,0.93541556887436,0.24614794457401068,0.15859533024007355,-0.11860656990188723,2.0753314489882575,0.206,True
1929,0.21,0.15,0.17,0.23,0.24,0.9314806953619987,0.2453030541097898,0.15732835731611583,-0.11841167670205321,2.0716120313625823,0.206,True
1930,0.23,0.17,0.15,0.21,0.24,0.9222258766275542,0.24331133864915588,0.1574318449529902,-0.11360047834635634,2.1418161454155524,0.206,True
1931,0.24,0.15,0.17,0.21,0.23,0.9210343832827501,0.24305445495928346,0.15445987992668592,-0.11456989536763162,2.121451313011772,0.206,True
1932,0.21,0.17,0.15,0.23,0.24,0.9183148173648235,0.24246772352901313,0.15615322078777816,-0.11340757188239181,2.138020588082618,0.206,True
1933,0.21,0.15,0.17,0.24,0.23,0.9151831183508248,0.24179138920299237,0.15246936635966155,-0.11427963327755675,2.115787234071196,0.206,True
1934,0.24,0.17,0.15,0.21,0.23,0.9078289801733799,0.2402002558659171,0.15328588105588092,-0.10950730484971527,2.1934633145757823,0.206,True
1935,0.21,0.17,0.15,0.24,0.23,0.9020135032184953,0.2389391276756272,0.1512764573061336,-0.10922010749514743,2.1876844214444953,0.206,True
1936,0.17,0.15,0.23,0.24,0.21,0.8965803408052313,0.2377585820841399,0.14505995009208253,-0.11895855277954881,1.9986674058211562,0.206,True
1937,0.24,0.21,0.15,0.17,0.23,0.8962570350049561,0.2376882614869147,0.15381008677413763,-0.10832006400406047,2.1943142636806856,0.206,True
1938,0.24,0.15,0.17,0.23,0.21,0.8878234704395276,0.2358510889690668,0.14482920194172377,-0.10615065034601501,2.2218525105618525,0.206,True
1939,0.23,0.15,0.17,0.24,0.21,0.885907508439876,0.2354329522352947,0.14410020112712024,-0.1060553564402612,2.2199062842046007,0.206,True
1940,0.24,0.17,0.15,0.23,0.21,0.8746139955606114,0.2329624995327808,0.14361992567423593,-0.10097407985639684,2.307151497335703,0.206,True
1941,0.23,0.17,0.15,0.24,0.21,0.8727100072883891,0.23254502589119852,0.1428834960168694,-0.10087986646069513,2.305167860048693,0.206,True
1942,0.23,0.16,0.19,0.17,0.25,0.9559407233732735,0.25053660888920204,0.1649766571253565,-0.12679641573907763,1.9758966168630323,0.20600000000000002,True
1943,0.23,0.16,0.17,0.19,0.25,0.948631885168213,0.24897737761363592,0.16352646525863296,-0.1224205460072465,2.033787511443529,0.20600000000000002,True
1944,0.23,0.17,0.16,0.19,0.25,0.9420418386081106,0.24756814333048172,0.16294672430711307,-0.11994770374046015,2.0639673425192324,0.20600000000000002,True
1945,0.19,0.16,0.17,0.23,0.25,0.9407001973549893,0.24728085246588427,0.16114513149612533,-0.122027963124276,2.0264277640531287,0.20600000000000002,True
1946,0.23,0.19,0.16,0.17,0.25,0.9361845438234506,0.2463129239749775,0.16320162206163516,-0.11939531754249477,2.063003215241759,0.20600000000000002,True
1947,0.25,0.16,0.19,0.17,0.23,0.9274696571028163,0.24444062767127273,0.15677231054551236,-0.11883650669187495,2.056948950082067,0.20600000000000002,True
1948,0.25,0.16,0.17,0.19,0.23,0.920072856974977,0.24284707425798246,0.1552930665027171,-0.11438079148987579,2.123145600714589,0.20600000000000002,True
1949,0.25,0.17,0.16,0.19,0.23,0.9134664664932635,0.24142034123660916,0.15470296365800662,-0.11185200544330576,2.158390815433144,0.20600000000000002,True
1950,0.17,0.16,0.23,0.25,0.19,0.8602764139674925,0.2298118200665784,0.13537398094128394,-0.11029166432321869,2.083673516731928,0.20600000000000002,True
1951,0.25,0.16,0.17,0.23,0.19,0.8529831117090263,0.2282029033812194,0.1361081316590861,-0.09729848703421395,2.3453900501142875,0.20600000000000002,True
1952,0.23,0.16,0.17,0.25,0.19,0.8492237875800301,0.22737193965708835,0.13452429231076482,-0.097111008887245,2.3413611109847343,0.20600000000000002,True
1953,0.25,0.17,0.16,0.23,0.19,0.846374863183049,0.22674146084200975,0.1354815734488129,-0.09465375353271999,2.395483035584316,0.20600000000000002,True
1954,0.23,0.17,0.16,0.25,0.19,0.8426275514527823,0.2259111767234503,0.13388893525191342,-0.09446741406299031,2.391419083122293,0.20600000000000002,True
1955,0.2,0.15,0.2,0.19,0.26,0.9724219863041395,0.25403843755067745,0.16861209116422735,-0.13291265093548787,1.9113187176891135,0.20620000000000002,True
1956,0.19,0.15,0.2,0.2,0.26,0.9704073903322952,0.25361143882309456,0.16806977595847075,-0.13281242004273408,1.9095461007448842,0.20620000000000002,True
1957,0.2,0.15,0.19,0.2,0.26,0.968798160117855,0.2532701492284499,0.16787209209508963,-0.1307585264328991,1.9369302800947341,0.20620000000000002,True
1958,0.2,0.14,0.21,0.2,0.25,0.963144118072135,0.2520695489031932,0.16443942291365723,-0.1313565910068838,1.9189714575493468,0.20620000000000002,True
1959,0.21,0.14,0.2,0.2,0.25,0.9614995281216738,0.25171989780197435,0.16425499897422602,-0.12929342973864655,1.9468885488674899,0.20620000000000002,True
1960,0.2,0.14,0.2,0.21,0.25,0.9595001684380271,0.25129455686510926,0.16367708266158748,-0.1291938495732794,1.9450969043427546,0.20620000000000002,True
1961,0.2,0.19,0.15,0.2,0.26,0.9425308746209875,0.24767282960683445,0.1655309042605162,-0.12099101834582116,2.047034837734207,0.20620000000000002,True
1962,0.2,0.14,0.25,0.2,0.21,0.9127257888021274,0.2412601779443031,0.1484492498954408,-0.12396448841414753,1.9462039575260257,0.20620000000000002,True
1963,0.25,0.14,0.2,0.2,0.21,0.9038402594691697,0.23933554958108205,0.14775349884578298,-0.11331742266045275,2.1120807724177886,0.20620000000000002,True
1964,0.21,0.14,0.25,0.2,0.2,0.8979901352645603,0.23806512591583173,0.14429766490410978,-0.11994833408135619,1.9847305737015206,0.20620000000000002,True
1965,0.2,0.14,0.25,0.21,0.2,0.8960527653704649,0.23764382771860815,0.14363763471831592,-0.11984948695392916,1.9828522737853673,0.20620000000000002,True
1966,0.2,0.14,0.2,0.25,0.21,0.8941837350407806,0.23723711846552997,0.14426701968727915,-0.11283292208624629,2.1025522877462364,0.20620000000000002,True
1967,0.25,0.14,0.21,0.2,0.2,0.8907515634037582,0.2364895653974377,0.14379290860563423,-0.11136214668685673,2.123608177762874,0.20620000000000002,True
1968,0.25,0.14,0.2,0.21,0.2,0.8870000771853022,0.2356714275204519,0.14298548053665436,-0.10909920513886451,2.160157145237518,0.20620000000000002,True
1969,0.26,0.15,0.2,0.19,0.2,0.8860319345243015,0.23546011539858158,0.14390221939143621,-0.10889764680512215,2.1622149082794175,0.20620000000000002,True
1970,0.26,0.15,0.19,0.2,0.2,0.8822781847835484,0.234640116907322,0.14311231426366516,-0.10662317127849863,2.200648452806233,0.20620000000000002,True
1971,0.2,0.14,0.21,0.25,0.2,0.8811584048958079,0.23439529230366585,0.14020670887443243,-0.1108785820913113,2.113981689544293,0.20620000000000002,True
1972,0.2,0.15,0.26,0.2,0.19,0.8800662845144005,0.23415642145922178,0.13985611702398587,-0.11764693690971928,1.9903316449191564,0.20620000000000002,True
1973,0.21,0.14,0.2,0.25,0.2,0.8793443438402886,0.23399846629438636,0.14005862554053036,-0.10871453007425469,2.1524120661199535,0.20620000000000002,True
1974,0.19,0.15,0.2,0.26,0.2,0.872643504791047,0.23253043925912875,0.1388559950227279,-0.10822432425682793,2.148596822903778,0.20620000000000002,True
1975,0.2,0.15,0.19,0.26,0.2,0.8708305857386036,0.23213266118089226,0.13869966231315645,-0.1060493396904435,2.188911895712733,0.20620000000000002,True
1976,0.26,0.15,0.2,0.2,0.19,0.8690268681718303,0.23173664689427742,0.13916176100476302,-0.10461863735813026,2.2150608414158284,0.20620000000000002,True
1977,0.25,0.2,0.14,0.2,0.21,0.8642027466470052,0.2306762357158909,0.14407045946068278,-0.0978202153835297,2.358165281189215,0.20620000000000002,True
1978,0.2,0.15,0.2,0.26,0.19,0.857656040349855,0.22923424541917958,0.1346183159875866,-0.10404606914861614,2.2031994797588035,0.20620000000000002,True
1979,0.26,0.19,0.15,0.2,0.2,0.8558283897548549,0.22883107868871355,0.14063487101014158,-0.09617317464931607,2.3793649271027872,0.20620000000000002,True
1980,0.26,0.2,0.15,0.19,0.2,0.8529807668176099,0.22820238541522397,0.14077219417498704,-0.0958504541435341,2.3808169450454093,0.20620000000000002,True
1981,0.25,0.2,0.14,0.21,0.2,0.8473613966342692,0.22695985816420938,0.13924572629490822,-0.09342676844662956,2.4292808360792355,0.20620000000000002,True
1982,0.25,0.21,0.14,0.2,0.2,0.844521936219452,0.22633105220856087,0.13938355345771636,-0.09309887328840238,2.4310826137221966,0.20620000000000002,True
1983,0.21,0.2,0.14,0.25,0.2,0.8398494768982663,0.22529491751515907,0.13622260481731163,-0.09305533262637966,2.4210855107006695,0.20620000000000002,True
1984,0.26,0.2,0.15,0.2,0.19,0.8359774945143452,0.22443496132863805,0.13598324805805273,-0.09142291131207114,2.454909366893072,0.20620000000000002,True
1985,0.2,0.2,0.15,0.26,0.19,0.824786680760083,0.22194269591884574,0.13130894261642204,-0.09086729926729231,2.4424924885902715,0.20620000000000002,True
1986,0.26,0.2,0.19,0.2,0.15,0.781674428390736,0.21224493279987033,0.12018155747258963,-0.082837139793973,2.5621953308353205,0.20620000000000002,True
1987,0.2,0.19,0.2,0.26,0.15,0.7773550697169145,0.21126473821626668,0.11560736625569928,-0.0850345519396617,2.4844575927932757,0.20620000000000002,True
1988,0.19,0.2,0.2,0.26,0.15,0.7727565337545543,0.21021944266087966,0.11495711373572841,-0.08459531618721228,2.4850009685602092,0.20620000000000002,True
1989,0.2,0.2,0.19,0.26,0.15,0.7707970851114674,0.20977349007759094,0.11486105921114122,-0.08228823843402777,2.5492524092099846,0.20620000000000002,True
1990,0.2,0.2,0.21,0.25,0.14,0.7607885711572482,0.20749049675821052,0.11182492073526655,-0.08250653521098816,2.5148371123282494,0.20620000000000002,True
1991,0.21,0.2,0.2,0.25,0.14,0.7587991914500145,0.2070356788944181,0.11175387983616214,-0.08018365462567345,2.582018490687861,0.20620000000000002,True
1992,0.2,0.21,0.2,0.25,0.14,0.7542379771797345,0.20599158430362619,0.11104745123268474,-0.07973465967473381,2.583463516918985,0.20620000000000002,True
1993,0.19,0.17,0.19,0.18,0.27,0.9765379434541122,0.2549099220173252,0.17239152134835375,-0.13410985444311208,1.9007545946256708,0.2064,True
1994,0.18,0.17,0.19,0.19,0.27,0.9745142075329261,0.2544815814517596,0.17188105033157333,-0.13400942829841367,1.8989826662425364,0.2064,True
1995,0.19,0.15,0.21,0.19,0.26,0.9740246234641141,0.254377912937058,0.16882416016873425,-0.13495960294569076,1.8848448527180575,0.2064,True
1996,0.19,0.18,0.19,0.17,0.27,0.9735718320207398,0.25428201993246224,0.17251406683542292,-0.13385969210609538,1.8996160526868817,0.2064,True
1997,0.19,0.17,0.18,0.19,0.27,0.9729431178509444,0.25414884536164295,0.1716713734373632,-0.13196127228908117,1.9259350940849629,0.2064,True
1998,0.21,0.15,0.19,0.19,0.26,0.9708082483022809,0.25369642487612376,0.16843696369565272,-0.13085830189073033,1.9387109660643929,0.2064,True
1999,0.19,0.15,0.19,0.21,0.26,0.966788084682404,0.25284358601152057,0.167328664335048,-0.13065881278094915,1.9351437582355462,0.2064,True
2000,0.19,0.18,0.17,0.19,0.27,0.9663882411866,0.2527586995505422,0.1710860053164112,-0.12954900786879564,1.9510662698901609,0.2064,True
2001,0.22,0.16,0.18,0.18,0.26,0.9662264818888024,0.25272435490863243,0.1684209646865854,-0.12853716023226247,1.9661579145825825,0.2064,True
2002,0.21,0.14,0.21,0.19,0.25,0.9651480221837063,0.2524953287959981,0.16501596983193792,-0.1314566931150345,1.9207491289549306,0.2064,True
2003,0.19,0.14,0.21,0.21,0.25,0.9611402158245979,0.25164347952831223,0.16388464739463174,-0.1312565509945569,1.9171879622126262,0.2064,True
2004,0.22,0.18,0.18,0.16,0.26,0.9603205565618653,0.2514691200590229,0.16867113862425118,-0.12801614419045415,1.9643547432963093,0.2064,True
2005,0.18,0.16,0.18,0.22,0.26,0.9582098762015347,0.2510199082806719,0.16619496837689818,-0.1281400022188659,1.958950397487308,0.2064,True
2006,0.21,0.14,0.19,0.21,0.25,0.9578489933629046,0.25094307001230987,0.16350753597782555,-0.1271236612210913,1.9740075734278448,0.2064,True
2007,0.22,0.14,0.22,0.18,0.24,0.9547375215092126,0.25028019120622136,0.1616085811547767,-0.12973299763604484,1.929194543922909,0.2064,True
2008,0.22,0.18,0.16,0.18,0.26,0.9530691221872822,0.24992445981534028,0.16726029653090094,-0.12365167252388487,2.021197568250152,0.2064,True
2009,0.18,0.14,0.22,0.22,0.24,0.9467707046888714,0.24857969989187612,0.15928804175117853,-0.12933322323603025,1.9220096249996315,0.2064,True
2010,0.24,0.16,0.2,0.16,0.24,0.9454840466713514,0.24830463194761254,0.16160362243075585,-0.12503913172392844,1.9858153885444414,0.2064,True
2011,0.21,0.19,0.15,0.19,0.26,0.9445172548594918,0.24809786671996292,0.1661057846399294,-0.12108892951396011,2.0488897516544666,0.2064,True
2012,0.22,0.14,0.18,0.22,0.24,0.9400504685565167,0.24714167591471314,0.15855872922148515,-0.12098907805060699,2.0426775697169903,0.2064,True
2013,0.21,0.13,0.22,0.21,0.23,0.9394518129448282,0.24701341209343064,0.15606915955866654,-0.1258710115037427,1.9624328838104703,0.2064,True
2014,0.22,0.13,0.21,0.21,0.23,0.9377377107595268,0.2466460143261784,0.15590533078743915,-0.12377882377116911,1.9926349823953313,0.2064,True
2015,0.21,0.13,0.21,0.22,0.23,0.9357661223265612,0.2462231593336921,0.15527393828210895,-0.12368005640249458,1.990807301481194,0.2064,True
2016,0.24,0.16,0.16,0.2,0.24,0.9307776774681644,0.24515198229865187,0.15867469343067536,-0.11620814036539562,2.10959388497067,0.2064,True
2017,0.22,0.14,0.24,0.18,0.22,0.9294765315443505,0.2448722817202149,0.15367302554259102,-0.12603661681977085,1.9428661915796743,0.2064,True
2018,0.21,0.13,0.23,0.21,0.22,0.926736421983203,0.24428284305981518,0.15207215093734996,-0.12400618764341875,1.969924627973028,0.2064,True
2019,0.24,0.14,0.22,0.18,0.22,0.9259916734442788,0.24412253989103228,0.15338671706603196,-0.12182525727868065,2.0038746097830207,0.2064,True
2020,0.21,0.19,0.14,0.21,0.25,0.9249582015657167,0.24390002207336403,0.16058247866598974,-0.11476359234521571,2.125238650073782,0.2064,True
2021,0.23,0.13,0.21,0.21,0.22,0.9232421313320502,0.24353035734383455,0.15176762230421648,-0.11978857794827602,2.0330014890817845,0.2064,True
2022,0.2,0.16,0.16,0.24,0.24,0.9229317523461305,0.24346347403124935,0.1561298052492694,-0.11582032502624062,2.102079008810323,0.2064,True
2023,0.18,0.14,0.24,0.22,0.22,0.9216083479349335,0.2431782138993519,0.15122769067370276,-0.12563793707863824,1.9355476502861062,0.2064,True
2024,0.21,0.13,0.21,0.23,0.22,0.9193331028042089,0.24268747793995105,0.15044411438385163,-0.11959237894786956,2.0292888232095354,0.2064,True
2025,0.21,0.14,0.25,0.19,0.21,0.9146803491168314,0.24168274045775506,0.1490891332187392,-0.12406404326949183,1.9480482345136212,0.2064,True
2026,0.18,0.14,0.22,0.24,0.22,0.9142448700205934,0.24158861777872231,0.14955911610736336,-0.12123338039157672,1.992756590622197,0.2064,True
2027,0.22,0.18,0.14,0.22,0.24,0.913694910905309,0.2414697314527865,0.15622044289374343,-0.11097860737935528,2.1758223242735135,0.2064,True
2028,0.22,0.13,0.23,0.21,0.21,0.9121126220403248,0.2411275561793873,0.14792415497606468,-0.12000689057639535,2.0092809256305793,0.2064,True
2029,0.24,0.14,0.18,0.22,0.22,0.9111310423880636,0.24091519139284379,0.15026854194413627,-0.11292188176642493,2.133467735608309,0.2064,True
2030,0.19,0.14,0.25,0.21,0.21,0.9107711759686479,0.24083731606426473,0.14783283351485402,-0.12386499641747062,1.944353312315566,0.2064,True
2031,0.23,0.13,0.22,0.21,0.21,0.9103326703266355,0.24074240993755458,0.14778410845042486,-0.11788124149680101,2.0422452875514354,0.2064,True
2032,0.21,0.13,0.23,0.22,0.21,0.9101659983229722,0.24070633317290846,0.14725792315918274,-0.11990843320561861,2.007417883278868,0.2064,True
2033,0.26,0.16,0.18,0.18,0.22,0.909202614490523,0.2404977640824717,0.15199455162408185,-0.11253580569470578,2.1370777291532366,0.2064,True
2034,0.25,0.14,0.21,0.19,0.21,0.9075756164111373,0.24014536554458688,0.14854916660907008,-0.1155602223244434,2.07809712299066,0.2064,True
2035,0.22,0.14,0.18,0.24,0.22,0.9072525552189998,0.24007536848199318,0.1488847965852509,-0.11272878215375604,2.129672332967664,0.2064,True
2036,0.23,0.13,0.21,0.22,0.21,0.9066042582923917,0.2399348793502858,0.14696935537176925,-0.1156502496529257,2.0746594155252303,0.2064,True
2037,0.21,0.13,0.22,0.23,0.21,0.9064487441274984,0.23990117392969346,0.14642403196338571,-0.11768537249453814,2.0384961091135385,0.2064,True
2038,0.22,0.13,0.21,0.23,0.21,0.9046669613374838,0.23951486768290065,0.1462754461853438,-0.1155528421427432,2.072773488228237,0.2064,True
2039,0.25,0.14,0.19,0.21,0.21,0.9001030094868154,0.2385242623440862,0.1469725507138561,-0.11106770674788868,2.1475572813032837,0.2064,True
2040,0.26,0.15,0.19,0.19,0.21,0.8991361421554867,0.23831420028590022,0.1478667295950927,-0.11087067957017716,2.149479025561992,0.2064,True
2041,0.26,0.18,0.16,0.18,0.22,0.8959797040037576,0.2376279342641221,0.15079156299321167,-0.10742679122776477,2.2119988091267353,0.2064,True
2042,0.19,0.14,0.21,0.25,0.21,0.895959783534573,0.2376236007803565,0.14444953302674446,-0.11497562393524474,2.0667302567906756,0.2064,True
2043,0.21,0.14,0.19,0.25,0.21,0.8923964824036441,0.23684795405836634,0.14412765587774215,-0.11068225483356742,2.139890937481477,0.2064,True
2044,0.19,0.15,0.19,0.26,0.21,0.8856589325339055,0.2353786826407509,0.14296231406709412,-0.11019598685750709,2.136000496507335,0.2064,True
2045,0.22,0.21,0.13,0.21,0.23,0.8850480633328324,0.23524529617403567,0.151061228582079,-0.10358178326036527,2.2711068372198064,0.2064,True
2046,0.24,0.18,0.14,0.22,0.22,0.8847149984238898,0.23517255757824151,0.14788654655251277,-0.10268343836121407,2.290267654954878,0.2064,True
2047,0.21,0.15,0.26,0.19,0.19,0.8819896485619345,0.23457704168626137,0.14053626370381367,-0.11774567666999136,1.9922348600850635,0.2064,True
2048,0.21,0.14,0.25,0.21,0.19,0.8811351149808506,0.23439019924996796,0.139505120992744,-0.11578271240634974,2.0243972038533236,0.2064,True
2049,0.22,0.18,0.14,0.24,0.22,0.8808843173610474,0.2343353519997462,0.14647546542845635,-0.10249454170030281,2.286320306548128,0.2064,True
2050,0.19,0.15,0.26,0.21,0.19,0.87814283804588,0.23373549618705414,0.1392004564292521,-0.11754826024743803,1.9884215699581007,0.2064,True
2051,0.25,0.14,0.21,0.21,0.19,0.8737638530127656,0.2327761299187885,0.13903840254865868,-0.10711277722230816,2.1731873260616816,0.2064,True
2052,0.26,0.15,0.21,0.19,0.19,0.8727944783606774,0.23256355324561429,0.1399788026002126,-0.10690661312596894,2.17538977660421,0.2064,True
2053,0.26,0.19,0.15,0.19,0.21,0.8726871645928913,0.232540015622136,0.1454259651782899,-0.10053755191291502,2.3129667591623937,0.2064,True
2054,0.23,0.21,0.13,0.21,0.22,0.8704940045320573,0.23205878259206547,0.14687567941357882,-0.0993621688352686,2.3354842724577907,0.2064,True
2055,0.25,0.19,0.14,0.21,0.21,0.867060564160165,0.23130464561482,0.14393595345320306,-0.09813831921099136,2.3569248737338695,0.2064,True
2056,0.21,0.14,0.21,0.25,0.19,0.8661592618546545,0.23110652613947646,0.13602578479116345,-0.10672890914149524,2.165360144673533,0.2064,True
2057,0.26,0.15,0.19,0.21,0.19,0.8652574438635228,0.23090822944578293,0.1383601818188809,-0.10232350625748288,2.256648915692299,0.2064,True
2058,0.24,0.16,0.16,0.24,0.2,0.8643587877711036,0.23071056441082738,0.13938163289377656,-0.09925434043025327,2.3244380387873247,0.2064,True
2059,0.22,0.14,0.24,0.22,0.18,0.8622600750223339,0.23024869185486319,0.1345397316031156,-0.10938982832314981,2.1048455362292255,0.2064,True
2060,0.25,0.21,0.14,0.19,0.21,0.8613475153574603,0.23004775274255884,0.14420718146922393,-0.09750112882287187,2.3594368139109596,0.2064,True
2061,0.19,0.15,0.21,0.26,0.19,0.8594954383010429,0.229639736599486,0.13478416319271674,-0.10623471378875782,2.1616261616340644,0.2064,True
2062,0.21,0.19,0.14,0.25,0.21,0.8594737170468421,0.22963494975816,0.1410171248416179,-0.0977636336225648,2.3488790386485596,0.2064,True
2063,0.24,0.14,0.22,0.22,0.18,0.8585086876598638,0.2294222428880055,0.13432704501934448,-0.10501232651663017,2.18471726604089,0.2064,True
2064,0.27,0.17,0.18,0.19,0.19,0.857661847565216,0.22923552602802366,0.13868461563531487,-0.09948422660986533,2.304239916614998,0.2064,True
2065,0.18,0.16,0.26,0.22,0.18,0.8564240682746573,0.22896251020462932,0.13385396794469223,-0.1129552987070771,2.0270187660553183,0.2064,True
2066,0.21,0.15,0.19,0.26,0.19,0.8558054077608688,0.22882600733920233,0.1344988033629079,-0.10184917607680599,2.2467143687705553,0.2064,True
2067,0.22,0.14,0.22,0.24,0.18,0.8547321364158822,0.2285891259650199,0.13277533706911734,-0.10482081146074429,2.1807608887918906,0.2064,True
2068,0.23,0.21,0.13,0.22,0.21,0.8538500378529361,0.22839436983998396,0.1420007224620836,-0.09499452002873687,2.4042899503138937,0.2064,True
2069,0.22,0.21,0.13,0.23,0.21,0.8519605899642122,0.22797699580682673,0.14127737240195437,-0.09490140430139082,2.4022510255255054,0.2064,True
2070,0.23,0.22,0.13,0.21,0.21,0.8510042898407901,0.2277656434238704,0.14213648782221058,-0.09467026942370571,2.4058835451759815,0.2064,True
2071,0.18,0.17,0.19,0.27,0.19,0.8444385164237305,0.2263125689201093,0.13271559600389451,-0.1009411902634727,2.242023977817155,0.2064,True
2072,0.19,0.17,0.18,0.27,0.19,0.8425968287282217,0.22590436490200116,0.1325605719471998,-0.09872963255688094,2.288111067078582,0.2064,True
2073,0.18,0.16,0.22,0.26,0.18,0.8414843667048839,0.22565765955152095,0.13021084911073488,-0.10382329658298561,2.173478082264066,0.2064,True
2074,0.26,0.16,0.18,0.22,0.18,0.8414522734665022,0.22565054091393932,0.1329484411514797,-0.0953232885142814,2.3672131378485983,0.2064,True
2075,0.26,0.19,0.15,0.21,0.19,0.8388091776629338,0.22506398867765465,0.13584468377352799,-0.09175453236845921,2.4528923298727507,0.2064,True
2076,0.19,0.18,0.17,0.27,0.19,0.8360289442058528,0.22444639608081296,0.13189427527564876,-0.09609459645868779,2.335681758935375,0.2064,True
2077,0.22,0.16,0.18,0.26,0.18,0.8339853970700815,0.2239920510328146,0.12968375448781735,-0.0949493033108425,2.3590699796871113,0.2064,True
2078,0.26,0.21,0.15,0.19,0.19,0.8331483855184967,0.22380585949683218,0.1361241497559438,-0.09109025427541184,2.456968215503648,0.2064,True
2079,0.16,0.18,0.22,0.26,0.18,0.8320340974975018,0.2235579003881336,0.1292033911659236,-0.10301312279474384,2.1701885577585895,0.2064,True
2080,0.21,0.19,0.15,0.26,0.19,0.8294772082431849,0.22298854329400553,0.1318956983410415,-0.09129154794406324,2.4425978999790487,0.2064,True
2081,0.19,0.17,0.19,0.27,0.18,0.829301923564379,0.22294949222876514,0.12843981156521553,-0.09667154135258937,2.306257758067632,0.2064,True
2082,0.26,0.18,0.16,0.22,0.18,0.8282300743417486,0.2227106443715985,0.13167064912505508,-0.08997839103084548,2.4751569995872793,0.2064,True
2083,0.25,0.21,0.14,0.21,0.19,0.8275368057126888,0.22255610861861141,0.13455897151249613,-0.0886416415386545,2.5107399271431587,0.2064,True
2084,0.22,0.18,0.26,0.18,0.16,0.8239362802327876,0.22175289014781585,0.12742932212133243,-0.10414368798291807,2.1292974585669406,0.2064,True
2085,0.22,0.18,0.16,0.26,0.18,0.8208113134219817,0.22105490366315528,0.1283675979845812,-0.0896090734314513,2.46688081014761,0.2064,True
2086,0.21,0.21,0.14,0.25,0.19,0.8201002276844453,0.22089596540920153,0.1314242011783299,-0.0882736029390343,2.502401148866238,0.2064,True
2087,0.17,0.19,0.19,0.27,0.18,0.8199107083009962,0.22085359801672255,0.12736392958038453,-0.09583847866859785,2.304435557459311,0.2064,True
2088,0.18,0.18,0.26,0.22,0.16,0.8164687597597191,0.22008363197193348,0.12445189506621888,-0.10375758581466199,2.1211329296448747,0.2064,True
2089,0.19,0.19,0.17,0.27,0.18,0.8161724965769404,0.220017312259027,0.1270674715017994,-0.0913475324943287,2.408574224735482,0.2064,True
2090,0.19,0.18,0.19,0.27,0.17,0.8093100988952135,0.21847911401033193,0.12363792718599137,-0.09192186913995071,2.3767914649091644,0.2064,True
2091,0.24,0.22,0.14,0.22,0.18,0.8057508659035311,0.21767978385102116,0.1290304822494446,-0.08368998874433697,2.601025368948336,0.2064,True
2092,0.18,0.19,0.19,0.27,0.17,0.8046495676040644,0.21743224223380841,0.12306333980315794,-0.09149674297842858,2.3763932480642573,0.2064,True
2093,0.19,0.19,0.18,0.27,0.17,0.8027490957865973,0.21700483137361126,0.12293076522341206,-0.08923246657215145,2.431904436914179,0.2064,True
2094,0.18,0.22,0.16,0.26,0.18,0.8021579676502719,0.21687182703802654,0.12598500435380636,-0.08789163355239304,2.467491139628747,0.2064,True
2095,0.22,0.22,0.14,0.24,0.18,0.802070453925771,0.21685213390344615,0.127402623091789,-0.08350774473073064,2.5967906881293743,0.2064,True
2096,0.18,0.18,0.22,0.26,0.16,0.8014465223433744,0.21671171265942868,0.12065659051716468,-0.09442466792293813,2.2950751898464863,0.2064,True
2097,0.26,0.18,0.18,0.22,0.16,0.8010280490273729,0.21661751342115498,0.12375161522096541,-0.08570562750412036,2.5274596281409987,0.2064,True
2098,0.22,0.24,0.14,0.22,0.18,0.796476270128778,0.21559195433825762,0.1276879004619128,-0.08280989118116477,2.603456558910372,0.2064,True
2099,0.22,0.18,0.18,0.26,0.16,0.7937140277595653,0.21496874990741843,0.12022973916222664,-0.08533851429706685,2.5190120976222232,0.2064,True
2100,0.26,0.22,0.18,0.18,0.16,0.7898497310546029,0.21409583037732327,0.12433551168780485,-0.08431775776409278,2.5391546935620393,0.2064,True
2101,0.26,0.19,0.19,0.21,0.15,0.7844580840488298,0.21287579011912938,0.12003436985667139,-0.08318864478408117,2.5589524949186924,0.2064,True
2102,0.22,0.18,0.24,0.22,0.14,0.7813553265513677,0.2121725730692976,0.11609234684850901,-0.09056646090960474,2.342727881142105,0.2064,True
2103,0.19,0.19,0.21,0.26,0.15,0.7793112073811295,0.21170884221765007,0.11572677185403152,-0.08732897036901788,2.4242681589288386,0.2064,True
2104,0.26,0.21,0.19,0.19,0.15,0.7788933260443704,0.21161399752917331,0.12033137003517015,-0.0824845159040074,2.5654996602688716,0.2064,True
2105,0.24,0.18,0.22,0.22,0.14,0.7773713260188493,0.21126843024421849,0.11599308624504169,-0.0859771213848276,2.4572633607793835,0.2064,True
2106,0.21,0.19,0.19,0.26,0.15,0.7753876518919407,0.21081774443403556,0.11554233993637403,-0.08273121293677688,2.5482249921216833,0.2064,True
2107,0.22,0.18,0.22,0.24,0.14,0.7737479224505039,0.2104449484601052,0.1141849200987687,-0.08579224441150568,2.45296005371649,0.2064,True
2108,0.19,0.21,0.19,0.26,0.15,0.7662114642805573,0.20872855723807215,0.11420732763250449,-0.08184415331780326,2.5503172649067922,0.2064,True
2109,0.21,0.19,0.21,0.25,0.14,0.7653627305236879,0.20853495658597954,0.11252721900771538,-0.08295061453573005,2.5139651798017173,0.2064,True
2110,0.25,0.21,0.19,0.21,0.14,0.759419627555024,0.20717756161823808,0.11469930091426773,-0.07776099122527425,2.66428653176556,0.2064,True
2111,0.19,0.21,0.21,0.25,0.14,0.7562193313644379,0.2064453525496981,0.11115065587746022,-0.08206133902896573,2.5157443808810838,0.2064,True
2112,0.21,0.21,0.19,0.25,0.14,0.7522453391864621,0.2055348870758884,0.11100104154384847,-0.07739884763604832,2.6555290337444384,0.2064,True
2113,0.22,0.21,0.23,0.21,0.13,0.7515184294932509,0.20536819879347434,0.11088612321774396,-0.08255611551448505,2.4876194514922525,0.2064,True
2114,0.24,0.22,0.18,0.22,0.14,0.7510640670403024,0.20526398512462807,0.1130243565838984,-0.07486557326255538,2.741767359541378,0.2064,True
2115,0.21,0.21,0.23,0.22,0.13,0.749723593152976,0.20495642570122952,0.10998766771057752,-0.0824639764406353,2.485405561891317,0.2064,True
2116,0.23,0.21,0.22,0.21,0.13,0.7495037865641943,0.20490597810704103,0.11085238811545949,-0.08022075068421919,2.5542764977808865,0.2064,True
2117,0.22,0.22,0.18,0.24,0.14,0.7474889966319622,0.2044433686307141,0.11116080005124053,-0.07468581060153479,2.7373789878436803,0.2064,True
2118,0.21,0.22,0.23,0.21,0.13,0.7469673709877911,0.20432354188582713,0.11013951915821547,-0.08210857232556523,2.4884556642353064,0.2064,True
2119,0.21,0.21,0.22,0.23,0.13,0.7459238622198316,0.2040837576338066,0.1090160966633882,-0.08003774714957534,2.549843853705837,0.2064,True
2120,0.23,0.21,0.21,0.22,0.13,0.7456929371981984,0.2040306812640018,0.10991084227805584,-0.07778526026902022,2.6229992746487185,0.2064,True
2121,0.22,0.21,0.21,0.23,0.13,0.7439078547209854,0.20362023551371577,0.10897290917876322,-0.07769440101637548,2.6207839027010347,0.2064,True
2122,0.23,0.22,0.21,0.21,0.13,0.7429429497110045,0.2033982573249562,0.11006531994895795,-0.07742093130618377,2.6271739940786576,0.2064,True
2123,0.22,0.24,0.18,0.22,0.14,0.7419918020845429,0.20317936384225188,0.11146826941567324,-0.07404273483492674,2.7440823774976235,0.2064,True
2124,0.21,0.22,0.21,0.23,0.13,0.7393751136661901,0.2025767576957631,0.10821384942008716,-0.07723922875943035,2.6227185453483695,0.2064,True
2125,0.22,0.23,0.21,0.21,0.13,0.7384129443231373,0.2023550244341461,0.10928192375169203,-0.07696452450414715,2.6291986566257863,0.2064,True
2126,0.21,0.23,0.21,0.22,0.13,0.7366301905519732,0.20194396999454045,0.1083683649667239,-0.07687368164855002,2.626958481288628,0.2064,True
2127,0.18,0.17,0.2,0.18,0.27,0.9781024379982026,0.25524085995542456,0.17261525853292284,-0.1361510994136138,1.8746882034351235,0.2066,True
2128,0.2,0.15,0.21,0.18,0.26,0.976043737401793,0.2548053461846074,0.16936532979807734,-0.13506034755134633,1.8866036612836141,0.2066,True
2129,0.2,0.17,0.18,0.18,0.27,0.9749623874284377,0.25457646768528974,0.17220408449448357,-0.13206124592002355,1.9277151742113774,0.2066,True
2130,0.21,0.15,0.2,0.18,0.26,0.9744365979812866,0.25446514891690963,0.16917576791528968,-0.13301294386186702,1.9130856105340384,0.2066,True
2131,0.18,0.15,0.21,0.2,0.26,0.972005529170836,0.2539501922553724,0.1683046072574999,-0.13485892054088422,1.8830804164592445,0.2066,True
2132,0.2,0.18,0.18,0.17,0.27,0.9719989391728254,0.25394879576612595,0.1723274703933514,-0.13180761665249663,1.9266625269133548,0.2066,True
2133,0.18,0.17,0.18,0.2,0.27,0.9709238760919949,0.25372093702673526,0.17116001629940325,-0.1318613604788922,1.9241492436091605,0.2066,True
2134,0.2,0.18,0.17,0.18,0.27,0.9684015977432812,0.2531860167191229,0.17162102698031592,-0.12964853017648437,1.9528645359455508,0.2066,True
2135,0.18,0.15,0.2,0.21,0.26,0.9683928110485183,0.2531841524539429,0.16754916296639638,-0.132712251126069,1.9077677479333277,0.2066,True
2136,0.21,0.15,0.18,0.2,0.26,0.9671778243762401,0.2529263163703024,0.16771152908520987,-0.12869719957676418,1.9652822066220572,0.2066,True
2137,0.2,0.14,0.22,0.19,0.25,0.9667860261679264,0.25284314901997673,0.16521512962602664,-0.13351286007814944,1.89377374488105,0.2066,True
2138,0.2,0.15,0.18,0.21,0.26,0.965172262255072,0.25250047743716597,0.16714549754817223,-0.12859794514309308,1.9634876525919949,0.2066,True
2139,0.19,0.14,0.22,0.2,0.25,0.9647775850193647,0.25241664190947244,0.1646616687170238,-0.13341230191943876,1.8920042475685237,0.2066,True
2140,0.22,0.14,0.2,0.19,0.25,0.9634988857302675,0.25214494932920917,0.16485441299417627,-0.12939307182644733,1.9486742664816459,0.2066,True
2141,0.22,0.14,0.19,0.2,0.25,0.9598438010166981,0.25136768135737864,0.164108368574306,-0.1272227775385686,1.9758072117327774,0.2066,True
2142,0.19,0.14,0.2,0.22,0.25,0.9575008076620708,0.25086892623539314,0.16312102579448934,-0.12909433127263958,1.9432993204447748,0.2066,True
2143,0.2,0.14,0.19,0.22,0.25,0.9558541806777163,0.25051816904634294,0.16292828556191005,-0.12702460659189296,1.9722018888136565,0.2066,True
2144,0.2,0.15,0.24,0.17,0.24,0.9551155243806064,0.25036075977984384,0.16213749970339364,-0.13361142050872465,1.8737976052241403,0.2066,True
2145,0.24,0.15,0.2,0.17,0.24,0.9484222337135741,0.2489325941277285,0.16147755543630773,-0.1253061556267504,1.9865950948908233,0.2066,True
2146,0.21,0.18,0.15,0.2,0.26,0.94745253746226,0.2487254162502872,0.16598069885304106,-0.12136161839178417,2.0494569827450917,0.2066,True
2147,0.2,0.18,0.15,0.21,0.26,0.9454647608300231,0.24830050800509462,0.16540720488492036,-0.12126376746161605,2.0476067435698786,0.2066,True
2148,0.23,0.16,0.16,0.2,0.25,0.9449744185240398,0.248195647653628,0.16282222749779535,-0.12022266164822781,2.064466417985736,0.2066,True
2149,0.22,0.13,0.22,0.2,0.23,0.9414279907203884,0.2474367141198759,0.1566987063588168,-0.1259703156795463,1.9642462018538227,0.2066,True
2150,0.2,0.16,0.16,0.23,0.25,0.9390393259559,0.24692502011585882,0.16099954303305114,-0.1199297536005488,2.0589137616199427,0.2066,True
2151,0.2,0.13,0.22,0.22,0.23,0.9374756056572344,0.24658981606323205,0.15546192890865942,-0.12577176949469837,1.9606133956287106,0.2066,True
2152,0.24,0.15,0.17,0.2,0.24,0.937382962297806,0.24656995107920965,0.15926116961962145,-0.11870410854596825,2.077181271141304,0.2066,True
2153,0.22,0.13,0.2,0.22,0.23,0.9340454605663218,0.24585388693465648,0.15512587871932862,-0.12158068107265918,2.022145991991351,0.2066,True
2154,0.2,0.15,0.17,0.24,0.24,0.9295132172386003,0.24488016957590308,0.15672801338256698,-0.11831432203052572,2.069742406272021,0.2066,True
2155,0.2,0.14,0.25,0.19,0.22,0.9292305515407959,0.2448193905435514,0.15325552457087913,-0.12803049293774205,1.9121959536826965,0.2066,True
2156,0.22,0.13,0.23,0.2,0.22,0.9287001794096561,0.2447053334274003,0.15271849059273218,-0.12410534673491558,1.9717549635478786,0.2066,True
2157,0.19,0.14,0.25,0.2,0.22,0.9272588914266866,0.24439527717749443,0.15265745757258392,-0.12793031708364844,1.9103781085580698,0.2066,True
2158,0.23,0.13,0.22,0.2,0.22,0.9269539804040205,0.244329663557588,0.1525703773783118,-0.12199993441168722,2.0027032369796256,0.2066,True
2159,0.22,0.19,0.14,0.2,0.25,0.9269233044588125,0.2443230620361172,0.1611968718151434,-0.11486030242427592,2.127132324043743,0.2066,True
2160,0.2,0.13,0.23,0.22,0.22,0.9247726214490253,0.24386005620585993,0.15144854437782748,-0.12390709090372543,1.968087979689046,0.2066,True
2161,0.24,0.17,0.15,0.2,0.24,0.9241813547938544,0.243732706007026,0.15810369133588878,-0.11369702323716213,2.143703494317707,0.2066,True
2162,0.2,0.13,0.22,0.23,0.22,0.9210765324930312,0.2430635440607587,0.15062548784009283,-0.12170408723662018,1.9971682922052434,0.2066,True
2163,0.25,0.14,0.2,0.19,0.22,0.9205136173698671,0.24294214546063952,0.15251927493524176,-0.11748495040698237,2.0678575819205602,0.2066,True
2164,0.23,0.13,0.2,0.22,0.22,0.9195283489418253,0.24272960478767458,0.15097908886837483,-0.1175704680506604,2.0645457044798348,0.2066,True
2165,0.22,0.13,0.2,0.23,0.22,0.917578475572115,0.2423087664265955,0.15030396204584723,-0.11747288881197948,2.0626781964511087,0.2066,True
2166,0.25,0.14,0.19,0.2,0.22,0.9167928710292597,0.24213912989487252,0.15174908676621732,-0.11525515963632249,2.1008962258949726,0.2066,True
2167,0.25,0.16,0.16,0.2,0.23,0.9163715201116871,0.2420481279863007,0.15457525023323324,-0.11214267428549862,2.1583944696207444,0.2066,True
2168,0.19,0.14,0.2,0.25,0.22,0.9088224195645769,0.2404154339553337,0.148530983968607,-0.11689931320566493,2.056602621200714,0.2066,True
2169,0.2,0.14,0.19,0.25,0.22,0.907073416241331,0.24003655136855273,0.14835793834516542,-0.11476975924777033,2.0914616615196566,0.2066,True
2170,0.2,0.16,0.16,0.25,0.23,0.9066492455912711,0.23994462934747762,0.15124326332449192,-0.11166143789397243,2.1488584946874485,0.2066,True
2171,0.26,0.15,0.2,0.18,0.21,0.9028738034788071,0.23912585188241553,0.14864556386178782,-0.11312483014001329,2.1138228591057526,0.2066,True
2172,0.22,0.14,0.25,0.19,0.2,0.8999274351050819,0.23848612226671073,0.1449812673967326,-0.12004724405639688,1.9866022259925646,0.2066,True
2173,0.26,0.15,0.18,0.2,0.21,0.8953965911555695,0.23750107177348512,0.14710279740575244,-0.10860955419111784,2.1867419817925016,0.2066,True
2174,0.22,0.13,0.23,0.22,0.2,0.895357205778256,0.23749250212165074,0.14312528250170406,-0.11585893776579259,2.0498418741050335,0.2066,True
2175,0.25,0.14,0.22,0.19,0.2,0.8945011926543347,0.23730621750210346,0.14461519674859347,-0.11361809989117522,2.088630400696704,0.2066,True
2176,0.19,0.14,0.25,0.22,0.2,0.8941153264055393,0.23722222736953302,0.1430016467714145,-0.1197507026142337,1.980967311179154,0.2066,True
2177,0.23,0.13,0.22,0.22,0.2,0.8935437886184814,0.23709780180870732,0.14299392052557222,-0.11371271502652747,2.085059720484169,0.2066,True
2178,0.22,0.13,0.22,0.23,0.2,0.8916191551905717,0.2366786188736978,0.14228038228176745,-0.11361548631495166,2.08315456413754,0.2066,True
2179,0.22,0.2,0.13,0.22,0.23,0.8879260605325041,0.2358734700980245,0.15093071178595854,-0.10388790366021783,2.2704613510104776,0.2066,True
2180,0.2,0.15,0.18,0.26,0.21,0.8838727435607832,0.23498857789899041,0.1428150158781169,-0.1080345054587627,2.175125224122831,0.2066,True
2181,0.25,0.19,0.14,0.2,0.22,0.8837542146918109,0.2349626823991342,0.14875703149123407,-0.10246940568626017,2.2930032708352055,0.2066,True
2182,0.17,0.15,0.24,0.24,0.2,0.8836466477782672,0.2349391808633874,0.1410340995625536,-0.11703970544282716,2.0073459684000405,0.2066,True
2183,0.25,0.14,0.19,0.22,0.2,0.8832467374110944,0.2348517994215562,0.14219315652045128,-0.10682924272477867,2.198384949957931,0.2066,True
2184,0.22,0.14,0.25,0.2,0.19,0.8830550812607914,0.23480991767532955,0.1402108028376528,-0.11588089003281488,2.026304057630526,0.2066,True
2185,0.19,0.14,0.22,0.25,0.2,0.8829612473795874,0.23478941154796074,0.1403991857587363,-0.1130345829841255,2.077146704570356,0.2066,True
2186,0.25,0.2,0.14,0.19,0.22,0.8808807917178534,0.23433458093760096,0.14889069902837557,-0.10215988753525174,2.2938022602730492,0.2066,True
2187,0.2,0.14,0.25,0.22,0.19,0.8792150620952768,0.23397017615452564,0.13882357795002523,-0.11568459754030658,2.022483382656073,0.2066,True
2188,0.26,0.15,0.18,0.21,0.2,0.8785225848508182,0.2338186223949823,0.14233771140442542,-0.10434161504058992,2.240895181697394,0.2066,True
2189,0.25,0.14,0.22,0.2,0.19,0.8775292371745771,0.23360115586450725,0.1398734993067713,-0.1093890925074279,2.1355068454256068,0.2066,True
2190,0.22,0.14,0.19,0.25,0.2,0.8775190500617491,0.2335989252751216,0.13995491610872948,-0.10654238175079012,2.1925446140440656,0.2066,True
2191,0.26,0.18,0.15,0.2,0.21,0.875553144462029,0.23316831576294073,0.1452918613666302,-0.10085060050704564,2.312017128213838,0.2066,True
2192,0.27,0.17,0.18,0.18,0.2,0.8746839568565239,0.2329778340506301,0.14341933999627768,-0.1038226177740369,2.2439988419256682,0.2066,True
2193,0.18,0.15,0.21,0.26,0.2,0.8744452177853843,0.23292550428191672,0.13905730372574213,-0.11039119481193393,2.110000753943612,0.2066,True
2194,0.23,0.2,0.13,0.22,0.22,0.8733579326678462,0.2326871235227299,0.1467430561012421,-0.09967673720248338,2.3344175386685175,0.2066,True
2195,0.22,0.2,0.13,0.23,0.22,0.8714498695845374,0.23226856902113746,0.14604412545743461,-0.09958282267015661,2.332416001005208,0.2066,True
2196,0.24,0.15,0.17,0.24,0.2,0.8709682983102858,0.23216288613223046,0.14000442617831646,-0.10186377329750151,2.2791506599130162,0.2066,True
2197,0.25,0.14,0.2,0.22,0.19,0.8699966513677173,0.23194959880225774,0.1382185500741285,-0.1048293673714823,2.2126394980549806,0.2066,True
2198,0.26,0.2,0.15,0.18,0.21,0.8698237745906403,0.2319116426810619,0.14556225920919866,-0.10022353889384938,2.313943862296546,0.2066,True
2199,0.21,0.15,0.18,0.26,0.2,0.8690064464767786,0.23173216176095268,0.13858829390195662,-0.10386619545199594,2.2310643106982084,0.2066,True
2200,0.27,0.18,0.17,0.18,0.2,0.8680677195179662,0.23152595771852091,0.1427973018837637,-0.10121277984218857,2.2875170317376643,0.2066,True
2201,0.2,0.14,0.22,0.25,0.19,0.8679998801479978,0.231511053209007,0.1361830369223909,-0.10890650093136534,2.1257780869748912,0.2066,True
2202,0.23,0.22,0.13,0.2,0.22,0.8676326658372224,0.23143036887809454,0.14701048745700207,-0.0990466322416067,2.336579888083031,0.2066,True
2203,0.25,0.16,0.16,0.23,0.2,0.8662512556385282,0.23112675064652777,0.14016165394862154,-0.0993483443692601,2.3264278042467503,0.2066,True
2204,0.21,0.15,0.26,0.2,0.18,0.8650046639009905,0.23085263532954015,0.13576345560937975,-0.11354131244182308,2.033203865314008,0.2066,True
2205,0.22,0.14,0.2,0.25,0.19,0.864307396409902,0.23069925863898555,0.135914231744966,-0.10454313327190623,2.206737558161375,0.2066,True
2206,0.2,0.15,0.26,0.21,0.18,0.8630987111486519,0.23043329565134663,0.1350606285316462,-0.11344332250298195,2.031263635153929,0.2066,True
2207,0.23,0.16,0.16,0.25,0.2,0.8624662207858675,0.230294074587007,0.138624587403595,-0.09916039730291337,2.3224400148731643,0.2066,True
2208,0.26,0.18,0.15,0.21,0.2,0.8586785952492537,0.22945969839531588,0.14049980770063175,-0.09649489787257814,2.377946435036578,0.2066,True
2209,0.24,0.17,0.15,0.24,0.2,0.8577585472672355,0.22925684988257,0.138776353562872,-0.09662868001310199,2.372554916940652,0.2066,True
2210,0.26,0.15,0.2,0.21,0.18,0.8518621852708408,0.2279552506939424,0.13442838127807125,-0.10028684282268896,2.273032476423414,0.2066,True
2211,0.25,0.19,0.14,0.22,0.2,0.8502034359629669,0.22758859027466194,0.13911018685026863,-0.0937536474955255,2.4275171831103837,0.2066,True
2212,0.21,0.18,0.15,0.26,0.2,0.8492523833591541,0.22737826473798295,0.13668999375105143,-0.09602778197844897,2.367838349000004,0.2066,True
2213,0.22,0.19,0.14,0.25,0.2,0.8445656750975619,0.22634074319034836,0.13681153712068525,-0.09347509151012845,2.4214016753952396,0.2066,True
2214,0.2,0.15,0.21,0.26,0.18,0.8443515617360811,0.22629330181385954,0.13057779338639225,-0.10202444502456542,2.218030215791644,0.2066,True
2215,0.21,0.15,0.2,0.26,0.18,0.8424746870005135,0.22587728297277532,0.13044971394028407,-0.09981364217308719,2.2629900888806436,0.2066,True
2216,0.25,0.22,0.14,0.19,0.2,0.8416850536238321,0.2257021722686925,0.13952367128490792,-0.09276995727557868,2.432923102446094,0.2066,True
2217,0.23,0.22,0.13,0.22,0.2,0.8342136213755418,0.2240428092398281,0.13725457490351278,-0.09023945783657161,2.482758813174403,0.2066,True
2218,0.27,0.18,0.17,0.2,0.18,0.8338662156491428,0.22396554282526182,0.13331690048346936,-0.0924221495226929,2.4232886162236507,0.2066,True
2219,0.22,0.22,0.13,0.23,0.2,0.8323428922640159,0.22362662561357394,0.13650510837896468,-0.09014717722413446,2.480683616499353,0.2066,True
2220,0.18,0.17,0.2,0.27,0.18,0.8311697143482617,0.22336548258221,0.12860467589511132,-0.09889717488532113,2.2585628238745894,0.2066,True
2221,0.25,0.2,0.14,0.22,0.19,0.8303603225291247,0.2231852513249888,0.13441981593017246,-0.08897854097269264,2.508304237012427,0.2066,True
2222,0.2,0.17,0.18,0.27,0.18,0.8274228992756114,0.22253071412073466,0.12832375721032097,-0.09443743150791617,2.3563825335728357,0.2066,True
2223,0.17,0.18,0.2,0.27,0.18,0.8264638104908049,0.22231685134439516,0.12808217482038795,-0.09848466271982348,2.2573753638864433,0.2066,True
2224,0.22,0.2,0.14,0.25,0.19,0.8247791275859258,0.2219410103421986,0.13203664736192555,-0.08870252005517643,2.502082355767825,0.2066,True
2225,0.25,0.22,0.14,0.2,0.19,0.8247158594057251,0.22192689114612763,0.13470049467363077,-0.08830368665687938,2.5132233947203857,0.2066,True
2226,0.2,0.18,0.17,0.27,0.18,0.820850027625714,0.2210635556763325,0.12764921878869942,-0.0917716852000684,2.4088427186925814,0.2066,True
2227,0.26,0.2,0.15,0.21,0.18,0.8188175385303134,0.22060916054803004,0.13119964985528032,-0.08693988677506825,2.537490773582352,0.2066,True
2228,0.26,0.21,0.15,0.2,0.18,0.8160045347370637,0.21997971011724426,0.131342108997146,-0.08659809579256739,2.5402372662347257,0.2066,True
2229,0.18,0.2,0.17,0.27,0.18,0.811500033461729,0.21897040718944427,0.12651178715686073,-0.09092233487165247,2.4083236258565806,0.2066,True
2230,0.18,0.18,0.2,0.27,0.17,0.8112071607501812,0.2189047266360209,0.12379199062407188,-0.09417389075816662,2.324473639919542,0.2066,True
2231,0.21,0.2,0.15,0.26,0.18,0.8095803294940032,0.2185397593808054,0.1271015649587568,-0.08648122095087862,2.527019819770307,0.2066,True
2232,0.2,0.18,0.18,0.27,0.17,0.8074017921545869,0.21805067826027735,0.12353466425090892,-0.0896612037568032,2.4319401159471092,0.2066,True
2233,0.2,0.21,0.15,0.26,0.18,0.8049273141601712,0.21749468152858498,0.12649053235406793,-0.08604769239624721,2.52760620850851,0.2066,True
2234,0.21,0.18,0.26,0.2,0.15,0.8046707474746027,0.21743700383688314,0.12191980062240985,-0.09965870555412426,2.1818164567549387,0.2066,True
2235,0.2,0.18,0.26,0.21,0.15,0.8028216897598781,0.21702116307473673,0.12113404003077896,-0.09956299002735158,2.1797373001264573,0.2066,True
2236,0.18,0.2,0.18,0.27,0.17,0.7981014309552088,0.21595831718013025,0.12235358092619035,-0.0888026682499713,2.431889958218683,0.2066,True
2237,0.2,0.26,0.15,0.21,0.18,0.7909398588090693,0.21434221029416545,0.12719678703886708,-0.08432158724776695,2.5419612852442097,0.2066,True
2238,0.2,0.18,0.21,0.26,0.15,0.7839226640901444,0.21275449937818935,0.11637343970714709,-0.08776340936298999,2.4241822522896244,0.2066,True
2239,0.21,0.18,0.2,0.26,0.15,0.7819585633972066,0.21230935615769053,0.11628500690744754,-0.08547269270427615,2.483943695236699,0.2066,True
2240,0.2,0.19,0.25,0.22,0.14,0.7787159009485067,0.2115737236431956,0.11554130844598486,-0.0924196164086667,2.289272904008236,0.2066,True
2241,0.26,0.2,0.18,0.21,0.15,0.7778666172465454,0.21138090684792266,0.11934314881971164,-0.08042644002387778,2.6282514405109296,0.2066,True
2242,0.26,0.21,0.18,0.2,0.15,0.7750898737425895,0.2107500610033115,0.11949271978046118,-0.08006940148468067,2.6320923735596224,0.2066,True
2243,0.18,0.2,0.21,0.26,0.15,0.7747047194358152,0.21066250619552163,0.11510800267248804,-0.08689344774365182,2.424377345654489,0.2066,True
2244,0.19,0.2,0.25,0.22,0.14,0.77410640435734,0.2105264697035587,0.11488723174613369,-0.0919903506148888,2.288571228355386,0.2066,True
2245,0.21,0.2,0.18,0.26,0.15,0.7688263593552573,0.20932463894482223,0.11481980812349395,-0.0799721621434124,2.6174687958222855,0.2066,True
2246,0.18,0.21,0.2,0.26,0.15,0.7681629547875422,0.20917346737034648,0.1143349319618081,-0.0841549813369531,2.485574401506008,0.2066,True
2247,0.2,0.19,0.22,0.25,0.14,0.7673488427440633,0.20898790203749962,0.11262248223186994,-0.08526068111507146,2.4511638812202383,0.2066,True
2248,0.2,0.21,0.18,0.26,0.15,0.7642487138593994,0.20828074929276297,0.11413500115186154,-0.07952430081282458,2.6190830622075,0.2066,True
2249,0.22,0.19,0.2,0.25,0.14,0.7633653142481609,0.20807909037580052,0.11248776665737417,-0.08063152098864412,2.5806172055852166,0.2066,True
2250,0.19,0.2,0.22,0.25,0.14,0.7627666640082782,0.207942394609562,0.11195228257154681,-0.08482036275416216,2.4515621940010885,0.2066,True
2251,0.25,0.2,0.19,0.22,0.14,0.7621827545334663,0.20780903492728076,0.1145482133592144,-0.07812329843323462,2.6600135823102447,0.2066,True
2252,0.22,0.2,0.19,0.25,0.14,0.7567985107352999,0.20657793129841107,0.11173910195438407,-0.0778516677629073,2.653481129364268,0.2066,True
2253,0.25,0.22,0.19,0.2,0.14,0.7566590450347832,0.20654600915825272,0.11485313854391901,-0.07739752188731608,2.668638531592334,0.2066,True
2254,0.22,0.2,0.23,0.22,0.13,0.7542784639037889,0.20600085996178907,0.1107356578404246,-0.08291035691102722,2.4846215555778244,0.2066,True
2255,0.23,0.2,0.22,0.22,0.13,0.7522607031237023,0.2055384096958759,0.11070063404029282,-0.08057942429248743,2.5507554999377007,0.2066,True
2256,0.22,0.2,0.22,0.23,0.13,0.7504695722096102,0.20512760312400946,0.10977035678052745,-0.08048791729728921,2.548551509493687,0.2066,True
2257,0.19,0.22,0.2,0.25,0.14,0.7496816707147089,0.2049468044497269,0.11036922807978103,-0.07928453186451179,2.584953201211525,0.2066,True
2258,0.2,0.22,0.19,0.25,0.14,0.7476970643971266,0.2044911588661591,0.11029059876484237,-0.07694488275348044,2.657631691002991,0.2066,True
2259,0.2,0.22,0.22,0.23,0.13,0.7413830326346229,0.2030392221390429,0.10828972979082144,-0.07958643722639192,2.551178683391451,0.2066,True
2260,0.2,0.25,0.19,0.22,0.14,0.7394495963924275,0.20259391893276613,0.11074770967534386,-0.07595709649979643,2.667215155246345,0.2066,True
2261,0.23,0.22,0.2,0.22,0.13,0.7391349316118851,0.20252141506846932,0.10914176698278075,-0.07497294609093863,2.7012599294526916,0.2066,True
2262,0.22,0.22,0.2,0.23,0.13,0.7373558947277874,0.20211133153988015,0.10819624535440003,-0.07488274493811153,2.6990374312122163,0.2066,True
2263,0.22,0.23,0.2,0.22,0.13,0.7346140934453185,0.201478773804463,0.1083521073899581,-0.07451267471897716,2.7039530464358656,0.2066,True
2264,0.21,0.13,0.21,0.21,0.24,0.952025075544958,0.24970174806258383,0.16009220317405307,-0.12771940151672623,1.9550807872356237,0.20679999999999998,True
2265,0.21,0.13,0.24,0.21,0.21,0.9138813570016655,0.24151003862154763,0.14810600334744942,-0.1221247097896141,1.9775689869609538,0.20679999999999998,True
2266,0.24,0.13,0.21,0.21,0.21,0.908541487709317,0.24035459193858766,0.14768582997268973,-0.11574771904828962,2.076538474493069,0.20679999999999998,True
2267,0.21,0.13,0.21,0.24,0.21,0.9027295978273613,0.2390945566375482,0.1456045631241484,-0.11545549645882336,2.0708806767187573,0.20679999999999998,True
2268,0.21,0.21,0.13,0.21,0.24,0.8993984224729559,0.23837119047939703,0.1552965503817094,-0.10774758899359593,2.2123111310970014,0.20679999999999998,True
2269,0.24,0.21,0.13,0.21,0.21,0.8557393965174547,0.22881144065543002,0.1427471860999862,-0.09508769639082248,2.4063201585511758,0.20679999999999998,True
2270,0.21,0.21,0.21,0.24,0.13,0.7421225752366838,0.20320946420030195,0.10806225339048904,-0.07760360312845171,2.618557077355594,0.20679999999999998,True
2271,0.19,0.16,0.19,0.19,0.27,0.9795066960562253,0.255537754441876,0.17227085160928007,-0.13435928390561624,1.9018987524627202,0.2068,True
2272,0.2,0.15,0.23,0.17,0.25,0.967463319144255,0.2529869116402552,0.16612420662789282,-0.13541439320144555,1.8682424051031716,0.2068,True
2273,0.23,0.15,0.2,0.17,0.25,0.9625438478782284,0.2519419499842439,0.16559764888962167,-0.12923400192274925,1.9495020368930802,0.2068,True
2274,0.19,0.19,0.16,0.19,0.27,0.9598420696488434,0.2513673129463496,0.170514940997938,-0.12712236319672077,1.977365009784792,0.2068,True
2275,0.23,0.15,0.17,0.2,0.25,0.951571231187011,0.24960491107723226,0.1634034186497132,-0.12269100441971803,2.0344190045372024,0.2068,True
2276,0.2,0.15,0.17,0.23,0.25,0.9456183069672994,0.24833334042685573,0.1615888828436278,-0.12239665878951411,2.0289225448050447,0.2068,True
2277,0.2,0.15,0.25,0.17,0.23,0.9426224800493554,0.24769243731526802,0.15817538578969348,-0.13179251859003505,1.8794119724334357,0.2068,True
2278,0.23,0.17,0.15,0.2,0.25,0.9383864882026356,0.24678509766433088,0.16225612090269534,-0.1177394317469127,2.0960275924790333,0.2068,True
2279,0.25,0.15,0.2,0.17,0.23,0.9340895323338565,0.24586334793968367,0.15740569396357496,-0.12132884286123813,2.026421270833957,0.2068,True
2280,0.2,0.17,0.15,0.23,0.25,0.9324692187547303,0.24551541631141682,0.16042540818131729,-0.11744798398892775,2.0904183109227525,0.2068,True
2281,0.25,0.15,0.17,0.2,0.23,0.9229847127353237,0.24347488693127262,0.1551669180773231,-0.11466677202179754,2.1233255514072495,0.2068,True
2282,0.2,0.15,0.17,0.25,0.23,0.9132326077912771,0.2413697763657361,0.15185079597459092,-0.11418300167771633,2.113885366641585,0.2068,True
2283,0.25,0.17,0.15,0.2,0.23,0.9097673694571387,0.24062003998368753,0.15399946705718237,-0.1096031593717306,2.195375036294341,0.2068,True
2284,0.25,0.2,0.15,0.17,0.23,0.9010804210144365,0.23873654281366385,0.15439359762555097,-0.10871423552249726,2.196000750649255,0.2068,True
2285,0.2,0.17,0.15,0.25,0.23,0.9000749111415107,0.23851815868976245,0.15065185157476424,-0.1091244969198597,2.1857434895203096,0.2068,True
2286,0.17,0.15,0.25,0.23,0.2,0.8873493377604618,0.23574764130477677,0.14192112295259598,-0.11927421973507824,1.9765179921394531,0.2068,True
2287,0.17,0.15,0.23,0.25,0.2,0.8799421136783747,0.23412925669848872,0.14016149211230866,-0.1147983083731915,2.039483508218351,0.2068,True
2288,0.25,0.15,0.17,0.23,0.2,0.8728667669191443,0.23257940812154176,0.1407803411263531,-0.10195832861713494,2.2811222121431958,0.2068,True
2289,0.23,0.15,0.17,0.25,0.2,0.8690697332944017,0.23174606107948748,0.1392514206851994,-0.10176927895726429,2.2771711016720873,0.2068,True
2290,0.25,0.17,0.15,0.23,0.2,0.8596450172370182,0.22967269918246025,0.13956041831753688,-0.09672212387285717,2.374562199278924,0.2068,True
2291,0.23,0.17,0.15,0.25,0.2,0.8558719754688795,0.2288406964680294,0.13801532890334248,-0.0965352967905917,2.37053910927979,0.2068,True
2292,0.19,0.16,0.19,0.27,0.19,0.8491740305515345,0.22736093377840838,0.1332447073976493,-0.10134833545474475,2.2433613019715777,0.2068,True
2293,0.27,0.19,0.19,0.19,0.16,0.8038594732666124,0.21725458866559277,0.12565572589991736,-0.0878367248376547,2.473391273036833,0.2068,True
2294,0.19,0.19,0.19,0.27,0.16,0.7892026325405879,0.2139495322317897,0.11884488689821876,-0.08709760195930571,2.4564342463958138,0.2068,True
2295,0.21,0.14,0.22,0.18,0.25,0.9687944721368769,0.2532693668585837,0.16579027328220913,-0.13361348056087385,1.8955375295623336,0.207,True
2296,0.22,0.14,0.21,0.18,0.25,0.967151927176573,0.25292081948983824,0.16561392935422667,-0.1315568573768393,1.9225209885134058,0.207,True
2297,0.18,0.14,0.22,0.21,0.25,0.9627691496739272,0.2519898452432996,0.1641302446520455,-0.13331180602685577,1.8902290258713923,0.207,True
2298,0.18,0.14,0.21,0.22,0.25,0.9591363164238578,0.251217120387478,0.1633520003006687,-0.13115657302028982,1.9153986308304571,0.207,True
2299,0.22,0.14,0.18,0.21,0.25,0.9561866764479687,0.2505890116831473,0.1633759700976961,-0.12504594510122136,2.00397551060374,0.207,True
2300,0.21,0.13,0.22,0.2,0.24,0.9556934175474456,0.2504839134479384,0.1608763598809911,-0.12989135043179667,1.92841103441651,0.207,True
2301,0.21,0.14,0.18,0.22,0.25,0.9541964213195175,0.2501648415406661,0.16277375632516025,-0.12494735817580815,2.0021619119683165,0.207,True
2302,0.22,0.13,0.21,0.2,0.24,0.9540135865574584,0.25012586071309606,0.16070564911999166,-0.1278188443733541,1.9568778135913019,0.207,True
2303,0.2,0.13,0.22,0.21,0.24,0.9537003252555192,0.25005906696850855,0.16028638751101087,-0.1297914430854158,1.9266221333554678,0.207,True
2304,0.22,0.13,0.2,0.21,0.24,0.9503386665185256,0.24934184238626655,0.15993674737189356,-0.12563981472444818,1.9845766481996192,0.207,True
2305,0.2,0.13,0.21,0.22,0.24,0.9500365486161357,0.2492773438566036,0.15950066766078866,-0.1276200206394571,1.953277727174516,0.207,True
2306,0.21,0.13,0.2,0.22,0.24,0.948354726396033,0.248918173257751,0.15932168344225225,-0.12554090220622105,1.9827655280735756,0.207,True
2307,0.22,0.15,0.24,0.16,0.23,0.9429207920169116,0.24775628530796223,0.15857162092290356,-0.12981556659998306,1.9085252392835497,0.207,True
2308,0.24,0.15,0.22,0.16,0.23,0.939509582259052,0.24702579049879847,0.1582717526135444,-0.12563687543825974,1.9661885862498345,0.207,True
2309,0.23,0.15,0.16,0.22,0.24,0.9317363969756005,0.24535799284467563,0.15788319891226069,-0.11639302968462573,2.1080127694028468,0.207,True
2310,0.21,0.14,0.25,0.18,0.22,0.9312021756881772,0.2452432072857198,0.15387650844820072,-0.12813073170564304,1.914007701517863,0.207,True
2311,0.21,0.13,0.24,0.2,0.22,0.9304351807766424,0.24507836975404218,0.15290707823481198,-0.12620304992083586,1.9419369809824243,0.207,True
2312,0.22,0.18,0.14,0.21,0.25,0.9298409783414203,0.2449506376304289,0.16107077912337198,-0.11514446380425858,2.1273331738018784,0.207,True
2313,0.22,0.15,0.16,0.23,0.24,0.9297735534994018,0.24493614206119974,0.15723724443450424,-0.11629610161223047,2.10614232691907,0.207,True
2314,0.2,0.13,0.24,0.21,0.22,0.9284667779741391,0.24465513356296098,0.15228550273964656,-0.12610341378802714,1.9401150707483044,0.207,True
2315,0.21,0.18,0.14,0.22,0.25,0.9278744930608551,0.24452772703354708,0.16045778079749703,-0.1150478090143634,2.1254444489509443,0.207,True
2316,0.24,0.13,0.21,0.2,0.22,0.9251965696084594,0.24395135239024257,0.15246270465420073,-0.11988677037587026,2.034847978850408,0.207,True
2317,0.23,0.16,0.15,0.22,0.24,0.9251392488945831,0.2439390093004281,0.1573076930638225,-0.11388703817463464,2.1419383031664365,0.207,True
2318,0.25,0.14,0.21,0.18,0.22,0.9242324311854748,0.24374370814503776,0.15330381717718525,-0.11970792730931568,2.036153441327437,0.207,True
2319,0.22,0.16,0.15,0.23,0.24,0.9231823618460002,0.24351747822593395,0.15665881258444603,-0.11379060869876556,2.1400489988641365,0.207,True
2320,0.24,0.13,0.2,0.21,0.22,0.9214781683692674,0.24315014658807588,0.15167638345915394,-0.11766810900650826,2.0664065109997405,0.207,True
2321,0.2,0.13,0.21,0.24,0.22,0.9173785145182904,0.24226559299304706,0.14981655147807502,-0.11949437225783621,2.0274226176133556,0.207,True
2322,0.24,0.15,0.16,0.22,0.23,0.9173334597973948,0.2422558648493629,0.15374065094594203,-0.11233615052879498,2.1565263159633172,0.207,True
2323,0.22,0.14,0.25,0.18,0.21,0.9166348559299957,0.2421050039054211,0.14975204386536847,-0.12416366104309151,1.9498861572823434,0.207,True
2324,0.22,0.13,0.24,0.2,0.21,0.9158326069668192,0.24193171595081675,0.14876985399506504,-0.12222371723794367,1.9794171002001761,0.207,True
2325,0.21,0.13,0.2,0.24,0.22,0.9156285492428946,0.24188763121042678,0.14965143889083285,-0.11737537123196906,2.0608039716644133,0.207,True
2326,0.22,0.15,0.16,0.24,0.23,0.9134418649516534,0.24141502209128585,0.1523878929439099,-0.11214370113008243,2.1527292184806135,0.207,True
2327,0.25,0.14,0.18,0.21,0.22,0.9130701955757501,0.24133465721174896,0.1509934627739341,-0.11301852362044751,2.1353548912232143,0.207,True
2328,0.24,0.13,0.22,0.2,0.21,0.9122745370451346,0.24116257951113718,0.1484980753979215,-0.11797926918493995,2.0441097929933743,0.207,True
2329,0.2,0.13,0.24,0.22,0.21,0.9119300503330783,0.24108806228854496,0.14746531319401945,-0.12202576487563865,1.9757144119051206,0.207,True
2330,0.25,0.14,0.22,0.18,0.21,0.9113090769006189,0.24095371456290837,0.1493593281426463,-0.11779613758460306,2.0455145601854015,0.207,True
2331,0.24,0.16,0.15,0.22,0.23,0.9107284781724445,0.2408280755842922,0.1531600349926906,-0.10980187193084767,2.1932966291864657,0.207,True
2332,0.18,0.14,0.25,0.22,0.21,0.9088165115991393,0.24041415451599835,0.14724032204408624,-0.12376556721994436,1.9424962848411405,0.207,True
2333,0.22,0.16,0.15,0.24,0.23,0.906848818382822,0.2399878804651301,0.15180094753910656,-0.10961044801492248,2.1894617238719607,0.207,True
2334,0.21,0.14,0.18,0.25,0.22,0.9053132232031467,0.23965501080030238,0.14822686050351555,-0.11263232427825076,2.1277640529573945,0.207,True
2335,0.24,0.13,0.2,0.22,0.21,0.9048065419693343,0.23954513869296745,0.14688811651317354,-0.11350931051790114,2.110356741662964,0.207,True
2336,0.2,0.13,0.22,0.24,0.21,0.9045066866123737,0.23948010689701849,0.14577883374052608,-0.11758753106233544,2.036611405422446,0.207,True
2337,0.22,0.2,0.13,0.21,0.24,0.9042325784533207,0.23942065310884786,0.1558032868480345,-0.10814089821015982,2.213969525605016,0.207,True
2338,0.21,0.2,0.13,0.22,0.24,0.902290293211115,0.23899920981100142,0.15516795697833508,-0.10804545049675374,2.212024742478002,0.207,True
2339,0.22,0.21,0.13,0.2,0.24,0.9013393399866332,0.23879276429543372,0.15593328448101756,-0.10784308639350804,2.214261222310572,0.207,True
2340,0.22,0.13,0.2,0.24,0.21,0.9009412923853828,0.23870633041320732,0.14547289977604042,-0.11331555772864477,2.106562727995693,0.207,True
2341,0.24,0.15,0.16,0.23,0.22,0.9007956799444305,0.2386747084451435,0.14892005467954686,-0.1081319981389145,2.2072532881388542,0.207,True
2342,0.22,0.13,0.24,0.21,0.2,0.8990933977632578,0.2383049119731595,0.14398466945496963,-0.11809549940859077,2.017900031470837,0.207,True
2343,0.23,0.15,0.16,0.24,0.22,0.8988670717148739,0.23825572923108873,0.14821145310284167,-0.10803650183581559,2.205326210887214,0.207,True
2344,0.18,0.14,0.22,0.25,0.21,0.8977246420363094,0.23800740902715867,0.14467519527180966,-0.11711040455083832,2.0323335910246834,0.207,True
2345,0.2,0.21,0.13,0.22,0.24,0.8974574673567215,0.23794932116422984,0.15468225681727565,-0.10765215257035154,2.2103535831178855,0.207,True
2346,0.21,0.13,0.24,0.22,0.2,0.897159387071996,0.23788450751343193,0.14329987192113944,-0.11799720720581208,2.0160181172636658,0.207,True
2347,0.21,0.22,0.13,0.2,0.24,0.8965091548969957,0.23774309948616779,0.1554272217952116,-0.10744882239580134,2.2126170783930137,0.207,True
2348,0.25,0.14,0.18,0.22,0.21,0.8963638698761991,0.2377114994796512,0.14620654888232612,-0.10881104254530671,2.184626614350037,0.207,True
2349,0.24,0.13,0.22,0.21,0.2,0.8954683409127226,0.23751668311102403,0.143730427762746,-0.11381000578830347,2.086957833503899,0.207,True
2350,0.2,0.22,0.13,0.21,0.24,0.8945695673057406,0.23732109917939526,0.15481151138192187,-0.10735333654890278,2.210654152060641,0.207,True
2351,0.24,0.16,0.15,0.23,0.22,0.894189410487497,0.2372383538727214,0.14833098383679277,-0.10556943954320452,2.2472256639728685,0.207,True
2352,0.23,0.16,0.15,0.24,0.22,0.8922667808864304,0.23681970273259756,0.1476189518762524,-0.10547447054113279,2.2452798437157635,0.207,True
2353,0.24,0.13,0.21,0.22,0.2,0.8917191214413758,0.23670039840717472,0.1429057515941979,-0.11155849453186317,2.1217604217451025,0.207,True
2354,0.22,0.14,0.18,0.25,0.21,0.8905980114718743,0.23645609948262636,0.14403140761007266,-0.10852357767791876,2.1788454135228714,0.207,True
2355,0.21,0.13,0.22,0.24,0.2,0.8896944416117285,0.2362591340025617,0.14159030070832737,-0.11351831959423098,2.081242347905302,0.207,True
2356,0.22,0.13,0.21,0.24,0.2,0.8878792494123002,0.23586325785073914,0.14145021835560379,-0.11136511317050468,2.1179276986826436,0.207,True
2357,0.25,0.18,0.14,0.21,0.22,0.8866302322937898,0.23559071168240764,0.14862550999233265,-0.10277797784595577,2.2922294894292663,0.207,True
2358,0.21,0.18,0.14,0.25,0.22,0.8789688721336206,0.2339162999295077,0.14580426806888475,-0.1024001844069834,2.2843347527561217,0.207,True
2359,0.25,0.21,0.14,0.18,0.22,0.8780099622772428,0.233706407163373,0.14902651573116724,-0.10184941903605704,2.294626806664803,0.207,True
2360,0.24,0.2,0.13,0.21,0.22,0.8752659228334292,0.23310537790365404,0.1474646123087347,-0.09977071242113311,2.336410878973321,0.207,True
2361,0.24,0.21,0.13,0.2,0.22,0.8724006500164263,0.2324771686529421,0.14759863381583055,-0.09945618671286294,2.337483230923785,0.207,True
2362,0.25,0.18,0.14,0.22,0.21,0.869920968991603,0.23193298257587802,0.14380366037094597,-0.09845544483825741,2.355715145636663,0.207,True
2363,0.22,0.14,0.25,0.21,0.18,0.8660213752465953,0.23107621101292053,0.13544443896191308,-0.11166368473341193,2.069394463961998,0.207,True
2364,0.22,0.18,0.14,0.25,0.21,0.8642269529518394,0.2306815611738382,0.14158398398213637,-0.09817446378417294,2.34971042654197,0.207,True
2365,0.21,0.14,0.25,0.22,0.18,0.86411886911515,0.23065778205658205,0.13471516096419522,-0.11156626474894582,2.0674509680468756,0.207,True
2366,0.25,0.14,0.22,0.21,0.18,0.8603967913107997,0.22983834023265426,0.13513831546227628,-0.10510817700725372,2.186683726964389,0.207,True
2367,0.24,0.2,0.13,0.22,0.21,0.8585890600639334,0.229439960975379,0.14261225978324488,-0.09541090709783517,2.4047561013135454,0.207,True
2368,0.25,0.14,0.21,0.22,0.18,0.8566160660876436,0.2290048669345257,0.13428970030219095,-0.10281116805843205,2.227431817566476,0.207,True
2369,0.22,0.2,0.13,0.24,0.21,0.8548075864588802,0.22860578150597477,0.14114530369246187,-0.09522469249033338,2.4006985533629464,0.207,True
2370,0.24,0.22,0.13,0.2,0.21,0.8528923155513097,0.22818284698530622,0.1428843543650213,-0.0947634843799029,2.4079195533854643,0.207,True
2371,0.21,0.14,0.22,0.25,0.18,0.8528436907883299,0.22817210576028635,0.13203602343090934,-0.1047251467753042,2.1787709331154916,0.207,True
2372,0.22,0.14,0.21,0.25,0.18,0.8509655048579219,0.22775706999874856,0.13191623309053635,-0.10252558437114445,2.2214657092249666,0.207,True
2373,0.24,0.21,0.13,0.22,0.2,0.8389155512380646,0.2250876058099307,0.13788930224845214,-0.09066492202098153,2.482631659439814,0.207,True
2374,0.24,0.22,0.13,0.21,0.2,0.8360842449563695,0.22445868649698597,0.13802765388774782,-0.09033179900753929,2.4848247124830554,0.207,True
2375,0.22,0.21,0.13,0.24,0.2,0.8351715549483261,0.22425581245524762,0.13636962034426078,-0.09048036923294644,2.478502401751802,0.207,True
2376,0.21,0.22,0.13,0.24,0.2,0.83047205860455,0.2232101353075726,0.13577978876883545,-0.09005495711067402,2.4785990962524815,0.207,True
2377,0.25,0.21,0.14,0.22,0.18,0.8103957046866372,0.21872270995495802,0.12973750540268184,-0.08412839727251331,2.599867785980273,0.207,True
2378,0.25,0.22,0.14,0.21,0.18,0.807590867391976,0.21809314117768341,0.12988068917141685,-0.08378120146341628,2.6031274005173524,0.207,True
2379,0.22,0.21,0.14,0.25,0.18,0.8048713864134733,0.2174821091099286,0.12726374083260408,-0.08385502572814485,2.5935488925255146,0.207,True
2380,0.21,0.22,0.14,0.25,0.18,0.8002300454019697,0.21643784064287885,0.12662620202523614,-0.08341671331595546,2.594657977269885,0.207,True
2381,0.22,0.25,0.14,0.21,0.18,0.7936830166301703,0.21496174968789084,0.12783430064676482,-0.08245930821336078,2.606882768549116,0.207,True
2382,0.21,0.25,0.14,0.22,0.18,0.7918465116919617,0.2145470468788746,0.12705347662563962,-0.08236819395353145,2.604731712339264,0.207,True
2383,0.21,0.18,0.25,0.22,0.14,0.7833303589447351,0.21262029393690107,0.11622272468241487,-0.09284781391032715,2.2899870765105006,0.207,True
2384,0.21,0.18,0.22,0.25,0.14,0.7719359528218557,0.21003272596570022,0.11332054218989883,-0.08569989838392134,2.45079317392873,0.207,True
2385,0.22,0.18,0.21,0.25,0.14,0.7699418101863458,0.20957873418079864,0.11325681492990564,-0.08339358120069285,2.513127883025336,0.207,True
2386,0.18,0.21,0.22,0.25,0.14,0.7581894158918885,0.20689620152892774,0.11131066672589143,-0.0843789391554387,2.451988654986451,0.207,True
2387,0.21,0.2,0.24,0.22,0.13,0.75628490915262,0.20646036528856393,0.11082736333885244,-0.08523217064973798,2.422329077327079,0.207,True
2388,0.25,0.21,0.18,0.22,0.14,0.7556075220321765,0.2063052728786885,0.11384103857560093,-0.07532352439493373,2.738922196430902,0.207,True
2389,0.25,0.22,0.18,0.21,0.14,0.752851316169818,0.2056738089411878,0.11399470635624005,-0.0749555457810932,2.7439438509574163,0.207,True
2390,0.2,0.21,0.24,0.22,0.13,0.7517219665562485,0.2054148766998043,0.11011189188991066,-0.08478958947021142,2.422642661478758,0.207,True
2391,0.18,0.22,0.21,0.25,0.14,0.7516550104226773,0.20539952180156607,0.11050515957325799,-0.08161502177102187,2.516687704597231,0.207,True
2392,0.22,0.21,0.18,0.25,0.14,0.7502414032333609,0.20507525108454217,0.11101133349050833,-0.07505384903573975,2.732374871099386,0.207,True
2393,0.24,0.2,0.21,0.22,0.13,0.7502316126610851,0.20507300459308042,0.11072218888473502,-0.07823931896707481,2.621099049691123,0.207,True
2394,0.21,0.2,0.22,0.24,0.13,0.748678246999195,0.20471647158308381,0.10886727060689841,-0.08039647190498844,2.5463365087091785,0.207,True
2395,0.22,0.2,0.21,0.24,0.13,0.7466591193726797,0.20425271975943726,0.10882274154069319,-0.07805758531089435,2.616692778106346,0.207,True
2396,0.21,0.22,0.18,0.25,0.14,0.7457011773186346,0.2040325752739045,0.11026922528320447,-0.0745960203358671,2.735167028418566,0.207,True
2397,0.2,0.21,0.22,0.24,0.13,0.7441336099542635,0.20367215910255854,0.1081395192418858,-0.07994633789810535,2.5476108657052743,0.207,True
2398,0.24,0.21,0.2,0.22,0.13,0.7436606263441274,0.20356336797117658,0.10995804378968278,-0.0754320485967398,2.6986323685762215,0.207,True
2399,0.24,0.22,0.2,0.21,0.13,0.7409137677953548,0.20293117278296768,0.11011377982234198,-0.07506320842392367,2.7034705422782164,0.207,True
2400,0.22,0.21,0.2,0.24,0.13,0.7401002328161621,0.20274380837726103,0.10804330068497661,-0.07525162556239318,2.6942116779811034,0.207,True
2401,0.22,0.25,0.18,0.21,0.14,0.7392470119491932,0.2025472411971374,0.1116262745168317,-0.07381131129505403,2.7441219732226836,0.207,True
2402,0.2,0.22,0.21,0.24,0.13,0.7375909014842286,0.20216551869299426,0.10732982453616212,-0.07714846964175559,2.6204734796654328,0.207,True
2403,0.21,0.25,0.18,0.22,0.14,0.7374629906754699,0.2021360260083649,0.11073037855716743,-0.07380179075666149,2.7389040826237636,0.207,True
2404,0.21,0.22,0.2,0.24,0.13,0.735576658125807,0.20170092185189348,0.10727808373069646,-0.07479260490326067,2.696803007633982,0.207,True
2405,0.22,0.24,0.2,0.21,0.13,0.7318748278740985,0.2008461350134898,0.10851088754131366,-0.07414140914125156,2.7089603143480177,0.207,True
2406,0.21,0.24,0.2,0.22,0.13,0.7300981111218279,0.20043544199361407,0.10758987170848353,-0.07405123001130098,2.7067132033191825,0.207,True
2407,0.19,0.16,0.2,0.18,0.27,0.9831034966825392,0.2562975660992177,0.17300359588875508,-0.13649796169631911,1.8776658853663248,0.20700000000000002,True
2408,0.2,0.16,0.19,0.18,0.27,0.9815318814983205,0.255965680965218,0.1728012209445925,-0.13445970179590228,1.9036609299770042,0.20700000000000002,True
2409,0.18,0.16,0.2,0.19,0.27,0.9810738476954712,0.2558689228548454,0.1724954319156393,-0.13639709660941923,1.8759117988232585,0.20700000000000002,True
2410,0.2,0.16,0.18,0.19,0.27,0.9779284752024338,0.25520407018550983,0.17208257443900446,-0.13231413081810095,1.9287741120889954,0.20700000000000002,True
2411,0.19,0.15,0.22,0.18,0.26,0.9776397806657202,0.25514301210812174,0.169591650901985,-0.13710039019346387,1.8609940624391121,0.20700000000000002,True
2412,0.18,0.16,0.19,0.2,0.27,0.9774815411434592,0.25510954237560424,0.1717617743710485,-0.1342589279274109,1.9001309358997194,0.20700000000000002,True
2413,0.19,0.16,0.18,0.2,0.27,0.9759077893615267,0.25477657601711146,0.17155124457571594,-0.13221422574902464,1.926998207445094,0.20700000000000002,True
2414,0.18,0.15,0.22,0.19,0.26,0.9756161739334839,0.2547148580993277,0.16907318927566573,-0.13699919780097025,1.8592434276102292,0.20700000000000002,True
2415,0.22,0.15,0.19,0.18,0.26,0.9728183482529222,0.2541224132341142,0.16902293416463518,-0.13095813921192523,1.9404858282452861,0.20700000000000002,True
2416,0.22,0.15,0.18,0.19,0.26,0.9691833953072586,0.25335186780536323,0.1682987385542777,-0.12879651564303918,1.9670708212909302,0.20700000000000002,True
2417,0.2,0.18,0.16,0.19,0.27,0.9648021595434595,0.25242186224491925,0.17092800612741263,-0.12748296209365684,1.9800439062552893,0.20700000000000002,True
2418,0.18,0.15,0.19,0.22,0.26,0.9647780229786556,0.25241673494499817,0.1668070236480496,-0.13055916087747033,1.9333513883555906,0.20700000000000002,True
2419,0.19,0.15,0.18,0.22,0.26,0.9631667099265371,0.2520743507262766,0.1666009914896445,-0.1284987522846711,1.9616871467190664,0.20700000000000002,True
2420,0.19,0.18,0.16,0.2,0.27,0.962793302763862,0.2519949795542862,0.17039208314762463,-0.12738396321601908,1.978231585768378,0.20700000000000002,True
2421,0.2,0.19,0.16,0.18,0.27,0.9618495160284608,0.2517943239985083,0.17105224075632733,-0.12722142701440076,1.9791817298984282,0.20700000000000002,True
2422,0.18,0.19,0.16,0.2,0.27,0.9578346456662048,0.25094001494155904,0.16999911584591307,-0.12702336100225697,1.9755422385422496,0.20700000000000002,True
2423,0.19,0.2,0.16,0.18,0.27,0.9568934692147519,0.2507395765952025,0.17063970154064992,-0.12685998879771065,1.9765063750323097,0.20700000000000002,True
2424,0.24,0.16,0.18,0.17,0.25,0.9542747706627448,0.25018154507190227,0.16489183544101724,-0.12471062409432199,2.0060964884810715,0.20700000000000002,True
2425,0.24,0.16,0.17,0.18,0.25,0.9506147785322441,0.24940078314640335,0.1641751443472711,-0.12251884554710457,2.0356115994458723,0.20700000000000002,True
2426,0.22,0.18,0.15,0.19,0.26,0.9494403147720136,0.24915003556787219,0.16657554796569252,-0.1214595306301175,2.051300826500083,0.20700000000000002,True
2427,0.22,0.19,0.15,0.18,0.26,0.9465036360210919,0.24852261463747882,0.16670200131815738,-0.12118690211943084,2.0507382422611764,0.20700000000000002,True
2428,0.24,0.17,0.16,0.18,0.25,0.9440187855984479,0.24799123362614428,0.16359823397165257,-0.12004552190845696,2.0658099501225444,0.20700000000000002,True
2429,0.24,0.18,0.16,0.17,0.25,0.9410874404191543,0.24736378792183777,0.16372605204287405,-0.11976980124061709,2.0653268633625337,0.20700000000000002,True
2430,0.25,0.16,0.18,0.17,0.24,0.9401054202595815,0.24715344816510276,0.16079746300531825,-0.12073527199885858,2.047069129619713,0.20700000000000002,True
2431,0.25,0.16,0.17,0.18,0.24,0.936423247702312,0.24636412771073846,0.16007394483561435,-0.11852363429990798,2.078607605697843,0.20700000000000002,True
2432,0.25,0.17,0.16,0.18,0.24,0.9298187881655477,0.24494586703390353,0.15949205284823872,-0.116022578329113,2.1111913781047256,0.20700000000000002,True
2433,0.25,0.18,0.16,0.17,0.24,0.9269011130353486,0.24431828635610442,0.1596214515077339,-0.11573905841279464,2.11094067730117,0.20700000000000002,True
2434,0.26,0.15,0.19,0.18,0.22,0.9158277351298798,0.24193066347302605,0.15261996698790198,-0.11506697443549674,2.1025204204760373,0.20700000000000002,True
2435,0.26,0.15,0.18,0.19,0.22,0.9121046469126659,0.24112583105320007,0.15186614564482212,-0.11282595444166399,2.137148604205895,0.20700000000000002,True
2436,0.26,0.18,0.15,0.19,0.22,0.8922635028477872,0.23681898870003137,0.1500811680514662,-0.10515321868872518,2.2521325704833015,0.20700000000000002,True
2437,0.26,0.19,0.15,0.18,0.22,0.8893819213275709,0.23619099437516855,0.15021449792547997,-0.10484865769544938,2.2526849610342667,0.20700000000000002,True
2438,0.27,0.16,0.19,0.18,0.2,0.8813094572762061,0.2344283235155844,0.14405820878615064,-0.10641633587593013,2.2029354946866646,0.20700000000000002,True
2439,0.27,0.16,0.18,0.19,0.2,0.8775534472379507,0.23360645691314375,0.14328608424947806,-0.10413022135549832,2.2434068983260524,0.20700000000000002,True
2440,0.18,0.15,0.26,0.22,0.19,0.8762193101391509,0.2333142655580127,0.13856977796082628,-0.11744964662268076,1.986504619358789,0.20700000000000002,True
2441,0.27,0.18,0.16,0.19,0.2,0.8643165426951198,0.23070127077862534,0.1420555443057911,-0.09890426974697919,2.332571398270413,0.20700000000000002,True
2442,0.19,0.16,0.18,0.27,0.2,0.8623379630119663,0.23026583919208954,0.13737454047092493,-0.10336942093490897,2.227601132999346,0.20700000000000002,True
2443,0.26,0.15,0.18,0.22,0.19,0.8614862088478634,0.2300782962894663,0.13757432699530767,-0.10002118620546008,2.300295617538942,0.20700000000000002,True
2444,0.18,0.15,0.22,0.26,0.19,0.8613236157657274,0.23004248934082017,0.13499633900240432,-0.10841515636439725,2.121866508845109,0.20700000000000002,True
2445,0.19,0.15,0.26,0.22,0.18,0.8611926594233059,0.23001364805490665,0.13438290269031117,-0.11334539556472811,2.0293162056464205,0.20700000000000002,True
2446,0.27,0.16,0.18,0.2,0.19,0.8605154321433288,0.2298644767109772,0.138550384814444,-0.09980041983177401,2.3032415805308464,0.20700000000000002,True
2447,0.22,0.15,0.18,0.26,0.19,0.8539435263828197,0.22841501384314844,0.13442558778825803,-0.09964398785600703,2.2923110441266674,0.20700000000000002,True
2448,0.18,0.16,0.2,0.27,0.19,0.8510121973014202,0.22776739135429325,0.13341941614797792,-0.10354812222652421,2.199628409060129,0.20700000000000002,True
2449,0.26,0.15,0.19,0.22,0.18,0.848077500244862,0.2271183394222891,0.13361450533768385,-0.09797071789470402,2.31822675492068,0.20700000000000002,True
2450,0.2,0.16,0.18,0.27,0.19,0.8473246416774967,0.22695172280080422,0.1331169707242352,-0.09914023520400639,2.2891989547310736,0.20700000000000002,True
2451,0.27,0.18,0.16,0.2,0.19,0.8472792725244576,0.22694168061738473,0.13730146776027807,-0.09451495178116076,2.401119360911741,0.20700000000000002,True
2452,0.17,0.16,0.24,0.25,0.18,0.84706216909829,0.22689362383085077,0.1313690382412329,-0.10830684572348026,2.0949148903305344,0.20700000000000002,True
2453,0.19,0.15,0.22,0.26,0.18,0.8462171874054543,0.22670654759983444,0.1307536520038675,-0.10422690926605371,2.1751249192387965,0.20700000000000002,True
2454,0.26,0.18,0.15,0.22,0.19,0.8416434360589229,0.2256929416842426,0.13570845404433773,-0.09208512227652266,2.45091645756313,0.20700000000000002,True
2455,0.22,0.15,0.19,0.26,0.18,0.8405865490474798,0.22545848237945565,0.13036939190585597,-0.09759445326638094,2.3101567233956826,0.20700000000000002,True
2456,0.19,0.16,0.2,0.27,0.18,0.8358807207217875,0.2244134526648196,0.12915335158710464,-0.09930868154147499,2.2597566414281336,0.20700000000000002,True
2457,0.25,0.16,0.17,0.24,0.18,0.8358065340507166,0.22439696363755335,0.1313117307341721,-0.09289542232177617,2.415586882852796,0.20700000000000002,True
2458,0.22,0.18,0.15,0.26,0.19,0.8341728279862701,0.22403373689867823,0.13250697400725553,-0.09171475652529948,2.4427229094467324,0.20700000000000002,True
2459,0.2,0.16,0.19,0.27,0.18,0.834005168040225,0.22399644836033694,0.1290167001656075,-0.09708654684425155,2.3071831849131184,0.20700000000000002,True
2460,0.24,0.16,0.17,0.25,0.18,0.8339445837765538,0.22398297351188057,0.13047997692037538,-0.0928025112226033,2.4135443164314556,0.20700000000000002,True
2461,0.25,0.17,0.16,0.24,0.18,0.8291992874475462,0.22292662512637929,0.13067513934114766,-0.09022038328179893,2.4709119715228756,0.20700000000000002,True
2462,0.24,0.17,0.16,0.25,0.18,0.8273433544731768,0.22251297963920402,0.12983857647057134,-0.09012805779591881,2.4688535965464893,0.20700000000000002,True
2463,0.27,0.19,0.16,0.2,0.18,0.8272606836204561,0.22249454766056154,0.1326940893106196,-0.08973548195218739,2.479448962887506,0.20700000000000002,True
2464,0.2,0.18,0.27,0.19,0.16,0.8239635382391994,0.22175897493382002,0.12686744917665632,-0.10626655956864961,2.0868180529601204,0.20700000000000002,True
2465,0.19,0.18,0.27,0.2,0.16,0.8220918866331184,0.22134102650843324,0.12613997747819009,-0.1061694617331832,2.0847899470818665,0.20700000000000002,True
2466,0.16,0.19,0.2,0.27,0.18,0.8217630084268392,0.22126755692604383,0.1275863696719161,-0.09807114135505812,2.2561943694013276,0.20700000000000002,True
2467,0.26,0.19,0.15,0.22,0.18,0.8216331091665763,0.221238535709547,0.1310596081777179,-0.08728060667309478,2.534796034795966,0.20700000000000002,True
2468,0.2,0.19,0.16,0.27,0.18,0.8142865566761543,0.21959496777933651,0.12699345818899627,-0.08908915081534508,2.4648901215198538,0.20700000000000002,True
2469,0.22,0.19,0.15,0.26,0.18,0.8142383889224996,0.2195841770785918,0.127737806838955,-0.08691367835602715,2.5264628218714025,0.20700000000000002,True
2470,0.26,0.22,0.15,0.19,0.18,0.8131940966921476,0.21935018427428443,0.13148698824963176,-0.08625522866706303,2.5430363777824443,0.20700000000000002,True
2471,0.19,0.2,0.16,0.27,0.18,0.8096218739181109,0.21854908227868686,0.1264094258789616,-0.08866035026328789,2.465014875642588,0.20700000000000002,True
2472,0.27,0.18,0.19,0.2,0.16,0.8066635238037048,0.2178848480242579,0.12551188445997202,-0.08817771083920112,2.47097419461918,0.20700000000000002,True
2473,0.22,0.18,0.26,0.19,0.15,0.8065196563141115,0.21785252717107229,0.12273184741534619,-0.099754484121786,2.18388706120825,0.20700000000000002,True
2474,0.27,0.2,0.19,0.18,0.16,0.8010579848947699,0.21662425253352202,0.12580207768277268,-0.08749466161856378,2.475856795445458,0.20700000000000002,True
2475,0.19,0.18,0.26,0.22,0.15,0.8009724841526793,0.21660500455159104,0.12037524031548659,-0.09946733747925052,2.1776495686011113,0.20700000000000002,True
2476,0.19,0.22,0.15,0.26,0.18,0.8002793421984178,0.21644894149505278,0.1259052722881904,-0.08561308870752005,2.5282225505787697,0.20700000000000002,True
2477,0.27,0.19,0.18,0.2,0.16,0.8000564471713272,0.2163987474769593,0.12483566103776755,-0.08545226477727152,2.5323933548279314,0.20700000000000002,True
2478,0.27,0.2,0.18,0.19,0.16,0.797259299826413,0.21576850166301376,0.12498171353807681,-0.08510587881134368,2.535294913543084,0.20700000000000002,True
2479,0.18,0.19,0.26,0.22,0.15,0.7963168451024074,0.2155560029761996,0.11977873823174193,-0.09905095529859942,2.1762132664584968,0.20700000000000002,True
2480,0.19,0.18,0.2,0.27,0.16,0.7957641522703396,0.2154313507370107,0.11958376232190453,-0.08980630309563176,2.3988444386537657,0.20700000000000002,True
2481,0.2,0.18,0.19,0.27,0.16,0.7938302766648535,0.2149949903443642,0.11947198803085742,-0.0875309910389358,2.456215653364755,0.20700000000000002,True
2482,0.18,0.19,0.2,0.27,0.16,0.7911286125037631,0.21438486038520255,0.1189870418984568,-0.08937656902342184,2.3986696147289037,0.20700000000000002,True
2483,0.19,0.26,0.15,0.22,0.18,0.7890997154235246,0.21392626114239954,0.1264692280230556,-0.08422991639622013,2.539789546223503,0.20700000000000002,True
2484,0.2,0.19,0.18,0.27,0.16,0.787265396311019,0.21351134453173426,0.11875569126559218,-0.0848098188861739,2.5175309573328413,0.20700000000000002,True
2485,0.26,0.18,0.19,0.22,0.15,0.7872442941133113,0.21350656963634496,0.11988980516927196,-0.08353903619141845,2.5557700851027705,0.20700000000000002,True
2486,0.19,0.18,0.22,0.26,0.15,0.7858754815746589,0.21319676153094536,0.11651581630455239,-0.090045282473729,2.3676616439417155,0.20700000000000002,True
2487,0.18,0.2,0.19,0.27,0.16,0.7845799835559573,0.21290340109181538,0.11824517071763,-0.08666313520189284,2.4566778088033594,0.20700000000000002,True
2488,0.19,0.2,0.18,0.27,0.16,0.7826506491218714,0.2124662475782546,0.11812553779275124,-0.0843716607890107,2.518218150399714,0.20700000000000002,True
2489,0.18,0.19,0.22,0.26,0.15,0.7812560790358547,0.21215006587928276,0.11590055746366078,-0.08961451994725966,2.367362632798103,0.20700000000000002,True
2490,0.26,0.19,0.18,0.22,0.15,0.7806459119627429,0.21201167480856187,0.11919622040892999,-0.08078234382464522,2.624480360074437,0.20700000000000002,True
2491,0.22,0.18,0.19,0.26,0.15,0.7799831653445779,0.21186132242354527,0.11625047587156634,-0.08317308098715182,2.5472342723034704,0.20700000000000002,True
2492,0.22,0.19,0.18,0.26,0.15,0.7734089397549155,0.21036785136528424,0.11553162032747182,-0.08041890123497974,2.615900592207802,0.20700000000000002,True
2493,0.26,0.22,0.18,0.19,0.15,0.7723156803562075,0.21011913712499153,0.11964493519300667,-0.07971122277150855,2.6360044397674844,0.20700000000000002,True
2494,0.19,0.22,0.18,0.26,0.15,0.7596760025447418,0.2072361802871705,0.11347790313045379,-0.07907531300918735,2.620744356245454,0.20700000000000002,True
2495,0.2,0.14,0.2,0.2,0.26,0.9753869418074683,0.25466633881118095,0.1684934509120401,-0.13316427125194263,1.9124224269538501,0.20720000000000002,True
2496,0.2,0.14,0.26,0.2,0.2,0.8997717196103037,0.23845229417514746,0.14453115019651763,-0.12207503196067027,1.9533256747536323,0.20720000000000002,True
2497,0.26,0.14,0.2,0.2,0.2,0.8889137910626792,0.2360889126300958,0.1437738236731002,-0.10919552814708333,2.1620749186000605,0.20720000000000002,True
2498,0.2,0.14,0.2,0.26,0.2,0.877430195958911,0.2335794692714892,0.13938603049903753,-0.108618515253877,2.1504572100395367,0.20720000000000002,True
2499,0.26,0.2,0.14,0.2,0.2,0.849239116447692,0.22737533024698808,0.1400591280802578,-0.09351977913296294,2.4313073913884495,0.20720000000000002,True
2500,0.2,0.2,0.14,0.26,0.2,0.8379712417574412,0.2248779177299296,0.13552708973195657,-0.09296262510565723,2.419014281001029,0.20720000000000002,True
2501,0.2,0.2,0.2,0.26,0.14,0.7569991199923727,0.20662384555228108,0.11090348346783996,-0.08009262738785461,2.5798110549138245,0.20720000000000002,True
2502,0.18,0.16,0.21,0.18,0.27,0.9846640473375228,0.25662694121245155,0.1732421023879525,-0.13852891681429003,1.8525153239773189,0.2074,True
2503,0.21,0.16,0.18,0.18,0.27,0.979949187633568,0.25563127888249815,0.1726349477291928,-0.13241409763212197,1.9305442808114206,0.2074,True
2504,0.2,0.14,0.21,0.19,0.26,0.9790127980313492,0.2554333483382214,0.16924613075932848,-0.1353084462795321,1.8877856878980395,0.2074,True
2505,0.21,0.14,0.2,0.19,0.26,0.977402964087789,0.2550929216351283,0.1690557359401486,-0.13326449471881174,1.9141851861846226,0.2074,True
2506,0.19,0.14,0.21,0.2,0.26,0.9769922707623342,0.2550060439806616,0.16870636556718455,-0.13520777273455808,1.8860309494284273,0.2074,True
2507,0.21,0.18,0.18,0.16,0.27,0.974016820017394,0.2543762604329607,0.1728825644763735,-0.13190772082822078,1.9284410255577593,0.2074,True
2508,0.18,0.16,0.18,0.21,0.27,0.9738871310936164,0.2543487961005926,0.17104128601137367,-0.132114382367703,1.925216555096058,0.2074,True
2509,0.21,0.14,0.19,0.2,0.26,0.9737705042777489,0.25432409691431923,0.16831748048831893,-0.1311133960591565,1.9397262564961082,0.2074,True
2510,0.19,0.14,0.2,0.21,0.26,0.9733709349868773,0.2542394688911893,0.1679525453253243,-0.13306410968480276,1.9106539659223074,0.2074,True
2511,0.2,0.14,0.19,0.21,0.26,0.9717590079727378,0.25389794972566726,0.1677540056768338,-0.1310136883080062,1.9379497898629243,0.2074,True
2512,0.21,0.18,0.16,0.18,0.27,0.9668110374917374,0.2528484585257409,0.17148508922277328,-0.12758202252060968,1.9818502131434355,0.2074,True
2513,0.22,0.14,0.23,0.17,0.24,0.958404266760466,0.25106129351813733,0.16240505933903646,-0.13190254060418394,1.903384820096283,0.2074,True
2514,0.24,0.16,0.19,0.16,0.25,0.9579327262535444,0.2509608990505414,0.1656222766754042,-0.1268957860057881,1.9776929317345049,0.2074,True
2515,0.22,0.13,0.22,0.19,0.24,0.957686496879415,0.2509084685854792,0.1614881518077585,-0.12999131999216307,1.930194020651579,0.2074,True
2516,0.23,0.14,0.22,0.17,0.24,0.9567291939282667,0.2507045849980003,0.16224321398436173,-0.12983309710652202,1.9309759266722941,0.2074,True
2517,0.24,0.15,0.21,0.16,0.24,0.9520979825986144,0.24971730287563454,0.1622440353676866,-0.1274935320181092,1.958666443095832,0.2074,True
2518,0.19,0.13,0.22,0.22,0.24,0.9517072209863622,0.24963392886038926,0.15971861132189608,-0.12969159789496687,1.9248273050237217,0.2074,True
2519,0.24,0.16,0.16,0.19,0.25,0.9469527532741489,0.24861860932536928,0.16347237434014464,-0.12032042026596146,2.0663043627657878,0.2074,True
2520,0.22,0.13,0.19,0.22,0.24,0.9466617401747457,0.2485564096323285,0.15918163307237645,-0.12345420134186624,2.013349136203412,0.2074,True
2521,0.22,0.14,0.24,0.17,0.23,0.9458603956274847,0.24838510218618803,0.15844802143394532,-0.13007490172234148,1.9095544097845414,0.2074,True
2522,0.17,0.14,0.22,0.23,0.24,0.9447789736115102,0.24815384658734363,0.15876428228355036,-0.1292334352153337,1.9201984855843242,0.2074,True
2523,0.25,0.16,0.19,0.16,0.24,0.94378559319123,0.24794134259025058,0.16153502996410116,-0.12294019119269517,2.0167639254898337,0.2074,True
2524,0.24,0.14,0.22,0.17,0.23,0.942443606152823,0.24765414963078314,0.15814644460673355,-0.12590338986827965,1.9670173288414186,0.2074,True
2525,0.21,0.19,0.14,0.2,0.26,0.9408950380398327,0.2473225826776042,0.16543344090782208,-0.11888699110644185,2.080316613078141,0.2074,True
2526,0.2,0.19,0.14,0.21,0.26,0.9389131842163723,0.2468979866563088,0.16485753413084372,-0.11878962288317096,2.078447432223367,0.2074,True
2527,0.23,0.14,0.17,0.22,0.24,0.9383425071396123,0.2467756700912771,0.15847419938274201,-0.11888393048968204,2.075769778764968,0.2074,True
2528,0.22,0.14,0.17,0.23,0.24,0.936373704392012,0.24635350065278883,0.15783121477132583,-0.11878651156357067,2.073918136075142,0.2074,True
2529,0.24,0.15,0.16,0.21,0.24,0.9336992082793953,0.24577955102225713,0.15855067082580676,-0.11649001888624055,2.1098764801667302,0.2074,True
2530,0.25,0.16,0.16,0.19,0.24,0.9327390789315522,0.2455733771655102,0.15936465723006446,-0.1163052473415288,2.1114556976469623,0.2074,True
2531,0.22,0.13,0.24,0.19,0.22,0.9324035434277518,0.2455013096787686,0.15355128361666143,-0.1263027486497178,1.9437527077073404,0.2074,True
2532,0.23,0.14,0.24,0.17,0.22,0.9314434776821492,0.24529505730605372,0.15434087746029268,-0.12613644358159415,1.944680302860919,0.2074,True
2533,0.24,0.14,0.23,0.17,0.22,0.9297019977918708,0.2449207580338182,0.1542017265077098,-0.12403415378788873,1.9746235254900686,0.2074,True
2534,0.24,0.13,0.22,0.19,0.22,0.928913034958861,0.24475111076168843,0.1532632068162935,-0.122098674502235,2.0045353625620916,0.2074,True
2535,0.21,0.15,0.16,0.24,0.24,0.9278106788335303,0.24451399838468024,0.15661320586036587,-0.11619923461127946,2.10426513739657,0.2074,True
2536,0.24,0.16,0.15,0.21,0.24,0.9270961010599568,0.24436024727746597,0.1579781500678977,-0.11398352864955186,2.1438206920998555,0.2074,True
2537,0.19,0.13,0.24,0.22,0.22,0.9264983360030099,0.24423160080991413,0.15168697406599171,-0.12600384019235533,1.938286963612175,0.2074,True
2538,0.24,0.14,0.17,0.22,0.23,0.9239474833191101,0.24368232630718678,0.1543371754706828,-0.11485507171837595,2.121650551964258,0.2074,True
2539,0.21,0.16,0.15,0.24,0.24,0.921225440896984,0.2430956537660982,0.1560319102207309,-0.11369424016411944,2.1381527631935073,0.2074,True
2540,0.22,0.14,0.17,0.24,0.23,0.9200439477297084,0.24284083807872925,0.15299084219630743,-0.11466161275524245,2.117891352157231,0.2074,True
2541,0.19,0.13,0.22,0.24,0.22,0.9191172917163835,0.24264091061691628,0.1500231461155966,-0.12160559568138207,1.99531040703635,0.2074,True
2542,0.23,0.17,0.14,0.22,0.24,0.9185510664821523,0.24251871496819022,0.15674790981770992,-0.11136581840627757,2.1776764041139547,0.2074,True
2543,0.24,0.13,0.19,0.22,0.22,0.9177578346533974,0.24234748915082793,0.1509044549964302,-0.11544265938228182,2.0992888629523683,0.2074,True
2544,0.22,0.17,0.14,0.23,0.24,0.916600133017428,0.24209750466340174,0.15609614939840463,-0.11126989538391319,2.1757682419678352,0.2074,True
2545,0.2,0.14,0.26,0.19,0.21,0.9164285214580354,0.24206043971946367,0.14932791980950297,-0.12617045750359346,1.9185191566145312,0.2074,True
2546,0.19,0.14,0.26,0.2,0.21,0.9144692959131209,0.2416371260601753,0.14871373169163987,-0.12607042162526827,1.9166837307676934,0.2074,True
2547,0.22,0.13,0.19,0.24,0.22,0.9138673817389193,0.24150701744619574,0.14952778693179467,-0.11524854954623931,2.095531947231143,0.2074,True
2548,0.24,0.14,0.17,0.23,0.22,0.9074110682681227,0.24010971419477922,0.1495255240219307,-0.11067893424887487,2.1694256077210112,0.2074,True
2549,0.22,0.19,0.13,0.22,0.24,0.9071284216259852,0.24004847058688128,0.15567535459659715,-0.10843780890222343,2.213697169068853,0.2074,True
2550,0.26,0.14,0.2,0.19,0.21,0.9057713516430934,0.23975433762978438,0.1485177828105408,-0.11341450814566256,2.1139653255107254,0.2074,True
2551,0.23,0.14,0.17,0.24,0.22,0.9054764785662799,0.2396904080224409,0.1488204047061002,-0.1105829188275248,2.167517466203654,0.2074,True
2552,0.24,0.17,0.14,0.22,0.23,0.9041325420298547,0.2393989538864698,0.15259556953292572,-0.10725209504806033,2.2321144755185776,0.2074,True
2553,0.26,0.14,0.19,0.2,0.21,0.9020294557879973,0.2389425906196756,0.14773943976670179,-0.11116422358242684,2.1494558493677847,0.2074,True
2554,0.21,0.14,0.26,0.19,0.2,0.9017137261953332,0.2388740492247341,0.1451885627981045,-0.12217443378801351,1.9551885105455666,0.2074,True
2555,0.22,0.17,0.14,0.24,0.23,0.9002648116088194,0.2385594085887528,0.15123025295734735,-0.10706171276908738,2.2282420336697024,0.2074,True
2556,0.19,0.14,0.26,0.21,0.2,0.8978296469108031,0.23803023720076166,0.14389765763677345,-0.1219756931766921,1.9514563188909675,0.2074,True
2557,0.27,0.16,0.18,0.18,0.21,0.8944291387701042,0.23729053465578342,0.1480253698251201,-0.10840732225938032,2.1888792169225546,0.2074,True
2558,0.26,0.14,0.21,0.19,0.2,0.8926699416064767,0.2369075141663508,0.1445783061785185,-0.1114590454557951,2.1255117805607697,0.2074,True
2559,0.19,0.14,0.2,0.26,0.21,0.8922522243226043,0.23681653197031927,0.14363996611865096,-0.11273620692897834,2.1006253307733616,0.2074,True
2560,0.2,0.14,0.19,0.26,0.21,0.8904696700769852,0.23642812669431623,0.14347444640106016,-0.1105860454167279,2.1379562475841345,0.2074,True
2561,0.24,0.17,0.14,0.23,0.22,0.8875922634829403,0.23580064571864146,0.14775857134795237,-0.10299111428092922,2.2895241726917064,0.2074,True
2562,0.23,0.17,0.14,0.24,0.22,0.8856756096665872,0.23538232377535628,0.14704316379615934,-0.10289668088444015,2.287559926638512,0.2074,True
2563,0.26,0.14,0.19,0.21,0.2,0.8851557843925815,0.23526881972037295,0.14298439657146128,-0.10692498592977784,2.200316583393183,0.2074,True
2564,0.21,0.14,0.26,0.2,0.19,0.8848745346687961,0.2352074000317017,0.14041147391387446,-0.11802871272833737,1.992798147117562,0.2074,True
2565,0.24,0.15,0.16,0.24,0.21,0.8840894495699554,0.2350359197625298,0.144090922170439,-0.10387664309774325,2.2626445440807283,0.2074,True
2566,0.2,0.14,0.26,0.21,0.19,0.8829498240691542,0.2347869150912334,0.13973285952937536,-0.11793003232541699,1.990900116463639,0.2074,True
2567,0.22,0.13,0.24,0.22,0.19,0.8821894966665571,0.2346207300014429,0.1391988030721745,-0.11391720010411044,2.059572477088797,0.2074,True
2568,0.27,0.18,0.16,0.18,0.21,0.8811926624504136,0.23440278369151057,0.14681258671905248,-0.10323983216397181,2.2704684691778434,0.2074,True
2569,0.19,0.14,0.21,0.26,0.2,0.8792395265746042,0.2339755297054913,0.13956107367746945,-0.1107820546063003,2.112034575789361,0.2074,True
2570,0.24,0.13,0.22,0.22,0.19,0.8784980274110801,0.23381324713406126,0.138963507849597,-0.10958997363612177,2.13352772499431,0.2074,True
2571,0.24,0.19,0.13,0.22,0.22,0.8781337866351804,0.2337335147052848,0.14733276090077685,-0.10008427417247279,2.3353670358092176,0.2074,True
2572,0.24,0.16,0.15,0.24,0.21,0.8774824788546032,0.23359091750833483,0.14349302655707202,-0.1012853010240018,2.306266705501327,0.2074,True
2573,0.26,0.14,0.21,0.2,0.19,0.8756647473541557,0.23319276917623188,0.1398491546955663,-0.1072088988620643,2.1751251216212872,0.2074,True
2574,0.21,0.14,0.19,0.26,0.2,0.8756096420861794,0.23318069513106066,0.13925567249708992,-0.10644688410938996,2.190582627965257,0.2074,True
2575,0.22,0.13,0.22,0.24,0.19,0.8746837071612561,0.23297777932166852,0.13746583035933646,-0.10939697843200813,2.1296546089384703,0.2074,True
2576,0.22,0.19,0.13,0.24,0.22,0.8743150428800452,0.23289696907145263,0.14591511795374718,-0.09989646997916868,2.331383372405636,0.2074,True
2577,0.26,0.14,0.2,0.21,0.19,0.8718928603606171,0.23236576924361452,0.13903257971360636,-0.1049249019091526,2.214591245887505,0.2074,True
2578,0.26,0.19,0.14,0.2,0.21,0.8689570565841283,0.23172131432584386,0.14472212298011816,-0.09823214248979917,2.358915406430301,0.2074,True
2579,0.26,0.2,0.14,0.19,0.21,0.8660979032272493,0.23109303629335542,0.14485800060500165,-0.09791408009633573,2.3601614401727264,0.2074,True
2580,0.2,0.14,0.21,0.26,0.19,0.8642578655307518,0.23068836196468756,0.13533287008362244,-0.10663309644247765,2.1633842555545644,0.2074,True
2581,0.21,0.14,0.2,0.26,0.19,0.8624107720401042,0.23028186794422623,0.13519382933532068,-0.10444784487808745,2.2047546142576087,0.2074,True
2582,0.26,0.19,0.14,0.21,0.2,0.8520824803420148,0.22800392963314575,0.1399222038604808,-0.09384662067845073,2.429537984264366,0.2074,True
2583,0.25,0.16,0.16,0.24,0.19,0.8492172409745182,0.22737049160870315,0.1353510164186652,-0.094978208021267,2.3939227360216315,0.2074,True
2584,0.24,0.16,0.16,0.25,0.19,0.8473423229758712,0.2269556364030909,0.1345444340294889,-0.09488504640841289,2.391900989605967,0.2074,True
2585,0.26,0.21,0.14,0.19,0.2,0.8463983319163748,0.2267466572189274,0.14019832608036822,-0.09319192126218145,2.4331149540420975,0.2074,True
2586,0.27,0.16,0.18,0.21,0.18,0.8433186743357153,0.22606439200767592,0.1338226016352828,-0.09541693761824077,2.369227074884233,0.2074,True
2587,0.21,0.19,0.14,0.26,0.2,0.8426862155088461,0.2259241834674386,0.13609288258770635,-0.09338236050539572,2.419345390764506,0.2074,True
2588,0.18,0.16,0.21,0.27,0.18,0.8377450368507786,0.22482767727023933,0.1293384709170042,-0.10152241156067299,2.2145620244242843,0.2074,True
2589,0.26,0.2,0.14,0.21,0.19,0.8322204789877943,0.22359938229335685,0.1352609186713853,-0.08907066896656424,2.510359301076908,0.2074,True
2590,0.21,0.16,0.18,0.27,0.18,0.8321183646548314,0.22357665561526519,0.12892850459044897,-0.09485595951399317,2.3570122189558695,0.2074,True
2591,0.27,0.18,0.16,0.21,0.18,0.8300844327879009,0.22312380545615218,0.1325547124424326,-0.09007087227770172,2.4772026717830458,0.2074,True
2592,0.26,0.21,0.14,0.2,0.19,0.8293956493329575,0.2229703733777999,0.13540145441843407,-0.08873380270634634,2.512800833248329,0.2074,True
2593,0.16,0.18,0.21,0.27,0.18,0.8283126482681009,0.22272904823118633,0.12832473646301346,-0.10070535382008583,2.211690240710546,0.2074,True
2594,0.21,0.18,0.27,0.18,0.16,0.8258350614612033,0.22217660886776525,0.12762106250786232,-0.1063637208374768,2.0888382534797736,0.2074,True
2595,0.21,0.2,0.14,0.26,0.19,0.8229184906916338,0.22152564627855997,0.13129086739123258,-0.08861063390538304,2.4999894088908263,0.2074,True
2596,0.18,0.18,0.27,0.21,0.16,0.8202201076257112,0.22092276326284077,0.12543926001030672,-0.10607242726897592,2.082753915893997,0.2074,True
2597,0.24,0.22,0.13,0.22,0.19,0.8191173361541542,0.22067620633386942,0.13316790885172622,-0.08584461310574243,2.570647107023978,0.2074,True
2598,0.21,0.18,0.16,0.27,0.18,0.8189562963219945,0.22064019281454428,0.12760313408256455,-0.0895168955795248,2.464788254620967,0.2074,True
2599,0.2,0.21,0.14,0.26,0.19,0.8182407872043607,0.22048015699262247,0.1307021464657165,-0.08818174450808958,2.500292529055106,0.2074,True
2600,0.22,0.22,0.13,0.24,0.19,0.8154110243449615,0.21984682051514493,0.13159175552475608,-0.08566179719223743,2.566451180352625,0.2074,True
2601,0.27,0.18,0.18,0.21,0.16,0.8028561545820054,0.21702891658382062,0.12469213456178715,-0.08579755816325807,2.5295465422320262,0.2074,True
2602,0.18,0.18,0.21,0.27,0.16,0.7976867685617886,0.21586486009903694,0.11974808880653409,-0.09207287487348881,2.3445000538501968,0.2074,True
2603,0.27,0.21,0.18,0.18,0.16,0.7944647114526096,0.2151381789954112,0.12513029435365253,-0.08475839507152994,2.5382521555988666,0.2074,True
2604,0.21,0.18,0.18,0.27,0.16,0.7918851275940442,0.21455576968604095,0.11941274532856559,-0.08524688804977609,2.516875097666448,0.2074,True
2605,0.26,0.2,0.19,0.21,0.14,0.7639771246534137,0.20821875916783128,0.11553491479783115,-0.0782139639201821,2.662168604321346,0.2074,True
2606,0.2,0.19,0.21,0.26,0.14,0.7635566227761035,0.2081227672316428,0.1116835592389242,-0.08285895371286878,2.5117716059129935,0.2074,True
2607,0.21,0.19,0.2,0.26,0.14,0.7615641526898387,0.20766771967468856,0.11161118422508652,-0.08054045807202637,2.578427347519849,0.2074,True
2608,0.26,0.21,0.19,0.2,0.14,0.7612127288140718,0.20758742461706547,0.11568734144073657,-0.0778516797665092,2.6664475993280616,0.2074,True
2609,0.22,0.19,0.24,0.22,0.13,0.7608527539429475,0.20750516470975278,0.11157038852380452,-0.08567363949533591,2.422042134921202,0.2074,True
2610,0.19,0.2,0.21,0.26,0.14,0.7589835601775876,0.2070778442340584,0.11100806206207084,-0.08241490797877826,2.512626044396976,0.2074,True
2611,0.21,0.2,0.19,0.26,0.14,0.7550033882656462,0.2061669186612547,0.11085573024183984,-0.0777612459314021,2.6512810615602405,0.2074,True
2612,0.22,0.19,0.22,0.24,0.13,0.7532277661960491,0.20576009500515213,0.10962291151025891,-0.08084547092152461,2.5451035495220276,0.2074,True
2613,0.19,0.21,0.2,0.26,0.14,0.7524389968475143,0.20557928710161022,0.11022398650604992,-0.07964366858464045,2.5812382924467254,0.2074,True
2614,0.2,0.21,0.19,0.26,0.14,0.7504513011749754,0.20512341110937116,0.11014397288018138,-0.07730846407446645,2.6533111679956347,0.2074,True
2615,0.19,0.22,0.22,0.24,0.13,0.7395938543386618,0.20262715537762777,0.10744044926428226,-0.07949506459184774,2.548927488995427,0.2074,True
2616,0.24,0.22,0.19,0.22,0.13,0.7370994095671715,0.20205218638302602,0.10921502897776235,-0.07260650682304381,2.7828385529614654,0.2074,True
2617,0.22,0.22,0.19,0.24,0.13,0.733551110112105,0.2012333548498968,0.10728514663814522,-0.07242741533978725,2.7784141392568973,0.2074,True
2618,0.22,0.24,0.19,0.22,0.13,0.7280788151308655,0.19996833454792662,0.10759963962458462,-0.07187110391175344,2.7823189524604586,0.2074,True
2619,0.23,0.16,0.18,0.17,0.26,0.9682306559492211,0.25314974715526817,0.16903036139484626,-0.12863660414723033,1.9679448849996615,0.20740000000000003,True
2620,0.23,0.17,0.18,0.16,0.26,0.9652749724836875,0.2525222928318158,0.16915584425833455,-0.12837654758177108,1.9670438065875584,0.20740000000000003,True
2621,0.23,0.16,0.17,0.18,0.26,0.9645932130927379,0.25237747462286997,0.16832041819775734,-0.12646436345512269,1.9956410464393708,0.20740000000000003,True
2622,0.23,0.18,0.17,0.16,0.26,0.9586927095015194,0.25112269717027047,0.16857226297257544,-0.12593624602262843,1.9940462345141552,0.20740000000000003,True
2623,0.23,0.17,0.16,0.18,0.26,0.9580062511345897,0.2509765541032416,0.16774855782364548,-0.12401827743338134,2.0237061770032905,0.20740000000000003,True
2624,0.23,0.18,0.16,0.17,0.26,0.9550614314316141,0.2503492308964588,0.167874931764563,-0.12375018397475879,2.023021080498129,0.20740000000000003,True
2625,0.26,0.16,0.17,0.18,0.23,0.9220217710497471,0.2432673414133102,0.15602253903143148,-0.11447778494114536,2.125017893544825,0.20740000000000003,True
2626,0.26,0.17,0.16,0.18,0.23,0.9154094092826865,0.24184028460874174,0.1554357856979569,-0.11194848960690384,2.160281799762911,0.20740000000000003,True
2627,0.26,0.18,0.16,0.17,0.23,0.9125055997269846,0.24121255653818907,0.1555669113159109,-0.11165699366737314,2.160299580129864,0.20740000000000003,True
2628,0.17,0.16,0.23,0.26,0.18,0.8433310294454615,0.22606713066796313,0.1304628321229833,-0.10602088987729741,2.1322885605808484,0.20740000000000003,True
2629,0.16,0.17,0.23,0.26,0.18,0.8385956160822177,0.22501657084232907,0.12997463418619798,-0.10561972631235939,2.130440768013978,0.20740000000000003,True
2630,0.26,0.16,0.17,0.23,0.18,0.8376683540765808,0.22481064497169134,0.13216677155341566,-0.09298839423575922,2.417620465643433,0.20740000000000003,True
2631,0.23,0.16,0.17,0.26,0.18,0.8320825042368374,0.22356867428088,0.12967210222009654,-0.092709660878592,2.4114927415564007,0.20740000000000003,True
2632,0.26,0.17,0.16,0.23,0.18,0.8310550874628277,0.223339961278747,0.13153505097976764,-0.09031276938924904,2.4729610528955135,0.20740000000000003,True
2633,0.23,0.17,0.16,0.26,0.18,0.8254872895224872,0.22209902450261465,0.12902596092109586,-0.0900357928719624,2.4667859016741933,0.20740000000000003,True
2634,0.19,0.15,0.2,0.19,0.27,0.9860789722168535,0.2569254308284856,0.17288424598125396,-0.13674316866482183,1.8788904289489494,0.2076,True
2635,0.2,0.15,0.19,0.19,0.27,0.9845046955589527,0.25659331580351763,0.17268104058642184,-0.13470833128000048,1.9048065800041043,0.2076,True
2636,0.19,0.15,0.19,0.2,0.27,0.9824780909217399,0.2561655173320907,0.17215205439112125,-0.13460798370943672,1.9030484691387006,0.2076,True
2637,0.21,0.15,0.23,0.16,0.25,0.9694748976271834,0.2534136960764459,0.16669931470632632,-0.13551560044477828,1.8699964819158246,0.2076,True
2638,0.19,0.15,0.24,0.17,0.25,0.9690809122318866,0.2533301294740986,0.16637453867269658,-0.13745966739652504,1.8429415280289174,0.2076,True
2639,0.21,0.13,0.21,0.2,0.25,0.9681063816099331,0.2531233779370612,0.16489744187898486,-0.131711266468569,1.9218050568017688,0.2076,True
2640,0.23,0.15,0.21,0.16,0.25,0.9661973046935548,0.25271815982262225,0.16635616967989006,-0.13140189601282415,1.9232459157054953,0.2076,True
2641,0.2,0.13,0.21,0.21,0.25,0.9661010752415469,0.2526977273443465,0.16432231358157726,-0.13161123280469122,1.9200316109746156,0.2076,True
2642,0.21,0.13,0.2,0.21,0.25,0.9644537554420296,0.2523478471300653,0.1641370303687029,-0.12955157396543981,1.9478562815252525,0.2076,True
2643,0.24,0.15,0.19,0.17,0.25,0.960881746284207,0.2515885026445528,0.16549683133422896,-0.12715888013120913,1.9785366337368708,0.2076,True
2644,0.2,0.19,0.15,0.19,0.27,0.9582520714122453,0.2510288917625296,0.17037228842343874,-0.12504573841577749,2.0074965763955723,0.2076,True
2645,0.24,0.15,0.17,0.19,0.25,0.9535555152425312,0.250028188085629,0.16405073128604325,-0.1227892424639292,2.0362385423061613,0.2076,True
2646,0.23,0.15,0.16,0.21,0.25,0.9479096215819371,0.24882308191144742,0.16269969440831322,-0.12049680099811966,2.064976662038773,0.2076,True
2647,0.25,0.15,0.19,0.17,0.24,0.9467210040920206,0.24856907691005548,0.1614081233333064,-0.1232108345735291,2.017428725082742,0.2076,True
2648,0.21,0.15,0.16,0.23,0.25,0.943950129785571,0.24797654527066326,0.16146570448502387,-0.12030158659640855,2.0612907301263,0.2076,True
2649,0.19,0.15,0.17,0.24,0.25,0.9436339781521894,0.24790890272366584,0.16102774371145945,-0.1222986662216653,2.027077730139207,0.2076,True
2650,0.23,0.16,0.15,0.21,0.25,0.9413149247349413,0.2474125028644294,0.1621321249815917,-0.11801810401525803,2.096394489039093,0.2076,True
2651,0.24,0.17,0.15,0.19,0.25,0.9403588764910977,0.2472077429720474,0.16290905961548902,-0.11783670335817864,2.097884071150821,0.2076,True
2652,0.25,0.15,0.17,0.19,0.24,0.9393503255224254,0.24699166548173435,0.15994805040405308,-0.11880170863013328,2.079024521866906,0.2076,True
2653,0.25,0.15,0.21,0.16,0.23,0.9377872044413309,0.24665662575575098,0.15818023544641896,-0.12353602177897827,1.9966372739204052,0.2076,True
2654,0.21,0.16,0.15,0.23,0.25,0.9373673235929547,0.24656659769897527,0.16089271543934047,-0.11782385931902528,2.09267120534017,0.2076,True
2655,0.24,0.19,0.15,0.17,0.25,0.9345070929682431,0.24595297967388485,0.16316568760031483,-0.11727696628928341,2.0971976634115888,0.2076,True
2656,0.19,0.15,0.17,0.25,0.24,0.9275457128473727,0.2444569917895998,0.15615028901076186,-0.11821702856752736,2.06786615051792,0.2076,True
2657,0.25,0.17,0.15,0.19,0.24,0.9261367973397658,0.2441537802806779,0.15879669174644276,-0.11379362931129944,2.1455839114926096,0.2076,True
2658,0.25,0.19,0.15,0.17,0.24,0.9203123968147764,0.24289874436366699,0.15905654802615057,-0.11321813282985715,2.1454049655516956,0.2076,True
2659,0.25,0.15,0.16,0.21,0.23,0.9192791831508227,0.2426758435826275,0.154449593555156,-0.11243246683330133,2.1584142945332,0.2076,True
2660,0.21,0.13,0.25,0.2,0.21,0.9175948167514474,0.24231229450506908,0.14896804075046755,-0.12433423325394932,1.9488783431844772,0.2076,True
2661,0.2,0.13,0.25,0.21,0.21,0.9156388893619478,0.2418898651706134,0.14832965583827054,-0.12423474231910403,1.9470388126157614,0.2076,True
2662,0.25,0.16,0.15,0.21,0.23,0.9126682299316331,0.24124772974882602,0.15387223172571746,-0.10989767528368521,2.195203211770216,0.2076,True
2663,0.21,0.15,0.16,0.25,0.23,0.9114959954248361,0.24099415748403996,0.15174492566794542,-0.1120475679197468,2.1508200664975625,0.2076,True
2664,0.25,0.13,0.21,0.2,0.21,0.9104786486055245,0.24077400574586805,0.14842440968939363,-0.11584525038782967,2.078410680971371,0.2076,True
2665,0.25,0.13,0.2,0.21,0.21,0.9067390600370921,0.239964094173708,0.14762925411388508,-0.1136062794054522,2.1122432266027684,0.2076,True
2666,0.21,0.16,0.15,0.25,0.23,0.9049089123178959,0.23956733892655868,0.15115491195982933,-0.10951482733561879,2.1875333665311034,0.2076,True
2667,0.21,0.13,0.25,0.21,0.2,0.9008890723417693,0.23869499021800067,0.14417619311585347,-0.12022635384647384,1.9853799319474366,0.2076,True
2668,0.2,0.13,0.21,0.25,0.21,0.9007921687447686,0.23867394591450575,0.14495716662591177,-0.11535821254231948,2.068980965069544,0.2076,True
2669,0.21,0.13,0.2,0.25,0.21,0.8990085628346804,0.23828647701703254,0.144799751407606,-0.11321877370934708,2.104655166366284,0.2076,True
2670,0.25,0.13,0.21,0.21,0.2,0.8936389303381311,0.23711851619521074,0.1436676340139134,-0.1116552779453085,2.1236659883768074,0.2076,True
2671,0.25,0.15,0.16,0.23,0.21,0.8860006835692229,0.2354532931890847,0.1448447157179287,-0.10397141565564749,2.2645963960797086,0.2076,True
2672,0.21,0.13,0.21,0.25,0.2,0.8859591882454845,0.2354442344761214,0.1407575532222881,-0.11126851510415992,2.116000507921931,0.2076,True
2673,0.27,0.15,0.19,0.19,0.2,0.8841858000810019,0.23505696744873306,0.1439267007502875,-0.10671902535626199,2.202577906460805,0.2076,True
2674,0.23,0.15,0.16,0.25,0.21,0.8821781327593925,0.2346182458478694,0.1433596397217133,-0.10378193138202219,2.260684906549268,0.2076,True
2675,0.25,0.16,0.15,0.23,0.21,0.8793877217695343,0.23400795819983555,0.14425057574275815,-0.10137953121149623,2.308236735792871,0.2076,True
2676,0.23,0.16,0.15,0.25,0.21,0.8755771504175713,0.23317357581203946,0.14275805145675768,-0.10119113151710413,2.304288649767955,0.2076,True
2677,0.27,0.15,0.2,0.19,0.19,0.8709216406804936,0.23215264595087137,0.13999927869482937,-0.10471428138103922,2.21701035321155,0.2076,True
2678,0.17,0.15,0.25,0.24,0.19,0.8705791370575258,0.23207746976938082,0.13704675648800396,-0.11510351010837949,2.0162501521531415,0.2076,True
2679,0.19,0.15,0.19,0.27,0.2,0.8689223438600937,0.23171369030299238,0.13804785653308654,-0.1059539160187668,2.1869289877115135,0.2076,True
2680,0.27,0.15,0.19,0.2,0.19,0.8671475279794074,0.23132375816522344,0.1392010192831185,-0.10241855662376698,2.2586117769164407,0.2076,True
2681,0.17,0.15,0.24,0.25,0.19,0.8668607642928934,0.2312607321735265,0.13614340303304398,-0.11284896985761694,2.049294135917335,0.2076,True
2682,0.25,0.2,0.13,0.21,0.21,0.8604796616790527,0.22985659662398317,0.14337995143041773,-0.09550410523456254,2.4067718980188824,0.2076,True
2683,0.27,0.19,0.15,0.19,0.2,0.8577119981665569,0.22924658514236618,0.14146620106197816,-0.09626682027512945,2.3813665444353735,0.2076,True
2684,0.25,0.21,0.13,0.2,0.21,0.8576286649750107,0.2292282085574966,0.14351626708442491,-0.0951809334468976,2.4083416736544754,0.2076,True
2685,0.25,0.15,0.17,0.24,0.19,0.8558323519936879,0.228831953016708,0.13597946237111203,-0.09761785386250565,2.3441608677344705,0.2076,True
2686,0.19,0.15,0.2,0.27,0.19,0.8557605460901994,0.22881610776371275,0.1339463353589868,-0.10395085654443126,2.2011950201286785,0.2076,True
2687,0.24,0.15,0.17,0.25,0.19,0.8539514235085721,0.22841675764334557,0.13517732187336637,-0.09752412522988063,2.342156436727109,0.2076,True
2688,0.2,0.15,0.19,0.27,0.19,0.8539146843149603,0.228408645053102,0.13379886657124815,-0.10175449395390546,2.2447032674210003,0.2076,True
2689,0.21,0.2,0.13,0.25,0.21,0.8529167164344458,0.22818823707703717,0.14044703334590758,-0.09513167590156035,2.3986567556442515,0.2076,True
2690,0.25,0.17,0.15,0.24,0.19,0.8426114798044377,0.22590761333803155,0.13474062031307957,-0.09232203967736397,2.4469521484523793,0.2076,True
2691,0.25,0.21,0.13,0.21,0.2,0.8407873897357965,0.22550304368768903,0.13868407180469597,-0.09075728913700587,2.4846824517562767,0.2076,True
2692,0.24,0.17,0.15,0.25,0.19,0.8407425694484973,0.22549309951642393,0.13392966371089818,-0.09222945402811733,2.444914175114595,0.2076,True
2693,0.27,0.19,0.15,0.2,0.19,0.8406752159128852,0.22547815564299545,0.13670381091459652,-0.09184731143527214,2.454923852636638,0.2076,True
2694,0.27,0.2,0.15,0.19,0.19,0.83784221723974,0.22484926169010833,0.136843737322107,-0.09151572620848536,2.4569467020113125,0.2076,True
2695,0.21,0.21,0.13,0.25,0.2,0.8332993991218274,0.22383945635931934,0.1356457760515784,-0.09038818344216715,2.476423884572678,0.2076,True
2696,0.27,0.19,0.19,0.2,0.15,0.7862716516977455,0.21328644436905608,0.12100641535443893,-0.08328031455075491,2.561066748121723,0.2076,True
2697,0.27,0.2,0.19,0.19,0.15,0.7834867156970953,0.2126557243851921,0.12115494397329309,-0.08292883765091141,2.5643157484054635,0.2076,True
2698,0.19,0.19,0.2,0.27,0.15,0.775535561180472,0.21085136063558507,0.11482010062494723,-0.08494265935142165,2.4822787777724096,0.2076,True
2699,0.2,0.19,0.19,0.27,0.15,0.7735730535573611,0.21040517808856318,0.11472272472079306,-0.08263990953660971,2.546048020482804,0.2076,True
2700,0.19,0.2,0.19,0.27,0.15,0.7689836004970776,0.20936046431520494,0.11406783824481613,-0.08219696859881975,2.547058217402571,0.2076,True
2701,0.21,0.2,0.21,0.25,0.13,0.7448725763581152,0.20384208966588058,0.1079135759361602,-0.07796681039012943,2.614472602456069,0.2076,True
2702,0.2,0.21,0.21,0.25,0.13,0.7403370997280208,0.20279836697834708,0.10717974150306948,-0.0775128665431003,2.6163187612934293,0.2076,True
2703,0.21,0.21,0.2,0.25,0.13,0.7383197356156415,0.20233354001114034,0.10712660573080911,-0.07516150558540424,2.6919835949964246,0.2076,True
2704,0.21,0.14,0.21,0.18,0.26,0.9810333437164651,0.25586036580683347,0.1698071923826696,-0.13540918194791907,1.8895348315835938,0.20779999999999998,True
2705,0.18,0.14,0.21,0.21,0.26,0.9749717628921435,0.2545784524546557,0.16818823490183077,-0.13510716125554645,1.8842706048211393,0.20779999999999998,True
2706,0.21,0.14,0.18,0.21,0.26,0.9701359676984622,0.2535538878602195,0.16759258965238602,-0.1289558571759587,1.9662068355239444,0.20779999999999998,True
2707,0.21,0.14,0.24,0.17,0.24,0.9600681879143931,0.2514154259359027,0.1626049820617995,-0.13396448480451983,1.8767319286359112,0.20779999999999998,True
2708,0.24,0.14,0.21,0.17,0.24,0.9550429552664899,0.25034529300449804,0.16211940996320723,-0.12775611332454873,1.9595562708496503,0.20779999999999998,True
2709,0.21,0.18,0.14,0.21,0.26,0.9438262062984741,0.24795003196798948,0.165308849948003,-0.11916337374171937,2.080757066390288,0.20779999999999998,True
2710,0.24,0.14,0.17,0.21,0.24,0.9403112804255758,0.24719754741374889,0.15913864117676288,-0.1189814106695305,2.077614864563484,0.20779999999999998,True
2711,0.21,0.14,0.17,0.24,0.24,0.934404873165529,0.24593103881188272,0.1572100826468735,-0.11868915383348322,2.072059921809835,0.20779999999999998,True
2712,0.24,0.17,0.14,0.21,0.24,0.9205019623528985,0.24293963168228316,0.15742130464910992,-0.1114618022917423,2.1795774578129308,0.20779999999999998,True
2713,0.21,0.14,0.26,0.18,0.21,0.9183876974405287,0.2424834542351939,0.1499654597958524,-0.12627055648791985,1.9203483454861625,0.20779999999999998,True
2714,0.21,0.17,0.14,0.24,0.24,0.9146491629414821,0.24167600047928106,0.1554664280612098,-0.11117403316677699,2.1738529546439356,0.20779999999999998,True
2715,0.26,0.14,0.21,0.18,0.21,0.9095113518872742,0.240564612243217,0.14931079904782157,-0.11565787250983472,2.0799674680403712,0.20779999999999998,True
2716,0.26,0.14,0.18,0.21,0.21,0.8982856677341049,0.23812936685340325,0.14697599389163138,-0.108906986750127,2.1865389352820888,0.20779999999999998,True
2717,0.24,0.14,0.17,0.24,0.21,0.8907056161220845,0.23647955159545475,0.14470574005675796,-0.10645209130178168,2.2214645922272904,0.20779999999999998,True
2718,0.21,0.14,0.18,0.26,0.21,0.8886759070027128,0.23603703252822505,0.1433523398231047,-0.10842787844210688,2.176903541041364,0.20779999999999998,True
2719,0.26,0.18,0.14,0.21,0.21,0.8718187977084078,0.2323495196203007,0.14458844562743847,-0.09854922649379294,2.357700084383058,0.20779999999999998,True
2720,0.24,0.17,0.14,0.24,0.21,0.8708847075616051,0.23214453993540318,0.14291233300869893,-0.09867791749635346,2.352548025184883,0.20779999999999998,True
2721,0.21,0.14,0.26,0.21,0.18,0.867873703710393,0.23148333091392947,0.13563790398709594,-0.11383248697071269,2.033543648866132,0.20779999999999998,True
2722,0.26,0.21,0.14,0.18,0.21,0.8632413365431186,0.2304646853867749,0.1449960815562801,-0.0975950347780491,2.361438631697794,0.20779999999999998,True
2723,0.21,0.18,0.14,0.26,0.21,0.8623287742512973,0.23026381627634906,0.14089062613928807,-0.09808092454091932,2.3476921466037273,0.20779999999999998,True
2724,0.21,0.14,0.21,0.26,0.18,0.8490817512060724,0.22734052176188668,0.13117365312554535,-0.10243051306335271,2.219460929784446,0.20779999999999998,True
2725,0.26,0.21,0.14,0.21,0.18,0.8122368696423232,0.21913562107607354,0.1306097144560674,-0.08421964192244913,2.601953844423339,0.20779999999999998,True
2726,0.21,0.21,0.14,0.26,0.18,0.803029675796241,0.21706795193892314,0.12648882060890712,-0.083764022481986,2.591422253934916,0.20779999999999998,True
2727,0.21,0.26,0.14,0.21,0.18,0.7890571159640112,0.2139166285104479,0.12720095334446496,-0.08208604478196324,2.606004821875055,0.20779999999999998,True
2728,0.21,0.18,0.26,0.21,0.14,0.7871252721933224,0.21347963727226116,0.11722268274521498,-0.09521520277406836,2.2420751209112777,0.20779999999999998,True
2729,0.21,0.18,0.21,0.26,0.14,0.768134606695597,0.2091670067808642,0.1123870881318854,-0.0833018872428819,2.510951596702719,0.20779999999999998,True
2730,0.26,0.21,0.18,0.21,0.14,0.7573958450641056,0.20671463533760415,0.11483471817464264,-0.07541353762549463,2.741081267983393,0.20779999999999998,True
2731,0.18,0.21,0.21,0.26,0.14,0.7544154181774647,0.20603223563424367,0.11036133345467376,-0.08196974584623595,2.5135156088043997,0.20779999999999998,True
2732,0.21,0.21,0.18,0.26,0.14,0.7484523170085942,0.20466459788593538,0.11012124795245375,-0.07496407848875786,2.730168929064183,0.20779999999999998,True
2733,0.2,0.15,0.2,0.18,0.27,0.9881100763673076,0.257353660602073,0.17341224386336554,-0.13684402385171912,1.8806349985801003,0.2078,True
2734,0.18,0.15,0.2,0.2,0.27,0.984047901306516,0.25649691597874047,0.17237747743911105,-0.13664237547651548,1.877140345988966,0.2078,True
2735,0.2,0.15,0.18,0.2,0.27,0.9808972035894556,0.25583160339231514,0.1719629370039406,-0.13256627461887127,1.9298392756968719,0.2078,True
2736,0.19,0.14,0.22,0.19,0.26,0.9806115280853782,0.25577124425516673,0.169473287422179,-0.13734505995196922,1.8622529586765786,0.2078,True
2737,0.22,0.14,0.19,0.19,0.26,0.9757820121034144,0.25474995707821413,0.16890207213046696,-0.13121316554078333,1.9414969224184553,0.2078,True
2738,0.23,0.16,0.19,0.16,0.26,0.9718660253518934,0.25392062927822856,0.169753768448348,-0.13080232784574353,1.9412546661836145,0.2078,True
2739,0.19,0.14,0.19,0.22,0.26,0.969747524171132,0.25347151523329914,0.1672119926975875,-0.13091404223006142,1.9361675104941125,0.2078,True
2740,0.2,0.13,0.22,0.2,0.25,0.9697471104384154,0.25347142749211904,0.16509745054317937,-0.13376395295330712,1.8949157967886767,0.2078,True
2741,0.22,0.13,0.2,0.2,0.25,0.9664545125792672,0.252772769710899,0.16473503907799086,-0.12965114925085386,1.9496377098966156,0.2078,True
2742,0.2,0.13,0.2,0.22,0.25,0.962452995984165,0.25192263540809967,0.16356053814764507,-0.12945206046974367,1.9460689501113084,0.2078,True
2743,0.2,0.18,0.15,0.2,0.27,0.961200627985481,0.25165632859480436,0.17024856142212644,-0.1253108831733334,2.008255964860662,0.2078,True
2744,0.23,0.16,0.16,0.19,0.26,0.9609537001945836,0.25160380784141223,0.16762409972212156,-0.1242855763091506,2.0244007012975307,0.2078,True
2745,0.22,0.19,0.14,0.19,0.26,0.9428768898300379,0.24774688929155775,0.16603075974641696,-0.11898442051908409,2.082179231623196,0.2078,True
2746,0.2,0.13,0.25,0.2,0.22,0.9321589986562804,0.24544878024269434,0.15313614587849494,-0.12829308623351798,1.9131879000551173,0.2078,True
2747,0.25,0.13,0.2,0.2,0.22,0.9234279328716846,0.2435703921213983,0.1523954100186676,-0.1177658117380962,2.068260631218538,0.2078,True
2748,0.26,0.14,0.19,0.19,0.22,0.9187365900622053,0.24255875499525903,0.1524931487768644,-0.1153524245954689,2.102762519694682,0.2078,True
2749,0.26,0.16,0.16,0.19,0.23,0.9183158276135601,0.24246794158757545,0.15530670975660693,-0.11223910515208946,2.160280423289366,0.2078,True
2750,0.2,0.13,0.2,0.25,0.22,0.9136785709369069,0.24146619884393772,0.14902195477917668,-0.11727791525220765,2.0589230148290203,0.2078,True
2751,0.22,0.13,0.25,0.2,0.2,0.9028277277334515,0.2391158527809345,0.14485829549353973,-0.12032520293335947,1.9872466195911231,0.2078,True
2752,0.2,0.13,0.25,0.22,0.2,0.8989503466509643,0.23827382609880687,0.1435176880337211,-0.12012756747386899,1.9835066264089456,0.2078,True
2753,0.25,0.13,0.22,0.2,0.2,0.8973928110905363,0.23793526308322854,0.14448941712674054,-0.11390735865969581,2.0888489197091524,0.2078,True
2754,0.25,0.13,0.2,0.22,0.2,0.889883190095655,0.23630028369651246,0.1428607060497464,-0.10939623149369615,2.1600404371345188,0.2078,True
2755,0.2,0.13,0.22,0.25,0.2,0.88776964886472,0.2358393468910227,0.1409241635397979,-0.11342121480509981,2.0793230551822526,0.2078,True
2756,0.26,0.19,0.14,0.19,0.22,0.8856680285727745,0.2353806685904294,0.1495190328849634,-0.1025640513978111,2.2949626636477896,0.2078,True
2757,0.22,0.13,0.2,0.25,0.2,0.8841374918555802,0.23504641464817522,0.140635041994883,-0.1091077862498342,2.15425885472525,0.2078,True
2758,0.19,0.14,0.26,0.22,0.19,0.8810250308029932,0.23436612540158408,0.1390787581725401,-0.11783141488698878,1.9889952575581211,0.2078,True
2759,0.27,0.15,0.18,0.2,0.2,0.8804255302081039,0.23423500663418695,0.14315503284656703,-0.104436882869959,2.242837972537421,0.2078,True
2760,0.25,0.2,0.13,0.2,0.22,0.877173839098538,0.2335233324629009,0.14820833055777874,-0.09986474838494652,2.338396043043572,0.2078,True
2761,0.18,0.15,0.2,0.27,0.2,0.8707305336130835,0.23211070095812802,0.13823158253102472,-0.10812838190336693,2.1466214223529456,0.2078,True
2762,0.26,0.14,0.19,0.22,0.19,0.8681191567254072,0.2315372583840407,0.13823146224935023,-0.10263377303418542,2.255955827590202,0.2078,True
2763,0.2,0.15,0.18,0.27,0.2,0.8671029433636976,0.23131395961595858,0.13790940305202515,-0.10377129503185356,2.2290746159133374,0.2078,True
2764,0.19,0.14,0.22,0.26,0.19,0.8660937213359554,0.2310921168834379,0.13551793616523908,-0.1088101685168279,2.1238099346174493,0.2078,True
2765,0.27,0.18,0.15,0.2,0.2,0.8605635309127289,0.22987507251393935,0.14132977065741714,-0.09658850344069925,2.3799423774597743,0.2078,True
2766,0.22,0.14,0.19,0.26,0.19,0.8605524267127367,0.2298726263570683,0.13510079424030846,-0.10225436764008056,2.248047019039657,0.2078,True
2767,0.27,0.2,0.15,0.18,0.2,0.8548630484266597,0.22861802440609913,0.14160487750132988,-0.09594413962574899,2.382824269391268,0.2078,True
2768,0.26,0.16,0.16,0.23,0.19,0.8510920423205517,0.2277850406780031,0.13618051750807383,-0.09507143033211796,2.3959357704230366,0.2078,True
2769,0.23,0.16,0.16,0.26,0.19,0.8454672893073976,0.2265404747520623,0.13376132607446475,-0.09479194543429281,2.3898705076065134,0.2078,True
2770,0.25,0.2,0.13,0.22,0.2,0.8436225931675649,0.22613175575978905,0.1385466327877716,-0.0910893420392469,2.4825270519832885,0.2078,True
2771,0.2,0.15,0.2,0.27,0.18,0.8405968303339548,0.2254607636073871,0.12972767549975525,-0.0997191863602459,2.2609567109070334,0.2078,True
2772,0.22,0.2,0.13,0.25,0.2,0.8380027920050046,0.22488492476110777,0.13623647578549686,-0.09081252649713023,2.476364587964793,0.2078,True
2773,0.25,0.22,0.13,0.2,0.2,0.8379547620237546,0.2248742576948224,0.13882381256128518,-0.0904242007966658,2.486881340543893,0.2078,True
2774,0.26,0.19,0.14,0.22,0.19,0.8350478806958905,0.2242283167902921,0.1351227322941328,-0.08940648447421717,2.507964809364074,0.2078,True
2775,0.22,0.19,0.14,0.26,0.19,0.8276012746705366,0.22257048097178944,0.13190422216757322,-0.08903846852686992,2.499711469145748,0.2078,True
2776,0.26,0.22,0.14,0.19,0.19,0.8265733906366977,0.2223412899029351,0.13554434234388785,-0.08839588075419569,2.515290169699245,0.2078,True
2777,0.27,0.2,0.15,0.2,0.18,0.8206645757841207,0.2210221090047808,0.13208991741422066,-0.08703180183701476,2.539555706530021,0.2078,True
2778,0.2,0.2,0.15,0.27,0.18,0.8077324900125433,0.21812494514605918,0.1263568493284439,-0.0863896692633237,2.5248961711057625,0.2078,True
2779,0.2,0.18,0.27,0.2,0.15,0.806596547550885,0.21786980154693625,0.12213363076638711,-0.10190043442007579,2.1380654831046813,0.2078,True
2780,0.19,0.19,0.26,0.22,0.14,0.7806716586738545,0.2120175150200383,0.11575715935635017,-0.0946958137175925,2.2389322895764914,0.2078,True
2781,0.2,0.18,0.2,0.27,0.15,0.7801379354980871,0.21189643731460417,0.11547147146719541,-0.08538076903999148,2.4817817840848218,0.2078,True
2782,0.27,0.2,0.18,0.2,0.15,0.7796741419099993,0.21179120382089422,0.12032163657456037,-0.08051747831751699,2.6303755190358213,0.2078,True
2783,0.18,0.2,0.2,0.27,0.15,0.770938145605558,0.20980560514245017,0.1141968005291142,-0.08450345511739177,2.482805050408759,0.2078,True
2784,0.2,0.2,0.18,0.27,0.15,0.7670177877414581,0.20891242642908425,0.1139941796011823,-0.07988148885716617,2.615279577508059,0.2078,True
2785,0.26,0.19,0.19,0.22,0.14,0.766744066494752,0.20885001494223832,0.11538521254798674,-0.07857509119339412,2.657967197622502,0.2078,True
2786,0.19,0.19,0.22,0.26,0.14,0.7655377982731972,0.20857489554354602,0.11181228322621951,-0.08516842772493605,2.448969660649006,0.2078,True
2787,0.22,0.19,0.19,0.26,0.14,0.7595603738631329,0.20720974315822227,0.11159510183004644,-0.0782128878364079,2.6493043396074,0.2078,True
2788,0.26,0.22,0.19,0.19,0.14,0.7584508778820473,0.20695601113786544,0.11584249402230382,-0.0774882331643123,2.670805652504932,0.2078,True
2789,0.2,0.2,0.25,0.22,0.13,0.758280053021489,0.20691693550578183,0.11097577150895878,-0.08754491891533411,2.3635516266328835,0.2078,True
2790,0.2,0.2,0.22,0.25,0.13,0.7468867284752201,0.20430501472860807,0.10799222806920818,-0.08030508805339742,2.5441104627487503,0.2078,True
2791,0.19,0.22,0.19,0.26,0.14,0.7459041118685723,0.20407921834798382,0.10946059019449589,-0.0768545379442549,2.655395814050813,0.2078,True
2792,0.22,0.2,0.2,0.25,0.13,0.7428471088051283,0.20337620447370486,0.10789327249467659,-0.07561932231856583,2.689474042321225,0.2078,True
2793,0.2,0.22,0.2,0.25,0.13,0.7337972227886962,0.2012901856581848,0.10638816268039078,-0.07470252592429127,2.6945566186367813,0.2078,True
2794,0.2,0.25,0.2,0.22,0.13,0.7255869839188451,0.19939141743903188,0.10685587133644675,-0.07379604154114738,2.70192564905876,0.2078,True
2795,0.19,0.15,0.21,0.18,0.27,0.9896777415092666,0.25768398136133275,0.1736294146890968,-0.1388720213010014,1.8555500161030247,0.208,True
2796,0.18,0.15,0.21,0.19,0.27,0.98764217661255,0.257255036380287,0.17312358539388295,-0.13877072416446024,1.853813460506327,0.208,True
2797,0.21,0.15,0.19,0.18,0.27,0.9865313294971774,0.2570208292703897,0.17323101042629796,-0.13480874068592863,1.9065590848384626,0.208,True
2798,0.21,0.15,0.18,0.19,0.27,0.9829193324875607,0.25625868438056876,0.1725139396188039,-0.1326661727105255,1.9316053153935422,0.208,True
2799,0.18,0.15,0.19,0.21,0.27,0.980451516568281,0.2557374335801106,0.17164437746331584,-0.13450769791713446,1.9012847408752886,0.208,True
2800,0.19,0.15,0.18,0.21,0.27,0.9788751010360239,0.2554042371946559,0.17143299505723092,-0.13246643813933123,1.9280675224770205,0.208,True
2801,0.21,0.13,0.22,0.19,0.25,0.9717569611467691,0.25389751594609344,0.16567118106533835,-0.13386450323395382,1.8966754427972512,0.208,True
2802,0.22,0.13,0.21,0.19,0.25,0.9701116886140293,0.2535487395990723,0.16549400144755066,-0.13181136215214673,1.9235727137574605,0.208,True
2803,0.19,0.13,0.22,0.21,0.25,0.9677372643048825,0.25304505003490285,0.1645454213529533,-0.1336634648617041,1.8931504603499376,0.208,True
2804,0.19,0.13,0.21,0.22,0.25,0.9640957704916555,0.25227178753845214,0.16376897538147717,-0.13151126110288536,1.9182523642678178,0.208,True
2805,0.21,0.18,0.15,0.19,0.27,0.9632050006297996,0.25208248920303156,0.17080658456322184,-0.12540941633568237,2.0100762492051185,0.208,True
2806,0.22,0.13,0.19,0.21,0.25,0.9627952907550283,0.25199540214698946,0.16398954368998192,-0.12748444795591796,1.9766756352439583,0.208,True
2807,0.21,0.13,0.19,0.22,0.25,0.9607990860551805,0.2515709196622391,0.16339012174362819,-0.12738539664802206,1.9748803731196396,0.208,True
2808,0.21,0.13,0.25,0.19,0.22,0.9341320011565535,0.24587246470023283,0.15375565769859656,-0.1283932580404149,1.9149951364489752,0.208,True
2809,0.19,0.13,0.25,0.21,0.22,0.930185959943701,0.24502479944267197,0.1525395728119372,-0.12819297720481637,1.911374591536252,0.208,True
2810,0.25,0.13,0.21,0.19,0.22,0.9271509559161928,0.24437205139122664,0.15317943054936897,-0.11998502483333229,2.0366879261030846,0.208,True
2811,0.22,0.19,0.13,0.21,0.25,0.9232767615232726,0.24353781932899032,0.16053283262865867,-0.11263155510731271,2.162252124610667,0.208,True
2812,0.21,0.19,0.13,0.22,0.25,0.9213162115952371,0.24311522619506465,0.1599172432916845,-0.11253540255432992,2.1603443954243047,0.208,True
2813,0.25,0.13,0.19,0.21,0.22,0.9197029747799641,0.2427672801222014,0.1516257386245817,-0.11553980654869722,2.1011570589732713,0.208,True
2814,0.22,0.13,0.25,0.19,0.21,0.9195506903938637,0.24273442505911547,0.14962947628793571,-0.12443378697241159,1.9507115467998455,0.208,True
2815,0.19,0.13,0.21,0.25,0.22,0.9154238781946931,0.2418434108218499,0.149212356197676,-0.11939642736322453,2.0255498105158583,0.208,True
2816,0.25,0.13,0.22,0.19,0.21,0.9142163381992621,0.24158245052870542,0.14923405412176005,-0.11807735907659134,2.045967596311178,0.208,True
2817,0.19,0.13,0.25,0.22,0.21,0.9136829092080987,0.24146713675561937,0.14771476126757718,-0.12413531410850354,1.945192941184803,0.208,True
2818,0.21,0.13,0.19,0.25,0.22,0.9119220709165179,0.24108633612471753,0.14887328274620634,-0.11515158675985637,2.0936431959682205,0.208,True
2819,0.25,0.13,0.19,0.22,0.21,0.9029975759060689,0.23915271148556516,0.14684881323335944,-0.11136041443505829,2.1475558680237414,0.208,True
2820,0.19,0.13,0.22,0.25,0.21,0.9025645674638738,0.23905874011152473,0.14515746855333064,-0.11748975159749397,2.0347199382164987,0.208,True
2821,0.27,0.15,0.19,0.18,0.21,0.9010611620465925,0.23873236073107051,0.14865633192376343,-0.11096731092131473,2.15137556050495,0.208,True
2822,0.27,0.15,0.18,0.19,0.21,0.8973169621296488,0.23791877099015624,0.14789504255461072,-0.10870561060534734,2.1886521741174305,0.208,True
2823,0.22,0.13,0.19,0.25,0.21,0.8972137355823064,0.2378963253907196,0.14468520298908447,-0.11107139110054132,2.141832591034868,0.208,True
2824,0.22,0.13,0.25,0.21,0.19,0.8859396593299935,0.23543997113432136,0.1400872729133714,-0.11616685248823055,2.02673969459726,0.208,True
2825,0.21,0.13,0.25,0.22,0.19,0.8840183487769884,0.2350203873953094,0.13938311606937592,-0.11606873245288896,2.024838063004622,0.208,True
2826,0.19,0.15,0.18,0.27,0.21,0.881951841175574,0.2345687763562081,0.14218242435823858,-0.10793887841262173,2.173162995630859,0.208,True
2827,0.25,0.13,0.22,0.21,0.19,0.8804050400246546,0.23423052466552097,0.13974705287101719,-0.10968656420587042,2.135453201231596,0.208,True
2828,0.25,0.19,0.13,0.21,0.22,0.8800430477850665,0.23415133806834465,0.14807509376524608,-0.10017826717640543,2.3373466587920113,0.208,True
2829,0.27,0.18,0.15,0.19,0.21,0.877455534977432,0.2335850177107921,0.1460958466069785,-0.10094504056562215,2.3139821075107063,0.208,True
2830,0.25,0.13,0.21,0.22,0.19,0.8766353819634722,0.23340540492902573,0.1389124460403756,-0.1074141889015171,2.1729476088398703,0.208,True
2831,0.27,0.19,0.15,0.18,0.21,0.8745882165784284,0.23295684905150038,0.146231304935699,-0.10063203587657199,2.31493725653358,0.208,True
2832,0.25,0.21,0.13,0.19,0.22,0.8743072218458818,0.23289525460634164,0.14834372585071576,-0.09955026545663836,2.339473968633314,0.208,True
2833,0.21,0.13,0.22,0.25,0.19,0.8727764014905122,0.23255958842531688,0.1367527432205842,-0.1093005736783712,2.127706933265041,0.208,True
2834,0.22,0.13,0.21,0.25,0.19,0.8709280871436254,0.23215406079823642,0.1366218654404173,-0.10712634421608169,2.167105229783298,0.208,True
2835,0.27,0.15,0.18,0.21,0.19,0.863371602000433,0.2304933534834499,0.13841842893190584,-0.10011563872329066,2.3022712177915565,0.208,True
2836,0.25,0.19,0.13,0.22,0.21,0.8633332425072182,0.23048491167853746,0.14324586192965297,-0.09582628014628558,2.4052369697194336,0.208,True
2837,0.22,0.19,0.13,0.25,0.21,0.8576571657303111,0.22923449358861836,0.1410154989333282,-0.09554698441470666,2.3991808322663757,0.208,True
2838,0.18,0.15,0.21,0.27,0.19,0.8575951826936321,0.22922082491032336,0.13414046174474856,-0.10613897534953809,2.1596291480622525,0.208,True
2839,0.21,0.15,0.18,0.27,0.19,0.8520575832166193,0.22799842827072658,0.13369804452375333,-0.09954984090207042,2.2902942506459065,0.208,True
2840,0.27,0.18,0.15,0.21,0.19,0.8435107902825472,0.2261069754586449,0.1365662038320308,-0.09217786528757943,2.4529421977090613,0.208,True
2841,0.19,0.15,0.21,0.27,0.18,0.842468902207467,0.2258760003072604,0.12988463778724532,-0.10192945136719522,2.216003297158488,0.208,True
2842,0.21,0.15,0.19,0.27,0.18,0.8387135047089398,0.22504274652634315,0.12961883959702972,-0.09750054006478259,2.308117948647436,0.208,True
2843,0.21,0.18,0.15,0.27,0.19,0.8323048830873288,0.22361816672494772,0.13176679424343232,-0.09162231636357643,2.4406517494884574,0.208,True
2844,0.25,0.21,0.13,0.22,0.19,0.823786976977718,0.22171956020937666,0.13385046717125978,-0.0862783135127485,2.5698179667897114,0.208,True
2845,0.15,0.19,0.21,0.27,0.18,0.8236041235969362,0.22167873817931505,0.12785819281814786,-0.10029532861394486,2.2102598520076366,0.208,True
2846,0.27,0.19,0.15,0.21,0.18,0.823481450666848,0.22165134990943014,0.13194850810059985,-0.08737249009390691,2.5368551322184123,0.208,True
2847,0.25,0.22,0.13,0.21,0.19,0.8209703079518771,0.2210904356473553,0.13399163621295274,-0.08593611163461023,2.5727302695216725,0.208,True
2848,0.22,0.21,0.13,0.25,0.19,0.8182237621773558,0.22047634854346,0.13145487565447098,-0.08600409013987131,2.563556549286109,0.208,True
2849,0.21,0.19,0.15,0.27,0.18,0.8123893752144942,0.21916981037993133,0.12696883652784982,-0.08682209731927604,2.524355171632922,0.208,True
2850,0.21,0.18,0.27,0.19,0.15,0.8084503345713228,0.2182861248201471,0.12291466475341184,-0.10199676626987964,2.1401278962371233,0.208,True
2851,0.19,0.18,0.27,0.21,0.15,0.8047426155943251,0.21745316076179555,0.12137939752767657,-0.10180416585390906,2.13599472023419,0.208,True
2852,0.19,0.21,0.15,0.27,0.18,0.8030806499300212,0.21707941861075875,0.12577063427181598,-0.08595617048417614,2.5254663788299103,0.208,True
2853,0.27,0.18,0.19,0.21,0.15,0.7890591425539129,0.21391708676842702,0.12086048804506426,-0.08363067758538079,2.5578781966705146,0.208,True
2854,0.27,0.19,0.18,0.21,0.15,0.7824547144861664,0.212421834567589,0.12017336433473437,-0.08087335650312444,2.626598471393757,0.208,True
2855,0.19,0.18,0.21,0.27,0.15,0.7820971287878768,0.21234077130055273,0.11559218644790618,-0.0876709037675889,2.422021014673891,0.208,True
2856,0.21,0.18,0.19,0.27,0.15,0.7781674543145636,0.2114492142973985,0.11540515894304645,-0.08308174447418426,2.545074319703307,0.208,True
2857,0.18,0.19,0.21,0.27,0.15,0.777486798108801,0.21129465488327615,0.11497233464059868,-0.08723649383576404,2.422090178005898,0.208,True
2858,0.27,0.21,0.18,0.19,0.15,0.7768961209951981,0.21116049540830306,0.12047252933736084,-0.08016046509422992,2.6342224332166797,0.208,True
2859,0.21,0.19,0.18,0.27,0.15,0.7715992610881837,0.2099560977465076,0.11468017744790032,-0.0803281923139777,2.6137286511546916,0.208,True
2860,0.19,0.21,0.18,0.27,0.15,0.7624412503233029,0.20786807667910256,0.11333588937311344,-0.07943366362656312,2.616876361845032,0.208,True
2861,0.19,0.21,0.25,0.22,0.13,0.7537090557784878,0.20587039334047863,0.11029331488677413,-0.08710611077531971,2.3634437527752543,0.208,True
2862,0.21,0.19,0.22,0.25,0.13,0.7514351745236563,0.2053491045816136,0.1087213377169572,-0.08075405134836355,2.5428953860873373,0.208,True
2863,0.22,0.19,0.21,0.25,0.13,0.7494129251191091,0.2048851233515725,0.10867546559304028,-0.07841960777891199,2.612677226455966,0.208,True
2864,0.19,0.21,0.22,0.25,0.13,0.7423431656034529,0.20326023458012377,0.10729179773698587,-0.07985499024074938,2.5453667199423395,0.208,True
2865,0.25,0.21,0.19,0.22,0.13,0.7416169747038963,0.2030930806108302,0.11006205027430044,-0.07306952813111234,2.7794497351400715,0.208,True
2866,0.25,0.22,0.19,0.21,0.13,0.7388732528264985,0.20246111337447337,0.11021900656375477,-0.07269614384858114,2.7850323642500183,0.208,True
2867,0.22,0.21,0.19,0.25,0.13,0.7362910591150387,0.20186574367962917,0.1071323119917405,-0.07280085261250258,2.772848619700938,0.208,True
2868,0.19,0.22,0.21,0.25,0.13,0.7358064945062348,0.2017539531021142,0.10647476949312248,-0.07705777187815044,2.6182168025977024,0.208,True
2869,0.21,0.22,0.19,0.25,0.13,0.7317766558818646,0.20082344961843845,0.10636099524220055,-0.07233796075816235,2.7761834521410433,0.208,True
2870,0.22,0.25,0.19,0.21,0.13,0.7253464669632208,0.19933570276034862,0.10776129917661663,-0.07163540142067903,2.782642364070096,0.208,True
2871,0.21,0.25,0.19,0.22,0.13,0.7235757843860848,0.19892537256884113,0.10683290317022728,-0.07162676736364981,2.777249063313091,0.208,True
2872,0.2,0.14,0.22,0.18,0.26,0.9826365732322975,0.25619898206492087,0.17001188043783474,-0.1374462419878888,1.863994084956474,0.20800000000000002,True
2873,0.22,0.14,0.2,0.18,0.26,0.9794190008451198,0.255519217641887,0.16963905800092174,-0.13336478014280762,1.915942255281161,0.20800000000000002,True
2874,0.18,0.14,0.22,0.2,0.26,0.9785865052936491,0.2553432194835925,0.1689562427461713,-0.13724394020276132,1.860506329870403,0.20800000000000002,True
2875,0.23,0.15,0.19,0.17,0.26,0.9748284589870271,0.2545481145812387,0.1696296572226943,-0.1310580384540354,1.9422548787079068,0.20800000000000002,True
2876,0.21,0.14,0.23,0.17,0.25,0.9724388745690946,0.25404201583197117,0.16657773440598625,-0.1357638211121568,1.871205552045436,0.20800000000000002,True
2877,0.22,0.14,0.18,0.2,0.26,0.9721429440219211,0.2539793111853177,0.1681784153456781,-0.12905510717344604,1.9679911686406755,0.20800000000000002,True
2878,0.18,0.14,0.2,0.22,0.26,0.971354944608785,0.2538123115955533,0.16743335985584448,-0.13296400996006397,1.9088797913945763,0.20800000000000002,True
2879,0.23,0.14,0.21,0.17,0.25,0.969155832067975,0.25334602126705175,0.16623294138322517,-0.1316570838502058,1.9242870482783803,0.20800000000000002,True
2880,0.2,0.14,0.18,0.22,0.26,0.9681289999393143,0.2531281773022087,0.1670279599493373,-0.12885666867942835,1.9644165870215453,0.20800000000000002,True
2881,0.23,0.15,0.17,0.19,0.26,0.9675474131677844,0.2530047591860336,0.16819735581142659,-0.1267272517326694,1.996451084726007,0.20800000000000002,True
2882,0.19,0.15,0.17,0.23,0.26,0.9595432694768298,0.2513037291698139,0.1658869236100675,-0.12633220950492585,1.9892292722072218,0.20800000000000002,True
2883,0.23,0.14,0.17,0.21,0.25,0.9545132035419097,0.25023237454507763,0.16328232491716801,-0.12296066007936468,2.0350604362693376,0.20800000000000002,True
2884,0.23,0.17,0.15,0.19,0.26,0.954368792592938,0.25020158929952374,0.16706551979164094,-0.121829261982071,2.053706845374674,0.20800000000000002,True
2885,0.21,0.14,0.17,0.23,0.25,0.9505418154036251,0.2493852084784034,0.16205383557036177,-0.12276449103896159,2.0314115781187607,0.20800000000000002,True
2886,0.23,0.19,0.15,0.17,0.26,0.948490017123045,0.24894707364111168,0.16731919804372467,-0.12128493622007785,2.0525803236552327,0.20800000000000002,True
2887,0.21,0.14,0.25,0.17,0.23,0.947552034129143,0.24874667711260945,0.15865730904780195,-0.13214927000817567,1.8823159378573961,0.20800000000000002,True
2888,0.22,0.18,0.14,0.2,0.26,0.9458094517542437,0.2483742100686186,0.16590479666973526,-0.11926074466420278,2.0826149523714186,0.20800000000000002,True
2889,0.19,0.15,0.26,0.17,0.23,0.9442956087179415,0.2480504541835573,0.15844697764734234,-0.13386241707119262,1.8530253644802752,0.20800000000000002,True
2890,0.2,0.18,0.14,0.22,0.26,0.9418429585638957,0.2475255647282648,0.16473433422910813,-0.11906606388079155,2.078892647161717,0.20800000000000002,True
2891,0.25,0.14,0.21,0.17,0.23,0.9407184268772641,0.2472847569117287,0.15805408034417195,-0.12380616279440082,1.9973541811677265,0.20800000000000002,True
2892,0.17,0.14,0.25,0.21,0.23,0.9395976760035496,0.24704466613814757,0.15638030598296235,-0.1317460492573994,1.8751580599998334,0.20800000000000002,True
2893,0.23,0.17,0.14,0.21,0.25,0.9347291165865366,0.24600063303711672,0.1615798297177466,-0.11552443469030271,2.1294251185612283,0.20800000000000002,True
2894,0.21,0.17,0.14,0.23,0.25,0.9307934004113922,0.24515536140945615,0.16033508534348048,-0.11533117498747647,2.125664300533459,0.20800000000000002,True
2895,0.25,0.14,0.17,0.21,0.23,0.9258991811105386,0.24410262852234044,0.15504281446901622,-0.11495189300653885,2.123519866771181,0.20800000000000002,True
2896,0.26,0.15,0.17,0.19,0.23,0.9249349944542682,0.24389502441372413,0.15589502288788615,-0.11476371008519881,2.1251929223328543,0.20800000000000002,True
2897,0.26,0.14,0.2,0.18,0.22,0.9224619612524183,0.24336222544066666,0.15326099079463382,-0.11758277313920107,2.069709864323074,0.20800000000000002,True
2898,0.21,0.14,0.17,0.25,0.23,0.9180921118972194,0.2424196514844974,0.15235098892278928,-0.1145649749642409,2.116001435518698,0.20800000000000002,True
2899,0.26,0.14,0.18,0.2,0.22,0.9150092871885569,0.24175382633145248,0.15173982430371497,-0.11311522691762532,2.137235038280978,0.20800000000000002,True
2900,0.26,0.17,0.15,0.19,0.23,0.9117057055857205,0.2410395286149969,0.1547342303518067,-0.10969907502630738,2.197279499003909,0.20800000000000002,True
2901,0.17,0.14,0.25,0.23,0.21,0.9068617966763635,0.23999069299702525,0.14667215108731724,-0.1236662007621302,1.940632861024357,0.20800000000000002,True
2902,0.25,0.17,0.14,0.21,0.23,0.9060663250385841,0.2398182823884245,0.1533109683201646,-0.10734737736312272,2.2340395105992576,0.20800000000000002,True
2903,0.2,0.14,0.18,0.26,0.22,0.9033738335433839,0.2392343552398959,0.1475921407560036,-0.11253592761218534,2.125848698420394,0.20800000000000002,True
2904,0.17,0.14,0.23,0.25,0.21,0.8994783246972604,0.23838855117875757,0.1449439714625959,-0.11923730777732633,1.9992782093331407,0.20800000000000002,True
2905,0.21,0.17,0.14,0.25,0.23,0.8983308661620055,0.23813919120752725,0.1505811972360302,-0.10696661268888752,2.226294590632268,0.20800000000000002,True
2906,0.18,0.14,0.26,0.22,0.2,0.895887509079569,0.237607877995323,0.143288547909511,-0.12187641737612431,1.9495804283616116,0.20800000000000002,True
2907,0.25,0.21,0.14,0.17,0.23,0.8945056961293423,0.2373071976901353,0.1538388216905237,-0.1061447301887245,2.2356945772833465,0.20800000000000002,True
2908,0.25,0.14,0.17,0.23,0.21,0.8926228440494401,0.23689725660798233,0.14545572061940276,-0.10654739781303224,2.2233978630213573,0.20800000000000002,True
2909,0.23,0.14,0.17,0.25,0.21,0.8887883080941925,0.23606154660970224,0.1439782061622946,-0.1063568457879277,2.2195237632413596,0.20800000000000002,True
2910,0.26,0.18,0.14,0.2,0.22,0.8885453937456833,0.23600856705908146,0.14938614309203121,-0.1028725781784452,2.294183457225068,0.20800000000000002,True
2911,0.26,0.2,0.14,0.18,0.22,0.882793258477004,0.2347526981404171,0.14965405717074665,-0.10225457845966324,2.295767110643568,0.20800000000000002,True
2912,0.26,0.14,0.18,0.22,0.2,0.8813959250083157,0.23444723095527564,0.142210266846087,-0.10464738604996471,2.2403543920661044,0.20800000000000002,True
2913,0.18,0.14,0.22,0.26,0.2,0.8810376480845405,0.23436888466977046,0.13978079808787183,-0.11293754730922545,2.075207849414893,0.20800000000000002,True
2914,0.22,0.14,0.18,0.26,0.2,0.8737778508050968,0.23277919899374155,0.13916996486063013,-0.1042671156919659,2.2325274603493988,0.20800000000000002,True
2915,0.25,0.17,0.14,0.23,0.21,0.8727839622359816,0.23256124673524248,0.1436735770936423,-0.09877159677049197,2.3545356594328157,0.20800000000000002,True
2916,0.22,0.14,0.26,0.2,0.18,0.8697808915353935,0.23190222708989694,0.13636376937967562,-0.11393048387665305,2.0354712733509155,0.20800000000000002,True
2917,0.23,0.17,0.14,0.25,0.21,0.8689853646543495,0.23172753161227644,0.14217372451229682,-0.0985842987347062,2.350552112115372,0.20800000000000002,True
2918,0.2,0.14,0.26,0.22,0.18,0.8659664156840674,0.23106412743556137,0.13493663419460392,-0.11373455299397539,2.031608876572461,0.20800000000000002,True
2919,0.17,0.15,0.23,0.26,0.19,0.8631405868951973,0.23044251204864907,0.13525479427852588,-0.110587442895825,2.083803603866031,0.20800000000000002,True
2920,0.26,0.15,0.17,0.23,0.19,0.8577131665369755,0.22924684278679552,0.13680445956607334,-0.09771164337256588,2.3461568639542527,0.20800000000000002,True
2921,0.26,0.18,0.14,0.22,0.2,0.8549284246939961,0.22863245551557365,0.1397875504445287,-0.09417245061708579,2.427806157930573,0.20800000000000002,True
2922,0.26,0.14,0.2,0.22,0.18,0.8547121403863898,0.2285847117806341,0.13429822431999655,-0.10060167525791897,2.2721759970159225,0.20800000000000002,True
2923,0.23,0.15,0.17,0.26,0.19,0.8520703820643989,0.2280012563584033,0.13439858810717478,-0.09743045741543832,2.3401435486053193,0.20800000000000002,True
2924,0.2,0.14,0.22,0.26,0.18,0.8509551331340595,0.22775477730764493,0.13132182200277473,-0.10462954390487944,2.1767731064057854,0.20800000000000002,True
2925,0.22,0.18,0.14,0.26,0.2,0.8474063179171929,0.22696980092042307,0.13668264384714582,-0.09380107160692897,2.419693048620322,0.20800000000000002,True
2926,0.22,0.14,0.2,0.26,0.18,0.8471971030129706,0.22692349248198473,0.13107291809658286,-0.10022316673636922,2.2641820236921153,0.20800000000000002,True
2927,0.26,0.17,0.15,0.23,0.19,0.8444802707970009,0.22632182048840188,0.13557455595556564,-0.09241468583819934,2.448981116320069,0.20800000000000002,True
2928,0.23,0.17,0.15,0.26,0.19,0.8388735407119434,0.2250782787136656,0.13314224750863418,-0.09213692883119495,2.44286717138178,0.20800000000000002,True
2929,0.26,0.2,0.14,0.22,0.18,0.8150455716970211,0.21976497964067732,0.1304675948930866,-0.08456571772628152,2.5987478797496006,0.20800000000000002,True
2930,0.26,0.22,0.14,0.2,0.18,0.809430731236479,0.2185061871645122,0.13075426720183983,-0.08387247473764259,2.6052192670838767,0.20800000000000002,True
2931,0.22,0.2,0.14,0.26,0.18,0.8076748807535541,0.21811200812614007,0.12712735934826314,-0.08420121642991563,2.5903664741908363,0.20800000000000002,True
2932,0.2,0.22,0.14,0.26,0.18,0.7983895031652231,0.21602323476315544,0.12587561233230188,-0.08332574221583411,2.59251497818768,0.20800000000000002,True
2933,0.22,0.26,0.14,0.2,0.18,0.790892320605256,0.21433146826391747,0.1279832117556345,-0.08210761411809142,2.610372625803678,0.20800000000000002,True
2934,0.22,0.18,0.26,0.2,0.14,0.7889562806681427,0.21389382692410686,0.1180653388720779,-0.09531011077614182,2.2441882102779918,0.20800000000000002,True
2935,0.2,0.26,0.14,0.22,0.18,0.7872217785920685,0.21350147490001725,0.12644438664710964,-0.082073226300034,2.601353504972776,0.20800000000000002,True
2936,0.2,0.18,0.26,0.22,0.14,0.7852940982912231,0.21306512712522263,0.11640693161733254,-0.09512035763221549,2.2399529651585484,0.20800000000000002,True
2937,0.2,0.18,0.22,0.26,0.14,0.7701238059405602,0.20962018195321153,0.11248367463037612,-0.0856076139135441,2.448616102825957,0.20800000000000002,True
2938,0.22,0.18,0.2,0.26,0.14,0.7661340956625162,0.20871091161753452,0.11234633982780824,-0.08098716488383273,2.5770862817201663,0.20800000000000002,True
2939,0.18,0.2,0.22,0.26,0.14,0.7609567229725818,0.2075289244161005,0.1111694755336149,-0.08472814089006764,2.4493506199476673,0.20800000000000002,True
2940,0.26,0.2,0.18,0.22,0.14,0.7601558596634987,0.20734588155997025,0.11468247949287662,-0.07578031728099655,2.7361442786142365,0.20800000000000002,True
2941,0.26,0.22,0.18,0.2,0.14,0.7546383732725679,0.20608331025546334,0.11498970213058897,-0.07504557917391208,2.746108598587558,0.20800000000000002,True
2942,0.22,0.2,0.18,0.26,0.14,0.7529963508461195,0.20570705378439413,0.11086471060381842,-0.07542071000584039,2.727461114705294,0.20800000000000002,True
2943,0.2,0.22,0.18,0.26,0.14,0.7439131699095525,0.20362145805589726,0.10940555765404929,-0.07450629069810866,2.732943166919276,0.20800000000000002,True
2944,0.24,0.15,0.2,0.16,0.25,0.9645417998000612,0.252366552137135,0.16624032810911293,-0.12933383505790808,1.9512802046281246,0.2082,True
2945,0.24,0.15,0.16,0.2,0.25,0.9498893445409358,0.24924591514730743,0.16334846992193405,-0.12059449998634497,2.0668099720595032,0.2082,True
2946,0.24,0.16,0.15,0.2,0.25,0.9432886983005901,0.24783501963736598,0.16278369610728924,-0.11811531796989583,2.0982462215487745,0.2082,True
2947,0.2,0.15,0.16,0.24,0.25,0.9419703629137215,0.24755284129950028,0.16088124027405692,-0.12020407106797903,2.0594380797593925,0.2082,True
2948,0.25,0.15,0.16,0.2,0.24,0.9356619864280109,0.24620081688029694,0.15923926143638098,-0.1165870692749229,2.1117334744879215,0.2082,True
2949,0.25,0.16,0.15,0.2,0.24,0.9290529173594011,0.24478119244415408,0.15866978176218866,-0.11408008018141513,2.1456961816198965,0.2082,True
2950,0.25,0.15,0.16,0.24,0.2,0.8691121489637383,0.2317553764125413,0.1400343336664695,-0.09966310564154701,2.3253878646535813,0.2082,True
2951,0.24,0.15,0.16,0.25,0.2,0.8672183495234442,0.23133932259430812,0.13925576833517103,-0.09956914427348629,2.3234037440242434,0.2082,True
2952,0.25,0.16,0.15,0.24,0.2,0.8624990627341251,0.23030130439157004,0.1394312867430963,-0.09704190668274149,2.3732149569617658,0.2082,True
2953,0.24,0.16,0.15,0.25,0.2,0.8606112641232022,0.22988558760641942,0.138648669946596,-0.09694850303663394,2.371213380360835,0.2082,True
2954,0.18,0.15,0.22,0.18,0.27,0.9912343390743157,0.25801179843709154,0.17388254517506596,-0.14089277208497264,1.8312635532608035,0.2086,True
2955,0.22,0.15,0.18,0.18,0.27,0.9849414867475856,0.2566854804347811,0.17308567333109498,-0.13276613247134272,1.933365653248852,0.2086,True
2956,0.2,0.15,0.23,0.16,0.26,0.9832810006827764,0.25633503940394076,0.17091086663657695,-0.1393365718649907,1.8396824033557748,0.2086,True
2957,0.2,0.13,0.21,0.2,0.26,0.9819845004519949,0.25606128055908317,0.16912882426213793,-0.13555581906202507,1.8889729878871484,0.2086,True
2958,0.21,0.13,0.2,0.2,0.26,0.9803719703350118,0.25572062466317247,0.1689375966589984,-0.13351530820497237,1.9152906741644247,0.2086,True
2959,0.23,0.15,0.2,0.16,0.26,0.9784658645205213,0.2553177106824256,0.1703658352602487,-0.13321371604600107,1.9166022708521984,0.2086,True
2960,0.2,0.13,0.2,0.21,0.26,0.9783545370023785,0.2552941701956355,0.1683767105270348,-0.1334151542215125,1.913532024793557,0.2086,True
2961,0.18,0.15,0.18,0.22,0.27,0.9768530258100245,0.25497658551148406,0.1709244416592448,-0.13236666321492296,1.9262900440232453,0.2086,True
2962,0.22,0.18,0.18,0.15,0.27,0.9760347269605911,0.2548034393799894,0.17345833768313743,-0.13200788707334699,1.930213754867647,0.2086,True
2963,0.2,0.14,0.24,0.17,0.25,0.97406370409609,0.254386188817634,0.16680593762756207,-0.13780609700459978,1.8459719442539826,0.2086,True
2964,0.22,0.13,0.22,0.18,0.25,0.9737668154471928,0.25432331567919886,0.1662662570502215,-0.13396511576139358,1.8984294100277292,0.2086,True
2965,0.24,0.14,0.2,0.17,0.25,0.967497590791309,0.25299418528382245,0.16611628104593082,-0.12959254200052517,1.9522279706713153,0.2086,True
2966,0.18,0.13,0.22,0.22,0.25,0.9657274237289266,0.2526183832913049,0.16401544759842487,-0.1335630389014676,1.891379421799972,0.2086,True
2967,0.22,0.18,0.15,0.18,0.27,0.9652093905036871,0.2525083634716734,0.1713855063096521,-0.1255080108690303,2.0118904102079194,0.2086,True
2968,0.23,0.15,0.16,0.2,0.26,0.9639037797062875,0.25223099223719236,0.167501554234331,-0.12455208412934804,2.0251045496376365,0.2086,True
2969,0.2,0.14,0.25,0.17,0.24,0.9617209715413175,0.251766989576236,0.1628429950427337,-0.1360189703979937,1.8509696760647556,0.2086,True
2970,0.22,0.13,0.18,0.22,0.25,0.959134026553419,0.25121663301749986,0.16325768922801273,-0.12531122899066072,2.0047415945160245,0.2086,True
2971,0.2,0.15,0.16,0.23,0.26,0.9579142651484724,0.25095696821658153,0.16573318165349565,-0.12425729573101629,2.019655801618571,0.2086,True
2972,0.23,0.16,0.15,0.2,0.26,0.9573121206668667,0.2508287429493108,0.1669415665275227,-0.12210021307120622,2.0542858742026344,0.2086,True
2973,0.24,0.14,0.17,0.2,0.25,0.9564988787380466,0.2506555232166885,0.16392826270703084,-0.12305883655963867,2.0368754509978806,0.2086,True
2974,0.17,0.14,0.25,0.2,0.24,0.9557048421496483,0.2504863478776904,0.1612162754102703,-0.1357147343340519,1.845682777974104,0.2086,True
2975,0.25,0.14,0.2,0.17,0.24,0.9533455366238646,0.2499834101202194,0.1620335880121809,-0.12567154797205093,1.9891806391675477,0.2086,True
2976,0.2,0.16,0.15,0.23,0.26,0.9513404087893138,0.2495556546327906,0.1651656508716181,-0.12180683916355861,2.0487819595884487,0.2086,True
2977,0.25,0.16,0.16,0.18,0.25,0.9489310716667012,0.24904128104831225,0.16414318785976728,-0.12041824028086634,2.068135861041006,0.2086,True
2978,0.2,0.14,0.17,0.24,0.25,0.9485561044269797,0.24896119051856247,0.16147202858878712,-0.12266649836401766,2.0295777073521766,0.2086,True
2979,0.25,0.14,0.17,0.2,0.24,0.9422800232671473,0.24761913290582105,0.1598241445511152,-0.11907895216090714,2.079453408115501,0.2086,True
2980,0.24,0.17,0.14,0.2,0.25,0.9366969436026074,0.24642283231342876,0.1622341523758644,-0.11562115595906575,2.131295352216265,0.2086,True
2981,0.22,0.13,0.25,0.18,0.22,0.9361049664617884,0.2462958531107966,0.15439769566658404,-0.12849349268458032,1.9167963136887551,0.2086,True
2982,0.2,0.14,0.17,0.25,0.24,0.9324360144429189,0.24550828428137184,0.15661119749207716,-0.11859185724177113,2.0701951212456216,0.2086,True
2983,0.25,0.13,0.22,0.18,0.22,0.9308720405013788,0.24517226214136345,0.15397759073278094,-0.12219747687360005,2.006361083829639,0.2086,True
2984,0.24,0.15,0.15,0.22,0.24,0.9300134615079221,0.24498771800010877,0.1578546260391242,-0.11426917444778517,2.1439528130314347,0.2086,True
2985,0.18,0.13,0.25,0.22,0.22,0.9282128860015968,0.24460052200385052,0.1519663493549233,-0.1280929308953147,1.9095551978879526,0.2086,True
2986,0.22,0.18,0.13,0.22,0.25,0.926190293659402,0.2441652958785221,0.16040722029724044,-0.1129194969680487,2.162295284999456,0.2086,True
2987,0.22,0.15,0.15,0.24,0.24,0.9260969731519892,0.24414520760238512,0.15653810665635828,-0.11407636341926308,2.140191011393675,0.2086,True
2988,0.25,0.17,0.14,0.2,0.24,0.9224528196469193,0.24336025509352566,0.15811592900684304,-0.11155784709825334,2.181471419748615,0.2086,True
2989,0.26,0.15,0.16,0.2,0.23,0.9212248558142815,0.243095527605659,0.1551796802967596,-0.11252884428545074,2.1602952482920834,0.2086,True
2990,0.2,0.13,0.26,0.2,0.21,0.9193458286203346,0.24269022378434868,0.14920775687000845,-0.12643700123885204,1.9194557084273358,0.2086,True
2991,0.18,0.13,0.22,0.25,0.22,0.9171580068411742,0.2422179798735551,0.14944448947733524,-0.12150716611335155,1.993446046199406,0.2086,True
2992,0.25,0.13,0.18,0.22,0.22,0.9159760850531447,0.24196271115923795,0.15087062643678356,-0.1133069780356577,2.135461693127958,0.2086,True
2993,0.26,0.16,0.15,0.2,0.23,0.9146079282900743,0.24166708870461573,0.15460562757943822,-0.10999353964403968,2.19710257063003,0.2086,True
2994,0.27,0.15,0.18,0.18,0.22,0.91404231691559,0.24154483391064563,0.1526348762676472,-0.11292277350115254,2.139026756265248,0.2086,True
2995,0.22,0.13,0.18,0.25,0.22,0.9101543639822423,0.24070381479894998,0.14876630657146578,-0.11301739854769022,2.1297943315991263,0.2086,True
2996,0.2,0.15,0.16,0.26,0.23,0.9095500791390569,0.2405729970016921,0.15112479759443634,-0.11195149562479623,2.1489038235627413,0.2086,True
2997,0.26,0.13,0.2,0.2,0.21,0.9086715056450265,0.24038275094507333,0.1483921254301156,-0.113703310033477,2.114122718804746,0.2086,True
2998,0.21,0.13,0.26,0.2,0.2,0.9046168947551652,0.2395040093259464,0.14506653983844076,-0.12244867773246126,1.9559542312840643,0.2086,True
2999,0.2,0.16,0.15,0.26,0.23,0.9029689567832284,0.23914650101134938,0.15053178460359157,-0.10941926743140318,2.1855977162456734,0.2086,True
3000,0.2,0.13,0.26,0.21,0.2,0.9026735298908377,0.23908238845027596,0.1444106450741766,-0.12234933859751096,1.9540962884709847,0.2086,True
3001,0.24,0.15,0.15,0.24,0.22,0.897076087058243,0.23786639380347818,0.14820682915334632,-0.10587132413058487,2.2467499651755243,0.2086,True
3002,0.2,0.13,0.2,0.26,0.21,0.8970757647551684,0.23786632371717276,0.14415019692756204,-0.11312205119532992,2.1027405461950526,0.2086,True
3003,0.26,0.13,0.21,0.2,0.2,0.8955586531793636,0.2375363327258606,0.14445160534293908,-0.1117521232596772,2.1255643812144847,0.2086,True
3004,0.27,0.18,0.15,0.18,0.22,0.8941832216271861,0.23723700670771253,0.1508608294921654,-0.10524846600211846,2.254066170455514,0.2086,True
3005,0.26,0.13,0.2,0.21,0.2,0.8917982461289486,0.23671763666889056,0.14364761694433603,-0.10949250308816394,2.1619529190805356,0.2086,True
3006,0.17,0.14,0.25,0.24,0.2,0.8902402451942135,0.23637811898953065,0.14180366892361088,-0.11955332205889624,1.977177337431764,0.2086,True
3007,0.17,0.14,0.24,0.25,0.2,0.8865333332370644,0.2355695624552676,0.1409172096226722,-0.11732261045095571,2.007878630980024,0.2086,True
3008,0.2,0.13,0.21,0.26,0.2,0.884039044954156,0.23502490863167624,0.14008894687287482,-0.11117197870187756,2.11406607470689,0.2086,True
3009,0.25,0.18,0.13,0.22,0.22,0.8829148490001233,0.2347792715570629,0.14794401232960436,-0.10049082625798533,2.336325416952242,0.2086,True
3010,0.21,0.13,0.2,0.26,0.2,0.8822220856713252,0.23462785391236962,0.13993983593580978,-0.10901176081811115,2.1523168890359643,0.2086,True
3011,0.22,0.18,0.13,0.25,0.22,0.8771828073567101,0.2335252964107728,0.14578830015222674,-0.10020915811206133,2.3303787878312225,0.2086,True
3012,0.25,0.14,0.17,0.24,0.2,0.8757345108438772,0.23320805462648275,0.14065480173177144,-0.1022681241964799,2.2803591682041415,0.2086,True
3013,0.24,0.14,0.17,0.25,0.2,0.8738347077304431,0.23279166495706383,0.13988034985274447,-0.1021736137592475,2.2783931818795478,0.2086,True
3014,0.26,0.15,0.16,0.23,0.2,0.8710058480579264,0.2321711272378808,0.1408353840812418,-0.09975712775934298,2.327363792971037,0.2086,True
3015,0.22,0.13,0.25,0.22,0.18,0.8688900660329621,0.2317066009765527,0.135320179554383,-0.11195782591251136,2.069588249754137,0.2086,True
3016,0.23,0.15,0.16,0.26,0.2,0.8653244507197893,0.23092296547946956,0.138500205409363,-0.09947524359630322,2.3214114098238943,0.2086,True
3017,0.26,0.16,0.15,0.23,0.2,0.8643867582881541,0.23071671765894353,0.14023644854286887,-0.09713537090560276,2.3752080782515015,0.2086,True
3018,0.25,0.13,0.22,0.22,0.18,0.8632566058510962,0.2304680458402113,0.13501102280010518,-0.10541404195839088,2.1863125780831156,0.2086,True
3019,0.18,0.15,0.27,0.22,0.18,0.8630212756866613,0.23041625258278553,0.1346779659081998,-0.11550890861837759,1.9947920497114457,0.2086,True
3020,0.26,0.2,0.13,0.2,0.21,0.8623701718588839,0.23027292995252213,0.14416979173961855,-0.09559736400540098,2.408779074070624,0.2086,True
3021,0.23,0.16,0.15,0.26,0.2,0.8587233634381346,0.22946956699899168,0.1378891204557624,-0.09685515990840632,2.369203326038548,0.2086,True
3022,0.22,0.13,0.22,0.25,0.18,0.8575879757880396,0.22921923560294966,0.13265258374705774,-0.10512682084365843,2.1804068054510837,0.2086,True
3023,0.25,0.17,0.14,0.24,0.2,0.8558952557406534,0.22884583351423804,0.1388459590731966,-0.09440437609979357,2.4241019640056543,0.2086,True
3024,0.24,0.17,0.14,0.25,0.2,0.8540134551153322,0.22843045495187742,0.13805935671316705,-0.09431153895842004,2.422083845462299,0.2086,True
3025,0.27,0.15,0.18,0.22,0.18,0.8461587583561034,0.2266936094860419,0.13368954083032317,-0.09574090303513738,2.367782236217724,0.2086,True
3026,0.26,0.2,0.13,0.21,0.2,0.8454956455574303,0.22654675536132407,0.13936260418669544,-0.09118173469486401,2.4845629019830957,0.2086,True
3027,0.18,0.15,0.22,0.27,0.18,0.844329734480787,0.22628846531421476,0.13008971849647163,-0.10413138248856313,2.1731053588870606,0.2086,True
3028,0.26,0.21,0.13,0.2,0.2,0.8426591204917602,0.2259181761102691,0.1395014186211091,-0.09084971681367893,2.4867240541167366,0.2086,True
3029,0.22,0.15,0.18,0.27,0.18,0.836818911181157,0.2246219403181675,0.12955808895108584,-0.09527346471768161,2.3576547886001293,0.2086,True
3030,0.21,0.2,0.13,0.26,0.2,0.8361293135623404,0.22446870266899577,0.1355141204292992,-0.09072037526061094,2.474292043261155,0.2086,True
3031,0.25,0.16,0.16,0.25,0.18,0.8320255644731214,0.22355600117237806,0.13054338050575565,-0.0905537549137777,2.4687656672574283,0.2086,True
3032,0.2,0.21,0.13,0.26,0.2,0.8314271394845578,0.22342279357019534,0.13494664343841883,-0.09029605797449591,2.47433607382175,0.2086,True
3033,0.27,0.18,0.15,0.22,0.18,0.8263008939363632,0.22228051589555786,0.13180949669558772,-0.08771211204102258,2.5342054902474382,0.2086,True
3034,0.22,0.18,0.15,0.27,0.18,0.817051306258449,0.22021401633464577,0.12760603157046574,-0.08725345861409983,2.5238428347992157,0.2086,True
3035,0.22,0.18,0.27,0.18,0.15,0.8103039756728869,0.2187021309143633,0.12372183613989526,-0.10209316146574188,2.1421819813832528,0.2086,True
3036,0.25,0.22,0.13,0.22,0.18,0.8038304699342644,0.21724806624776494,0.1291623715581337,-0.08139144259380449,2.6691757674326055,0.2086,True
3037,0.18,0.18,0.27,0.22,0.15,0.8028885396843883,0.21703620213082475,0.12065262972057181,-0.10170796050903919,2.133915585806441,0.2086,True
3038,0.22,0.22,0.13,0.25,0.18,0.7983241522439353,0.21600850842528896,0.126675160613078,-0.08111992776038346,2.6628291517140754,0.2086,True
3039,0.22,0.25,0.13,0.22,0.18,0.789949579044124,0.21411840119617898,0.1271058997703084,-0.0801932678484325,2.6700296289318035,0.2086,True
3040,0.27,0.18,0.18,0.22,0.15,0.7852378398183568,0.21305238779719282,0.1200277106160659,-0.08122810505533007,2.6228900409786506,0.2086,True
3041,0.18,0.18,0.22,0.27,0.15,0.7840450483352279,0.21278222569126926,0.11576730311704761,-0.08995220012014238,2.3655032940503076,0.2086,True
3042,0.22,0.18,0.18,0.27,0.15,0.7761856710860442,0.21099909274840467,0.11539317766012731,-0.08077377820668519,2.612222647410363,0.2086,True
3043,0.27,0.22,0.18,0.18,0.15,0.7741206506471086,0.21052970918061287,0.12062604453402236,-0.07980231139445493,2.6381404937005564,0.2086,True
3044,0.22,0.18,0.22,0.25,0.13,0.7559885044713694,0.2063925063199994,0.10947833291707987,-0.08120188440974907,2.5417206487294277,0.2086,True
3045,0.2,0.2,0.21,0.26,0.13,0.7430858370736431,0.20343113399538826,0.10703260270864332,-0.07787609665831063,2.6122410177793483,0.2086,True
3046,0.21,0.2,0.2,0.26,0.13,0.7410653505569527,0.20296607720082083,0.10697807060924425,-0.07552922273488005,2.6872522958863883,0.2086,True
3047,0.18,0.22,0.22,0.25,0.13,0.7378044851857726,0.2022147619439938,0.10662084107282024,-0.07940375360463492,2.5466650222967573,0.2086,True
3048,0.2,0.21,0.2,0.26,0.13,0.7365390394344384,0.20192294547191736,0.10623820072323682,-0.07507144655266418,2.6897436341560863,0.2086,True
3049,0.25,0.22,0.18,0.22,0.13,0.7350525497839551,0.2015799743055262,0.10934549009706908,-0.07023067591196597,2.870255364738428,0.2086,True
3050,0.22,0.22,0.18,0.25,0.13,0.7297447796344518,0.20035373491934272,0.1063931474388018,-0.07016540512904568,2.8554489858764356,0.2086,True
3051,0.22,0.25,0.18,0.22,0.13,0.7215532987116133,0.19845634663211076,0.10686912709107631,-0.06944983053014331,2.857549760988614,0.2086,True
3052,0.2,0.14,0.2,0.19,0.27,0.9910896194860144,0.25798132791801254,0.17329337148609766,-0.13708844358034855,1.8818605068399348,0.20860000000000004,True
3053,0.19,0.14,0.2,0.2,0.27,0.9890570932087113,0.2575532260928748,0.17276675851844353,-0.13698766043651855,1.8801198974576803,0.20860000000000004,True
3054,0.2,0.14,0.19,0.2,0.27,0.9874801534267676,0.25722088141719834,0.17256272286771768,-0.13495623428449643,1.9059577557192369,0.20860000000000004,True
3055,0.27,0.14,0.2,0.19,0.2,0.8908274151910038,0.23650609626582209,0.1445838281912935,-0.10929191297091034,2.1639853291686064,0.20860000000000004,True
3056,0.27,0.14,0.19,0.2,0.2,0.8870647386686747,0.23568553831469852,0.14379738301897307,-0.1070207906736721,2.2022406752100263,0.20860000000000004,True
3057,0.2,0.14,0.27,0.2,0.19,0.8866827643519022,0.2356021770478176,0.1406562425771656,-0.12016855533602133,1.9605975655529435,0.20860000000000004,True
3058,0.19,0.14,0.2,0.27,0.2,0.8755159642249966,0.23316016895125058,0.1387380797643504,-0.1085225618935588,2.1484948833030586,0.20860000000000004,True
3059,0.27,0.14,0.2,0.2,0.19,0.8737889630524245,0.23278163538990881,0.13986868744767855,-0.1050204981318058,2.2165352434127343,0.20860000000000004,True
3060,0.2,0.14,0.19,0.27,0.2,0.8737001463189642,0.2327621617646145,0.13858068756013042,-0.10635144771127547,2.1886130069100775,0.20860000000000004,True
3061,0.2,0.14,0.2,0.27,0.19,0.8605140462829628,0.22986417141348725,0.13449817238354866,-0.10435261787159078,2.2027638223349837,0.20860000000000004,True
3062,0.27,0.19,0.14,0.2,0.2,0.8539614184617672,0.22841896466724565,0.14075624642597198,-0.0939396545541602,2.4315499748357325,0.20860000000000004,True
3063,0.27,0.2,0.14,0.19,0.2,0.851116730247389,0.22779049771232174,0.140894528478825,-0.09361285063084923,2.4333250849350327,0.20860000000000004,True
3064,0.27,0.2,0.14,0.2,0.19,0.8340805128806879,0.22401320576829842,0.13612443846543282,-0.08916285757064324,2.512404961794927,0.20860000000000004,True
3065,0.2,0.2,0.14,0.27,0.19,0.82105773614532,0.2211099731562638,0.13057034581122076,-0.0885188080678132,2.497886923498496,0.20860000000000004,True
3066,0.27,0.2,0.19,0.2,0.14,0.7657713042290546,0.20862816215061475,0.11654547771607802,-0.07830469047487076,2.664312455427774,0.20860000000000004,True
3067,0.2,0.19,0.2,0.27,0.14,0.7597628082117558,0.20725602661395914,0.11076236176471299,-0.08044945615025567,2.5762265717106465,0.20860000000000004,True
3068,0.19,0.2,0.2,0.27,0.14,0.7551988668432654,0.20621168918436994,0.11008161561195876,-0.08000166119766061,2.5775925911698434,0.20860000000000004,True
3069,0.2,0.2,0.19,0.27,0.14,0.7532080801654375,0.20575558307862574,0.11000021700115106,-0.07767088486028684,2.6490696410725283,0.20860000000000004,True
3070,0.21,0.13,0.21,0.19,0.26,0.9840064596720117,0.2564881695886212,0.1696884921473297,-0.13565648351936355,1.890718106016733,0.20879999999999999,True
3071,0.19,0.13,0.21,0.21,0.26,0.9799625594025196,0.2556341049051427,0.16859047047895284,-0.13545521659338577,1.8872222962996998,0.20879999999999999,True
3072,0.21,0.13,0.19,0.21,0.26,0.9767353982944607,0.2549516993192724,0.1681998972011337,-0.13136774135424134,1.940748137183688,0.20879999999999999,True
3073,0.22,0.14,0.24,0.16,0.24,0.962068997992729,0.251840993117058,0.16321477183393077,-0.13406556803676795,1.878491224890717,0.20879999999999999,True
3074,0.24,0.14,0.22,0.16,0.24,0.9587208516674088,0.2511286877479646,0.16289889020668177,-0.12993325904191,1.9327513955988973,0.20879999999999999,True
3075,0.23,0.15,0.15,0.22,0.25,0.9442459823097209,0.24803983805774,0.16201010032455335,-0.11829594541039212,2.096773792180624,0.20879999999999999,True
3076,0.16,0.14,0.22,0.24,0.24,0.9427872337507308,0.24772770051401283,0.1582638161771462,-0.12913370931014756,1.918381357101975,0.20879999999999999,True
3077,0.22,0.15,0.15,0.23,0.25,0.9422708044410646,0.2476171594556622,0.16138104295487843,-0.11819885016418752,2.0949202053294296,0.20879999999999999,True
3078,0.21,0.19,0.13,0.21,0.26,0.9372707741225297,0.2465458943645722,0.16477530289937992,-0.11667836092040085,2.113038719602586,0.20879999999999999,True
3079,0.24,0.14,0.16,0.22,0.24,0.9366233564666144,0.24640704926820312,0.15842865411528478,-0.11677105422629752,2.110172344515074,0.20879999999999999,True
3080,0.24,0.14,0.24,0.16,0.22,0.9334103819486321,0.24571753693466203,0.15503050081180542,-0.1262363331925146,1.9464882314027185,0.20879999999999999,True
3081,0.22,0.14,0.16,0.24,0.24,0.9326949466812189,0.24556389876319606,0.157118053775682,-0.11657724993838192,2.106447860907607,0.20879999999999999,True
3082,0.24,0.16,0.14,0.22,0.24,0.9234125378330278,0.24356707504046682,0.1572962488355251,-0.11175210945757741,2.1795299992339574,0.20879999999999999,True
3083,0.21,0.13,0.26,0.19,0.21,0.9213063741602214,0.2431131050282358,0.149843805349181,-0.12653703441737685,1.921280249277361,0.20879999999999999,True
3084,0.22,0.16,0.14,0.24,0.24,0.9195079652190079,0.2427252068727197,0.15597390322663315,-0.11156030732765665,2.175730891093971,0.20879999999999999,True
3085,0.19,0.13,0.26,0.21,0.21,0.9173852332724495,0.24226704368270124,0.14859508343887062,-0.12633703103055238,1.917624956883095,0.20879999999999999,True
3086,0.25,0.15,0.15,0.22,0.23,0.9155716977273616,0.24187534842076985,0.1537470617882681,-0.11019130194029847,2.1950493746939994,0.20879999999999999,True
3087,0.26,0.13,0.21,0.19,0.21,0.9124157399982644,0.24119312106935853,0.14918463528621548,-0.11594284373061448,2.080276050756136,0.20879999999999999,True
3088,0.22,0.15,0.15,0.25,0.23,0.9097481966682173,0.2406158892512551,0.15168004215733305,-0.10990422818989243,2.1893233155281266,0.20879999999999999,True
3089,0.26,0.13,0.19,0.21,0.21,0.904925373158662,0.2395709085823774,0.14761428384196715,-0.11145687841702434,2.149449293618333,0.20879999999999999,True
3090,0.24,0.14,0.16,0.24,0.22,0.9036891744300772,0.23930277244360876,0.14879754216489383,-0.10842908209379387,2.206998047226904,0.20879999999999999,True
3091,0.25,0.15,0.15,0.23,0.22,0.8989999993357216,0.2382846161052754,0.14893953336111665,-0.10596630614734814,2.2486828574918536,0.20879999999999999,True
3092,0.19,0.13,0.21,0.26,0.21,0.8988546750724682,0.23825303521321994,0.1443337161374566,-0.1152609903344648,2.067074337309235,0.20879999999999999,True
3093,0.21,0.13,0.19,0.26,0.21,0.8952856425615727,0.2374769307634239,0.14400983278538285,-0.11097517266392498,2.139910441793989,0.20879999999999999,True
3094,0.23,0.15,0.15,0.25,0.22,0.8951521055651479,0.23744787355328856,0.14749624142861373,-0.10577640281506218,2.2448094965796743,0.20879999999999999,True
3095,0.24,0.16,0.14,0.24,0.22,0.8904721249102125,0.2364286617520397,0.14763274720096284,-0.10329785300569339,2.288805186870715,0.20879999999999999,True
3096,0.21,0.13,0.26,0.21,0.19,0.8877620223451117,0.23583768301997265,0.14028893169127746,-0.11831089167945774,1.993372543070107,0.20879999999999999,True
3097,0.26,0.13,0.21,0.21,0.19,0.8785376096652855,0.23382191108189776,0.13972175353972424,-0.10751026061240565,2.1748799579685603,0.20879999999999999,True
3098,0.21,0.13,0.21,0.26,0.19,0.869025454908041,0.23173633650598657,0.135905879379283,-0.10703051927168439,2.165142597484285,0.20879999999999999,True
3099,0.26,0.19,0.13,0.21,0.21,0.8652250860481827,0.23090111324377816,0.14403432589234344,-0.09591949967525915,2.407238507555886,0.20879999999999999,True
3100,0.26,0.21,0.13,0.19,0.21,0.8595178422428476,0.22964467384966136,0.14430747090722118,-0.09527423125628087,2.410354518966767,0.20879999999999999,True
3101,0.26,0.21,0.13,0.21,0.19,0.8256411346338886,0.22213334698998555,0.13469583050556197,-0.08636984191691499,2.571885533884277,0.20879999999999999,True
3102,0.21,0.21,0.13,0.26,0.19,0.8163691132424546,0.22006132650058263,0.13070509277103326,-0.08591280276350899,2.5614497423200415,0.20879999999999999,True
3103,0.21,0.19,0.21,0.26,0.13,0.7476251181251692,0.2044746342498025,0.10776781597525302,-0.07832885614294283,2.610463682460209,0.20879999999999999,True
3104,0.26,0.21,0.19,0.21,0.13,0.7433918694744359,0.20350154233958917,0.1110896235133789,-0.0731592082116187,2.781625817367311,0.20879999999999999,True
3105,0.19,0.21,0.21,0.26,0.13,0.7385514291777724,0.2023869435014305,0.10632624947413709,-0.07742219119825988,2.614068917052031,0.20879999999999999,True
3106,0.21,0.21,0.19,0.26,0.13,0.7345153467688561,0.2014559796423827,0.1062096294187858,-0.07271141547465676,2.770623819207581,0.20879999999999999,True
3107,0.19,0.14,0.21,0.19,0.27,0.9926599427472034,0.25831187853393067,0.17351136275358894,-0.13911305103356197,1.8568486322078521,0.2088,True
3108,0.21,0.14,0.19,0.19,0.27,0.9895082067636769,0.25764826727746537,0.17311131997008952,-0.13505657321909426,1.9077062384775445,0.2088,True
3109,0.19,0.14,0.19,0.21,0.27,0.9854521291453098,0.2567932108136264,0.1720351264480892,-0.13485595705161635,1.9042036883497726,0.2088,True
3110,0.24,0.16,0.18,0.16,0.26,0.9702348370995602,0.25357485219646625,0.16966021933662068,-0.1287361099421489,1.9697259169196355,0.2088,True
3111,0.24,0.16,0.16,0.18,0.26,0.9629488087338969,0.2520280350205024,0.1682566297336702,-0.12438402426116346,2.0262090450726262,0.2088,True
3112,0.25,0.15,0.18,0.17,0.25,0.9592084821854059,0.2512324797630294,0.16543325472346293,-0.12507619435107142,2.0086354646980618,0.2088,True
3113,0.25,0.15,0.17,0.18,0.25,0.9555397856512846,0.25045117562690433,0.16471865625136212,-0.12288754202135577,2.0380517952208708,0.2088,True
3114,0.25,0.17,0.15,0.18,0.25,0.9423312457112318,0.24763009784765488,0.16358271831467033,-0.11793403624509435,2.099733933747692,0.2088,True
3115,0.25,0.18,0.15,0.17,0.25,0.9394026597161833,0.24700287968916057,0.16371138716843772,-0.11765464463139641,2.0993891100772344,0.2088,True
3116,0.26,0.16,0.16,0.18,0.24,0.9347004465025746,0.24599447972596922,0.1600753209726912,-0.11640241569034837,2.1133107785353813,0.2088,True
3117,0.27,0.14,0.19,0.19,0.21,0.9039558259358338,0.23936061997272806,0.14852765904089557,-0.11126080207729816,2.1513472445258204,0.2088,True
3118,0.21,0.14,0.27,0.19,0.19,0.8886121300950682,0.23602312269061976,0.1413318996720687,-0.12026779733136828,1.9624797986473155,0.2088,True
3119,0.19,0.14,0.19,0.27,0.21,0.8885427874934875,0.23600799861158084,0.14284538193518187,-0.11048989730716052,2.13601428151826,0.2088,True
3120,0.19,0.14,0.27,0.21,0.19,0.8847533188985479,0.23518092688630787,0.14000496834136777,-0.1200693765660712,1.9587086533833518,0.2088,True
3121,0.27,0.14,0.21,0.19,0.19,0.8775655383507925,0.23360910437271976,0.14068189660646285,-0.10730508246925607,2.1770553546673894,0.2088,True
3122,0.27,0.19,0.14,0.19,0.21,0.8708534593008512,0.23213768153919867,0.14552989769819744,-0.09832602663953383,2.3608976124930017,0.2088,True
3123,0.27,0.14,0.19,0.21,0.19,0.8700105685418442,0.2319526542985817,0.1390708841047023,-0.10272877773148759,2.2579131127682586,0.2088,True
3124,0.19,0.14,0.21,0.27,0.19,0.8623563717585871,0.23026989187782942,0.13466511089448893,-0.1065373453528593,2.1614006911394226,0.2088,True
3125,0.21,0.14,0.19,0.27,0.19,0.8586604784365768,0.22945570471888654,0.13437757717808638,-0.10215966934339926,2.246049798258398,0.2088,True
3126,0.17,0.15,0.25,0.25,0.18,0.853648389847963,0.22834983985321666,0.13216933096125325,-0.11088190013663324,2.059396885982605,0.2088,True
3127,0.25,0.15,0.17,0.25,0.18,0.838639688657296,0.2250263567332247,0.13118196165661225,-0.09322359984417339,2.4138346632115084,0.2088,True
3128,0.27,0.19,0.14,0.21,0.19,0.8369092276307515,0.22464200697863745,0.13598488547659668,-0.08949863954653525,2.5100047119915576,0.2088,True
3129,0.26,0.16,0.16,0.24,0.18,0.8338826728103901,0.22396920327828318,0.13140184882523787,-0.0906461064462083,2.470808863822432,0.2088,True
3130,0.27,0.21,0.14,0.19,0.19,0.8312543706330133,0.22338433034502803,0.1362663253607888,-0.08882602460095923,2.5148522783559955,0.2088,True
3131,0.24,0.16,0.16,0.26,0.18,0.8301683229312078,0.22314249003280384,0.12970829183328517,-0.09046146388593523,2.466713232876365,0.2088,True
3132,0.21,0.19,0.14,0.27,0.19,0.8257393235064701,0.22215525169147243,0.13115995867381358,-0.08894661532837123,2.497624568077429,0.2088,True
3133,0.25,0.17,0.15,0.25,0.18,0.8254208671080321,0.2220842052199885,0.12992349183161025,-0.08786709427214456,2.5275014163111247,0.2088,True
3134,0.27,0.19,0.19,0.21,0.14,0.7685395151348455,0.20925927971075198,0.11639445156131929,-0.07866579426541309,2.6601050897004264,0.2088,True
3135,0.27,0.21,0.19,0.19,0.14,0.763005639774363,0.20799696603539064,0.11669920413804011,-0.0779424294888893,2.66859741734174,0.2088,True
3136,0.19,0.19,0.21,0.27,0.14,0.7617503360478395,0.20771025543713395,0.1108683144247905,-0.08276735416569792,2.5095674197981954,0.2088,True
3137,0.21,0.19,0.19,0.27,0.14,0.7577639811011974,0.206798870353476,0.11071326367561946,-0.07812248892343276,2.6471106233719452,0.2088,True
3138,0.19,0.21,0.19,0.27,0.14,0.748657078761271,0.20471161152933792,0.1093155430847161,-0.07721814132417715,2.6510818315338334,0.2088,True
3139,0.2,0.14,0.21,0.18,0.27,0.9946969684498039,0.25874041061420106,0.1740369608193974,-0.1392143366538705,1.8585758969459374,0.20900000000000002,True
3140,0.21,0.14,0.2,0.18,0.27,0.993122177775108,0.25840914520389546,0.17384090740513944,-0.13718928864517355,1.8835956345851828,0.20900000000000002,True
3141,0.18,0.14,0.21,0.2,0.27,0.9906229529955148,0.25788306184272414,0.1730069303734103,-0.13901182749363905,1.855115974606725,0.20900000000000002,True
3142,0.18,0.14,0.2,0.21,0.27,0.9870245999259708,0.2571248394532055,0.1722613918529321,-0.13688693915666872,1.8783737954643218,0.20900000000000002,True
3143,0.2,0.14,0.23,0.17,0.26,0.9862582639981821,0.25696324372820323,0.17079053540558903,-0.13957768680421412,1.841005175050981,0.20900000000000002,True
3144,0.21,0.14,0.18,0.2,0.27,0.9858921194983767,0.2568860208940136,0.172394794066056,-0.1329175099184351,1.9326725354067484,0.20900000000000002,True
3145,0.2,0.13,0.22,0.19,0.26,0.9856123803564625,0.25682701525093665,0.1698940029134481,-0.13769012433070005,1.8652537100925057,0.20900000000000002,True
3146,0.2,0.14,0.18,0.21,0.27,0.9838685736841888,0.2564590674309273,0.17184516894771906,-0.13281768057532584,1.9309106010587185,0.20900000000000002,True
3147,0.19,0.13,0.22,0.2,0.26,0.9835859189464795,0.2563994062266035,0.1693568160358405,-0.13758901508127164,1.8635165465437227,0.20900000000000002,True
3148,0.22,0.13,0.2,0.19,0.26,0.9823894178990913,0.25614679257768347,0.16951953756667684,-0.13361552401183163,1.9170436554587902,0.20900000000000002,True
3149,0.23,0.14,0.2,0.17,0.26,0.981435051096696,0.2559452271095497,0.1702430733786931,-0.13346512758140083,1.9176936458810023,0.20900000000000002,True
3150,0.22,0.13,0.19,0.2,0.26,0.9787483144442686,0.2553774314744428,0.1687831026468768,-0.1314674429640399,1.9425146311265509,0.20900000000000002,True
3151,0.19,0.13,0.2,0.22,0.26,0.9763371188839283,0.2548674288968331,0.16783722160249606,-0.13331506200426313,1.91176769575131,0.20900000000000002,True
3152,0.2,0.13,0.19,0.22,0.26,0.9747224934197445,0.25452568040373924,0.16763782642487174,-0.13126810134240552,1.9389758654299662,0.20900000000000002,True
3153,0.22,0.14,0.23,0.16,0.25,0.9744518666188646,0.2544683818316056,0.16717268300596602,-0.13586501903364123,1.8729499590221765,0.20900000000000002,True
3154,0.24,0.15,0.18,0.17,0.26,0.973194559667929,0.2542021092962312,0.1695352948753972,-0.12899533290316434,1.9706302823146207,0.20900000000000002,True
3155,0.23,0.14,0.22,0.16,0.25,0.9728113746049487,0.2541209358513301,0.1670041842099213,-0.13381490873027435,1.899048007898373,0.20900000000000002,True
3156,0.23,0.14,0.17,0.2,0.26,0.9705042468886798,0.2536319744751139,0.16807619579680552,-0.1269893643224692,1.9972694235326351,0.20900000000000002,True
3157,0.24,0.15,0.17,0.18,0.26,0.9695484612674679,0.25342929811910153,0.16882722477353304,-0.12682616593023222,1.9982414217150932,0.20900000000000002,True
3158,0.2,0.14,0.17,0.23,0.26,0.9644969211193006,0.2523570177398091,0.16631547861072454,-0.1266931834254479,1.991875260505295,0.20900000000000002,True
3159,0.21,0.18,0.14,0.2,0.27,0.9595968712512704,0.2513151359417405,0.17014177133148528,-0.12323026627921341,2.039394570261775,0.20900000000000002,True
3160,0.16,0.14,0.22,0.23,0.25,0.9587523003234788,0.2511353821050215,0.1631349118998728,-0.13311100080888405,1.8866613621633916,0.20900000000000002,True
3161,0.2,0.18,0.14,0.21,0.27,0.9575970064814616,0.2508894119987566,0.16958284599125736,-0.12313226400879806,2.0375602935460524,0.20900000000000002,True
3162,0.24,0.17,0.15,0.18,0.26,0.9563579644156619,0.2506255037247993,0.16770067117325863,-0.12192723631028624,2.0555333763737216,0.20900000000000002,True
3163,0.24,0.18,0.15,0.17,0.26,0.953415867493109,0.2499984085438891,0.16782788540520344,-0.1216555392618982,2.0549693837260983,0.20900000000000002,True
3164,0.23,0.14,0.16,0.22,0.25,0.9508474488764493,0.249450446231833,0.16257912176377534,-0.12077012544000854,2.0654979476339554,0.20900000000000002,True
3165,0.23,0.17,0.14,0.2,0.26,0.9507292733560511,0.2494252223634914,0.16639643225477455,-0.1196336197315746,2.084909099324537,0.20900000000000002,True
3166,0.22,0.14,0.25,0.16,0.23,0.9495405751238524,0.2491714450474385,0.15928253680462848,-0.13225023258063862,1.8840907889935696,0.20900000000000002,True
3167,0.2,0.14,0.26,0.17,0.23,0.9492325206754142,0.24910566111919308,0.1589056043043999,-0.1342161016979896,1.856004294326218,0.20900000000000002,True
3168,0.22,0.14,0.16,0.23,0.25,0.9488663213934874,0.2490274515508657,0.16195280712880383,-0.1206725472414879,2.0636628400038335,0.20900000000000002,True
3169,0.26,0.15,0.18,0.17,0.24,0.9450085833859903,0.24820295442582907,0.16137676229981823,-0.12110782793612729,2.0494377502726926,0.20900000000000002,True
3170,0.2,0.17,0.14,0.23,0.26,0.9447753556274423,0.24815307275930998,0.1646130908622964,-0.11934168262793243,2.0793495390287777,0.20900000000000002,True
3171,0.25,0.14,0.22,0.16,0.23,0.944418308294851,0.24807670141171712,0.15884191317888627,-0.12600294584897354,1.9688166791676485,0.20900000000000002,True
3172,0.17,0.14,0.26,0.2,0.23,0.943253020815501,0.24782738485948563,0.15723685604919502,-0.13391221063549041,1.8506705526210212,0.20900000000000002,True
3173,0.26,0.15,0.17,0.18,0.24,0.9413176575654729,0.24741308806705642,0.1606555773504688,-0.11889937021244856,2.080861215875075,0.20900000000000002,True
3174,0.22,0.19,0.13,0.2,0.26,0.9392480939708121,0.24696975865171922,0.16537368154943266,-0.11677524338304668,2.114915383576705,0.20900000000000002,True
3175,0.26,0.14,0.2,0.17,0.23,0.9389820390411738,0.2469127430918996,0.1580005734662805,-0.12170123210762795,2.0288434128057085,0.20900000000000002,True
3176,0.23,0.16,0.14,0.22,0.25,0.9376534072130263,0.24662793925666948,0.16145632959342204,-0.1158068426697757,2.1296491085585623,0.20900000000000002,True
3177,0.16,0.14,0.25,0.22,0.23,0.9376090428492068,0.24661842712171578,0.15586895806008125,-0.1316454011601612,1.8733539109480712,0.20900000000000002,True
3178,0.2,0.13,0.26,0.19,0.22,0.9358492800832923,0.24624100033187313,0.15400025821042734,-0.1304761384007056,1.887249295925986,0.20900000000000002,True
3179,0.22,0.16,0.14,0.23,0.25,0.9356841761148815,0.24620557776533758,0.1608245722319043,-0.11571023798375202,2.127776954359991,0.20900000000000002,True
3180,0.23,0.14,0.25,0.16,0.22,0.9351453121517459,0.24608995208224838,0.1551855756082589,-0.12833139822009065,1.9176129575102088,0.20900000000000002,True
3181,0.19,0.13,0.26,0.2,0.22,0.9338716471998243,0.24581657254974942,0.1534056709483618,-0.13037549762864853,1.8854506945002374,0.20900000000000002,True
3182,0.25,0.14,0.23,0.16,0.22,0.9316642475931582,0.24534249169013833,0.15491512657757509,-0.12413356406065923,1.9764395999316433,0.20900000000000002,True
3183,0.26,0.17,0.15,0.18,0.24,0.928092203282542,0.24457456175706405,0.15951044479994067,-0.1138902966269486,2.147457412971502,0.20900000000000002,True
3184,0.26,0.14,0.17,0.2,0.23,0.9278508309227806,0.24452263652406092,0.15576954143951263,-0.11504877557657789,2.125382345866894,0.20900000000000002,True
3185,0.26,0.13,0.2,0.19,0.22,0.925377641466347,0.2439903416804361,0.153135733441498,-0.11786357630406685,2.070108080302814,0.20900000000000002,True
3186,0.26,0.18,0.15,0.17,0.24,0.9251773237403946,0.2439472081307632,0.15964070448330497,-0.11360303670648397,2.1473652043391174,0.20900000000000002,True
3187,0.25,0.14,0.16,0.22,0.23,0.9221894567053519,0.24330348815666847,0.15432599037343123,-0.1127213870434649,2.158450091310992,0.20900000000000002,True
3188,0.26,0.13,0.19,0.2,0.22,0.921648056042419,0.24318677489707397,0.1523684026187657,-0.11563701529200643,2.1030184347371734,0.20900000000000002,True
3189,0.16,0.14,0.25,0.23,0.22,0.9213437051115123,0.24312115436199977,0.1510048536315345,-0.12763016641246194,1.9048878583790765,0.20900000000000002,True
3190,0.22,0.14,0.16,0.25,0.23,0.9163480402006932,0.24204305648422908,0.15226856831509147,-0.11243278117585309,2.152780122957699,0.20900000000000002,True
3191,0.2,0.14,0.17,0.26,0.23,0.9161402320165468,0.24199816951497866,0.15173390447958918,-0.11446839822304977,2.1141046198919295,0.20900000000000002,True
3192,0.19,0.13,0.2,0.26,0.22,0.9117285416369159,0.24104446903108334,0.14841594391243038,-0.11718052081434271,2.057035310612648,0.20900000000000002,True
3193,0.2,0.13,0.19,0.26,0.22,0.9099767051610164,0.24066535743029283,0.14824191818736385,-0.11505468531684815,2.0917475613229177,0.20900000000000002,True
3194,0.25,0.16,0.14,0.22,0.23,0.9089629898469476,0.24044587532296924,0.1531842060955515,-0.10764576269517745,2.233677102589206,0.20900000000000002,True
3195,0.26,0.17,0.14,0.2,0.23,0.9080000519357867,0.240237315181403,0.1540476200129618,-0.10744272053955561,2.235957112543128,0.20900000000000002,True
3196,0.22,0.13,0.26,0.19,0.2,0.9065601922766997,0.23992532887203954,0.14574591506888843,-0.12254807983606952,1.9578056971025868,0.20900000000000002,True
3197,0.25,0.14,0.16,0.23,0.22,0.9056190709785468,0.23972132342466446,0.14952674954196263,-0.10852458937928189,2.208912512784213,0.20900000000000002,True
3198,0.22,0.16,0.14,0.25,0.23,0.9031573957019872,0.23918739193203575,0.15110774043202435,-0.10736024517712528,2.227895358635025,0.20900000000000002,True
3199,0.23,0.14,0.16,0.25,0.22,0.9017592113767723,0.23888392402121794,0.1480903901772134,-0.1083336356589576,2.2050762218785165,0.20900000000000002,True
3200,0.19,0.13,0.26,0.22,0.2,0.9007300986664535,0.23866046594032198,0.14377869521047176,-0.12225006237140412,1.9522318542076078,0.20900000000000002,True
3201,0.27,0.14,0.18,0.2,0.21,0.9002073864823066,0.23854693507751046,0.14776685056615343,-0.10900299234416722,2.188443912845253,0.20900000000000002,True
3202,0.26,0.2,0.14,0.17,0.23,0.8993216013474896,0.23835449876447568,0.15444443676970915,-0.10654225632677128,2.237182757172221,0.20900000000000002,True
3203,0.26,0.13,0.22,0.19,0.2,0.8993171981691772,0.23835354202706127,0.14527040327412172,-0.11400477370019957,2.0907329955661673,0.20900000000000002,True
3204,0.17,0.14,0.26,0.23,0.2,0.8939453070993464,0.23718521625172273,0.14270428150220912,-0.12177720449908602,1.9476979885303811,0.20900000000000002,True
3205,0.25,0.16,0.14,0.23,0.22,0.8923900557604598,0.23684655425016699,0.1483688924090563,-0.10339230148615597,2.2907561863479775,0.20900000000000002,True
3206,0.22,0.13,0.26,0.2,0.19,0.8896879960511133,0.23625772873575213,0.14099004394132256,-0.11840957552304343,1.9952586409683946,0.20900000000000002,True
3207,0.23,0.16,0.14,0.25,0.22,0.888554122133558,0.23601047079669857,0.14691877820675361,-0.10320346507084899,2.2868463828678407,0.20900000000000002,True
3208,0.26,0.13,0.19,0.22,0.2,0.8880359804300302,0.23589744940260648,0.14285867902520133,-0.1072258807888804,2.200004771861661,0.20900000000000002,True
3209,0.2,0.14,0.18,0.27,0.21,0.8867537283376286,0.2356176649289763,0.14269705337322072,-0.10833224030195165,2.1749542358973217,0.20900000000000002,True
3210,0.19,0.13,0.22,0.26,0.2,0.8858447779322882,0.2354192572339462,0.14028245777628576,-0.1133241718883663,2.077396669316531,0.20900000000000002,True
3211,0.2,0.13,0.26,0.22,0.19,0.8858359647442624,0.2354173331597913,0.13961186157116878,-0.11821227072731355,1.9914796637553882,0.20900000000000002,True
3212,0.27,0.14,0.18,0.21,0.2,0.8833002068616356,0.2348634833502088,0.1430261826944672,-0.10474260663856749,2.2422917558338598,0.20900000000000002,True
3213,0.17,0.14,0.23,0.26,0.2,0.8828245746399972,0.23475954234773666,0.14004516134205933,-0.11508503817005733,2.0398789111130182,0.20900000000000002,True
3214,0.26,0.13,0.22,0.2,0.19,0.8823119529870009,0.23464749835599585,0.14055304163775417,-0.10978321683371761,2.1373713134258314,0.20900000000000002,True
3215,0.26,0.19,0.13,0.2,0.22,0.8819522338061614,0.234568862192422,0.1488391502715091,-0.10027232086344928,2.3393181704835335,0.20900000000000002,True
3216,0.22,0.13,0.19,0.26,0.2,0.8803938859324982,0.23422808483514412,0.13983510596692073,-0.10684347327174026,2.1922544977494347,0.20900000000000002,True
3217,0.26,0.2,0.13,0.19,0.22,0.8790816804804196,0.23394098749862713,0.14897374845620365,-0.09995884515284192,2.3403730519387254,0.20900000000000002,True
3218,0.26,0.14,0.17,0.23,0.2,0.877634216321981,0.23362414182604696,0.14145167725742153,-0.10236269554978461,2.282317211082261,0.20900000000000002,True
3219,0.18,0.14,0.21,0.27,0.2,0.8773205683399592,0.2335554637336641,0.13894045478456085,-0.1106855887944298,2.1100801493447685,0.20900000000000002,True
3220,0.26,0.13,0.2,0.22,0.19,0.8747614437675726,0.23299481763061936,0.1389056573920925,-0.10523022885544275,2.214143408836351,0.20900000000000002,True
3221,0.27,0.18,0.14,0.2,0.21,0.8737165364724009,0.2327657554547562,0.14539486111616431,-0.09864306889963925,2.3596767421294964,0.20900000000000002,True
3222,0.23,0.14,0.17,0.26,0.2,0.8719348079644194,0.23237497251486472,0.1391288338975446,-0.102079164179251,2.2764192319092103,0.20900000000000002,True
3223,0.21,0.14,0.18,0.27,0.2,0.8718731004705864,0.23236143389165442,0.1384682671830772,-0.10417220080666123,2.230551261203615,0.20900000000000002,True
3224,0.21,0.14,0.27,0.2,0.18,0.8716267535285842,0.23230738241086146,0.13657501471247807,-0.11609168876938569,2.001068163219991,0.20900000000000002,True
3225,0.2,0.13,0.22,0.26,0.19,0.8708690000995352,0.23214109245713344,0.13606418884576338,-0.1092042307442973,2.125751821838239,0.20900000000000002,True
3226,0.2,0.14,0.27,0.21,0.18,0.8697147893355943,0.23188771311977585,0.13587705509918724,-0.11599318218088561,1.9991495082716022,0.20900000000000002,True
3227,0.27,0.2,0.14,0.18,0.21,0.8679929703458202,0.23150953508485306,0.14566712180766275,-0.09800800580093216,2.362149226411983,0.20900000000000002,True
3228,0.22,0.13,0.2,0.26,0.19,0.8671706548321674,0.23132884078986615,0.13579327718691458,-0.10484865079185068,2.206312041621866,0.20900000000000002,True
3229,0.26,0.17,0.14,0.23,0.2,0.8577769505982993,0.2292609080320871,0.13965516480586354,-0.0944972736381473,2.426111349095446,0.20900000000000002,True
3230,0.27,0.18,0.14,0.21,0.2,0.8568086875829186,0.2290473583206436,0.14062022117111,-0.09426544665742576,2.4298124757530166,0.20900000000000002,True
3231,0.27,0.14,0.2,0.21,0.18,0.8565905950537378,0.22899924792550697,0.13516221036817339,-0.10069645607701116,2.2741539955524526,0.20900000000000002,True
3232,0.23,0.17,0.14,0.26,0.2,0.8521315497050779,0.22801477203971232,0.13729588493699513,-0.09421876215514324,2.4200569698024355,0.20900000000000002,True
3233,0.17,0.15,0.24,0.26,0.18,0.849914748150792,0.2275247545090493,0.13124855463785304,-0.10860700991721062,2.094936180293406,0.20900000000000002,True
3234,0.26,0.19,0.13,0.22,0.2,0.8483347478866108,0.22717526103388885,0.13922607441271892,-0.09151272173052005,2.4824445906314305,0.20900000000000002,True
3235,0.2,0.14,0.21,0.27,0.18,0.8471978825711739,0.22692366503891193,0.1304563126672459,-0.10233550328317109,2.2174480777310954,0.20900000000000002,True
3236,0.21,0.18,0.14,0.27,0.2,0.8455255323314761,0.22655337489581084,0.13596549949325362,-0.09370837784694419,2.417642692159767,0.20900000000000002,True
3237,0.21,0.14,0.2,0.27,0.18,0.8453180439073711,0.2265074174149848,0.1303271172744548,-0.10012869299573235,2.2621629289082894,0.20900000000000002,True
3238,0.22,0.19,0.13,0.26,0.2,0.8408366045287017,0.22551396267158008,0.13610567167014592,-0.09114365382939027,2.47426949871589,0.20900000000000002,True
3239,0.26,0.15,0.17,0.24,0.18,0.8405028199368667,0.2254399041170294,0.13203554837441353,-0.09331653468482881,2.4158623643541803,0.20900000000000002,True
3240,0.26,0.22,0.13,0.19,0.2,0.8398251715949341,0.22528952314223272,0.13964252065363444,-0.09051666326366492,2.4889287233886375,0.20900000000000002,True
3241,0.24,0.15,0.17,0.26,0.18,0.8367764268838664,0.22461250085812745,0.1303516924028537,-0.09313072569978131,2.41179803089041,0.20900000000000002,True
3242,0.26,0.2,0.13,0.22,0.19,0.8284616824255249,0.22276226316961667,0.13455565645734102,-0.08671094254141631,2.5690213557904444,0.20900000000000002,True
3243,0.26,0.17,0.15,0.24,0.18,0.8272719553467718,0.22249706079449183,0.13078676630169922,-0.0879588532918173,2.5295584522495185,0.20900000000000002,True
3244,0.24,0.17,0.15,0.26,0.18,0.8235696429538679,0.22167104006750082,0.12908365735619554,-0.08777539555812808,2.5254348175588928,0.20900000000000002,True
3245,0.26,0.22,0.13,0.2,0.19,0.8228231557013608,0.2215043563154795,0.13483836860833834,-0.08602767062468886,2.5748036033874726,0.20900000000000002,True
3246,0.22,0.2,0.13,0.26,0.19,0.8210390670723657,0.2211058012458822,0.13132042162941562,-0.08634531344830276,2.560715717110276,0.20900000000000002,True
3247,0.27,0.2,0.14,0.21,0.18,0.8168878990951869,0.2201774456912604,0.1313612477980098,-0.08465699386763614,2.6008181442813187,0.20900000000000002,True
3248,0.27,0.21,0.14,0.2,0.18,0.8140778957257466,0.21954822147902076,0.131504722199717,-0.08431094707341535,2.6040298336092107,0.20900000000000002,True
3249,0.2,0.22,0.13,0.26,0.19,0.8117042281357973,0.2190161963390207,0.13011451043197433,-0.08547922240616912,2.5622155908055393,0.20900000000000002,True
3250,0.21,0.2,0.14,0.27,0.18,0.8058318675937453,0.21769798683224995,0.12635395652153128,-0.08411024162414871,2.588245885739403,0.20900000000000002,True
3251,0.2,0.21,0.14,0.27,0.18,0.8011878312204799,0.216653482456574,0.12573976622055852,-0.08367307943708091,2.589285393989706,0.20900000000000002,True
3252,0.21,0.18,0.27,0.2,0.14,0.7909185686921933,0.21433739946952968,0.11823825320173818,-0.09757502771944326,2.196641953162569,0.20900000000000002,True
3253,0.2,0.18,0.27,0.21,0.14,0.789082644461246,0.21392240105787375,0.11742783008470543,-0.09747955380389384,2.1945361125496716,0.20900000000000002,True
3254,0.2,0.18,0.21,0.27,0.14,0.7663272229958462,0.20875495760501872,0.1115450196528629,-0.0832102545061717,2.508764801212516,0.20900000000000002,True
3255,0.21,0.18,0.2,0.27,0.14,0.7643316608801936,0.20829968064789384,0.11147130975496812,-0.0808961276960466,2.574902984609404,0.20900000000000002,True
3256,0.27,0.2,0.18,0.21,0.14,0.7619452555730932,0.2077547838677305,0.11569875915869934,-0.07587037072987146,2.738286130265789,0.20900000000000002,True
3257,0.27,0.21,0.18,0.2,0.14,0.7591839748409626,0.2071236759551991,0.1158522988620855,-0.07550361168071296,2.743228719058851,0.20900000000000002,True
3258,0.18,0.2,0.21,0.27,0.14,0.7571783714455742,0.20666486860216904,0.11022037744884992,-0.0823233420766808,2.5104042594586264,0.20900000000000002,True
3259,0.21,0.2,0.18,0.27,0.14,0.7512059972607779,0.20529654051868595,0.10997613871967638,-0.07533095951086666,2.7252611921008585,0.20900000000000002,True
3260,0.18,0.21,0.2,0.27,0.14,0.7506398360521487,0.20516666620435076,0.10942982158563518,-0.07955273859476397,2.5790019278840326,0.20900000000000002,True
3261,0.2,0.19,0.22,0.26,0.13,0.7496423892921429,0.20493778917511563,0.10784785512641036,-0.08066269320035657,2.540676253718363,0.20900000000000002,True
3262,0.2,0.21,0.18,0.27,0.14,0.7466630424425054,0.2042536211538537,0.10925911615093989,-0.0748743684593195,2.727951171499071,0.20900000000000002,True
3263,0.26,0.2,0.19,0.22,0.13,0.7461393860830929,0.2041332899412016,0.11093421458891731,-0.07353137276086641,2.7761387048365007,0.20900000000000002,True
3264,0.22,0.19,0.2,0.26,0.13,0.7455965237893372,0.2040085199858792,0.10774615975746059,-0.07598584089667915,2.68482282460067,0.20900000000000002,True
3265,0.19,0.2,0.22,0.26,0.13,0.7450950176204276,0.2038932322150726,0.10714609046778593,-0.08021376568041594,2.541873336646665,0.20900000000000002,True
3266,0.26,0.22,0.19,0.2,0.13,0.740646890463359,0.20286971497400375,0.11124786426292803,-0.07278584181280001,2.7872139680100174,0.20900000000000002,True
3267,0.22,0.2,0.19,0.26,0.13,0.7390335439190721,0.20249805183804104,0.10698241753357791,-0.07317308943447454,2.7673842037157,0.20900000000000002,True
3268,0.19,0.22,0.2,0.26,0.13,0.732017589699212,0.20087912261140795,0.10552737277395925,-0.07461250793918817,2.6922982239805093,0.20900000000000002,True
3269,0.2,0.22,0.19,0.26,0.13,0.7300019999601515,0.20041321761550113,0.1054652276746928,-0.07232265629827661,2.7710986829486353,0.20900000000000002,True
3270,0.2,0.26,0.19,0.22,0.13,0.7190775969934364,0.19788171694859558,0.10609456947606505,-0.07138192243625019,2.7721544922710635,0.20900000000000002,True
3271,0.24,0.15,0.21,0.15,0.25,0.9681998074297633,0.25314320164898607,0.16699722806617498,-0.13150225357210488,1.925010368816101,0.2092,True
3272,0.25,0.15,0.19,0.16,0.25,0.9628751370870747,0.25201237506361807,0.16616155746203629,-0.12725824721680434,1.9803225376369953,0.2092,True
3273,0.25,0.16,0.19,0.15,0.25,0.9599247216452922,0.251384899901,0.1662883405738279,-0.12699521839916583,1.9794831889721858,0.2092,True
3274,0.25,0.15,0.16,0.19,0.25,0.951869050896829,0.24966845870302667,0.1640179313263472,-0.12069226024289859,2.068636863710711,0.2092,True
3275,0.24,0.15,0.15,0.21,0.25,0.9462211416016599,0.24846222648396066,0.16266029526901404,-0.11839310161952366,2.0986208071686154,0.2092,True
3276,0.25,0.16,0.15,0.19,0.25,0.9452624525523343,0.24825724624762446,0.16345600665200818,-0.11821259307237708,2.100091367555282,0.2092,True
3277,0.21,0.15,0.15,0.24,0.25,0.9402956089784456,0.24719419039488777,0.16077350156772627,-0.11810181582354862,2.0930600318983332,0.2092,True
3278,0.25,0.15,0.15,0.21,0.24,0.9319716520099974,0.24540853425017173,0.158544879576639,-0.11436567132951048,2.1458234048493487,0.2092,True
3279,0.21,0.15,0.15,0.25,0.24,0.924138677263636,0.24372351288101402,0.15591264448860376,-0.11398004915715132,2.138299769856893,0.2092,True
3280,0.25,0.15,0.15,0.24,0.21,0.8822601376845298,0.2346361719252381,0.14412444062535948,-0.10168975734254637,2.307372719307963,0.2092,True
3281,0.24,0.15,0.15,0.25,0.21,0.880353554401232,0.2342192626923867,0.14336833301532542,-0.10159557133657326,2.305408194580135,0.2092,True
3282,0.25,0.15,0.16,0.25,0.19,0.8520621989477501,0.22799944818375173,0.135222787894081,-0.09530166023258946,2.392397442261817,0.2092,True
3283,0.25,0.16,0.15,0.25,0.19,0.8454495748617619,0.22653655115718885,0.13461048706584547,-0.09265061804738917,2.445062493175376,0.2092,True
3284,0.19,0.14,0.22,0.18,0.27,0.9962606743486686,0.25906917179245514,0.1742687841116461,-0.1412321568431495,1.8343497513825682,0.2094,True
3285,0.18,0.14,0.22,0.19,0.27,0.9942191906985545,0.25863992601104213,0.17376531581245686,-0.14113043445108686,1.832630410421374,0.2094,True
3286,0.22,0.14,0.19,0.18,0.27,0.9915362881732865,0.25807536866908043,0.17368059044808198,-0.13515697391237436,1.9094491478952254,0.2094,True
3287,0.22,0.14,0.18,0.19,0.27,0.9879156904289264,0.2573126896839353,0.1729651673769278,-0.13301740079804514,1.9344287900693728,0.2094,True
3288,0.21,0.13,0.22,0.18,0.26,0.9876388628933073,0.25725433785714014,0.1704524202057573,-0.1377912957885239,1.8669854027061545,0.2094,True
3289,0.22,0.13,0.21,0.18,0.26,0.9860284360798024,0.25691477227187853,0.17026913431182525,-0.1357572100227149,1.8924576619458484,0.2094,True
3290,0.23,0.16,0.18,0.16,0.27,0.9839906883355527,0.2564848409653868,0.1738015051555219,-0.13261421672410034,1.934067457480787,0.2094,True
3291,0.18,0.14,0.19,0.22,0.27,0.983424134902062,0.25636525519135867,0.17152885633720552,-0.1347557414635563,1.9024440250710266,0.2094,True
3292,0.19,0.14,0.18,0.22,0.27,0.9818450539691137,0.2560318290199137,0.17131662161555392,-0.13271791271187217,1.9291429754154852,0.2094,True
3293,0.18,0.13,0.22,0.21,0.26,0.9815594796461209,0.25597151050537725,0.16884119507583015,-0.13748796798287755,1.86177390109697,0.2094,True
3294,0.18,0.13,0.21,0.22,0.26,0.9779406375062958,0.25520664234791224,0.16807376889476763,-0.13535467605620866,1.8854660199691418,0.2094,True
3295,0.24,0.15,0.19,0.16,0.26,0.9768385795218513,0.2549735291955637,0.17025678570281885,-0.1311579996746879,1.9440181294924928,0.2094,True
3296,0.23,0.16,0.16,0.18,0.27,0.9767505072573495,0.25495489594425935,0.17241049174391068,-0.12830069716308534,1.9871668789155648,0.2094,True
3297,0.21,0.14,0.24,0.16,0.25,0.9760812260681988,0.25481327953657784,0.16737817876397237,-0.13790774363155134,1.84770827820491,0.2094,True
3298,0.22,0.13,0.18,0.21,0.26,0.9751051291274537,0.25460668517455076,0.16805999180934117,-0.12931293819330913,1.9689188779698188,0.2094,True
3299,0.21,0.13,0.18,0.22,0.26,0.9730967469624456,0.25418138977401483,0.1674755573357271,-0.12921375430571858,1.9671388014361377,0.2094,True
3300,0.24,0.14,0.21,0.16,0.25,0.9711597358751716,0.25377093440921494,0.16687264497244536,-0.1317573725931096,1.9260473202733415,0.2094,True
3301,0.23,0.18,0.16,0.16,0.27,0.9708288529633025,0.2537007929668187,0.17266139857399146,-0.12778032825220087,1.9854448367520843,0.2094,True
3302,0.24,0.15,0.16,0.19,0.26,0.9659002877325882,0.25265509182108925,0.168132734809964,-0.12465046940587032,2.026908466733705,0.2094,True
3303,0.22,0.13,0.24,0.17,0.24,0.9650262747239406,0.2524694687439222,0.16309321649647668,-0.1343167270630813,1.8796576886909324,0.2094,True
3304,0.24,0.13,0.22,0.17,0.24,0.9616726127323858,0.2517567059781458,0.16277568183187027,-0.13019144598745658,1.9337422982643695,0.2094,True
3305,0.22,0.18,0.14,0.19,0.27,0.9615967502943128,0.25174057333737454,0.17072166700190797,-0.12332832968191765,2.0412225965165622,0.2094,True
3306,0.24,0.16,0.15,0.19,0.26,0.9593026890448615,0.2512525296806245,0.16757537180653573,-0.12219812662810858,2.0561078685377345,0.2094,True
3307,0.25,0.14,0.21,0.16,0.24,0.9570300226370656,0.25076866178251844,0.16279766237562485,-0.1278558085640331,1.9613396106046115,0.2094,True
3308,0.17,0.13,0.24,0.22,0.24,0.9550151727822465,0.2503393715763449,0.16027135601970685,-0.13381229239549075,1.8708249226943288,0.2094,True
3309,0.24,0.14,0.16,0.21,0.25,0.952828560493471,0.24987315121942544,0.16322651746671885,-0.12086776472097682,2.0673266507100343,0.2094,True
3310,0.17,0.13,0.22,0.24,0.24,0.9477209804473625,0.24878277660697545,0.15865114437702588,-0.12949209374998294,1.9212198166114542,0.2094,True
3311,0.21,0.14,0.16,0.24,0.25,0.9468851790273565,0.24860416689441833,0.16134794919142434,-0.12057503006811365,2.0618213136996952,0.2094,True
3312,0.24,0.13,0.17,0.22,0.24,0.9432422191234962,0.2478250733407068,0.1590181072475306,-0.11925788579623497,2.078060261475227,0.2094,True
3313,0.22,0.18,0.13,0.21,0.26,0.9421765365460966,0.24759697941374204,0.16524820366571447,-0.11705528437443125,2.115214026747736,0.2094,True
3314,0.21,0.18,0.13,0.22,0.26,0.9401978255148518,0.24717324355265347,0.16465120165359737,-0.11695845850700037,2.113342178991349,0.2094,True
3315,0.24,0.16,0.14,0.21,0.25,0.9396226170236657,0.24705001008801708,0.16210927992537677,-0.11590350819369244,2.131514515291106,0.2094,True
3316,0.22,0.13,0.17,0.24,0.24,0.9393018822210939,0.24698128483761517,0.15771351433989278,-0.11906310366116912,2.0743729773790944,0.2094,True
3317,0.25,0.14,0.16,0.21,0.24,0.9385875117495928,0.24682818630730918,0.15911586222322172,-0.11686804793127947,2.112024549707963,0.2094,True
3318,0.21,0.13,0.26,0.18,0.22,0.9378268797108149,0.24666513199036766,0.15461767567929563,-0.13057684218897792,1.8890419453809462,0.2094,True
3319,0.26,0.15,0.16,0.19,0.24,0.9376247304387078,0.2466217907043715,0.1599485722436971,-0.11668418090858945,2.113583767602357,0.2094,True
3320,0.24,0.13,0.24,0.17,0.22,0.9363401443448118,0.24634630190755202,0.15490591116687036,-0.12650233413179635,1.9473656640271662,0.2094,True
3321,0.21,0.16,0.14,0.24,0.25,0.933714924712012,0.24578292533045465,0.16021438898723178,-0.11561369407820676,2.1258980373397205,0.2094,True
3322,0.18,0.13,0.26,0.21,0.22,0.9318939820431671,0.2453918483477877,0.15283432044261963,-0.13027491981367578,1.8836461285008397,0.2094,True
3323,0.26,0.16,0.15,0.19,0.24,0.9310096968101278,0.24520184508679743,0.15938218658506254,-0.11417669282819864,2.147564787637981,0.2094,True
3324,0.21,0.14,0.16,0.25,0.24,0.9307306941442985,0.24514188472506615,0.15649545898128342,-0.11648043924024287,2.1045755521187286,0.2094,True
3325,0.26,0.13,0.21,0.18,0.22,0.9291052892725102,0.24479245463947574,0.15391736913855739,-0.12008334137945731,2.0385213454874136,0.2094,True
3326,0.25,0.16,0.14,0.21,0.24,0.9253647663979676,0.24398756943761724,0.15798949963533648,-0.11184810168782755,2.1814189579953367,0.2094,True
3327,0.22,0.13,0.26,0.18,0.21,0.9232668689093615,0.24353568771437817,0.1505027940846338,-0.12663713062564386,1.9230985928945432,0.2094,True
3328,0.17,0.13,0.24,0.24,0.22,0.9225613384858335,0.24338364443136196,0.1505607154268416,-0.12580488037706572,1.9346121048872353,0.2094,True
3329,0.27,0.14,0.19,0.18,0.22,0.9206802494938533,0.24297808391230724,0.15325813105365924,-0.11544975131872959,2.1046219774133768,0.2094,True
3330,0.27,0.16,0.16,0.18,0.23,0.9202600836882835,0.24288746049157095,0.15605886953882706,-0.11233559735100274,2.162159335234112,0.2094,True
3331,0.26,0.13,0.18,0.21,0.22,0.9179165364128545,0.24238175004963858,0.15161558438396283,-0.11340362708621077,2.1373368407817956,0.2094,True
3332,0.21,0.16,0.14,0.25,0.24,0.9175556231354396,0.24230383252692778,0.1553456182473776,-0.11146449731257835,2.1738207085565415,0.2094,True
3333,0.27,0.14,0.18,0.19,0.22,0.9169483162437164,0.242172699044791,0.15250718454795179,-0.11321199171657437,2.1391081931591582,0.2094,True
3334,0.24,0.17,0.13,0.22,0.24,0.91682058902754,0.2421451158643495,0.15675374771738634,-0.10921972058439766,2.217045736509059,0.2094,True
3335,0.26,0.13,0.22,0.18,0.21,0.9161580728062559,0.24200202328738496,0.14999159021445926,-0.11817551123098324,2.0478187127481355,0.2094,True
3336,0.18,0.13,0.26,0.22,0.21,0.91542458909932,0.2418435644224448,0.14800621817022422,-0.12623712373303997,1.9157879811479517,0.2094,True
3337,0.18,0.13,0.21,0.26,0.22,0.9134691948161866,0.24142093112960228,0.14863195661144196,-0.11929854420560704,2.0236703870712907,0.2094,True
3338,0.22,0.17,0.13,0.24,0.24,0.9129279264679075,0.24130389206288627,0.15542567316440378,-0.10902894322307921,2.2132094921727825,0.2094,True
3339,0.24,0.13,0.17,0.24,0.22,0.9103113834400931,0.24073780243002818,0.14940462625586853,-0.1109712703700072,2.1693705193005854,0.2094,True
3340,0.21,0.13,0.18,0.26,0.22,0.9082136712372064,0.2402835884698069,0.14810986503148332,-0.11292099441207204,2.127891183750671,0.2094,True
3341,0.26,0.13,0.18,0.22,0.21,0.9011773459512988,0.2387575896234564,0.14685133447581197,-0.10920351696299602,2.186354398314481,0.2094,True
3342,0.18,0.13,0.22,0.26,0.21,0.9006223876647441,0.2386370732719234,0.14456038919140102,-0.11739203404116172,2.0328216920429965,0.2094,True
3343,0.22,0.13,0.18,0.26,0.21,0.8934842943403805,0.23708484827972476,0.14391259028747122,-0.10882031045346963,2.178681969310312,0.2094,True
3344,0.22,0.14,0.27,0.18,0.19,0.8905414151452986,0.2364437641247723,0.14203144855901248,-0.1203671026125892,1.9643553678099637,0.2094,True
3345,0.27,0.18,0.14,0.19,0.22,0.8904604817968134,0.23642612400414964,0.15016798856792304,-0.10296723941744657,2.2961295781237587,0.2094,True
3346,0.25,0.14,0.16,0.24,0.21,0.8888799354186501,0.23608152932323545,0.1447202935725274,-0.10427674011162935,2.263990311458794,0.2094,True
3347,0.27,0.19,0.14,0.18,0.22,0.8875817692985402,0.23579835606708444,0.1503022232512639,-0.10265875813841274,2.2969141682891023,0.2094,True
3348,0.24,0.14,0.16,0.25,0.21,0.8869673581193132,0.23566428725816602,0.14396794811379787,-0.10418201399703275,2.2620438808648684,0.2094,True
3349,0.26,0.18,0.13,0.21,0.22,0.884825380109558,0.23519666496641034,0.14870669576205975,-0.10058483668676732,2.3382914633429257,0.2094,True
3350,0.24,0.17,0.13,0.24,0.22,0.8838772915715782,0.23498957150037048,0.14707555567176786,-0.10070852347618131,2.333363288321352,0.2094,True
3351,0.18,0.14,0.27,0.22,0.19,0.8828237947177604,0.2347593718951615,0.1393785667119706,-0.11997026096111785,1.9568130469537497,0.2094,True
3352,0.26,0.21,0.13,0.18,0.22,0.876213719037668,0.23331304075109505,0.14911049343762278,-0.09964440512572303,2.341456506832672,0.2094,True
3353,0.25,0.16,0.14,0.24,0.21,0.8756495449879849,0.23318943822874183,0.14354570045626622,-0.09908677948523492,2.3533859859022845,0.2094,True
3354,0.24,0.16,0.14,0.25,0.21,0.8737489528769531,0.23277286298442812,0.1427858910652437,-0.09899314208604593,2.3514039263659234,0.2094,True
3355,0.22,0.14,0.27,0.19,0.18,0.873538620476602,0.23272674463411902,0.13729743926665475,-0.1161902585569552,2.00297983259964,0.2094,True
3356,0.22,0.13,0.26,0.21,0.18,0.8726538610820771,0.2325327108267059,0.13623899781508178,-0.11422071508223586,2.0358190776453164,0.2094,True
3357,0.21,0.13,0.26,0.22,0.18,0.8707453377795185,0.2321139503416847,0.13551467422180227,-0.11412277438422502,2.033896841310663,0.2094,True
3358,0.26,0.18,0.13,0.22,0.21,0.8680825859053858,0.23152922385944286,0.1439010702970515,-0.09624064287372469,2.4057323075369252,0.2094,True
3359,0.19,0.14,0.27,0.22,0.18,0.8678027288803578,0.23146773644595897,0.13520408777817905,-0.11589473873069545,1.9972238514107223,0.2094,True
3360,0.27,0.14,0.18,0.22,0.19,0.8662303582311863,0.2311221564840018,0.13828874496183524,-0.10042988778099837,2.3013284350968957,0.2094,True
3361,0.18,0.14,0.22,0.27,0.19,0.8641874690147577,0.2306728745683264,0.1348783859206827,-0.10871389792998376,2.1218342728993975,0.2094,True
3362,0.26,0.13,0.21,0.22,0.18,0.8613561903054734,0.23004966321327203,0.13499925621616254,-0.10321631385780583,2.2288110727360015,0.2094,True
3363,0.22,0.18,0.13,0.26,0.21,0.8605093288731731,0.22986313219266918,0.1408879549537502,-0.09586828467264874,2.397697350876345,0.2094,True
3364,0.22,0.14,0.18,0.27,0.19,0.8567956540681727,0.22904448328195914,0.13430328850875042,-0.09995845327757813,2.2913968331014236,0.2094,True
3365,0.21,0.13,0.22,0.26,0.18,0.8556982046133017,0.22880235067368804,0.13191484232319672,-0.1050312040501915,2.178422619665959,0.2094,True
3366,0.26,0.15,0.16,0.24,0.19,0.8539383203429955,0.2284138642711464,0.13605084336804843,-0.09539484371670881,2.3944047222244023,0.2094,True
3367,0.22,0.13,0.21,0.26,0.18,0.853817055380933,0.22838708653215356,0.1317939717236773,-0.10283559644634721,2.220895238851566,0.2094,True
3368,0.27,0.14,0.19,0.22,0.18,0.8527968964048063,0.2281617686891808,0.13435246562824565,-0.09838380069028363,2.3190989480823547,0.2094,True
3369,0.24,0.15,0.16,0.26,0.19,0.8501859606543489,0.22758472625567028,0.13441767964358992,-0.09520853732750445,2.3903814998523685,0.2094,True
3370,0.19,0.14,0.22,0.27,0.18,0.8490664644358417,0.2273371402916755,0.13063329735027443,-0.10453400278957348,2.1747673888400145,0.2094,True
3371,0.26,0.16,0.15,0.24,0.19,0.8473196829718008,0.2269506252297533,0.13544298653496245,-0.09274322782566113,2.447085685397703,0.2094,True
3372,0.24,0.16,0.15,0.26,0.19,0.8435793471427699,0.22612217070988416,0.13380099554195277,-0.09255806866325411,2.4430303481435485,0.2094,True
3373,0.22,0.14,0.19,0.27,0.18,0.8434269342931324,0.22608838872723913,0.1302456902901669,-0.0979135247133267,2.3090618930243347,0.2094,True
3374,0.16,0.16,0.23,0.27,0.18,0.841440016056253,0.22564782206204903,0.12985391265519536,-0.10592484757807863,2.1302633633314505,0.2094,True
3375,0.27,0.18,0.14,0.22,0.19,0.8397405159778499,0.2252707341158655,0.13584766354484937,-0.08983337543997283,2.507650781377938,0.2094,True
3376,0.27,0.16,0.16,0.23,0.18,0.8357396469602576,0.2243820966635124,0.13228310265003443,-0.0907385185427465,2.4728428485176006,0.2094,True
3377,0.22,0.18,0.14,0.27,0.19,0.8304259931065714,0.22319987649603967,0.13177420422543168,-0.08937337211061769,2.4973867632496236,0.2094,True
3378,0.23,0.16,0.16,0.27,0.18,0.8283109491673875,0.2227286695456714,0.12889718190647906,-0.09036923330324176,2.4646515346465994,0.2094,True
3379,0.27,0.19,0.14,0.22,0.18,0.8197004676572675,0.22080659490812038,0.131220186819843,-0.08500195415131562,2.5976649256210407,0.2094,True
3380,0.27,0.22,0.14,0.19,0.18,0.8112704564542841,0.21891892212905217,0.13165061266213532,-0.08396380862733843,2.6073009991804095,0.2094,True
3381,0.22,0.19,0.14,0.27,0.18,0.8104809380406595,0.21874183109694423,0.1269934759111458,-0.08454632196250278,2.5872424254476574,0.2094,True
3382,0.26,0.21,0.13,0.22,0.18,0.8084674655186881,0.21828997075914547,0.12989495152546043,-0.08183356100238837,2.6674871297947615,0.2094,True
3383,0.26,0.22,0.13,0.21,0.18,0.8056656292741153,0.21766062859167,0.13003918171804105,-0.08148206790178614,2.6712703076464113,0.2094,True
3384,0.22,0.21,0.13,0.26,0.18,0.801120792500752,0.21663839143394714,0.12653661912613873,-0.08147152504106148,2.6590688136101766,0.2094,True
3385,0.19,0.22,0.14,0.27,0.18,0.7965488281982798,0.2156083159421449,0.12515147528447085,-0.08323483137044396,2.5903616598027464,0.2094,True
3386,0.21,0.22,0.13,0.26,0.18,0.7964884363994087,0.21559469782265595,0.12589589816740365,-0.08102954297965836,2.660692506642655,0.2094,True
3387,0.22,0.18,0.27,0.19,0.14,0.7927543304522104,0.21475207763964743,0.11907542710963219,-0.09767056481082248,2.1987389758173244,0.2094,True
3388,0.19,0.18,0.27,0.22,0.14,0.7872465587421322,0.2135070820665601,0.11664487860469194,-0.0973841430015302,2.1924214300803087,0.2094,True
3389,0.22,0.26,0.13,0.21,0.18,0.7871631668521752,0.21348821223218373,0.1272545260476519,-0.07997432938181603,2.6694592362624436,0.2094,True
3390,0.21,0.26,0.13,0.22,0.18,0.7853326449598244,0.21307385558757708,0.12646940723437172,-0.07996237425008135,2.6646764504664557,0.2094,True
3391,0.27,0.18,0.19,0.22,0.14,0.7713102735864239,0.20989031886693343,0.11624612400522019,-0.07902574639643711,2.6559738874721512,0.2094,True
3392,0.19,0.18,0.22,0.27,0.14,0.7683114827893749,0.20920731608401888,0.11167510537620232,-0.08551539093884442,2.4464288099160028,0.2094,True
3393,0.27,0.19,0.18,0.22,0.14,0.764709080656852,0.2083858132937626,0.11554793860801342,-0.076235956309335,2.733432141235513,0.2094,True
3394,0.18,0.19,0.22,0.27,0.14,0.7637265787607459,0.20816156652721451,0.11103112942190271,-0.08507623588667568,2.4467651202210274,0.2094,True
3395,0.22,0.18,0.19,0.27,0.14,0.7623247822911432,0.20784147550348986,0.11145392090011776,-0.0785729578099792,2.6452036590773838,0.2094,True
3396,0.27,0.22,0.18,0.19,0.14,0.7564252373657976,0.20649248940470177,0.11600855924764171,-0.07513567350281158,2.748261641615215,0.2094,True
3397,0.22,0.19,0.18,0.27,0.14,0.7557538405648871,0.20633877688446312,0.11072092992733619,-0.07578639915340313,2.722635976764145,0.2094,True
3398,0.21,0.18,0.22,0.26,0.13,0.7541946458878912,0.20598165678633618,0.10857829670999193,-0.08111049095597334,2.5395192947129703,0.2094,True
3399,0.22,0.18,0.21,0.26,0.13,0.7521692730549383,0.20551744644643333,0.1085310801095012,-0.0787804739865503,2.608735845909229,0.2094,True
3400,0.19,0.22,0.18,0.27,0.14,0.7421249753874493,0.2032100166344606,0.10857063594269252,-0.0744742690307203,2.728593637496964,0.2094,True
3401,0.18,0.21,0.22,0.26,0.13,0.7405525301501352,0.20284798371914659,0.10647379905285512,-0.079763704115272,2.543111380910759,0.2094,True
3402,0.26,0.21,0.18,0.22,0.13,0.7395619681262071,0.20261980908200217,0.11022255518886494,-0.07069764352733088,2.8660051307604295,0.2094,True
3403,0.26,0.22,0.18,0.21,0.13,0.7368213906531562,0.20198806899286947,0.11038069273707563,-0.070319681949913,2.872425804438943,0.2094,True
3404,0.18,0.22,0.21,0.26,0.13,0.7340218937149701,0.20134206057484638,0.10564956633474407,-0.0769671354064222,2.615948476082251,0.2094,True
3405,0.22,0.21,0.18,0.26,0.13,0.7324803370297321,0.20098603595489628,0.10624041757069591,-0.07040253579446487,2.854812453654518,0.2094,True
3406,0.21,0.22,0.18,0.26,0.13,0.7279751103464822,0.19994433553433155,0.10546306661863318,-0.07015742474777842,2.8499383529704447,0.2094,True
3407,0.22,0.26,0.18,0.21,0.13,0.7188278651761255,0.19782372161678952,0.10703371851660406,-0.06920990120143711,2.858315330360301,0.2094,True
3408,0.21,0.26,0.18,0.22,0.13,0.7170632139303383,0.197413755672166,0.10609803007735069,-0.06920228398401651,2.852705782337505,0.2094,True
3409,0.23,0.15,0.18,0.17,0.27,0.9869636653867817,0.2571119918295779,0.17367780727414628,-0.13286615395844759,1.935120300915663,0.2096,True
3410,0.23,0.15,0.17,0.18,0.27,0.9833405339672403,0.2563476071208304,0.17297617268605836,-0.13071615959204774,1.9611011210921894,0.2096,True
3411,0.22,0.13,0.23,0.17,0.25,0.9774198896666462,0.25509650179698484,0.16705163246802704,-0.13611243900641445,1.8741600963080467,0.2096,True
3412,0.23,0.13,0.22,0.17,0.25,0.9757766723569421,0.2547488269730447,0.16688232132315162,-0.13406579059344503,1.9001777101033281,0.2096,True
3413,0.23,0.17,0.15,0.18,0.27,0.970169208949011,0.2535609364362683,0.17185910284572203,-0.12587083842016045,2.014453384268997,0.2096,True
3414,0.17,0.13,0.23,0.22,0.25,0.9673479698472658,0.2529624298596753,0.16429994633311193,-0.1356074339291029,1.865402378987032,0.2096,True
3415,0.23,0.18,0.15,0.17,0.27,0.9672137966244065,0.2529339516774993,0.17198498915736704,-0.1256066668307273,2.0136984609134125,0.2096,True
3416,0.25,0.14,0.19,0.17,0.25,0.965828183962181,0.2526397804889413,0.16603669543719893,-0.1275204971974594,1.9811699769154811,0.2096,True
3417,0.17,0.13,0.22,0.23,0.25,0.9637175896932972,0.25219142697741326,0.16350788114485598,-0.13346267501499443,1.8896026694285857,0.2096,True
3418,0.23,0.15,0.15,0.21,0.26,0.9602580770930054,0.25145582731450866,0.16681953285149312,-0.12237036108794175,2.0548752580193774,0.2096,True
3419,0.25,0.14,0.17,0.19,0.25,0.9584845400418438,0.2510783826890539,0.16459483181990536,-0.12315707442328938,2.0386842076655745,0.2096,True
3420,0.23,0.13,0.17,0.22,0.25,0.9574578033275838,0.2508597681447766,0.16316318078186212,-0.1232295165548919,2.0357116960126396,0.2096,True
3421,0.21,0.15,0.15,0.23,0.26,0.956274141237001,0.25060764588355267,0.16561707861416539,-0.12217483871094115,2.051221417827908,0.2096,True
3422,0.22,0.13,0.17,0.23,0.25,0.9554707233865656,0.2504364584102743,0.16253964969240198,-0.12313146290200572,2.033894932358469,0.2096,True
3423,0.22,0.13,0.25,0.17,0.23,0.9524869750877507,0.24980028837435486,0.15916037889358853,-0.1325051871436963,1.8852113925431233,0.2096,True
3424,0.25,0.13,0.22,0.17,0.23,0.9473563371474141,0.24870485907754758,0.15871723062227328,-0.12626860179220012,1.9696492678903696,0.2096,True
3425,0.19,0.14,0.17,0.25,0.25,0.9465703834890062,0.24853688222991654,0.16091234112626168,-0.12256856684282158,2.0277375238353983,0.2096,True
3426,0.17,0.15,0.27,0.18,0.23,0.9439612680427747,0.24797892823414602,0.1582245368720764,-0.13582297366147378,1.82575098710628,0.2096,True
3427,0.17,0.13,0.25,0.22,0.23,0.9425371265846529,0.24767416782967233,0.1562654819275779,-0.1320013525426138,1.876300227679228,0.2096,True
3428,0.25,0.17,0.14,0.19,0.25,0.938664748593977,0.24684474094288245,0.16290926691035795,-0.11571793824962862,2.133158822881764,0.2096,True
3429,0.23,0.13,0.25,0.17,0.22,0.9380778935892267,0.24671894576907438,0.1550618460372263,-0.1285937902251597,1.9185914447119483,0.2096,True
3430,0.25,0.13,0.23,0.17,0.22,0.9345911832151079,0.2459710285569474,0.15478968184818298,-0.12440319870925143,1.9772082318543744,0.2096,True
3431,0.25,0.19,0.14,0.17,0.25,0.9328184917988396,0.24559043251753931,0.16316761418517717,-0.11515079985033005,2.1327722676416596,0.2096,True
3432,0.17,0.13,0.22,0.25,0.23,0.9315468165498237,0.24531726103330276,0.15377812160223528,-0.1254744158849056,1.9551177768249255,0.2096,True
3433,0.23,0.17,0.13,0.22,0.25,0.9310697271719559,0.24521474543496202,0.1609180221239373,-0.11330268180305814,2.164244848689393,0.2096,True
3434,0.22,0.17,0.13,0.23,0.25,0.9291064400005822,0.24479270209280846,0.1602836094599475,-0.11320657539683998,2.1623540967889885,0.2096,True
3435,0.25,0.13,0.17,0.22,0.23,0.9288162631952996,0.24473029916196398,0.15492075241511713,-0.11523615831348544,2.123728374354567,0.2096,True
3436,0.27,0.15,0.17,0.18,0.23,0.9268852274568278,0.24431486769575028,0.15664377548036512,-0.11486070961624106,2.1270534416165985,0.2096,True
3437,0.17,0.13,0.25,0.23,0.22,0.9262397778126901,0.2441759476290828,0.15141688398241235,-0.12799294724609322,1.907729706072034,0.2096,True
3438,0.22,0.13,0.17,0.25,0.23,0.9229569227138212,0.2434688982412745,0.15287307183766258,-0.11494604409223563,2.118114635123144,0.2096,True
3439,0.17,0.13,0.23,0.25,0.22,0.9188809710276089,0.24258991376442407,0.14971832628995277,-0.12361017420790488,1.962540020018113,0.2096,True
3440,0.26,0.15,0.15,0.21,0.23,0.917512758764792,0.2422945778936747,0.15447907981733958,-0.11028711487864551,2.1969436607375545,0.2096,True
3441,0.27,0.17,0.15,0.18,0.23,0.9136439875763736,0.2414587220504567,0.1554897452577867,-0.10979505187194682,2.1991767200225767,0.2096,True
3442,0.25,0.13,0.17,0.23,0.22,0.9122472671033357,0.24115668097319576,0.15013028392404762,-0.11106729477774757,2.1712663611350664,0.2096,True
3443,0.23,0.13,0.17,0.25,0.22,0.9083754359827985,0.24031862695083106,0.14870096155874196,-0.11087530695624248,2.1674675231850684,0.2096,True
3444,0.21,0.15,0.15,0.26,0.23,0.9078069269420437,0.24019547830809063,0.151035472348769,-0.10980865843484233,2.187400171641442,0.2096,True
3445,0.25,0.17,0.13,0.22,0.23,0.9023633366497121,0.2390150642017892,0.1526376620956199,-0.10508462727998757,2.2745007560902057,0.2096,True
3446,0.22,0.17,0.13,0.25,0.23,0.896575640887632,0.23775755988626268,0.1505519096411511,-0.10480069046696494,2.268664059624761,0.2096,True
3447,0.25,0.17,0.13,0.23,0.22,0.8857892438383874,0.2354071330631029,0.14781508306842836,-0.10080243002958944,2.3353319259664844,0.2096,True
3448,0.26,0.15,0.15,0.23,0.21,0.8841666342174193,0.23505278073950775,0.1449026602116059,-0.10178400396650733,2.30932928141492,0.2096,True
3449,0.23,0.17,0.13,0.25,0.22,0.8819652646676044,0.23457171096983798,0.14635826281964945,-0.10061467730641027,2.331386605310845,0.2096,True
3450,0.23,0.15,0.15,0.26,0.21,0.8784468853502787,0.2338020527417748,0.14263482465218197,-0.10150144589012,2.3034356869642654,0.2096,True
3451,0.17,0.14,0.25,0.25,0.19,0.8734543936323191,0.23270827574061292,0.13692881355296563,-0.11539062890348228,2.016699951737504,0.2096,True
3452,0.17,0.15,0.27,0.23,0.18,0.8611103641484954,0.22999552298995973,0.13405492395578872,-0.11541053366237397,1.9928468891998776,0.2096,True
3453,0.25,0.14,0.17,0.25,0.19,0.8586841756542649,0.22946092853649103,0.13585310622112823,-0.09793623719363143,2.342962473459337,0.2096,True
3454,0.17,0.15,0.23,0.27,0.18,0.8461793413051637,0.22669816725927294,0.1303428609553096,-0.1063250267704915,2.132124243416497,0.2096,True
3455,0.27,0.15,0.17,0.23,0.18,0.8423658197398181,0.22585314332172168,0.13291186468798963,-0.0934095302812682,2.417881158824465,0.2096,True
3456,0.25,0.17,0.14,0.25,0.19,0.8388463069819088,0.22507223225736395,0.1340165260938254,-0.08998295580097815,2.5012762723106428,0.2096,True
3457,0.23,0.15,0.17,0.27,0.18,0.834913035599312,0.22419833617866258,0.1295453332337781,-0.09303791219221202,2.4097524428050274,0.2096,True
3458,0.27,0.17,0.15,0.23,0.18,0.8291229066873318,0.22290960710481822,0.1316728804373621,-0.08805067267665545,2.531605952897137,0.2096,True
3459,0.23,0.17,0.15,0.27,0.18,0.8217182838670212,0.22125756502232252,0.1282678683674919,-0.08768375709033815,2.523358628375914,0.2096,True
3460,0.21,0.14,0.23,0.16,0.26,0.9882878487812523,0.2573911275329084,0.17134905437862719,-0.1396794364308247,1.8427274200836257,0.20980000000000001,True
3461,0.19,0.14,0.24,0.17,0.26,0.9878437937258044,0.2572975352674056,0.17104577334314786,-0.141600620333022,1.817065028827437,0.20980000000000001,True
3462,0.23,0.14,0.21,0.16,0.26,0.9850744864039684,0.25671354119140655,0.1709918444488613,-0.13561083988507783,1.893016379877568,0.20980000000000001,True
3463,0.24,0.14,0.19,0.17,0.26,0.979805058385687,0.2556008174437996,0.17013321966792322,-0.13141288992492406,1.945020900079314,0.20980000000000001,True
3464,0.24,0.14,0.17,0.19,0.26,0.9725066974070684,0.2540563859119298,0.16870471218953012,-0.12708821397750825,1.9990554431498428,0.20980000000000001,True
3465,0.23,0.14,0.16,0.21,0.26,0.966856490764336,0.25285810741647174,0.16738091811366104,-0.12481780440041157,2.0258176197789135,0.20980000000000001,True
3466,0.21,0.14,0.16,0.23,0.26,0.9628606778806148,0.2520093015075253,0.16618355607497556,-0.12462134270233904,2.0222001789007793,0.20980000000000001,True
3467,0.19,0.14,0.17,0.24,0.26,0.9624944910672704,0.25193145709167797,0.16577135478520824,-0.12659457895884996,1.9900651288833564,0.20980000000000001,True
3468,0.17,0.14,0.26,0.19,0.24,0.9593427868974351,0.2512610634569621,0.1620598807884792,-0.13786224989278795,1.8225515951782418,0.20980000000000001,True
3469,0.23,0.16,0.14,0.21,0.26,0.9536684779217088,0.2500522760628643,0.16627297872970165,-0.11990824392400501,2.085363506960718,0.20980000000000001,True
3470,0.24,0.17,0.14,0.19,0.26,0.9527139049295039,0.2498486952362522,0.16703282101749836,-0.11973105412042351,2.0867493155531607,0.20980000000000001,True
3471,0.26,0.14,0.19,0.17,0.24,0.9516369238491098,0.2496189288809425,0.16198566563743858,-0.12357935946085163,2.0199079358395493,0.20980000000000001,True
3472,0.21,0.16,0.14,0.23,0.26,0.9496964134058783,0.24920472111666325,0.16506551120536936,-0.11971367567388336,2.0816729560249363,0.20980000000000001,True
3473,0.24,0.19,0.14,0.17,0.26,0.946840583379704,0.24859463542402316,0.16728819772827944,-0.1191794631433446,2.085884840117318,0.20980000000000001,True
3474,0.26,0.14,0.17,0.19,0.24,0.9442487346815898,0.2480404268523344,0.1605303141079837,-0.11917655502167457,2.0812854240267598,0.20980000000000001,True
3475,0.26,0.14,0.21,0.16,0.23,0.9426884971364351,0.24770656757811915,0.15877243667353305,-0.12390524166972738,1.9991613287707988,0.20980000000000001,True
3476,0.19,0.14,0.17,0.26,0.24,0.9304671292069138,0.24508523677327565,0.15603495242380366,-0.118494621730865,2.068323719619393,0.20980000000000001,True
3477,0.26,0.17,0.14,0.19,0.24,0.9244036373814459,0.24378058548896764,0.1588313783126519,-0.11165395288382707,2.183358306558253,0.20980000000000001,True
3478,0.26,0.14,0.16,0.21,0.23,0.9241364949795114,0.2437230427936219,0.15505469409258682,-0.11281771096552162,2.1603260756469918,0.20980000000000001,True
3479,0.26,0.19,0.14,0.17,0.24,0.9185848363918014,0.24252600344197783,0.15909297406789139,-0.1110709155087869,2.183523943518692,0.20980000000000001,True
3480,0.21,0.14,0.16,0.26,0.23,0.9144008040809173,0.24162232237233927,0.15162707090074398,-0.11233670099318627,2.1508760737685786,0.20980000000000001,True
3481,0.26,0.16,0.14,0.21,0.23,0.9108980764914212,0.24086477853650012,0.15391948544567918,-0.10774105659947986,2.2355895341912113,0.20980000000000001,True
3482,0.16,0.14,0.26,0.23,0.21,0.9085913317312788,0.24036538720145062,0.14701559670730413,-0.12577069203008862,1.9111398953259084,0.20980000000000001,True
3483,0.21,0.16,0.14,0.26,0.23,0.9012220895256586,0.23876730524603995,0.1504601461031369,-0.10726519387613775,2.22595323438982,0.20980000000000001,True
3484,0.26,0.14,0.16,0.23,0.21,0.8907924286783602,0.2364984714847902,0.14549469210126714,-0.10437152700445229,2.26592901601125,0.20980000000000001,True
3485,0.23,0.14,0.16,0.26,0.21,0.8850546977630838,0.23524674499117282,0.14323813858132692,-0.10408734860222113,2.2600897049476085,0.20980000000000001,True
3486,0.26,0.16,0.14,0.23,0.21,0.8775500476378211,0.23360571253760187,0.14432767930700055,-0.0991804773356949,2.3553598330336682,0.20980000000000001,True
3487,0.17,0.14,0.26,0.24,0.19,0.877175200202071,0.23352363052969904,0.1378460770555587,-0.11763436866270827,1.9851649920379884,0.20980000000000001,True
3488,0.23,0.16,0.14,0.26,0.21,0.8718482722874854,0.23235598650470735,0.14204874275643276,-0.09889956507964359,2.3494136330892013,0.20980000000000001,True
3489,0.17,0.14,0.24,0.26,0.19,0.8697317764951797,0.23189144299996878,0.13602601064967057,-0.11313995720746439,2.0495981147911357,0.20980000000000001,True
3490,0.26,0.14,0.17,0.24,0.19,0.8605663131784758,0.22987568542090653,0.13667664883836889,-0.09802998548033581,2.344952764141928,0.20980000000000001,True
3491,0.24,0.14,0.17,0.26,0.19,0.8568019239426683,0.22904586634354773,0.13505244843879435,-0.09784254966393968,2.3409637946910906,0.20980000000000001,True
3492,0.26,0.17,0.14,0.24,0.19,0.8407104046505289,0.2254859630891819,0.13485339612521047,-0.09007498283570936,2.503313972320738,0.20980000000000001,True
3493,0.24,0.17,0.14,0.26,0.19,0.8369820869935647,0.22465819451485913,0.1332027230306562,-0.08989098896841707,2.499229312003588,0.20980000000000001,True
3494,0.2,0.13,0.2,0.2,0.27,0.9940718096060506,0.2586089260780464,0.17317635176109167,-0.13733215122816989,1.8830909132733367,0.20980000000000004,True
3495,0.2,0.13,0.27,0.2,0.2,0.9063948494327367,0.23988949261516845,0.14531741091967534,-0.12456432207879842,1.9258282677716998,0.20980000000000004,True
3496,0.27,0.13,0.2,0.2,0.2,0.8937132121676263,0.23713468845526742,0.14445621421109373,-0.10958883637121952,2.163858074484896,0.20980000000000004,True
3497,0.2,0.13,0.2,0.27,0.2,0.8803065944062114,0.23420899047661536,0.13926880227560687,-0.10891579677955165,2.1503675077607,0.20980000000000004,True
3498,0.27,0.2,0.13,0.2,0.2,0.8473685889772307,0.2269614501089381,0.14020065258975056,-0.09127418785348873,2.486589642114937,0.20980000000000004,True
3499,0.2,0.2,0.2,0.27,0.13,0.7392833930825176,0.20255562408672878,0.10609120791576461,-0.07543918398394445,2.6850187580215374,0.20980000000000004,True
3500,0.21,0.13,0.24,0.17,0.25,0.9790519666787991,0.25544162891213196,0.16725794349935785,-0.13815172499109007,1.8489934087222317,0.21,True
3501,0.24,0.13,0.21,0.17,0.25,0.974122300598421,0.25439859725710523,0.1667499729110061,-0.13201173980924696,1.9270907089377327,0.21,True
3502,0.17,0.13,0.24,0.21,0.25,0.9709763068280999,0.25373205160023193,0.1651051110141792,-0.13774580873006315,1.8420310130630835,0.21,True
3503,0.21,0.13,0.25,0.17,0.24,0.9666863665551633,0.25282199242408976,0.16330877857080536,-0.13636818891757174,1.8539660490534853,0.21,True
3504,0.17,0.13,0.21,0.24,0.25,0.9600851697782962,0.2514190391533291,0.1627290951168022,-0.13131150335536168,1.9146764200309736,0.21,True
3505,0.25,0.13,0.21,0.17,0.24,0.9599790142695026,0.251396452189141,0.16267363313312655,-0.12811754539972253,1.9622328183449995,0.21,True
3506,0.24,0.13,0.17,0.21,0.25,0.9594448701134626,0.2512827886667577,0.16380773535596685,-0.12332763140435166,2.037522214651818,0.21,True
3507,0.17,0.13,0.25,0.21,0.24,0.9586592600048063,0.25111557675493756,0.16110135177946594,-0.13596270486456175,1.8469445500152746,0.21,True
3508,0.21,0.13,0.17,0.24,0.25,0.9534836312731345,0.250012859181864,0.16193751490282438,-0.12303347038845569,2.0320719101273346,0.21,True
3509,0.25,0.13,0.17,0.21,0.24,0.945212342031146,0.24824653011174935,0.15970222402525544,-0.11935536860993268,2.079894126279716,0.21,True
3510,0.17,0.13,0.21,0.25,0.24,0.9440708821592709,0.24800237903288047,0.15786131361754976,-0.127322249304882,1.9478322161825894,0.21,True
3511,0.21,0.13,0.17,0.25,0.24,0.9373316701918388,0.24655895253481508,0.15709382932654936,-0.11896580422470693,2.072519528965698,0.21,True
3512,0.24,0.17,0.13,0.21,0.25,0.933032990345074,0.2456364976313603,0.16157368200846892,-0.11339884891650354,2.1661286686624517,0.21,True
3513,0.21,0.17,0.13,0.24,0.25,0.9271431298136807,0.24437036732058748,0.15967082785889938,-0.11311052964038482,2.160456396920078,0.21,True
3514,0.24,0.13,0.25,0.17,0.21,0.9234622725064177,0.24357779102231847,0.1510197360134629,-0.12463308299805398,1.9543590286226145,0.21,True
3515,0.25,0.13,0.24,0.17,0.21,0.9216860068141455,0.2431949569060834,0.1508959114141643,-0.12252111538245414,1.9849228122592701,0.21,True
3516,0.25,0.17,0.13,0.21,0.24,0.918766858499126,0.24256528733790406,0.15744994532776477,-0.10931520021937646,2.218952962178343,0.21,True
3517,0.21,0.17,0.13,0.25,0.24,0.9109815353453659,0.24088283915828979,0.15479461210849946,-0.10893364538125139,2.2112804387958933,0.21,True
3518,0.17,0.13,0.25,0.24,0.21,0.9097707945383866,0.24062078147934574,0.1465571928506872,-0.12393664562291362,1.9414821199167533,0.21,True
3519,0.17,0.13,0.24,0.25,0.21,0.9060757999342084,0.23982033626060661,0.1456866429344957,-0.12172930474793664,1.9701117718301242,0.21,True
3520,0.25,0.13,0.17,0.24,0.21,0.8955089346047285,0.237525515326372,0.14533298273490872,-0.10684787477367463,2.223025173214713,0.21,True
3521,0.24,0.13,0.17,0.25,0.21,0.8935903604455735,0.23710794157787674,0.14458445640659182,-0.10675261692357219,2.2210972284420003,0.21,True
3522,0.25,0.17,0.13,0.24,0.21,0.8690481609146063,0.23174132329745545,0.14298434898069518,-0.09646765773532573,2.4022696180026926,0.21,True
3523,0.24,0.17,0.13,0.25,0.21,0.8671535571320848,0.23132508320559264,0.14222090160761897,-0.09637457756826884,2.4002707876123135,0.21,True
3524,0.2,0.13,0.21,0.19,0.27,0.9976832433980125,0.2593681105464338,0.17391937473029215,-0.1394545917025357,1.8598750129338173,0.21000000000000002,True
3525,0.21,0.13,0.2,0.19,0.27,0.9961057902255499,0.25903661585958604,0.1737225130531875,-0.13743292410702113,1.8848221235391183,0.21000000000000002,True
3526,0.19,0.13,0.21,0.2,0.27,0.9956447926368606,0.2589397063110308,0.17339516318379924,-0.13935337981475293,1.8581516046130202,0.21000000000000002,True
3527,0.21,0.13,0.19,0.2,0.27,0.9924877293811531,0.25827563636797035,0.17299348218026597,-0.1353036824355741,1.9088588848344927,0.21000000000000002,True
3528,0.19,0.13,0.2,0.21,0.27,0.9920378607528002,0.2581809520177558,0.17265113025641865,-0.1372314401358813,1.8813542418713596,0.21000000000000002,True
3529,0.23,0.15,0.19,0.16,0.27,0.9905846813456818,0.2578750022907528,0.1743925906397926,-0.13500974523263853,1.9100473217426057,0.21000000000000002,True
3530,0.2,0.13,0.19,0.21,0.27,0.9904582561964335,0.2578483779311873,0.17244626454870152,-0.13520341398883484,1.907114401360313,0.21000000000000002,True
3531,0.23,0.15,0.16,0.19,0.27,0.9797152904991893,0.2555818444268063,0.1722878370929283,-0.12855973340063964,1.988039626920498,0.21000000000000002,True
3532,0.23,0.16,0.15,0.19,0.27,0.9731272558409041,0.2541878524985661,0.1717350909849677,-0.1261342304879196,2.015217055000076,0.21000000000000002,True
3533,0.25,0.15,0.2,0.15,0.25,0.9665397469441677,0.25279086545827534,0.16690339506034177,-0.12943373042275752,1.9530524588343992,0.21000000000000002,True
3534,0.25,0.15,0.15,0.2,0.25,0.9481962813341478,0.24888432501639768,0.1633312489576296,-0.11849031884901529,2.1004612649708134,0.21000000000000002,True
3535,0.27,0.15,0.16,0.19,0.23,0.9231704768050175,0.24351491720767138,0.15593048864514827,-0.11262528294349095,2.162169193660126,0.21000000000000002,True
3536,0.2,0.13,0.27,0.19,0.21,0.9230508646961257,0.24348914230470586,0.15009938604929507,-0.12863257223955538,1.8929042470770971,0.21000000000000002,True
3537,0.19,0.13,0.27,0.2,0.21,0.9210856567247492,0.24306551160248757,0.14948896237261824,-0.12853206378080884,1.8910885303841185,0.21000000000000002,True
3538,0.27,0.16,0.15,0.19,0.23,0.9165475722650258,0.24208615274162604,0.15535979663612345,-0.1100894650702039,2.198994722948722,0.21000000000000002,True
3539,0.27,0.13,0.2,0.19,0.21,0.9106038778103989,0.240801109303574,0.14917626814715218,-0.11380040246095335,2.1159952346055766,0.21000000000000002,True
3540,0.21,0.13,0.27,0.19,0.2,0.9083428509000488,0.24031156913341767,0.14597066632773556,-0.12466421013954443,1.9276708917853964,0.21000000000000002,True
3541,0.27,0.13,0.19,0.2,0.21,0.9068530940123452,0.23998880704015813,0.14840110823040414,-0.11155340393219093,2.1513355808132775,0.21000000000000002,True
3542,0.19,0.13,0.27,0.21,0.2,0.9044467845617186,0.2394671146887597,0.14468797750974385,-0.12446449717791952,1.9239792882177977,0.21000000000000002,True
3543,0.27,0.13,0.21,0.19,0.2,0.8974782889823334,0.23795384830012511,0.1452571770365015,-0.11184903053437567,2.127455617301863,0.21000000000000002,True
3544,0.19,0.13,0.2,0.27,0.21,0.8951428991295969,0.23744587021296626,0.14352470070187548,-0.11302539012798352,2.1008188509156756,0.21000000000000002,True
3545,0.2,0.13,0.19,0.27,0.21,0.8933574780556732,0.23705723600576523,0.1433581630182927,-0.11087901546715473,2.137981068888439,0.21000000000000002,True
3546,0.21,0.13,0.27,0.2,0.19,0.8915038691293642,0.23665350067768665,0.14120881519394965,-0.12054615745161434,1.9631774722697095,0.21000000000000002,True
3547,0.27,0.13,0.19,0.21,0.2,0.8899462741338946,0.23631403624962366,0.14367025246908005,-0.1073216360541549,2.2019235350677913,0.21000000000000002,True
3548,0.2,0.13,0.27,0.21,0.19,0.8895731539023897,0.2362326902134506,0.14053469474843147,-0.12044697687943495,1.9613002860994584,0.21000000000000002,True
3549,0.19,0.13,0.21,0.27,0.2,0.882118820521056,0.2346052800121632,0.13944489196050547,-0.11107550390463083,2.1121243817502258,0.21000000000000002,True
3550,0.27,0.13,0.21,0.2,0.19,0.8804397337767704,0.23423811346621304,0.14055307733389472,-0.1076063941638542,2.176804782711466,0.21000000000000002,True
3551,0.21,0.13,0.19,0.27,0.2,0.878483137301356,0.23380998788610685,0.13913740444187916,-0.1067480244836928,2.190298031434057,0.21000000000000002,True
3552,0.27,0.13,0.2,0.21,0.19,0.8766588770916375,0.2334105510693374,0.13974034113058723,-0.10532577712199298,2.2160819264498848,0.21000000000000002,True
3553,0.2,0.13,0.21,0.27,0.19,0.8671227239958941,0.23131830690827826,0.13521454702719535,-0.10693475587035384,2.163172347713827,0.21000000000000002,True
3554,0.27,0.19,0.13,0.2,0.21,0.8671168369255422,0.23131701307944685,0.14484447134573927,-0.09601277977836598,2.4092314961968033,0.21000000000000002,True
3555,0.25,0.15,0.15,0.25,0.2,0.8653556936232563,0.23092983624493169,0.1393044194936798,-0.09736070616619596,2.371899766736814,0.21000000000000002,True
3556,0.21,0.13,0.2,0.27,0.19,0.8652726986022852,0.23091158427297542,0.1350744363485556,-0.1047534097298124,2.204334778873159,0.21000000000000002,True
3557,0.27,0.2,0.13,0.19,0.21,0.8642605896206976,0.23068896126294058,0.14498128821049724,-0.0956906834695429,2.4107776525221065,0.21000000000000002,True
3558,0.27,0.15,0.16,0.23,0.19,0.8558143238573201,0.22882797482538564,0.1369012936126879,-0.09548808783899376,2.3964033630165633,0.21000000000000002,True
3559,0.27,0.19,0.13,0.21,0.2,0.850209013143866,0.22758982345708345,0.14006276044362748,-0.09160513952300686,2.4844656603565753,0.21000000000000002,True
3560,0.27,0.16,0.15,0.23,0.19,0.8491896704901585,0.22736439323591573,0.13629793600157378,-0.09283589805720649,2.449099949416241,0.21000000000000002,True
3561,0.23,0.15,0.16,0.27,0.19,0.8483096064455242,0.22716969817849297,0.1336360747736553,-0.09511547494240014,2.3883568716453554,0.21000000000000002,True
3562,0.27,0.21,0.13,0.19,0.2,0.844530742523216,0.2263330033849944,0.1403408151872937,-0.09094220511057727,2.488756492211669,0.21000000000000002,True
3563,0.23,0.16,0.15,0.27,0.19,0.8417090007975994,0.22570748357863746,0.13301507377360888,-0.0924655796142001,2.4409892256163954,0.21000000000000002,True
3564,0.27,0.2,0.13,0.21,0.19,0.8303170249153722,0.22317560853517926,0.13542213239169823,-0.08680250039406778,2.571073500440679,0.21000000000000002,True
3565,0.27,0.21,0.13,0.2,0.19,0.8274951670134993,0.22254682573745432,0.13556366184243476,-0.0864614307271856,2.573943362557383,0.21000000000000002,True
3566,0.21,0.2,0.13,0.27,0.19,0.8191831067993944,0.2206909140860993,0.13057214600014755,-0.08625405645731743,2.558614900567692,0.21000000000000002,True
3567,0.25,0.15,0.25,0.2,0.15,0.8167138078669491,0.22013848153345283,0.12393997241231816,-0.09866217045246872,2.231234935577525,0.21000000000000002,True
3568,0.2,0.21,0.13,0.27,0.19,0.8145143439447384,0.21964599485523917,0.12998064687555705,-0.08582157549533587,2.5593330533436345,0.21000000000000002,True
3569,0.2,0.15,0.25,0.25,0.15,0.8074742433015238,0.2180669498423542,0.11975292758168302,-0.09818670665342832,2.2209416862515785,0.21000000000000002,True
3570,0.25,0.15,0.2,0.25,0.15,0.797622607512023,0.21585039812478346,0.11938874660576423,-0.08687266109184688,2.4846757934187576,0.21000000000000002,True
3571,0.25,0.2,0.15,0.25,0.15,0.7646399698591595,0.20837004212991128,0.11596828952198267,-0.07305832355474107,2.852105441124501,0.21000000000000002,True
3572,0.25,0.25,0.15,0.2,0.15,0.7508534844380572,0.20521567927622342,0.11673302630257365,-0.07166817109383017,2.8634144857352193,0.21000000000000002,True
3573,0.27,0.2,0.19,0.21,0.13,0.7479153313400939,0.2045412876323376,0.11198460264744255,-0.07362109538806627,2.7782972605090177,0.21000000000000002,True
3574,0.2,0.19,0.21,0.27,0.13,0.7458371146157448,0.20406381990197842,0.10688840707252349,-0.07823816558244534,2.6082388100848464,0.21000000000000002,True
3575,0.27,0.21,0.19,0.2,0.13,0.7451665573941892,0.20390967934760917,0.11214128110251334,-0.07324894918245861,2.783789823928842,0.21000000000000002,True
3576,0.21,0.19,0.2,0.27,0.13,0.7438135040443767,0.20359853357816227,0.1068324773498677,-0.07589576203820547,2.6826074093000343,0.21000000000000002,True
3577,0.2,0.25,0.15,0.25,0.15,0.741915447100874,0.20316178834290133,0.11223458841790296,-0.07162523911402785,2.836455289447152,0.21000000000000002,True
3578,0.19,0.2,0.21,0.27,0.13,0.7412989025020058,0.2030198524023561,0.10618069917748715,-0.07778544405359278,2.609997987058852,0.21000000000000002,True
3579,0.21,0.2,0.19,0.27,0.13,0.7372565730078204,0.20208842876638045,0.10606123079405928,-0.07308367009040828,2.7651653032255576,0.21000000000000002,True
3580,0.19,0.21,0.2,0.27,0.13,0.7347581452552896,0.2015120244130688,0.10537897769560119,-0.07498144840237453,2.6874917557165685,0.21000000000000002,True
3581,0.2,0.21,0.19,0.27,0.13,0.7327394324856231,0.20104588916656874,0.10531538081276107,-0.0726220389182275,2.7683867344036797,0.21000000000000002,True
3582,0.24,0.15,0.2,0.15,0.26,0.9804805174171125,0.2557435616383741,0.17099153766020972,-0.1333141954191842,1.9183520617157925,0.2102,True
3583,0.25,0.14,0.2,0.16,0.25,0.9694969362782409,0.2534183702737993,0.16677800681147598,-0.12969237020256918,1.9539959820148243,0.2102,True
3584,0.24,0.15,0.15,0.2,0.26,0.9622500424753977,0.25187948653713477,0.1674519840825158,-0.12246821380309014,2.0566927426745836,0.2102,True
3585,0.25,0.14,0.16,0.2,0.25,0.954809655261815,0.25029556679498866,0.16389461816656709,-0.12096546514176454,2.0691489633149156,0.2102,True
3586,0.25,0.16,0.14,0.2,0.25,0.9415918045640683,0.24747179054218327,0.16278304167732793,-0.11600023461299114,2.1333731898717065,0.2102,True
3587,0.26,0.15,0.15,0.2,0.24,0.9339298054178073,0.24582905824886492,0.15925592662580876,-0.11446222919986926,2.1476871450721817,0.2102,True
3588,0.25,0.14,0.16,0.25,0.2,0.8719756308751232,0.23238392889731152,0.1399092633713207,-0.09997690202052933,2.3243761729043535,0.2102,True
3589,0.26,0.15,0.15,0.24,0.2,0.8672447180219918,0.2313451174906176,0.14010814651874764,-0.09745412986151947,2.3738872618262024,0.2102,True
3590,0.24,0.15,0.15,0.26,0.2,0.8634665659220626,0.2305142517725456,0.1385232642014172,-0.09726734292829242,2.3699038632368694,0.2102,True
3591,0.25,0.16,0.14,0.25,0.2,0.8587450383789625,0.2294743449195873,0.13871726458971034,-0.09472823499978056,2.4224492826253847,0.2102,True
3592,0.21,0.13,0.21,0.18,0.27,0.9997217288817335,0.2597962307063353,0.17446444765985752,-0.13955586559225786,1.8615930588355578,0.2104,True
3593,0.19,0.13,0.22,0.19,0.27,0.9992496040616841,0.2596971015461127,0.1741520083231918,-0.14146905402080145,1.8357166755913072,0.2104,True
3594,0.22,0.13,0.19,0.19,0.27,0.9945172303929994,0.258702610596226,0.17356139008581137,-0.13540401250752432,1.9105978161603598,0.2104,True
3595,0.18,0.13,0.21,0.21,0.27,0.9936063775810458,0.2585110177255623,0.17289213407813378,-0.13925222987198882,1.8564228232697255,0.2104,True
3596,0.21,0.13,0.23,0.17,0.26,0.991269176586806,0.25801913320905023,0.1712292175982597,-0.13991977333447225,1.8440505373909268,0.2104,True
3597,0.21,0.13,0.18,0.21,0.27,0.9888675497606758,0.2575132885473179,0.17227750783489745,-0.13316811249094518,1.9337458775262557,0.2104,True
3598,0.19,0.13,0.19,0.22,0.27,0.9884288118216171,0.25742083501182944,0.1719200645155527,-0.1351032071105449,1.9053643545352785,0.2104,True
3599,0.23,0.13,0.21,0.17,0.26,0.9880504286926157,0.2573410888862313,0.17087040962673528,-0.13585799862946013,1.8941916669043892,0.2104,True
3600,0.17,0.13,0.23,0.21,0.26,0.9831453118845079,0.2563063940103889,0.1691288818127528,-0.1395134476203016,1.8371447224782933,0.2104,True
3601,0.17,0.13,0.21,0.23,0.26,0.9759187357461307,0.2547788926077712,0.16757905545014035,-0.13525419739331834,1.8837041475827607,0.2104,True
3602,0.23,0.13,0.17,0.21,0.26,0.9734637153500807,0.25425912061571565,0.1679569349063913,-0.12725070465262045,1.998095973690781,0.2104,True
3603,0.21,0.13,0.17,0.23,0.26,0.9694560197511022,0.25340969222297405,0.16676474059867516,-0.12705331822632215,1.994514553107312,0.2104,True
3604,0.21,0.18,0.13,0.21,0.27,0.9559866527682788,0.2505463949456521,0.16949080090447224,-0.12104454274148146,2.069869399075279,0.2104,True
3605,0.21,0.13,0.26,0.17,0.23,0.9541748305574824,0.2501602384629402,0.15938563416222912,-0.1345689607148004,1.8589742919477468,0.2104,True
3606,0.23,0.17,0.13,0.21,0.26,0.9470876968360433,0.24864744938778816,0.16574145479611904,-0.11743132054434235,2.117386130337334,0.2104,True
3607,0.17,0.13,0.26,0.21,0.23,0.9461966257561816,0.24845698551496542,0.15712142996662062,-0.1341639321787612,1.8518910520893137,0.2104,True
3608,0.26,0.13,0.21,0.17,0.23,0.9456237201526458,0.24833449788445572,0.15864692151729254,-0.12417451365607957,1.9998829918694616,0.2104,True
3609,0.21,0.17,0.13,0.23,0.26,0.9431274979728494,0.24780052294577914,0.16452905629837683,-0.11723772144340772,2.1136586407080244,0.2104,True
3610,0.19,0.13,0.27,0.19,0.22,0.9375553943592698,0.24660692418922503,0.1542850526634396,-0.13255143141619108,1.8604621734707434,0.2104,True
3611,0.26,0.13,0.17,0.21,0.23,0.9307692815499602,0.24515017787465498,0.15564609144866953,-0.11533298528636737,2.125585991431302,0.2104,True
3612,0.17,0.13,0.21,0.26,0.23,0.9278794537385244,0.2445287942343075,0.15297651799559986,-0.12328560558925239,1.983433451663433,0.2104,True
3613,0.23,0.13,0.26,0.17,0.21,0.9252273118850147,0.24395797214196224,0.15118428727865976,-0.12673728992324074,1.924910752705198,0.2104,True
3614,0.21,0.13,0.27,0.18,0.21,0.9250160258158535,0.2439124743712895,0.15073306904367334,-0.128733143911404,1.894713878340092,0.2104,True
3615,0.27,0.13,0.19,0.19,0.22,0.9235930774580143,0.24360597376753046,0.1531320089357576,-0.1157342856707737,2.1048730059172787,0.2104,True
3616,0.21,0.13,0.17,0.26,0.23,0.9210037173566614,0.2430478420421205,0.15223469223127847,-0.11484946139146557,2.1162297071092864,0.2104,True
3617,0.26,0.13,0.23,0.17,0.21,0.9198985006568878,0.24280946190584052,0.15081276797217044,-0.12040134406290615,2.016667370249453,0.2104,True
3618,0.18,0.13,0.27,0.21,0.21,0.9191204028844644,0.24264158196389563,0.14890222622834914,-0.12843161847558826,1.8892667151898885,0.2104,True
3619,0.27,0.13,0.21,0.18,0.21,0.9143527609047839,0.24161193820546534,0.14996604920672066,-0.11604049913578884,2.082134599599875,0.2104,True
3620,0.17,0.13,0.26,0.23,0.21,0.9134638970836924,0.2414197857018927,0.1474415918046657,-0.12613727928694696,1.9139447676899077,0.2104,True
3621,0.19,0.13,0.19,0.27,0.22,0.9080312854551489,0.24024408106676431,0.14763413174167317,-0.11495784515902041,2.0898450274049267,0.2104,True
3622,0.26,0.17,0.13,0.21,0.23,0.904292451744994,0.2394336400535455,0.1533761471425849,-0.10517939398047416,2.2764310668874432,0.2104,True
3623,0.27,0.13,0.18,0.21,0.21,0.9031004129227562,0.23917502705186688,0.14764079068487504,-0.10929947160282993,2.188254193222232,0.2104,True
3624,0.17,0.13,0.23,0.26,0.21,0.902378916683299,0.23901844586220244,0.1448301804990196,-0.11951522595131236,1.999899543841994,0.2104,True
3625,0.26,0.13,0.17,0.23,0.21,0.8974274274350333,0.2379427896846249,0.1461035018382157,-0.10694319355590254,2.22494561619992,0.2104,True
3626,0.18,0.13,0.21,0.27,0.21,0.8969171177931958,0.2378318242322921,0.143734669365378,-0.11516382977656126,2.065160777422295,0.2104,True
3627,0.21,0.17,0.13,0.26,0.23,0.8946462954173604,0.23733779855290837,0.14990134115017342,-0.10470616576540681,2.2667031766272627,0.2104,True
3628,0.22,0.13,0.27,0.19,0.19,0.8934345034178273,0.23707400722762895,0.1419068537184828,-0.1206454011748519,1.965048024367183,0.2104,True
3629,0.26,0.21,0.13,0.17,0.23,0.8927431700267767,0.23692346252807517,0.15390761602512246,-0.10396123340415442,2.2789597119055287,0.2104,True
3630,0.23,0.13,0.17,0.26,0.21,0.8916717059403168,0.23669006814150473,0.14385840123845087,-0.10665741994718791,2.2191617635107175,0.2104,True
3631,0.21,0.13,0.18,0.27,0.21,0.8915608404201418,0.23666591354651922,0.14323504422566968,-0.10872466154583671,2.1767454612562247,0.2104,True
3632,0.19,0.13,0.27,0.22,0.19,0.8876423587196598,0.23581157552557142,0.13988498361113227,-0.12034785939805681,1.9594164508203868,0.2104,True
3633,0.27,0.13,0.22,0.19,0.19,0.8842187653153784,0.23506416851104306,0.14138095730065195,-0.1098799315794936,2.1392820793757394,0.2104,True
3634,0.27,0.19,0.13,0.19,0.22,0.883861343715709,0.23498608737417093,0.1496244694531531,-0.1003664352923872,2.341281591695572,0.2104,True
3635,0.21,0.13,0.27,0.21,0.18,0.8745026613532441,0.23293809587627012,0.13645126010180245,-0.11637809102394203,2.0015631277913695,0.2104,True
3636,0.27,0.13,0.19,0.22,0.19,0.8728761986720828,0.23258147673517215,0.13894300582911745,-0.10303804733419775,2.2572387846288278,0.2104,True
3637,0.26,0.17,0.13,0.23,0.21,0.870942672525167,0.2321572619351837,0.14377002184149862,-0.09656079818031704,2.4042599720608635,0.2104,True
3638,0.27,0.18,0.13,0.21,0.21,0.869975670347428,0.23194499241962396,0.14470985182957719,-0.09633388341514526,2.407719736783272,0.2104,True
3639,0.19,0.13,0.22,0.27,0.19,0.8689615039711038,0.23172229110724119,0.1354006907929111,-0.10910794957033843,2.1237892566009333,0.2104,True
3640,0.23,0.17,0.13,0.26,0.21,0.8652588621603339,0.23090854135885786,0.14148017562790288,-0.09628155762064983,2.398263458393969,0.2104,True
3641,0.22,0.13,0.19,0.27,0.19,0.8634114136389996,0.23050211474064208,0.13498033983280733,-0.10256386518834693,2.2474008201363223,0.2104,True
3642,0.27,0.21,0.13,0.18,0.21,0.8614069273382232,0.2300608368345538,0.14512030547232024,-0.09536758987837302,2.4123587177568577,0.2104,True
3643,0.21,0.13,0.21,0.27,0.18,0.8519319786645023,0.22797067346483235,0.13105297156313672,-0.10274057090067124,2.218896308112134,0.2104,True
3644,0.27,0.19,0.13,0.22,0.19,0.8331414532201382,0.22380431718435667,0.1352829485011096,-0.08714250415681579,2.5682566659045447,0.2104,True
3645,0.27,0.22,0.13,0.19,0.19,0.8246758784198467,0.22191796865103863,0.13570753965426974,-0.08611929013592268,2.5768671374413787,0.2104,True
3646,0.22,0.19,0.13,0.27,0.19,0.8238569401246598,0.22173517876502302,0.13118839054354486,-0.08668547212352018,2.557927797279195,0.2104,True
3647,0.27,0.21,0.13,0.21,0.18,0.8103037816585246,0.2187020873872736,0.13079326838968597,-0.08192422026646085,2.669565687362527,0.2104,True
3648,0.21,0.21,0.13,0.27,0.18,0.7992837770453658,0.2162247168081184,0.12575886290476163,-0.08138116602566492,2.6569380529633637,0.2104,True
3649,0.21,0.27,0.13,0.21,0.18,0.7825500844126669,0.21244345272208243,0.12661913890311555,-0.07974288018951692,2.6641055880749396,0.2104,True
3650,0.21,0.18,0.27,0.21,0.13,0.7732433446732805,0.21033018539927184,0.11360145883186819,-0.09309746777119998,2.259247114177022,0.2104,True
3651,0.27,0.19,0.19,0.22,0.13,0.7506666444273804,0.20517281653197905,0.11183072794315217,-0.07399204519205749,2.7729037087625046,0.2104,True
3652,0.21,0.18,0.21,0.27,0.13,0.7503802016324925,0.20510709810893668,0.10762497228423756,-0.07868974594962286,2.60652891471077,0.2104,True
3653,0.19,0.19,0.22,0.27,0.13,0.7478494114842469,0.20452614844096817,0.10700332630329405,-0.08057139641561706,2.5384461178498965,0.2104,True
3654,0.27,0.22,0.19,0.19,0.13,0.7424203214949838,0.20327799152396953,0.11230076441376856,-0.07287560077786726,2.789383406163373,0.2104,True
3655,0.22,0.19,0.19,0.27,0.13,0.7417785656188685,0.2031302794817369,0.10683546230256005,-0.07354413158486672,2.762018873624654,0.2104,True
3656,0.27,0.21,0.18,0.21,0.13,0.7413318538393601,0.20302743904178966,0.11128062871696513,-0.07078669485217293,2.8681581964771925,0.2104,True
3657,0.18,0.21,0.21,0.27,0.13,0.7367655645686768,0.2019751934221008,0.10550266068280109,-0.07733157703195093,2.611807507024603,0.2104,True
3658,0.21,0.21,0.18,0.27,0.13,0.7307094121084097,0.20057677763540682,0.10531180760418768,-0.07039446602898025,2.849325933558934,0.2104,True
3659,0.19,0.22,0.19,0.27,0.13,0.728227143329714,0.20000265849364318,0.1045987506140322,-0.07231377477394962,2.7657615595209157,0.2104,True
3660,0.21,0.27,0.18,0.21,0.13,0.7143415620108682,0.19678090704914952,0.10626425455296856,-0.06896173946474415,2.8534794594291135,0.2104,True
3661,0.19,0.14,0.23,0.17,0.27,0.9998592846009755,0.2598251095036448,0.17503886769525945,-0.14334500570033648,1.8125857139858128,0.21040000000000003,True
3662,0.23,0.14,0.19,0.17,0.27,0.9935643966728487,0.2585021858659593,0.1742702057021229,-0.13525743642137444,1.9111864952151996,0.21040000000000003,True
3663,0.23,0.14,0.17,0.19,0.27,0.9863120563304568,0.25697458816617713,0.17285485401842055,-0.13097088688354153,1.9620741241118516,0.21040000000000003,True
3664,0.24,0.14,0.2,0.16,0.26,0.9834511138597637,0.25637095031546164,0.17086743746434707,-0.13356553709213215,1.9194393695929182,0.21040000000000003,True
3665,0.19,0.14,0.17,0.23,0.27,0.9782358710922257,0.2552690770146999,0.17061139900727124,-0.1305734990824815,1.9549838122470005,0.21040000000000003,True
3666,0.24,0.14,0.16,0.2,0.26,0.9688543987267493,0.2532820795899995,0.16801074140766475,-0.12491612694166754,2.0276171363228017,0.21040000000000003,True
3667,0.23,0.17,0.14,0.19,0.27,0.9665479559412167,0.252792608248098,0.1711968030028684,-0.1236942496670409,2.043689249326973,0.21040000000000003,True
3668,0.2,0.14,0.16,0.24,0.26,0.9608627749248044,0.2515844672158001,0.16561672639346733,-0.12452320343154633,2.0203822282334927,0.21040000000000003,True
3669,0.24,0.16,0.14,0.2,0.26,0.9556545035678299,0.250475621328794,0.16690801687951687,-0.12000561940219978,2.087199104312965,0.21040000000000003,True
3670,0.17,0.14,0.27,0.19,0.23,0.9469063937094226,0.24860870107759636,0.15810648374514327,-0.13607186769570667,1.8270396760743546,0.21040000000000003,True
3671,0.26,0.14,0.16,0.2,0.24,0.9405516326490893,0.24724903158433142,0.15982381067865914,-0.11696510275387151,2.1138700840080062,0.21040000000000003,True
3672,0.27,0.14,0.17,0.19,0.23,0.929802431773082,0.24494235060081615,0.15651693729473742,-0.11514571948669072,2.127238004962296,0.21040000000000003,True
3673,0.26,0.16,0.14,0.2,0.24,0.9273169551578755,0.24440777109243905,0.15870359599759354,-0.11194415477199693,2.183300875246576,0.21040000000000003,True
3674,0.27,0.17,0.14,0.19,0.23,0.9099337217387098,0.24065605255611722,0.15480509535163425,-0.10753812463568779,2.2378672993545274,0.21040000000000003,True
3675,0.23,0.14,0.27,0.17,0.19,0.8924706185198399,0.23686410165946192,0.1427543976823358,-0.12046647124023957,1.9662242881431884,0.21040000000000003,True
3676,0.17,0.14,0.27,0.23,0.19,0.8808941927922926,0.23433751176257456,0.13877752524827006,-0.11987120846083743,1.9549107310379197,0.21040000000000003,True
3677,0.26,0.14,0.16,0.24,0.2,0.8738706617457219,0.2327995477968834,0.14070887111033661,-0.10007088126585595,2.3263465340972695,0.21040000000000003,True
3678,0.24,0.14,0.16,0.26,0.2,0.8700804994128422,0.23196800729506206,0.13913216709692153,-0.09988298340419921,2.3223976636375663,0.21040000000000003,True
3679,0.17,0.14,0.23,0.27,0.19,0.8660073522027489,0.2310731278861986,0.13513794746173677,-0.11088232140107757,2.0839492262285284,0.21040000000000003,True
3680,0.27,0.14,0.17,0.23,0.19,0.8624483355325632,0.2302901373035353,0.13752252940690238,-0.09812379458317355,2.3469346887959213,0.21040000000000003,True
3681,0.26,0.16,0.14,0.24,0.2,0.8606280591496018,0.22988928732014546,0.13952504386753456,-0.09482109440197328,2.4244530056316385,0.21040000000000003,True
3682,0.24,0.16,0.14,0.26,0.2,0.8568619115950846,0.22905909876645647,0.1379321157592607,-0.09463543587669354,2.420436875938438,0.21040000000000003,True
3683,0.23,0.14,0.17,0.27,0.19,0.8549195590264476,0.2286304985344738,0.1342752259220427,-0.09774892283221637,2.3389567057113507,0.21040000000000003,True
3684,0.27,0.17,0.14,0.23,0.19,0.8425743790166713,0.22589938731944592,0.13571276976459035,-0.09016707013174396,2.505342438091669,0.21040000000000003,True
3685,0.23,0.17,0.14,0.27,0.19,0.8351177456682488,0.2242438495516561,0.13241255431758278,-0.08979908227897249,2.4971730652548714,0.21040000000000003,True
3686,0.2,0.13,0.22,0.18,0.27,1.0012925541601905,0.2601259349953329,0.17467517956096087,-0.14157076330924379,1.837426944058499,0.2106,True
3687,0.22,0.13,0.2,0.18,0.27,0.9981398016285161,0.25946402163631044,0.17428928911240138,-0.13753375882931573,1.886547883551372,0.2106,True
3688,0.18,0.13,0.22,0.2,0.27,0.9972066926248633,0.2592679839496299,0.17364993825711092,-0.14136740688992955,1.834001129775969,0.2106,True
3689,0.22,0.13,0.18,0.2,0.27,0.9908925378108715,0.257939830255582,0.17284651383089036,-0.1332679344646518,1.9354980722988422,0.2106,True
3690,0.18,0.13,0.2,0.22,0.27,0.9900039446485285,0.2577526934040302,0.17214717188777406,-0.13713079077335089,1.8796120984239244,0.2106,True
3691,0.2,0.13,0.18,0.22,0.27,0.9868425865812898,0.2570864624262461,0.17172926701002925,-0.13306835192144617,1.9319880250565602,0.2106,True
3692,0.22,0.14,0.24,0.15,0.25,0.9780987577906306,0.2552400816849696,0.167971573812172,-0.1380094530885131,1.8494391215453192,0.2106,True
3693,0.25,0.15,0.18,0.16,0.26,0.9752001511320667,0.25462679990763015,0.17018394167344664,-0.129094834212079,1.9724011534754773,0.2106,True
3694,0.24,0.14,0.22,0.15,0.25,0.9748198291385641,0.2545462875691631,0.16764223641141712,-0.13391571653308454,1.900794724913981,0.2106,True
3695,0.25,0.15,0.16,0.18,0.26,0.9678967957078228,0.25307890432351954,0.16878418498689268,-0.12474891601637161,2.028706239742447,0.2106,True
3696,0.22,0.14,0.25,0.15,0.24,0.9657317117938649,0.25261929390922555,0.16403753393440418,-0.13622210924081313,1.8544661752568061,0.2106,True
3697,0.25,0.16,0.15,0.18,0.26,0.9612932546609994,0.2516760288560569,0.16822949776780197,-0.12229610140774261,2.057923563866961,0.2106,True
3698,0.26,0.15,0.18,0.16,0.25,0.9611973024032985,0.2516556212833736,0.166119768711823,-0.12517509132246862,2.010428901026909,0.2106,True
3699,0.22,0.18,0.13,0.2,0.27,0.9579820184099341,0.25097139447030803,0.17007163071850487,-0.12114207135755761,2.0717112697334676,0.2106,True
3700,0.26,0.15,0.16,0.18,0.25,0.953848739666848,0.25009071285979934,0.16470770270002663,-0.12079008182543172,2.0704573511361266,0.2106,True
3701,0.24,0.14,0.15,0.22,0.25,0.949156207489005,0.24908936363927414,0.16253885383050282,-0.11867005801901653,2.099007683971624,0.2106,True
3702,0.26,0.16,0.15,0.18,0.25,0.9472361865074379,0.24867918297713265,0.16414867796866145,-0.11830992938040996,2.1019299418017363,0.2106,True
3703,0.22,0.14,0.15,0.24,0.25,0.945203097731981,0.2482445531980939,0.1612623903414331,-0.11847592210237934,2.095316489569727,0.2106,True
3704,0.24,0.15,0.14,0.22,0.25,0.9425509098368314,0.24767711810264492,0.16198637755308476,-0.11618501703999817,2.1317474870049633,0.2106,True
3705,0.2,0.13,0.27,0.18,0.22,0.9395376188430915,0.24703179789370244,0.1548776257630309,-0.13265260026799874,1.8622461783230997,0.2106,True
3706,0.22,0.15,0.14,0.24,0.25,0.9386097021950821,0.24683294256345345,0.16070445142602413,-0.11599185839110959,2.1280195522962018,0.2106,True
3707,0.18,0.13,0.27,0.2,0.22,0.9355731405586025,0.2461817542832414,0.1537156030446625,-0.13245032575634708,1.8586723201882671,0.2106,True
3708,0.25,0.14,0.15,0.22,0.24,0.934893002386243,0.24603580582774676,0.15842198192637344,-0.11465040662019299,2.1459654010892386,0.2106,True
3709,0.22,0.14,0.15,0.25,0.24,0.9290141988362506,0.24477286617900984,0.15641943315300333,-0.11436126260176982,2.1403477069972627,0.2106,True
3710,0.25,0.15,0.14,0.22,0.24,0.9282793256805157,0.24461481348381375,0.15786508598475235,-0.11213748380802535,2.1813831127385024,0.2106,True
3711,0.27,0.13,0.2,0.18,0.22,0.9273272931704852,0.2444099955571677,0.15389691988103069,-0.11796140276314104,2.0719488733779077,0.2106,True
3712,0.22,0.15,0.14,0.25,0.24,0.9224184086047187,0.24335283821137077,0.1558537010443557,-0.11184984715683532,2.1757100648527716,0.2106,True
3713,0.27,0.13,0.18,0.2,0.22,0.919856924969372,0.24280049281284555,0.15238156327769165,-0.11350033751132593,2.1392050291358564,0.2106,True
3714,0.22,0.13,0.27,0.18,0.2,0.9102907879809086,0.24073334454810236,0.14664728490526374,-0.12476416142012059,1.929507174239537,0.2106,True
3715,0.18,0.13,0.2,0.27,0.22,0.9097784623256471,0.24062244147498957,0.14783383864061542,-0.11708318786010008,2.0551408436410497,0.2106,True
3716,0.2,0.13,0.18,0.27,0.22,0.9062729206027165,0.23986306454442263,0.1474766629134688,-0.11282465135972675,2.125980994877178,0.2106,True
3717,0.18,0.13,0.27,0.22,0.2,0.9024986572697575,0.23904443504874928,0.14408282336975453,-0.12436473537702308,1.9221239391059224,0.2106,True
3718,0.25,0.14,0.15,0.24,0.22,0.9018906286590898,0.2389124537233085,0.14881608172047295,-0.10626722742953587,2.2482232716735515,0.2106,True
3719,0.27,0.13,0.22,0.18,0.2,0.901241501165873,0.23877152024341486,0.1460729030562123,-0.11410225096938753,2.0926100774950953,0.2106,True
3720,0.24,0.14,0.15,0.25,0.22,0.8999653642860237,0.23849436183343609,0.14808480949879768,-0.10617229336942202,2.2462956602397672,0.2106,True
3721,0.25,0.15,0.14,0.24,0.22,0.8952738638144877,0.23747436780178655,0.14824378987847048,-0.10369806154825811,2.290055997732154,0.2106,True
3722,0.24,0.15,0.14,0.25,0.22,0.8933545838003742,0.23705660581228827,0.1475090708416807,-0.10360365881110456,2.2881103672651357,0.2106,True
3723,0.27,0.18,0.13,0.2,0.22,0.8867358348618763,0.23561375971671383,0.14949066544330225,-0.10067890773652144,2.3402494625122414,0.2106,True
3724,0.27,0.13,0.18,0.22,0.2,0.8861774782932286,0.23549188719731062,0.14289953065490557,-0.10504739695608012,2.2417679449569685,0.2106,True
3725,0.18,0.13,0.22,0.27,0.2,0.883919829797186,0.23499886472534315,0.13966566885391204,-0.11322719078491317,2.0754631736094904,0.2106,True
3726,0.27,0.2,0.13,0.18,0.22,0.8809894459963197,0.2343583433081582,0.14976040536353816,-0.10005300278381057,2.342341926654093,0.2106,True
3727,0.22,0.13,0.18,0.27,0.2,0.8766484350552288,0.233408263954344,0.13905066430450014,-0.10457214175490193,2.232031017413897,0.2106,True
3728,0.22,0.13,0.27,0.2,0.18,0.8764158662614079,0.233357322306748,0.1371721504557371,-0.11647660257450909,2.003469513608721,0.2106,True
3729,0.2,0.13,0.27,0.22,0.18,0.8725893589545404,0.23251856267718973,0.13575486300641854,-0.1162796425390692,1.9996497890769231,0.2106,True
3730,0.27,0.13,0.2,0.22,0.18,0.8594444534318793,0.2296285007032115,0.13503294843993777,-0.10101027452461908,2.273318251869957,0.2106,True
3731,0.2,0.13,0.22,0.27,0.18,0.8538083211662952,0.22838515779706414,0.13120224317885493,-0.10493564894611951,2.176430603810639,0.2106,True
3732,0.27,0.18,0.13,0.22,0.2,0.8530520161178032,0.22821812356708526,0.13992713577949117,-0.09193506491515058,2.4823838845136414,0.2106,True
3733,0.22,0.13,0.2,0.27,0.18,0.8500443621646185,0.22755341608265067,0.13095114367808786,-0.10053720508428687,2.2633751942067404,0.2106,True
3734,0.22,0.18,0.13,0.27,0.2,0.8436729936140792,0.2261429263267256,0.13597720490754242,-0.0914737560126353,2.4722164715253236,0.2106,True
3735,0.26,0.15,0.16,0.25,0.18,0.8367128314790999,0.22459837051166232,0.13127103975793,-0.09097840705830407,2.4686997472678005,0.2106,True
3736,0.25,0.15,0.16,0.26,0.18,0.8348544143707235,0.22418530224485744,0.13041403120971284,-0.09088609033252304,2.4666624059263125,0.2106,True
3737,0.26,0.16,0.15,0.25,0.18,0.8300952330800371,0.2231262110018466,0.1306539604804172,-0.08829638997228839,2.52701397046781,0.2106,True
3738,0.25,0.16,0.15,0.26,0.18,0.8282428390018997,0.2227134893617042,0.12979213472331397,-0.08820466322646281,2.524962753838695,0.2106,True
3739,0.27,0.2,0.13,0.22,0.18,0.8131094782846104,0.21933122003497663,0.13065012547534546,-0.08227458000816468,2.6658442986060926,0.2106,True
3740,0.27,0.22,0.13,0.2,0.18,0.8075006470309305,0.21807287966727684,0.13093884008913814,-0.08157275349159965,2.673354402456624,0.2106,True
3741,0.22,0.2,0.13,0.27,0.18,0.8039199925104397,0.2172681983177358,0.12640059239854595,-0.08182201671029665,2.6553757418007313,0.2106,True
3742,0.2,0.22,0.13,0.27,0.18,0.7946525838855882,0.21518057435437732,0.12514258241484916,-0.08093921818112892,2.6585452539563437,0.2106,True
3743,0.22,0.27,0.13,0.2,0.18,0.7843793089397819,0.21285794641344946,0.12740567957598695,-0.0797547603277946,2.668905850115987,0.2106,True
3744,0.2,0.27,0.13,0.22,0.18,0.7807207244440706,0.21202864461478943,0.1258583681197564,-0.07973101002461902,2.6592996194243628,0.2106,True
3745,0.22,0.18,0.27,0.2,0.13,0.7750611005038301,0.21074352059412482,0.11447075450568371,-0.0931921173361715,2.261387836418725,0.2106,True
3746,0.2,0.18,0.27,0.22,0.13,0.7714254098197408,0.20991652685228535,0.1127595252832268,-0.09300288119010414,2.257097029318929,0.2106,True
3747,0.27,0.18,0.2,0.22,0.13,0.7572668571608041,0.20668511819826896,0.11255861713022618,-0.07680238727351962,2.691128824709477,0.2106,True
3748,0.2,0.18,0.22,0.27,0.13,0.7524005934997093,0.20557048259958477,0.10770639912466368,-0.08101915881196198,2.5373070470491426,0.2106,True
3749,0.22,0.18,0.2,0.27,0.13,0.748348478863474,0.20464075507003576,0.10760196130663431,-0.07635118695036702,2.680256368549514,0.2106,True
3750,0.27,0.2,0.18,0.22,0.13,0.7440762216651651,0.20365896025004315,0.11112407515777215,-0.07116342208677495,2.86184888638023,0.2106,True
3751,0.18,0.2,0.22,0.27,0.13,0.7433031154175656,0.20348112369595084,0.1063297259418925,-0.08012250472402593,2.539625095306512,0.2106,True
3752,0.27,0.22,0.18,0.2,0.13,0.7385900219607804,0.2023958383644333,0.11144000784926442,-0.07040874861772839,2.8745836609496505,0.2106,True
3753,0.22,0.2,0.18,0.27,0.13,0.7352184281266281,0.20161825638898168,0.10609065158631963,-0.07071884751815749,2.8509833441108463,0.2106,True
3754,0.18,0.22,0.2,0.27,0.13,0.7302377598401124,0.2004677323631896,0.1046966126036849,-0.07452255088602433,2.690027783265059,0.2106,True
3755,0.2,0.22,0.18,0.27,0.13,0.7262052364106963,0.19953460911118293,0.10456151076445455,-0.07014945117439375,2.844421528190343,0.2106,True
3756,0.22,0.27,0.18,0.2,0.13,0.7161049598689155,0.19719101521090954,0.10720127612076713,-0.06896926446538476,2.8591143712990945,0.2106,True
3757,0.2,0.27,0.18,0.22,0.13,0.7125779607328269,0.19637047017229126,0.10535550188872402,-0.06895422093078873,2.8478382834517664,0.2106,True
3758,0.2,0.13,0.25,0.17,0.25,0.9806729175447082,0.2557842154571752,0.1675012705520238,-0.14018368820354699,1.8246360809524147,0.21080000000000002,True
3759,0.23,0.15,0.15,0.2,0.27,0.9760879383947403,0.2548146999885974,0.17161295036158514,-0.12639684647925642,2.0159893785832406,0.21080000000000002,True
3760,0.17,0.13,0.25,0.2,0.25,0.9746025972236814,0.25450029597768653,0.1659231961963055,-0.13987782788004377,1.8194470119734811,0.21080000000000002,True
3761,0.25,0.13,0.2,0.17,0.25,0.9724567602397913,0.25404580542106747,0.1666545289809337,-0.12995024642143171,1.9549467001177585,0.21080000000000002,True
3762,0.2,0.15,0.15,0.23,0.27,0.9700620948353806,0.25353822334932996,0.1698887627882005,-0.12610163435928312,2.0105863388491874,0.21080000000000002,True
3763,0.25,0.13,0.17,0.2,0.25,0.9614319227614303,0.25170552025683035,0.16447294013983452,-0.12342580750769416,2.039326501802627,0.21080000000000002,True
3764,0.17,0.13,0.2,0.25,0.25,0.956450713514394,0.2506452625656408,0.16196376846242935,-0.1291538901463558,1.940671413626119,0.21080000000000002,True
3765,0.2,0.13,0.17,0.25,0.25,0.9514965279700716,0.24958897017740345,0.16135714829857054,-0.12293553895707643,2.0302426157219573,0.21080000000000002,True
3766,0.25,0.17,0.13,0.2,0.25,0.9349962285371634,0.2460579589655294,0.16225020488621844,-0.11349507679471638,2.1680055727050207,0.21080000000000002,True
3767,0.27,0.15,0.15,0.2,0.23,0.9194537651731609,0.24271351272430408,0.155231892546114,-0.1103829887578478,2.1988307750640437,0.21080000000000002,True
3768,0.25,0.13,0.25,0.17,0.2,0.9086432622861058,0.24037663416753063,0.14704147841203213,-0.12062212707747944,1.99280712412847,0.21080000000000002,True
3769,0.2,0.15,0.15,0.27,0.23,0.9058656075005695,0.23977477126805646,0.1504138330904995,-0.10971314933095322,2.185469770307734,0.21080000000000002,True
3770,0.17,0.13,0.25,0.25,0.2,0.8931337576111995,0.23700852135125006,0.14168844853467177,-0.11983158404547434,1.9778468526403588,0.21080000000000002,True
3771,0.25,0.13,0.17,0.25,0.2,0.8786048465489351,0.233836627924626,0.1405314979035719,-0.10257697303137092,2.279621059329877,0.21080000000000002,True
3772,0.27,0.15,0.15,0.23,0.2,0.8691336381355186,0.2317600958125574,0.14093392547600206,-0.0975476140730065,2.3758663706434042,0.21080000000000002,True
3773,0.23,0.15,0.15,0.27,0.2,0.8615773359011607,0.23009836376965187,0.13776520329383288,-0.09717404008914232,2.367899529118804,0.21080000000000002,True
3774,0.25,0.17,0.13,0.25,0.2,0.852143668727851,0.22801744983939676,0.13814809633780953,-0.09207933617473418,2.4763150920929737,0.21080000000000002,True
3775,0.24,0.15,0.18,0.16,0.27,0.9889858674223886,0.2575382188388433,0.17429000966858146,-0.1329662372290341,1.9368692700180286,0.211,True
3776,0.24,0.15,0.16,0.18,0.27,0.9817284570048634,0.2560072023108637,0.17290242974461273,-0.12865878214594062,1.9898152154158342,0.211,True
3777,0.22,0.13,0.24,0.16,0.25,0.9810709078602573,0.2558683017763077,0.1678499547420253,-0.138253360642552,1.8507203050046932,0.211,True
3778,0.24,0.13,0.22,0.16,0.25,0.9777865308932596,0.2551740501084738,0.16751901584982717,-0.13416652778799887,1.901920354618427,0.211,True
3779,0.24,0.16,0.15,0.18,0.27,0.9751344924433099,0.25461290101696177,0.1723521538090696,-0.12623282046051565,2.0170103154480503,0.211,True
3780,0.16,0.13,0.24,0.22,0.25,0.9689574229979665,0.2533039343919512,0.16462244074953128,-0.1376444859616044,1.8402766563610091,0.211,True
3781,0.22,0.13,0.25,0.16,0.24,0.9686931354222681,0.2532478688621729,0.1639154084293381,-0.13646971703561483,1.8557074372483835,0.211,True
3782,0.25,0.13,0.22,0.16,0.24,0.9636656472879106,0.252180388802967,0.1634506621530406,-0.1302916025388604,1.9355076143740912,0.211,True
3783,0.16,0.13,0.22,0.24,0.25,0.9617077631807316,0.25176418080854046,0.16302307113406292,-0.13336237314474753,1.8878201914964663,0.211,True
3784,0.16,0.13,0.25,0.22,0.24,0.9566524805104879,0.2506882439202591,0.16060608567536364,-0.13586149066446462,1.845175131630056,0.211,True
3785,0.24,0.13,0.16,0.22,0.25,0.9557704022264135,0.2505003176688654,0.16310651370013626,-0.12114021809954523,2.0678542733266365,0.211,True
3786,0.22,0.13,0.16,0.24,0.25,0.951805384666585,0.24965487439067124,0.1618355989933191,-0.1209451200591426,2.0641996491349888,0.211,True
3787,0.16,0.13,0.22,0.25,0.24,0.945727846143031,0.24835676188415756,0.15815219565802344,-0.12939243467969352,1.919407131483043,0.211,True
3788,0.25,0.13,0.16,0.22,0.24,0.9415156559909663,0.2474554855752642,0.1589944563192901,-0.11714818708986818,2.1123287668586204,0.211,True
3789,0.24,0.13,0.25,0.16,0.22,0.9400507815561294,0.2471417429689482,0.15574769451308118,-0.12869415072136947,1.9203805424228242,0.211,True
3790,0.27,0.15,0.16,0.18,0.24,0.9395874393287382,0.2470424727792746,0.16067820547264478,-0.11678135384523569,2.115427374704589,0.211,True
3791,0.25,0.13,0.24,0.16,0.22,0.938308380645259,0.24676835479877468,0.15561549610622613,-0.12660222100323226,1.9491629202340335,0.211,True
3792,0.24,0.16,0.13,0.22,0.25,0.9359545128555025,0.2462635766598431,0.16144929550226608,-0.1136849602865132,2.166193100997706,0.211,True
3793,0.22,0.13,0.16,0.25,0.24,0.9356189574354661,0.24619158473614133,0.15700088393447287,-0.11685755905160555,2.106766449121366,0.211,True
3794,0.27,0.16,0.15,0.18,0.24,0.9329664384294154,0.2456222054909305,0.16011496374085832,-0.11427336664794263,2.149426526022043,0.211,True
3795,0.22,0.16,0.13,0.24,0.25,0.9320252016414701,0.24542003810073765,0.1601619968065466,-0.11349279427154668,2.1624283698006184,0.211,True
3796,0.16,0.13,0.25,0.24,0.22,0.9242666363597565,0.24375107602041002,0.15089158213730014,-0.127893026198298,1.9058981030167683,0.211,True
3797,0.25,0.16,0.13,0.22,0.24,0.9216746294594012,0.24319250401288395,0.15732399150800652,-0.10960928053814423,2.2187218346739583,0.211,True
3798,0.16,0.13,0.24,0.25,0.22,0.9205927849052993,0.24295922021052863,0.15003380787936765,-0.12570549403994968,1.9327653263374094,0.211,True
3799,0.22,0.16,0.13,0.25,0.24,0.9158315903264962,0.24193149632305477,0.155303917368255,-0.10932317494570076,2.212993689976701,0.211,True
3800,0.25,0.13,0.16,0.24,0.22,0.9085165243426769,0.2403491852796633,0.1494049217583604,-0.108820725160518,2.2086710497943463,0.211,True
3801,0.24,0.13,0.16,0.25,0.22,0.9065852727668975,0.23993076461356133,0.14867715185756925,-0.10872526800208171,2.2067617677333984,0.211,True
3802,0.25,0.16,0.13,0.24,0.22,0.8886662333945008,0.2360349227201577,0.1476883027600948,-0.1011130828642699,2.3343658014759714,0.211,True
3803,0.24,0.16,0.13,0.25,0.22,0.8867529348955594,0.23561749176248936,0.14695019539459508,-0.10101921979707162,2.332402608491731,0.211,True
3804,0.27,0.15,0.16,0.24,0.18,0.83857111415451,0.2250111303575797,0.1321508640234054,-0.09107078423121395,2.470727931652734,0.211,True
3805,0.24,0.15,0.16,0.27,0.18,0.8329958638121315,0.22377192524488976,0.1295804330822892,-0.09079383399455976,2.4646158819364086,0.211,True
3806,0.27,0.16,0.15,0.24,0.18,0.8319474900144257,0.22353862367849375,0.13153865649982363,-0.0883881769679078,2.529055710241164,0.211,True
3807,0.24,0.16,0.15,0.27,0.18,0.8263903087627813,0.2223004584449837,0.12895378015256062,-0.08811299667112893,2.522902033109749,0.211,True
3808,0.2,0.14,0.23,0.16,0.27,1.0019053014425476,0.2602544992129854,0.17556234592563902,-0.1434472860652476,1.8142866717925046,0.21100000000000002,True
3809,0.23,0.14,0.2,0.16,0.27,0.9971873864576724,0.2592639272553283,0.1749974468262055,-0.13739116476621527,1.8870494889281395,0.21100000000000002,True
3810,0.2,0.13,0.24,0.17,0.26,0.9928618758814711,0.25835437254152027,0.17146289740222678,-0.1419397691763713,1.8201690339547805,0.21100000000000002,True
3811,0.22,0.14,0.23,0.15,0.26,0.9903174569103392,0.25781872513961446,0.171928367529917,-0.13978124867755237,1.844444284042355,0.21100000000000002,True
3812,0.23,0.14,0.22,0.15,0.26,0.9887118329766782,0.257480476513293,0.17175358658585327,-0.1377501623919567,1.8691845587858806,0.21100000000000002,True
3813,0.17,0.13,0.24,0.2,0.26,0.9867554776731151,0.2570680949165496,0.16992311305532645,-0.1416336193780412,1.8150217162098823,0.21100000000000002,True
3814,0.24,0.13,0.2,0.17,0.26,0.9864243517905142,0.2569982698568074,0.1707452077466387,-0.13381614132487185,1.9205326600539199,0.21100000000000002,True
3815,0.23,0.14,0.16,0.2,0.27,0.9826827125971298,0.2562087244039035,0.1721670440078174,-0.12881800865715543,1.9889200824846935,0.21100000000000002,True
3816,0.25,0.14,0.18,0.17,0.26,0.9781639145506293,0.25525386054251475,0.17005957486192902,-0.1293532267441676,1.9733087992257903,0.21100000000000002,True
3817,0.2,0.14,0.16,0.23,0.27,0.9766390867974903,0.25493132217457437,0.17044996055053632,-0.12852142631174746,1.9835705958958258,0.21100000000000002,True
3818,0.24,0.13,0.17,0.2,0.26,0.9754675687363015,0.25468340474065476,0.1685840909841019,-0.12734948971578608,1.9998777011910125,0.21100000000000002,True
3819,0.17,0.14,0.26,0.18,0.25,0.9752535156518836,0.2546380960931134,0.16686974791786094,-0.14176619300135018,1.7961834955297713,0.21100000000000002,True
3820,0.25,0.14,0.17,0.18,0.26,0.974509150585166,0.25448051074009315,0.16935344613833353,-0.12718712507255114,2.000835466600336,0.21100000000000002,True
3821,0.23,0.16,0.14,0.2,0.27,0.9695019017223832,0.2534194233945064,0.17107329361574297,-0.12396125365781918,2.044343824515051,0.21100000000000002,True
3822,0.2,0.13,0.26,0.17,0.24,0.968335317811748,0.25317195402831594,0.1635622166054526,-0.13841225207182273,1.829115199259556,0.21100000000000002,True
3823,0.2,0.13,0.17,0.24,0.26,0.9674521795038291,0.2529845474002974,0.16620040642165984,-0.12695471674935466,1.992714834689932,0.21100000000000002,True
3824,0.26,0.14,0.18,0.17,0.25,0.9641475974293123,0.2522827995671426,0.1659940957422654,-0.12544090846572808,2.0111684669126038,0.21100000000000002,True
3825,0.2,0.16,0.14,0.23,0.27,0.9634938318719657,0.2521438752728984,0.16934211144927555,-0.12366743337665898,2.03888662025461,0.21100000000000002,True
3826,0.23,0.14,0.15,0.22,0.26,0.9632066629660183,0.25208284252098445,0.16669941549690756,-0.12263970959733583,2.0554748812489083,0.21100000000000002,True
3827,0.17,0.13,0.26,0.2,0.24,0.9623013367146231,0.2518903922147353,0.1619443523443484,-0.138106697987047,1.8238825189952774,0.21100000000000002,True
3828,0.22,0.14,0.15,0.23,0.26,0.9612132978599008,0.2516590233177558,0.16608904136958075,-0.12254197870152794,2.0536556205830054,0.21100000000000002,True
3829,0.26,0.14,0.17,0.18,0.25,0.960470186470552,0.2515009532426473,0.1652816590969936,-0.12325537372790352,2.0404867198557732,0.21100000000000002,True
3830,0.26,0.13,0.2,0.17,0.24,0.9582742186268147,0.2510336069166341,0.16260930802680076,-0.12603608337320504,1.9917598214576322,0.21100000000000002,True
3831,0.23,0.15,0.14,0.22,0.26,0.9566103087400846,0.2506792605356398,0.16615145172209192,-0.12018205292892858,2.085829409852756,0.21100000000000002,True
3832,0.25,0.17,0.14,0.18,0.26,0.9546985310303138,0.2502718800771122,0.1676895805500524,-0.11982854961541223,2.088583070398129,0.21100000000000002,True
3833,0.22,0.15,0.14,0.23,0.26,0.9546228835911568,0.25025575491158936,0.16553854025059797,-0.12008479723514576,2.0839919846102375,0.21100000000000002,True
3834,0.22,0.14,0.26,0.15,0.23,0.9532187732616082,0.24995637626455425,0.16013018614160285,-0.13441901156863045,1.8595314260061626,0.21100000000000002,True
3835,0.25,0.18,0.14,0.17,0.26,0.9517591646211765,0.24964501234424774,0.16781763046657044,-0.11955322437625682,2.088149555536597,0.21100000000000002,True
3836,0.24,0.17,0.13,0.2,0.26,0.949067785589687,0.2490704796848875,0.16637903709651009,-0.11752821126631108,2.1192399424893007,0.21100000000000002,True
3837,0.26,0.13,0.17,0.2,0.24,0.9471824332660959,0.24866769560832447,0.16040702690315106,-0.11945291266459157,2.081721492271615,0.21100000000000002,True
3838,0.27,0.14,0.2,0.16,0.23,0.9409474679515226,0.24733381143299615,0.15874153068275543,-0.12179982969692316,2.0306581055855464,0.21100000000000002,True
3839,0.26,0.17,0.14,0.18,0.25,0.9406325305779357,0.2472663592081401,0.16360479198881328,-0.11581478161975911,2.1350155459426614,0.21100000000000002,True
3840,0.17,0.13,0.2,0.26,0.24,0.9404187870069094,0.2472205761730244,0.15708525763178546,-0.12514586897325208,1.975459343575007,0.21100000000000002,True
3841,0.26,0.18,0.14,0.17,0.25,0.937706711500083,0.24663936800281538,0.16373430623131513,-0.11553169387055284,2.1348199765785636,0.21100000000000002,True
3842,0.2,0.13,0.17,0.26,0.24,0.9353614304208875,0.24613632781604133,0.15649641161732364,-0.1188685657990185,2.070659523495939,0.21100000000000002,True
3843,0.27,0.14,0.16,0.2,0.23,0.9260834813353889,0.2441423032852581,0.15580414067105575,-0.11291409596734592,2.1621950846231157,0.21100000000000002,True
3844,0.26,0.17,0.13,0.2,0.24,0.9207130854548866,0.2429851655764781,0.15816703940828486,-0.10941074056768274,2.220852946573053,0.21100000000000002,True
3845,0.26,0.14,0.15,0.22,0.23,0.9204201981045297,0.24292199631276534,0.15435458382091552,-0.11057980475340734,2.196802543235455,0.21100000000000002,True
3846,0.26,0.15,0.14,0.22,0.23,0.9137987067179256,0.24149217105142284,0.15379341436149932,-0.10803849019741119,2.2352420013474927,0.21100000000000002,True
3847,0.27,0.16,0.14,0.2,0.23,0.912833105796047,0.24128338660907955,0.15467561018096876,-0.10783641129974031,2.237494587411781,0.21100000000000002,True
3848,0.22,0.14,0.15,0.26,0.23,0.9126501820221438,0.24124382649527076,0.15156122927461968,-0.11019712351051403,2.1892025745322963,0.21100000000000002,True
3849,0.2,0.14,0.16,0.27,0.23,0.9124535209566151,0.24120129266429724,0.15100843470793512,-0.11224068160081391,2.1489649672846265,0.21100000000000002,True
3850,0.24,0.13,0.26,0.17,0.2,0.9104465813603821,0.24076706519006352,0.1471732459000151,-0.12274707318889622,1.961489255385712,0.21100000000000002,True
3851,0.26,0.13,0.24,0.17,0.2,0.9068286883184489,0.23998351804447493,0.1469514703271731,-0.11848929397920882,2.0253603510084597,0.21100000000000002,True
3852,0.22,0.15,0.14,0.26,0.23,0.9060525836695499,0.2398153036611308,0.150987332695708,-0.1076578756779153,2.2275686023992947,0.21100000000000002,True
3853,0.26,0.14,0.15,0.23,0.22,0.9038158225882149,0.23933024824053928,0.14956903791896353,-0.10636222212633284,2.250143363461063,0.21100000000000002,True
3854,0.23,0.14,0.15,0.26,0.22,0.8980400304517906,0.23807597227697364,0.14737567708191954,-0.10607741988795172,2.2443605107331077,0.21100000000000002,True
3855,0.26,0.15,0.14,0.23,0.22,0.8971930706739017,0.23789183191141672,0.14900024905899847,-0.10379252476777634,2.291993883409927,0.21100000000000002,True
3856,0.17,0.13,0.26,0.24,0.2,0.8968430410685704,0.23781571479449704,0.14258847933624036,-0.12205169840684149,1.9484834533131454,0.21100000000000002,True
3857,0.23,0.15,0.14,0.26,0.22,0.8914352316143039,0.23663854564820608,0.1467965516401848,-0.1035093164982458,2.286156972664547,0.21100000000000002,True
3858,0.17,0.13,0.24,0.26,0.2,0.8894226215796008,0.2361998687847766,0.14080256613101977,-0.11760466236663114,2.0084226597107717,0.21100000000000002,True
3859,0.26,0.13,0.17,0.24,0.2,0.8805058867351774,0.23425258329466025,0.14132692327073718,-0.10267149921284391,2.2815736118651704,0.21100000000000002,True
3860,0.24,0.13,0.17,0.26,0.2,0.8767037084817932,0.23342037037410002,0.13975852221306162,-0.10248250764387024,2.277660605117536,0.21100000000000002,True
3861,0.27,0.14,0.16,0.23,0.2,0.8757655910418922,0.23321486429594995,0.1415304753947732,-0.10016492119890219,2.3283087682247983,0.21100000000000002,True
3862,0.23,0.14,0.16,0.27,0.2,0.8681852683416353,0.2315517826871154,0.13837809993617073,-0.09978912535820961,2.320410985224311,0.21100000000000002,True
3863,0.27,0.16,0.14,0.23,0.2,0.8625109729242517,0.2303039262718709,0.1403549289822569,-0.09491401414202139,2.426448068324909,0.21100000000000002,True
3864,0.17,0.14,0.26,0.25,0.18,0.8602439602246048,0.22980467003153193,0.13298573976700895,-0.11344112803340456,2.0257615030402576,0.21100000000000002,True
3865,0.17,0.14,0.25,0.26,0.18,0.8565078228401364,0.22898098769875697,0.13205072187314743,-0.11117721076618414,2.059603637478592,0.21100000000000002,True
3866,0.23,0.16,0.14,0.27,0.2,0.8549786797807235,0.22864354855615798,0.13717012495993897,-0.09454269697403406,2.4184157621286646,0.21100000000000002,True
3867,0.26,0.17,0.13,0.24,0.2,0.8540206887141648,0.22843205219570462,0.13895985684106602,-0.0921716224091631,2.478333854010531,0.21100000000000002,True
3868,0.24,0.17,0.13,0.26,0.2,0.8502665400175278,0.22760254320278683,0.1373590234105413,-0.09198711003420279,2.4742873552409606,0.21100000000000002,True
3869,0.26,0.14,0.17,0.25,0.18,0.8433398623124557,0.22606908857281893,0.131906702117568,-0.09364365803590691,2.4141420072049575,0.21100000000000002,True
3870,0.25,0.14,0.17,0.26,0.18,0.8414754193300613,0.22565567493248606,0.13105458567425565,-0.09355076048543531,2.4121201555343617,0.21100000000000002,True
3871,0.26,0.17,0.14,0.25,0.18,0.8234870707008843,0.22165260467935122,0.13005580847719037,-0.08559744807460479,2.5894767854079466,0.21100000000000002,True
3872,0.25,0.17,0.14,0.26,0.18,0.8216406968092203,0.22124023092742817,0.12918924572640775,-0.08550632060288521,2.5874137650587077,0.21100000000000002,True
3873,0.25,0.15,0.19,0.15,0.26,0.9788487088746312,0.2553986573543998,0.17090397195626872,-0.13125802293157585,1.9457755926092066,0.2112,True
3874,0.25,0.14,0.21,0.15,0.25,0.973163637615406,0.25419555919713765,0.16753267876362188,-0.13185772366359927,1.9278018164916269,0.2112,True
3875,0.25,0.15,0.15,0.19,0.26,0.9642420048503659,0.2523028584684277,0.16810477422510414,-0.12256612761219698,2.0585039552422,0.2112,True
3876,0.25,0.14,0.15,0.21,0.25,0.951132733151349,0.24951133428098382,0.16320844198508427,-0.11876721728852468,2.100843481706224,0.2112,True
3877,0.26,0.15,0.15,0.19,0.25,0.9501714005244186,0.24930613393634893,0.1640225826015481,-0.1185875971563718,2.102295180225376,0.2112,True
3878,0.25,0.15,0.14,0.21,0.25,0.9445214803753739,0.24809877056907115,0.16265877773256693,-0.11628168748971957,2.133601394381256,0.2112,True
3879,0.21,0.14,0.15,0.25,0.25,0.9432265156028168,0.24782171283496535,0.16065627243655062,-0.11837894534086457,2.0934610637168514,0.2112,True
3880,0.21,0.15,0.14,0.25,0.25,0.936639067057367,0.2464104189255678,0.16009568838479657,-0.11589537007744644,2.1261454945172136,0.2112,True
3881,0.25,0.14,0.15,0.25,0.21,0.8851351473959459,0.23526431319331476,0.1440004955373231,-0.10199903680035083,2.3065346553596626,0.2112,True
3882,0.25,0.15,0.14,0.25,0.21,0.8785177183422499,0.23381755719184238,0.1434200272487196,-0.09940099743261932,2.3522657038762578,0.2112,True
3883,0.26,0.15,0.15,0.25,0.19,0.8501616736780118,0.22757935604756496,0.1353137427525167,-0.09307075298153811,2.4452295566224604,0.2112,True
3884,0.25,0.15,0.15,0.26,0.19,0.848290248001361,0.2271654148484512,0.13448269453356423,-0.0929781798044137,2.4432121098338344,0.2112,True
3885,0.18,0.14,0.24,0.17,0.27,1.0014053063566877,0.2601495941865948,0.17532000397649625,-0.14534891530931082,1.7898282462788355,0.2114,True
3886,0.22,0.13,0.23,0.16,0.26,0.9933002029704214,0.25844660247670936,0.17180716482048808,-0.14002151082640124,1.8457635612654661,0.2114,True
3887,0.24,0.14,0.18,0.17,0.27,0.9919629037080766,0.2581651743396416,0.17416683399922062,-0.13321736739450096,1.9379243066343488,0.2114,True
3888,0.23,0.13,0.22,0.16,0.26,0.9916918874166238,0.25810812492647695,0.17163159596145058,-0.13799382555914264,1.8704324188465566,0.2114,True
3889,0.24,0.14,0.17,0.18,0.27,0.9883311555831709,0.2574002544428182,0.1734669393980628,-0.13107038725463582,1.9638322571120217,0.2114,True
3890,0.24,0.14,0.21,0.15,0.26,0.9870950814408521,0.2571396996625894,0.17161475185236535,-0.13571176226910442,1.8947488070540572,0.2114,True
3891,0.25,0.14,0.19,0.16,0.26,0.9818165948768101,0.25602581819965353,0.1707790805757801,-0.1315128449423405,1.9467742357174582,0.2114,True
3892,0.16,0.13,0.23,0.22,0.26,0.9811144108307372,0.2558774922835645,0.16865831957566757,-0.1394120219679561,1.835404785552698,0.2114,True
3893,0.25,0.14,0.16,0.19,0.26,0.9708523063925287,0.2537057649458465,0.1686608523349785,-0.12501451068717162,2.0294105344355082,0.2114,True
3894,0.23,0.13,0.16,0.22,0.26,0.9698118344634217,0.2534851535048348,0.1672621880923898,-0.12508274060808477,2.0265398109485515,0.2114,True
3895,0.24,0.17,0.14,0.18,0.27,0.9685492654841228,0.25321734642166494,0.1718162973554779,-0.12379237361597217,2.0455003731263286,0.2114,True
3896,0.26,0.14,0.19,0.16,0.25,0.9678229616628722,0.25306323616833537,0.16672019016053655,-0.1276198608452057,1.9829455579432422,0.2114,True
3897,0.22,0.13,0.16,0.23,0.26,0.9678125265563273,0.25306102172643485,0.16665439109567054,-0.12498454187849528,2.024738563049262,0.2114,True
3898,0.24,0.18,0.14,0.17,0.27,0.9655965472691039,0.2525905895933471,0.17194300951371472,-0.12352464011313047,2.044859951520694,0.2114,True
3899,0.24,0.14,0.15,0.21,0.26,0.9652000258019253,0.25250637441977397,0.16733050475794503,-0.12273750140171091,2.0572878829701686,0.2114,True
3900,0.17,0.14,0.27,0.18,0.24,0.9629787202425679,0.25203439302546293,0.1629163056830498,-0.140003354911011,1.8002025250442115,0.2114,True
3901,0.21,0.14,0.15,0.24,0.26,0.9592199314662946,0.25123491653220076,0.16549973992716485,-0.12244430865740052,2.0518300873841078,0.2114,True
3902,0.24,0.15,0.14,0.21,0.26,0.9585977289080136,0.2511024783800442,0.16678513123759586,-0.12027936941660922,2.087660415896475,0.2114,True
3903,0.25,0.16,0.14,0.19,0.26,0.957640523495765,0.2508986788281411,0.16756344422537617,-0.12010305585876013,2.0890282685495962,0.2114,True
3904,0.26,0.14,0.16,0.19,0.25,0.9567907321987232,0.25071769323909776,0.16458304780933813,-0.12106322675981807,2.0709648994942627,0.2114,True
3905,0.22,0.13,0.26,0.16,0.23,0.9561693399980586,0.2505853181207982,0.16000745794933524,-0.13467037546768068,1.8607308196072845,0.2114,True
3906,0.21,0.15,0.14,0.24,0.26,0.9526354544439679,0.24983196122929052,0.1649467568154325,-0.11998760227831196,2.082148126018918,0.2114,True
3907,0.23,0.16,0.13,0.22,0.26,0.95002277537122,0.2492744032760832,0.1656184958577431,-0.11770963886972519,2.117705955686152,0.2114,True
3908,0.26,0.13,0.22,0.16,0.23,0.9493323870473611,0.24912698798585753,0.15943202760801373,-0.12636815522009215,1.9714380379452363,0.2114,True
3909,0.22,0.16,0.13,0.23,0.26,0.948041287335706,0.24885121224155493,0.16500308854556536,-0.11761286585382869,2.1158502552844136,0.2114,True
3910,0.27,0.14,0.17,0.18,0.24,0.9462174136861294,0.24846142953734263,0.16125675513421514,-0.11927421930976811,2.083110926863929,0.2114,True
3911,0.16,0.13,0.26,0.22,0.23,0.9442020377098748,0.24803043723864548,0.15661305873010004,-0.13406283236974526,1.8501059007509078,0.2114,True
3912,0.26,0.16,0.14,0.19,0.25,0.943560968851475,0.24789328090119445,0.16347723336553968,-0.11609702198523308,2.135225147572908,0.2114,True
3913,0.23,0.13,0.26,0.16,0.22,0.9417819752670042,0.24751250811722758,0.15591936699065923,-0.13077843905106823,1.8926094386290646,0.2114,True
3914,0.26,0.14,0.15,0.21,0.24,0.9368525302002575,0.24645620137184432,0.15913166168248774,-0.11474690960827894,2.1478243049263144,0.2114,True
3915,0.26,0.13,0.23,0.16,0.22,0.936554758383118,0.24639233592001286,0.15552272721580213,-0.12450260779736133,1.979013454248585,0.2114,True
3916,0.26,0.15,0.14,0.21,0.24,0.9302328859149069,0.24503488658782424,0.1585778197579151,-0.11223348407311795,2.1832600904395765,0.2114,True
3917,0.16,0.13,0.22,0.26,0.23,0.929570501041624,0.24489248606724612,0.15326413171983072,-0.12537542196004736,1.9532734744875637,0.2114,True
3918,0.16,0.13,0.26,0.23,0.22,0.9279385588412512,0.24454150949540754,0.15176294352731845,-0.13007395281883538,1.8800190522079425,0.2114,True
3919,0.21,0.14,0.15,0.26,0.24,0.9270545275594351,0.2443513010045295,0.15579542021748619,-0.11426500271928686,2.138461429041609,0.2114,True
3920,0.26,0.13,0.16,0.22,0.23,0.927050746203921,0.24435048728176123,0.1549317478873138,-0.11310570912703477,2.1603727094564147,0.2114,True
3921,0.27,0.17,0.14,0.18,0.24,0.9263544145737681,0.24420062315488433,0.1595672487952436,-0.11175011970655635,2.1852381348326837,0.2114,True
3922,0.27,0.18,0.14,0.17,0.24,0.9234423383526178,0.24357349597195488,0.15969836318790862,-0.11145909398552889,2.1853173865165174,0.2114,True
3923,0.21,0.15,0.14,0.26,0.24,0.9204646940644083,0.24293159351186766,0.15522686158530555,-0.11175408946268883,2.1738049558622627,0.2114,True
3924,0.22,0.13,0.16,0.26,0.23,0.9192568257124283,0.24267101940708025,0.15215132384290644,-0.11272099316043616,2.152846711186139,0.2114,True
3925,0.16,0.13,0.23,0.26,0.22,0.9169170078900155,0.24216593799953823,0.14918984351930173,-0.1235113262882358,1.9606779821504032,0.2114,True
3926,0.26,0.13,0.16,0.23,0.22,0.9104477081852977,0.24076730907859822,0.15015431816010574,-0.10891624310377745,2.2105730258175593,0.2114,True
3927,0.26,0.16,0.13,0.22,0.23,0.9071862756297004,0.2400610068304132,0.15324847578688391,-0.10548162400456307,2.2758561891313724,0.2114,True
3928,0.23,0.13,0.16,0.26,0.22,0.9046539544407373,0.23951204678710392,0.14797146036698802,-0.10862987157046355,2.2048451620578664,0.2114,True
3929,0.22,0.16,0.13,0.26,0.23,0.8994640342402553,0.23838544626555835,0.15042988071711103,-0.10510310868199824,2.268110327610018,0.2114,True
3930,0.26,0.16,0.13,0.23,0.22,0.8905794560279694,0.23645205528896196,0.14844820509471576,-0.10120700625319923,2.3363210121778257,0.2114,True
3931,0.26,0.14,0.15,0.24,0.21,0.8870429845007592,0.2356807910332479,0.14477728602884105,-0.10209323895257216,2.308485786632104,0.2114,True
3932,0.23,0.16,0.13,0.26,0.22,0.884839561513874,0.2351997621204751,0.14623434649307357,-0.10092541699351221,2.3304314128877412,0.2114,True
3933,0.24,0.14,0.15,0.26,0.21,0.8832272232951659,0.234847535220567,0.14324584178241376,-0.10190489514509582,2.30457560342104,0.2114,True
3934,0.26,0.15,0.14,0.24,0.21,0.8804195586322967,0.2342337004308126,0.1442005840149611,-0.0994946531058617,2.3542340529755843,0.2114,True
3935,0.24,0.15,0.14,0.26,0.21,0.8766157883454488,0.23340111330402746,0.14266166501661484,-0.09930740209098654,2.3502891868038476,0.2114,True
3936,0.17,0.14,0.27,0.24,0.18,0.8639783231141944,0.2306268596860923,0.13393523338656482,-0.11569804100258185,1.993351466348041,0.2114,True
3937,0.26,0.14,0.16,0.25,0.19,0.8567871800909848,0.22904261401593384,0.1359234797973256,-0.0957172592569363,2.392908194342557,0.2114,True
3938,0.25,0.14,0.16,0.26,0.19,0.8549097381974187,0.22862833070658795,0.13509688477322465,-0.09562411480375033,2.3909066366345204,0.2114,True
3939,0.17,0.14,0.24,0.27,0.18,0.8527699143728837,0.22815580816862213,0.1311304786572577,-0.10890625654363373,2.0949742963317317,0.2114,True
3940,0.27,0.14,0.17,0.24,0.18,0.8452041735726747,0.22648219433293937,0.13278157797764253,-0.09373661622363194,2.4161550038526025,0.2114,True
3941,0.26,0.16,0.14,0.25,0.19,0.8435455290863858,0.2261146751706571,0.13472224042555017,-0.09040767541541217,2.5010561783796335,0.2114,True
3942,0.25,0.16,0.14,0.26,0.19,0.8416801167828845,0.2257010773073509,0.13388681196320268,-0.0903156825039233,2.4990242120746466,0.2114,True
3943,0.24,0.14,0.17,0.27,0.18,0.8396108456082378,0.22524195310047368,0.13022581704550987,-0.09345792351290594,2.4100894245672944,0.2114,True
3944,0.27,0.17,0.14,0.24,0.18,0.8253333047380158,0.2220646689232253,0.1309452942611878,-0.08568863559141493,2.591529989835359,0.2114,True
3945,0.24,0.17,0.14,0.27,0.18,0.8197941840457963,0.22082754735356103,0.12834621305840127,-0.08541525311696685,2.5853408998409435,0.2114,True
3946,0.2,0.13,0.23,0.17,0.27,1.0048997384804719,0.26088240306325483,0.1754436124914816,-0.14368069378105053,1.8157095166926427,0.2116,True
3947,0.23,0.13,0.2,0.17,0.27,1.0001738428322113,0.25989114368142974,0.17487635362983164,-0.13763465545199827,1.8882682041665726,0.2116,True
3948,0.17,0.13,0.23,0.2,0.27,0.998757523721314,0.259593765834373,0.17394068011929953,-0.14337427087305843,1.8106021690894154,0.2116,True
3949,0.24,0.15,0.19,0.15,0.27,0.9926113972904556,0.2583016623925354,0.17500354301196058,-0.1351103404879792,1.9117830764072163,0.2116,True
3950,0.23,0.13,0.17,0.2,0.27,0.9892862207439339,0.2576015007728176,0.17273538722887236,-0.13122486806287947,1.9630539895028267,0.2116,True
3951,0.2,0.13,0.17,0.23,0.27,0.9832248041727039,0.2563231758628268,0.17102551296710253,-0.13092693679591227,1.9577573732010631,0.2116,True
3952,0.21,0.13,0.25,0.16,0.25,0.9826963858497471,0.25621161148574334,0.16807061858273004,-0.14028576727323305,1.8263549928534288,0.2116,True
3953,0.24,0.15,0.15,0.19,0.27,0.9780965832796424,0.2552396218306563,0.172228680763491,-0.12649537263451216,2.017778330659808,0.2116,True
3954,0.25,0.13,0.21,0.16,0.25,0.9761276036131921,0.2548230938142684,0.1674086623176898,-0.13211202189837568,1.9288410710289905,0.2116,True
3955,0.16,0.13,0.25,0.21,0.25,0.972579188590557,0.25407174474136207,0.16544163796190092,-0.13977599987418965,1.8177065087715227,0.2116,True
3956,0.23,0.17,0.13,0.2,0.27,0.96292460616567,0.2520228904634443,0.17054826055031863,-0.12151110079264138,2.0740729762091545,0.2116,True
3957,0.16,0.13,0.21,0.25,0.25,0.9580798757803426,0.25099223000528137,0.16224325978565493,-0.13121171719475,1.912879698333252,0.2116,True
3958,0.25,0.13,0.16,0.21,0.25,0.9577528858563165,0.25092260545091216,0.16377324513008704,-0.12123785860863279,2.069672034219228,0.2116,True
3959,0.2,0.13,0.27,0.17,0.23,0.9558515310241693,0.25051760447023974,0.15964966341409922,-0.13662525849872986,1.8336112020792164,0.2116,True
3960,0.17,0.13,0.27,0.2,0.23,0.9498541504874873,0.24923840082974302,0.15799045092398756,-0.13632002782556596,1.8283329662217098,0.2116,True
3961,0.21,0.13,0.16,0.25,0.25,0.9498228527021801,0.24923171833231983,0.16123216759064238,-0.12084766241356193,2.0623627578281583,0.2116,True
3962,0.27,0.13,0.2,0.17,0.23,0.943879877398411,0.24796151498299523,0.1586151878609618,-0.12207274251380407,2.031260295106056,0.2116,True
3963,0.25,0.16,0.13,0.21,0.25,0.9379191311140209,0.246684909909467,0.16212446099567904,-0.11378113422496738,2.168065133027441,0.2116,True
3964,0.27,0.15,0.15,0.19,0.24,0.9358879207486024,0.24624929028108333,0.15998736620051932,-0.11455884811670491,2.1495440494497724,0.2116,True
3965,0.27,0.13,0.17,0.2,0.23,0.9327222506971096,0.2455697629372786,0.1563921203738672,-0.11542987347207423,2.1274368198687226,0.2116,True
3966,0.25,0.13,0.25,0.16,0.21,0.9254179790110477,0.2439990270275758,0.1517476783566005,-0.12473282542435493,1.9561733344647971,0.2116,True
3967,0.17,0.13,0.2,0.27,0.23,0.9242101335475819,0.24373890513412633,0.15218901964338358,-0.12109016305954634,2.0128712273206473,0.2116,True
3968,0.2,0.13,0.17,0.27,0.23,0.9190504677057629,0.24262649074581688,0.15161910316656807,-0.11475293961429134,2.1143379120511887,0.2116,True
3969,0.23,0.13,0.27,0.17,0.2,0.912238659692564,0.24115481916296733,0.14734680700580355,-0.1248641759805631,1.9313371290778112,0.2116,True
3970,0.16,0.13,0.25,0.25,0.21,0.9078146619880316,0.24019715401363206,0.1460153871098283,-0.12383740522955189,1.9396171420774626,0.2116,True
3971,0.27,0.17,0.13,0.2,0.23,0.9062215067896684,0.23985192026395552,0.1541355270782555,-0.10527422132590092,2.27835378161039,0.2116,True
3972,0.27,0.13,0.23,0.17,0.2,0.9050028453061514,0.2395877087179219,0.1469031555507315,-0.11634852990222766,2.0592242026543617,0.2116,True
3973,0.17,0.13,0.27,0.23,0.2,0.9005504685395946,0.23862145338883645,0.14350240344568999,-0.12426503661630006,1.9202622063810348,0.2116,True
3974,0.27,0.2,0.13,0.17,0.23,0.8975515772546458,0.237969782717961,0.1545350063363707,-0.10436213657484716,2.2802310352020454,0.2116,True
3975,0.25,0.13,0.16,0.25,0.21,0.8917617842586523,0.23670969307307188,0.14459804798048462,-0.10458113571041838,2.2634071763048453,0.2116,True
3976,0.17,0.13,0.23,0.27,0.2,0.8857096363858807,0.235389752795494,0.13993108983185715,-0.115370902013328,2.040287010742978,0.2116,True
3977,0.27,0.13,0.17,0.23,0.2,0.8824068280577688,0.2346682367855928,0.14214428834148146,-0.10276608624699246,2.2835182826908578,0.2116,True
3978,0.23,0.13,0.17,0.27,0.2,0.8748024735165081,0.23300381034084694,0.13900850878157,-0.10238810299170753,2.275692229200868,0.2116,True
3979,0.25,0.16,0.13,0.25,0.21,0.871909500683163,0.23236942013373518,0.14285691921498456,-0.09678686953875626,2.400836200624174,0.2116,True
3980,0.27,0.17,0.13,0.23,0.2,0.8558975989937077,0.22884635057623504,0.1397937755785254,-0.09226396879624177,2.4803436657014557,0.2116,True
3981,0.27,0.15,0.15,0.24,0.19,0.8520329785174205,0.2279929914754557,0.13616726929492745,-0.09316338649449818,2.447238127060999,0.2116,True
3982,0.23,0.17,0.13,0.27,0.2,0.848389303565924,0.22718733198048335,0.13659317049667166,-0.09189494392889064,2.472250618666066,0.2116,True
3983,0.24,0.15,0.15,0.27,0.19,0.8464187024702063,0.22675116757048341,0.13367468305345043,-0.09288566690419697,2.441185762323873,0.2116,True
3984,0.21,0.13,0.24,0.16,0.26,0.9948973973403754,0.2587825593636055,0.1720187214308704,-0.14204194431139439,1.8218742401630612,0.2118,True
3985,0.24,0.13,0.21,0.16,0.26,0.9900724365277012,0.25776711970830823,0.1714919760643655,-0.1359588493970525,1.8959201320947372,0.2118,True
3986,0.16,0.13,0.24,0.21,0.26,0.9847200702689578,0.25663876239101246,0.16945350787761823,-0.14153169445579583,1.8132953426284857,0.2118,True
3987,0.24,0.13,0.16,0.21,0.26,0.9718111428110658,0.2539089984523957,0.16789064628266737,-0.1251810003556474,2.028334952836482,0.2118,True
3988,0.21,0.13,0.26,0.16,0.24,0.9703466458507579,0.25359855935634923,0.16414561365809405,-0.13851422948501635,1.830848428347082,0.2118,True
3989,0.21,0.13,0.16,0.24,0.26,0.9658132200725387,0.25263660284003064,0.16606761036713827,-0.12488640411006158,2.022931196076265,0.2118,True
3990,0.26,0.13,0.21,0.16,0.24,0.9619674517891939,0.2518194014712063,0.1633709022661496,-0.12821723675448748,1.9640058376347191,0.2118,True
3991,0.16,0.13,0.26,0.21,0.24,0.9602900139647179,0.2514626220406653,0.16145037026872316,-0.138004972482355,1.82212725757267,0.2118,True
3992,0.24,0.16,0.13,0.21,0.26,0.9520042557149377,0.24969730605414608,0.16625472306244568,-0.11780647255947696,2.1195550688276605,0.2118,True
3993,0.21,0.16,0.13,0.24,0.26,0.9460597925911638,0.2484277326712454,0.1644088635211431,-0.11751615345477895,2.1139879528718764,0.2118,True
3994,0.26,0.13,0.16,0.21,0.24,0.9434811542283856,0.24787620249413078,0.15970103303043431,-0.11724518500707914,2.11416957105031,0.2118,True
3995,0.16,0.13,0.21,0.26,0.24,0.9420823013926802,0.24757680572811136,0.15736119833876472,-0.12722311576649437,1.9460048925583182,0.2118,True
3996,0.21,0.13,0.16,0.26,0.24,0.9336533265783671,0.24576970014529276,0.15637974182956174,-0.11676080475186201,2.1048989912976204,0.2118,True
3997,0.24,0.13,0.26,0.16,0.21,0.9271877021043984,0.24437995860933737,0.15188784877217337,-0.12683751236983443,1.9267167421004852,0.2118,True
3998,0.26,0.13,0.24,0.16,0.21,0.9236370201380399,0.24361544120614242,0.1516479474539332,-0.1226203735619752,1.9867452212826078,0.2118,True
3999,0.26,0.16,0.13,0.21,0.24,0.9236222249579302,0.24361225360466254,0.15803972795674973,-0.10970477017141977,2.2206167810570583,0.2118,True
4000,0.21,0.16,0.13,0.26,0.24,0.9138838296789229,0.24151057316392555,0.15467429786415413,-0.10922792732542663,2.2110698159124134,0.2118,True
4001,0.16,0.13,0.26,0.24,0.21,0.9115031582083288,0.24099570721852204,0.14690163198899267,-0.12603749763298255,1.9120953029414656,0.2118,True
4002,0.16,0.13,0.24,0.26,0.21,0.9041242762793962,0.23939716090195495,0.14514302053612071,-0.12163060937985071,1.9682312053072177,0.2118,True
4003,0.26,0.13,0.16,0.24,0.21,0.8936756210219956,0.23712650435613658,0.145371010771743,-0.10467587588150151,2.2653405319920705,0.2118,True
4004,0.24,0.13,0.16,0.26,0.21,0.8898478632101074,0.23629258217141724,0.1438471627033196,-0.10448645619522867,2.261466134231926,0.2118,True
4005,0.26,0.16,0.13,0.24,0.21,0.8738053470022094,0.2327852276063176,0.14364117736920973,-0.09687997014642347,2.402821008867862,0.2118,True
4006,0.24,0.16,0.13,0.26,0.21,0.8700135619465823,0.23195331149446918,0.14209491193426493,-0.09669382909077084,2.398842963150463,0.2118,True
4007,0.24,0.14,0.19,0.16,0.27,0.995592531279611,0.25892871914128146,0.17487983621813677,-0.13535796080319962,1.9129182916529344,0.21180000000000002,True
4008,0.24,0.14,0.16,0.19,0.27,0.9846972903170055,0.2566339557097288,0.17278030133579284,-0.12891699175746796,1.990691469069766,0.21180000000000002,True
4009,0.24,0.16,0.14,0.19,0.27,0.9715046166160703,0.25384403479378914,0.17169145862816684,-0.12405931565338046,2.0461505325648006,0.21180000000000002,True
4010,0.27,0.14,0.16,0.19,0.24,0.9425157181823507,0.24766958538342987,0.16055210152715688,-0.11706221875185796,2.1157089624999013,0.21180000000000002,True
4011,0.27,0.16,0.14,0.19,0.24,0.9292691031299829,0.2448276802905578,0.15943813394914946,-0.11204026876796891,2.185175767451848,0.21180000000000002,True
4012,0.16,0.14,0.27,0.24,0.19,0.8789645141048905,0.23391534617586185,0.13820232841854074,-0.11977221900498158,1.9530016903680545,0.21180000000000002,True
4013,0.27,0.14,0.16,0.24,0.19,0.8586645038580707,0.22945659208643043,0.13677249756134294,-0.09581046422935369,2.394901161705584,0.21180000000000002,True
4014,0.24,0.14,0.16,0.27,0.19,0.8530321791601214,0.22821374185155996,0.13429326538244638,-0.09553103081087155,2.388896465519861,0.21180000000000002,True
4015,0.27,0.16,0.14,0.24,0.19,0.8454108178418622,0.22652796672846875,0.13558020117359673,-0.09049972847231702,2.503078965565752,0.21180000000000002,True
4016,0.24,0.16,0.14,0.27,0.19,0.8398145819140772,0.22528717283011668,0.13307447964213007,-0.09022374967892532,2.496983040849385,0.21180000000000002,True
4017,0.21,0.14,0.23,0.15,0.27,1.003951359164958,0.26068360499182575,0.17610651050378048,-0.14354962899255386,1.815982436327633,0.212,True
4018,0.23,0.14,0.21,0.15,0.27,1.0008082514354282,0.26002430193736004,0.17573753083551868,-0.1395185665687615,1.8637254405076438,0.212,True
4019,0.23,0.14,0.15,0.21,0.27,0.9790512577051993,0.2554414790302584,0.17149267774393517,-0.1266586898191533,2.0167702618350516,0.212,True
4020,0.21,0.14,0.15,0.23,0.27,0.9750311943004,0.2545910338343289,0.1703251118966358,-0.1264619480880892,2.013182919315692,0.212,True
4021,0.23,0.15,0.14,0.21,0.27,0.9724584810660195,0.2540461700259409,0.1709516618842693,-0.12422746974947174,2.0450080045763883,0.212,True
4022,0.21,0.15,0.14,0.23,0.27,0.9684502753747417,0.25319634450820105,0.1697793738384099,-0.12403165231334978,2.041384918976436,0.212,True
4023,0.27,0.14,0.15,0.21,0.23,0.9223625673954454,0.24334080212864118,0.1551060297665099,-0.11067562696001154,2.1986846500229285,0.212,True
4024,0.27,0.15,0.14,0.21,0.23,0.9157350959733832,0.24191065001395828,0.15454817789596806,-0.10813379536382361,2.2371419517832813,0.212,True
4025,0.21,0.14,0.15,0.27,0.23,0.9107075481856128,0.240823545953061,0.15091813508549942,-0.11010160480682474,2.1872846120235057,0.212,True
4026,0.21,0.15,0.14,0.27,0.23,0.9041159163145718,0.2393953474754329,0.15034120975110699,-0.10756287329553849,2.2256317643883783,0.212,True
4027,0.27,0.14,0.15,0.23,0.21,0.8889507336268418,0.23609696903803412,0.1455757277833026,-0.10218750166009294,2.310429017272242,0.212,True
4028,0.27,0.15,0.14,0.23,0.21,0.8823213082328325,0.2346495433193776,0.14500284556429363,-0.09958836916906655,2.3561942551847994,0.212,True
4029,0.23,0.14,0.15,0.27,0.21,0.8813192131811614,0.234430456816499,0.1425138123048892,-0.10181081392854907,2.3026086107220647,0.212,True
4030,0.23,0.15,0.14,0.27,0.21,0.8747137696246583,0.2329843684680939,0.14192598923012276,-0.09921386702268409,2.3483044806108078,0.212,True
4031,0.19,0.13,0.25,0.17,0.26,0.9944434776095579,0.2586870992754218,0.1717327779028341,-0.14395255583893074,1.7970302629768387,0.21200000000000002,True
4032,0.17,0.13,0.25,0.19,0.26,0.9903635573918363,0.25782843420625556,0.17073000008000846,-0.14374752614414588,1.7936199747028179,0.21200000000000002,True
4033,0.25,0.13,0.19,0.17,0.26,0.9847871207167096,0.25665291014997527,0.17065605898101932,-0.13176691795294515,1.9477795651381005,0.21200000000000002,True
4034,0.19,0.13,0.26,0.17,0.25,0.9822827564156353,0.25612426852662695,0.16778160889061558,-0.1422083680155718,1.8010492075865843,0.21200000000000002,True
4035,0.17,0.13,0.26,0.19,0.25,0.9782268376218977,0.2552671667492903,0.16675402368650244,-0.14200351967228164,1.7976115475053054,0.21200000000000002,True
4036,0.25,0.13,0.17,0.19,0.26,0.97747142453666,0.2551074025199678,0.1692314824523752,-0.1274483360883013,2.001653456999385,0.21200000000000002,True
4037,0.26,0.13,0.19,0.17,0.25,0.9707800371297655,0.2536904441915795,0.16659591017839193,-0.12788126990552584,1.98379672315576,0.21200000000000002,True
4038,0.17,0.13,0.19,0.25,0.26,0.9686838562736186,0.25324590030771876,0.16608186294906988,-0.13096955032435564,1.9336242636592766,0.21200000000000002,True
4039,0.19,0.13,0.17,0.25,0.26,0.9654483456017193,0.2525591151222535,0.1656577148834457,-0.12685617635406854,1.990909093912268,0.21200000000000002,True
4040,0.26,0.13,0.17,0.19,0.25,0.9634189602887424,0.252127963194851,0.1651584218512715,-0.12352404492229718,2.0411245709566272,0.21200000000000002,True
4041,0.17,0.13,0.19,0.26,0.25,0.9528142243137154,0.24987009337073274,0.1612120818053106,-0.12698980641136415,1.9676389816779198,0.21200000000000002,True
4042,0.25,0.17,0.13,0.19,0.26,0.9510478659143449,0.2494932217385355,0.16703705785459572,-0.11762516284563229,2.1210871526355537,0.21200000000000002,True
4043,0.19,0.13,0.17,0.26,0.25,0.9495094144601093,0.24916479111397027,0.1607989203482069,-0.12283766855077594,2.0284070355094377,0.21200000000000002,True
4044,0.25,0.19,0.13,0.17,0.26,0.9451800137505779,0.24823961661068128,0.16729412331168925,-0.11706625697659112,2.120505284971398,0.21200000000000002,True
4045,0.26,0.17,0.13,0.19,0.25,0.9369594407654802,0.24647912972022712,0.1629472066216673,-0.11359136549530646,2.1698755767700626,0.21200000000000002,True
4046,0.26,0.19,0.13,0.17,0.25,0.9311187261639746,0.24522527497601265,0.1632072618361096,-0.11301677489712658,2.169813067124139,0.21200000000000002,True
4047,0.25,0.13,0.26,0.17,0.19,0.8954654039725485,0.23751604409827598,0.14323265436980634,-0.11870600500462836,2.000876401231894,0.21200000000000002,True
4048,0.17,0.13,0.26,0.25,0.19,0.8800572984001456,0.23415445561389392,0.13772987281130106,-0.11791678461889654,1.9857601813912582,0.21200000000000002,True
4049,0.17,0.13,0.25,0.26,0.19,0.8763322478805993,0.23333900558719356,0.13681317890483216,-0.1156768779976508,2.0171620260354213,0.21200000000000002,True
4050,0.26,0.13,0.17,0.25,0.19,0.8634220447396834,0.23050445428179467,0.13655113351201983,-0.09834734843685766,2.3437790438222783,0.21200000000000002,True
4051,0.25,0.13,0.17,0.26,0.19,0.8615385837854252,0.23008983007968298,0.13572906006306873,-0.0982536415636579,2.3417944253049314,0.21200000000000002,True
4052,0.26,0.17,0.13,0.25,0.19,0.8369387499017178,0.2246485661437294,0.13414929018312005,-0.08772787042623775,2.560743410870957,0.21200000000000002,True
4053,0.25,0.17,0.13,0.26,0.19,0.8350793481275773,0.22423531284997833,0.13330955905975964,-0.08763646690579552,2.558698687511207,0.21200000000000002,True
4054,0.25,0.14,0.2,0.15,0.26,0.98546718815158,0.256796387536222,0.17151180515550296,-0.13366600873261258,1.9211794379969946,0.21220000000000003,True
4055,0.26,0.14,0.2,0.15,0.25,0.9714962757591197,0.25384226697935475,0.16745977462563227,-0.12979226055858473,1.9557581159839434,0.21220000000000003,True
4056,0.25,0.14,0.15,0.2,0.26,0.9671933853848524,0.2529296192912507,0.16798195105718233,-0.12283535417161084,2.059094639299755,0.21220000000000003,True
4057,0.25,0.15,0.14,0.2,0.26,0.9605851431121797,0.2515254087226444,0.16743921827252561,-0.12037674675520849,2.0894850168540655,0.21220000000000003,True
4058,0.26,0.14,0.15,0.2,0.25,0.9531092380259203,0.2499330155779369,0.16389842917917147,-0.1188644375085347,2.1026727658555675,0.21220000000000003,True
4059,0.26,0.15,0.14,0.2,0.25,0.9464920274153659,0.24852013320884758,0.1633516271415083,-0.11637841876607613,2.135448615334601,0.21220000000000003,True
4060,0.26,0.14,0.15,0.25,0.2,0.8701052646916321,0.23197344430469902,0.1399820919975147,-0.0977719098276606,2.372598067416205,0.21220000000000003,True
4061,0.25,0.14,0.15,0.26,0.2,0.8682149109990656,0.23155829487980406,0.13917981337892657,-0.0976785268518261,2.3706161665507866,0.21220000000000003,True
4062,0.26,0.15,0.14,0.25,0.2,0.863481751442559,0.2305175935168451,0.1393971845018097,-0.09514391754018947,2.422830586300725,0.21220000000000003,True
4063,0.25,0.15,0.14,0.26,0.2,0.8615974043098173,0.2301027830321989,0.13859084552153497,-0.0950510964801139,2.420832494871217,0.21220000000000003,True
4064,0.21,0.13,0.23,0.16,0.27,1.006947225981055,0.26131138109881435,0.17598641707635326,-0.14378295952337394,1.817401602839692,0.2124,True
4065,0.19,0.13,0.24,0.17,0.27,1.0064528518851503,0.2612078293574387,0.17570351616265872,-0.14568171668838958,1.7930035099473551,0.2124,True
4066,0.23,0.13,0.21,0.16,0.27,1.0037988000859057,0.260651619894229,0.1756158856111054,-0.13975859960555725,1.8650131056684163,0.2124,True
4067,0.17,0.13,0.24,0.19,0.27,1.0023491044678043,0.2603475998305633,0.1747246318403071,-0.14547651635719672,1.7896194268999206,0.2124,True
4068,0.24,0.13,0.19,0.17,0.27,0.9985763119671076,0.2595557075196997,0.17475796123202184,-0.13560485775444298,1.9140590670410225,0.2124,True
4069,0.16,0.13,0.23,0.21,0.27,0.9967102046583105,0.25916365146708364,0.17348257766562583,-0.14327225448648606,1.8088893233094818,0.2124,True
4070,0.24,0.13,0.17,0.19,0.27,0.9913067341425665,0.2580270405694889,0.17334613456268735,-0.13132430099699555,1.9648080257087532,0.2124,True
4071,0.23,0.13,0.16,0.21,0.27,0.985652774645827,0.2568355359991574,0.1720481092586673,-0.12907552628106056,1.9898081642518415,0.2124,True
4072,0.21,0.13,0.16,0.23,0.27,0.9816208478399746,0.25598447307803496,0.17088533927348598,-0.1288778745969994,1.9862561659904572,0.2124,True
4073,0.19,0.13,0.17,0.24,0.27,0.9812043764663612,0.2558964981410552,0.17049745452027976,-0.1308277486967575,1.95598029233226,0.2124,True
4074,0.19,0.13,0.27,0.17,0.24,0.9699731426449558,0.2535193607942552,0.16385351199760623,-0.14044895647946587,1.805064039983242,0.2124,True
4075,0.17,0.13,0.27,0.19,0.24,0.9659413994995716,0.25266382179222413,0.16280016774077466,-0.1402443004643693,1.801597790110667,0.2124,True
4076,0.23,0.16,0.13,0.21,0.27,0.9658744483139159,0.2526496048289999,0.17042524848611357,-0.12178173728445374,2.074609957639784,0.2124,True
4077,0.24,0.17,0.13,0.19,0.27,0.9649213939119141,0.2524471904348118,0.17116882015811424,-0.12160869130876795,2.0758976000641365,0.2124,True
4078,0.21,0.16,0.13,0.23,0.27,0.9618780946486034,0.25180040095467415,0.1692483149161628,-0.12158685869374763,2.070950789089039,0.2124,True
4079,0.21,0.13,0.27,0.16,0.23,0.9578506316849524,0.25094341886106575,0.16024765357109658,-0.13672712852773705,1.835359387439767,0.2124,True
4080,0.27,0.13,0.19,0.17,0.24,0.9565582116530673,0.2506681626926315,0.16258261135008875,-0.1239470184788869,2.0223815447027493,0.2124,True
4081,0.27,0.13,0.17,0.19,0.24,0.9491524918455989,0.24908857011386254,0.16113212099957624,-0.11955051801793504,2.083542373915052,0.2124,True
4082,0.16,0.13,0.27,0.21,0.23,0.9478550007329809,0.24881141181915534,0.1574835546822346,-0.13621841054292394,1.8265622893959117,0.2124,True
4083,0.27,0.13,0.21,0.16,0.23,0.9475951315024924,0.24875588611412458,0.15938429796096637,-0.12427359152223871,2.001679383906836,0.2124,True
4084,0.17,0.13,0.19,0.27,0.24,0.9367646984023901,0.24643736407957784,0.15632317073456328,-0.1229629231799898,2.0041599346076824,0.2124,True
4085,0.19,0.13,0.17,0.27,0.24,0.9333911638909946,0.2457134103939591,0.1559216543613517,-0.11877138832673584,2.068792946311365,0.2124,True
4086,0.27,0.13,0.16,0.21,0.23,0.9289990983740437,0.24476961885418125,0.15567982238368896,-0.11320204035906722,2.1622368119672832,0.2124,True
4087,0.23,0.13,0.27,0.16,0.21,0.9289462035693539,0.24475824379634026,0.1520684924640109,-0.12893447713310624,1.8983149366919345,0.2124,True
4088,0.16,0.13,0.21,0.27,0.23,0.9259077127912181,0.24410446521411333,0.15246120135756625,-0.12318714726075564,1.9815741385536487,0.2124,True
4089,0.27,0.17,0.13,0.19,0.24,0.9226592689120752,0.24340475086643987,0.15890462304697495,-0.10950634168724427,2.2227457069255068,0.2124,True
4090,0.27,0.13,0.23,0.16,0.21,0.9218448113340709,0.24322919324978165,0.1515885935804075,-0.12050011373208958,2.018497623915594,0.2124,True
4091,0.21,0.13,0.16,0.27,0.23,0.9173082225505711,0.24225041559656502,0.15151130599515308,-0.11262496612054229,2.1509477333585596,0.2124,True
4092,0.27,0.19,0.13,0.17,0.24,0.9168460829236682,0.24215062146653032,0.15916794501619672,-0.10891571132176237,2.223284579679795,0.2124,True
4093,0.16,0.13,0.27,0.23,0.21,0.9151897615281948,0.24179282467046326,0.1478015169703385,-0.1282309170877809,1.8856047368431685,0.2124,True
4094,0.27,0.16,0.13,0.21,0.23,0.9091166876934698,0.24047915783573903,0.1540065003878289,-0.10557640399723256,2.2777737139261025,0.2124,True
4095,0.16,0.13,0.23,0.27,0.21,0.9004320044945597,0.238595723705326,0.1442847726533844,-0.11941707940010338,1.9980033417658636,0.2124,True
4096,0.21,0.16,0.13,0.27,0.23,0.897533330523054,0.23796581553160823,0.14978077908556298,-0.10500863072417677,2.266154828327077,0.2124,True
4097,0.24,0.13,0.27,0.17,0.19,0.8972955252482528,0.23791410981771133,0.14337271822551215,-0.12084407831591648,1.9687692862843031,0.2124,True
4098,0.27,0.13,0.16,0.23,0.21,0.8955893725173958,0.2375430163175165,0.14616556994341215,-0.10477067676678331,2.2672662203593554,0.2124,True
4099,0.23,0.13,0.16,0.27,0.21,0.8879338588591281,0.23587517135344394,0.14311883804821235,-0.1043918372776973,2.25951738665143,0.2124,True
4100,0.17,0.13,0.27,0.24,0.19,0.883780532417971,0.23496843223713637,0.1386607464792235,-0.12014981346705411,1.955628772587036,0.2124,True
4101,0.27,0.16,0.13,0.23,0.21,0.875701099920968,0.2332007342114295,0.14444719243700138,-0.09697313097213933,2.4047974101035137,0.2124,True
4102,0.17,0.13,0.24,0.27,0.19,0.872605384271451,0.23252207776335876,0.1359109406465847,-0.11343006177879456,2.049915816997537,0.2124,True
4103,0.23,0.16,0.13,0.27,0.21,0.8681175317752192,0.23153690138846783,0.1413556517410213,-0.09660084874417385,2.396841274155287,0.2124,True
4104,0.27,0.13,0.17,0.24,0.19,0.865305390278232,0.23091877377555048,0.13739557252034904,-0.09844111600580674,2.345755342330021,0.2124,True
4105,0.24,0.13,0.17,0.27,0.19,0.8596550083982271,0.22967490086318,0.13492989947134504,-0.09815999532729636,2.339801464918285,0.2124,True
4106,0.27,0.17,0.13,0.24,0.19,0.8387980254170391,0.22506151259580753,0.1350116059110437,-0.08781933389449359,2.562778634442811,0.2124,True
4107,0.24,0.17,0.13,0.27,0.19,0.8332198210773742,0.22382175240532898,0.13249298174661964,-0.08754512327425168,2.556644436996964,0.2124,True
4108,0.24,0.14,0.2,0.15,0.27,0.9992200348856504,0.2596908925677561,0.17560579689488115,-0.13749219593680828,1.8887682373413444,0.2126,True
4109,0.2,0.13,0.25,0.16,0.26,0.996483484677781,0.25911600254866296,0.17226628546267767,-0.14405516484742342,1.7987276112113486,0.2126,True
4110,0.25,0.13,0.2,0.16,0.26,0.9884418361523759,0.25742357977415375,0.17138824715000697,-0.13391654294578648,1.9222687064014692,0.2126,True
4111,0.16,0.13,0.25,0.2,0.26,0.9883236462078309,0.25739867185122023,0.17026137868345045,-0.14364510534267705,1.7919070144240197,0.2126,True
4112,0.2,0.13,0.26,0.16,0.25,0.9843107423783117,0.2565523865954691,0.16832809655973752,-0.1423108866739391,1.8027600880829213,0.2126,True
4113,0.22,0.14,0.25,0.14,0.25,0.9817435920466451,0.25601039907189826,0.1687832438387939,-0.14014749430542228,1.8267212006942979,0.2126,True
4114,0.24,0.14,0.15,0.2,0.27,0.9810613113217022,0.2558662743780784,0.172107068376084,-0.12675715210553196,2.018554930652405,0.2126,True
4115,0.25,0.14,0.22,0.14,0.25,0.9768282845615552,0.2549713511424916,0.1683005420943522,-0.13401658689217544,1.90253577602026,0.2126,True
4116,0.16,0.13,0.26,0.2,0.25,0.9761989067563337,0.25483818247311474,0.16627360401787375,-0.14190118987128375,1.7958847470149777,0.2126,True
4117,0.24,0.15,0.14,0.2,0.27,0.9744626017595923,0.25447065483348075,0.17156849012037081,-0.12432546972973157,2.0468103228298187,0.2126,True
4118,0.26,0.13,0.2,0.16,0.25,0.9744574982670529,0.2544695742480114,0.16733496582241006,-0.13005006944210562,1.95670463952573,0.2126,True
4119,0.25,0.13,0.16,0.2,0.26,0.973810450616514,0.254332556845535,0.1685394100357801,-0.12527932117807472,2.0301240017418456,0.2126,True
4120,0.16,0.13,0.2,0.25,0.26,0.9702849656411794,0.2535854812191558,0.1663505333957744,-0.1330151553789255,1.9064405142162701,0.2126,True
4121,0.26,0.15,0.15,0.18,0.26,0.9662339632351788,0.2527259433853797,0.1687775451723909,-0.12266410257249583,2.060308909332426,0.2126,True
4122,0.2,0.13,0.16,0.25,0.26,0.9638139159948009,0.2522118965677038,0.16550219999666252,-0.12478832724603506,2.0211176969336084,0.2126,True
4123,0.26,0.13,0.16,0.2,0.25,0.9597353514092424,0.2513446043684646,0.16446032437742844,-0.12133556018660463,2.0714834462536476,0.2126,True
4124,0.16,0.13,0.2,0.26,0.25,0.9544499546015799,0.250218891445513,0.16147693913507213,-0.1290546232352815,1.938860345896598,0.2126,True
4125,0.25,0.16,0.13,0.2,0.26,0.9539857273841252,0.2501199208543088,0.16691140724444226,-0.11790336698016046,2.1213976094202325,0.2126,True
4126,0.2,0.13,0.16,0.26,0.25,0.9478403065917829,0.24880827228504865,0.16065058681578717,-0.12075026560833879,2.0605194616471834,0.2126,True
4127,0.25,0.14,0.14,0.22,0.25,0.9474537771225817,0.24872568115052496,0.16253647180993072,-0.11656230065461426,2.133843273113869,0.2126,True
4128,0.22,0.14,0.14,0.25,0.25,0.9415378478637975,0.2474602373531365,0.16058631459835496,-0.11627263937764154,2.128275737763303,0.2126,True
4129,0.26,0.16,0.13,0.2,0.25,0.9398837231631951,0.2471059528488999,0.16282012484805203,-0.11387736886058619,2.1699302971376,0.2126,True
4130,0.27,0.14,0.15,0.2,0.24,0.9388120196916956,0.2468763052209555,0.15986175406334677,-0.11484347351666446,2.149676404424778,0.2126,True
4131,0.27,0.15,0.14,0.2,0.24,0.932186405115929,0.2454546675074083,0.15931101543983234,-0.1123295451249664,2.1851300762799357,0.2126,True
4132,0.25,0.13,0.26,0.16,0.2,0.9123896709570127,0.24118748256716316,0.14792027147881978,-0.12284666455812598,1.9633213765689435,0.2126,True
4133,0.26,0.13,0.25,0.16,0.2,0.9105816266536975,0.24079629353656684,0.1478132645365683,-0.12072122761964743,1.9946474889671941,0.2126,True
4134,0.25,0.14,0.14,0.25,0.22,0.8981602708751912,0.2381021097094116,0.14812082049316996,-0.10400289278264951,2.2893796829960236,0.2126,True
4135,0.16,0.13,0.26,0.25,0.2,0.8948994166605704,0.23739288554494653,0.14203113121636932,-0.12195261054913398,1.9465994575762062,0.2126,True
4136,0.16,0.13,0.25,0.26,0.2,0.891194760551336,0.2365861479503335,0.1411290135432346,-0.1197330479341071,1.9759469255349982,0.2126,True
4137,0.26,0.13,0.16,0.25,0.2,0.8767380655634782,0.2334278954120046,0.14058459148218347,-0.10038367413078986,2.3253571602477057,0.2126,True
4138,0.25,0.13,0.16,0.26,0.2,0.8748417024673292,0.23301240823778469,0.13978643983829117,-0.10028973793620777,2.323392333381099,0.2126,True
4139,0.27,0.14,0.15,0.24,0.2,0.8719955138534199,0.23238829109563475,0.1408064487950404,-0.09786535320036027,2.3745716282233706,0.2126,True
4140,0.24,0.14,0.15,0.27,0.2,0.8663244537584913,0.23114284251868744,0.13840013310675867,-0.09758520421432315,2.368625903687572,0.2126,True
4141,0.27,0.15,0.14,0.24,0.2,0.8653659913337546,0.2309321008433045,0.1402256558897225,-0.09523679882027014,2.424820066444244,0.2126,True
4142,0.24,0.15,0.14,0.27,0.2,0.8597129509182577,0.22968766908631166,0.1378071639489492,-0.09495833558149913,2.418825769004549,0.2126,True
4143,0.26,0.16,0.13,0.25,0.2,0.8568675294018733,0.22906033796013503,0.13883016291252864,-0.09249954555015072,2.476340144135571,0.2126,True
4144,0.25,0.16,0.13,0.26,0.2,0.8549891859851666,0.2286458676145302,0.13801983417774982,-0.09240729523346336,2.4743270218749016,0.2126,True
4145,0.26,0.15,0.15,0.26,0.18,0.8329210820349617,0.22375528650778365,0.13052356087673433,-0.08863287548832077,2.524517965540541,0.2126,True
4146,0.22,0.13,0.25,0.15,0.25,0.9847198666159114,0.25663871941938665,0.16866105149502947,-0.1403879092539564,1.8280685337021223,0.2128,True
4147,0.25,0.15,0.15,0.18,0.27,0.980105241709176,0.25566425894360023,0.17286434695515365,-0.12659395994214195,2.019561273384987,0.2128,True
4148,0.25,0.13,0.22,0.15,0.25,0.9797963900733926,0.2555989853655707,0.16817598216710958,-0.13426732740302139,1.9036573551386486,0.2128,True
4149,0.15,0.13,0.25,0.22,0.25,0.9705557973323085,0.25364290399224654,0.16498287796567776,-0.13967423448956806,1.815960580841347,0.2128,True
4150,0.15,0.13,0.22,0.25,0.25,0.9596979451739989,0.25133664449922954,0.16256136348890485,-0.13326213323326586,1.8860319762350095,0.2128,True
4151,0.25,0.13,0.15,0.22,0.25,0.9540718090985911,0.25013827416806445,0.1630875824641135,-0.11904329208232667,2.1012378756719574,0.2128,True
4152,0.27,0.15,0.15,0.18,0.25,0.9521464981897296,0.24972765352435244,0.1647339178989396,-0.11868493659917023,2.1041225675314417,0.2128,True
4153,0.22,0.13,0.15,0.25,0.25,0.9481380138055935,0.24887187700139557,0.16114571079913426,-0.1187521706521888,2.095724866624225,0.2128,True
4154,0.25,0.13,0.25,0.15,0.22,0.9420236293797299,0.24756424500348562,0.15645482680793818,-0.12879457423250396,1.9221636196923557,0.2128,True
4155,0.25,0.15,0.13,0.22,0.25,0.9408446514326245,0.24731179133997205,0.16200068566116171,-0.11406633563032142,2.1681400561642215,0.2128,True
4156,0.22,0.15,0.13,0.25,0.25,0.93494657967673,0.24604730403087038,0.16004237899979512,-0.11377815744683939,2.1625179169018547,0.2128,True
4157,0.15,0.13,0.25,0.25,0.22,0.9222934626255266,0.243325906879039,0.15039084556164303,-0.12779316769315618,1.9040603756163876,0.2128,True
4158,0.25,0.13,0.15,0.25,0.22,0.9047838601832674,0.23954021976891848,0.14869475060986567,-0.10656723737480911,2.247784832090826,0.2128,True
4159,0.25,0.15,0.13,0.25,0.22,0.8915458187631531,0.23666264066158504,0.147563668143508,-0.10142278910842883,2.3334266661566003,0.2128,True
4160,0.27,0.15,0.15,0.25,0.18,0.834774645012307,0.2241675657574942,0.13140682199208345,-0.08872462985093532,2.5265539696712644,0.2128,True
4161,0.25,0.15,0.15,0.27,0.18,0.8310673816683163,0.22334269859463607,0.12966320053763952,-0.08854118126032717,2.5224725423299685,0.2128,True
4162,0.22,0.14,0.24,0.14,0.26,0.9939460941717275,0.25858248206199796,0.17271704808394642,-0.1419073746860564,1.822191994137468,0.21280000000000002,True
4163,0.24,0.14,0.22,0.14,0.26,0.9907369577168399,0.25790706926203777,0.17237500329891622,-0.13785159415111503,1.8709037849741228,0.21280000000000002,True
4164,0.26,0.14,0.18,0.16,0.26,0.9801709153038103,0.25567813771159376,0.1707266880177748,-0.12945272331836033,1.975069594193163,0.21280000000000002,True
4165,0.26,0.14,0.16,0.18,0.26,0.9728502127789294,0.2541291637602905,0.16933089522852232,-0.12511295569409153,2.031197827199056,0.21280000000000002,True
4166,0.22,0.14,0.26,0.14,0.24,0.9693924047517641,0.2533961997786156,0.16487316182049988,-0.13837219334783246,1.831265326131256,0.21280000000000002,True
4167,0.24,0.14,0.14,0.22,0.26,0.9615435820447071,0.25172926651541605,0.16666416082861585,-0.12055230778943116,2.088133119401678,0.21280000000000002,True
4168,0.26,0.16,0.14,0.18,0.26,0.9596265367227503,0.2513214488386051,0.16823890025674781,-0.12020055335098156,2.090851013844794,0.21280000000000002,True
4169,0.22,0.14,0.14,0.24,0.26,0.9575659465404336,0.25088279778511424,0.16542032141616025,-0.12035785361883167,2.084473843972406,0.21280000000000002,True
4170,0.26,0.14,0.14,0.22,0.24,0.9331514307472086,0.24566193210366394,0.15845404633462631,-0.11252194471686183,2.1832357476741207,0.21280000000000002,True
4171,0.22,0.14,0.14,0.26,0.24,0.9253314642692183,0.24398039880964761,0.15573553948627922,-0.11213851879403358,2.175705559815445,0.21280000000000002,True
4172,0.26,0.14,0.14,0.24,0.22,0.9000808271020222,0.23851944378744694,0.14887586543979517,-0.1040973099796122,2.2913122715098186,0.21280000000000002,True
4173,0.24,0.14,0.14,0.26,0.22,0.8962396412480886,0.2376844780328924,0.1473875389600866,-0.10390853594679106,2.2874393895281577,0.21280000000000002,True
4174,0.16,0.14,0.26,0.26,0.18,0.858336281220476,0.22938423418457154,0.13238818476998437,-0.11334344516829264,2.023797969472176,0.21280000000000002,True
4175,0.26,0.14,0.16,0.26,0.18,0.8395455645636245,0.22522746311996866,0.13114262080825084,-0.09130967605195583,2.4666330323175463,0.21280000000000002,True
4176,0.26,0.16,0.14,0.26,0.18,0.8263060382976479,0.2222816632808564,0.12992339448337792,-0.0859392094171918,2.5864988145491346,0.21280000000000002,True
4177,0.22,0.13,0.24,0.15,0.26,0.9969329448560926,0.25921046045618135,0.17259527499904742,-0.1421441821435755,1.8235741804357548,0.213,True
4178,0.24,0.13,0.22,0.15,0.26,0.9937184274375854,0.25853458994339307,0.1722516765822342,-0.13809518398700704,1.8721477641661841,0.213,True
4179,0.22,0.13,0.26,0.15,0.24,0.9723579727551674,0.25402487419070185,0.16475046142944247,-0.1386162700215412,1.832576177033374,0.213,True
4180,0.24,0.13,0.15,0.22,0.26,0.968152640119124,0.253133193453674,0.1672109305686746,-0.12300599296936787,2.057893175308228,0.213,True
4181,0.26,0.13,0.22,0.15,0.24,0.9656586649524512,0.2526037814252793,0.16414594741945485,-0.1303918215372103,1.9372670651218182,0.213,True
4182,0.22,0.13,0.15,0.24,0.26,0.9641631161262529,0.2522860968945615,0.16597222502261927,-0.122810592098062,2.0542698523358287,0.213,True
4183,0.15,0.13,0.26,0.22,0.24,0.9582786949939728,0.2510345599333328,0.160979632721814,-0.13790330980894228,1.8203664602476028,0.213,True
4184,0.24,0.15,0.13,0.22,0.26,0.9549433504425682,0.250324063440325,0.1661323343293654,-0.11808390636149613,2.119882981123571,0.213,True
4185,0.22,0.15,0.13,0.24,0.26,0.9509775977393553,0.24947822456076985,0.16488344471194344,-0.11789041377316534,2.1161875387153577,0.213,True
4186,0.24,0.13,0.26,0.15,0.22,0.9437594692301778,0.24793575317394545,0.15660282145449855,-0.1308793322435161,1.8943843074675255,0.213,True
4187,0.15,0.13,0.22,0.26,0.24,0.9437347037924777,0.24793045437759598,0.1576769260908223,-0.12929283753382026,1.917588468988026,0.213,True
4188,0.26,0.13,0.24,0.15,0.22,0.9402765728633207,0.24719011259798318,0.15634603759898544,-0.12670217070721412,1.950954046155965,0.213,True
4189,0.26,0.13,0.15,0.22,0.24,0.9397778722521426,0.24708327458398216,0.1590093884883771,-0.11503073789659624,2.147976089713438,0.213,True
4190,0.22,0.13,0.15,0.26,0.24,0.9319340399934517,0.2454004540858039,0.1563027886997662,-0.11464531008271395,2.1405189092231782,0.213,True
4191,0.26,0.15,0.13,0.22,0.24,0.9265339753420978,0.24423927158453762,0.15791443034399438,-0.10999791432523709,2.2203991146812245,0.213,True
4192,0.15,0.13,0.26,0.24,0.22,0.9259608027615012,0.24411589424846558,0.15126371591855625,-0.1299735635210736,1.8781965165468841,0.213,True
4193,0.22,0.15,0.13,0.26,0.24,0.918737863269721,0.24255902977223776,0.15518421372244412,-0.10961652173176828,2.2127962641049668,0.213,True
4194,0.15,0.13,0.24,0.26,0.22,0.9186241960871353,0.2425344982370623,0.14953159064015797,-0.12560617000497798,1.9309122969632007,0.213,True
4195,0.26,0.13,0.15,0.24,0.22,0.9067104064115401,0.23995788434996523,0.14944628663845894,-0.10666218384719872,2.249699712634069,0.213,True
4196,0.24,0.13,0.15,0.26,0.22,0.9028572432655115,0.23912225809579835,0.14796492154336469,-0.10647235141657563,2.2458624695929443,0.213,True
4197,0.26,0.15,0.13,0.24,0.22,0.8934603878323213,0.23707964310366303,0.14832216250474642,-0.10151666872015785,2.335376506071134,0.213,True
4198,0.24,0.15,0.13,0.26,0.22,0.8896311735829345,0.23624534011285214,0.14682699230376114,-0.10132896969848393,2.3314688861026367,0.213,True
4199,0.2,0.13,0.24,0.16,0.27,1.008504792946745,0.26163751836838345,0.17622452000179806,-0.14578441068737158,1.7946879034237337,0.21300000000000002,True
4200,0.24,0.13,0.2,0.16,0.27,1.0022079128538945,0.26031798226742175,0.17548337938060593,-0.1377356140320849,1.889983096214911,0.21300000000000002,True
4201,0.16,0.13,0.24,0.2,0.27,1.000297300077552,0.2599170587639663,0.17426737342779755,-0.1453740099107027,1.7879197177241153,0.21300000000000002,True
4202,0.25,0.14,0.18,0.16,0.27,0.9939865440911944,0.25859099075127423,0.1747974630615354,-0.13331744322538897,1.9396635916134055,0.21300000000000002,True
4203,0.24,0.13,0.16,0.2,0.27,0.9876687640290385,0.25726064090841305,0.17266002400437971,-0.12917444369500175,1.9915753731894528,0.21300000000000002,True
4204,0.25,0.14,0.16,0.18,0.27,0.9867118842923055,0.25705890275214216,0.17341344559564956,-0.12901603611165335,1.9924569882900267,0.21300000000000002,True
4205,0.2,0.13,0.16,0.24,0.27,0.9796049123828321,0.2555585145196184,0.17033515602639854,-0.12877914021388637,1.9844713522327222,0.21300000000000002,True
4206,0.25,0.16,0.14,0.18,0.27,0.9735073423436107,0.2542683609966916,0.17232960736448502,-0.12415743869471818,2.0479510826724914,0.21300000000000002,True
4207,0.2,0.13,0.27,0.16,0.24,0.9719890203898973,0.25394669386680313,0.16441347500587214,-0.14055137929711592,1.8067890556234054,0.21300000000000002,True
4208,0.24,0.16,0.13,0.2,0.27,0.9678726389283379,0.2530737781112864,0.17104447449291055,-0.12187926767560908,2.07643008476931,0.21300000000000002,True
4209,0.16,0.13,0.27,0.2,0.24,0.9639255360646257,0.25223561528635696,0.16230749575056147,-0.1401420671499436,1.7998565342730388,0.21300000000000002,True
4210,0.27,0.13,0.2,0.16,0.24,0.9602580496447188,0.25145582147471934,0.1633285968716248,-0.12613530546957963,1.9935403536590601,0.21300000000000002,True
4211,0.27,0.14,0.16,0.18,0.25,0.9587717903214406,0.2511395308315669,0.16529143079767916,-0.1211610496326525,2.072774473256838,0.21300000000000002,True
4212,0.27,0.16,0.14,0.18,0.25,0.9455301089031363,0.24831448144630963,0.1641914740238592,-0.11619387036805062,2.137070403625936,0.21300000000000002,True
4213,0.27,0.13,0.16,0.2,0.24,0.9454466168540012,0.24829662820577414,0.16042797201234463,-0.11734224397242532,2.1160037493753934,0.21300000000000002,True
4214,0.16,0.13,0.2,0.27,0.24,0.9384347623485998,0.24679544531819686,0.15658400857805369,-0.12504726458657722,1.9736173048977537,0.21300000000000002,True
4215,0.2,0.13,0.16,0.27,0.24,0.9316876650232342,0.24534752292177253,0.15578095436293155,-0.11666411121307974,2.10302483232106,0.21300000000000002,True
4216,0.27,0.16,0.13,0.2,0.24,0.9255697767123163,0.24403171052089756,0.15877597450190156,-0.10980032045206978,2.222504538385411,0.21300000000000002,True
4217,0.24,0.13,0.27,0.16,0.2,0.9141864650522691,0.24157599328091406,0.14806877287253378,-0.12496425388098575,1.9331607702070364,0.21300000000000002,True
4218,0.27,0.13,0.24,0.16,0.2,0.9087623179910278,0.24040241813018248,0.14774769917183825,-0.11858789936062053,2.027208673282334,0.21300000000000002,True
4219,0.16,0.13,0.27,0.24,0.2,0.8986022193539787,0.23819816940186422,0.14294716956081477,-0.12416540083601457,1.9183940759507787,0.21300000000000002,True
4220,0.16,0.13,0.24,0.27,0.2,0.8874882544384257,0.23577795234915988,0.14024107378807008,-0.11750668185283164,2.0065067673722092,0.21300000000000002,True
4221,0.27,0.13,0.16,0.24,0.2,0.8786343268396277,0.23384308047465252,0.1414047655906141,-0.10047767089239923,2.3273139036540096,0.21300000000000002,True
4222,0.24,0.13,0.16,0.27,0.2,0.8729452385339442,0.23259661865050907,0.13901082592284159,-0.1001958622501321,2.321419402228882,0.21300000000000002,True
4223,0.16,0.14,0.27,0.25,0.18,0.8620659797687709,0.2302059589657781,0.13334039198647205,-0.11559978660352277,1.9914047052294719,0.21300000000000002,True
4224,0.27,0.16,0.13,0.24,0.2,0.858745762866246,0.22947450462146768,0.13966267677214425,-0.09259185590313479,2.4783443682296746,0.21300000000000002,True
4225,0.16,0.14,0.25,0.27,0.18,0.8546048107478292,0.22856101789391192,0.13145047928293863,-0.11108010345772057,2.057623379698301,0.21300000000000002,True
4226,0.24,0.16,0.13,0.27,0.2,0.8531107335988783,0.22823109328081936,0.13723222032241375,-0.09231510489452344,2.472304976976299,0.21300000000000002,True
4227,0.27,0.14,0.16,0.25,0.18,0.8414051562137099,0.225640089632821,0.13202099900236547,-0.09140201807247672,2.4686554453743126,0.21300000000000002,True
4228,0.25,0.14,0.16,0.27,0.18,0.8376858382350174,0.2248145284853944,0.13028708845723297,-0.09121739436180065,2.464601516610965,0.21300000000000002,True
4229,0.27,0.16,0.14,0.25,0.18,0.828153575446021,0.2226935940043011,0.13081145708042788,-0.08603036687030419,2.5885463715390724,0.21300000000000002,True
4230,0.25,0.16,0.14,0.27,0.18,0.8244583610491889,0.2218694233503158,0.12905828581491396,-0.08584811189564312,2.584441503151753,0.21300000000000002,True
4231,0.22,0.14,0.23,0.14,0.27,1.0059974567854328,0.2611124271143659,0.17667104344699086,-0.14365203453967523,1.8176730176574651,0.2134,True
4232,0.23,0.14,0.22,0.14,0.27,1.004426988193981,0.2607833135858628,0.17649030722068101,-0.14163966992482369,1.8411742538250444,0.2134,True
4233,0.25,0.14,0.21,0.14,0.26,0.9891156909628296,0.2575655723552721,0.17225759040814803,-0.13581274700705026,1.896475684582843,0.2134,True
4234,0.26,0.14,0.19,0.15,0.26,0.9838281389575645,0.25645053303907117,0.17144466913905124,-0.13161286192004173,1.948521818444094,0.2134,True
4235,0.23,0.14,0.14,0.22,0.27,0.975417695066783,0.2546728482662661,0.1708319045569484,-0.12449290142436575,2.0456816842765106,0.2134,True
4236,0.22,0.14,0.14,0.23,0.27,0.9734121794496653,0.2542482049194761,0.17023678033865,-0.12439502425221027,2.043877610441951,0.2134,True
4237,0.26,0.14,0.15,0.19,0.26,0.9691867407320409,0.2533525774117926,0.1686533961735909,-0.12293326796406323,2.0608951637554656,0.2134,True
4238,0.25,0.14,0.14,0.21,0.26,0.9635323909742346,0.25215206988562056,0.1673168994509952,-0.12064962593202622,2.089953184170522,0.2134,True
4239,0.26,0.15,0.14,0.19,0.26,0.9625725503698443,0.25194805184053504,0.16811335219417256,-0.1204741850018195,2.091303226801077,0.2134,True
4240,0.22,0.14,0.27,0.14,0.23,0.9568949866286522,0.2507398998041126,0.1609907735891451,-0.13658126824213357,1.8358293419826552,0.2134,True
4241,0.21,0.14,0.14,0.25,0.26,0.9555771219311986,0.2504591318697986,0.16482994130290893,-0.12026071747726308,2.0826346052454854,0.2134,True
4242,0.26,0.14,0.14,0.21,0.25,0.9494257073642731,0.24914691625764673,0.1632279700733916,-0.11665897573871475,2.135685785684163,0.2134,True
4243,0.27,0.14,0.14,0.22,0.23,0.9186396933653758,0.24253784290086333,0.1544227952567539,-0.10843028091858242,2.236809135291081,0.2134,True
4244,0.22,0.14,0.14,0.27,0.23,0.9089503766061606,0.2404431439083825,0.15086902637176103,-0.10795460835247173,2.227261509053285,0.2134,True
4245,0.27,0.14,0.14,0.23,0.22,0.9020013089458401,0.23893648056023697,0.14965221541740917,-0.10419178759562098,2.2932371741962427,0.2134,True
4246,0.23,0.14,0.14,0.27,0.22,0.8943189392034676,0.2372665484638381,0.1466764807556343,-0.10381423941417334,2.2854913719229644,0.2134,True
4247,0.26,0.14,0.14,0.25,0.21,0.8832916617728199,0.23486161612671808,0.14407567634594665,-0.09980786835149813,2.353137282719983,0.2134,True
4248,0.25,0.14,0.14,0.26,0.21,0.8813884833934547,0.2344456037596676,0.14329655421553492,-0.09971425503557108,2.3511744000497603,0.2134,True
4249,0.26,0.14,0.15,0.26,0.19,0.8530062440102979,0.2282080130807349,0.13518682152004363,-0.09339726601914922,2.443412134076232,0.2134,True
4250,0.26,0.15,0.14,0.26,0.19,0.8463832299541805,0.22674331339256404,0.13459342227881446,-0.09073933669474488,2.4988425268673553,0.2134,True
4251,0.18,0.13,0.26,0.17,0.26,0.9960139959223597,0.2590173203228241,0.17203884769710617,-0.14595817184675297,1.7745996475947658,0.21340000000000003,True
4252,0.17,0.13,0.26,0.18,0.26,0.9939695476285528,0.25858741553890674,0.1715493764441725,-0.14585519564670824,1.7729050678815685,0.21340000000000003,True
4253,0.26,0.13,0.18,0.17,0.26,0.9831387213198979,0.25630500263663736,0.1706028777443485,-0.12971028858165734,1.9759805134909096,0.21340000000000003,True
4254,0.26,0.13,0.17,0.18,0.26,0.9794752817684227,0.2555311142292245,0.16989875611741537,-0.1275472438272609,2.003423253702714,0.21340000000000003,True
4255,0.17,0.13,0.18,0.26,0.26,0.9650633113173632,0.25247733570065867,0.16535342504457592,-0.12881763188299888,1.9599594559382687,0.21340000000000003,True
4256,0.18,0.13,0.17,0.26,0.26,0.9634445190274956,0.2521333951095168,0.165137014271718,-0.1267576969837254,1.9890973180262856,0.21340000000000003,True
4257,0.26,0.17,0.13,0.18,0.26,0.9530279368272894,0.2499156758271559,0.16771515419496658,-0.11772217533966245,2.122927775553561,0.21340000000000003,True
4258,0.26,0.18,0.13,0.17,0.26,0.9500913086644955,0.2492890349610526,0.16784403501420428,-0.11744319711058149,2.122634951144326,0.21340000000000003,True
4259,0.17,0.13,0.26,0.26,0.18,0.8631102499278835,0.23043583522520095,0.13286896575135657,-0.11373163896211003,2.026136590733307,0.21340000000000003,True
4260,0.26,0.13,0.17,0.26,0.18,0.8461794822980109,0.22669819847982442,0.13178022975803444,-0.09396976901054377,2.4124588244373357,0.21340000000000003,True
4261,0.26,0.17,0.13,0.26,0.18,0.8197004369372796,0.22080658803984532,0.12934246548518724,-0.08322851794006858,2.653015979436812,0.21340000000000003,True
4262,0.22,0.13,0.23,0.15,0.27,1.008994753134146,0.26174007573729563,0.17654960658912106,-0.1438852877474851,1.8190885241626829,0.2136,True
4263,0.18,0.13,0.25,0.17,0.27,1.0079948963029355,0.2615307702309704,0.17599884548744485,-0.14767564150420087,1.770981101331669,0.2136,True
4264,0.23,0.13,0.22,0.15,0.27,1.0074216265982163,0.26141073320026864,0.17636810511940418,-0.14187626469066228,1.8425261883672472,0.2136,True
4265,0.17,0.13,0.25,0.18,0.27,1.0059385596597772,0.26110008750393154,0.1755209850745218,-0.14757258565012132,1.7692994017396406,0.2136,True
4266,0.21,0.13,0.25,0.15,0.26,0.9985235217418997,0.2595446200191587,0.17282076926433723,-0.1441578367068862,1.8004197756302807,0.2136,True
4267,0.25,0.14,0.19,0.15,0.27,0.9976206910108201,0.25935496876749387,0.17550915193399216,-0.13545854711502925,1.9146445483964458,0.2136,True
4268,0.25,0.13,0.18,0.17,0.27,0.9969676413586934,0.2592177516341003,0.17467480897447138,-0.13356776937848247,1.9407208253929247,0.2136,True
4269,0.25,0.13,0.17,0.18,0.27,0.9933272665073984,0.25845229656688895,0.17397671907391582,-0.1314237952814964,1.9665563303305191,0.2136,True
4270,0.25,0.13,0.21,0.15,0.26,0.9920944586023146,0.25819286501399463,0.17213349109261294,-0.13605976238301498,1.8976430686918953,0.2136,True
4271,0.21,0.13,0.26,0.15,0.25,0.9863387447411778,0.25698021649493086,0.16889592525588243,-0.14241346840095814,1.8044656827780898,0.2136,True
4272,0.18,0.13,0.27,0.17,0.25,0.9838814974428862,0.2564617951711947,0.16809893312727667,-0.14422580351720815,1.7781963346149445,0.2136,True
4273,0.25,0.14,0.15,0.19,0.27,0.9830713782372777,0.2562907852565477,0.1727414119485785,-0.12685567541468679,2.0203336147061774,0.2136,True
4274,0.23,0.13,0.15,0.22,0.27,0.982017214866931,0.25606818974712775,0.1713742698821098,-0.12691976391246762,2.0175596128884195,0.2136,True
4275,0.17,0.13,0.27,0.18,0.25,0.9818490246106144,0.25603266765109445,0.16759741620729468,-0.14412291223232365,1.7764883021401496,0.2136,True
4276,0.17,0.13,0.18,0.25,0.27,0.9807678560953674,0.25580427484083534,0.17021242257007566,-0.13276943807214858,1.9266804059367042,0.2136,True
4277,0.22,0.13,0.15,0.23,0.27,0.9800057661059483,0.25564323622946894,0.17078153571025004,-0.126821426382278,2.0157732295084205,0.2136,True
4278,0.26,0.13,0.21,0.15,0.25,0.9781329033327115,0.25524730256303396,0.1680873388800818,-0.13221236623841104,1.9305856919825564,0.2136,True
4279,0.25,0.15,0.14,0.19,0.27,0.9764667330414716,0.25489485470515394,0.17220531940832398,-0.12442353062709488,2.0486065089174312,0.2136,True
4280,0.15,0.13,0.26,0.21,0.25,0.9741709962219738,0.25440890889219525,0.1658158802013329,-0.14179892290678353,1.7941526189126262,0.2136,True
4281,0.25,0.13,0.15,0.21,0.26,0.9701473973591235,0.25355631144923585,0.16786102502275793,-0.1231037846327877,2.0596955016905563,0.2136,True
4282,0.27,0.14,0.19,0.15,0.25,0.969817729418412,0.25348640363197217,0.16742343270672924,-0.12771928647017028,1.9847151564785455,0.2136,True
4283,0.27,0.13,0.18,0.17,0.25,0.9690921171170646,0.2533325062496685,0.16657401610926215,-0.12580476944231578,2.013695564744284,0.2136,True
4284,0.23,0.15,0.13,0.22,0.27,0.9688269219251389,0.2532762507370563,0.1703041204509128,-0.1220515739580953,2.0751575954605483,0.2136,True
4285,0.25,0.17,0.13,0.18,0.27,0.9669181897812318,0.25287120474095826,0.1718094104732455,-0.12170634275887038,2.077715910352816,0.2136,True
4286,0.22,0.15,0.13,0.23,0.27,0.9668273366081095,0.25285191854437206,0.169706644851014,-0.1219541643853197,2.073335665237925,0.2136,True
4287,0.27,0.13,0.17,0.18,0.25,0.9654059817126555,0.25255011775991676,0.16586380763454928,-0.12362234370561409,2.0429164355702767,0.2136,True
4288,0.25,0.18,0.13,0.17,0.27,0.9639681734087491,0.25224467527610783,0.17193694437088838,-0.1214350231203759,2.077198725659756,0.2136,True
4289,0.21,0.13,0.15,0.25,0.26,0.962168351338875,0.2518621177772167,0.16538432972204833,-0.12271298277673748,2.0524488287881617,0.2136,True
4290,0.22,0.13,0.27,0.15,0.23,0.9598497176154437,0.2513689403257666,0.1608674704084027,-0.13682906189067123,1.8371019785739284,0.2136,True
4291,0.25,0.15,0.13,0.21,0.26,0.9569262139053925,0.2507465511717959,0.16678767373444228,-0.11818074353447183,2.121720880006617,0.2136,True
4292,0.26,0.13,0.15,0.21,0.25,0.9560497001065813,0.2505598280281496,0.1637762144544378,-0.11914045412986451,2.103062556359206,0.2136,True
4293,0.27,0.14,0.15,0.19,0.25,0.9550857211299562,0.25035440781004836,0.16460843695643532,-0.11896171873641814,2.1044955509154604,0.2136,True
4294,0.27,0.13,0.22,0.15,0.23,0.9513084025215288,0.24954882433488845,0.16016713395402762,-0.1264677711076383,1.9732207039728276,0.2136,True
4295,0.17,0.13,0.18,0.27,0.25,0.949175705588369,0.2490935277029913,0.1604742160366748,-0.12481922299971915,1.9956343399409864,0.2136,True
4296,0.27,0.15,0.14,0.19,0.25,0.9484625499740322,0.24894120630260708,0.16406454464970538,-0.11647521092649549,2.1372891649855648,0.2136,True
4297,0.18,0.13,0.17,0.27,0.25,0.947522291725986,0.24874032170787097,0.16026319960045815,-0.1227398591125275,2.026565155821359,0.2136,True
4298,0.21,0.13,0.15,0.26,0.25,0.9461600445607516,0.24844916514761528,0.16054102466917955,-0.11865525155622048,2.0938741597113104,0.2136,True
4299,0.15,0.13,0.27,0.22,0.23,0.9458558411619404,0.24838412842081148,0.15700036607904524,-0.13611685629990122,1.8247859609213715,0.2136,True
4300,0.23,0.13,0.27,0.15,0.22,0.9454841065659405,0.2483046447549886,0.1567900555018863,-0.13295648656819636,1.867563224360833,0.2136,True
4301,0.26,0.15,0.13,0.21,0.25,0.9428106237517748,0.2477327066511732,0.16269500265271292,-0.11416251609308858,2.170000409321488,0.2136,True
4302,0.27,0.17,0.13,0.18,0.25,0.9389226260472641,0.24690001017743568,0.1636643036275368,-0.1136877150759591,2.1717386967665977,0.2136,True
4303,0.27,0.13,0.23,0.15,0.22,0.9385182855296483,0.24681334826314716,0.15627639391971018,-0.1246020795323487,1.980812432581195,0.2136,True
4304,0.27,0.18,0.13,0.17,0.25,0.935999581619565,0.2462732453290497,0.16379465768466023,-0.11340090579750006,2.1717043933389713,0.2136,True
4305,0.15,0.13,0.27,0.23,0.22,0.9296262130829629,0.2449044643829832,0.15214997911707842,-0.13214738733709486,1.8532675470779927,0.2136,True
4306,0.25,0.13,0.26,0.15,0.21,0.9291480385847826,0.24480164741403843,0.15261304266122103,-0.12693779802516725,1.9285165744367407,0.2136,True
4307,0.26,0.13,0.25,0.15,0.21,0.9273736278375939,0.24441996544463396,0.1524969088650429,-0.12483263087251806,1.9579813686234109,0.2136,True
4308,0.27,0.13,0.15,0.22,0.23,0.9252739800265468,0.24396802108445437,0.15498220504547552,-0.11096738367758785,2.198556125224107,0.2136,True
4309,0.22,0.13,0.15,0.27,0.23,0.9155547755392668,0.24187169232922057,0.15144450549975313,-0.11048913796849347,2.189099279588836,0.2136,True
4310,0.15,0.13,0.23,0.27,0.22,0.9149530065584437,0.2417416642614434,0.14868617555874494,-0.123412540427146,1.9588095620165156,0.2136,True
4311,0.27,0.15,0.13,0.22,0.23,0.9120144726177979,0.24110632482004535,0.1538795348762334,-0.10587767087059163,2.277215987445891,0.2136,True
4312,0.15,0.13,0.26,0.25,0.21,0.9095423734559709,0.24057132866896325,0.14638676253500604,-0.12593777871193212,1.9102395732994617,0.2136,True
4313,0.27,0.13,0.15,0.23,0.22,0.908636880967566,0.24037525213141708,0.15021907505463303,-0.10675719089165536,2.2516071294472955,0.2136,True
4314,0.15,0.13,0.25,0.26,0.21,0.9058584806043233,0.23977322625850128,0.1454988064254763,-0.12373822732369122,1.9377457673712264,0.2136,True
4315,0.22,0.15,0.13,0.27,0.23,0.9023550293677727,0.23901326109116572,0.15030996545101882,-0.1054046118447276,2.2675787796008215,0.2136,True
4316,0.23,0.13,0.15,0.27,0.22,0.90093055664101,0.23870399903730788,0.14725725547495117,-0.1063775259146662,2.2439326068627614,0.2136,True
4317,0.27,0.15,0.13,0.23,0.22,0.8953748798076857,0.23749634773307915,0.14910201325698885,-0.1016106085916334,2.337318425948632,0.2136,True
4318,0.26,0.13,0.15,0.25,0.21,0.8899219301243104,0.236308729201973,0.1446540862276676,-0.10240153142525477,2.3076679216898253,0.2136,True
4319,0.25,0.13,0.15,0.26,0.21,0.888012751998456,0.23589238213888142,0.14387873719679298,-0.10230737391155031,2.305722189124137,0.2136,True
4320,0.23,0.15,0.13,0.27,0.22,0.8877164532744297,0.23582774116265504,0.1461125987198237,-0.10123521043243466,2.329503145746397,0.2136,True
4321,0.15,0.14,0.27,0.25,0.19,0.8770347596383004,0.23349287482145775,0.13765345666491016,-0.11967329253338255,1.9510859096345623,0.2136,True
4322,0.26,0.15,0.13,0.25,0.21,0.8766706104311537,0.2334131210078021,0.1435145336791597,-0.09719816329551878,2.4014149351581766,0.2136,True
4323,0.25,0.15,0.13,0.26,0.21,0.8747734289544937,0.23299744450191273,0.142731702966834,-0.09710510271890693,2.3994356421863583,0.2136,True
4324,0.17,0.13,0.27,0.25,0.18,0.8668488766426194,0.23125811932211326,0.13381790060546972,-0.11598467487358666,1.9938678931002287,0.2136,True
4325,0.17,0.13,0.25,0.27,0.18,0.8593698461960511,0.2296120586086734,0.13193450157289288,-0.11147162143941791,2.0598252330389033,0.2136,True
4326,0.27,0.14,0.15,0.25,0.19,0.8548788666198617,0.22862151613360648,0.13603890999487683,-0.09348986259770864,2.445415040530927,0.2136,True
4327,0.25,0.14,0.15,0.27,0.19,0.851133500317917,0.22779420455120425,0.13435723960044266,-0.093304729659212,2.4414004025648457,0.2136,True
4328,0.27,0.15,0.14,0.25,0.19,0.8482498335480957,0.22715647248166526,0.135449954752588,-0.09083135528207953,2.5008596621312535,0.2136,True
4329,0.27,0.13,0.17,0.25,0.18,0.8480451054646088,0.22711117100111955,0.13265364893029194,-0.09406268957547226,2.414466054778227,0.2136,True
4330,0.25,0.15,0.14,0.27,0.19,0.8445165025666448,0.2263298482934022,0.13375945067672118,-0.09064737813714863,2.496816266996352,0.2136,True
4331,0.25,0.13,0.17,0.27,0.18,0.8443137271636656,0.22628491837659093,0.13092959973422885,-0.0938769089645689,2.410442790164678,0.2136,True
4332,0.27,0.17,0.13,0.25,0.18,0.8215419511004649,0.2212181689654067,0.1302352427115907,-0.0833190690915726,2.6550724987370513,0.2136,True
4333,0.25,0.17,0.13,0.27,0.18,0.817858779963244,0.22039469736158113,0.12847269354262053,-0.0831380265095909,2.6509493503091046,0.2136,True
4334,0.24,0.14,0.21,0.14,0.27,1.0028454111140719,0.2604516983181784,0.1763445667455561,-0.13962010108260625,1.8654312401914255,0.2138,True
4335,0.24,0.14,0.14,0.21,0.27,0.9774232220093735,0.2550972066641968,0.1714473886027684,-0.12459083932874804,2.047479638459549,0.2138,True
4336,0.21,0.14,0.14,0.24,0.27,0.9714066761407736,0.2538232763501107,0.16966235687921175,-0.12429720775580844,2.0420674038693316,0.2138,True
4337,0.27,0.14,0.14,0.21,0.24,0.9351063216262805,0.24608158493354249,0.1591858900310062,-0.11261795270899,2.1851008566052403,0.2138,True
4338,0.27,0.14,0.14,0.24,0.21,0.8851947492171224,0.23527732842871085,0.14487652791162703,-0.09990154193777467,2.355092062295267,0.2138,True
4339,0.24,0.14,0.14,0.27,0.21,0.8794852150617707,0.23402929102979098,0.1425396515773792,-0.09962070193184225,2.34920339338612,0.2138,True
4340,0.19,0.13,0.26,0.16,0.26,0.9980584791339091,0.2594469389506133,0.17254985759799893,-0.14606121099101588,1.7762891132442529,0.21380000000000002,True
4341,0.16,0.13,0.26,0.19,0.26,0.9919251352352438,0.258157224319048,0.17108176450956794,-0.14575228233322102,1.7712053642415364,0.21380000000000002,True
4342,0.26,0.13,0.19,0.16,0.26,0.9868000721393573,0.2570774980321593,0.1713203320401525,-0.13186686652668134,1.9495230667374917,0.21380000000000002,True
4343,0.26,0.13,0.16,0.19,0.26,0.9758097568970217,0.254755828959925,0.16920812357829246,-0.12537770313232777,2.0319069706600645,0.21380000000000002,True
4344,0.16,0.13,0.19,0.26,0.26,0.966671006326765,0.25281873155971546,0.16560776094993399,-0.13087015613440223,1.9318287608679352,0.21380000000000002,True
4345,0.19,0.13,0.16,0.26,0.26,0.9618146153058822,0.2517869026307864,0.16495851264622463,-0.12469031122973517,2.0192980524916857,0.21380000000000002,True
4346,0.26,0.16,0.13,0.19,0.26,0.955967189396028,0.2505422479543764,0.16758818539792422,-0.11800032218892809,2.1232335921357737,0.21380000000000002,True
4347,0.16,0.13,0.26,0.26,0.19,0.8781309150474277,0.23373288607279763,0.13715392965967585,-0.11781841463226483,1.9838400202746351,0.21380000000000002,True
4348,0.26,0.13,0.16,0.26,0.19,0.8596386226591972,0.22967129005095277,0.13579842366395675,-0.09603868156373963,2.391445679088409,0.21380000000000002,True
4349,0.26,0.16,0.13,0.26,0.19,0.8397695840764245,0.22527718574649125,0.13401854359861193,-0.08806473824197592,2.5580861334930223,0.21380000000000002,True
4350,0.21,0.13,0.24,0.15,0.27,1.010556777599939,0.262066923910212,0.17676614680414984,-0.14588716731824602,1.7963672112333589,0.214,True
4351,0.24,0.13,0.21,0.15,0.27,1.0058373838408636,0.26107888946768676,0.17622160181107102,-0.13986005984332273,1.8667151276794718,0.214,True
4352,0.24,0.13,0.15,0.21,0.27,0.9840286776641651,0.2564928587824009,0.17198731341930282,-0.12701816227971252,2.0193400233390735,0.214,True
4353,0.21,0.13,0.15,0.24,0.27,0.9779943323639722,0.2552179979564124,0.17020944965468313,-0.12672314963273834,2.013980860608897,0.214,True
4354,0.21,0.13,0.27,0.15,0.24,0.9740049009393255,0.25437373636998517,0.16499515517655564,-0.14065386539961044,1.8085086794258103,0.214,True
4355,0.24,0.15,0.13,0.21,0.27,0.9708265158568594,0.2537002975128362,0.17092200535449145,-0.12214904415313999,2.076973252404403,0.214,True
4356,0.21,0.15,0.13,0.24,0.27,0.9648277608885292,0.252427300660363,0.1691299216321652,-0.12185681537827397,2.071507448120695,0.214,True
4357,0.27,0.13,0.21,0.15,0.24,0.9639558684788203,0.2522420606206377,0.16408817207963222,-0.1283169903793262,1.9657728869339013,0.214,True
4358,0.15,0.13,0.27,0.21,0.24,0.9619096793651818,0.2518071170583547,0.16183795844298857,-0.14003989688639706,1.7981098433871687,0.214,True
4359,0.27,0.13,0.15,0.21,0.24,0.9417387363533285,0.24750325043835408,0.15973812408578586,-0.11512724669267926,2.149823413210249,0.214,True
4360,0.24,0.13,0.27,0.15,0.21,0.9309112182376171,0.2451806817521267,0.15276937074077798,-0.12903523880249224,1.900106389754604,0.214,True
4361,0.21,0.13,0.15,0.27,0.24,0.9299729928790557,0.24497901826708368,0.15568023400182507,-0.11454910468526402,2.1386375645640343,0.214,True
4362,0.27,0.15,0.13,0.21,0.24,0.9284828958428188,0.24465860031633202,0.15864932995431935,-0.11009341363936032,2.2222818988770308,0.214,True
4363,0.27,0.13,0.24,0.15,0.21,0.9255879718447504,0.24403562799120437,0.15242091874294994,-0.1227196945731136,1.9885612398245784,0.214,True
4364,0.15,0.13,0.27,0.24,0.21,0.9132243759777203,0.24136799640995998,0.1472883857301615,-0.1281306608864088,1.8837645473782352,0.214,True
4365,0.15,0.13,0.24,0.27,0.21,0.9021727008348948,0.23897368503001037,0.14462475742713907,-0.12153197625072532,1.9663441046741323,0.214,True
4366,0.27,0.13,0.15,0.24,0.21,0.8918310200258701,0.2367247767144256,0.1454511108773408,-0.1024957493732952,2.3096057949901985,0.214,True
4367,0.24,0.13,0.15,0.27,0.21,0.8861034866310724,0.23547573522815402,0.14312554954564902,-0.10221327677405312,2.303768577429362,0.214,True
4368,0.27,0.15,0.13,0.24,0.21,0.8785676982619601,0.2338284969324056,0.14431914625050168,-0.09729128397196007,2.4033858675335846,0.214,True
4369,0.24,0.15,0.13,0.27,0.21,0.8728761548147499,0.23258146711620453,0.1419711483985358,-0.09701210218396206,2.397447966596632,0.214,True
4370,0.19,0.13,0.25,0.16,0.27,1.0100512814595581,0.2619611691409507,0.17649787005893694,-0.14777876008022905,1.7726577824765348,0.21400000000000002,True
4371,0.16,0.13,0.25,0.19,0.27,1.003882272512814,0.2606691206842442,0.17506459644583364,-0.14746959246078217,1.7676126741420684,0.21400000000000002,True
4372,0.25,0.13,0.19,0.16,0.27,1.000605890563862,0.25998183075935466,0.17538596475972076,-0.1357053730432819,1.9157814088645997,0.21400000000000002,True
4373,0.25,0.13,0.16,0.19,0.27,0.9896847694220992,0.25768546181327245,0.17329184265492725,-0.1292734222323293,1.9933367382365876,0.21400000000000002,True
4374,0.19,0.13,0.27,0.16,0.25,0.98591399159719,0.25689063416300995,0.16862237646630626,-0.14432875796727562,1.7798991537172102,0.21400000000000002,True
4375,0.16,0.13,0.27,0.19,0.25,0.9798165740831439,0.25560325131860484,0.1671181604855517,-0.14402008405451183,1.774775046109948,0.21400000000000002,True
4376,0.19,0.13,0.16,0.25,0.27,0.9775889968665348,0.2551322708637018,0.16980621988619082,-0.12868046672817046,1.9826806457164396,0.21400000000000002,True
4377,0.27,0.13,0.19,0.16,0.25,0.9727762007035359,0.2541134841292607,0.1672978352633034,-0.12798062986051184,1.9855620683084862,0.21400000000000002,True
4378,0.25,0.16,0.13,0.19,0.27,0.9698708374202647,0.253497665989612,0.171683748711957,-0.12197685887302323,2.078243925378507,0.21400000000000002,True
4379,0.27,0.13,0.16,0.19,0.25,0.9617177979024163,0.25176631470071587,0.16516737569962298,-0.12143332289077402,2.0732885233419234,0.21400000000000002,True
4380,0.19,0.13,0.16,0.27,0.25,0.9458577473181526,0.24838453596583432,0.16009122998822528,-0.12065292958651841,2.0586697464956414,0.21400000000000002,True
4381,0.27,0.16,0.13,0.19,0.25,0.9418482880202845,0.24752670575950564,0.1635359032982734,-0.11397366425084865,2.1717886091186416,0.21400000000000002,True
4382,0.25,0.13,0.27,0.16,0.19,0.8992259108247265,0.23833370647223284,0.1441395622326057,-0.12094351185464203,1.9706200259727713,0.21400000000000002,True
4383,0.16,0.13,0.27,0.25,0.19,0.8818495032645055,0.23454640301351648,0.13808719259637592,-0.12005088489729776,1.9537248993555392,0.21400000000000002,True
4384,0.16,0.13,0.25,0.27,0.19,0.8744105128991659,0.2329178968677652,0.1362348734461981,-0.1155790705062324,2.015225558118721,0.21400000000000002,True
4385,0.27,0.13,0.16,0.25,0.19,0.8615172671281777,0.23008513584047718,0.136645994045445,-0.09613184718475964,2.3934330045512113,0.21400000000000002,True
4386,0.25,0.13,0.16,0.27,0.19,0.857759859818185,0.22925713931627723,0.134973303895081,-0.09594557634325163,2.389449811590007,0.21400000000000002,True
4387,0.27,0.16,0.13,0.25,0.19,0.8416301714984813,0.22568999963652758,0.13487944132271878,-0.08815616975424634,2.5601157612188166,0.21400000000000002,True
4388,0.25,0.16,0.13,0.27,0.19,0.8379088701499913,0.22486406531110226,0.1331802594138438,-0.08797336656343069,2.556047063959641,0.21400000000000002,True
4389,0.26,0.14,0.2,0.14,0.26,0.9874832729893854,0.2572215390476813,0.17217583124265126,-0.13376654256052667,1.9229138626446425,0.21440000000000003,True
4390,0.26,0.14,0.14,0.2,0.26,0.965521192711684,0.2525745862947548,0.1679897030660101,-0.12074700485531054,2.0917668856251255,0.21440000000000003,True
4391,0.26,0.14,0.14,0.26,0.2,0.8663380285718412,0.23114582675892859,0.13927158352982463,-0.09546574765592608,2.4212435604863782,0.21440000000000003,True
4392,0.25,0.14,0.2,0.14,0.27,1.0012527113944176,0.26011757443468575,0.17623376378052077,-0.13759328925715453,1.890481547748596,0.2146,True
4393,0.2,0.13,0.26,0.15,0.26,1.000102996280471,0.259876271701341,0.1730820831079515,-0.1461643131372239,1.77797347466998,0.2146,True
4394,0.26,0.13,0.2,0.15,0.26,0.9904593308146687,0.2578486042439352,0.1720509623796704,-0.1340170066195746,1.9239991307660924,0.2146,True
4395,0.15,0.13,0.26,0.2,0.26,0.98988075972519,0.25772674638267823,0.17063632978491647,-0.1456494318487016,1.7695005267881911,0.2146,True
4396,0.25,0.14,0.14,0.2,0.27,0.9794287592947066,0.2555212803862519,0.17208289093051538,-0.12468883802190223,2.04927148604407,0.2146,True
4397,0.26,0.13,0.15,0.2,0.26,0.9721421501178293,0.25397914295674884,0.16853113621125074,-0.12320163719045851,2.06149162258388,0.2146,True
4398,0.2,0.13,0.15,0.26,0.26,0.9601735860012199,0.25143785106423566,0.16481788188320645,-0.12261543412279086,2.0506215458360493,0.2146,True
4399,0.26,0.15,0.13,0.2,0.26,0.9589090674653615,0.25116875146757356,0.16746312540490133,-0.11827764136922736,2.12355225011209,0.2146,True
4400,0.27,0.14,0.14,0.2,0.25,0.9513976128790926,0.2495678620860986,0.16393955547443714,-0.11675571158067977,2.1375216570338305,0.2146,True
4401,0.26,0.13,0.26,0.15,0.2,0.9143326892798536,0.24160759982503777,0.1486889188244208,-0.12294631913602994,1.9651470781953133,0.2146,True
4402,0.15,0.13,0.26,0.26,0.2,0.89295572982352,0.23696975343374915,0.14149956211858522,-0.12185358536176838,1.9447089121769783,0.2146,True
4403,0.26,0.13,0.15,0.26,0.2,0.872968399391749,0.23260169823762267,0.13985828176617107,-0.09808871530719676,2.3713400416057513,0.2146,True
4404,0.27,0.14,0.14,0.25,0.2,0.8682235950287023,0.23156020266042976,0.14009862727737252,-0.0955585902727546,2.4232274879682016,0.2146,True
4405,0.25,0.14,0.14,0.27,0.2,0.8644523546278662,0.23073114798928462,0.13846669866158023,-0.09537296514148386,2.4192510702272876,0.2146,True
4406,0.26,0.15,0.13,0.26,0.2,0.8597169517317556,0.2296885506964348,0.13870274138194508,-0.09282645684207003,2.4743867051525474,0.2146,True
4407,0.2,0.13,0.25,0.15,0.27,1.0121077141468873,0.26239128450871907,0.17701774891689176,-0.14788194143548128,1.774329454710307,0.21480000000000002,True
4408,0.25,0.13,0.2,0.15,0.27,1.0042420107108017,0.26074453766602934,0.1761100385852735,-0.13783663462666262,1.8916925705003527,0.21480000000000002,True
4409,0.15,0.13,0.25,0.2,0.27,1.001826035844818,0.26023786949558625,0.17462998460579188,-0.1473666618790408,1.7659209089583006,0.21480000000000002,True
4410,0.2,0.13,0.27,0.15,0.25,0.987946506090797,0.2573191849098846,0.16916740895831217,-0.1444317756407134,1.7815967696055224,0.21480000000000002,True
4411,0.25,0.13,0.15,0.2,0.27,0.986040153514911,0.2569172436075695,0.17262032694977225,-0.12711662154048498,2.021114473418763,0.21480000000000002,True
4412,0.15,0.13,0.27,0.2,0.25,0.9777841468432265,0.255173545888846,0.16666149780476808,-0.14391731892573045,1.773056556317104,0.21480000000000002,True
4413,0.27,0.13,0.2,0.15,0.25,0.9764582290599468,0.2548930553353377,0.1680350990789978,-0.1301499545410495,1.9584567373394204,0.21480000000000002,True
4414,0.2,0.13,0.15,0.25,0.27,0.9759829146237624,0.2547924746542112,0.16965834945402633,-0.12662493360751492,2.012182493567679,0.21480000000000002,True
4415,0.25,0.15,0.13,0.2,0.27,0.9728261174205204,0.25412405914539393,0.17155995587715928,-0.12224657502706371,2.0787826496499746,0.21480000000000002,True
4416,0.27,0.13,0.15,0.2,0.25,0.9580275690984672,0.25098109308996386,0.16448488586664625,-0.11923767705803301,2.104880766570212,0.21480000000000002,True
4417,0.27,0.15,0.13,0.2,0.25,0.9447765686332825,0.24815333220166624,0.16340945347893682,-0.1142587571853867,2.17185394200493,0.21480000000000002,True
4418,0.2,0.13,0.15,0.27,0.25,0.944182058213572,0.24802616309142977,0.15995827081054498,-0.11855839305576388,2.0920169099691726,0.21480000000000002,True
4419,0.25,0.13,0.27,0.15,0.2,0.9161342030772694,0.24199686720399938,0.14881272331270914,-0.12506439518157864,1.9349781114972706,0.21480000000000002,True
4420,0.27,0.13,0.25,0.15,0.2,0.9125199158084032,0.24121565286070812,0.1486063001318369,-0.12082039117555499,1.9964813100978616,0.21480000000000002,True
4421,0.15,0.13,0.27,0.25,0.2,0.8966539106956741,0.2377745827798199,0.14241756959325416,-0.12406582797650734,1.9165195336853273,0.21480000000000002,True
4422,0.15,0.13,0.25,0.27,0.2,0.8892556981060853,0.23616347146053274,0.14059550231010737,-0.119634574239454,1.9740403053371585,0.21480000000000002,True
4423,0.27,0.13,0.15,0.25,0.2,0.8748599780509214,0.23301641369738113,0.14068120270078197,-0.09818211765173679,2.373308085734278,0.21480000000000002,True
4424,0.25,0.13,0.15,0.27,0.2,0.8710767159562363,0.23218668043309565,0.13905746515644843,-0.09799537324047158,2.369363703154954,0.21480000000000002,True
4425,0.27,0.15,0.13,0.25,0.2,0.861596508830073,0.2301025858393584,0.13953383624161894,-0.09291873094343783,2.476385369268852,0.21480000000000002,True
4426,0.25,0.15,0.13,0.27,0.2,0.8578372844355375,0.2292742121601412,0.13789385844048163,-0.0927342426608645,2.4723791943674223,0.21480000000000002,True
4427,0.2,0.15,0.2,0.15,0.3,1.0340350002588914,0.2669593905984935,0.18770937804398,-0.14836770639033836,1.7993092775604016,0.21500000000000002,True
4428,0.15,0.15,0.2,0.2,0.3,1.0236364932551876,0.2647971870919914,0.18546416062964985,-0.1478553086263118,1.790921067036135,0.21500000000000002,True
4429,0.2,0.15,0.15,0.2,0.3,1.0162749303534802,0.2632619851297924,0.18429433130797573,-0.13789615491771612,1.9091321675131783,0.21500000000000002,True
4430,0.2,0.2,0.15,0.15,0.3,1.0013039979884932,0.26012833633473087,0.1849072052974595,-0.1366833110934802,1.9031462894312268,0.21500000000000002,True
4431,0.22,0.13,0.25,0.14,0.26,1.0005635878191876,0.2599729519645906,0.17339590006079633,-0.14426057147508065,1.802106766293366,0.21500000000000002,True
4432,0.22,0.14,0.25,0.13,0.26,0.9975726350327323,0.25934487238705706,0.17351824823844753,-0.14402719931471775,1.800665941023789,0.21500000000000002,True
4433,0.26,0.14,0.18,0.15,0.27,0.9960102056596498,0.2590165235814308,0.17544751255055815,-0.1334175808208633,1.94139724306054,0.21500000000000002,True
4434,0.25,0.13,0.22,0.14,0.26,0.9957449846544084,0.2589607696497547,0.17289163272042038,-0.13819660485340768,1.873857682136604,0.21500000000000002,True
4435,0.25,0.14,0.22,0.13,0.26,0.9927620998984366,0.25833337643834886,0.173016278193523,-0.13795308848553645,1.8726175635091604,0.21500000000000002,True
4436,0.2,0.1,0.25,0.2,0.25,0.9896091370884821,0.257669529441207,0.16715444893662604,-0.14090118121179174,1.8287251194430951,0.21500000000000002,True
4437,0.26,0.14,0.15,0.18,0.27,0.9850814574691775,0.2567150119378079,0.17339536893894894,-0.12695425980336317,2.0221063266047823,0.21500000000000002,True
4438,0.27,0.14,0.18,0.15,0.26,0.9821779197075444,0.25610212903183527,0.17141324731777696,-0.12955228168030786,1.976824535316256,0.21500000000000002,True
4439,0.26,0.13,0.22,0.14,0.25,0.9818062489145958,0.2560236330236627,0.16885286179796152,-0.1343681894965445,1.9053887232010875,0.21500000000000002,True
4440,0.25,0.1,0.2,0.2,0.25,0.9813520508359135,0.2559276941168991,0.16629552594130545,-0.1307193273762125,1.957841271477283,0.21500000000000002,True
4441,0.26,0.15,0.14,0.18,0.27,0.9784708739288888,0.255318769913798,0.17286180807042875,-0.12452165249837888,2.0503965759458738,0.21500000000000002,True
4442,0.2,0.1,0.2,0.25,0.25,0.9713272838604092,0.25380644868415003,0.16322257325957762,-0.13022214658827558,1.9490267618350046,0.21500000000000002,True
4443,0.27,0.14,0.15,0.18,0.26,0.9711800908607648,0.25377524905703863,0.16934448216309408,-0.12303124283616795,2.0626894698200626,0.21500000000000002,True
4444,0.25,0.13,0.14,0.22,0.26,0.9664822681765768,0.25277866244174607,0.16719648449962649,-0.120921696994992,2.09043264131676,0.21500000000000002,True
4445,0.27,0.15,0.14,0.18,0.26,0.9645599496982407,0.2523704080100546,0.16880717266917245,-0.1205716842136052,2.0931150597760113,0.21500000000000002,True
4446,0.22,0.13,0.14,0.25,0.26,0.9605116374826486,0.2515097714984107,0.16530403036189462,-0.12063010211937586,2.084966911903266,0.21500000000000002,True
4447,0.25,0.14,0.13,0.22,0.26,0.9598693265728051,0.25137311281596064,0.16666585406437906,-0.11845729619581458,2.1220568161578752,0.21500000000000002,True
4448,0.14,0.13,0.22,0.26,0.25,0.9576881366558538,0.25090881776324236,0.16212310040866795,-0.13316195522315422,1.8842380118463018,0.21500000000000002,True
4449,0.22,0.14,0.13,0.25,0.26,0.953916532941778,0.25010516765193636,0.16476573892609125,-0.11816713806305945,2.1165374041509635,0.21500000000000002,True
4450,0.26,0.13,0.14,0.22,0.25,0.9523620097928636,0.2497736301738176,0.16310625889434002,-0.11693869665706458,2.135936497618969,0.21500000000000002,True
4451,0.26,0.14,0.13,0.22,0.25,0.9457401436259005,0.24835939125356332,0.1625718367727795,-0.114446811031233,2.170085728171011,0.21500000000000002,True
4452,0.25,0.13,0.26,0.14,0.22,0.9457369260063986,0.2483587032837402,0.157307468494638,-0.13098028868944678,1.8961532744258698,0.21500000000000002,True
4453,0.22,0.13,0.14,0.26,0.25,0.9444686142157177,0.24808746226233103,0.16047015837919493,-0.11655258469083485,2.1285453507565113,0.21500000000000002,True
4454,0.26,0.13,0.25,0.14,0.22,0.9439964360772803,0.24798645216495196,0.15718282918535947,-0.12889506081793,1.9239406893584838,0.21500000000000002,True
4455,0.22,0.14,0.13,0.26,0.25,0.9378705752010454,0.24667450001144386,0.15992475267526352,-0.11406266875437698,2.1626225539456185,0.21500000000000002,True
4456,0.25,0.1,0.25,0.2,0.2,0.9173719981152386,0.24226418599109123,0.14667234227012393,-0.12145044517660886,1.994757496679402,0.21500000000000002,True
4457,0.25,0.2,0.1,0.2,0.25,0.9152629407716393,0.24180863712858947,0.16074598980551041,-0.10588778059843573,2.2836311778562455,0.21500000000000002,True
4458,0.2,0.1,0.25,0.25,0.2,0.9076587394226816,0.24016337437312618,0.1431710243082556,-0.12095680331728709,1.9855301048519207,0.21500000000000002,True
4459,0.26,0.13,0.14,0.25,0.22,0.9029711840806061,0.23914698434680903,0.14875360022735357,-0.1044011704340082,2.2906542460457704,0.21500000000000002,True
4460,0.25,0.13,0.14,0.26,0.22,0.9010492780372337,0.23872978010574797,0.147999980932758,-0.10430679941525056,2.2887269233077783,0.21500000000000002,True
4461,0.25,0.1,0.2,0.25,0.2,0.8985481282460412,0.23818641323218204,0.14249956033441333,-0.11028191412139632,2.159795784556213,0.21500000000000002,True
4462,0.26,0.14,0.13,0.25,0.22,0.8963439169929812,0.23770715953083088,0.14819825072533205,-0.10182538874792435,2.334458649790094,0.21500000000000002,True
4463,0.25,0.14,0.13,0.26,0.22,0.8944280010389944,0.23729028702039012,0.1474411759178381,-0.10173155308201864,2.3325141495586967,0.21500000000000002,True
4464,0.15,0.14,0.27,0.26,0.18,0.860153544092106,0.22978474959419715,0.13277263212090576,-0.11550159510050484,1.9894508763645014,0.21500000000000002,True
4465,0.15,0.14,0.26,0.27,0.18,0.8564285069287567,0.22896348945122624,0.13181787891996577,-0.11324582493018198,2.0218272028340665,0.21500000000000002,True
4466,0.27,0.14,0.15,0.26,0.18,0.8376043727756404,0.22479643348235956,0.1312773739579732,-0.08906003623118908,2.524099955436973,0.21500000000000002,True
4467,0.26,0.14,0.15,0.27,0.18,0.8357495033062232,0.2243842874533375,0.13039556451098366,-0.08896831474262146,2.522069661569561,0.21500000000000002,True
4468,0.25,0.2,0.1,0.25,0.2,0.8323953091897058,0.2236382907344916,0.13655147045033103,-0.08403252149170481,2.6613302417275175,0.21500000000000002,True
4469,0.27,0.15,0.14,0.26,0.18,0.8309764157253205,0.22332244465565654,0.13068002212160276,-0.08637103188409267,2.5856174203794224,0.21500000000000002,True
4470,0.26,0.15,0.14,0.27,0.18,0.8291275750165927,0.2229106472458977,0.12979339975114923,-0.08627990475098213,2.5835754905995105,0.21500000000000002,True
4471,0.2,0.15,0.3,0.2,0.15,0.8264051744904286,0.22230377394507772,0.12481792099614093,-0.10977541187389728,2.0250780220296107,0.21500000000000002,True
4472,0.25,0.25,0.1,0.2,0.2,0.8183089057089359,0.22049539466665502,0.13725634727346686,-0.0823726770000438,2.676802584266355,0.21500000000000002,True
4473,0.3,0.15,0.2,0.2,0.15,0.8067390663443954,0.21790181850538048,0.12430656115853968,-0.08733395373757846,2.4950412660822967,0.21500000000000002,True
4474,0.2,0.15,0.2,0.3,0.15,0.7885018666551065,0.21379106099778444,0.11508015043869982,-0.08641289394162732,2.474064358291278,0.21500000000000002,True
4475,0.3,0.2,0.15,0.2,0.15,0.7736051375010369,0.21041247512454486,0.12104689371995069,-0.07433717304488197,2.8305148891995904,0.21500000000000002,True
4476,0.2,0.2,0.15,0.3,0.15,0.755670181345238,0.20631962083103983,0.1115059700420701,-0.0727881644030215,2.8345215533759958,0.21500000000000002,True
4477,0.25,0.2,0.25,0.2,0.1,0.7132647299021082,0.1965303330934618,0.1023333629293191,-0.0740259406786643,2.6548846430276516,0.21500000000000002,True
4478,0.2,0.2,0.25,0.25,0.1,0.7045118072905792,0.19448966136887824,0.097195537137626,-0.07357328061191193,2.643482249959495,0.21500000000000002,True
4479,0.25,0.2,0.2,0.25,0.1,0.6939632672504152,0.19202105090765342,0.09733028511371589,-0.06181202558235632,3.106532249971502,0.21500000000000002,True
4480,0.25,0.25,0.2,0.2,0.1,0.680493006233617,0.18885374154647838,0.09819036146585233,-0.06053659728128369,3.119662320446725,0.21500000000000002,True
4481,0.2,0.25,0.2,0.25,0.1,0.6718918766381534,0.186822463461235,0.09279503546733014,-0.06051685668641571,3.0871144618317765,0.21500000000000002,True
4482,0.22,0.13,0.24,0.14,0.27,1.0126088048619972,0.2624960462564214,0.17732808092573352,-0.14598998663832874,1.7980414431211733,0.2154,True
4483,0.18,0.13,0.26,0.16,0.27,1.011586705670783,0.2622823401583334,0.1768064621068343,-0.14976604543394167,1.7512804013645407,0.2154,True
4484,0.22,0.14,0.24,0.13,0.27,1.009607426286542,0.26186829564713854,0.17745008891947348,-0.1457601316862437,1.796570108833489,0.2154,True
4485,0.24,0.13,0.22,0.14,0.27,1.0094647215158887,0.26183843279762886,0.17697247928193036,-0.14197822318040354,1.844215450315404,0.2154,True
4486,0.16,0.13,0.26,0.18,0.27,1.0074651185519974,0.26141984078824243,0.1758740900592691,-0.1495590292915241,1.7479375336053868,0.2154,True
4487,0.24,0.14,0.22,0.13,0.27,1.0064686565527659,0.26121114007090895,0.1770959964732314,-0.14174170436032674,1.8428672157551784,0.2154,True
4488,0.18,0.13,0.27,0.16,0.26,0.9996223948600615,0.2597753754457721,0.1728694197220764,-0.14806012102438093,1.7545262941058595,0.2154,True
4489,0.26,0.13,0.18,0.16,0.27,0.9989927190645378,0.25964315841805363,0.17532355849578637,-0.13366783753682854,1.942450504194893,0.2154,True
4490,0.16,0.13,0.27,0.18,0.26,0.9955245339390772,0.25891442342889603,0.171914498616763,-0.14785325296885532,1.7511581127229936,0.2154,True
4491,0.26,0.13,0.16,0.18,0.27,0.991700789842251,0.25810999898517784,0.1739432278756371,-0.1293724619497163,1.9950922715337864,0.2154,True
4492,0.27,0.13,0.18,0.16,0.26,0.9851471303373647,0.25672886734631817,0.17128813440990298,-0.129809780174181,1.977731315790189,0.2154,True
4493,0.24,0.13,0.14,0.22,0.27,0.9803864784600766,0.25572369040907916,0.17132815082797648,-0.1248554279136449,2.0481583755088972,0.2154,True
4494,0.27,0.13,0.16,0.18,0.26,0.9778090606698226,0.25517881507048834,0.16989643139146998,-0.12547614627543713,2.0336838725532447,0.2154,True
4495,0.22,0.13,0.14,0.24,0.27,0.9763726222585174,0.2548749413802043,0.17012026292939555,-0.12465973697954191,2.044565050077333,0.2154,True
4496,0.22,0.13,0.27,0.14,0.24,0.9760207833104964,0.2548004885900381,0.1655981927289625,-0.14075641484562074,1.8102229221275563,0.2154,True
4497,0.24,0.14,0.13,0.22,0.27,0.9737830257921476,0.2543267487628862,0.17080140949382852,-0.12241802428312731,2.077526983891535,0.2154,True
4498,0.22,0.14,0.27,0.13,0.24,0.9730510734543025,0.254171714587093,0.1657214726788595,-0.14051584931515182,1.8088472996169382,0.2154,True
4499,0.26,0.16,0.13,0.18,0.27,0.9718690428069603,0.2539212687375223,0.1723427273451785,-0.12207451093358046,2.0800514931055374,0.2154,True
4500,0.22,0.14,0.13,0.24,0.27,0.9697810387649906,0.2534786227039305,0.16958876354188707,-0.12222326492012314,2.0738983111733025,0.2154,True
4501,0.14,0.13,0.27,0.22,0.24,0.9598938303839859,0.2513783268180525,0.161391902309067,-0.13993778961542058,1.796357706584438,0.2154,True
4502,0.18,0.13,0.16,0.27,0.26,0.9598153189885048,0.2513616207498448,0.16443689909326517,-0.12459235600455443,2.0174722495869357,0.2154,True
4503,0.27,0.16,0.13,0.18,0.26,0.9579486407678783,0.25096428763139866,0.16828469483890784,-0.11809733824300228,2.1250630316070587,0.2154,True
4504,0.24,0.13,0.27,0.14,0.22,0.9474662039548387,0.24872833660626803,0.15747108585246788,-0.13305790878122148,1.8693239573999014,0.2154,True
4505,0.27,0.13,0.24,0.14,0.22,0.9422447200162276,0.24761157559674118,0.1570971187233686,-0.12680218330304682,1.9527390550127186,0.2154,True
4506,0.27,0.13,0.14,0.22,0.24,0.9380288537556922,0.24670843269673703,0.15906275445969173,-0.11290549542790185,2.1850879070299802,0.2154,True
4507,0.27,0.14,0.13,0.22,0.24,0.9313986273982324,0.24528542038080925,0.15852468614878132,-0.11038562524464979,2.2220775561779758,0.2154,True
4508,0.22,0.13,0.14,0.27,0.24,0.9282471333071727,0.24460788879751205,0.15561941515570435,-0.11242632613834724,2.1757171758553024,0.2154,True
4509,0.14,0.13,0.27,0.24,0.22,0.9276438518423862,0.24447810669359815,0.151676990217322,-0.13204653385396903,1.851454177237002,0.2154,True
4510,0.22,0.14,0.13,0.27,0.24,0.9216467463922497,0.24318649254069546,0.15506655883992768,-0.10990898756761047,2.212616983584708,0.2154,True
4511,0.27,0.13,0.14,0.24,0.22,0.9048930154953982,0.23956389156277713,0.14952854746702293,-0.10449560175061512,2.2925739222451718,0.2154,True
4512,0.24,0.13,0.14,0.27,0.22,0.8991272983480283,0.2383122785470151,0.14726814820576123,-0.10421248863660892,2.2867919350627437,0.2154,True
4513,0.27,0.14,0.13,0.24,0.22,0.8982597556076195,0.23812373450958835,0.1489767051053338,-0.1019192845536836,2.3363952715362934,0.2154,True
4514,0.24,0.14,0.13,0.27,0.22,0.8925120087283924,0.23687311668492916,0.14670594306910945,-0.1016377774982079,2.3305617509110306,0.2154,True
4515,0.16,0.13,0.27,0.26,0.18,0.8649351941092225,0.23083735589795373,0.13322473657588121,-0.11588647804684804,1.991926580119519,0.2154,True
4516,0.16,0.13,0.26,0.27,0.18,0.8612012342183701,0.23001553657387852,0.13227309749737376,-0.11363401164775977,2.0241786172864833,0.2154,True
4517,0.27,0.13,0.16,0.26,0.18,0.8442417742325079,0.2262689746294575,0.13189350457623467,-0.09173222486566646,2.46662473259324,0.2154,True
4518,0.26,0.13,0.16,0.27,0.18,0.8423808731586333,0.225856481243917,0.13101658894008772,-0.09163991822366846,2.4646080618782515,0.2154,True
4519,0.27,0.16,0.13,0.26,0.18,0.8243579066671565,0.2218470027431465,0.13010178787256546,-0.08366505259494961,2.651608955739044,0.2154,True
4520,0.26,0.16,0.13,0.27,0.18,0.8225150918753439,0.22143555522388425,0.12921043888091802,-0.08357452915887609,2.649557914983079,0.2154,True
4521,0.21,0.13,0.26,0.14,0.26,1.0021475463792795,0.2603053188533142,0.17363519922173187,-0.146267478343179,1.7796527416885848,0.21580000000000002,True
4522,0.26,0.14,0.19,0.14,0.27,0.999648874883728,0.2597809350163147,0.1761578225937823,-0.13555919541410866,1.9163652766065133,0.21580000000000002,True
4523,0.26,0.13,0.21,0.14,0.26,0.9941164939337008,0.25861832507843086,0.17279461205565275,-0.1361607376449443,1.89936048784349,0.21580000000000002,True
4524,0.26,0.14,0.21,0.13,0.26,0.9911363139871388,0.25799115954519736,0.1729200175702333,-0.13591379415671956,1.8981970236789414,0.21580000000000002,True
4525,0.27,0.14,0.19,0.14,0.26,0.9858396896452255,0.25687496223727324,0.17212963776943374,-0.13171294091565766,1.950263660134679,0.21580000000000002,True
4526,0.26,0.14,0.14,0.19,0.27,0.981434305939997,0.25594506970466946,0.1727380697631483,-0.12478689756044059,2.0510572400496003,0.21580000000000002,True
4527,0.26,0.13,0.14,0.21,0.26,0.9684724648429595,0.253201052325533,0.1678679496332126,-0.12101901651870428,2.0922418609012507,0.21580000000000002,True
4528,0.27,0.14,0.14,0.19,0.26,0.9675099862743188,0.2529968160185576,0.16868221120620996,-0.12084444461624477,2.0935742377068114,0.21580000000000002,True
4529,0.26,0.14,0.13,0.21,0.26,0.9618535721299784,0.25179518649129906,0.16733997097750675,-0.11855413656935654,2.1238836010078304,0.21580000000000002,True
4530,0.21,0.13,0.14,0.26,0.26,0.9585214169622405,0.25108623316455314,0.16471506130586983,-0.12053302487062889,2.083132265485333,0.21580000000000002,True
4531,0.26,0.13,0.26,0.14,0.21,0.9311083203434218,0.24522303885277497,0.15335943388440276,-0.12703814694905202,1.9303102630355617,0.21580000000000002,True
4532,0.26,0.13,0.14,0.26,0.21,0.8861663581540831,0.23548945975963265,0.14395295302801792,-0.10012012747077526,2.352069116455842,0.21580000000000002,True
4533,0.26,0.14,0.13,0.26,0.21,0.8795384639066739,0.23404094227425154,0.14339008752546994,-0.09751538212337185,2.400041277366416,0.21580000000000002,True
4534,0.27,0.14,0.14,0.26,0.19,0.8510914272300405,0.22778490471740387,0.13532202742481167,-0.09116195535157168,2.498683840632174,0.21580000000000002,True
4535,0.26,0.14,0.14,0.27,0.19,0.8492235083485442,0.2273718778937448,0.1344669385829501,-0.091069971461617,2.4966723305669927,0.21580000000000002,True
4536,0.21,0.13,0.25,0.14,0.27,1.0141641933821597,0.26282111660838625,0.17755817031066526,-0.14798518562730822,1.7759961275467493,0.216,True
4537,0.25,0.13,0.21,0.14,0.27,1.0078759983873842,0.2615058760565738,0.17684688247257774,-0.13996158231141087,1.8684118294313798,0.216,True
4538,0.25,0.14,0.21,0.13,0.27,1.0048826018298551,0.2608788114565397,0.17697115056775797,-0.13972169796318556,1.8671317000833836,0.216,True
4539,0.21,0.13,0.27,0.14,0.25,0.9899790399409489,0.25774744769438995,0.16973369129058943,-0.1445348565957738,1.783289192414271,0.216,True
4540,0.25,0.13,0.14,0.21,0.27,0.9823934221979598,0.256147638162713,0.17196231870537573,-0.12495336434369353,2.049945909884906,0.216,True
4541,0.25,0.14,0.13,0.21,0.27,0.9757840308766714,0.25475038433131925,0.17143802874131217,-0.1225154947641709,2.079331963860459,0.216,True
4542,0.21,0.13,0.14,0.25,0.27,0.974365711760359,0.25445013955946494,0.1695472255073014,-0.12456198236287686,2.042759233055515,0.216,True
4543,0.27,0.13,0.14,0.21,0.25,0.954335298712931,0.2501944489225747,0.16381650325349983,-0.11703537608613068,2.1377677185268094,0.216,True
4544,0.27,0.14,0.13,0.21,0.25,0.9477074689809475,0.2487798896300102,0.16328495092857154,-0.11454299771968335,2.1719345100329885,0.216,True
4545,0.21,0.13,0.14,0.27,0.25,0.942495210260974,0.24766519565261502,0.15986426092828288,-0.11645620785222255,2.126680923415354,0.216,True
4546,0.25,0.13,0.27,0.14,0.21,0.9328761821232274,0.2456028222669271,0.15349178527044802,-0.12913606392405086,1.9018918093351067,0.216,True
4547,0.27,0.13,0.25,0.14,0.21,0.9293292180032819,0.24484060656948214,0.1532669890978899,-0.1249324994022879,1.9597831448251515,0.216,True
4548,0.27,0.13,0.14,0.25,0.21,0.88807078389127,0.23590504167197723,0.14475238198515364,-0.10021375840251179,2.354018504369999,0.216,True
4549,0.25,0.13,0.14,0.27,0.21,0.8842618412362717,0.23507357806699014,0.14317527805558877,-0.10002655669002314,2.350111668798821,0.216,True
4550,0.27,0.14,0.13,0.25,0.21,0.8814368870986502,0.23445618771574583,0.14419328479180105,-0.09760846245938315,2.4020067708095265,0.216,True
4551,0.25,0.14,0.13,0.27,0.21,0.8776399468232876,0.23362539653707026,0.1426086969621131,-0.09742236176920893,2.3980674692584727,0.216,True
4552,0.19,0.13,0.26,0.15,0.27,1.013647576926262,0.2627131642810987,0.1773044187643155,-0.14986964786222523,1.7529444288987068,0.21600000000000003,True
4553,0.15,0.13,0.26,0.19,0.27,1.005404404654176,0.2609881649892356,0.1754402827998916,-0.14945561546284103,1.7462586747309257,0.21600000000000003,True
4554,0.26,0.13,0.19,0.15,0.27,1.002635493056752,0.26040767087936634,0.17603333985801986,-0.13580595018507058,1.9174982430776695,0.21600000000000003,True
4555,0.19,0.13,0.27,0.15,0.26,1.0016713826230723,0.2602054223856607,0.17337921036926826,-0.14816364974844964,1.7562028394105715,0.21600000000000003,True
4556,0.15,0.13,0.27,0.19,0.26,0.9934756627466046,0.2584835177917584,0.1714700016473166,-0.1477499135219421,1.7494664574092722,0.21600000000000003,True
4557,0.27,0.13,0.19,0.15,0.26,0.9888130299233375,0.25750180053448757,0.1720040025693275,-0.1319668769847786,1.9512608498281616,0.21600000000000003,True
4558,0.26,0.13,0.15,0.19,0.27,0.9880516414364222,0.25734134449418233,0.17327297085845883,-0.12721514175132698,2.022882975654099,0.21600000000000003,True
4559,0.26,0.15,0.13,0.19,0.27,0.974825725633395,0.25454753590767987,0.17221762811457236,-0.12234416663654668,2.0805858007425533,0.21600000000000003,True
4560,0.27,0.13,0.15,0.19,0.26,0.9741368974124922,0.2544016882512421,0.16922090606402318,-0.12329955069928011,2.063281551379793,0.21600000000000003,True
4561,0.19,0.13,0.15,0.26,0.27,0.9739715138680622,0.2543666660483761,0.16912857143089957,-0.12652677825034675,2.0103781157304463,0.21600000000000003,True
4562,0.27,0.15,0.13,0.19,0.26,0.960891910139736,0.25159066460410506,0.16815832651444132,-0.1183745999227811,2.1253771059688846,0.21600000000000003,True
4563,0.19,0.13,0.15,0.27,0.26,0.958178821096022,0.2510132964768368,0.1642732366624571,-0.12251794607968047,2.048787989912828,0.21600000000000003,True
4564,0.15,0.13,0.27,0.26,0.19,0.8799183980862859,0.23412406832012245,0.13753999040176185,-0.11995201917807885,1.9518143164605308,0.21600000000000003,True
4565,0.15,0.13,0.26,0.27,0.19,0.8762044527136095,0.2333110108312657,0.136604494240673,-0.11772010723732862,1.9819129994581217,0.21600000000000003,True
4566,0.27,0.13,0.15,0.26,0.19,0.8577273358921704,0.22924996734842895,0.1359128549815145,-0.09381533105359263,2.4436301058029457,0.21600000000000003,True
4567,0.26,0.13,0.15,0.27,0.19,0.8558533950633165,0.22883659646779742,0.13506221969079374,-0.09372277162272957,2.4416328337893516,0.21600000000000003,True
4568,0.27,0.15,0.13,0.26,0.19,0.8444648923614868,0.22631841308560818,0.13474961051594686,-0.08849195947999011,2.557502561990206,0.21600000000000003,True
4569,0.26,0.15,0.13,0.27,0.19,0.8426029925835783,0.22590573155386195,0.13389014639217117,-0.08840056016636866,2.555478507474505,0.21600000000000003,True
4570,0.2,0.13,0.26,0.14,0.27,1.015708498668773,0.2631437050622272,0.1778231465058922,-0.14997331327170782,1.7546035312661772,0.21700000000000003,True
4571,0.26,0.13,0.2,0.14,0.27,1.0062761354201872,0.26117081014827237,0.17675600325929866,-0.13793771729288962,1.8933966378007847,0.21700000000000003,True
4572,0.2,0.13,0.27,0.14,0.26,1.003720407277426,0.26063518365202687,0.1739101279457297,-0.14826724168047645,1.7578743672436365,0.21700000000000003,True
4573,0.26,0.14,0.2,0.13,0.27,1.003285415001224,0.26054397312772704,0.17688101959594132,-0.13769444478461645,1.8921894309917404,0.21700000000000003,True
4574,0.27,0.13,0.2,0.14,0.26,0.9924768347946282,0.25827334354065723,0.17273300836228214,-0.13411753240377855,1.9257239446002572,0.21700000000000003,True
4575,0.14,0.13,0.27,0.2,0.26,0.9914268323764786,0.2580523253607929,0.17104789777281595,-0.1476466370520788,1.7477697461525734,0.21700000000000003,True
4576,0.26,0.13,0.14,0.2,0.27,0.9844003750502752,0.2565713017715967,0.17261618012726748,-0.12505136149093488,2.0517273759566055,0.21700000000000003,True
4577,0.26,0.14,0.13,0.2,0.27,0.9777850423648358,0.2551737352891017,0.17209438691287934,-0.12261302585352185,2.0811307241853885,0.21700000000000003,True
4578,0.2,0.13,0.14,0.26,0.27,0.9723588143076234,0.2540250525029646,0.16899524604685523,-0.12446428823817435,2.040947295796713,0.21700000000000003,True
4579,0.27,0.13,0.14,0.2,0.26,0.9704626530889375,0.25362315578649297,0.1685591371759354,-0.12111639675287311,2.0940447584812794,0.21700000000000003,True
4580,0.27,0.14,0.13,0.2,0.26,0.9638378065559883,0.25221697327065695,0.168033855393493,-0.11865103753551154,2.1257039003571285,0.21700000000000003,True
4581,0.2,0.13,0.14,0.27,0.26,0.9565311929351952,0.2506624070247341,0.16414761602028333,-0.12043600804926391,2.0812912274724478,0.21700000000000003,True
4582,0.26,0.13,0.27,0.14,0.2,0.9180818727848079,0.2424174412334399,0.14957820033805452,-0.12516459994260742,1.9367891667819592,0.21700000000000003,True
4583,0.14,0.13,0.27,0.26,0.2,0.8947055435474209,0.23735069321382163,0.14191404663075416,-0.12396631797819535,1.9146385654171776,0.21700000000000003,True
4584,0.14,0.13,0.26,0.27,0.2,0.8910119815401751,0.23654631815191252,0.14099422052506938,-0.12175462278530491,1.942811802464574,0.21700000000000003,True
4585,0.27,0.13,0.14,0.26,0.2,0.8710837851037603,0.2321882318591617,0.1399738399423506,-0.09587939307674553,2.42166981254574,0.21700000000000003,True
4586,0.26,0.13,0.14,0.27,0.2,0.8691968916321127,0.23177398718278175,0.13914823772124785,-0.09578658932403739,2.4196914079351055,0.21700000000000003,True
4587,0.27,0.14,0.13,0.26,0.2,0.864449837979862,0.23073059436613108,0.13940725081772165,-0.09324459859574619,2.4744660585268154,0.21700000000000003,True
4588,0.26,0.14,0.13,0.27,0.2,0.8625689567984647,0.2303166905412961,0.13857758905384662,-0.09315236096099544,2.4724729267756707,0.21700000000000003,True
4589,0.22,0.13,0.26,0.13,0.26,1.0041921284475777,0.26073408068409476,0.17420887936092264,-0.14637070666675112,1.78132692409363,0.2174,True
4590,0.27,0.14,0.18,0.14,0.27,0.9980338874307173,0.25944177310121264,0.17611665000669743,-0.13351778023811955,1.9431252724432395,0.2174,True
4591,0.26,0.13,0.22,0.13,0.26,0.9977715580843491,0.2593866643205962,0.17355112439848097,-0.13829808821605583,1.8755621835883232,0.2174,True
4592,0.27,0.14,0.14,0.18,0.27,0.9834398609625248,0.2563685748909694,0.17341258346091798,-0.12488501800104856,2.052836913462405,0.2174,True
4593,0.26,0.13,0.13,0.22,0.26,0.9648007044845202,0.2524215531497793,0.16721871885696546,-0.1188298114562274,2.124227498608481,0.2174,True
4594,0.22,0.13,0.13,0.26,0.26,0.9568580940376541,0.2507320416409682,0.16464996783157088,-0.11844304238428038,2.1168997063372044,0.2174,True
4595,0.26,0.13,0.26,0.13,0.22,0.9477143446129179,0.24878135873876972,0.15803289866024622,-0.13108130844836008,1.8979163519471425,0.2174,True
4596,0.26,0.13,0.13,0.26,0.22,0.8992300446046351,0.23833460470268175,0.14807646644425582,-0.10213317063234773,2.333567079402861,0.2174,True
4597,0.27,0.14,0.14,0.27,0.18,0.8338018266705969,0.22395122101778275,0.13055098641842336,-0.08671063561542658,2.582742237192641,0.2174,True
4598,0.22,0.13,0.25,0.13,0.27,1.0162207181826415,0.26325066571333533,0.17811882097115528,-0.14808849271312796,1.7776578104775207,0.21760000000000002,True
4599,0.18,0.13,0.27,0.15,0.27,1.0151763800893367,0.26303256993454194,0.17762614503594262,-0.15185032409438748,1.7321831316675067,0.21760000000000002,True
4600,0.25,0.13,0.22,0.13,0.27,1.011507850181486,0.2622658496126691,0.17759634841846372,-0.1420802441135739,1.8458994862299298,0.21760000000000002,True
4601,0.15,0.13,0.27,0.18,0.27,1.0089806462258575,0.2617371231440293,0.17626271899635618,-0.15153845359206464,1.7271993803540784,0.21760000000000002,True
4602,0.27,0.13,0.18,0.15,0.27,1.0010178167274284,0.26006828214901523,0.1759914125832311,-0.1337679673836346,1.9441745825677577,0.21760000000000002,True
4603,0.27,0.15,0.18,0.13,0.27,0.9950526040802397,0.2588151962813172,0.17624370378908968,-0.13326685831465568,1.9420822217496116,0.21760000000000002,True
4604,0.22,0.13,0.27,0.13,0.25,0.9920115921648944,0.2581754227983353,0.17032088253353952,-0.1446380008907837,1.784976432253677,0.21760000000000002,True
4605,0.27,0.13,0.15,0.18,0.27,0.9900631404459266,0.25776516171305364,0.17394490565160398,-0.12731372296885501,2.024645542539913,0.21760000000000002,True
4606,0.27,0.13,0.22,0.13,0.25,0.9838161064341038,0.2564479933613186,0.16954929664987553,-0.13446911412667673,1.9071144703142136,0.21760000000000002,True
4607,0.25,0.13,0.13,0.22,0.27,0.9787445788833691,0.25537664167008867,0.17131796405904762,-0.12278362160662992,2.07989175045069,0.21760000000000002,True
4608,0.27,0.15,0.13,0.18,0.27,0.9768253395127089,0.25497072807189936,0.17289467831575006,-0.12244181903833795,2.082382719192248,0.21760000000000002,True
4609,0.22,0.13,0.13,0.25,0.27,0.9727373741250569,0.2541052584710837,0.16947276704739073,-0.12249157276524303,2.0744713512502635,0.21760000000000002,True
4610,0.27,0.13,0.13,0.22,0.25,0.9506409901579234,0.24940637817030065,0.1631623923830155,-0.11482638967092484,2.172030130748357,0.21760000000000002,True
4611,0.25,0.13,0.27,0.13,0.22,0.9494482671131341,0.2491517337284026,0.15817321708886597,-0.13315939448326364,1.871078902808601,0.21760000000000002,True
4612,0.27,0.13,0.25,0.13,0.22,0.9459692006660443,0.24840836474481254,0.15793128897155023,-0.12899561053709274,1.925711764226137,0.21760000000000002,True
4613,0.22,0.13,0.13,0.27,0.25,0.9407971893090608,0.24730162617036022,0.15980911444116572,-0.11434633200297506,2.1627420997109548,0.21760000000000002,True
4614,0.13,0.13,0.27,0.25,0.22,0.9256614661987144,0.24405145130989725,0.15122908866157672,-0.1319457432676061,1.8496348973905408,0.21760000000000002,True
4615,0.27,0.13,0.13,0.25,0.22,0.901147230307646,0.23875105022483845,0.1488535127973357,-0.10222702220616753,2.3354984335094344,0.21760000000000002,True
4616,0.25,0.13,0.13,0.27,0.22,0.8973127813166972,0.23791786192924014,0.1473208227422722,-0.10203937907874694,2.3316278879512935,0.21760000000000002,True
4617,0.15,0.13,0.27,0.27,0.18,0.8630214189990288,0.2304162841253916,0.132658682907629,-0.11578834398387228,1.9899782326750042,0.21760000000000002,True
4618,0.27,0.13,0.15,0.27,0.18,0.8404366743991034,0.22542522699326462,0.13115030937557512,-0.08939440098364737,2.521692908200156,0.21760000000000002,True
4619,0.27,0.15,0.13,0.27,0.18,0.8271764297056703,0.22247576215633602,0.1299707479504269,-0.08400995485027296,2.648207138699744,0.21760000000000002,True
4620,0.21,0.13,0.26,0.13,0.27,1.0177694699155926,0.2635739627757223,0.17836233593471687,-0.15007704171983416,1.7562577177378385,0.2184,True
4621,0.19,0.13,0.27,0.14,0.27,1.0172417348731297,0.26346381833156696,0.17812300906353273,-0.15195440709820085,1.733834663717933,0.2184,True
4622,0.26,0.13,0.21,0.13,0.27,1.0099146427427228,0.26193257993180197,0.1774914019959805,-0.1400631670670912,1.870103221401059,0.2184,True
4623,0.14,0.13,0.27,0.19,0.27,1.0069155150431661,0.26130473942707555,0.17585163378478497,-0.15143462273654185,1.7255283811924573,0.2184,True
4624,0.21,0.13,0.27,0.13,0.26,1.0057694678403655,0.261064659523065,0.17446185009102613,-0.14837089687836524,1.7595408871666143,0.2184,True
4625,0.27,0.13,0.19,0.14,0.27,1.0046651184630293,0.2608332281501349,0.17669975630478046,-0.13590658923691912,1.9192095807469456,0.2184,True
4626,0.27,0.14,0.19,0.13,0.27,1.001677081915584,0.260206618158733,0.17682551808935598,-0.13565990575775722,1.9180804874166297,0.2184,True
4627,0.27,0.13,0.21,0.13,0.26,0.9961385415391073,0.25904350017601785,0.17347499654029744,-0.13626177524050442,1.9010724006699717,0.2184,True
4628,0.27,0.13,0.14,0.19,0.27,0.9864073360342491,0.25699468150664684,0.17328939334348395,-0.12514941941184787,2.053502786624332,0.2184,True
4629,0.26,0.13,0.13,0.21,0.27,0.9807469940959479,0.25579986700408264,0.17197300051575615,-0.12288109210819331,2.0816861456509366,0.2184,True
4630,0.27,0.14,0.13,0.19,0.27,0.979786059273871,0.2555968019078456,0.17277014014017614,-0.12271061760773017,2.0829232782847984,0.2184,True
4631,0.21,0.13,0.13,0.26,0.27,0.9707349894412596,0.2536808940974469,0.1688988178831483,-0.12239434385185988,2.0726521023266384,0.2184,True
4632,0.19,0.13,0.14,0.27,0.27,0.9703519308830515,0.25359967993610666,0.16846466305532853,-0.12436665454930329,2.039129225234332,0.2184,True
4633,0.27,0.13,0.13,0.21,0.26,0.966786331111293,0.2528432137548686,0.16791127823863083,-0.11892665474963482,2.1260432683249673,0.2184,True
4634,0.21,0.13,0.13,0.27,0.26,0.9548724203547436,0.250308945109879,0.16405996717573385,-0.11834650085917753,2.1150515080097363,0.2184,True
4635,0.26,0.13,0.27,0.13,0.21,0.9348410942434282,0.24602466563734104,0.15423530581703013,-0.12923695255773315,1.903671208336765,0.2184,True
4636,0.27,0.13,0.26,0.13,0.21,0.9330685463975619,0.24564413322143452,0.15412658878042748,-0.12713855920138206,1.9320978211837738,0.2184,True
4637,0.13,0.13,0.27,0.26,0.21,0.9092934800458261,0.24051743914088264,0.14633864195718338,-0.1279303371723285,1.8800657018271887,0.2184,True
4638,0.27,0.13,0.13,0.26,0.21,0.8843086675257028,0.2350838066952532,0.144069604797408,-0.09792467090500445,2.4006596552497497,0.2184,True
4639,0.26,0.13,0.13,0.27,0.21,0.8824089085234428,0.23466869153993164,0.14326783561711823,-0.0978316310982611,2.398699570941762,0.2184,True
4640,0.14,0.13,0.27,0.27,0.19,0.8779872178660824,0.23370142784322856,0.13701961525330167,-0.11985321624951817,1.9498970086601082,0.2184,True
4641,0.27,0.13,0.14,0.27,0.19,0.8539355999823484,0.22841326357368752,0.13519641605564425,-0.09149153344171612,2.496550828052261,0.2184,True
4642,0.27,0.14,0.13,0.27,0.19,0.8473021891007098,0.22694675308136358,0.13462211040013078,-0.08882670793773995,2.5549382426784764,0.2184,True
4643,0.2,0.13,0.27,0.13,0.27,1.0193071431002982,0.2638947835869867,0.17864056057681907,-0.15205855328260143,1.7354813516904715,0.21960000000000002,True
4644,0.27,0.13,0.2,0.13,0.27,1.0083102859992947,0.2615967999844431,0.17742094555008786,-0.1380388620879902,1.895095308868116,0.21960000000000002,True
4645,0.27,0.13,0.13,0.2,0.27,0.9827494144838433,0.2562228082575544,0.17264744903565118,-0.12297862314749308,2.0834743608265667,0.21960000000000002,True
4646,0.2,0.13,0.13,0.27,0.27,0.9687326148465394,0.2532562442808406,0.1683459979997037,-0.12229717519517969,2.070826606392644,0.21960000000000002,True
4647,0.27,0.13,0.27,0.13,0.2,0.9200294731921399,0.2428377156696182,0.15036474777035322,-0.12526486822441352,1.938593949858084,0.21960000000000002,True
4648,0.13,0.13,0.27,0.27,0.2,0.8927571188919701,0.236926500394125,0.14143703810568545,-0.12386687078157088,1.9127511569411126,0.21960000000000002,True
4649,0.27,0.13,0.13,0.27,0.2,0.867305751410276,0.23135853033765397,0.13928291728038583,-0.0935694635098604,2.472585837934972,0.21960000000000002,True
4650,0.25,0.15,0.15,0.15,0.3,1.0265642238465142,0.2654067097049615,0.18705167637307168,-0.13839792233407822,1.9177073270240088,0.22,True
4651,0.15,0.15,0.15,0.25,0.3,1.0059873151551182,0.2611103023459349,0.1820366935678833,-0.13739591299586873,1.9004226301388314,0.22,True
4652,0.25,0.1,0.25,0.15,0.25,0.9997477823117245,0.25980170053131624,0.1701879220894965,-0.14141107160575395,1.8372090500496925,0.22,True
4653,0.15,0.1,0.25,0.25,0.25,0.9794708095443145,0.2555301689046394,0.16465803115997465,-0.140392851815895,1.8201081151890155,0.22,True
4654,0.25,0.1,0.15,0.25,0.25,0.9629047926672603,0.25201867882631057,0.1627366555474158,-0.11986661117576158,2.1024927321651994,0.22,True
4655,0.25,0.15,0.1,0.25,0.25,0.9298020308216324,0.24494226440069422,0.16011435240751512,-0.1073796489044998,2.2810864712226655,0.22,True
4656,0.25,0.15,0.3,0.15,0.15,0.835763241446932,0.2243873410443975,0.1288800769366213,-0.11026602338289249,2.034963574094127,0.22,True
4657,0.25,0.1,0.25,0.25,0.15,0.8308461219738426,0.22329343305065774,0.12329101304462574,-0.10025545628951449,2.2272446938532515,0.22,True
4658,0.15,0.15,0.3,0.25,0.15,0.8170436874392986,0.22021231128605012,0.12141637556135376,-0.10928639471497625,2.015002067369626,0.22,True
4659,0.15,0.15,0.25,0.3,0.15,0.7982308890984451,0.21598749165997777,0.11624683473461407,-0.09771280020102724,2.210431910820494,0.22,True
4660,0.3,0.15,0.15,0.25,0.15,0.7874870111603014,0.2135614881154726,0.12031604229987475,-0.07533798796897972,2.8347118614769236,0.22,True
4661,0.25,0.15,0.15,0.3,0.15,0.7784900668969013,0.21152245748917142,0.11527150315456991,-0.0748930037404254,2.8243286678992794,0.22,True
4662,0.25,0.25,0.1,0.25,0.15,0.7318986572166224,0.20085164132278988,0.11308555721039729,-0.06465840238745346,3.1063502020854727,0.22,True
4663,0.25,0.15,0.25,0.25,0.1,0.726909565184457,0.1996976950018945,0.10155411644061564,-0.0758817777562153,2.6316949985471014,0.22,True
4664,0.25,0.25,0.25,0.15,0.1,0.6996831173903668,0.19336090043743326,0.103188980334156,-0.07213971261041408,2.6803669357773368,0.22,True
4665,0.25,0.25,0.15,0.25,0.1,0.6612671209463941,0.18430363523969873,0.09370014397649663,-0.057672318801591405,3.1957035726923655,0.22,True
4666,0.2,0.1,0.2,0.2,0.3,1.0491730486254083,0.2700939710492922,0.18712662711350986,-0.14947982994246245,1.8068924158748132,0.22000000000000003,True
4667,0.2,0.1,0.3,0.2,0.2,0.9263194068399965,0.2441930878553389,0.1477625667371275,-0.13194250341344083,1.8507537869746318,0.22000000000000003,True
4668,0.3,0.1,0.2,0.2,0.2,0.908142637084377,0.24026820174241048,0.14662495886472124,-0.11076311063715827,2.1692077837132038,0.22000000000000003,True
4669,0.2,0.1,0.2,0.3,0.2,0.8889513756937453,0.23609710905859593,0.13893066187084255,-0.10980224887747625,2.1502028553353845,0.22000000000000003,True
4670,0.3,0.2,0.1,0.2,0.2,0.841689294450932,0.22570311285682676,0.14088535710683148,-0.086299633929662,2.6153426449153274,0.22000000000000003,True
4671,0.2,0.2,0.1,0.3,0.2,0.8230984025195385,0.2215658216996339,0.1327889835212067,-0.08358085208083788,2.650916043370071,0.22000000000000003,True
4672,0.3,0.2,0.2,0.2,0.1,0.7025887282500338,0.19404037566016163,0.10333178685649666,-0.0680468067524469,2.8515721004525187,0.22000000000000003,True
4673,0.2,0.2,0.2,0.3,0.1,0.6853314859156436,0.18999337167674413,0.09196579131810673,-0.061789676614406264,3.0748400394192577,0.22000000000000003,True
4674,0.2,0.1,0.25,0.15,0.3,1.066977660116835,0.2737610111733517,0.19083082906273652,-0.1597185774445552,1.7140210960643278,0.225,True
4675,0.25,0.1,0.2,0.15,0.3,1.0596100065336,0.2722461326085064,0.18983140574992752,-0.14999178128452662,1.8150736678836397,0.225,True
4676,0.15,0.1,0.25,0.2,0.3,1.056431838538625,0.2715915473634749,0.188634685655536,-0.1591965970205974,1.706013523193184,0.225,True
4677,0.25,0.15,0.2,0.1,0.3,1.044435555100272,0.26911466025571307,0.19044625730125436,-0.1488816552945984,1.8075743430122708,0.225,True
4678,0.25,0.1,0.15,0.2,0.3,1.0416376824156024,0.2685355872799611,0.18645015148705976,-0.13959155147411384,1.9237237815911725,0.225,True
4679,0.15,0.1,0.2,0.25,0.3,1.0387381078593778,0.26793490659391717,0.1849153191052475,-0.14896941271497333,1.7985900710138618,0.225,True
4680,0.2,0.1,0.15,0.25,0.3,1.0313122961800443,0.2663939613278814,0.18372540241895075,-0.13909158252618015,1.915241429349185,0.225,True
4681,0.25,0.2,0.15,0.1,0.3,1.0115572548792953,0.26227618135252606,0.18769641153845174,-0.13718687647121408,1.9118168450140307,0.225,True
4682,0.25,0.15,0.1,0.2,0.3,1.008637172111722,0.261665229323099,0.18397229312652424,-0.1277586245222041,2.0481218414935447,0.225,True
4683,0.2,0.1,0.3,0.15,0.25,1.0078393584264087,0.2614982043902627,0.17140251177868734,-0.15142322530191976,1.7269359034511822,0.225,True
4684,0.2,0.15,0.1,0.25,0.3,0.9984594612844839,0.2595311651759937,0.1811986179789753,-0.1272694576657405,2.039225827909351,0.225,True
4685,0.15,0.1,0.3,0.2,0.25,0.997587843494963,0.25934806764534524,0.16893775453581453,-0.15090263857000297,1.7186450157731006,0.225,True
4686,0.25,0.2,0.1,0.15,0.3,0.9937312488486756,0.25853728716045254,0.1846049623510124,-0.12646032618240566,2.044414204558826,0.225,True
4687,0.3,0.1,0.2,0.15,0.25,0.9913766431035882,0.25804175892365566,0.16987137371401637,-0.13121804871707887,1.9665111731696545,0.225,True
4688,0.3,0.1,0.15,0.2,0.25,0.9728148158267333,0.25412166488222954,0.16635640456122572,-0.12035215192378346,2.1114841805500872,0.225,True
4689,0.15,0.1,0.2,0.3,0.25,0.9613024650209452,0.2516779877232551,0.1606978704958419,-0.12972649922611246,1.9400661331697697,0.225,True
4690,0.2,0.1,0.15,0.3,0.25,0.952994225256921,0.24990848575229352,0.1596287834108002,-0.1193825815387517,2.093341277522743,0.225,True
4691,0.3,0.15,0.1,0.2,0.25,0.9395628215944973,0.24703719803427182,0.16380578284671823,-0.10785277321787456,2.2905039032721883,0.225,True
4692,0.25,0.1,0.3,0.15,0.2,0.9361488503553674,0.24630526710210532,0.15119221728075954,-0.13244964496833267,1.8596144003330046,0.225,True
4693,0.3,0.1,0.25,0.15,0.2,0.9270833826368612,0.24435751039183118,0.1507184539740327,-0.12194565086966036,2.0038230855236385,0.225,True
4694,0.3,0.2,0.1,0.15,0.25,0.9249894457238041,0.24390675045038468,0.1644699921857646,-0.10636211129508866,2.2931732689443827,0.225,True
4695,0.2,0.15,0.1,0.3,0.25,0.9200403569504243,0.2428400634867458,0.1569409114627233,-0.10690801934311056,2.271485946319658,0.225,True
4696,0.15,0.1,0.3,0.25,0.2,0.916488581540579,0.2420734118455623,0.1449208737623279,-0.13143694877665324,1.8417455220823042,0.225,True
4697,0.15,0.1,0.25,0.3,0.2,0.8979437294030781,0.23805503790385063,0.14027315998640869,-0.12046471789561486,1.9761390892072663,0.225,True
4698,0.3,0.1,0.15,0.25,0.2,0.8891549791001303,0.23614150884873109,0.14290234272066774,-0.09940680214392084,2.3755065423676562,0.225,True
4699,0.25,0.1,0.15,0.3,0.2,0.8796776672625075,0.23407139996718618,0.1387039346319154,-0.09894011122085,2.365788728948381,0.225,True
4700,0.3,0.15,0.1,0.25,0.2,0.8558728368890001,0.22884088655055201,0.140204296562285,-0.08619230338466166,2.65500372497616,0.225,True
4701,0.25,0.1,0.3,0.2,0.15,0.8500043169500833,0.22754456101903053,0.1282201677101021,-0.11175769605237162,2.0360527199164804,0.225,True
4702,0.25,0.15,0.1,0.3,0.2,0.8465459755688118,0.22677934702604552,0.13590487569570606,-0.08573987397269556,2.644969446750819,0.225,True
4703,0.2,0.1,0.3,0.25,0.15,0.8406134555633802,0.22546445242133073,0.12419694728415785,-0.11126843924896179,2.0263109102919716,0.225,True
4704,0.3,0.1,0.25,0.2,0.15,0.8401142274681273,0.22535367376649318,0.12803875167553885,-0.10073138660975278,2.2371743440755387,0.225,True
4705,0.2,0.1,0.25,0.3,0.15,0.8215740733024921,0.22122534585897458,0.11914389089557145,-0.0997810753282623,2.2171072533662506,0.225,True
4706,0.3,0.1,0.2,0.25,0.15,0.8207944468655188,0.22105113421577616,0.12363154056328274,-0.0890311031408928,2.4828529178837653,0.225,True
4707,0.25,0.1,0.2,0.3,0.15,0.8116458449470414,0.2190031046908436,0.11875003251191438,-0.08857062240692881,2.4726382037224024,0.225,True
4708,0.1,0.2,0.25,0.3,0.15,0.7750132032992565,0.21073263298323286,0.11409177255795185,-0.09561896259002134,2.203879097567459,0.225,True
4709,0.25,0.15,0.3,0.2,0.1,0.7462858105703514,0.20416693930804053,0.1069938735843657,-0.08804090945775678,2.3190007982141823,0.225,True
4710,0.25,0.2,0.1,0.3,0.15,0.7455759602859928,0.204003793219107,0.11232552341540197,-0.062325931315655336,3.273176812808641,0.225,True
4711,0.2,0.15,0.3,0.25,0.1,0.7373807394713341,0.20211706039734612,0.10211642393566255,-0.0875719961358894,2.308010200928982,0.225,True
4712,0.2,0.25,0.1,0.3,0.15,0.7230794655742581,0.19881030740239702,0.10848234153664921,-0.06160533926073131,3.227160336882089,0.225,True
4713,0.2,0.15,0.25,0.3,0.1,0.7181256243690428,0.19766060980268785,0.0964522631811316,-0.07542961609042331,2.6204642161473655,0.225,True
4714,0.3,0.15,0.2,0.25,0.1,0.716152626785848,0.197202097062106,0.10252266870357084,-0.06503714208787259,3.032145797483898,0.225,True
4715,0.2,0.3,0.1,0.25,0.15,0.70949675956484,0.1956527160002528,0.10927930502582808,-0.06086460943833438,3.2145563375130237,0.225,True
4716,0.25,0.15,0.2,0.3,0.1,0.7074964886021424,0.19518629858425784,0.09655026248083412,-0.06352179662355506,3.0727452458717006,0.225,True
4717,0.15,0.2,0.25,0.3,0.1,0.6957530567308023,0.1924406249860724,0.09281678215776307,-0.07312216311097997,2.6317687661126596,0.225,True
4718,0.25,0.2,0.15,0.3,0.1,0.6746257151926376,0.18746885179849215,0.09283472534990203,-0.05460802746286186,3.432990725145438,0.225,True
4719,0.15,0.25,0.2,0.3,0.1,0.6632845802469349,0.18478274200596112,0.08817090300753762,-0.06049720180782403,3.0544014679049734,0.225,True
4720,0.2,0.25,0.15,0.3,0.1,0.6527871436208388,0.1822855548364275,0.08808450253879918,-0.04927484591543019,3.6993632643576797,0.225,True
4721,0.2,0.3,0.15,0.25,0.1,0.6395213957153965,0.17911465467051824,0.08900917509712132,-0.04788894136608257,3.74020910801291,0.225,True
4722,0.15,0.15,0.15,0.35,0.2,0.8464599301546429,0.22676029590759872,0.13259512463180192,-0.09642978471602603,2.351558665980435,0.22999999999999998,True
4723,0.15,0.15,0.2,0.35,0.15,0.7793769666175117,0.21172376594973863,0.11147234822738233,-0.08595464473218661,2.4632033162305245,0.22999999999999998,True
4724,0.2,0.15,0.15,0.35,0.15,0.7694884710659289,0.20947547822542356,0.11084818221041888,-0.07444950292275165,2.813658520229128,0.22999999999999998,True
4725,0.15,0.2,0.15,0.35,0.15,0.7466958948031384,0.2042611695095804,0.10775791848068456,-0.07274327493199406,2.8079732415201164,0.22999999999999998,True
4726,0.25,0.05,0.25,0.2,0.25,1.0147298010755548,0.262939284990803,0.1696126631140705,-0.14259117037747582,1.8440081829382176,0.23,True
4727,0.2,0.05,0.25,0.25,0.25,1.0045557960826472,0.2608103135407893,0.1666143171317891,-0.14208317023858064,1.8356172170345482,0.23,True
4728,0.25,0.05,0.2,0.25,0.25,0.996230329881024,0.2590627936570782,0.16573509344449502,-0.13198616899818616,1.9628025847211188,0.23,True
4729,0.25,0.05,0.25,0.25,0.2,0.9319721648566737,0.2454086444239556,0.14609970835888167,-0.12281450562025764,1.998205693900352,0.23,True
4730,0.25,0.2,0.05,0.25,0.25,0.8969224925455372,0.23783299306136696,0.1578940048608588,-0.09789663338436871,2.4294297448163533,0.23,True
4731,0.25,0.25,0.05,0.2,0.25,0.882552477349734,0.23470007242906177,0.15856551484778647,-0.09680043463880372,2.4245766385740914,0.23,True
4732,0.2,0.25,0.05,0.25,0.25,0.8729732915978443,0.2326027711798757,0.1552984790903644,-0.09636596779986473,2.413743943950742,0.23,True
4733,0.25,0.25,0.05,0.25,0.2,0.7996674231467797,0.21631113272709035,0.1342774613059536,-0.07795878479730944,2.774685794416793,0.23,True
4734,0.25,0.2,0.25,0.25,0.05,0.6206719940599659,0.1745795406048114,0.08301894389758012,-0.057031073575078084,3.0611301815139007,0.23,True
4735,0.2,0.25,0.25,0.25,0.05,0.5992809309612726,0.16939010437594382,0.07763450669467241,-0.051318433719485745,3.3007652825465317,0.23,True
4736,0.25,0.1,0.25,0.1,0.3,1.0775258683802238,0.2759235959838853,0.19351204264400146,-0.1602421154316953,1.7219168334151222,0.235,True
4737,0.3,0.1,0.15,0.15,0.3,1.0519645934064203,0.27067031847887635,0.18963999293266667,-0.14009303641551885,1.9320754650221341,0.235,True
4738,0.3,0.15,0.15,0.1,0.3,1.0368550727903298,0.267544508787918,0.19027229779383475,-0.1389012222336362,1.9261494210461285,0.235,True
4739,0.25,0.1,0.1,0.25,0.3,1.0236093225409695,0.26479152768330083,0.1833834553056265,-0.1290381137856932,2.052041214141329,0.235,True
4740,0.15,0.1,0.15,0.3,0.3,1.0209885575436317,0.26424540825555876,0.18150219705445886,-0.13859312270780022,1.9066271333872373,0.235,True
4741,0.3,0.15,0.1,0.15,0.3,1.0188160688467192,0.26379234334678237,0.18721591657894204,-0.12824929647915106,2.056871660030244,0.235,True
4742,0.25,0.1,0.3,0.1,0.25,1.018091560579935,0.263641177406865,0.1743928491817516,-0.1519453989036591,1.7351047106995754,0.235,True
4743,0.3,0.1,0.25,0.1,0.25,1.0098866223701508,0.26192671700957515,0.1737149556627645,-0.1419225301991991,1.8455612131628505,0.235,True
4744,0.15,0.15,0.1,0.3,0.3,0.9882830592088938,0.25739011812223844,0.17893228446165962,-0.12678178899518755,2.0301820960422683,0.235,True
4745,0.3,0.1,0.1,0.25,0.25,0.9542015670543451,0.2501659385889914,0.16319006563898722,-0.10932116105556255,2.2883578638708784,0.235,True
4746,0.25,0.1,0.1,0.3,0.25,0.9444064343204936,0.24807416144377248,0.1595323799502929,-0.10884926010578722,2.2790615315407465,0.235,True
4747,0.35,0.1,0.2,0.15,0.2,0.9177347793648805,0.24234251176515498,0.1512460284767362,-0.11124584576907715,2.1784410023562297,0.235,True
4748,0.3,0.25,0.1,0.1,0.25,0.9104813026090783,0.2407745801684007,0.16518309310398732,-0.10484866459796438,2.2964010184739663,0.235,True
4749,0.35,0.1,0.15,0.2,0.2,0.8986295548368965,0.2382041104149648,0.14760445676072048,-0.09987499691459345,2.385022455807046,0.235,True
4750,0.15,0.1,0.2,0.35,0.2,0.8793525022713715,0.2340002515234556,0.13598039292368758,-0.10932410760774913,2.140426815675824,0.235,True
4751,0.2,0.1,0.15,0.35,0.2,0.8701977421679159,0.2319937465361297,0.13507324783635122,-0.09847491691142807,2.3558663851911987,0.235,True
4752,0.2,0.1,0.35,0.2,0.15,0.8596106505764194,0.22966512598709854,0.12959687025313957,-0.12257797194553144,1.8736247821847811,0.235,True
4753,0.3,0.1,0.3,0.15,0.15,0.8593916047027517,0.22961685383811758,0.1328300623615111,-0.11224853829478976,2.0456110816792323,0.235,True
4754,0.2,0.15,0.1,0.35,0.2,0.8372161621441423,0.2247101972882255,0.13218035549791213,-0.08528891807474437,2.6346939597861585,0.235,True
4755,0.15,0.1,0.3,0.3,0.15,0.8312191433865441,0.2233764874682289,0.12083864071161848,-0.11078076021540462,2.016383413815636,0.235,True
4756,0.35,0.1,0.2,0.2,0.15,0.8299386132200486,0.22309132618269523,0.12904034500649236,-0.08949310229120877,2.4928326370535294,0.235,True
4757,0.2,0.1,0.2,0.35,0.15,0.8024929303084838,0.21694719749298752,0.11448233932564417,-0.08811165261590781,2.4621850918935047,0.235,True
4758,0.3,0.1,0.15,0.3,0.15,0.8014326894096706,0.216708599069654,0.11964997062357866,-0.07714328497388523,2.809169963957522,0.235,True
4759,0.3,0.15,0.1,0.3,0.15,0.7681937209133267,0.20918047895665337,0.11679487341850299,-0.07246111854603843,2.8867961626033942,0.235,True
4760,0.25,0.1,0.3,0.25,0.1,0.7601055665471652,0.20733438486699618,0.10628685284815781,-0.08975597597484342,2.3099786127344584,0.235,True
4761,0.1,0.2,0.2,0.35,0.15,0.7563852487041454,0.20648333532287722,0.10923166200401964,-0.08377076380046045,2.4648615573652233,0.235,True
4762,0.3,0.1,0.25,0.25,0.1,0.7494267630470142,0.20488829951543508,0.106555818720134,-0.07816109602940369,2.621359089416523,0.235,True
4763,0.25,0.1,0.25,0.3,0.1,0.7406177600705892,0.20286300630529497,0.10085123207799299,-0.07770795246477069,2.6105823132743584,0.235,True
4764,0.2,0.2,0.1,0.35,0.15,0.7367253277911665,0.20196591315403145,0.10775882876044286,-0.062335285151155495,3.239993410863344,0.235,True
4765,0.15,0.15,0.3,0.3,0.1,0.728470179271572,0.20005889407673405,0.09798229796913044,-0.08710465510179666,2.2967646659404264,0.235,True
4766,0.15,0.3,0.1,0.3,0.15,0.700704146454489,0.19359975561873233,0.10536225593488692,-0.06087722322499778,3.1801673164888244,0.235,True
4767,0.2,0.15,0.2,0.35,0.1,0.6988339993877635,0.19316218852367917,0.09122141683698286,-0.06308700570826886,3.0618379546639547,0.235,True
4768,0.2,0.35,0.1,0.2,0.15,0.6959770729297341,0.19249311952481607,0.11014981304562176,-0.06031161807047292,3.19164243446249,0.235,True
4769,0.15,0.2,0.2,0.35,0.1,0.6766935070895961,0.18795729299135822,0.08738075574549001,-0.06176742397174284,3.0429841639072452,0.235,True
4770,0.2,0.2,0.15,0.35,0.1,0.6661153964520636,0.18545435216210016,0.08724867835920115,-0.050640090664671455,3.662204188972365,0.235,True
4771,0.15,0.3,0.15,0.3,0.1,0.6310651980213247,0.17708443986360956,0.0841486504082334,-0.04789681443470217,3.6972070471414993,0.235,True
4772,0.2,0.05,0.25,0.2,0.3,1.0822831709137843,0.2768965390598259,0.1902758625392208,-0.16073517915010216,1.7226878429721146,0.23500000000000001,True
4773,0.25,0.05,0.2,0.2,0.3,1.0748513468376455,0.2753759618892009,0.18925874781466812,-0.15108617016414116,1.8226417519884868,0.23500000000000001,True
4774,0.2,0.05,0.2,0.25,0.3,1.0643779297223368,0.2732268868719172,0.18658676463469823,-0.15057621155627088,1.8145421779974278,0.23500000000000001,True
4775,0.2,0.05,0.3,0.2,0.25,1.022889131539391,0.26464150007997755,0.17084623734704782,-0.1525210727049231,1.735114337885426,0.23500000000000001,True
4776,0.3,0.05,0.2,0.2,0.25,1.0062899408985655,0.26117370224848546,0.16927731504525775,-0.13248319523267305,1.9713723071805467,0.23500000000000001,True
4777,0.2,0.05,0.2,0.3,0.25,0.9861705134601284,0.25694473729534395,0.16269799009573477,-0.13149066689838407,1.9540910648351242,0.23500000000000001,True
4778,0.25,0.2,0.05,0.2,0.3,0.9758502641273659,0.2547644017728752,0.18184419757435777,-0.11837858795582934,2.1521155655948148,0.23500000000000001,True
4779,0.2,0.2,0.05,0.25,0.3,0.9658198732370389,0.2526380156712682,0.17902610807612918,-0.11770020803207448,2.146453433645774,0.23500000000000001,True
4780,0.25,0.05,0.3,0.2,0.2,0.950855241234337,0.24945210942889529,0.15060452454164575,-0.1337220457071211,1.8654523875236468,0.23500000000000001,True
4781,0.3,0.05,0.25,0.2,0.2,0.9417174686907259,0.24749869686948367,0.15011016268541688,-0.12330815763507852,2.0071559061156194,0.23500000000000001,True
4782,0.2,0.05,0.3,0.25,0.2,0.9409915373867332,0.24734324949402975,0.14721247916032756,-0.13321667208576682,1.8566989072868192,0.23500000000000001,True
4783,0.3,0.05,0.2,0.25,0.2,0.9226698734008298,0.24340703635369731,0.1460302870384111,-0.11222019278808781,2.169012815842667,0.23500000000000001,True
4784,0.2,0.05,0.25,0.3,0.2,0.9222249561561773,0.24331114023826705,0.14263696694474726,-0.1223224009271987,1.9890971595879312,0.23500000000000001,True
4785,0.25,0.05,0.2,0.3,0.2,0.9130417555743455,0.2413285072925282,0.14194137585640407,-0.11174030697899806,2.1597265464635482,0.23500000000000001,True
4786,0.3,0.2,0.05,0.2,0.25,0.9065344064032046,0.23991974020177032,0.1616499644327279,-0.1005873763482581,2.385187375512306,0.23500000000000001,True
4787,0.2,0.2,0.05,0.3,0.25,0.8873093567420254,0.23573891733630647,0.15466141286549556,-0.09746371850275759,2.418735104280231,0.23500000000000001,True
4788,0.25,0.2,0.05,0.3,0.2,0.8136471286946396,0.219451705425457,0.1335811264924564,-0.07707523153451634,2.847240300889407,0.23500000000000001,True
4789,0.2,0.25,0.05,0.3,0.2,0.7905199062105228,0.21424730859573282,0.13043228924912648,-0.07644606059106951,2.802594495245467,0.23500000000000001,True
4790,0.2,0.2,0.3,0.25,0.05,0.6318028886819906,0.17726182808677682,0.08297124043365649,-0.06233468025025679,2.8437111953589684,0.23500000000000001,True
4791,0.2,0.2,0.25,0.3,0.05,0.6123891089272533,0.1725755760627805,0.07666507480492848,-0.050443779162395064,3.421146847606385,0.23500000000000001,True
4792,0.2,0.25,0.2,0.3,0.05,0.5799497330467618,0.16466042815490045,0.0718343422874343,-0.04494969867433096,3.6632153943432697,0.23500000000000001,True
4793,0.25,0.05,0.25,0.15,0.3,1.092868148708567,0.27905602817181085,0.19292481471594694,-0.16125653893210445,1.7305098448708784,0.24,True
4794,0.15,0.05,0.25,0.25,0.3,1.0717005491086575,0.27473020146680915,0.18811369991704102,-0.1602153595678285,1.7147557026235043,0.24,True
4795,0.3,0.1,0.2,0.1,0.3,1.0700488587400816,0.27439142357144797,0.19299422965910967,-0.15050527366799504,1.8231349432760595,0.24,True
4796,0.25,0.05,0.15,0.25,0.3,1.05677776741974,0.2716628286373761,0.18589144955906334,-0.14076813692823398,1.9298602266496894,0.24,True
4797,0.3,0.1,0.1,0.2,0.3,1.033823970998689,0.26691558378723723,0.18659584774131735,-0.1295271801408011,2.0606916903239116,0.24,True
4798,0.25,0.05,0.3,0.15,0.25,1.033177003786883,0.2667812632811475,0.17380217216731833,-0.15304115425802012,1.7431994980341494,0.24,True
4799,0.1,0.1,0.2,0.3,0.3,1.028305307079397,0.2657689065145421,0.18323200667946338,-0.14846052271667398,1.7901655042784845,0.24,True
4800,0.3,0.05,0.25,0.15,0.25,1.0249039702081193,0.2650611345417577,0.17310672350369413,-0.14310072157221798,1.8522697274310427,0.24,True
4801,0.2,0.1,0.1,0.3,0.3,1.013395829295494,0.2626605523299266,0.18064285579470374,-0.12855053675566408,2.043247418166486,0.24,True
4802,0.15,0.05,0.3,0.25,0.25,1.0126019158184802,0.2624946060997102,0.16841798951364856,-0.15200256033787818,1.7269091094006923,0.24,True
4803,0.3,0.2,0.1,0.1,0.3,1.003874450001251,0.2606674806407667,0.18787900533754862,-0.12695259823133354,2.05326621331355,0.24,True
4804,0.15,0.05,0.25,0.3,0.25,0.9943820780732746,0.2586741857367676,0.16415519953060312,-0.1415767140842551,1.8270955602404042,0.24,True
4805,0.25,0.15,0.05,0.25,0.3,0.990654826410643,0.2578897739240995,0.18122294019352175,-0.11905088245709339,2.1662147192990733,0.24,True
4806,0.3,0.05,0.15,0.25,0.25,0.9876237483031154,0.257251151732135,0.16577589112412935,-0.12170674321256625,2.113696784103691,0.24,True
4807,0.35,0.1,0.15,0.15,0.25,0.9827241718914852,0.2562174784158391,0.17044105713846258,-0.1208392108702756,2.120317375217685,0.24,True
4808,0.25,0.05,0.15,0.3,0.25,0.9776790167180427,0.2551513107710732,0.16219041413727395,-0.12122267499614103,2.104815050312952,0.24,True
4809,0.35,0.15,0.15,0.1,0.25,0.9679463866833458,0.25308942769190224,0.17109974195192545,-0.11946585995070724,2.118508398937817,0.24,True
4810,0.3,0.1,0.3,0.1,0.2,0.9459767892428337,0.24840998715306473,0.15515459960597822,-0.13295838092499412,1.8683289118359554,0.24,True
4811,0.15,0.1,0.15,0.35,0.25,0.9430832364395936,0.24779105069280494,0.1570799450408502,-0.11890005596934616,2.0840280407999843,0.24,True
4812,0.3,0.15,0.05,0.25,0.25,0.9210033112754388,0.24304775447274585,0.1609963229495393,-0.09940896583457559,2.444927903959856,0.24,True
4813,0.25,0.15,0.05,0.3,0.25,0.9113574219213705,0.24096417506234502,0.15727343808495095,-0.09897622820179297,2.4345661522993853,0.24,True
4814,0.3,0.1,0.1,0.3,0.2,0.8701208351988805,0.23197686265463835,0.13957928560632307,-0.08787264333186995,2.6399212981283355,0.24,True
4815,0.25,0.1,0.35,0.15,0.15,0.869120003361028,0.23175710138050265,0.13349561018651235,-0.12308158849940021,1.8829550723716246,0.24,True
4816,0.25,0.05,0.3,0.25,0.15,0.86431006504322,0.23069984572641777,0.12762083910447158,-0.11322661941301049,2.0375053757006265,0.24,True
4817,0.3,0.05,0.25,0.25,0.15,0.85434346128001,0.22850331905906374,0.12741459615201498,-0.10229906228235552,2.2336795075244384,0.24,True
4818,0.15,0.1,0.35,0.25,0.15,0.8500982165446791,0.22756532451910738,0.12634217130284786,-0.12207596691853584,1.8641287901570918,0.24,True
4819,0.25,0.05,0.25,0.3,0.15,0.8450428462350204,0.22644645741331226,0.12270487342925714,-0.10182425324851985,2.223895095607823,0.24,True
4820,0.15,0.1,0.25,0.35,0.15,0.8122982042979732,0.2191493715529731,0.11568237429174222,-0.09930823617253881,2.206759277973898,0.24,True
4821,0.35,0.1,0.15,0.25,0.15,0.8104566613279236,0.21873638495128733,0.1251912573697287,-0.08373784959925179,2.612156700919649,0.24,True
4822,0.25,0.1,0.15,0.35,0.15,0.7924039123844413,0.2146729439650239,0.11464239853812261,-0.0766988116888151,2.7989083434043533,0.24,True
4823,0.1,0.15,0.25,0.35,0.15,0.7889838681015877,0.2139000652737464,0.11350701411006286,-0.0972404434563181,2.199702692325067,0.24,True
4824,0.25,0.15,0.1,0.35,0.15,0.7593166125363298,0.2071540062219399,0.11163561366147086,-0.06322885881938656,3.2762572358561144,0.24,True
4825,0.2,0.1,0.3,0.3,0.1,0.751169110779677,0.20528807981236397,0.10144909366176125,-0.08928791625791721,2.299169791569203,0.24,True
4826,0.3,0.1,0.2,0.3,0.1,0.7297796786300907,0.20036180572514395,0.10178898585403641,-0.06655998555036369,3.0102441289374524,0.24,True
4827,0.15,0.25,0.1,0.35,0.15,0.7142554370562242,0.1967608700237755,0.10460484144341399,-0.061616279670507756,3.193326034547228,0.24,True
4828,0.15,0.15,0.25,0.35,0.1,0.7093358249098538,0.19561520318596726,0.09211697662788482,-0.07497898292071048,2.6089338047280313,0.24,True
4829,0.25,0.15,0.15,0.35,0.1,0.6880470073381613,0.19063201588209755,0.09205306148595883,-0.05324864067929391,3.5800353483244143,0.24,True
4830,0.15,0.25,0.15,0.35,0.1,0.644300629956515,0.18025899544615354,0.08325704047929922,-0.04927963058591245,3.6578804123114534,0.24,True
4831,0.25,0.15,0.25,0.3,0.05,0.6338720333810606,0.17775909825270397,0.08212610135060516,-0.05646529933075939,3.148112209791651,0.24,True
4832,0.2,0.3,0.1,0.3,0.1,0.6204930456860049,0.17453631802168146,0.0849101348688348,-0.047795771281920474,3.6517104618354104,0.24,True
4833,0.15,0.35,0.15,0.25,0.1,0.6178920780384525,0.17390772953042255,0.08513389127991004,-0.046492959833893344,3.740517492363304,0.24,True
4834,0.15,0.25,0.25,0.3,0.05,0.5910197318715793,0.1673735645687957,0.07205282332850174,-0.04928152385145246,3.3962741305099224,0.24,True
4835,0.2,0.05,0.3,0.15,0.3,1.1001315293609353,0.2805336536918692,0.1942515523953401,-0.17075000369367155,1.6429496200489193,0.245,True
4836,0.15,0.05,0.3,0.2,0.3,1.0894380377367843,0.2783570349207438,0.1921068198869776,-0.17021917840565326,1.6352859738130372,0.245,True
4837,0.3,0.05,0.2,0.15,0.3,1.0853266275557094,0.27751819661847654,0.19239051370711285,-0.15159765291840432,1.8306233063373842,0.245,True
4838,0.3,0.05,0.15,0.2,0.3,1.0671407965978634,0.2737945132326114,0.18904973959107044,-0.14126780721110044,1.9381238984156708,0.245,True
4839,0.15,0.05,0.2,0.3,0.3,1.0539064990536824,0.2710709396095434,0.18440999870990196,-0.15006777029231455,1.8063234969209496,0.245,True
4840,0.2,0.05,0.15,0.3,0.3,1.0464162323013584,0.26952427972957826,0.18320001922279447,-0.14026996638511535,1.9214681993263716,0.245,True
4841,0.35,0.1,0.2,0.1,0.25,1.0014009378195432,0.2601486775375794,0.1739049289013816,-0.1317183177822694,1.9750379591668157,0.245,True
4842,0.3,0.15,0.05,0.2,0.3,1.0007214496193892,0.2600060844609968,0.18448449192834596,-0.1217172302656736,2.136148546047906,0.245,True
4843,0.2,0.15,0.05,0.3,0.3,0.9805890195666478,0.2557664882812667,0.1784375965591454,-0.11860114448070569,2.1565263084191852,0.245,True
4844,0.35,0.1,0.1,0.2,0.25,0.9639956631504452,0.2522505164892148,0.1673194938130142,-0.1097945487818619,2.2974776005535777,0.245,True
4845,0.3,0.05,0.3,0.15,0.2,0.9607174097585005,0.2515535454906126,0.1545320749270762,-0.13422899639602737,1.8740626261440003,0.245,True
4846,0.2,0.05,0.35,0.2,0.2,0.9597106805152931,0.2513393545307563,0.15210830799358063,-0.1439484681465505,1.746037021212853,0.245,True
4847,0.1,0.1,0.2,0.35,0.25,0.9512777171614046,0.24954227585516153,0.15876554690796532,-0.12923237820646272,1.930957855286782,0.245,True
4848,0.35,0.1,0.25,0.1,0.2,0.9367927701436751,0.24644338468996208,0.1552517729366666,-0.12244242783945658,2.0127286679833922,0.245,True
4849,0.2,0.1,0.1,0.35,0.25,0.9346103877927479,0.24597515049759044,0.15639510089677952,-0.10837883893920386,2.269586506970909,0.245,True
4850,0.35,0.05,0.2,0.2,0.2,0.9322955939739495,0.2454781221443747,0.15061775530590715,-0.11270160145732921,2.178124525030081,0.245,True
4851,0.15,0.05,0.3,0.3,0.2,0.9311264210595731,0.2452269285391322,0.14441122863875308,-0.13271286818426564,1.8478006834924705,0.245,True
4852,0.3,0.05,0.15,0.3,0.2,0.9035750504035673,0.23927801266157678,0.14232065295902263,-0.10096123587488726,2.3699988474595717,0.245,True
4853,0.2,0.05,0.2,0.35,0.2,0.9034113633383825,0.2392424982009591,0.13841202937188707,-0.11126193681548413,2.1502636485442177,0.245,True
4854,0.1,0.1,0.25,0.35,0.2,0.8882270909002925,0.2359391384207421,0.13803627341397448,-0.1199741815620804,1.9665826042635337,0.245,True
4855,0.35,0.1,0.1,0.25,0.2,0.879477523074454,0.23402760794739685,0.14435366638768218,-0.09271898441448967,2.524052753869726,0.245,True
4856,0.3,0.05,0.3,0.2,0.15,0.87373017267086,0.23276874529926062,0.1321936426359369,-0.1137160745999024,2.046929126935062,0.245,True
4857,0.25,0.1,0.1,0.35,0.2,0.8607610416794038,0.22991858075955252,0.13531616742411445,-0.08742097266656035,2.630016273514872,0.245,True
4858,0.2,0.05,0.3,0.3,0.15,0.8548863530860091,0.2286231686984701,0.12363863981719861,-0.11273873314870975,2.027902587808054,0.245,True
4859,0.3,0.15,0.05,0.3,0.2,0.836900166714029,0.22463999383862898,0.1372987370669642,-0.08388691303138418,2.677890814203469,0.245,True
4860,0.3,0.05,0.2,0.3,0.15,0.8349140312455852,0.22419855754978313,0.12301897451428292,-0.09070191889545764,2.4718171377189133,0.245,True
4861,0.2,0.2,0.05,0.35,0.2,0.8044670714684699,0.21739121238635817,0.12977272832319692,-0.07705376730674629,2.8212924557074177,0.245,True
4862,0.25,0.1,0.35,0.2,0.1,0.779555800036962,0.21176434944632483,0.11209465882439715,-0.10161132442438392,2.084062486597283,0.245,True
4863,0.2,0.1,0.35,0.25,0.1,0.7704982249790349,0.2097054433324288,0.10747310852518725,-0.10112740728286618,2.073675662877978,0.245,True
4864,0.2,0.1,0.25,0.35,0.1,0.7318027449109799,0.20082947830473485,0.09578956196641197,-0.07725633106707175,2.5995213017607632,0.245,True
4865,0.25,0.1,0.2,0.35,0.1,0.7210928071219926,0.19834950467101642,0.09585036558781491,-0.0654625183327473,3.029970580459522,0.245,True
4866,0.2,0.3,0.05,0.3,0.15,0.6907301675435487,0.19126237683905334,0.10607017109914565,-0.056598087199627445,3.379308141005732,0.245,True
4867,0.1,0.2,0.25,0.35,0.1,0.6869886010666684,0.19038317834438923,0.08933525763738107,-0.07269894911338515,2.618788588641873,0.245,True
4868,0.1,0.25,0.2,0.35,0.1,0.6546712399038501,0.18273453096434866,0.0844724040304424,-0.06047763208842827,3.0215225804006454,0.245,True
4869,0.2,0.15,0.3,0.3,0.05,0.6450871075860638,0.18044709722548635,0.08212223324183114,-0.0639077591609587,2.8235553803570324,0.245,True
4870,0.2,0.25,0.1,0.35,0.1,0.633647384305243,0.1777051294674099,0.08397435748997696,-0.04480280407183124,3.966384094676298,0.245,True
4871,0.15,0.2,0.3,0.3,0.05,0.623389028286085,0.1752354132505194,0.07780731381249992,-0.06157867307982989,2.8457159676589034,0.245,True
4872,0.2,0.2,0.2,0.35,0.05,0.5929440701476687,0.16784391370048835,0.07083269069914101,-0.044356744090552014,3.7839547771550506,0.245,True
4873,0.15,0.3,0.2,0.3,0.05,0.5589083563350516,0.15946826779953138,0.06693024944874063,-0.03795486983343954,4.201523243244912,0.245,True
4874,0.2,0.05,0.35,0.15,0.25,1.0411700933156265,0.2684387592282669,0.1753724132901524,-0.1628077344478004,1.648808394384568,0.25,True
4875,0.15,0.05,0.35,0.2,0.25,1.0307697012005956,0.2662812191935271,0.17297769824935014,-0.16227756680641892,1.640899752404929,0.25,True
4876,0.35,0.05,0.2,0.15,0.25,1.0163492236688563,0.26327749712822435,0.17327938627578068,-0.1329817526448981,1.9798016787405088,0.25,True
4877,0.35,0.05,0.15,0.2,0.25,0.9975677820979238,0.25934385279468497,0.1698284799529421,-0.12219231386532459,2.1224236172540545,0.25,True
4878,0.15,0.05,0.2,0.35,0.25,0.9761106144797591,0.25481949864236775,0.1602113723373508,-0.13099668193334424,1.9452362829466852,0.25,True
4879,0.25,0.05,0.35,0.15,0.2,0.9696905581925617,0.2534594342210208,0.15542703908268604,-0.14446666127556418,1.7544493101945329,0.25,True
4880,0.2,0.05,0.15,0.35,0.25,0.9677337101866046,0.25304429579173715,0.1591191019372498,-0.12074010225363807,2.09577672263494,0.25,True
4881,0.35,0.05,0.25,0.15,0.2,0.9514607448144232,0.24958133427510498,0.15461057617232632,-0.12380336428100558,2.0159495319417324,0.25,True
4882,0.15,0.05,0.35,0.25,0.2,0.9497297599014951,0.249211841346604,0.1493645944628604,-0.14343187257185608,1.7374927683646784,0.25,True
4883,0.35,0.05,0.15,0.25,0.2,0.9130828941086773,0.2413374031466302,0.14698847134357595,-0.10142836003617073,2.3793878069266428,0.25,True
4884,0.15,0.05,0.25,0.35,0.2,0.9124759654330967,0.24120614710031418,0.1397806630917273,-0.12183183629231031,1.9798285443354058,0.25,True
4885,0.2,0.15,0.05,0.35,0.25,0.9017102799259116,0.23887330103598337,0.15407646272075126,-0.09854486823794328,2.42400548407257,0.25,True
4886,0.25,0.05,0.15,0.35,0.2,0.8940644399020916,0.23721115023409012,0.1381595570104451,-0.10049560076272113,2.3604132761409757,0.25,True
4887,0.25,0.05,0.35,0.2,0.15,0.8835344600105044,0.23491466879649536,0.1328824033107547,-0.1244535246405265,1.8875694318423408,0.25,True
4888,0.2,0.05,0.35,0.25,0.15,0.8739919463311123,0.23282613843517663,0.1290234822494616,-0.12395153083118093,1.8783643644730805,0.25,True
4889,0.35,0.05,0.25,0.2,0.15,0.8636399796085452,0.23055241232129875,0.1326481520165954,-0.10277541263402024,2.243264282891163,0.25,True
4890,0.35,0.05,0.2,0.25,0.15,0.8440903661309991,0.2262354233909447,0.12839289744260887,-0.09116306121699946,2.4816567189689533,0.25,True
4891,0.2,0.05,0.25,0.35,0.15,0.8357382573174523,0.2243817877841825,0.11859999729016209,-0.10135097806377602,2.2139084601925423,0.25,True
4892,0.25,0.15,0.05,0.35,0.2,0.8276908347051444,0.22259044642999504,0.13294436941386542,-0.07767543916265007,2.8656477366532456,0.25,True
4893,0.25,0.05,0.2,0.35,0.15,0.8257332301006883,0.22215389235220506,0.11817640753852551,-0.09024228043503824,2.461749540029905,0.25,True
4894,0.15,0.15,0.15,0.4,0.15,0.7604823465112573,0.2074205090933361,0.10714467212952318,-0.07400747811059838,2.80269662456762,0.25,True
4895,0.25,0.2,0.05,0.35,0.15,0.7264717787577342,0.19959633166497914,0.10921250338870309,-0.060990012118320114,3.272606853688829,0.25,True
4896,0.2,0.25,0.05,0.35,0.15,0.7042039486855884,0.19441775961235042,0.10527583581318546,-0.05575769117072338,3.4868330364875852,0.25,True
4897,0.2,0.15,0.25,0.35,0.05,0.625559539806182,0.17575883353973465,0.07579586128090704,-0.051626582347848116,3.404425114866442,0.25,True
4898,0.15,0.2,0.25,0.35,0.05,0.6040983268401829,0.17056281553722008,0.07110937197655191,-0.05025800255069046,3.393744416427804,0.25,True
4899,0.15,0.25,0.2,0.35,0.05,0.5718116232590629,0.1626577714350128,0.06583185671390514,-0.0372934505261876,4.361564004939525,0.25,True
4900,0.25,0.05,0.3,0.1,0.3,1.1108277465177703,0.2827034474294967,0.19687439937049023,-0.17128239061627082,1.6505108692862998,0.255,True
4901,0.3,0.05,0.25,0.1,0.3,1.10345535964914,0.2812087006922974,0.19602619084798134,-0.16177944576929515,1.7382226731899788,0.255,True
4902,0.3,0.1,0.25,0.05,0.3,1.08807634048493,0.2780793340259202,0.19664397617216026,-0.16076721796396398,1.729701723695012,0.255,True
4903,0.35,0.1,0.15,0.1,0.3,1.0622929063086226,0.27279818686832846,0.1932583769998626,-0.14059604425600147,1.9402977396121428,0.255,True
4904,0.1,0.05,0.25,0.3,0.3,1.0611204061370842,0.27255698308367093,0.1864718372482514,-0.15969707337026695,1.7067124483348026,0.255,True
4905,0.3,0.05,0.1,0.25,0.3,1.0488982932903426,0.2700372162702471,0.186018410574006,-0.1307866557553925,2.064715354258251,0.255,True
4906,0.35,0.1,0.1,0.15,0.3,1.0440396518247708,0.2690327526483165,0.19024249078165778,-0.1300177426552397,2.069200304159215,0.255,True
4907,0.3,0.05,0.3,0.1,0.25,1.0434654097170473,0.26891393008999276,0.17724415524170994,-0.15356281213125977,1.7511657044944915,0.255,True
4908,0.25,0.05,0.1,0.3,0.3,1.038647836969604,0.26791619678630285,0.18283804994951675,-0.1302991997776135,2.056161490197679,0.255,True
4909,0.35,0.15,0.1,0.1,0.3,1.028996028645603,0.2659125395984252,0.1908920072053248,-0.12874148049377165,2.0654767878895854,0.255,True
4910,0.3,0.1,0.3,0.05,0.25,1.0283443271116743,0.2657770214600075,0.17786715270110293,-0.1524691666420197,1.743152581689003,0.255,True
4911,0.3,0.1,0.05,0.25,0.3,1.0156274180316407,0.2631267723049817,0.1838759946244564,-0.12082284816001032,2.177789849453912,0.255,True
4912,0.25,0.1,0.05,0.3,0.3,1.0055253534244666,0.2610135093558341,0.1806461080094417,-0.11993677186341689,2.1762592514418713,0.255,True
4913,0.15,0.1,0.1,0.35,0.3,1.0031836141061383,0.260522625294779,0.1784114568913031,-0.12806444225802527,2.0343088268785485,0.255,True
4914,0.1,0.05,0.3,0.3,0.25,1.0023154794680083,0.2603405464887154,0.16655797264675964,-0.15148561006577843,1.7185826850198493,0.255,True
4915,0.3,0.05,0.1,0.3,0.25,0.9689058189365247,0.2532929875858212,0.16262242733344878,-0.11076777034871343,2.286702953290629,0.255,True
4916,0.3,0.1,0.05,0.3,0.25,0.9355373233011677,0.2461740692370984,0.16039197493754864,-0.10047075860579369,2.4502061361254883,0.255,True
4917,0.3,0.1,0.1,0.35,0.15,0.7820293816153423,0.21232541206187627,0.11613721663593685,-0.07040398336005771,3.0158153264710705,0.255,True
4918,0.25,0.05,0.3,0.3,0.1,0.7739890813965953,0.21049979086702342,0.10565238281749847,-0.09144406491572732,2.301951373891953,0.255,True
4919,0.3,0.05,0.25,0.3,0.1,0.7632295541590663,0.20804809363687649,0.10589108278710314,-0.07995771989072353,2.6019763184994678,0.255,True
4920,0.15,0.1,0.35,0.3,0.1,0.7614354996678527,0.20763832563808426,0.10357622782777971,-0.10064508708821984,2.0630746283331263,0.255,True
4921,0.15,0.1,0.3,0.35,0.1,0.7422271352159153,0.20323352992809673,0.09736130946285088,-0.08882141356678763,2.2881141131049327,0.255,True
4922,0.1,0.15,0.3,0.35,0.1,0.7195542528149388,0.19799239535260504,0.09471412276765065,-0.08663887846078488,2.285260368902649,0.255,True
4923,0.3,0.1,0.15,0.35,0.1,0.7100955529384432,0.1957922701395689,0.09752019600614202,-0.0635209413913701,3.0823263297254764,0.255,True
4924,0.1,0.3,0.1,0.35,0.15,0.6919068500078787,0.19153860715550652,0.10227129406356683,-0.060889782883083665,3.145660866015661,0.255,True
4925,0.1,0.3,0.15,0.35,0.1,0.6226026175278725,0.17504565462385924,0.08023803974252408,-0.047904652900699896,3.6540428543904926,0.255,True
4926,0.15,0.3,0.1,0.35,0.1,0.6121576417119754,0.172519476312192,0.07986050095073201,-0.041434178587670734,4.163699684480468,0.255,True
4927,0.15,0.1,0.15,0.4,0.2,0.8607153266602099,0.22990851079616048,0.13207583803153575,-0.09801121202803187,2.345736840091367,0.25500000000000006,True
4928,0.15,0.15,0.1,0.4,0.2,0.827883519458879,0.2226333990859688,0.12909944823124267,-0.08483942850389259,2.6241737245525405,0.25500000000000006,True
4929,0.15,0.1,0.2,0.4,0.15,0.7933358257937215,0.21488337192555318,0.11092045646319909,-0.08765418634338529,2.451490121461484,0.25500000000000006,True
4930,0.2,0.1,0.15,0.4,0.15,0.7833704530961052,0.2126293794711589,0.11026094318174148,-0.07625580847184843,2.788369617111277,0.25500000000000006,True
4931,0.1,0.15,0.2,0.4,0.15,0.7702480302431274,0.2096484712048472,0.10865821748416965,-0.08549790595859452,2.4520889588380927,0.25500000000000006,True
4932,0.2,0.15,0.1,0.4,0.15,0.7504344830487384,0.20511955241696955,0.10710858574628103,-0.06320405632008741,3.245354244008842,0.25500000000000006,True
4933,0.1,0.2,0.15,0.4,0.15,0.737717233076751,0.20219464583334812,0.10482440809240345,-0.0726985740553433,2.781273889628471,0.25500000000000006,True
4934,0.15,0.2,0.1,0.4,0.15,0.7278698277251541,0.19991997040063825,0.10392389772879529,-0.062344599345335094,3.206692680680402,0.25500000000000006,True
4935,0.15,0.15,0.2,0.4,0.1,0.6901652819866009,0.19112972244379267,0.08668028781734484,-0.0630190165286133,3.0328896414467477,0.25500000000000006,True
4936,0.2,0.15,0.15,0.4,0.1,0.6795062910422616,0.1886210673442279,0.0865021180316719,-0.05198513416216011,3.628365500718951,0.25500000000000006,True
4937,0.15,0.2,0.15,0.4,0.1,0.6575985106771931,0.1834314176534797,0.08245976569265183,-0.05064187769987738,3.62212907547707,0.25500000000000006,True
4938,0.15,0.05,0.35,0.15,0.3,1.1071185384233089,0.2819518437024269,0.19637331952109088,-0.18008226071014277,1.5656836080942564,0.25999999999999995,True
4939,0.35,0.05,0.15,0.15,0.3,1.077505196991848,0.27591936512065196,0.19263829210144015,-0.1417689840163613,1.946260439369507,0.25999999999999995,True
4940,0.15,0.05,0.15,0.35,0.3,1.0360563140865868,0.2673788344864143,0.1810119023681528,-0.13977328883975138,1.9129465773175114,0.25999999999999995,True
4941,0.3,0.05,0.35,0.15,0.15,0.8930737389033683,0.23699545175133307,0.13731713962043107,-0.12495712029861539,1.896614224023208,0.25999999999999995,True
4942,0.35,0.05,0.3,0.15,0.15,0.8831465531250622,0.23482990696001949,0.13728190307920468,-0.11420710628947672,2.0561759647845768,0.25999999999999995,True
4943,0.15,0.05,0.35,0.3,0.15,0.8644463207090616,0.2307298206207964,0.12581243811402215,-0.12345113123992013,1.8689972161728217,0.25999999999999995,True
4944,0.15,0.05,0.3,0.35,0.15,0.8454591596431413,0.22653867410560524,0.12032550904749041,-0.11225240827541871,2.0181186095337713,0.25999999999999995,True
4945,0.35,0.05,0.15,0.3,0.15,0.8244981392071928,0.22187830128658792,0.12455408594794651,-0.08172494249073292,2.7149398277245345,0.25999999999999995,True
4946,0.3,0.05,0.15,0.35,0.15,0.8154423090823233,0.21985382602936543,0.11904835131164866,-0.0789203475351854,2.7857685995534553,0.25999999999999995,True
4947,0.15,0.15,0.3,0.35,0.05,0.6366432977281937,0.17842444899715826,0.0769956922145995,-0.06346604743863316,2.811337025039745,0.25999999999999995,True
4948,0.15,0.3,0.15,0.35,0.05,0.5397836351861822,0.1547083683455046,0.061348611253956374,-0.03256842916640457,4.750255763182202,0.25999999999999995,True
4949,0.25,0.05,0.35,0.1,0.25,1.0515715115002462,0.2705891937079663,0.17828310816927773,-0.16333949490644262,1.6566060392371975,0.26,True
4950,0.35,0.05,0.25,0.1,0.25,1.0350781806364782,0.2671758961888955,0.1770530706583189,-0.14361183093733132,1.8604031049885053,0.26,True
4951,0.35,0.1,0.25,0.05,0.25,1.0200255344198905,0.2640446132441925,0.177692203509071,-0.1424355642379096,1.853782899354825,0.26,True
4952,0.1,0.05,0.25,0.35,0.25,0.9842087698913404,0.25653086665636926,0.1622776235592375,-0.14107179488614485,1.8184419278382913,0.26,True
4953,0.35,0.05,0.1,0.25,0.25,0.9787342824384044,0.2553744647021554,0.16671922215130305,-0.11123990396258499,2.2957091439781303,0.26,True
4954,0.25,0.05,0.1,0.35,0.25,0.9590762881013652,0.25120434399228553,0.15899964389317076,-0.11029710859326514,2.2775242904928183,0.26,True
4955,0.35,0.1,0.05,0.25,0.25,0.9452158381111773,0.24824727775450084,0.16455872377338523,-0.10702674179796534,2.3194883221159612,0.26,True
4956,0.25,0.1,0.05,0.35,0.25,0.9258574023103712,0.24409363434526,0.15670338947294216,-0.10003959350065628,2.4399702738062277,0.26,True
4957,0.25,0.05,0.35,0.25,0.1,0.7935508231371435,0.21493190841606213,0.1114512082899637,-0.10319351939535881,2.0828043241030194,0.26,True
4958,0.25,0.05,0.25,0.35,0.1,0.7543894513936649,0.20602628687413116,0.10022459426531656,-0.07950517031915927,2.5913570909549093,0.26,True
4959,0.25,0.1,0.25,0.35,0.05,0.647134518588578,0.18093649527138234,0.08132662095623593,-0.05591296746196972,3.2360381407846,0.26,True
4960,0.1,0.25,0.25,0.35,0.05,0.5827507893669193,0.16534813137629256,0.06748823140635807,-0.0488746738054866,3.383104550924508,0.26,True
4961,0.4,0.1,0.2,0.1,0.2,0.9273244322436718,0.24440937996277845,0.15630504231686912,-0.1117301269085107,2.1874975597486888,0.26000000000000006,True
4962,0.1,0.1,0.2,0.4,0.2,0.8697516308228022,0.23189580239722574,0.13370972243792076,-0.10884748306086545,2.130465453827297,0.26000000000000006,True
4963,0.2,0.1,0.1,0.4,0.2,0.8513982653599395,0.22785272497268272,0.13163137395321853,-0.08697076175234708,2.6198773056800744,0.26000000000000006,True
4964,0.2,0.1,0.2,0.4,0.1,0.7123995538877026,0.19632893446587674,0.09056203561294622,-0.065027938420671,3.019147450066907,0.26000000000000006,True
4965,0.1,0.2,0.2,0.4,0.1,0.6680494536161699,0.18591276919450017,0.08373140604219488,-0.06174526703295724,3.010963886434682,0.26000000000000006,True
4966,0.2,0.2,0.1,0.4,0.1,0.6468639654146064,0.18087184749940866,0.08313159075194772,-0.04191779010253294,4.31491848823584,0.26000000000000006,True
4967,0.2,0.05,0.35,0.1,0.3,1.1179225785490416,0.28413863696035446,0.19849820596830897,-0.18062373139060106,1.5730969279219524,0.265,True
4968,0.35,0.05,0.2,0.1,0.3,1.0958036490326606,0.2796536226017252,0.19594651999577148,-0.1521106666622576,1.8384879163185877,0.265,True
4969,0.35,0.1,0.2,0.05,0.3,1.0804894824009654,0.27652987581698674,0.19657960751957113,-0.15102031406146577,1.8310773456903167,0.265,True
4970,0.35,0.05,0.1,0.2,0.3,1.0591497512839405,0.27215137874562556,0.18963477115061306,-0.1312755922090174,2.0731300782273774,0.265,True
4971,0.1,0.05,0.2,0.35,0.3,1.043437177675541,0.26890808772306807,0.18276293441649208,-0.1495608396102185,1.7979846089650822,0.265,True
4972,0.2,0.05,0.1,0.35,0.3,1.0283985051655744,0.2657882886269669,0.18013127496955503,-0.12981321756163033,2.0474670732260436,0.265,True
4973,0.35,0.1,0.05,0.2,0.3,1.0257301454641676,0.26523312322570036,0.1875455089654851,-0.12501652881359415,2.121584447614732,0.265,True
4974,0.2,0.1,0.05,0.35,0.3,0.9954240744864988,0.25889330231083063,0.1778942972651078,-0.11948895194512699,2.1666714628957697,0.265,True
4975,0.4,0.1,0.15,0.1,0.25,0.9926327380176159,0.258306153459116,0.17494504083280338,-0.12132779514708847,2.1289940458076035,0.265,True
4976,0.3,0.05,0.35,0.1,0.2,0.9796692700894214,0.2555721174964314,0.15926883722485458,-0.14498645938094856,1.7627309376865432,0.265,True
4977,0.35,0.05,0.3,0.1,0.2,0.9705779201153577,0.2536475943170182,0.15894061682527721,-0.13473753154610812,1.8825311062658012,0.265,True
4978,0.1,0.1,0.15,0.4,0.25,0.9331719490591763,0.24566633820092565,0.15513596512014877,-0.11841902746783695,2.0745512225022247,0.265,True
4979,0.15,0.1,0.1,0.4,0.25,0.9248135503150201,0.24386887072028607,0.153827087303089,-0.10790989060626954,2.259930663910036,0.265,True
4980,0.1,0.05,0.3,0.35,0.2,0.9212600150967334,0.24310310889953035,0.14225483723873458,-0.13221062670049977,1.838756195069238,0.265,True
4981,0.35,0.05,0.1,0.3,0.2,0.8938230717333544,0.2371586057427999,0.14374931200970936,-0.09063276750352878,2.616698267914705,0.265,True
4982,0.3,0.05,0.1,0.35,0.2,0.884433426213707,0.23511105787232278,0.13900991181749575,-0.08952730075102477,2.6261381265829304,0.265,True
4983,0.3,0.1,0.05,0.35,0.2,0.8510406318953527,0.2277736767307006,0.13668417470422042,-0.08168585368148451,2.7884103117640473,0.265,True
4984,0.1,0.1,0.25,0.4,0.15,0.8030186378041544,0.2170654689053766,0.11299190674785795,-0.09883693131790938,2.196197979955333,0.265,True
4985,0.2,0.05,0.35,0.3,0.1,0.7844614969461523,0.21287656317804382,0.10687183206955037,-0.10271077721586619,2.0725825365983095,0.265,True
4986,0.25,0.1,0.1,0.4,0.15,0.7731207508008036,0.2103022989018326,0.1110155681419907,-0.06463550002659002,3.2536655369776297,0.265,True
4987,0.2,0.05,0.3,0.35,0.1,0.7650211848203268,0.20845703069566857,0.10085794031459189,-0.09097688999196718,2.2913184954341075,0.265,True
4988,0.3,0.05,0.2,0.35,0.1,0.7434700206159015,0.20351952111639626,0.10113064279453657,-0.06817106135625361,2.9854239770865263,0.265,True
4989,0.15,0.1,0.25,0.4,0.1,0.7229818404120794,0.19878767165684308,0.09150187021447918,-0.0768062241794365,2.5881713855954,0.265,True
4990,0.1,0.25,0.1,0.4,0.15,0.7054266945064114,0.19470328629046807,0.10156033289967403,-0.06162717347532398,3.159373946761145,0.265,True
4991,0.25,0.1,0.15,0.4,0.1,0.7015311342161268,0.19379314753438948,0.09135531366160912,-0.054984282393369055,3.5245189915902286,0.265,True
4992,0.1,0.15,0.25,0.4,0.1,0.7005402896507824,0.1935614300992865,0.08868754392469477,-0.07452987050971815,2.597098703855221,0.265,True
4993,0.2,0.1,0.3,0.35,0.05,0.6584339786719207,0.18363016451348413,0.08136718447728605,-0.06587305505715457,2.7876369838040445,0.265,True
4994,0.1,0.25,0.15,0.4,0.1,0.6358077027973037,0.17822391079898603,0.0793909703747599,-0.04928439438470078,3.6162341654808197,0.265,True
4995,0.15,0.25,0.1,0.4,0.1,0.6252819746852456,0.1756919245220092,0.0789562284680458,-0.04055194958270214,4.332514868704425,0.265,True
4996,0.1,0.2,0.3,0.35,0.05,0.614967763322716,0.17320019104426554,0.07363249808115005,-0.061556546506249976,2.813676219257689,0.265,True
4997,0.1,0.3,0.2,0.35,0.05,0.5507913808176741,0.15745283848008151,0.06195131055309958,-0.0358928046317446,4.386752166500409,0.265,True
4998,0.2,0.05,0.4,0.15,0.2,0.9783819590271134,0.25529996873447525,0.15729609161580524,-0.1545213968909459,1.6521981671875139,0.26500000000000007,True
4999,0.15,0.05,0.4,0.2,0.2,0.9682855554441065,0.25316139568090334,0.15461131674301234,-0.15399244179263682,1.6439858523823232,0.26500000000000007,True
5000,0.4,0.05,0.2,0.15,0.2,0.9419187944498393,0.24754180091847688,0.15564580232562059,-0.11318454024716884,2.1870637136299966,0.26500000000000007,True
5001,0.4,0.05,0.15,0.2,0.2,0.9225878481735139,0.24338935799713135,0.15210222765214737,-0.1022773750265269,2.3796989112597515,0.26500000000000007,True
5002,0.15,0.05,0.2,0.4,0.2,0.8937788195368308,0.23714897180443884,0.13550444179962093,-0.11078507512846558,2.140622024486986,0.26500000000000007,True
5003,0.2,0.05,0.4,0.2,0.15,0.8930546105379888,0.23699128632398447,0.1347143762521456,-0.1349933723489798,1.7555771976073278,0.26500000000000007,True
5004,0.2,0.05,0.15,0.4,0.2,0.884551185448111,0.23513677904751473,0.1345693882071401,-0.10003144759105209,2.350628574413912,0.26500000000000007,True
5005,0.4,0.05,0.2,0.2,0.15,0.8532621119130672,0.22826452896575722,0.13421918775798947,-0.09474094164009683,2.4093546571754754,0.26500000000000007,True
5006,0.2,0.15,0.05,0.4,0.2,0.8184781810487678,0.22053325883009456,0.1291746319209825,-0.07765288991401942,2.839987785055757,0.26500000000000007,True
5007,0.2,0.05,0.2,0.4,0.15,0.816548085540187,0.22010138814500113,0.11395219411462525,-0.08978413849121003,2.45145068877115,0.26500000000000007,True
5008,0.15,0.2,0.05,0.4,0.2,0.7952838461342087,0.2153230035425644,0.1266168714828972,-0.0770323919697572,2.7952267615823208,0.26500000000000007,True
5009,0.2,0.2,0.05,0.4,0.15,0.7177406235994455,0.19757116552423848,0.1045572273770336,-0.05618176404122399,3.516642257428379,0.26500000000000007,True
5010,0.2,0.15,0.2,0.4,0.05,0.6060003977258523,0.17102519497262625,0.06993864583507789,-0.04376180012760156,3.908093233686628,0.26500000000000007,True
5011,0.15,0.2,0.2,0.4,0.05,0.5847766876868554,0.1658450156300768,0.0648488434719525,-0.038780366271819244,4.276520094411598,0.26500000000000007,True
5012,0.15,0.05,0.4,0.15,0.25,1.048885007704882,0.27003447180741635,0.17781316035653633,-0.17240498347522892,1.5662799668793495,0.27,True
5013,0.4,0.05,0.15,0.15,0.25,1.0075109952585874,0.2614294476213217,0.17430247394001785,-0.12267939396011429,2.130997221149609,0.27,True
5014,0.15,0.05,0.15,0.4,0.25,0.9577879515526546,0.25093007220954555,0.15660911649870912,-0.1202590180656018,2.0865800856004175,0.27,True
5015,0.15,0.05,0.4,0.25,0.15,0.8833908740542131,0.2348832950739228,0.13160405852064636,-0.13447938168488238,1.7466119499590727,0.27,True
5016,0.15,0.05,0.25,0.4,0.15,0.8264298173711906,0.2223092700019289,0.11518521967118016,-0.10087922930756543,2.203716974523484,0.27,True
5017,0.25,0.05,0.15,0.4,0.15,0.8063816431549522,0.21782151992191134,0.1140806372207886,-0.07847642361975105,2.7756300539043646,0.27,True
5018,0.25,0.15,0.05,0.4,0.15,0.7401026709450629,0.20274436998747136,0.10852915079507144,-0.05879744472028847,3.4481833513678697,0.27,True
5019,0.15,0.15,0.25,0.4,0.05,0.6172391185814223,0.17374981985479176,0.07027421345835073,-0.05162622562475183,3.3655340430598635,0.27,True
5020,0.15,0.25,0.15,0.4,0.05,0.5525733187294573,0.1578958916796278,0.06019494676586426,-0.03194710992579064,4.9424155125894425,0.27,True
5021,0.3,0.05,0.3,0.05,0.3,1.1215265663633986,0.28486644795383786,0.19994209523196152,-0.17181634607485874,1.6579705858121572,0.27499999999999997,True
5022,0.3,0.05,0.05,0.3,0.3,1.0305995441479125,0.26624585927570643,0.1833106835387637,-0.12125709767739146,2.1957136066711938,0.27499999999999997,True
5023,0.1,0.35,0.1,0.35,0.1,0.5907831821401113,0.1673157206183402,0.07675712926696042,-0.04006473351678208,4.176134618448317,0.27499999999999997,True
5024,0.2,0.05,0.4,0.1,0.25,1.0593982548965926,0.27220254053984916,0.18017231712830523,-0.172946418943709,1.5739125574403843,0.275,True
5025,0.4,0.05,0.2,0.1,0.25,1.0264080553480461,0.2653742119003051,0.17769728099661736,-0.13348184832137466,1.9880921281624948,0.275,True
5026,0.4,0.1,0.2,0.05,0.25,1.0114248121399068,0.26224848393058364,0.1783522965484524,-0.13222014178775643,1.9834231032027816,0.275,True
5027,0.4,0.05,0.1,0.2,0.25,0.9885615557631153,0.2574488090600393,0.17124273088807865,-0.11584476349445938,2.222360349264752,0.275,True
5028,0.25,0.05,0.4,0.1,0.2,0.9884776892166149,0.2574311354279031,0.16054013188599892,-0.1550519756388592,1.660289295684315,0.275,True
5029,0.1,0.05,0.2,0.4,0.25,0.9660507557837832,0.25268704270721587,0.15831929686940793,-0.13050420714594413,1.9362367561425318,0.275,True
5030,0.2,0.05,0.1,0.4,0.25,0.9492458127768013,0.24910849974310345,0.1558996133421596,-0.10982791182425955,2.268171137968214,0.275,True
5031,0.2,0.1,0.05,0.4,0.25,0.916176197982679,0.24200593846540275,0.15354318490690477,-0.09960979075683496,2.429539673024531,0.275,True
5032,0.1,0.05,0.25,0.4,0.2,0.9027253155313202,0.23909362727737138,0.137588247216759,-0.12134280449739088,1.970398065774987,0.275,True
5033,0.25,0.05,0.1,0.4,0.2,0.8750406443546668,0.23305600892996137,0.1347849137867026,-0.08907641850581838,2.6163603436159524,0.275,True
5034,0.25,0.1,0.05,0.4,0.2,0.8417986780114839,0.22572737292702127,0.13236678332561938,-0.0789112630166049,2.8605216074101185,0.275,True
5035,0.2,0.05,0.4,0.25,0.1,0.8038638156123037,0.21725556518849953,0.11319211892788991,-0.11426024334493357,1.9014099640295654,0.275,True
5036,0.2,0.05,0.25,0.4,0.1,0.7455433057495602,0.20399628710772322,0.09520732447447744,-0.07905412888696439,2.5804634113343714,0.275,True
5037,0.25,0.05,0.2,0.4,0.1,0.7347523596431176,0.20151068899066593,0.09523053894498659,-0.06737221676708405,2.991005768554698,0.275,True
5038,0.2,0.1,0.25,0.4,0.05,0.6387923604312307,0.17893989888721507,0.07502785163189114,-0.053400264692697874,3.3509178262871773,0.275,True
5039,0.25,0.1,0.2,0.4,0.05,0.6273366209539819,0.17618703100274868,0.07588299656421327,-0.05193183788710465,3.3926592658970427,0.275,True
5040,0.1,0.2,0.25,0.4,0.05,0.5957997706426186,0.16854120979056253,0.06658553756257245,-0.05026065828134241,3.3533426650945364,0.275,True
5041,0.1,0.25,0.2,0.4,0.05,0.5636654005133537,0.16064618254214547,0.060878213850525706,-0.03732511793960214,4.303969857566051,0.275,True
5042,0.35,0.05,0.25,0.05,0.3,1.1140446808916198,0.2833545880980213,0.19954555027742188,-0.16230390655787819,1.745827282333318,0.27999999999999997,True
5043,0.3,0.05,0.35,0.05,0.25,1.0619738329105748,0.2727325569491281,0.18167001047420908,-0.1638728553712493,1.66429367652904,0.27999999999999997,True
5044,0.15,0.1,0.05,0.35,0.35,1.0593468425744743,0.27219195613549085,0.1997014790776894,-0.13836064290051375,1.9672643204701397,0.27999999999999997,True
5045,0.35,0.05,0.3,0.05,0.25,1.053754226486015,0.2710395344361145,0.18113062225844095,-0.15408605350204507,1.7590140591959362,0.27999999999999997,True
5046,0.35,0.05,0.05,0.25,0.3,1.0407377384236756,0.2683492142933799,0.18694947894859593,-0.12412888496813057,2.161859541091319,0.27999999999999997,True
5047,0.25,0.05,0.05,0.35,0.3,1.0204619820019896,0.26413562259708834,0.180113289841711,-0.12080982539705842,2.186375336020639,0.27999999999999997,True
5048,0.35,0.05,0.05,0.3,0.25,0.95984915120506,0.2513688198017714,0.1639700576875574,-0.10485745451770856,2.397243199903538,0.27999999999999997,True
5049,0.3,0.05,0.05,0.35,0.25,0.9501365793135486,0.24929869994221754,0.15983649404926853,-0.10151668363727284,2.4557411748494617,0.27999999999999997,True
5050,0.1,0.05,0.35,0.35,0.15,0.8548977059882445,0.22862567473315187,0.12332079506438066,-0.12295231828447184,1.8594661566623423,0.27999999999999997,True
5051,0.15,0.05,0.35,0.35,0.1,0.77536698980639,0.2108130482934163,0.1030229345482859,-0.10222961571663314,2.0621524087282297,0.27999999999999997,True
5052,0.25,0.05,0.3,0.35,0.05,0.6803398964775371,0.1888176431886084,0.08655960315607135,-0.06926640066106093,2.7259629688648572,0.27999999999999997,True
5053,0.1,0.15,0.35,0.35,0.05,0.6474418544836826,0.1810099235622702,0.08022440360763122,-0.07552353902701392,2.3967351887141435,0.27999999999999997,True
5054,0.1,0.35,0.15,0.35,0.05,0.5190899858763443,0.14951337039654056,0.05722898605806015,-0.02814438230604943,5.312369934813021,0.27999999999999997,True
5055,0.15,0.1,0.15,0.45,0.15,0.7743324343885627,0.210577864836901,0.10660468019690758,-0.07581426804178182,2.7775492697608044,0.28,True
5056,0.1,0.15,0.15,0.45,0.15,0.7514718160767664,0.20535750825756005,0.10426158271438066,-0.07384066032457981,2.781089813591515,0.28,True
5057,0.15,0.15,0.1,0.45,0.15,0.7415474552944343,0.2030770762584817,0.1033192246387274,-0.06317935817514864,3.214294702005398,0.28,True
5058,0.1,0.1,0.3,0.4,0.1,0.7332797626997618,0.20117069075795224,0.09414676299605748,-0.08835646014505882,2.2768079484814256,0.28,True
5059,0.15,0.15,0.15,0.45,0.1,0.6709589770165425,0.18660172756628635,0.08175732491495429,-0.051984011327263824,3.5895984707978887,0.28,True
5060,0.1,0.3,0.1,0.4,0.1,0.6038154853955524,0.17049402764760568,0.07579272149028465,-0.03918126740239136,4.3514168619568405,0.28,True
5061,0.4,0.05,0.15,0.1,0.3,1.087870845757815,0.27803741549614536,0.19662113717150997,-0.14227167416762732,1.9542710600885749,0.28500000000000003,True
5062,0.4,0.1,0.15,0.05,0.3,1.0726224982783208,0.27491922397547497,0.19726941651882812,-0.14110058194317376,1.9483918506175597,0.28500000000000003,True
5063,0.4,0.05,0.1,0.15,0.3,1.06940208810648,0.2742587154662348,0.19365018498631098,-0.13176601589338044,2.0814070578574184,0.28500000000000003,True
5064,0.15,0.05,0.1,0.4,0.3,1.0181504207221423,0.2636534597056519,0.1779354885275688,-0.1293287024339339,2.038630673189784,0.28500000000000003,True
5065,0.1,0.1,0.15,0.45,0.2,0.8512305435832963,0.2278156544536265,0.12977607992164536,-0.09754898942898838,2.335397381225224,0.28500000000000003,True
5066,0.15,0.1,0.1,0.45,0.2,0.8420326290843536,0.22577925747648186,0.1285937467968567,-0.08652200352400685,2.6095010318830165,0.28500000000000003,True
5067,0.1,0.05,0.3,0.4,0.15,0.8360286075584751,0.22444632126124664,0.1177596851487153,-0.11176763730969519,2.008151256157736,0.28500000000000003,True
5068,0.3,0.05,0.1,0.4,0.15,0.7959287213049773,0.21546846968515054,0.11554593909644781,-0.06833984737151921,3.152896559949701,0.28500000000000003,True
5069,0.15,0.05,0.4,0.3,0.1,0.794648569718271,0.21517966854691384,0.10952104503230378,-0.11376409659743014,1.8914549931192843,0.28500000000000003,True
5070,0.1,0.1,0.2,0.45,0.15,0.784174654246657,0.2128115866998721,0.10815741132774863,-0.08719821621347901,2.4405497720144407,0.28500000000000003,True
5071,0.2,0.1,0.1,0.45,0.15,0.7642070681801338,0.20827124409658104,0.10653133968731772,-0.06441830622424527,3.2331064926105353,0.28500000000000003,True
5072,0.15,0.05,0.3,0.4,0.1,0.7560477377522625,0.2064060678140478,0.09681998655968607,-0.09051125696836104,2.2804463746006616,0.28500000000000003,True
5073,0.3,0.05,0.15,0.4,0.1,0.7236731305224338,0.1989479384335484,0.09686753117476077,-0.061489919828013995,3.2354561363879086,0.28500000000000003,True
5074,0.15,0.1,0.2,0.45,0.1,0.7037000417711003,0.19430005120388305,0.08606963938828262,-0.06459482776941727,3.007981566224956,0.28500000000000003,True
5075,0.2,0.1,0.15,0.45,0.1,0.6929599642246029,0.19178572079649858,0.08584505843257856,-0.05331042148581666,3.5975277525712968,0.28500000000000003,True
5076,0.1,0.15,0.2,0.45,0.1,0.6814904592425117,0.18908885523774144,0.08308458235471261,-0.06299435000251186,3.0016795987291185,0.28500000000000003,True
5077,0.2,0.15,0.1,0.45,0.1,0.6601429258472655,0.18403649276093836,0.08238240162654144,-0.042083171650554085,4.373161183979232,0.28500000000000003,True
5078,0.15,0.1,0.3,0.4,0.05,0.6499601632117749,0.1816112508452108,0.07628465034338264,-0.06543157160391266,2.7755905351714163,0.28500000000000003,True
5079,0.1,0.2,0.15,0.45,0.1,0.6490751807119122,0.18140000256400302,0.07864347680899937,-0.05064365699752893,3.58188988154734,0.28500000000000003,True
5080,0.15,0.2,0.1,0.45,0.1,0.6384684940083496,0.178862248800576,0.07815122078407899,-0.04056213404069242,4.409586749581253,0.28500000000000003,True
5081,0.1,0.15,0.3,0.4,0.05,0.6281920526073268,0.17639304080476226,0.07287092964055367,-0.0630258627893272,2.7987405962910934,0.28500000000000003,True
5082,0.05,0.3,0.15,0.4,0.1,0.6141337770789386,0.17299825139083236,0.07745345891661023,-0.04791245699169522,3.6107155060075202,0.28500000000000003,True
5083,0.1,0.3,0.15,0.4,0.05,0.5317893904209177,0.1527070189109454,0.05595675380595037,-0.027192610336393863,5.615754317876809,0.28500000000000003,True
5084,0.35,0.05,0.35,0.05,0.2,0.9896466933619847,0.2576774409297413,0.1635823597515873,-0.14550786993079923,1.7708831903888622,0.29,True
5085,0.25,0.05,0.4,0.05,0.25,1.0699128977009131,0.2743635286014128,0.1830356849821126,-0.1734894693645589,1.5814419722783521,0.29000000000000004,True
5086,0.4,0.05,0.25,0.05,0.25,1.0452523095167385,0.26928360347529035,0.18140941472358552,-0.14412450563091717,1.8684095553110742,0.29000000000000004,True
5087,0.15,0.05,0.45,0.15,0.2,0.9867933811726675,0.25707608719493025,0.16012429455689947,-0.16439806276817837,1.563741584701271,0.29000000000000004,True
5088,0.25,0.05,0.05,0.4,0.25,0.9404225705457325,0.24722138662144277,0.15618341587927687,-0.10108709251754122,2.445627631228423,0.29000000000000004,True
5089,0.15,0.05,0.15,0.45,0.2,0.8750354098855109,0.23305486176773682,0.13161576590756507,-0.09956876929643677,2.3406421854415456,0.29000000000000004,True
5090,0.15,0.15,0.05,0.45,0.2,0.8092623285887759,0.21846839273121965,0.12606126787195723,-0.07763043339142572,2.8142106540828546,0.29000000000000004,True
5091,0.15,0.05,0.2,0.45,0.15,0.8073587204079697,0.21804100470197585,0.11043863541453687,-0.08932748576718741,2.4409172924697793,0.29000000000000004,True
5092,0.2,0.05,0.15,0.45,0.15,0.7973162642689604,0.21578134326133513,0.10974388732115616,-0.07803395651152989,2.765223665539148,0.29000000000000004,True
5093,0.2,0.15,0.05,0.45,0.15,0.7313403291182861,0.2007226136940421,0.10391418192879953,-0.05695068510878942,3.5244986660057545,0.29000000000000004,True
5094,0.15,0.2,0.05,0.45,0.15,0.7090042313269447,0.1955379034678868,0.10064975021079171,-0.05620426619083019,3.479058027445417,0.29000000000000004,True
5095,0.25,0.05,0.25,0.4,0.05,0.6604595865156744,0.1841117530339298,0.08062102006134651,-0.05757192304443881,3.197943429678682,0.29000000000000004,True
5096,0.15,0.15,0.2,0.45,0.05,0.597803686451631,0.16903002313881665,0.0639834883923901,-0.04024479453918639,4.200046865048149,0.29000000000000004,True
5097,0.2,0.15,0.15,0.45,0.05,0.5864101078598087,0.16624532998710095,0.06467910220438548,-0.03977618070463307,4.179519678412386,0.29000000000000004,True
5098,0.15,0.2,0.15,0.45,0.05,0.5654245373408535,0.16108116576113507,0.059165730568251064,-0.031323680181715496,5.142472558354195,0.29000000000000004,True
5099,0.4,0.05,0.2,0.05,0.3,1.106282288424611,0.2817822709724864,0.1998918355618539,-0.15262521827992948,1.8462366452159327,0.29500000000000004,True
5100,0.4,0.05,0.05,0.2,0.3,1.0508764419853507,0.270445718961021,0.1909918337082242,-0.1304654656249895,2.0729295500955884,0.29500000000000004,True
5101,0.2,0.05,0.05,0.4,0.3,1.010325174829756,0.2620184725312753,0.17739578470507814,-0.12036391533450563,2.176885587371388,0.29500000000000004,True
5102,0.3,0.05,0.4,0.05,0.2,0.9985726231687224,0.25955493276984876,0.164294687362952,-0.15558418552365927,1.6682603819677992,0.29500000000000004,True
5103,0.2,0.05,0.45,0.1,0.2,0.9970049464074366,0.2592255908818031,0.1627496134447212,-0.1649389600701211,1.571645600115325,0.29500000000000004,True
5104,0.1,0.1,0.1,0.45,0.25,0.9150160447311637,0.24175528659947365,0.1518757542855925,-0.10744240820089135,2.250091845925956,0.29500000000000004,True
5105,0.1,0.05,0.2,0.45,0.2,0.8841442470135477,0.23504789030492423,0.1332794917628658,-0.11030971479400675,2.1307995469288863,0.29500000000000004,True
5106,0.2,0.05,0.1,0.45,0.2,0.8656448490000956,0.23099342204536488,0.1311415787261959,-0.08862698236329802,2.606355490007333,0.29500000000000004,True
5107,0.3,0.05,0.05,0.4,0.2,0.8652454273459838,0.23090558675639183,0.13612641503935308,-0.08056224443997895,2.8661761891256985,0.29500000000000004,True
5108,0.2,0.1,0.05,0.45,0.2,0.8325533717845903,0.2236734654162431,0.12863756895285225,-0.07850259558317618,2.8492492987604905,0.29500000000000004,True
5109,0.2,0.05,0.2,0.45,0.1,0.7260282862486178,0.1994936296890275,0.08998761017112406,-0.06693789660346683,2.980279330717652,0.29500000000000004,True
5110,0.1,0.1,0.25,0.45,0.1,0.7141551694177666,0.19673754184845182,0.08812830401362604,-0.07635762419626435,2.576527804777834,0.29500000000000004,True
5111,0.25,0.1,0.1,0.45,0.1,0.6819331678677414,0.189193178087105,0.08744420850604163,-0.05000738863250609,3.78330449281098,0.29500000000000004,True
5112,0.2,0.05,0.3,0.4,0.05,0.6718436387727391,0.18681105178348179,0.0807065127818204,-0.06780648962552227,2.7550615407933807,0.29500000000000004,True
5113,0.2,0.1,0.2,0.45,0.05,0.6191188526144877,0.17420429398904314,0.06915365124118523,-0.04330147562401021,4.023056754501195,0.29500000000000004,True
5114,0.1,0.25,0.1,0.45,0.1,0.6169097820273417,0.17367015800362995,0.07493257884177128,-0.0397063032192454,4.373868729221136,0.29500000000000004,True
5115,0.1,0.2,0.2,0.45,0.05,0.5766011615725277,0.16383723377139559,0.059930404993878666,-0.03880849527741026,4.221684778042976,0.29500000000000004,True
5116,0.05,0.3,0.2,0.4,0.05,0.5426664458817105,0.1554283767131055,0.058310806672985195,-0.03741883211025099,4.153747403316885,0.29500000000000004,True
5117,0.15,0.05,0.45,0.1,0.25,1.0669474088165822,0.2737547985073805,0.18290431144682856,-0.1823879676300959,1.5009476889538416,0.3,True
5118,0.45,0.05,0.15,0.1,0.25,1.0174532649412336,0.26350796942495713,0.17915442828582162,-0.1266126121453207,2.081214224713361,0.3,True
5119,0.1,0.05,0.15,0.45,0.25,0.947841863660078,0.2488086049673024,0.15470619492633286,-0.11977941555519556,2.077223401149832,0.3,True
5120,0.15,0.05,0.1,0.45,0.25,0.939414515806718,0.24700542019245186,0.15337119117805137,-0.10936017321242941,2.2586414499604897,0.3,True
5121,0.15,0.1,0.05,0.45,0.25,0.906493833161965,0.23991094650710743,0.15096177516479226,-0.09918134392749145,2.4189120353370006,0.3,True
5122,0.1,0.05,0.25,0.45,0.15,0.8171176492401182,0.22022886331690916,0.11254599097132635,-0.1004089996071168,2.193317971283719,0.3,True
5123,0.25,0.05,0.1,0.45,0.15,0.786988511912575,0.21344868958278096,0.11046504790478498,-0.06652226854215304,3.2086802549063,0.3,True
5124,0.25,0.1,0.05,0.45,0.15,0.7537967867108686,0.2058904966824604,0.10791770815046049,-0.05883062620727919,3.499716218505682,0.3,True
5125,0.15,0.05,0.25,0.45,0.1,0.7366912400706447,0.20195805100111697,0.09097132689366347,-0.07860458806777704,2.5692908768503187,0.3,True
5126,0.25,0.05,0.15,0.45,0.1,0.715078232659708,0.1969522665274277,0.09074149275364198,-0.056693093341816714,3.474008118413184,0.3,True
5127,0.15,0.1,0.25,0.45,0.05,0.6304422439284769,0.1769346000182841,0.06954858392160004,-0.052974050864696975,3.3400239764597095,0.3,True
5128,0.05,0.25,0.15,0.45,0.1,0.6273084849870763,0.17618025391659198,0.07666446620021203,-0.049289137448067954,3.5744235553364896,0.3,True
5129,0.1,0.15,0.25,0.45,0.05,0.608910892550647,0.1717320085695444,0.06579922401556526,-0.05162587046127842,3.3264719226061406,0.3,True
5130,0.1,0.25,0.15,0.45,0.05,0.54455013706015,0.15589836135601787,0.05481677705759104,-0.026250574057781195,5.938855318472797,0.3,True
5131,0.1,0.05,0.4,0.35,0.1,0.7854286352623705,0.21309559097288666,0.10664955100915702,-0.11326955906195557,1.8813138564115781,0.305,True
5132,0.1,0.05,0.35,0.4,0.1,0.7662674245617367,0.20874131989381106,0.10001317649216686,-0.10175002714672654,2.0515111960884287,0.305,True
5133,0.1,0.1,0.35,0.4,0.05,0.6608417982061228,0.18420257997653855,0.07957757812821903,-0.07737218551718772,2.380733835360243,0.305,True
5134,0.1,0.35,0.1,0.4,0.05,0.5001721885666865,0.14472274099214966,0.05207982031946616,-0.02741203393839009,5.279533117368132,0.305,True
5135,0.2,0.05,0.45,0.05,0.25,1.077573189767529,0.2759332812614139,0.18522644687921724,-0.18294029644714727,1.5083242271947066,0.31,True
5136,0.15,0.05,0.05,0.4,0.35,1.0745594343487999,0.27531616150738825,0.199214033330316,-0.1385031845899809,1.987796615091724,0.31,True
5137,0.45,0.05,0.2,0.05,0.25,1.0364663130922294,0.26746387972150143,0.18248907028876302,-0.13398348939241467,1.9962450667197178,0.31,True
5138,0.25,0.05,0.45,0.05,0.2,1.0072162077917333,0.26136771496291655,0.1659186036443441,-0.16548150546135387,1.5794376189305077,0.31,True
5139,0.2,0.05,0.05,0.45,0.25,0.9307072477454925,0.24513684560486593,0.15306111465527117,-0.10065884867498065,2.43532336035745,0.31,True
5140,0.25,0.05,0.05,0.45,0.2,0.8559707954468179,0.2288625018794883,0.131847921519656,-0.080153385331728,2.8553067463377015,0.31,True
5141,0.15,0.05,0.35,0.4,0.05,0.6829393733765521,0.18943021907093183,0.08273384701409517,-0.07964804714672447,2.3783410373134575,0.31,True
5142,0.2,0.05,0.25,0.45,0.05,0.6520877076355589,0.182118793878981,0.07436175979504983,-0.05530209959130916,3.2931623794551435,0.31,True
5143,0.25,0.05,0.2,0.45,0.05,0.6405467503847251,0.1793603530026342,0.07517080408165447,-0.05135707686147961,3.492417480971614,0.31,True
5144,0.05,0.2,0.25,0.45,0.05,0.5874935631784393,0.16651070881525243,0.06335295458875861,-0.05026330233896248,3.312768979888111,0.31,True
5145,0.05,0.25,0.2,0.45,0.05,0.5555111876535477,0.15862561078699366,0.057287710606578564,-0.037356644129678096,4.246248946675943,0.31,True
5146,0.05,0.35,0.15,0.4,0.05,0.5111163236087337,0.14749904539690828,0.05322738137245659,-0.025629888553051483,5.754962417866117,0.31,True
5147,0.45,0.05,0.1,0.1,0.3,1.0796551809140977,0.2763592572794795,0.19802899856758654,-0.14122273157761356,1.9569034969954342,0.315,True
5148,0.1,0.05,0.1,0.45,0.3,1.0079037064831944,0.26151167750909954,0.1762869444422664,-0.12884564776124074,2.029650842329556,0.315,True
5149,0.1,0.1,0.15,0.5,0.15,0.7652899791056746,0.20851835871582458,0.10377439838774893,-0.07537418316542477,2.766442699062973,0.315,True
5150,0.15,0.1,0.1,0.5,0.15,0.7552884565972287,0.20623220684430743,0.10279051292221739,-0.06439124877734992,3.2027986839859377,0.315,True
5151,0.1,0.05,0.3,0.45,0.1,0.7470688630362838,0.20434685829457666,0.09366219636707092,-0.09004715822397913,2.2693315627606343,0.315,True
5152,0.1,0.15,0.1,0.5,0.15,0.7326556521172749,0.20102653585543395,0.10037576176113423,-0.06315476372736151,3.183077949958985,0.315,True
5153,0.15,0.1,0.15,0.5,0.1,0.6843821658077152,0.18976994597578756,0.08114999152927073,-0.05330647366497343,3.559979359514104,0.315,True
5154,0.1,0.15,0.15,0.5,0.1,0.6624051881048851,0.18457395139169575,0.07799607560729889,-0.05198289331823436,3.5506671447037674,0.315,True
5155,0.15,0.15,0.1,0.5,0.1,0.6517173365144366,0.18203047017587348,0.07744616561958748,-0.041463836649304975,4.390101951140228,0.315,True
5156,0.1,0.1,0.3,0.45,0.05,0.6414788817931207,0.1795836240867219,0.07221632548214448,-0.06499160200415155,2.7631819888860476,0.315,True
5157,0.05,0.3,0.1,0.45,0.1,0.5954666995806184,0.16845992441294877,0.07290524305507291,-0.03884129701455685,4.337134374009543,0.315,True
5158,0.1,0.3,0.05,0.45,0.1,0.5849947113901652,0.1658984642150414,0.07208746809267919,-0.038544007356337784,4.304131189092946,0.315,True
5159,0.1,0.3,0.1,0.45,0.05,0.5127582672148847,0.1479144153654759,0.05072273276389766,-0.02377759395150325,6.220747804305261,0.315,True
5160,0.15,0.05,0.05,0.45,0.3,1.0001892454750974,0.25989437692990514,0.17519642830326804,-0.11991936127601621,2.167242838558079,0.32,True
5161,0.1,0.1,0.1,0.5,0.2,0.8326642556965282,0.22369813991620258,0.12627092326887532,-0.08607469096183973,2.5988840321875415,0.32,True
5162,0.05,0.05,0.3,0.45,0.15,0.8265948196758848,0.22234606889188746,0.11601448943581455,-0.1112844128158389,1.9979983114062976,0.32,True
5163,0.15,0.05,0.15,0.5,0.15,0.7882462952682352,0.21373325576863533,0.10613752868410763,-0.07759293905115039,2.7545451735980677,0.32,True
5164,0.15,0.15,0.05,0.5,0.15,0.7225727194817739,0.19869280200256467,0.10005324532497459,-0.05697139564517617,3.487588811059576,0.32,True
5165,0.1,0.1,0.2,0.5,0.1,0.6949943936160565,0.19226281031935732,0.08253203170446627,-0.064225285303805,2.9935688009776236,0.32,True
5166,0.2,0.1,0.1,0.5,0.1,0.6734844024364048,0.18719908561244702,0.0817271479223111,-0.04339417514887156,4.313921971560163,0.32,True
5167,0.15,0.05,0.3,0.45,0.05,0.6633397615700147,0.18479584103589763,0.0756746836370605,-0.0673652850244757,2.743190962062376,0.32,True
5168,0.1,0.2,0.1,0.5,0.1,0.6300662088686524,0.17684413340864036,0.07417773697179661,-0.04061917225189571,4.3537109105020475,0.32,True
5169,0.15,0.15,0.15,0.5,0.05,0.5783374278535718,0.16426421327816954,0.058264189333031485,-0.0306981291624151,5.350951923131672,0.32,True
5170,0.05,0.3,0.15,0.45,0.05,0.5237868166940485,0.15069659721799877,0.05198708649122281,-0.02550427439983749,5.908680045371493,0.32,True
5171,0.15,0.05,0.5,0.1,0.2,1.005252810572418,0.2609563975719371,0.16587885796804006,-0.17465212084265724,1.4941496061592674,0.325,True
5172,0.1,0.05,0.15,0.5,0.2,0.8655172360581569,0.23096536053427874,0.12936295594090882,-0.09910755886024902,2.3304515133902313,0.325,True
5173,0.15,0.05,0.1,0.5,0.2,0.8562461629938873,0.22892325982788853,0.12814880911866663,-0.08817898537753122,2.596120366408981,0.325,True
5174,0.15,0.1,0.05,0.5,0.2,0.8233048360585511,0.22161191632586985,0.12556840580598136,-0.07822010360169718,2.8331836205988026,0.325,True
5175,0.1,0.05,0.2,0.5,0.15,0.7981652575479208,0.21597270121387258,0.10772877097657015,-0.08887231501354476,2.4301460041966596,0.325,True
5176,0.2,0.05,0.1,0.5,0.15,0.7780432200185246,0.21142100684622744,0.10602672212243908,-0.06609603814498943,3.1986940939251247,0.325,True
5177,0.2,0.1,0.05,0.5,0.15,0.7450032020752984,0.20387212298469692,0.10334643249919435,-0.057708499952751846,3.5327919310260154,0.325,True
5178,0.15,0.05,0.2,0.5,0.1,0.7172979232762691,0.19746829982779768,0.08554875107167284,-0.06650503312549283,2.9692233887799353,0.325,True
5179,0.2,0.05,0.15,0.5,0.1,0.7064765528322354,0.19494833265459688,0.085277543666906,-0.054943717431054306,3.548146025962409,0.325,True
5180,0.05,0.15,0.2,0.5,0.1,0.672809653999396,0.1870395411161676,0.08059243231076756,-0.06296978856127788,2.9703060053021066,0.325,True
5181,0.2,0.15,0.05,0.5,0.1,0.6407443303175482,0.17940768588815326,0.07895679571095872,-0.041029938908148766,4.372604265626189,0.325,True
5182,0.05,0.2,0.15,0.5,0.1,0.6405455294000981,0.17936006048780562,0.07597956050646841,-0.05064542860777066,3.5414856862379467,0.325,True
5183,0.15,0.2,0.05,0.5,0.1,0.6193038835978055,0.17424901097437262,0.07456200312307878,-0.03903687065853623,4.463703366454899,0.325,True
5184,0.15,0.1,0.2,0.5,0.05,0.6108927563865625,0.17221281639599595,0.06323766825116019,-0.0416872416362144,4.131067675305046,0.325,True
5185,0.2,0.1,0.15,0.5,0.05,0.5994138817364376,0.16942250050826946,0.0638739660169525,-0.03917397796866651,4.324873533236345,0.325,True
5186,0.1,0.15,0.2,0.5,0.05,0.5895988008283786,0.16702601535547346,0.0591106535870742,-0.040269488028586875,4.147706453007386,0.325,True
5187,0.1,0.2,0.15,0.5,0.05,0.5573723626272136,0.15908742118678898,0.053813698325316475,-0.027196791892428185,5.849492168636266,0.325,True
5188,0.2,0.05,0.5,0.05,0.2,1.015579216141528,0.26311670568013557,0.1684449069799173,-0.17520455727180995,1.501768617079634,0.335,True
5189,0.1,0.05,0.1,0.5,0.25,0.9295825200349925,0.2448950702192665,0.15146168897132858,-0.10889388597088512,2.2489331520848097,0.335,True
5190,0.1,0.1,0.05,0.5,0.25,0.8968104306921079,0.23780862289506488,0.1490080133386238,-0.09875424660640064,2.408085029931782,0.335,True
5191,0.2,0.05,0.05,0.5,0.2,0.8466927805090976,0.22681184940591503,0.12816106156528112,-0.0797458477828702,2.84418381284844,0.335,True
5192,0.1,0.05,0.25,0.5,0.1,0.7278333772007803,0.19991153457167998,0.08765732706998634,-0.07815654038523445,2.557835001220804,0.335,True
5193,0.25,0.05,0.1,0.5,0.1,0.69536749695817,0.19235026451998372,0.08683589921426041,-0.04792498115698296,4.013569956134602,0.335,True
5194,0.2,0.05,0.2,0.5,0.05,0.6322995716467326,0.17738123246111992,0.06847880850323815,-0.04513989943478569,3.9295885609445214,0.335,True
5195,0.1,0.1,0.25,0.5,0.05,0.6220842919241822,0.1749205506353133,0.06513068883477223,-0.05297077385577198,3.3022087068537895,0.335,True
5196,0.05,0.25,0.1,0.5,0.1,0.6085309291754031,0.17163978288143777,0.07210454651610358,-0.039765520208171146,4.3162966807150855,0.335,True
5197,0.1,0.25,0.05,0.5,0.1,0.5979779041087236,0.16907250057536682,0.0712149904293984,-0.03765622188708462,4.489895483470038,0.335,True
5198,0.05,0.2,0.2,0.5,0.05,0.5684176146485747,0.16182051806955777,0.05639924275946727,-0.038836499791049084,4.166712215060474,0.335,True
5199,0.1,0.25,0.1,0.5,0.05,0.5254054255220724,0.1511037941196991,0.04950794140931589,-0.022843945506559216,6.6146101633937295,0.335,True
5200,0.05,0.05,0.4,0.4,0.1,0.7762041350884783,0.2110032880140893,0.10466854925825352,-0.1127766229221615,1.8709842744601768,0.3350000000000001,True
5201,0.05,0.4,0.1,0.4,0.05,0.4798243076736275,0.13952478895578824,0.04923196226702198,-0.028612532372778943,4.876352331837908,0.3350000000000001,True
5202,0.15,0.05,0.5,0.05,0.25,1.0849564780209544,0.2774426220658319,0.1882323308447804,-0.1922295871389359,1.4432878215844445,0.34,True
5203,0.15,0.05,0.05,0.5,0.25,0.920990733756714,0.24304504218794132,0.1505199915431892,-0.10023194578154504,2.4248261399380255,0.34,True
5204,0.05,0.05,0.25,0.5,0.15,0.8078018757680947,0.21814052638933767,0.11076245672698729,-0.09994028163706681,2.1827087418215925,0.34,True
5205,0.25,0.05,0.05,0.5,0.15,0.7675542628883021,0.2090347300308697,0.1073778331501743,-0.05997669643433212,3.4852658191959556,0.34,True
5206,0.05,0.05,0.35,0.45,0.1,0.7571629240560738,0.20666133346019455,0.09794658395672898,-0.10127200380581536,2.040656111203829,0.34,True
5207,0.1,0.05,0.35,0.45,0.05,0.6743046810985858,0.18739298302630125,0.07902864491184618,-0.07919120708338567,2.366335732564131,0.34,True
5208,0.15,0.05,0.25,0.5,0.05,0.6437078397145157,0.18011717821066808,0.06893335829045995,-0.05487871314225934,3.2820955138608907,0.34,True
5209,0.05,0.15,0.25,0.5,0.05,0.6005749845577393,0.16970535029807676,0.06263421249342835,-0.051625516847222386,3.2872377975467657,0.34,True
5210,0.05,0.25,0.15,0.5,0.05,0.5365185957337182,0.15389180858769613,0.050890412974143345,-0.02567146815693988,5.99466332221026,0.34,True
5211,0.05,0.35,0.1,0.45,0.05,0.4923208985013343,0.14272269875541732,0.04774480077889603,-0.024491110533554905,5.827530709964135,0.34,True
5212,0.1,0.05,0.05,0.5,0.3,0.9900543167818876,0.2577633032155513,0.17355222884234445,-0.11947615704560688,2.157445548881832,0.355,True
5213,0.05,0.05,0.3,0.5,0.1,0.7380846835162769,0.202279357555468,0.09150407886839473,-0.0895845861880269,2.257970552332617,0.355,True
5214,0.1,0.05,0.3,0.5,0.05,0.6548283877132599,0.1827719635485705,0.07166917161440459,-0.06692558109890823,2.7309731278754947,0.355,True
5215,0.05,0.3,0.1,0.5,0.05,0.5048783760145485,0.14591825440278838,0.046405579293234696,-0.021352889852671697,6.833653683861013,0.355,True
5216,0.1,0.1,0.1,0.55,0.15,0.7463650388959555,0.20418514574467017,0.09990152715583606,-0.06436430412164318,3.1723351713517673,0.35500000000000004,True
5217,0.1,0.1,0.15,0.55,0.1,0.6757978618093938,0.1877457784587231,0.07744900582223481,-0.05330254268751389,3.5222668374261725,0.35500000000000004,True
5218,0.15,0.1,0.1,0.55,0.1,0.6650286390367006,0.18519660938657667,0.07684148266909414,-0.042352234532047506,4.372770679819509,0.35500000000000004,True
5219,0.1,0.15,0.1,0.55,0.1,0.6432849027526508,0.18001597528346824,0.0735289277538195,-0.041518501043686706,4.335801408004865,0.35500000000000004,True
5220,0.1,0.05,0.15,0.55,0.15,0.7791718589966419,0.21167721657856142,0.1033623676604587,-0.07715336412607765,2.7435902371367242,0.36000000000000004,True
5221,0.15,0.05,0.1,0.55,0.15,0.7690929684667192,0.20938538114750904,0.1023373403745563,-0.06567121533694964,3.1883890083833917,0.36000000000000004,True
5222,0.05,0.1,0.15,0.55,0.15,0.756243210091327,0.20645081915567398,0.10186535184695647,-0.07493554665719415,2.75504521372373,0.36000000000000004,True
5223,0.15,0.1,0.05,0.55,0.15,0.7362043189344676,0.20184573397613326,0.09953524779135503,-0.05772746804846873,3.4965284430396455,0.36000000000000004,True
5224,0.05,0.15,0.1,0.55,0.15,0.7237591963611769,0.19896788869816584,0.09838116674883467,-0.06313027232502233,3.151703317131152,0.36000000000000004,True
5225,0.15,0.05,0.15,0.55,0.1,0.6978682138839047,0.19293609338886797,0.08063779634807847,-0.05460969404188687,3.5330008119232756,0.36000000000000004,True
5226,0.05,0.15,0.15,0.55,0.1,0.6538450471511825,0.18253769297762346,0.07539917351418424,-0.05198178010402765,3.5115706428737723,0.36000000000000004,True
5227,0.15,0.15,0.05,0.55,0.1,0.6324407869950424,0.17741517671673068,0.0738546516049437,-0.03815075834354664,4.650370907941367,0.36000000000000004,True
5228,0.15,0.1,0.15,0.55,0.05,0.5913121271007633,0.1674450565998753,0.05749305175635259,-0.03128448134882611,5.352336026697734,0.36000000000000004,True
5229,0.1,0.15,0.15,0.55,0.05,0.5702562039552801,0.16227422152563475,0.05295162735185595,-0.02875610147520713,5.643123135642847,0.36000000000000004,True
5230,0.15,0.15,0.1,0.55,0.05,0.5588407693019992,0.15945151499149524,0.05330252472592321,-0.02690034675114339,5.927489205495755,0.36000000000000004,True
5231,0.1,0.05,0.1,0.55,0.2,0.8468447091799058,0.2268454843576313,0.12587411281752112,-0.08773242064699871,2.585651720136273,0.36500000000000005,True
5232,0.1,0.1,0.05,0.55,0.2,0.8140531936772577,0.21954268724324555,0.12322992783272527,-0.07819669397084494,2.807569937996361,0.36500000000000005,True
5233,0.1,0.05,0.2,0.55,0.1,0.7085613935699682,0.1954346553736921,0.08207361252419226,-0.06607361901696795,2.957831859088931,0.36500000000000005,True
5234,0.2,0.05,0.1,0.55,0.1,0.6868885320151814,0.19035964613656797,0.08116596033388918,-0.045096787833539986,4.221135368647945,0.36500000000000005,True
5235,0.05,0.1,0.2,0.55,0.1,0.6862827322664566,0.1902171665747987,0.0801076419042187,-0.06419829888788109,2.9629627244018235,0.36500000000000005,True
5236,0.2,0.1,0.05,0.55,0.1,0.6539732950378823,0.1825682519563927,0.07830348229489756,-0.039527748829794374,4.618736390542442,0.36500000000000005,True
5237,0.05,0.2,0.1,0.55,0.1,0.6216572328393968,0.1748174548672199,0.07141437394992055,-0.04067596235928772,4.297807469754998,0.36500000000000005,True
5238,0.1,0.2,0.05,0.55,0.1,0.6110229646011318,0.17224439160171823,0.07045323581539387,-0.03676886196944251,4.68451788757741,0.36500000000000005,True
5239,0.1,0.1,0.2,0.55,0.05,0.602658455114065,0.17021255015515901,0.05842118513434663,-0.04170859908343483,4.080994180952038,0.36500000000000005,True
5240,0.1,0.2,0.1,0.55,0.05,0.5381138003214194,0.15429090064042406,0.04844192601500164,-0.021910769594747248,7.041783720705675,0.36500000000000005,True
5241,0.15,0.05,0.55,0.05,0.2,1.0236634171286152,0.2648027950360512,0.17185274428732353,-0.18475790345491472,1.433242043151184,0.37000000000000005,True
5242,0.05,0.05,0.15,0.55,0.2,0.8559967868099552,0.2288682369512165,0.12787047032656185,-0.09864780930832306,2.320053922696756,0.37000000000000005,True
5243,0.15,0.05,0.05,0.55,0.2,0.8374115053767175,0.22475359189166966,0.1251377651866583,-0.0793396253962102,2.832803794690029,0.37000000000000005,True
5244,0.05,0.05,0.2,0.55,0.15,0.7889678198039063,0.21389643627806687,0.1059099708251066,-0.08841861902783621,2.419133420425028,0.37000000000000005,True
5245,0.2,0.05,0.05,0.55,0.15,0.7587293793036374,0.20701971200717595,0.10285360472670453,-0.05845544747365661,3.541495633926521,0.37000000000000005,True
5246,0.15,0.05,0.2,0.55,0.05,0.6240440343247906,0.17539341752284843,0.06261278895664202,-0.043355653615537615,4.045456656660614,0.37000000000000005,True
5247,0.2,0.05,0.15,0.55,0.05,0.6124796573210032,0.17259752044093601,0.06318769302109047,-0.03856975286106179,4.474944940992411,0.37000000000000005,True
5248,0.05,0.15,0.2,0.55,0.05,0.5813858636999596,0.16501312219140507,0.05564842318563229,-0.04029407305354593,4.095220703355619,0.37000000000000005,True
5249,0.05,0.2,0.15,0.55,0.05,0.549311797560915,0.15708470341267322,0.04994280404504589,-0.02725086486860917,5.764393319994123,0.37000000000000005,True
5250,0.05,0.4,0.05,0.45,0.05,0.46111388127675723,0.13470290658782091,0.044905713476423796,-0.029041571713748993,4.6382788065168405,0.37000000000000005,True
5251,0.05,0.05,0.35,0.5,0.05,0.6656629845534812,0.1853470687038743,0.07647065856669087,-0.07873590562145139,2.3540348871452745,0.38,True
5252,0.05,0.35,0.05,0.5,0.05,0.47349740369242554,0.13789884874957137,0.043308477972795835,-0.02425107840856522,5.686297591651305,0.38,True
5253,0.1,0.05,0.55,0.05,0.25,1.0920645313716721,0.2788923343571148,0.19203569524532535,-0.20136144788876276,1.3850334176737849,0.38000000000000006,True
5254,0.05,0.05,0.1,0.55,0.25,0.9197499483054972,0.24277741421920962,0.15021497854811303,-0.10842904335479431,2.2390441408286663,0.38000000000000006,True
5255,0.1,0.05,0.05,0.55,0.25,0.9112731514232653,0.24094594118824686,0.14860877936444641,-0.09980637754876398,2.4141337167609764,0.38000000000000006,True
5256,0.05,0.05,0.25,0.55,0.1,0.7189698399838673,0.19785669317902133,0.08540291018295744,-0.07770997841255578,2.5460912127476947,0.38000000000000006,True
5257,0.1,0.05,0.25,0.55,0.05,0.6353201055963984,0.17810685858879927,0.06458085961109065,-0.05445677869072174,3.2706095158571107,0.38000000000000006,True
5258,0.05,0.1,0.25,0.55,0.05,0.6137186272622388,0.17289770196358623,0.062040462617341106,-0.05296751103684738,3.264221757433688,0.38000000000000006,True
5259,0.05,0.25,0.1,0.55,0.05,0.517496877046451,0.14911148008253705,0.04522276382560679,-0.020418333473891548,7.302823233502502,0.38000000000000006,True
5260,0.1,0.25,0.05,0.55,0.05,0.5062316924138537,0.14626157597817713,0.04522095979233884,-0.022071130210571055,6.626827651450516,0.38000000000000006,True
5261,0.1,0.1,0.1,0.6,0.1,0.6565660005125178,0.18318570475296192,0.07298654820409733,-0.04240458863275853,4.319950049260629,0.4,True
5262,0.05,0.05,0.3,0.55,0.05,0.6463096400463408,0.18073937119463546,0.06890477905835109,-0.06648737020541418,2.718401564631557,0.4,True
5263,0.05,0.3,0.05,0.55,0.05,0.4859415503579476,0.14109244748338545,0.04186785498492724,-0.020569817014635672,6.859197988149164,0.4,True
5264,0.1,0.05,0.1,0.6,0.15,0.760137880101027,0.20734177156918943,0.0995053630963699,-0.06555668304734041,3.1627861864130895,0.40499999999999997,True
5265,0.05,0.1,0.1,0.6,0.15,0.7374369379202004,0.20213001878817183,0.09796703683713447,-0.06433747155332381,3.141715300711555,0.40499999999999997,True
5266,0.1,0.1,0.05,0.6,0.15,0.7274002601322551,0.1998112882065346,0.09659975394448757,-0.05774635655672711,3.4601540273843954,0.40499999999999997,True
5267,0.1,0.05,0.15,0.6,0.1,0.6892533386585868,0.19091550465089524,0.07700221003087993,-0.05460303168823466,3.496426823714843,0.40499999999999997,True
5268,0.15,0.05,0.1,0.6,0.1,0.6784025384083043,0.188360686887181,0.0763373013443864,-0.04360675196887254,4.3195303108481236,0.40499999999999997,True
5269,0.05,0.1,0.15,0.6,0.1,0.6672071750734845,0.18571317295624756,0.07492340834608308,-0.05329862844587674,3.4843893430547483,0.40499999999999997,True
5270,0.15,0.1,0.05,0.6,0.1,0.6456398879727863,0.18057926977966532,0.0732526402179702,-0.037265069921448846,4.845805204721443,0.40499999999999997,True
5271,0.05,0.15,0.1,0.6,0.1,0.6348457474057925,0.17799296219230443,0.07083537283945004,-0.04157292941947288,4.281463074116013,0.40499999999999997,True
5272,0.1,0.15,0.05,0.6,0.1,0.6241300297005643,0.1754141586596767,0.06980315707877895,-0.035881927297508165,4.888649297047609,0.40499999999999997,True
5273,0.1,0.1,0.15,0.6,0.05,0.5832017978775168,0.16545878516838397,0.052233973491860576,-0.03029189662206211,5.462146765939954,0.40499999999999997,True
5274,0.15,0.1,0.1,0.6,0.05,0.5717007825858589,0.16263044767651547,0.052502892137987235,-0.02631338377126413,6.180522014584765,0.40499999999999997,True
5275,0.1,0.15,0.1,0.6,0.05,0.5508835284461056,0.15747575798097335,0.04753056452561224,-0.02097806585742379,7.506686224137546,0.40499999999999997,True
5276,0.05,0.05,0.15,0.6,0.15,0.7700930782980657,0.20961318422925768,0.10151320292160304,-0.07671522467023151,2.7323544332992844,0.41,True
5277,0.15,0.05,0.05,0.6,0.15,0.7498991665181889,0.2049967183363175,0.09909532388379197,-0.05847272074707721,3.5058522284780866,0.41,True
5278,0.15,0.05,0.15,0.6,0.05,0.6043487719156051,0.1706237177822214,0.05685444081881049,-0.03322800355843214,5.13493738744117,0.41,True
5279,0.05,0.15,0.15,0.6,0.05,0.5621665590088039,0.16027530525900868,0.04914896297413614,-0.028806316351265737,5.563894505101006,0.41,True
5280,0.05,0.05,0.1,0.6,0.2,0.8374406104020597,0.2247600571763,0.12437983999369216,-0.08728728131423802,2.574946244082846,0.415,True
5281,0.1,0.05,0.05,0.6,0.2,0.8281270928935416,0.22268769136058464,0.1228485142380392,-0.07893471181577283,2.8211630376293706,0.415,True
5282,0.05,0.1,0.05,0.6,0.2,0.8047985674845686,0.2174657392061543,0.12168745501159854,-0.07817337954157422,2.781838785548494,0.415,True
5283,0.05,0.05,0.2,0.6,0.1,0.6998188199735809,0.19339265163206187,0.07972047437281192,-0.06564364701060954,2.9460985249769123,0.415,True
5284,0.2,0.05,0.05,0.6,0.1,0.6672646503121982,0.18572679510245127,0.0777484633154437,-0.039558408249089516,4.695001728405642,0.415,True
5285,0.1,0.05,0.2,0.6,0.05,0.615780261262759,0.1733968607103451,0.05786358681232147,-0.043126316380372676,4.020674039975744,0.415,True
5286,0.05,0.1,0.2,0.6,0.05,0.5944160716408986,0.16820344644855867,0.05503755630729921,-0.041729863420534974,4.030769158132133,0.415,True
5287,0.05,0.2,0.1,0.6,0.05,0.5301765384302128,0.15230239963261027,0.04420431975244935,-0.019484250858965102,7.816692606507519,0.415,True
5288,0.1,0.2,0.05,0.6,0.05,0.5188259011698921,0.14944676972333482,0.044091636538885454,-0.021132660192561215,7.071838962135998,0.415,True
5289,0.05,0.05,0.05,0.6,0.25,0.9015546235890277,0.23883950693740807,0.14737250635686527,-0.09938213772741955,2.403243806170535,0.43,True
5290,0.05,0.05,0.25,0.6,0.05,0.626924628125112,0.17608778683963977,0.06157248428618319,-0.054289731807863895,3.2434823487953457,0.43,True
5291,0.05,0.25,0.05,0.6,0.05,0.4984464581064869,0.14428372690076974,0.04059524183890349,-0.019629950972376076,7.350182743900412,0.43,True
5292,0.1,0.05,0.1,0.65,0.1,0.6699096389814163,0.18635334265126535,0.07255063514818304,-0.043623501893426786,4.271856558112433,0.45500000000000007,True
5293,0.05,0.1,0.1,0.65,0.1,0.6480966097077288,0.18116632637585495,0.07036778909761572,-0.04245671835028619,4.267082653000988,0.45500000000000007,True
5294,0.1,0.1,0.05,0.65,0.1,0.6372992362401939,0.17858182281902568,0.06926531193438691,-0.03604649534045479,4.954207645773659,0.45500000000000007,True
5295,0.1,0.1,0.1,0.65,0.05,0.5637147467292885,0.16065838886849426,0.04677886582690342,-0.0201166920896243,7.986322410897662,0.45500000000000007,True
5296,0.05,0.05,0.1,0.65,0.15,0.7511780777653287,0.20529013659395878,0.09763292399172427,-0.06552757790427932,3.132881500577365,0.46,True
5297,0.1,0.05,0.05,0.65,0.15,0.7410637473758335,0.20296570805266656,0.09621861046384256,-0.0584899220617755,3.470097085072187,0.46,True
5298,0.05,0.1,0.05,0.65,0.15,0.7185911485125442,0.19776874361315944,0.09464951375125584,-0.05776516597738246,3.4236678847351425,0.46,True
5299,0.05,0.05,0.15,0.65,0.1,0.6806320500001821,0.18888652169636821,0.0745520210499572,-0.05459639749353917,3.4596883744705074,0.46,True
5300,0.15,0.05,0.05,0.65,0.1,0.6589013233642014,0.1837413105621417,0.07275619465350125,-0.037828112179125406,4.857268839959062,0.46,True
5301,0.05,0.15,0.05,0.65,0.1,0.6158121812779802,0.1734045857821278,0.06703033373031465,-0.035175646424868146,4.929677302519617,0.46,True
5302,0.1,0.05,0.15,0.65,0.05,0.5962092812270936,0.16864113459029184,0.05166328631795588,-0.0318047052501067,5.302395770189571,0.46,True
5303,0.15,0.05,0.1,0.65,0.05,0.5846224790017023,0.16580720835826845,0.05184790802600063,-0.025724421627926652,6.445517444725239,0.46,True
5304,0.05,0.1,0.15,0.65,0.05,0.5750830169105703,0.16346363735847924,0.04851262654764428,-0.030338363058326268,5.388017706961192,0.46,True
5305,0.05,0.15,0.1,0.65,0.05,0.5429174969990074,0.1554910365507074,0.043357339804475155,-0.018714798035260105,8.308453890752679,0.46,True
5306,0.1,0.15,0.05,0.65,0.05,0.5314812008155942,0.15262972475318048,0.043130077694542315,-0.020194667821121337,7.557922026998981,0.46,True
5307,0.05,0.05,0.05,0.65,0.2,0.8188396659034811,0.22061410929513592,0.12135822437832386,-0.07875282816600004,2.801348401483588,0.47000000000000003,True
5308,0.05,0.05,0.2,0.65,0.05,0.6075083753045356,0.17139151380857398,0.054568116806959374,-0.043144355576324234,3.9725130093871717,0.47000000000000003,True
5309,0.05,0.2,0.05,0.65,0.05,0.5110122637712173,0.147472710766956,0.03950167718116894,-0.01869056419372206,7.89022253359748,0.47000000000000003,True
5310,0.05,0.05,0.1,0.7,0.1,0.661409956578402,0.18433756863965134,0.07001144188743821,-0.043640180553386476,4.2240331341925845,0.5149999999999999,True
5311,0.1,0.05,0.05,0.7,0.1,0.6505307210531881,0.18174740485904461,0.06883983035235548,-0.036972252055973764,4.91577858400105,0.5149999999999999,True
5312,0.05,0.1,0.05,0.7,0.1,0.6289514626839723,0.17657586569713057,0.06657055587690049,-0.03611269251214988,4.8895790763240035,0.5149999999999999,True
5313,0.1,0.05,0.1,0.7,0.05,0.5766075920041505,0.16383881570994574,0.0461907060184255,-0.02162845900403121,7.575149745037717,0.5149999999999999,True
5314,0.05,0.1,0.1,0.7,0.05,0.5557198895859994,0.15867741400056934,0.042687652569064385,-0.01979934196357591,8.01427715590155,0.5149999999999999,True
5315,0.1,0.1,0.05,0.7,0.05,0.5441977281841304,0.15581046372239782,0.042343208318510614,-0.01925715273168649,8.091043670543312,0.5149999999999999,True
5316,0.05,0.05,0.05,0.7,0.15,0.732223244720456,0.20092663958742984,0.09433243591291073,-0.05850705186647731,3.434229433504484,0.5199999999999999,True
5317,0.05,0.05,0.15,0.7,0.05,0.588061308099374,0.1666497226146897,0.04803635705218705,-0.03184752930032264,5.232736299358751,0.5199999999999999,True
5318,0.05,0.15,0.05,0.7,0.05,0.5236391041853072,0.15065942250734188,0.0385972750874558,-0.017751656312181674,8.487062832776637,0.5199999999999999,True
5319,0.05,0.05,0.05,0.75,0.1,0.6421529662230165,0.17974503316419232,0.0662285783719124,-0.03703598074234593,4.853254310035775,0.58,True
5320,0.05,0.05,0.1,0.75,0.05,0.5685838530243583,0.16186155481812703,0.042199446939482,-0.02086757788878202,7.756604800077946,0.58,True
5321,0.1,0.05,0.05,0.75,0.05,0.556975620108682,0.15898900896592583,0.041736522456486555,-0.01832011456006366,8.678385085675652,0.58,True
5322,0.05,0.1,0.05,0.75,0.05,0.5363271161819332,0.153843885213788,0.03789059089336089,-0.01681322696163845,9.150170015833528,0.58,True
5323,0.05,0.05,0.05,0.8,0.05,0.5490764365942595,0.15702612165076513,0.03738798171995442,-0.015875275776346842,9.891237409854897,0.6500000000000001,True
