point,brazilian_stocks,fiis,international_equity,fixed_income,crypto,total_return,annualized_return,annualized_volatility,max_drawdown,calmar,hhi,feasible
1,0.2,0.2,0.2,0.2,0.2,0.9160140659705023,0.24197091582178132,0.1412425934312694,-0.1018162779082823,2.376544505385991,0.20000000000000004,True
2,0.2,0.19,0.2,0.2,0.21,0.9359584505665661,0.24626442142885674,0.14595251269397183,-0.10638380119577484,2.3148676646331134,0.20020000000000002,True
3,0.2,0.2,0.2,0.19,0.21,0.9330271919394444,0.24563525242664452,0.14608724592839056,-0.10608364856778296,2.315486465095457,0.20020000000000002,True
4,0.2,0.2,0.19,0.2,0.21,0.9292572576129885,0.2448251331611666,0.14529851755591652,-0.10382005388761129,2.3581680416598325,0.20020000000000002,True
5,0.21,0.19,0.2,0.2,0.2,0.9236920671838134,0.24362730087391715,0.14186386882455848,-0.10197067382575387,2.3891898693365925,0.20020000000000002,True
6,0.21,0.2,0.2,0.19,0.2,0.9207724741462915,0.24299797360836806,0.14200127207353097,-0.10166196186317766,2.3902546159340137,0.20020000000000002,True
7,0.2,0.19,0.2,0.21,0.2,0.9189295609153938,0.2426003995672834,0.14110682032974642,-0.10212475354625739,2.3755298411310006,0.20020000000000002,True
8,0.21,0.2,0.19,0.2,0.2,0.9169776946186494,0.24217904324378603,0.14120328703257812,-0.09937768554431448,2.436955961665998,0.20020000000000002,True
9,0.2,0.2,0.19,0.21,0.2,0.912228068647776,0.24115252827874722,0.1404416863452226,-0.09953225119373355,2.422858172969064,0.20020000000000002,True
10,0.2,0.21,0.19,0.2,0.2,0.9093194620338512,0.24052306488873376,0.14057930389721324,-0.0992188578205575,2.4241668385634143,0.20020000000000002,True
11,0.21,0.2,0.2,0.2,0.19,0.9035604805567341,0.2392748515887222,0.13717863172443823,-0.09734134159679586,2.4581010253571263,0.20020000000000002,True
12,0.2,0.2,0.2,0.21,0.19,0.8988375009912888,0.23824930295086477,0.13639456213503345,-0.09749662187450325,2.4436672611850803,0.20020000000000002,True
13,0.2,0.21,0.2,0.2,0.19,0.8959405484581489,0.23761941636760375,0.13653390046870165,-0.0971786670372452,2.445180857199168,0.20020000000000002,True
14,0.21,0.21,0.2,0.19,0.19,0.9006594516743798,0.2386451229308879,0.13731960937617077,-0.09702314673529366,2.4596720572460784,0.20039999999999997,True
15,0.21,0.19,0.2,0.19,0.21,0.9407561857112594,0.24729284411787655,0.1466858595033668,-0.10623067090581595,2.3278855532892777,0.2004,True
16,0.21,0.19,0.19,0.2,0.21,0.936973241359476,0.2464820893739561,0.14590017577022,-0.10397072447013023,2.370687427928503,0.2004,True
17,0.21,0.2,0.19,0.19,0.21,0.934042124026784,0.245853170664875,0.1460360942656095,-0.1036664436454734,2.371579095600722,0.2004,True
18,0.2,0.19,0.19,0.21,0.21,0.9321842615227987,0.24545420703767395,0.14516421056964215,-0.10412410054271515,2.357323672025196,0.2004,True
19,0.21,0.19,0.21,0.19,0.2,0.9274892714521883,0.2444448479266812,0.14267654789630127,-0.1042439368705802,2.3449310843868236,0.2004,True
20,0.2,0.21,0.19,0.19,0.21,0.9263328722290227,0.24419598624684147,0.14543500599984355,-0.10351508262341835,2.359037736898803,0.2004,True
21,0.19,0.2,0.19,0.21,0.21,0.9244783549777791,0.24379667876816535,0.1445863122664217,-0.10397366280257336,2.3447926349491977,0.2004,True
22,0.21,0.19,0.19,0.21,0.2,0.9198930057797792,0.24280827650740333,0.1410662831694898,-0.0996903600778345,2.43562443066539,0.2004,True
23,0.21,0.21,0.19,0.19,0.2,0.9140649963252607,0.24154973644417832,0.14134252779895917,-0.09906405435261689,2.4383187022043935,0.2004,True
24,0.21,0.19,0.21,0.2,0.19,0.9102770640519597,0.24073037398936492,0.13786565484948177,-0.09995241523192722,2.4084497951428174,0.2004,True
25,0.21,0.2,0.21,0.19,0.19,0.9073691257603624,0.2401006265140948,0.1380047147621467,-0.09963920383427038,2.409700371687569,0.2004,True
26,0.21,0.19,0.2,0.21,0.19,0.9064641170965857,0.23990450587753642,0.13703995192392948,-0.09765856145488616,2.456563995040634,0.2004,True
27,0.21,0.2,0.19,0.21,0.19,0.8997500202242843,0.23844757999001875,0.13636805073915084,-0.09503629767718158,2.5090158793851094,0.2004,True
28,0.21,0.21,0.19,0.2,0.19,0.8968532935163847,0.23781794441552528,0.1365086653988368,-0.09471405688836332,2.5109044235728843,0.2004,True
29,0.2,0.21,0.19,0.21,0.19,0.8921431994019631,0.2367927832589738,0.13571969064669043,-0.09486983070612731,2.495975606749767,0.2004,True
30,0.2,0.19,0.2,0.19,0.22,0.9528201476343248,0.24987135679268357,0.15079173949298877,-0.1105916842860949,2.2594045692104614,0.2006,True
31,0.2,0.19,0.19,0.2,0.22,0.9490624578342777,0.24906934183663765,0.15001492188099053,-0.1083520244839159,2.298705012877819,0.2006,True
32,0.2,0.2,0.19,0.19,0.22,0.9461198405683429,0.24844057018177623,0.1501483626783494,-0.10805618981380183,2.2991794418244735,0.2006,True
33,0.21,0.18,0.2,0.2,0.21,0.9436941858944239,0.24792178509838436,0.14655167681570885,-0.10653014901728819,2.3272452670478336,0.2006,True
34,0.2,0.18,0.2,0.21,0.21,0.938892330913679,0.2468935174681981,0.14581994721290567,-0.10668304659743022,2.314271342473503,0.2006,True
35,0.21,0.18,0.21,0.2,0.2,0.9304157620052849,0.2450741958319378,0.14254095172297312,-0.10454778391425512,2.3441357306333286,0.2006,True
36,0.22,0.19,0.2,0.19,0.2,0.9284605042409451,0.24465378415564687,0.14264621049858614,-0.10181659276999522,2.4028871670094323,0.2006,True
37,0.21,0.18,0.2,0.21,0.2,0.9266142762832359,0.24425655467899388,0.14172868809074154,-0.10227844702267208,2.3881527515259346,0.2006,True
38,0.2,0.2,0.18,0.21,0.21,0.9254854364317309,0.24401355146591963,0.14452478778972364,-0.10154945961268036,2.402903495465277,0.2006,True
39,0.22,0.19,0.19,0.2,0.2,0.9246526456220734,0.24383421727520194,0.14185165321986254,-0.09953603017789392,2.449708078968126,0.2006,True
40,0.22,0.2,0.19,0.19,0.2,0.9217332390277917,0.24320513980011293,0.14199025760758088,-0.09922311855130461,2.451093488604277,0.2006,True
41,0.2,0.19,0.19,0.22,0.2,0.9151392864777927,0.2417819178646179,0.1403063201721215,-0.09984468863829044,2.4215801677796462,0.2006,True
42,0.21,0.2,0.18,0.21,0.2,0.9131810638896685,0.24135863100181654,0.14042064854949218,-0.09759137041162069,2.4731554642978635,0.2006,True
43,0.22,0.19,0.2,0.2,0.19,0.9111970584359901,0.24092947624748362,0.13784823692003337,-0.09750351910989541,2.4709823650152978,0.2006,True
44,0.21,0.21,0.18,0.2,0.2,0.910272647895396,0.24072941810464377,0.14055950586995888,-0.09737248912695329,2.472252894662918,0.2006,True
45,0.22,0.2,0.2,0.19,0.19,0.9082893417932434,0.24029997906968537,0.13798853218099602,-0.0971860599631208,2.4725766139801535,0.2006,True
46,0.2,0.21,0.18,0.21,0.2,0.9055358948785464,0.23970329023610537,0.13979341101307702,-0.09714412647820558,2.4675016280050976,0.2006,True
47,0.22,0.2,0.19,0.2,0.19,0.9044700573490587,0.23947216237636448,0.13718132815546175,-0.0950066077093763,2.520584285136314,0.2006,True
48,0.2,0.19,0.2,0.22,0.19,0.901737059530282,0.23887911489274627,0.13625753730035708,-0.09781360244807258,2.4421870671777244,0.2006,True
49,0.2,0.2,0.19,0.22,0.19,0.8950358545221682,0.23742257659812016,0.13558072276356378,-0.09519183068831816,2.4941486562591804,0.2006,True
50,0.21,0.2,0.21,0.2,0.18,0.8900123606237078,0.2363284430200001,0.13319783548285272,-0.09528631662772513,2.4801928690696857,0.2006,True
51,0.2,0.22,0.19,0.2,0.19,0.8892531470934606,0.23616291520077914,0.13586098761292414,-0.0945468379557044,2.497840438740241,0.2006,True
52,0.21,0.2,0.2,0.21,0.18,0.8861884089805361,0.23549427326986438,0.1323579807032213,-0.09296745698300268,2.53308287558,0.2006,True
53,0.21,0.21,0.2,0.2,0.18,0.8833035020097684,0.234864203385452,0.13250054806008627,-0.09264053448689435,2.5352207290932425,0.2006,True
54,0.2,0.21,0.2,0.21,0.18,0.8786202271379324,0.233839994386283,0.1316876026403432,-0.09279703417228735,2.5199080603388113,0.2006,True
55,0.21,0.2,0.2,0.18,0.21,0.9378208088997306,0.2466638304379012,0.14682219690813242,-0.10593028485857969,2.3285487315285263,0.20060000000000003,True
56,0.21,0.2,0.18,0.2,0.21,0.9302615484678738,0.24504104777213875,0.14526493457381787,-0.10175213245966996,2.4082153547913325,0.20060000000000003,True
57,0.21,0.19,0.19,0.19,0.22,0.9538864783798195,0.250098759499372,0.1507284419363648,-0.10819958921849226,2.3114575693474806,0.20079999999999998,True
58,0.21,0.18,0.21,0.19,0.21,0.9474794926820465,0.2487311762254818,0.14735163526982661,-0.10877929068888992,2.2865673663643933,0.20079999999999998,True
59,0.22,0.19,0.19,0.19,0.21,0.9417681887520779,0.2475095563667844,0.14666098135907277,-0.1038173470743845,2.3840866997828916,0.20079999999999998,True
60,0.21,0.18,0.19,0.21,0.21,0.9399069799643232,0.2471109354436618,0.1457664226861715,-0.10427408417132089,2.369821201571638,0.20079999999999998,True
61,0.21,0.19,0.18,0.21,0.21,0.933188403799516,0.24566987166528698,0.14512943065697112,-0.10196270530961682,2.4094091160026934,0.20079999999999998,True
62,0.21,0.21,0.18,0.19,0.21,0.9273373112142118,0.24441215116553217,0.1454026173709054,-0.10154091826110967,2.4070311294313202,0.20079999999999998,True
63,0.22,0.19,0.21,0.19,0.19,0.9150188304334472,0.2417558885735107,0.13867051188614063,-0.09979762403093395,2.422461365398583,0.20079999999999998,True
64,0.21,0.18,0.21,0.21,0.19,0.913187613195203,0.24136004717256854,0.13772887739554118,-0.10026466985274451,2.4072292615838284,0.20079999999999998,True
65,0.22,0.19,0.19,0.21,0.19,0.9073734649563476,0.24010156669361238,0.1370414013769824,-0.09522978391718206,2.521286480103957,0.20079999999999998,True
66,0.21,0.19,0.19,0.22,0.19,0.9026493524901975,0.2390771412574353,0.1362297467040475,-0.09535754952454423,2.5071653209366382,0.20079999999999998,True
67,0.22,0.21,0.19,0.19,0.19,0.9015692569514293,0.23884268402307884,0.1373235495407415,-0.09478274447308421,2.519896267520549,0.20079999999999998,True
68,0.21,0.22,0.19,0.19,0.19,0.8939591712718338,0.2371882343949938,0.13665159322329246,-0.09439082258451725,2.5128315221812607,0.20079999999999998,True
69,0.21,0.21,0.18,0.21,0.19,0.8930453261639,0.23698926453181968,0.13571349758553705,-0.093152747808106,2.544093117038435,0.20079999999999998,True
70,0.21,0.19,0.21,0.21,0.18,0.8929041920915286,0.23695852995372135,0.13305729230940447,-0.09560815219612673,2.478434364756199,0.20079999999999998,True
71,0.21,0.21,0.19,0.21,0.18,0.8794820992944172,0.23402860926983693,0.13167628686991847,-0.09031026541465981,2.591384359189888,0.20079999999999998,True
72,0.21,0.19,0.21,0.18,0.21,0.9445372334427646,0.2481021401806267,0.14748625195297213,-0.10848367177511764,2.286999841735931,0.2008,True
73,0.22,0.18,0.2,0.2,0.2,0.9313868151866811,0.2452828822806441,0.14250942205246184,-0.10212460157288294,2.401800139270006,0.2008,True
74,0.22,0.2,0.2,0.18,0.2,0.9255368110087516,0.24402461283643717,0.1427852070846771,-0.1015076444787314,2.4040023201165597,0.2008,True
75,0.2,0.18,0.2,0.22,0.2,0.9218476702705449,0.24322980958480112,0.14097328398111186,-0.10243229114127339,2.374542313510702,0.2008,True
76,0.22,0.2,0.18,0.2,0.2,0.9179278120143255,0.2423841841803529,0.14121059546060832,-0.09781938664196743,2.4778747086966795,0.2008,True
77,0.2,0.2,0.18,0.22,0.2,0.9084402239548646,0.24033265956517336,0.139656184208841,-0.09736335616641634,2.4684097696302665,0.2008,True
78,0.2,0.18,0.2,0.2,0.22,0.9557696262497548,0.25050015232262557,0.15065996006125398,-0.11088281382003584,2.2591431773114126,0.20080000000000003,True
79,0.2,0.2,0.18,0.2,0.22,0.9423644567486358,0.24763720707140724,0.14938571590327326,-0.10580580662967098,2.340487870747565,0.20080000000000003,True
80,0.22,0.2,0.2,0.2,0.18,0.890881574765251,0.23651789933999967,0.13319568323291733,-0.09281119897884482,2.548376725462959,0.20080000000000003,True
81,0.2,0.2,0.2,0.22,0.18,0.8815010778512595,0.23447022338820966,0.13154669602236177,-0.09312371361425698,2.51783583673915,0.20080000000000003,True
82,0.21,0.18,0.2,0.19,0.22,0.9606065103727177,0.2515299542146885,0.15136953378065898,-0.11073085120653658,2.271543580438406,0.20099999999999998,True
83,0.21,0.18,0.19,0.2,0.22,0.956835857742296,0.25072730523747677,0.15059551777320485,-0.10849476432055827,2.3109622552538913,0.20099999999999998,True
84,0.22,0.19,0.2,0.18,0.21,0.9455598986602898,0.24832085131483939,0.1474439379968301,-0.10607753929684738,2.340937138633451,0.20099999999999998,True
85,0.22,0.2,0.19,0.18,0.21,0.9388329558944686,0.24688079229970383,0.14679847666346937,-0.10351283207614059,2.3850259658445685,0.20099999999999998,True
86,0.22,0.19,0.18,0.2,0.21,0.937974581804534,0.24669679776555897,0.145892906943948,-0.10218901210071052,2.4141225430619824,0.20099999999999998,True
87,0.22,0.18,0.21,0.19,0.2,0.93519709905392,0.24610106508803997,0.14331860881603262,-0.10439418575150738,2.3574211850633304,0.20099999999999998,True
88,0.22,0.19,0.21,0.18,0.2,0.9322665018930019,0.24547187301987394,0.14345580527772295,-0.1040901038590748,2.358263311488407,0.20099999999999998,True
89,0.21,0.18,0.19,0.22,0.2,0.9228109309033259,0.24343743637152593,0.1409315134947074,-0.10000208232360408,2.4343236732188123,0.20099999999999998,True
90,0.22,0.19,0.18,0.21,0.2,0.9208429294485008,0.2430131679728207,0.1410723790125868,-0.09803725189564283,2.4787839650126013,0.20099999999999998,True
91,0.22,0.18,0.21,0.2,0.19,0.9179334660927405,0.24238540475607717,0.13853211077899638,-0.10011011643266932,2.4211879217930727,0.20099999999999998,True
92,0.21,0.19,0.18,0.22,0.2,0.9160920906522063,0.24198777042422526,0.14028403977490525,-0.09780958301342813,2.4740701572258326,0.20099999999999998,True
93,0.22,0.18,0.2,0.21,0.19,0.9141073854825423,0.2415588994653015,0.13771022116908088,-0.09782000699144244,2.4694222265434282,0.20099999999999998,True
94,0.21,0.18,0.2,0.22,0.19,0.9093703623886087,0.24053408593597703,0.13690356738162332,-0.09797481078407633,2.455060479433665,0.20099999999999998,True
95,0.22,0.2,0.18,0.21,0.19,0.9006489573570076,0.23864284375809852,0.13638983397814627,-0.093608868431448,2.549361484193801,0.20099999999999998,True
96,0.22,0.21,0.18,0.2,0.19,0.8977524664175665,0.238013458159835,0.1365317036050712,-0.09338249949595623,2.548801536096619,0.20099999999999998,True
97,0.21,0.2,0.18,0.22,0.19,0.895937748175136,0.2376188071896057,0.13557324169053572,-0.09337946939500918,2.5446579288691655,0.20099999999999998,True
98,0.21,0.19,0.2,0.18,0.22,0.9576528918294762,0.25090131260597115,0.15150290273974565,-0.11043949180195045,2.271844142998311,0.201,True
99,0.2,0.18,0.19,0.21,0.22,0.9520077020304587,0.24969804134391693,0.14988359449395722,-0.10864696898207526,2.2982513335011903,0.201,True
100,0.21,0.2,0.19,0.18,0.22,0.9509397275992246,0.2494701418730072,0.150863467381503,-0.1079035232446599,2.3119740150408234,0.201,True
101,0.21,0.19,0.18,0.2,0.22,0.9501181322373697,0.249294761632739,0.14996853667589824,-0.10606578221214258,2.3503787596090473,0.201,True
102,0.22,0.18,0.2,0.19,0.21,0.9485020207815502,0.24894963776060175,0.14730817236026797,-0.1063772501221345,2.3402526148662064,0.201,True
103,0.21,0.2,0.18,0.19,0.22,0.9471756210602671,0.24866623978668034,0.1501031315061216,-0.10586268127803056,2.3489508935977184,0.201,True
104,0.22,0.18,0.19,0.2,0.21,0.944706044533485,0.24813824805663942,0.14652563812267466,-0.10412094023629648,2.3831733318341533,0.201,True
105,0.22,0.2,0.18,0.19,0.21,0.9350436157094775,0.24606812835873138,0.14602999466338998,-0.10197878245213332,2.4129345579726893,0.201,True
106,0.22,0.18,0.19,0.21,0.2,0.9275746678304071,0.24446322161702239,0.14171526844436938,-0.09984798879050849,2.4483539886810517,0.201,True
107,0.22,0.21,0.18,0.19,0.2,0.9150153070000699,0.24175512717998382,0.14135104564165898,-0.09760085376692285,2.4769775862546317,0.201,True
108,0.22,0.19,0.21,0.2,0.18,0.8976102745878654,0.2379825444616377,0.13388954141502005,-0.09545239079878054,2.49320674390775,0.201,True
109,0.22,0.2,0.21,0.19,0.18,0.8947143783474014,0.23735261598142943,0.13403171270800887,-0.09513031371544389,2.495026103786479,0.201,True
110,0.22,0.19,0.2,0.21,0.18,0.8937731420948976,0.2371477357842937,0.13305385624424615,-0.09313735586798277,2.5462150344963406,0.201,True
111,0.21,0.19,0.2,0.22,0.18,0.8890759162990602,0.23612426800445596,0.13221778916512658,-0.09329337156752182,2.530986543171067,0.201,True
112,0.22,0.21,0.2,0.19,0.18,0.8879926094349953,0.23588798802116062,0.133339868688994,-0.09248403342433731,2.550580670923532,0.201,True
113,0.22,0.2,0.19,0.21,0.18,0.8870469917077326,0.23568166550470782,0.13237552000796485,-0.09075935022177273,2.5967755931351846,0.201,True
114,0.22,0.21,0.19,0.2,0.18,0.8841623557110263,0.23505184611235586,0.132519379199302,-0.09052752495481353,2.5964682700613,0.201,True
115,0.21,0.2,0.19,0.22,0.18,0.882362681693164,0.23465858706368348,0.1315340527905049,-0.09064130528894099,2.588870342452072,0.201,True
116,0.21,0.22,0.19,0.2,0.18,0.876604114049272,0.23339855624797257,0.13182091314029507,-0.09006382563249082,2.591479482565676,0.201,True
117,0.2,0.21,0.19,0.22,0.18,0.8748076651828032,0.23300494821685347,0.13085969266670994,-0.09046702181903166,2.5755788521805405,0.201,True
118,0.2,0.22,0.19,0.21,0.18,0.8719337297819347,0.2323747359641981,0.13100266824168114,-0.0901351995926073,2.578068690306168,0.201,True
119,0.21,0.18,0.21,0.18,0.22,0.964375224376022,0.2523311627484426,0.15215788804753078,-0.11296011731621125,2.233807548571214,0.20139999999999997,True
120,0.22,0.19,0.19,0.18,0.22,0.9587165134968942,0.25112776429230976,0.1514662533899301,-0.10804715264593534,2.3242423159011123,0.20139999999999997,True
121,0.21,0.18,0.18,0.21,0.22,0.9530632698968873,0.24992321164998121,0.14983605291101798,-0.10626827107283254,2.351814037500362,0.20139999999999997,True
122,0.22,0.18,0.22,0.19,0.19,0.9217577192864339,0.24321041748581163,0.139369170693389,-0.10239312351767837,2.375261239528657,0.20139999999999997,True
123,0.22,0.19,0.22,0.19,0.18,0.9014456216711553,0.23881584074720696,0.13474080122053037,-0.09776019098941724,2.4428741221778028,0.20139999999999997,True
124,0.22,0.18,0.21,0.21,0.18,0.9005087760218811,0.23861239814478297,0.13374971242768932,-0.0957734779822953,2.49142459031187,0.20139999999999997,True
125,0.21,0.18,0.21,0.22,0.18,0.8957986271012552,0.23758854181575528,0.13291910848543562,-0.09592899861132531,2.476712414964225,0.20139999999999997,True
126,0.22,0.22,0.18,0.19,0.19,0.8948585794936146,0.23738399844940883,0.1366758828471475,-0.0931554315334514,2.5482571927560236,0.20139999999999997,True
127,0.22,0.19,0.19,0.22,0.18,0.8899342276043622,0.23631141008537782,0.13223403300917105,-0.09099045963947727,2.5971009600533037,0.20139999999999997,True
128,0.22,0.22,0.19,0.19,0.18,0.8812803185195592,0.2344219517679178,0.1326656129232855,-0.09029498050748341,2.5961792167227893,0.20139999999999997,True
129,0.22,0.21,0.18,0.21,0.18,0.8803303284460069,0.23421418217609768,0.13171504922620933,-0.08911189666426977,2.6283155329809964,0.20139999999999997,True
130,0.21,0.21,0.18,0.22,0.18,0.8756589268691897,0.23319149386834614,0.13086825020849713,-0.08888074097924437,2.623644799752531,0.20139999999999997,True
131,0.21,0.22,0.18,0.21,0.18,0.872785266618783,0.2325615328270758,0.13101256136282832,-0.08864527181518778,2.623507470448419,0.20139999999999997,True
132,0.19,0.22,0.19,0.22,0.18,0.8672691640422521,0.23135048984305318,0.13021157808391945,-0.09029219922349718,2.5622422737804764,0.20139999999999997,True
133,0.22,0.18,0.19,0.19,0.22,0.9616700301277172,0.25175615677730856,0.15133176480891536,-0.10834255835584794,2.3237051127260893,0.2014,True
134,0.22,0.19,0.18,0.19,0.22,0.954939429625274,0.25032322775076166,0.15070875482246093,-0.10629074311057363,2.3550802301791407,0.2014,True
135,0.22,0.18,0.21,0.18,0.21,0.9522960940559495,0.24975956825200019,0.1481053574152193,-0.1086266360519238,2.299247931535084,0.2014,True
136,0.22,0.18,0.18,0.21,0.21,0.9409081687238985,0.24732539485542393,0.14575798177709967,-0.10239860435520831,2.4153199783610546,0.2014,True
137,0.21,0.18,0.18,0.22,0.21,0.9361178783038324,0.24629862297935423,0.14499610280892045,-0.1021726397276872,2.410612309085826,0.2014,True
138,0.22,0.21,0.18,0.18,0.21,0.932115269344082,0.2454393865012261,0.1461692477115869,-0.10176791249746475,2.411756127034054,0.2014,True
139,0.22,0.19,0.22,0.18,0.19,0.9188387775365883,0.24258080817420669,0.139507961567308,-0.1020846033379138,2.376272231486579,0.2014,True
140,0.22,0.18,0.19,0.22,0.19,0.9102794808679491,0.2407308971127391,0.13690376664435486,-0.09552276199958754,2.5201417135926047,0.2014,True
141,0.22,0.19,0.18,0.22,0.19,0.9035480534066174,0.23927215538243551,0.13625027145790078,-0.09383454156289128,2.5499368505154014,0.2014,True
142,0.22,0.18,0.22,0.18,0.2,0.9390055160200232,0.2469177744172666,0.14414258425911444,-0.1066567738254024,2.3150688471176903,0.20159999999999997,True
143,0.22,0.22,0.18,0.18,0.2,0.912105413311062,0.24112599683557523,0.14149373219446,-0.0973816501970346,2.476092737673877,0.20159999999999997,True
144,0.22,0.18,0.2,0.18,0.22,0.965449421417665,0.2525593436053972,0.15210332740096327,-0.11057888729390264,2.2839743624307878,0.2016,True
145,0.22,0.18,0.18,0.2,0.22,0.9578886997915987,0.25095152466778314,0.15057469969313214,-0.10649289386224337,2.356509580746373,0.2016,True
146,0.22,0.2,0.18,0.18,0.22,0.951992787592997,0.24969485926302037,0.15084490860826316,-0.10608798130487185,2.353658314465012,0.2016,True
147,0.22,0.18,0.18,0.22,0.2,0.9237606603972324,0.24364207869316612,0.14093639361108498,-0.09825445258267518,2.479705217309679,0.2016,True
148,0.22,0.18,0.22,0.2,0.18,0.9043484515932612,0.2394457865743005,0.13460060972450147,-0.0980772362620771,2.4414002239466193,0.2016,True
149,0.22,0.18,0.2,0.22,0.18,0.8966673125186042,0.23777749749412558,0.1329143853177137,-0.0934625087492077,2.544094960388502,0.2016,True
150,0.22,0.2,0.18,0.22,0.18,0.8832106325869793,0.23484390981592718,0.13157151214276452,-0.08934627948807206,2.6284688199834823,0.2016,True
151,0.22,0.22,0.18,0.2,0.18,0.8774526210108009,0.2335843796473016,0.13186097452446013,-0.0888767855772793,2.628182130239145,0.2016,True
152,0.2,0.22,0.18,0.22,0.18,0.8681237221813016,0.23153826139678113,0.13019072453647426,-0.08841376009995539,2.6188034660557094,0.2016,True
153,0.2,0.17,0.2,0.2,0.23,0.9754435170235038,0.25467831387434825,0.1553618827212842,-0.11531484574742024,2.2085474964098086,0.20180000000000003,True
154,0.2,0.2,0.2,0.17,0.23,0.9665488034486176,0.25279278817568196,0.15575536183819808,-0.11446528554391688,2.2084668462971946,0.20180000000000003,True
155,0.23,0.17,0.2,0.2,0.2,0.9390983240101032,0.24693766359731883,0.14317871888295383,-0.10227806327587807,2.4143756313731277,0.20180000000000003,True
156,0.23,0.2,0.2,0.17,0.2,0.9303070782331964,0.2450508345375353,0.14359380131952643,-0.10135332575492406,2.4177878003734867,0.20180000000000003,True
157,0.2,0.17,0.2,0.23,0.2,0.924768395130622,0.24385914601118475,0.14084198159041159,-0.10273889496557842,2.3735815544141015,0.20180000000000003,True
158,0.23,0.2,0.17,0.2,0.2,0.9188643810062724,0.2425863335614027,0.14126430508602322,-0.09666076994497153,2.5096668865715204,0.20180000000000003,True
159,0.23,0.2,0.2,0.2,0.17,0.8779801305964452,0.23369987625452815,0.12930512045028705,-0.0882248221115608,2.648912977790007,0.20180000000000003,True
160,0.2,0.2,0.2,0.23,0.17,0.8640083773998752,0.2306334722408081,0.12670332170777687,-0.08869656228902123,2.600252662434423,0.20180000000000003,True
161,0.2,0.23,0.2,0.2,0.17,0.855422418670819,0.22874148842423914,0.12713900478611703,-0.08768662911761915,2.608624492993281,0.20180000000000003,True
162,0.21,0.17,0.2,0.23,0.19,0.9122792175274472,0.2411635919023234,0.13676947544940105,-0.09829009403153788,2.4535900008900424,0.20199999999999999,True
163,0.21,0.17,0.2,0.19,0.23,0.9803193721340848,0.25570950988851404,0.15604911386735104,-0.11516403314191892,2.220393840960729,0.202,True
164,0.21,0.17,0.19,0.2,0.23,0.976561467770549,0.2549148994151904,0.15528615837583482,-0.11295134831531772,2.256855745569002,0.202,True
165,0.2,0.17,0.19,0.21,0.23,0.9716943141741985,0.2538842391581657,0.154596816239624,-0.11310239931868538,2.2447290303966354,0.202,True
166,0.21,0.2,0.19,0.17,0.23,0.9676669244865208,0.25303012258358626,0.15568295115204808,-0.11208985281816453,2.257386518243174,0.202,True
167,0.21,0.19,0.17,0.2,0.23,0.9631242854759214,0.25206533352083915,0.15406366222172568,-0.10877856646637618,2.317233456084875,0.202,True
168,0.23,0.17,0.2,0.19,0.21,0.9562647111812894,0.25060563685554116,0.14795368540858714,-0.10652338821706409,2.3525879250562216,0.202,True
169,0.23,0.17,0.19,0.2,0.21,0.9524556811660376,0.24979361271053513,0.1471744000399271,-0.1042707032423772,2.3956260478064486,0.202,True
170,0.23,0.2,0.19,0.17,0.21,0.9436297548913433,0.24790799908190841,0.14758510037044378,-0.10357296405743921,2.3935589884675337,0.202,True
171,0.23,0.17,0.21,0.19,0.2,0.9429217093471502,0.24775648163494046,0.14398430821154548,-0.10454398042788704,2.369878022827334,0.202,True
172,0.23,0.19,0.17,0.2,0.21,0.9389624347504539,0.2469085416869219,0.14593050912755823,-0.10104596628488083,2.4435269488225577,0.202,True
173,0.23,0.2,0.17,0.19,0.21,0.936031629836269,0.24628012058950288,0.14606874935715994,-0.10083366941099348,2.442439336266503,0.202,True
174,0.23,0.17,0.19,0.21,0.2,0.9352730688306645,0.2461173671635304,0.14238810171527158,-0.100072987256145,2.459378638648738,0.202,True
175,0.21,0.17,0.19,0.23,0.2,0.9257314710839557,0.24406652297229536,0.1407989752445465,-0.10031285662546496,2.4330532613935922,0.202,True
176,0.23,0.17,0.21,0.2,0.19,0.9256065563161227,0.24403962926195355,0.1392227623485699,-0.10026733799769527,2.433889580947716,0.202,True
177,0.23,0.19,0.17,0.21,0.2,0.9217792947702474,0.24321506889551636,0.14112489499033493,-0.09688074762120669,2.5104582165949125,0.202,True
178,0.23,0.17,0.2,0.21,0.19,0.921767320180152,0.24321248732504963,0.13840479630971356,-0.09798096074156504,2.4822423201845085,0.202,True
179,0.23,0.21,0.17,0.19,0.2,0.9159520792143505,0.2419575253463513,0.1414059451784317,-0.09644011711930489,2.5088887547391567,0.202,True
180,0.21,0.19,0.17,0.23,0.2,0.9122893252132076,0.24116577819529783,0.13951738845639083,-0.09642471159599142,2.5010785534496076,0.202,True
181,0.23,0.2,0.17,0.21,0.19,0.9015342752381641,0.23883508902929784,0.13645967911704873,-0.09243650148286398,2.583774647438095,0.202,True
182,0.23,0.21,0.17,0.2,0.19,0.8986380300103745,0.23820595237254838,0.13660278151015454,-0.09220796595991876,2.5833554605910347,0.202,True
183,0.21,0.2,0.17,0.23,0.19,0.892123667821396,0.23678852863193622,0.13479447577337453,-0.09197699448975272,2.5744321169172055,0.202,True
184,0.23,0.19,0.21,0.2,0.17,0.884720395656629,0.2351737363571309,0.13000536862763692,-0.0908966804534943,2.587264300344317,0.202,True
185,0.23,0.2,0.21,0.19,0.17,0.8818367522724784,0.23454361530632561,0.13015089775519564,-0.09056554143444762,2.589766610914494,0.202,True
186,0.23,0.19,0.2,0.21,0.17,0.8808594179107141,0.23432990644122875,0.12915989481212953,-0.08856011402166897,2.645998246839347,0.202,True
187,0.23,0.21,0.2,0.19,0.17,0.8751034396234736,0.23306977068627854,0.12945276727608188,-0.08788848683951123,2.651880571250198,0.202,True
188,0.23,0.2,0.19,0.21,0.17,0.8741217650985231,0.23285459885067206,0.12847558971444112,-0.08669118102841278,2.686024069442019,0.202,True
189,0.21,0.19,0.2,0.23,0.17,0.8715310456406886,0.23228638167018634,0.12740185650017638,-0.0888741181033279,2.613656108521074,0.202,True
190,0.23,0.21,0.19,0.2,0.17,0.8712494306181726,0.23222458403036006,0.12862295207820199,-0.08645157267716719,2.6861811397873288,0.202,True
191,0.21,0.2,0.19,0.23,0.17,0.8648192598747511,0.2308118560674619,0.12670576128606345,-0.08622746995599706,2.6767787131554255,0.202,True
192,0.2,0.21,0.19,0.23,0.17,0.8573164402258453,0.22915935205714733,0.12600362331612402,-0.08600942732265471,2.6643515622709795,0.202,True
193,0.21,0.23,0.19,0.2,0.17,0.8562342322138634,0.22892062750818454,0.12714557810350488,-0.08550422927336843,2.6773018066310468,0.202,True
194,0.2,0.23,0.19,0.21,0.17,0.8516037357842694,0.22789813579296303,0.12629599727353377,-0.08532666718544846,2.6708899258616374,0.202,True
195,0.21,0.17,0.21,0.18,0.23,0.9840752958636763,0.25650269762117883,0.1568260548174215,-0.1173700187421245,2.1854192439446134,0.20239999999999997,True
196,0.21,0.17,0.21,0.23,0.18,0.898695666747565,0.23821847874656044,0.13278328150732677,-0.09624886042652625,2.4750264854139226,0.20239999999999997,True
197,0.22,0.17,0.19,0.19,0.23,0.9814346871581376,0.2559451502321606,0.1559993224846661,-0.11280029602827646,2.2690113345801945,0.2024,True
198,0.22,0.19,0.19,0.17,0.23,0.9754940390070723,0.25468900747929624,0.15626489844831648,-0.1122263709830571,2.2694221086213937,0.2024,True
199,0.21,0.17,0.18,0.21,0.23,0.9728015861851762,0.25411886214702606,0.15453738586420923,-0.11073193369918721,2.29490133205261,0.2024,True
200,0.23,0.17,0.19,0.19,0.22,0.9694705098430603,0.25341276546319635,0.15195785882553015,-0.10848509915948179,2.335922328749124,0.2024,True
201,0.23,0.19,0.19,0.17,0.22,0.9635525648608312,0.252156357214151,0.15222782688874742,-0.10789471476622559,2.3370593986971064,0.2024,True
202,0.23,0.17,0.21,0.18,0.21,0.9600718318695196,0.2514162012590422,0.14874756301583703,-0.1087691707454368,2.311465643582558,0.2024,True
203,0.23,0.18,0.21,0.17,0.21,0.9571186872599238,0.2507875461735867,0.14888318239514498,-0.10847398010404286,2.3119603976275576,0.2024,True
204,0.23,0.19,0.17,0.19,0.22,0.9559789642194181,0.2505447567772685,0.15073249420489784,-0.10516091622472656,2.382489291381409,0.2024,True
205,0.23,0.17,0.18,0.21,0.21,0.9486447452358688,0.24898012453821883,0.14640993111097572,-0.10283318755059767,2.4212039952151785,0.2024,True
206,0.23,0.18,0.17,0.21,0.21,0.94189586004113,0.247536890788717,0.14579442808231793,-0.10125761850058812,2.4446248534600805,0.2024,True
207,0.23,0.17,0.22,0.19,0.19,0.9294439586822161,0.24486527808799097,0.14005583893000625,-0.10254663523862673,2.387843126380381,0.2024,True
208,0.23,0.17,0.19,0.22,0.19,0.9179262536864168,0.24238384777546762,0.1376022019363106,-0.09590208824577184,2.5274094882512,0.2024,True
209,0.22,0.17,0.19,0.23,0.19,0.9131881061785356,0.24136015377130882,0.13676842134208914,-0.09584228816390639,2.5183054202393675,0.2024,True
210,0.23,0.19,0.17,0.22,0.19,0.9044331251282645,0.23946415204411897,0.1363188796798917,-0.09266433343962233,2.5842105927427577,0.2024,True
211,0.22,0.19,0.17,0.23,0.19,0.8997208271989383,0.23844123775734527,0.13547511459593578,-0.09243493159521554,2.5795576806559466,0.2024,True
212,0.23,0.22,0.17,0.19,0.19,0.8957443883502609,0.2375767419363688,0.13674818933901872,-0.09197872360673076,2.5829532376657545,0.2024,True
213,0.23,0.19,0.22,0.19,0.17,0.8885796236463417,0.23601603286572326,0.13086677714238734,-0.09322589974810169,2.531657334533037,0.2024,True
214,0.22,0.19,0.23,0.19,0.17,0.8877433322956472,0.23583360540943032,0.13086495354174638,-0.09570403918637715,2.4641969912070305,0.2024,True
215,0.23,0.18,0.21,0.21,0.17,0.8876066385762549,0.23580378210437392,0.12986224373872468,-0.09122679543358603,2.5848083447811265,0.2024,True
216,0.21,0.18,0.21,0.23,0.17,0.8782523845729266,0.23375947696575183,0.12811613197689692,-0.09153979684118885,2.5536377076660766,0.2024,True
217,0.23,0.19,0.19,0.22,0.17,0.8769966938206921,0.2334845383532358,0.12833066327143125,-0.08693004490482026,2.685890000504177,0.2024,True
218,0.22,0.19,0.19,0.23,0.17,0.8723385144155895,0.23246353836354294,0.12743416882233966,-0.08669854747945038,2.6812852708823334,0.2024,True
219,0.23,0.22,0.19,0.19,0.17,0.8683796892849742,0.23159449375046148,0.12877275246132924,-0.08621121636515905,2.686361514370848,0.2024,True
220,0.21,0.21,0.18,0.23,0.17,0.8581170308607289,0.2293358948796964,0.1260282275942803,-0.08455549155219888,2.7122531094047253,0.2024,True
221,0.19,0.22,0.19,0.23,0.17,0.8498300414378446,0.22750602257269614,0.12532843186348244,-0.08582657785955039,2.6507642299917276,0.2024,True
222,0.19,0.23,0.19,0.22,0.17,0.8469790087646571,0.22687521493213847,0.1254741726931149,-0.08548491347718856,2.653979581937339,0.2024,True
223,0.23,0.17,0.21,0.21,0.18,0.9081299536259186,0.24026545433479907,0.13446690256863164,-0.09593829786284824,2.5043747876190015,0.20240000000000002,True
224,0.23,0.21,0.17,0.21,0.18,0.8811648774414276,0.23439670771667154,0.13180363294341063,-0.08792331230960038,2.665922171941169,0.20240000000000002,True
225,0.23,0.21,0.18,0.21,0.17,0.86739368372529,0.2313778540448559,0.1278096972766093,-0.08502064750613025,2.7214313326439066,0.20240000000000002,True
226,0.21,0.23,0.18,0.21,0.17,0.8524049612508815,0.22807518177194686,0.12632337574975247,-0.08406732779446335,2.7130062029516275,0.20240000000000002,True
227,0.2,0.17,0.2,0.19,0.24,0.9919905993277591,0.2581710040255685,0.16018248869353516,-0.11940760212346102,2.1620985551542486,0.2026,True
228,0.2,0.17,0.19,0.2,0.24,0.9882587682170667,0.25738499872867804,0.1594276245269973,-0.11721444566676453,2.195847084073683,0.2026,True
229,0.22,0.17,0.2,0.18,0.23,0.9852013032843197,0.2567402963157652,0.15676006791930314,-0.11501321925671326,2.232267716484942,0.2026,True
230,0.21,0.16,0.2,0.2,0.23,0.9832937155799846,0.2563377235912385,0.1559204494177168,-0.11544575915737787,2.2204169773078806,0.2026,True
231,0.22,0.18,0.2,0.17,0.23,0.9822254362456009,0.2561121637067816,0.15689230160037085,-0.11473042545383516,2.2322950751179347,0.2026,True
232,0.2,0.16,0.2,0.21,0.23,0.978413697146512,0.25530667986850686,0.15523480198287876,-0.1155963460382472,2.2086051040405197,0.2026,True
233,0.22,0.17,0.18,0.2,0.23,0.9776660899789646,0.25514857669950985,0.15525270896809293,-0.11073250457950135,2.3041886180432574,0.2026,True
234,0.23,0.17,0.2,0.18,0.22,0.9732629008442351,0.25421658550118487,0.15272642873002118,-0.11071786579569953,2.296075558124234,0.2026,True
235,0.22,0.18,0.17,0.2,0.23,0.9709323266194501,0.2537227284322001,0.15465129200538819,-0.10919971370905823,2.3234743005663536,0.2026,True
236,0.23,0.17,0.18,0.2,0.22,0.9656761734423356,0.2526074996247416,0.1512037276543689,-0.10691872393359492,2.3626123688272886,0.2026,True
237,0.23,0.18,0.17,0.2,0.22,0.9589281152463804,0.25117280584583734,0.15059732248224802,-0.10536508312536419,2.383833414215504,0.2026,True
238,0.23,0.2,0.17,0.18,0.22,0.9530324408786615,0.24991663645447004,0.15086976150086512,-0.10495613122315461,2.381153283204625,0.2026,True
239,0.23,0.16,0.21,0.2,0.2,0.9458616614312798,0.248385372820507,0.14384990396910396,-0.10484645620397903,2.3690392771814115,0.2026,True
240,0.24,0.17,0.2,0.19,0.2,0.9438868414229828,0.24796300493135082,0.1440067709839115,-0.10212445005832593,2.428047395013953,0.2026,True
241,0.23,0.16,0.2,0.21,0.2,0.9420339809185552,0.2475664611181303,0.1430447381591937,-0.10258444008713474,2.413294461692714,0.2026,True
242,0.24,0.17,0.2,0.2,0.19,0.9265202076605072,0.2442363083314143,0.13925977927955732,-0.09782639208123345,2.4966300313784897,0.2026,True
243,0.24,0.2,0.17,0.19,0.2,0.9236141299241161,0.24361050953369223,0.14210650660603602,-0.09688913935959864,2.514322153585712,0.2026,True
244,0.23,0.2,0.16,0.21,0.2,0.9150464399689504,0.24176185480174128,0.14051890963204614,-0.09526980750499048,2.53765449026521,0.2026,True
245,0.23,0.17,0.22,0.2,0.18,0.9119828324256753,0.24109948036316475,0.13531344689541724,-0.09823828007045321,2.454231488888611,0.2026,True
246,0.24,0.2,0.17,0.2,0.19,0.9062483595235742,0.23985774079477418,0.13732990349700877,-0.09266625800304307,2.5884043012387257,0.2026,True
247,0.23,0.17,0.2,0.22,0.18,0.9042752805408978,0.23942991552454984,0.1336358668160104,-0.09363112755343328,2.557161510074866,0.2026,True
248,0.22,0.17,0.2,0.23,0.18,0.8995640871310482,0.23840718460921573,0.13277726798645795,-0.09378666225134757,2.542015878231024,0.2026,True
249,0.23,0.18,0.22,0.2,0.17,0.8914702222131359,0.236646169591757,0.1307233295241633,-0.09355190064804075,2.5295709435349996,0.2026,True
250,0.22,0.18,0.23,0.2,0.17,0.8906342260298155,0.23646399243695782,0.1307227840279502,-0.09602570794743293,2.4625071503394134,0.2026,True
251,0.23,0.2,0.17,0.22,0.18,0.8840448933814085,0.2350261862588232,0.13165881825436515,-0.08815990961052245,2.6659077498733206,0.2026,True
252,0.24,0.2,0.2,0.19,0.17,0.8826489614090767,0.23472116075958427,0.1302244399070116,-0.08834648282210467,2.6568251871692627,0.2026,True
253,0.22,0.2,0.17,0.23,0.18,0.8793725008151041,0.23400462758582963,0.13078395037767518,-0.08792875107508347,2.66129820706779,0.2026,True
254,0.23,0.22,0.18,0.2,0.17,0.8645282993074139,0.23074785439521284,0.1279592319706385,-0.08477767219284083,2.7217998374659156,0.2026,True
255,0.23,0.18,0.2,0.17,0.22,0.9702983610599201,0.25358832149088095,0.15286081645317914,-0.11042692208212113,2.2964356581658145,0.20260000000000003,True
256,0.23,0.16,0.2,0.2,0.21,0.9592162139765035,0.2512341253338113,0.14782061891476628,-0.10682152537606981,2.351905427762154,0.20260000000000003,True
257,0.23,0.17,0.22,0.18,0.2,0.9467432214296887,0.24857382565554098,0.1448046284325833,-0.10680292332028951,2.327406572103809,0.20260000000000003,True
258,0.24,0.17,0.19,0.2,0.2,0.9400527590088481,0.2471421666005491,0.14321937645268373,-0.10029962355630262,2.464038825248604,0.20260000000000003,True
259,0.21,0.16,0.2,0.23,0.2,0.9324665470464446,0.24551484245210875,0.14146498309934355,-0.1028911941958296,2.386159907764585,0.20260000000000003,True
260,0.23,0.2,0.16,0.2,0.21,0.9322297283165764,0.24546397378195883,0.14533338001616153,-0.09945764936646573,2.4680250875175243,0.20260000000000003,True
261,0.23,0.17,0.18,0.22,0.2,0.9314459472209489,0.24529558792847883,0.14161269905532184,-0.0986979710573539,2.485315405176225,0.20260000000000003,True
262,0.22,0.17,0.18,0.23,0.2,0.9266810059552064,0.24427091647682841,0.14080263652140215,-0.09847099173917995,2.4806383297512493,0.20260000000000003,True
263,0.24,0.19,0.17,0.2,0.2,0.9265331338022791,0.24423909045818726,0.14196555599314817,-0.09710876861167972,2.5151085113112175,0.20260000000000003,True
264,0.23,0.18,0.17,0.22,0.2,0.924696821600971,0.24384373148377847,0.14098771223089168,-0.09710005324199245,2.5112625929882024,0.20260000000000003,True
265,0.22,0.18,0.17,0.23,0.2,0.91994479629926,0.24281944907889752,0.14017304408285883,-0.09687238159331735,2.5065910952647434,0.20260000000000003,True
266,0.23,0.21,0.16,0.2,0.2,0.9121384350435848,0.24113313984243012,0.14066018799087168,-0.09504667194633087,2.5369971920593763,0.20260000000000003,True
267,0.24,0.19,0.2,0.2,0.17,0.8855322928467626,0.2353510325740471,0.13007765100710625,-0.08858240351549784,2.6568598641926835,0.20260000000000003,True
268,0.23,0.18,0.2,0.22,0.17,0.8837413026609466,0.23495986138789915,0.12901708818356195,-0.08889436741730816,2.6431355350659858,0.20260000000000003,True
269,0.22,0.18,0.2,0.23,0.17,0.8790701771443241,0.23393847009358693,0.12812653777303581,-0.08905112553343886,2.627013063476021,0.20260000000000003,True
270,0.24,0.2,0.19,0.2,0.17,0.8787816879857735,0.23387533339032252,0.1293993414234607,-0.0869230396441637,2.690602334521854,0.20260000000000003,True
271,0.23,0.2,0.18,0.22,0.17,0.8702616591908148,0.2320077782989709,0.12766261528398354,-0.08526286551048101,2.7210882124346516,0.20260000000000003,True
272,0.2,0.19,0.2,0.24,0.17,0.8668755449560968,0.23126398088054034,0.12656305412408578,-0.08903111806539177,2.597563480115807,0.20260000000000003,True
273,0.22,0.2,0.18,0.23,0.17,0.8656164185537054,0.2309871704290729,0.1267602516248526,-0.08503064787767589,2.716516646578636,0.20260000000000003,True
274,0.23,0.2,0.21,0.2,0.16,0.8640974921054421,0.2306530788724166,0.12542765777215134,-0.08610183084778267,2.6788405844723857,0.20260000000000003,True
275,0.21,0.2,0.23,0.2,0.16,0.8625332205105893,0.2303088237715003,0.12540032833082407,-0.09111918584831402,2.5275557680563026,0.20260000000000003,True
276,0.23,0.2,0.2,0.21,0.16,0.8602263283728075,0.22980078544138527,0.12456747625621756,-0.08377843437375199,2.742958700042054,0.20260000000000003,True
277,0.2,0.2,0.23,0.21,0.16,0.8578911422024353,0.22928608801585182,0.1245425136119056,-0.09127665021084186,2.5119906075236007,0.20260000000000003,True
278,0.23,0.21,0.2,0.2,0.16,0.8573661449423047,0.22917031420571066,0.12471729842248938,-0.08353314946935253,2.743465506347165,0.20260000000000003,True
279,0.21,0.2,0.2,0.23,0.16,0.8509783552660573,0.22775991059627865,0.12274162661379377,-0.08405590569878696,2.709624132924732,0.20260000000000003,True
280,0.2,0.21,0.2,0.23,0.16,0.8435148515839215,0.22610787563426982,0.1220146055130561,-0.0838694401076232,2.695950698420342,0.20260000000000003,True
281,0.21,0.23,0.2,0.2,0.16,0.8424296731424434,0.2258673019530919,0.12318903141013504,-0.08301777054507065,2.7207102825107516,0.20260000000000003,True
282,0.2,0.23,0.2,0.21,0.16,0.8378263416297738,0.2248457356620579,0.1223121036346779,-0.08317676740096236,2.7032276281929226,0.20260000000000003,True
283,0.21,0.17,0.19,0.19,0.24,0.9931605630541545,0.2584172218216325,0.1600972864645126,-0.11706430725646333,2.207480895568746,0.20279999999999998,True
284,0.21,0.19,0.19,0.17,0.24,0.9871976333445889,0.2571613209135859,0.16035880989825999,-0.1165064933243678,2.2072702866235834,0.20279999999999998,True
285,0.21,0.16,0.21,0.19,0.23,0.9870538577695485,0.25713100817261236,0.15669691071040145,-0.11764803956790626,2.185595349629237,0.20279999999999998,True
286,0.21,0.19,0.17,0.19,0.24,0.9797273815790919,0.2555843999873084,0.15889273099773474,-0.11279830766025745,2.2658531434453355,0.20279999999999998,True
287,0.23,0.16,0.21,0.19,0.21,0.9630276074428701,0.2520447843736868,0.14861405597401467,-0.10906347319636756,2.310991727907684,0.20279999999999998,True
288,0.23,0.19,0.16,0.21,0.21,0.9351562566622811,0.24609230069279686,0.14519553227293433,-0.09967237061871559,2.469012216376319,0.20279999999999998,True
289,0.24,0.17,0.21,0.19,0.19,0.9303682988584374,0.24506399385971656,0.14007411410712634,-0.1001130189505306,2.4478733777952635,0.20279999999999998,True
290,0.23,0.16,0.21,0.21,0.19,0.9285305121873781,0.24466884188782068,0.1390872708841047,-0.10057816482533333,2.4326238434825194,0.20279999999999998,True
291,0.21,0.16,0.21,0.23,0.19,0.9190165484152892,0.24261917121572973,0.13746215923486604,-0.10088632624663774,2.4048766591281794,0.20279999999999998,True
292,0.24,0.21,0.19,0.17,0.19,0.9110187984845681,0.240890902787956,0.13902846103858016,-0.09524154697695231,2.529262810548947,0.20279999999999998,True
293,0.24,0.21,0.17,0.19,0.19,0.9033480459250274,0.2392287599548446,0.13747454672490153,-0.09243807623228595,2.587989383873492,0.20279999999999998,True
294,0.23,0.21,0.16,0.21,0.19,0.894808782569432,0.23737316133428754,0.1358464601446118,-0.09079926226493851,2.614263105372691,0.20279999999999998,True
295,0.24,0.21,0.19,0.19,0.17,0.8759053157951624,0.23324547705148357,0.1295482535508349,-0.08668379155268524,2.6907622852389896,0.20279999999999998,True
296,0.21,0.16,0.19,0.21,0.23,0.9795315902342565,0.255543016412779,0.15515796910818577,-0.11323680074477693,2.2567134953657364,0.2028,True
297,0.24,0.17,0.19,0.19,0.21,0.9572708131093155,0.2508199456370104,0.14798013646332353,-0.10441883861824353,2.4020564579731727,0.2028,True
298,0.23,0.16,0.19,0.21,0.21,0.9554029086609142,0.25042200670786063,0.14704176970794985,-0.10457269729385676,2.394716911663442,0.2028,True
299,0.24,0.19,0.19,0.17,0.21,0.9513759929062879,0.24956324837394783,0.1482548568390855,-0.10400642166718177,2.3994984576293246,0.2028,True
300,0.24,0.19,0.17,0.19,0.21,0.9437517386808663,0.24793409915566045,0.14674498069756542,-0.10127262098107992,2.448184877154313,0.2028,True
301,0.24,0.17,0.19,0.21,0.19,0.9226702822736663,0.24340712447410517,0.13846075623338905,-0.09613009061707845,2.5320596590685156,0.2028,True
302,0.24,0.19,0.17,0.21,0.19,0.9091512794360841,0.24048664826118826,0.13718754653106435,-0.0928937372935934,2.5888359675004042,0.2028,True
303,0.21,0.17,0.19,0.24,0.19,0.9084558380747034,0.24033604142507237,0.1359600600659625,-0.09599710454927313,2.5035759417276315,0.2028,True
304,0.21,0.19,0.17,0.24,0.19,0.8950143839727924,0.23741790435888666,0.13465691055456386,-0.09220553176035085,2.574877014710503,0.2028,True
305,0.24,0.19,0.21,0.19,0.17,0.8894021794484133,0.23619541153481038,0.1309186339026474,-0.09073993386307988,2.602992987533058,0.2028,True
306,0.24,0.19,0.19,0.21,0.17,0.8816606560698428,0.23450511468823754,0.12925284558082184,-0.08716154437686296,2.6904653464410955,0.2028,True
307,0.21,0.19,0.19,0.24,0.17,0.8676861161792284,0.2314421136453204,0.1265641084459336,-0.08653068645389617,2.6746825101015874,0.2028,True
308,0.23,0.19,0.21,0.21,0.16,0.8669646430349569,0.23128356377614923,0.12528007966794596,-0.0864419856483506,2.6755929082543277,0.2028,True
309,0.21,0.19,0.23,0.21,0.16,0.8654010504820708,0.2309398107363605,0.12525545204961933,-0.09145046951060243,2.525299344795449,0.2028,True
310,0.23,0.21,0.21,0.19,0.16,0.8612329323069658,0.2300225177331272,0.12557772679439877,-0.0857606126294782,2.6821463919214397,0.2028,True
311,0.21,0.19,0.21,0.23,0.16,0.8576907778879457,0.229241905711554,0.1234671697564493,-0.0867574644961604,2.6423306287575925,0.2028,True
312,0.23,0.21,0.19,0.21,0.16,0.8534976557625746,0.22831655109234217,0.12387358565440651,-0.08209089388420221,2.781265257196572,0.2028,True
313,0.21,0.21,0.19,0.23,0.16,0.8442755600090339,0.22627646112910815,0.12203494358206542,-0.08162359358483062,2.7721943030349574,0.2028,True
314,0.21,0.23,0.19,0.21,0.16,0.8385877552978172,0.22501482541441353,0.12233530651457097,-0.08112392081389119,2.7737173346271904,0.2028,True
315,0.24,0.17,0.2,0.18,0.21,0.9610886387008526,0.2516325093776177,0.14875650823732722,-0.10637071870738513,2.365618211811023,0.20299999999999999,True
316,0.24,0.17,0.21,0.18,0.2,0.9477190501635655,0.24878236416663468,0.1448090802987193,-0.10439061375196657,2.3831871010716035,0.20299999999999999,True
317,0.24,0.2,0.17,0.18,0.21,0.9408168235607115,0.24730583134360695,0.14688474227945983,-0.1010606683653632,2.447102669552171,0.20299999999999999,True
318,0.23,0.16,0.2,0.22,0.19,0.9246869584781714,0.24384160726939408,0.1382697076958525,-0.09829575651117173,2.4806931237329706,0.20299999999999999,True
319,0.22,0.16,0.2,0.23,0.19,0.9199358751657303,0.24281752457106798,0.1374410176980027,-0.09845008673396627,2.4664023428157478,0.20299999999999999,True
320,0.23,0.19,0.16,0.22,0.2,0.9179570547668912,0.2423904969416779,0.14037987240913766,-0.09549225925384475,2.5383261306797356,0.20299999999999999,True
321,0.22,0.19,0.16,0.23,0.2,0.9132179380857033,0.24136660434825985,0.1395606664014821,-0.09526389103869437,2.53366308804478,0.20299999999999999,True
322,0.23,0.2,0.16,0.22,0.19,0.8977007085331001,0.23800220573974928,0.1357036949031862,-0.0910303317630703,2.6145373869361572,0.20299999999999999,True
323,0.22,0.2,0.16,0.23,0.19,0.893001324377767,0.23697968248564072,0.13485504551062513,-0.0908002227095891,2.609901995985018,0.20299999999999999,True
324,0.21,0.18,0.2,0.24,0.17,0.8744048451468949,0.2329166544707102,0.12726234800750394,-0.0892078822680149,2.6109425372405846,0.20299999999999999,True
325,0.21,0.17,0.2,0.18,0.24,0.996901064020675,0.25920376089255415,0.16085024494634767,-0.11925769924348972,2.1734761154777527,0.203,True
326,0.21,0.18,0.2,0.17,0.24,0.993914080532736,0.25857574787289406,0.16098049083828575,-0.11898288316461547,2.1732180377168095,0.203,True
327,0.21,0.17,0.18,0.2,0.24,0.9894180453811714,0.2576292731102896,0.15935816551202783,-0.11486428375528757,2.2429014893711914,0.203,True
328,0.22,0.16,0.2,0.19,0.23,0.988179812155126,0.2573683582326667,0.15662984965282614,-0.11529517100062248,2.232256182102173,0.203,True
329,0.22,0.16,0.19,0.2,0.23,0.9844089702852488,0.2565731155934643,0.15586957240214053,-0.1130859748997114,2.2688323270945165,0.203,True
330,0.21,0.18,0.17,0.2,0.24,0.9826991279479382,0.2562121904730743,0.15876189892290846,-0.11298865323289475,2.2675922151666326,0.203,True
331,0.2,0.18,0.17,0.21,0.24,0.9778188517944211,0.25518088584480303,0.15808700688175417,-0.1127663377993503,2.2629172040583305,0.203,True
332,0.23,0.16,0.2,0.19,0.22,0.9762300768025596,0.25484477834032226,0.15259410246742428,-0.11100793799875264,2.2957347279361757,0.203,True
333,0.23,0.16,0.19,0.2,0.22,0.9724334328985993,0.25404086285443794,0.15182598265710875,-0.10877896297805278,2.3353859597438262,0.203,True
334,0.24,0.18,0.2,0.17,0.21,0.9581356369760923,0.2510041022225007,0.14889322632894988,-0.10607144838671956,2.3663681984182947,0.203,True
335,0.24,0.17,0.18,0.2,0.21,0.9534510777717138,0.2500059171836908,0.14721852330612206,-0.10305881493475832,2.4258567046589636,0.203,True
336,0.23,0.16,0.22,0.19,0.2,0.9496874661673003,0.249202810665339,0.14466979626412335,-0.10710152058955802,2.326790593574778,0.203,True
337,0.24,0.18,0.17,0.2,0.21,0.9466892758291217,0.248562295231739,0.14660736438877717,-0.10148392998121003,2.4492773907924223,0.203,True
338,0.24,0.18,0.21,0.17,0.2,0.9447776092698876,0.24815355477694112,0.14494720481948734,-0.10408698544495343,2.3840978169953586,0.203,True
339,0.23,0.16,0.19,0.22,0.2,0.9382044280412252,0.2467460711807512,0.14225454013786326,-0.10031544004404613,2.459701827280136,0.203,True
340,0.24,0.17,0.18,0.21,0.2,0.9362168063332743,0.24631984476634727,0.14244713569884088,-0.09892495234264798,2.4899667771702854,0.203,True
341,0.22,0.16,0.19,0.23,0.2,0.93342656346792,0.24572101144242264,0.14144914677599582,-0.10046906433611269,2.4457380295727553,0.203,True
342,0.23,0.16,0.22,0.2,0.19,0.93237222960451,0.2454945835608675,0.1399199401943045,-0.10285351616013749,2.3868370545411923,0.203,True
343,0.24,0.18,0.17,0.21,0.2,0.9294547523988186,0.24486759890049936,0.14182681751791856,-0.09732772686986801,2.5159079203390773,0.203,True
344,0.24,0.17,0.21,0.2,0.18,0.9128558780682854,0.24128831129090922,0.1353466424206508,-0.09578301454710392,2.519113774313807,0.203,True
345,0.23,0.22,0.16,0.19,0.2,0.9092330388961467,0.24050435192836295,0.14080371010473317,-0.09482284941999741,2.5363544061315926,0.203,True
346,0.24,0.17,0.2,0.21,0.18,0.9089923182629047,0.24045222638513963,0.13451963474608394,-0.09347559149524609,2.5723530874620715,0.203,True
347,0.24,0.21,0.2,0.17,0.18,0.8973883286468747,0.2379342884627429,0.13509488972069392,-0.09239959020691235,2.5750578322905073,0.203,True
348,0.21,0.17,0.2,0.24,0.18,0.8948587363580427,0.23738403258691743,0.13194452372464283,-0.09394219558900685,2.5269159518632347,0.203,True
349,0.24,0.18,0.21,0.2,0.17,0.8922924729046156,0.2368252990192936,0.13077393296661574,-0.09107029266408184,2.600467090765127,0.203,True
350,0.23,0.22,0.16,0.2,0.19,0.8919194580739467,0.23674404321192544,0.1359915429822847,-0.09056747697376366,2.6140072697454895,0.203,True
351,0.24,0.2,0.17,0.21,0.18,0.8887230932085373,0.23604732370773074,0.13255904810865257,-0.08839107018660086,2.670488356000389,0.203,True
352,0.24,0.18,0.2,0.21,0.17,0.8884182233720597,0.2359808294246537,0.1299332618253212,-0.08881759347807028,2.6569153720981995,0.203,True
353,0.24,0.21,0.17,0.2,0.18,0.8858390289895699,0.23541800213918607,0.13270541598385868,-0.08815483097787902,2.670505966919275,0.203,True
354,0.24,0.2,0.18,0.21,0.17,0.8749126703215486,0.23302796211643506,0.12859072926580573,-0.08549508520277971,2.7256299185354647,0.203,True
355,0.24,0.21,0.18,0.2,0.17,0.87204066190727,0.23239819617530078,0.12873936678849707,-0.08525322858195983,2.725975309567078,0.203,True
356,0.23,0.19,0.22,0.2,0.16,0.8708384749634446,0.23213439273633552,0.12615637006724553,-0.08879272011626638,2.614340369710215,0.203,True
357,0.22,0.19,0.23,0.2,0.16,0.8700529342717713,0.23196195554264532,0.12613883241820723,-0.09129324981558318,2.5408445422987986,0.203,True
358,0.23,0.2,0.22,0.19,0.16,0.8679669480886838,0.23150381780840057,0.1263042157803345,-0.08845676724461415,2.617140836361461,0.203,True
359,0.23,0.19,0.2,0.22,0.16,0.8630891008348742,0.230431180506107,0.12442016120374397,-0.08408378997262356,2.740494696791522,0.203,True
360,0.2,0.19,0.23,0.22,0.16,0.8607549401638013,0.22991723674605824,0.12439932926004665,-0.09160768781582829,2.5098028585580385,0.203,True
361,0.22,0.19,0.2,0.23,0.16,0.858458221202135,0.22941111730201036,0.12349544910097293,-0.08424179090036532,2.723245966759421,0.203,True
362,0.23,0.2,0.19,0.22,0.16,0.8563534603029082,0.22894693261143884,0.12372400602143406,-0.08233882737656983,2.780546431203944,0.203,True
363,0.22,0.2,0.19,0.23,0.16,0.8517355319351594,0.22792726216441528,0.1227928469569661,-0.08210554089826205,2.776027776820113,0.203,True
364,0.23,0.22,0.19,0.2,0.16,0.8506444370596566,0.22768609332311773,0.12402569039664314,-0.08184218159026213,2.7820139798205066,0.203,True
365,0.22,0.23,0.19,0.2,0.16,0.8431879163261582,0.22603540715490555,0.12324442428654712,-0.08135830276756417,2.7782709258411553,0.203,True
366,0.2,0.22,0.19,0.23,0.16,0.8368319219659333,0.2246248311167407,0.12130397048431422,-0.0811459451256008,2.7681584183788575,0.203,True
367,0.2,0.23,0.19,0.22,0.16,0.8339933183391504,0.22399381283252717,0.12145377937556373,-0.08088954095840739,2.769131956722348,0.203,True
368,0.2,0.16,0.2,0.2,0.24,0.9949760468912494,0.2587990980252679,0.16005576846603967,-0.1196813817250253,2.162400653260115,0.2032,True
369,0.24,0.16,0.2,0.2,0.2,0.9468266076850951,0.2485916483554984,0.1438712254611422,-0.10243106104808775,2.4269166580124897,0.20320000000000002,True
370,0.24,0.2,0.16,0.2,0.2,0.9197873644431793,0.2427854862812482,0.14136416107251476,-0.09549852720449925,2.5422956079872376,0.20320000000000002,True
371,0.24,0.2,0.2,0.2,0.16,0.8648589300507397,0.23082058167434671,0.1255198189605709,-0.0840113585258565,2.747492550109235,0.20320000000000002,True
372,0.2,0.2,0.2,0.24,0.16,0.8463629804866186,0.22673882979402293,0.12186971632082017,-0.08421415232545015,2.6924076717863104,0.20320000000000005,True
373,0.22,0.17,0.19,0.18,0.24,0.9980684706981029,0.25944903781370043,0.16079025638065803,-0.11691416757780604,2.219141128820319,0.20339999999999997,True
374,0.22,0.16,0.21,0.18,0.23,0.991948667037696,0.2581621776239029,0.15740405905054666,-0.11749768835263996,2.1971681421433042,0.20339999999999997,True
375,0.22,0.19,0.18,0.17,0.24,0.9883543882630008,0.25740515067622205,0.1603167242052406,-0.1143476916224897,2.2510743070006676,0.20339999999999997,True
376,0.22,0.19,0.17,0.18,0.24,0.9846095800117745,0.25661544806282754,0.1595926135326229,-0.11302095617960983,2.270512095606599,0.20339999999999997,True
377,0.23,0.16,0.21,0.18,0.22,0.9800247693726691,0.2556472523464224,0.15337644875616105,-0.11323013421415262,2.2577669285714674,0.20339999999999997,True
378,0.23,0.16,0.21,0.22,0.18,0.9110377405606409,0.24089500175525247,0.13433011261898664,-0.09625765817837795,2.5026060919624986,0.20339999999999997,True
379,0.22,0.16,0.21,0.23,0.18,0.9063135988492268,0.23987188167857854,0.13347707143777743,-0.09641270084858788,2.487969733938761,0.20339999999999997,True
380,0.22,0.17,0.19,0.24,0.18,0.8957165034760215,0.2375706753714395,0.131958165914799,-0.09147252365092484,2.5971807258543644,0.20339999999999997,True
381,0.22,0.16,0.18,0.21,0.23,0.9806361448401615,0.2557764456509586,0.1551234226138213,-0.11092621324552943,2.3058250900966994,0.2034,True
382,0.24,0.18,0.19,0.17,0.22,0.9713564316205274,0.25381262677773875,0.15287511307596557,-0.10829010478445977,2.343821047019268,0.2034,True
383,0.24,0.17,0.18,0.19,0.22,0.9705177595758601,0.25363483939898357,0.1519881056704309,-0.10714301346964439,2.3672550471136695,0.2034,True
384,0.23,0.16,0.18,0.21,0.22,0.9686348410728975,0.2532355017196761,0.15107229718166923,-0.10711932474520025,2.3640505793145694,0.2034,True
385,0.23,0.16,0.22,0.18,0.21,0.966837085647887,0.2528539880866445,0.14942185747631656,-0.11129857228163875,2.271852934885837,0.2034,True
386,0.24,0.19,0.18,0.17,0.22,0.964600044071728,0.2523789258143667,0.1522602374690842,-0.10674067070349058,2.364412029182739,0.2034,True
387,0.24,0.16,0.2,0.19,0.21,0.9640442709415018,0.25226084488014444,0.1486218995154701,-0.10666908717890378,2.3648917559129043,0.2034,True
388,0.24,0.18,0.17,0.19,0.22,0.9637567961986835,0.2521997585428477,0.15138575304064758,-0.10559004865818,2.388480370525049,0.2034,True
389,0.24,0.16,0.19,0.2,0.21,0.9602221652881138,0.251448186813654,0.14784595694856817,-0.10462411355166823,2.4033483130968394,0.2034,True
390,0.23,0.18,0.16,0.21,0.22,0.9551341566528544,0.25036473084509714,0.14987226624768638,-0.10400849057789419,2.4071566605189183,0.2034,True
391,0.23,0.16,0.18,0.22,0.21,0.9515876949082192,0.24960842421166163,0.1462777325713767,-0.10304117357466291,2.422414415057075,0.2034,True
392,0.24,0.16,0.21,0.19,0.2,0.9506631163628798,0.24941110109837505,0.14467311839709887,-0.10469332295621436,2.382301889516733,0.2034,True
393,0.24,0.16,0.19,0.21,0.2,0.9429882228115549,0.24777071667903394,0.1430842429682878,-0.10051239656090849,2.4650762011120677,0.2034,True
394,0.24,0.19,0.16,0.2,0.21,0.9399367630459543,0.24711731618678723,0.14601274815487927,-0.09989937035632535,2.4736623995262295,0.2034,True
395,0.23,0.18,0.16,0.22,0.21,0.938085403284977,0.2467205556686396,0.14505985393051465,-0.09988643884278248,2.4700105292267804,0.2034,True
396,0.24,0.2,0.16,0.19,0.21,0.9370061292558187,0.24648914240391506,0.1461521235751853,-0.09968499441193512,2.472680505807435,0.2034,True
397,0.24,0.17,0.22,0.18,0.19,0.9342145524553058,0.24589018556364906,0.14090350335610102,-0.10239256500099658,2.4014457061531354,0.2034,True
398,0.24,0.16,0.21,0.2,0.19,0.9332963487531085,0.24569305109301132,0.13993704394677922,-0.10042408211184073,2.4465551083592363,0.2034,True
399,0.24,0.16,0.2,0.21,0.19,0.9294439352204269,0.2448652730433416,0.13912310473266937,-0.09814142494891531,2.495024635833433,0.2034,True
400,0.24,0.19,0.16,0.21,0.2,0.9227020645937714,0.24341397417192145,0.14122357694195103,-0.0957206294603864,2.5429625311089015,0.2034,True
401,0.24,0.17,0.18,0.22,0.19,0.9188185261100168,0.2425764377562163,0.1376773036559597,-0.09474051427576502,2.5604298183366336,0.2034,True
402,0.24,0.18,0.17,0.22,0.19,0.9120568067572201,0.2411154824905659,0.13704747332155595,-0.09312051734293425,2.5892841810855893,0.2034,True
403,0.22,0.17,0.18,0.24,0.19,0.90935406521501,0.24053055726047257,0.1359780574257172,-0.0942838132067143,2.5511331063065605,0.2034,True
404,0.24,0.2,0.16,0.21,0.19,0.9024059367164696,0.2390243105411145,0.1365773074025761,-0.0912604428385908,2.619144758741403,0.2034,True
405,0.24,0.21,0.16,0.2,0.19,0.8995099471435706,0.238395421788965,0.13672161962255175,-0.09102972818608246,2.61887436708191,0.2034,True
406,0.24,0.18,0.22,0.19,0.17,0.8961649663275884,0.23766823463569708,0.13163047456317847,-0.09339565376854964,2.544746195842041,0.2034,True
407,0.22,0.18,0.24,0.19,0.17,0.8944854029981397,0.23730278084768175,0.13161935410982897,-0.09833601641579115,2.4131827736879408,0.2034,True
408,0.24,0.19,0.22,0.18,0.17,0.8932703124626828,0.2370382563382738,0.13177549167713273,-0.09306940984479783,2.5468975975409944,0.2034,True
409,0.24,0.18,0.19,0.22,0.17,0.8845422211420504,0.23513482108599892,0.12910876387746645,-0.08739930920990335,2.6903510246435154,0.2034,True
410,0.24,0.19,0.18,0.22,0.17,0.8777872725297937,0.2336576530806047,0.12844452239858445,-0.085736189171015,2.7253095261154647,0.2034,True
411,0.22,0.18,0.19,0.24,0.17,0.8752119995627334,0.23309356117154212,0.12729330970381558,-0.08693702837181017,2.68117700290667,0.2034,True
412,0.23,0.18,0.22,0.21,0.16,0.8737125961634071,0.2327648915081022,0.1260109971021542,-0.08912762925997975,2.6115907428564213,0.2034,True
413,0.22,0.18,0.23,0.21,0.16,0.8729273931284329,0.23259270480784133,0.12599478853744292,-0.09162375118212984,2.5385634380488655,0.2034,True
414,0.23,0.18,0.21,0.22,0.16,0.869834386190184,0.23191397258804725,0.1251349905386282,-0.08678108199471013,2.6724024091124368,0.2034,True
415,0.24,0.22,0.18,0.19,0.17,0.8691712461923078,0.23176835511612093,0.12889043703373354,-0.0850106157787246,2.7263460332929976,0.2034,True
416,0.24,0.2,0.21,0.19,0.16,0.8687390295359896,0.23167342705684324,0.1263749942966117,-0.08594384162700175,2.695637321663037,0.2034,True
417,0.22,0.19,0.18,0.24,0.17,0.868482953663227,0.23161717802027226,0.12661724086612663,-0.08527247236401914,2.7162010388478373,0.2034,True
418,0.21,0.18,0.23,0.22,0.16,0.8682714735749502,0.23157072091575825,0.125113072483293,-0.09178072558328632,2.523086622426183,0.2034,True
419,0.22,0.18,0.21,0.23,0.16,0.8651905479489341,0.23089351745811793,0.12421679945424098,-0.08693857519921178,2.655823573471806,0.2034,True
420,0.21,0.18,0.22,0.23,0.16,0.8644128242890918,0.2307224518761961,0.12421116012627902,-0.08944209601118691,2.5795734018502725,0.2034,True
421,0.24,0.21,0.2,0.19,0.16,0.8619947242402297,0.2301902702809855,0.12567118901027718,-0.0837664372025484,2.748001203923503,0.2034,True
422,0.24,0.21,0.19,0.2,0.16,0.8581173002382405,0.22933595427313702,0.12483242070659122,-0.08232454716156223,2.7857542152411034,0.2034,True
423,0.23,0.22,0.18,0.21,0.16,0.8467786287898715,0.2268308552802314,0.12319880840155381,-0.08039264541221636,2.8215373945856306,0.2034,True
424,0.22,0.23,0.18,0.21,0.16,0.839335404151758,0.225180812942952,0.12241256116879871,-0.07990571403334568,2.818081480993727,0.2034,True
425,0.21,0.16,0.2,0.19,0.24,0.9998906949988029,0.25983170369665753,0.16072197030816088,-0.11953170185696771,2.1737472123301114,0.20340000000000003,True
426,0.21,0.16,0.19,0.2,0.24,0.9961459954476599,0.2590450669748725,0.15996949556196882,-0.11734197399421642,2.2076078845208484,0.20340000000000003,True
427,0.22,0.18,0.19,0.17,0.24,0.9950815045917771,0.25882127330219906,0.16092154940081496,-0.11663545086534632,2.219061797952013,0.20340000000000003,True
428,0.22,0.17,0.18,0.19,0.24,0.9943172690897335,0.25866055483626194,0.1600530866940303,-0.11472263597500465,2.2546601430306916,0.20340000000000003,True
429,0.2,0.16,0.19,0.21,0.24,0.9912400219574407,0.25801299493053387,0.15930139494461332,-0.11749188869191929,2.196006871649508,0.20340000000000003,True
430,0.22,0.18,0.17,0.19,0.24,0.9875854943094651,0.2572430877955567,0.15946025645122264,-0.1132109705530362,2.2722452297592968,0.20340000000000003,True
431,0.24,0.17,0.19,0.18,0.22,0.97432086372561,0.2544406433085744,0.15273965286552743,-0.10848864119315882,2.3453205838900226,0.20340000000000003,True
432,0.24,0.19,0.17,0.18,0.22,0.9608035132223689,0.25157186139490384,0.15152243822878061,-0.10538622089991312,2.3871418791440053,0.20340000000000003,True
433,0.24,0.17,0.22,0.19,0.18,0.9167176397572339,0.24212288268405668,0.13618910063636597,-0.09808324867837925,2.468544689807246,0.20340000000000003,True
434,0.23,0.16,0.22,0.21,0.18,0.9148949568089886,0.24172911964053823,0.13517627461460183,-0.09855362546782309,2.452767399403898,0.20340000000000003,True
435,0.24,0.17,0.19,0.22,0.18,0.9051269637532464,0.2396146233348857,0.13370835650956084,-0.09190931215496745,2.6070766684759175,0.20340000000000003,True
436,0.24,0.19,0.17,0.22,0.18,0.8916097564317331,0.236676571137322,0.1324150430957415,-0.0886265776122298,2.670492052314817,0.20340000000000003,True
437,0.24,0.19,0.21,0.2,0.16,0.8716102092586673,0.23230375222916333,0.12622585271404863,-0.08628424412619595,2.6923079014217817,0.20340000000000003,True
438,0.24,0.19,0.2,0.21,0.16,0.8677257265444533,0.2314508171778762,0.12537093468383248,-0.08425551532909259,2.74701087844345,0.20340000000000003,True
439,0.24,0.2,0.19,0.21,0.16,0.8609771223970539,0.22996617612106673,0.1246812878818286,-0.08257211593348912,2.785034312385816,0.20340000000000003,True
440,0.21,0.19,0.2,0.24,0.16,0.8538330859709253,0.22839062647535524,0.12259759340868555,-0.08439979042474866,2.7060567961835127,0.20340000000000003,True
441,0.23,0.21,0.18,0.22,0.16,0.8496274681799088,0.22746122345691222,0.1230469259905224,-0.08064403159279865,2.8205586819548847,0.20340000000000003,True
442,0.21,0.2,0.19,0.24,0.16,0.847123335618506,0.2269071636868698,0.12188861563616114,-0.0818722564985388,2.771478073172681,0.20340000000000003,True
443,0.22,0.21,0.18,0.23,0.16,0.845022483733626,0.2264419466033334,0.1221094012786791,-0.08041001371600609,2.8160913813929467,0.20340000000000003,True
444,0.2,0.21,0.19,0.24,0.16,0.8396731053805371,0.22525577215072667,0.12115675333208285,-0.08149601824183239,2.764009543169332,0.20340000000000003,True
445,0.21,0.22,0.18,0.23,0.16,0.8375823957025086,0.22479155187154087,0.12134753568902507,-0.07992387774463783,2.8125706386490035,0.20340000000000003,True
446,0.21,0.23,0.18,0.22,0.16,0.8347441517569814,0.22416078553406127,0.1214987853286552,-0.0796709630962319,2.8135819729366762,0.20340000000000003,True
447,0.21,0.21,0.2,0.23,0.15,0.8303120299326872,0.2231744960953097,0.11810711143539168,-0.07916189842621202,2.8192160689947823,0.20359999999999998,True
448,0.2,0.17,0.19,0.19,0.25,1.0046453555306933,0.26082908578580266,0.16424534601140195,-0.12127803819882932,2.150670390612572,0.2036,True
449,0.21,0.15,0.21,0.2,0.23,0.9900350630500101,0.2577592478502575,0.1565697811287123,-0.11792523502874919,2.185785322263025,0.2036,True
450,0.21,0.15,0.2,0.21,0.23,0.9862707003009812,0.2569658664783059,0.15579380851138142,-0.11572664754398332,2.2204554606201903,0.2036,True
451,0.23,0.15,0.21,0.2,0.21,0.9659860150746133,0.252673295649682,0.14848265844005282,-0.10935689145949246,2.310538387452941,0.2036,True
452,0.23,0.15,0.2,0.21,0.21,0.9621703467306384,0.2518625420331546,0.1476896722739621,-0.10711876545622012,2.351245750083741,0.2036,True
453,0.21,0.15,0.2,0.23,0.21,0.9525239376204109,0.24980817318241977,0.14616202852778123,-0.10742317671573653,2.3254588145672024,0.2036,True
454,0.23,0.15,0.21,0.21,0.2,0.9488042382640802,0.24901419141982828,0.143717673906484,-0.10514801775373794,2.3682252574939864,0.2036,True
455,0.25,0.17,0.19,0.19,0.2,0.9448383789573291,0.2481665522887686,0.14407432624379407,-0.10052626181757973,2.46867383509301,0.2036,True
456,0.21,0.15,0.21,0.23,0.2,0.9392109535795286,0.24696179978071053,0.14214740036933673,-0.10545381486692962,2.3418953604698647,0.2036,True
457,0.25,0.19,0.19,0.17,0.2,0.9389671051438331,0.2469095426037442,0.14435417873356213,-0.10009945820449373,2.46664214804571,0.2036,True
458,0.25,0.19,0.17,0.19,0.2,0.9312928779037128,0.24526269752654994,0.1428300070871509,-0.09733679158743169,2.5197327087388683,0.2036,True
459,0.25,0.17,0.2,0.19,0.19,0.9312789881439507,0.24525971291176663,0.1401387977601933,-0.09774300685696213,2.509230284583751,0.2036,True
460,0.25,0.17,0.19,0.2,0.19,0.9274201936155968,0.24442998489951595,0.13934344345796942,-0.09635809497337577,2.5366834511107053,0.2036,True
461,0.25,0.19,0.17,0.2,0.19,0.9138752917976793,0.2415087274462322,0.1380804611356033,-0.09312314315715908,2.5934340192818714,0.2036,True
462,0.25,0.2,0.17,0.19,0.19,0.9109682997607274,0.2408799749929127,0.13822433680921495,-0.0928960165390087,2.5930065030480924,0.2036,True
463,0.25,0.19,0.2,0.19,0.17,0.8902109625505827,0.23637173596519112,0.13102025764867645,-0.08881354618542558,2.661437878763364,0.2036,True
464,0.25,0.19,0.19,0.2,0.17,0.8863304028383658,0.23552526843790478,0.13019997765155922,-0.08739304589560604,2.6950115541143598,0.2036,True
465,0.25,0.2,0.19,0.19,0.17,0.8834473932903639,0.23489564479256897,0.13034799922296222,-0.08715490031297901,2.6951513219456755,0.2036,True
466,0.23,0.2,0.21,0.21,0.15,0.8462080429986021,0.22670452274533437,0.12072852270245893,-0.08158214418340815,2.7788497717793574,0.2036,True
467,0.21,0.2,0.23,0.21,0.15,0.8447447131947785,0.22638041007618415,0.120666927311538,-0.08664528740035526,2.6127261720555612,0.2036,True
468,0.23,0.21,0.21,0.2,0.15,0.8433601410687044,0.226073583564798,0.1208810387557862,-0.0812316738566271,2.7830718343169325,0.2036,True
469,0.23,0.21,0.2,0.21,0.15,0.8394792478948778,0.2252127429181061,0.12000553706131929,-0.07913367046068354,2.845978729496693,0.2036,True
470,0.2,0.21,0.23,0.21,0.15,0.8372941930369158,0.22472753186224748,0.11992506023678642,-0.08646259478498775,2.59913009112313,0.2036,True
471,0.21,0.2,0.21,0.23,0.15,0.8370149226891976,0.22466548964888844,0.11884417086423245,-0.08190013999096346,2.7431636829152812,0.2036,True
472,0.2,0.21,0.21,0.23,0.15,0.8295910257647685,0.2230138989688082,0.11809125385147654,-0.0817094204181803,2.7293535779283014,0.2036,True
473,0.21,0.23,0.2,0.21,0.15,0.8246487510216098,0.22191191459709514,0.11841320455128837,-0.07844997195088055,2.8287061050326394,0.2036,True
474,0.23,0.17,0.2,0.17,0.23,0.9900893121495058,0.2577706741351462,0.15749425142648726,-0.11486240409178716,2.244169240347436,0.20360000000000003,True
475,0.23,0.17,0.17,0.2,0.23,0.9787573464974488,0.2553793411045564,0.1552613626095114,-0.10961960290200279,2.329686792725013,0.20360000000000003,True
476,0.23,0.17,0.17,0.23,0.2,0.9276169625930768,0.2444723214609137,0.14085275409960074,-0.09731868988243386,2.51207986622353,0.20360000000000003,True
477,0.23,0.17,0.23,0.2,0.17,0.8982296066803241,0.23811718117649439,0.13145863787643425,-0.0961906376259618,2.475471491335937,0.20360000000000003,True
478,0.23,0.17,0.2,0.23,0.17,0.8866257859418205,0.23558974123569065,0.1288766983179094,-0.08922758711597334,2.640324016937536,0.20360000000000003,True
479,0.23,0.2,0.17,0.23,0.17,0.8663998162854614,0.23115940977436478,0.12686650889031184,-0.08383001612298269,2.7574778160037896,0.20360000000000003,True
480,0.21,0.16,0.21,0.18,0.24,1.0036333719091663,0.26061693486372284,0.16148809445581377,-0.12171484891202422,2.1412090405838433,0.20379999999999998,True
481,0.22,0.16,0.19,0.19,0.24,1.0010580838467709,0.26007673241624385,0.16066093251835137,-0.117192058031924,2.219235132344864,0.20379999999999998,True
482,0.21,0.16,0.18,0.21,0.24,0.9923992766678424,0.25825702075292756,0.1592308538376085,-0.11514563552339463,2.2428728590451557,0.20379999999999998,True
483,0.22,0.19,0.16,0.19,0.24,0.9808627630915714,0.25582432691670576,0.15888266438044857,-0.11169018526005547,2.2904817135100406,0.20379999999999998,True
484,0.24,0.16,0.19,0.19,0.22,0.9772879315568395,0.25506858898184914,0.15260625119631507,-0.10868658198418335,2.3468268513492134,0.20379999999999998,True
485,0.24,0.16,0.18,0.21,0.21,0.9563981473664567,0.25063406419225354,0.14708476866226827,-0.10326646084504698,2.4270616242802596,0.20379999999999998,True
486,0.24,0.18,0.16,0.21,0.21,0.9428700167647226,0.24774541829428665,0.14587552804985898,-0.10011309431989024,2.474655488148918,0.20379999999999998,True
487,0.24,0.16,0.22,0.19,0.19,0.937146922162535,0.24651933548458382,0.14076603319319403,-0.10269968149546216,2.4003904578367794,0.20379999999999998,True
488,0.24,0.16,0.19,0.22,0.19,0.9255896849766172,0.2440359968327126,0.1383244729716325,-0.09635053000369853,2.532793507449777,0.20379999999999998,True
489,0.24,0.16,0.21,0.21,0.18,0.9157677389346526,0.24191770216570996,0.1352082547546475,-0.0961026141563881,2.5172853443095367,0.20379999999999998,True
490,0.21,0.16,0.21,0.24,0.18,0.9015953121250937,0.2388483408862212,0.13264980880873006,-0.09656774216703601,2.473376052150814,0.20379999999999998,True
491,0.24,0.22,0.16,0.19,0.19,0.8966165606904715,0.2377664595889526,0.13686823248178434,-0.09079829883660206,2.618622404113871,0.20379999999999998,True
492,0.22,0.19,0.16,0.24,0.19,0.8958917897454277,0.23760880923435868,0.1347161991791128,-0.09103093347369406,2.6101985354574264,0.20379999999999998,True
493,0.24,0.21,0.16,0.21,0.18,0.8819857091293963,0.23457618046526862,0.13194172983487587,-0.08673095611527726,2.704641929157162,0.20379999999999998,True
494,0.21,0.18,0.21,0.24,0.16,0.8605524664596504,0.22987263511297873,0.12332539093989932,-0.08709606700925387,2.63929983300572,0.20379999999999998,True
495,0.22,0.19,0.19,0.24,0.16,0.8545899062394859,0.2285577275307249,0.12264741352523512,-0.08235306281849775,2.775339734897964,0.20379999999999998,True
496,0.2,0.18,0.2,0.17,0.25,1.0053615119209058,0.2609791767311309,0.1651190175116271,-0.12318519807091688,2.1185920128235454,0.2038,True
497,0.22,0.15,0.2,0.2,0.23,0.9911609639526937,0.2579963495862245,0.15650164385772075,-0.11557628444099233,2.2322602844872126,0.2038,True
498,0.2,0.15,0.2,0.22,0.23,0.9813865168929969,0.25593497479354355,0.15510975572937913,-0.11587700937488743,2.2086777711490466,0.2038,True
499,0.23,0.15,0.2,0.2,0.22,0.9791998900295396,0.2554729001384024,0.152463834780705,-0.11129714260128587,2.295412929455125,0.2038,True
500,0.24,0.16,0.21,0.18,0.21,0.9678644609145146,0.25307204267862393,0.1494123750751236,-0.10891127778898813,2.323653232394742,0.2038,True
501,0.24,0.19,0.16,0.19,0.22,0.9570050450109573,0.25076334177578663,0.1507994427471962,-0.10402760148952417,2.4105462222066043,0.2038,True
502,0.23,0.15,0.22,0.2,0.2,0.9526343377530622,0.24983172302850543,0.14453712697550458,-0.10739921673991193,2.3261968812446883,0.2038,True
503,0.25,0.17,0.2,0.18,0.2,0.9486812988545641,0.24898793236533545,0.1448584032663391,-0.10197083551358788,2.4417563228866275,0.2038,True
504,0.23,0.15,0.2,0.22,0.2,0.9449722604761788,0.24819518611327962,0.14291294289172202,-0.10288988945610311,2.4122407694797796,0.2038,True
505,0.25,0.17,0.18,0.2,0.2,0.9409935849674953,0.24734368800745843,0.14330534149339677,-0.09915193559508984,2.49459263223609,0.2038,True
506,0.22,0.15,0.2,0.23,0.2,0.9401814652517901,0.24716973884380233,0.14211227813283864,-0.10304303371040513,2.398704016600042,0.2038,True
507,0.25,0.18,0.17,0.2,0.2,0.9342185903681042,0.24589105234871922,0.14268974911211654,-0.09755540247696914,2.5205272707143935,0.2038,True
508,0.25,0.2,0.17,0.18,0.2,0.9283697818093335,0.24463427048463537,0.14297246192082994,-0.09711751076558373,2.5189512020661087,0.2038,True
509,0.22,0.16,0.19,0.24,0.19,0.9160993419827641,0.24198933680652557,0.13663536279970168,-0.09616083820706534,2.5165061091235956,0.2038,True
510,0.24,0.19,0.16,0.22,0.19,0.9053045305038581,0.23965312598219324,0.13643529336757834,-0.09149044609969836,2.6194333528665936,0.2038,True
511,0.25,0.2,0.2,0.18,0.17,0.8873235848874319,0.23574202197099092,0.13116856661869133,-0.08857798352873225,2.661406509604305,0.2038,True
512,0.24,0.19,0.22,0.19,0.16,0.8754929778701481,0.2331551322026426,0.12709708147915394,-0.08863523854485322,2.630501548034489,0.2038,True
513,0.24,0.18,0.21,0.21,0.16,0.8744839828587172,0.23293400159011246,0.1260791791594494,-0.0866235873957315,2.689036653792413,0.2038,True
514,0.24,0.19,0.19,0.22,0.16,0.8638395331395929,0.230596322143928,0.1245326566222412,-0.08281891069299352,2.784343819719383,0.2038,True
515,0.24,0.22,0.19,0.19,0.16,0.8552600655684712,0.22870565645686147,0.12498605690755309,-0.08207620073023913,2.7865039368543774,0.2038,True
516,0.24,0.21,0.18,0.21,0.16,0.8542381740021412,0.22848007296742523,0.12401063247777996,-0.08087805156132477,2.8249947736955936,0.2038,True
517,0.23,0.2,0.22,0.2,0.15,0.8500916666731893,0.22756387620490348,0.12162066183636576,-0.08395902878944872,2.7104157764328716,0.2038,True
518,0.22,0.2,0.23,0.2,0.15,0.8493563029182991,0.2274012500853475,0.12158461952898349,-0.08648681753186538,2.629316889843511,0.2038,True
519,0.23,0.2,0.2,0.22,0.15,0.8423227510592552,0.22584359323755177,0.1198532181553032,-0.07938741615592182,2.844828616086722,0.2038,True
520,0.2,0.2,0.23,0.22,0.15,0.8401388478250582,0.2253591374904833,0.11977702884873574,-0.08680375585704847,2.596191089491713,0.2038,True
521,0.22,0.2,0.2,0.23,0.15,0.8377322953010398,0.224824847229671,0.11889196184322753,-0.07935691972088121,2.83308434879325,0.2038,True
522,0.23,0.22,0.2,0.2,0.15,0.8366383253576699,0.2245818154837751,0.12016045667441434,-0.07887912396418406,2.847164169644543,0.2038,True
523,0.22,0.23,0.2,0.2,0.15,0.8292215221983903,0.22293157905283234,0.11935200416859185,-0.07838829989115459,2.8439394573218464,0.2038,True
524,0.2,0.22,0.2,0.23,0.15,0.8229080258093942,0.22152330932443798,0.11734972985234579,-0.07896626341939217,2.805290509289025,0.2038,True
525,0.2,0.23,0.2,0.22,0.15,0.820081667147289,0.22089181629830867,0.1175024457336655,-0.07860999259452028,2.809971213681383,0.2038,True
526,0.2,0.17,0.2,0.18,0.25,1.0083594010528976,0.2616070820535441,0.16499060345263475,-0.12345220424112224,2.1190960798284566,0.20380000000000004,True
527,0.25,0.18,0.2,0.17,0.2,0.945740045994556,0.24835937037869527,0.14499763761081302,-0.10168568069470274,2.442422263212852,0.20380000000000004,True
528,0.25,0.17,0.2,0.2,0.18,0.913715201972374,0.2414741182388498,0.1354278923272837,-0.09353870186967972,2.5815423285997396,0.20380000000000004,True
529,0.25,0.2,0.17,0.2,0.18,0.8934071019718068,0.2370680409886854,0.13348393810640655,-0.08862223280334292,2.675040263482765,0.20380000000000004,True
530,0.25,0.18,0.2,0.2,0.17,0.8931009409529846,0.23700137527039544,0.13087432905854887,-0.08904837921704956,2.6614900501750873,0.20380000000000004,True
531,0.25,0.2,0.18,0.2,0.17,0.8795694536211847,0.23404772295363285,0.12954384710125327,-0.08572730695459652,2.7301420197136346,0.20380000000000004,True
532,0.21,0.18,0.19,0.17,0.25,1.0065836548835034,0.2612352290462623,0.16502595598879585,-0.12085795916990905,2.161506208118266,0.204,True
533,0.21,0.17,0.18,0.19,0.25,1.005856831871974,0.2610829642127446,0.16416648315267682,-0.11894786736913088,2.194936067264879,0.204,True
534,0.21,0.18,0.17,0.19,0.25,0.9991404780248943,0.25967418679905974,0.16357863383692597,-0.11695372995346731,2.220315563277691,0.204,True
535,0.22,0.15,0.21,0.19,0.23,0.9949340441562311,0.2587902656192149,0.15727537173898357,-0.11777510816026293,2.197325645985101,0.204,True
536,0.22,0.15,0.19,0.21,0.23,0.9873858942396263,0.25720101044972776,0.15574184365172228,-0.113370803100167,2.2686706225630404,0.204,True
537,0.23,0.15,0.21,0.19,0.22,0.9829988350797116,0.25627546968354364,0.15324571706493706,-0.11351558147808138,2.2576237230747713,0.204,True
538,0.23,0.15,0.19,0.21,0.22,0.9753989911233094,0.25466888926370546,0.15169617454490827,-0.10907194651685859,2.3348706738661056,0.204,True
539,0.23,0.15,0.22,0.19,0.21,0.9697997656350366,0.25348259409330853,0.14929000462237774,-0.11158819065747827,2.2715897856196756,0.204,True
540,0.25,0.17,0.19,0.18,0.21,0.9620919218385118,0.25184586728344427,0.14880909293287647,-0.10464412705420001,2.4066889788568995,0.204,True
541,0.23,0.15,0.19,0.22,0.21,0.9583527640152274,0.2510503289861774,0.14691126954360859,-0.10487378126907831,2.393833100592119,0.204,True
542,0.24,0.16,0.22,0.18,0.2,0.954497745432787,0.2502290792878872,0.14548968375710722,-0.10694863234780483,2.3397127555041917,0.204,True
543,0.22,0.15,0.19,0.23,0.21,0.9535353603671413,0.25002389019528537,0.14613249254743998,-0.10502623037395031,2.3805852052869536,0.204,True
544,0.25,0.19,0.17,0.18,0.21,0.9485469946962928,0.24895924461230767,0.1475827862195391,-0.1014992776386826,2.452817895892357,0.204,True
545,0.24,0.16,0.18,0.22,0.2,0.9391479651543739,0.24694830166281445,0.14231240995075176,-0.09914014458315845,2.4909011652255053,0.204,True
546,0.23,0.15,0.22,0.21,0.19,0.9353031200652135,0.24612381562985597,0.1397862725576372,-0.10315946535093368,2.3858578056078334,0.204,True
547,0.25,0.17,0.21,0.18,0.19,0.9351359446522243,0.24608794187949856,0.14094940314222815,-0.09995869856403095,2.4618962172847922,0.204,True
548,0.25,0.18,0.21,0.17,0.19,0.9322064182796417,0.24545896656062682,0.1410902296081418,-0.09964644811192791,2.4632987046855392,0.204,True
549,0.23,0.15,0.21,0.22,0.19,0.9314570854975737,0.24529798117108537,0.13895402285826505,-0.1008880464829992,2.4313879564753083,0.204,True
550,0.22,0.15,0.21,0.23,0.19,0.9266930590370528,0.24427351054869972,0.13813048278619774,-0.10104189225439664,2.417546871882446,0.204,True
551,0.24,0.18,0.16,0.22,0.2,0.9256193773632566,0.24404238964189218,0.14108521587922532,-0.09594205211145412,2.543643629369034,0.204,True
552,0.25,0.17,0.18,0.21,0.19,0.9235595644792614,0.24359875330833347,0.13856359504185484,-0.09496886779697056,2.5650379851754335,0.204,True
553,0.25,0.18,0.17,0.21,0.19,0.9167848928949098,0.24213740692899632,0.1379388524808249,-0.09334957161511481,2.593878072920801,0.204,True
554,0.25,0.18,0.21,0.19,0.17,0.8969841143511943,0.2378463935876607,0.13171041494232708,-0.09091378851741727,2.6161751420368327,0.204,True
555,0.25,0.19,0.21,0.18,0.17,0.8940897682563769,0.23721666381537498,0.13185664926319848,-0.09058318589122327,2.6187714803963327,0.204,True
556,0.23,0.19,0.22,0.21,0.15,0.8529465507671936,0.22819482733937302,0.12147050750338549,-0.0843041228020347,2.706805073759281,0.204,True
557,0.22,0.19,0.23,0.21,0.15,0.8522115667104937,0.22803245225183022,0.1214358431969638,-0.08682741053256382,2.62627263502588,0.204,True
558,0.23,0.19,0.21,0.22,0.15,0.8490585287498065,0.22733538489155647,0.12057858804266494,-0.08193151542013011,2.7747001105230558,0.204,True
559,0.21,0.19,0.23,0.22,0.15,0.8475959629666134,0.22701177467007483,0.1205198039577326,-0.08698563119413971,2.6097617681639447,0.204,True
560,0.22,0.19,0.21,0.23,0.15,0.8444551092295971,0.22631624542541262,0.11962442126449077,-0.08209026316348589,2.7569194774622074,0.204,True
561,0.21,0.19,0.22,0.23,0.15,0.8437275134235378,0.22615500966465496,0.1196003724749803,-0.08462109033199505,2.6725608093369866,0.204,True
562,0.23,0.21,0.19,0.22,0.15,0.8355966923906195,0.22435032098222973,0.1191472397705114,-0.07767526928082713,2.888310823501798,0.204,True
563,0.23,0.22,0.19,0.21,0.15,0.8327601690416393,0.2237194822801576,0.11930198441348742,-0.07741800870912363,2.8897602251786214,0.204,True
564,0.22,0.21,0.19,0.23,0.15,0.8310191930508695,0.22333196928558285,0.11817897410934507,-0.07744016588568381,2.88392937607162,0.204,True
565,0.22,0.23,0.19,0.21,0.15,0.8253567096803529,0.22206989092962837,0.1184879526437531,-0.07692408824439734,2.8868706278855703,0.204,True
566,0.21,0.22,0.19,0.23,0.15,0.8236188387396153,0.22168202343692212,0.11738964449882386,-0.07694706319398903,2.880967956867255,0.204,True
567,0.21,0.23,0.19,0.22,0.15,0.8207928749643991,0.22105078291593783,0.11754384932576815,-0.07668824496202764,2.882459795831703,0.204,True
568,0.21,0.17,0.19,0.18,0.25,1.0095815717826917,0.26186288535715696,0.1648965084470279,-0.12112880142465643,2.1618548378028724,0.20400000000000001,True
569,0.22,0.16,0.2,0.18,0.24,1.004811468263668,0.2608639026187711,0.16141141408840445,-0.11938202072820348,2.1851188397344927,0.20400000000000001,True
570,0.22,0.16,0.18,0.2,0.24,0.997302676370039,0.259288152075972,0.15992423538380818,-0.11499548399070625,2.2547681272155633,0.20400000000000001,True
571,0.22,0.18,0.16,0.2,0.24,0.9838344706754614,0.25645186945644904,0.1587507546719964,-0.11188247560086328,2.2921540489623404,0.20400000000000001,True
572,0.24,0.16,0.2,0.18,0.22,0.9810933441402012,0.25587304171756586,0.15337173875881377,-0.11085642917563243,2.3081479677843513,0.20400000000000001,True
573,0.24,0.16,0.18,0.2,0.22,0.9734805672205911,0.2542626899290097,0.15185514296646116,-0.10734327818575573,2.368687580874998,0.20400000000000001,True
574,0.24,0.18,0.16,0.2,0.22,0.959954066955337,0.2513911439704415,0.15066316935254753,-0.10423379602549199,2.411800716813191,0.20400000000000001,True
575,0.25,0.18,0.19,0.17,0.21,0.9591390729418203,0.2512177070769792,0.14894689439391237,-0.1044385708187403,2.4054111915509004,0.20400000000000001,True
576,0.25,0.17,0.18,0.19,0.21,0.9582633768450639,0.25103129869980734,0.14805042674916757,-0.10328444426251504,2.430485059897001,0.20400000000000001,True
577,0.25,0.19,0.18,0.17,0.21,0.9523688764177509,0.24977509502495665,0.14832733171699083,-0.10286794420619905,2.4281139955930473,0.20400000000000001,True
578,0.25,0.18,0.17,0.19,0.21,0.9514886458041891,0.24958728818036824,0.1474436685658946,-0.10171024341729062,2.453905130836986,0.20400000000000001,True
579,0.24,0.16,0.22,0.2,0.18,0.9196338428337156,0.24275236525329102,0.13605033792575252,-0.0983988325944739,2.467024850322503,0.20400000000000001,True
580,0.25,0.17,0.21,0.19,0.18,0.9175876587465146,0.24231074908645,0.13625077168463967,-0.09562772987539614,2.533896280944693,0.20400000000000001,True
581,0.24,0.16,0.2,0.22,0.18,0.9118998343969684,0.2410815257381893,0.1343816177108268,-0.09379923035966364,2.570186608288646,0.20400000000000001,True
582,0.25,0.17,0.19,0.21,0.18,0.9098409466627864,0.24063596851398827,0.13462067913548156,-0.09213869917186768,2.611670999013416,0.20400000000000001,True
583,0.22,0.16,0.2,0.24,0.18,0.9024634670268907,0.23903679726891736,0.13264250172149147,-0.09410982097482157,2.539977175526346,0.20400000000000001,True
584,0.25,0.21,0.19,0.17,0.18,0.898238075543847,0.2381190220212568,0.13520070892325348,-0.09121993087898361,2.6103837146857303,0.20400000000000001,True
585,0.25,0.19,0.17,0.21,0.18,0.8962978172276694,0.2376971322609316,0.13333840313331335,-0.08885738323647396,2.67504087565075,0.20400000000000001,True
586,0.25,0.21,0.17,0.19,0.18,0.8905189873718138,0.2364388758487359,0.1336318175185909,-0.08838635169315845,2.67506092648281,0.20400000000000001,True
587,0.25,0.18,0.19,0.21,0.17,0.8892160110261511,0.23615481745789801,0.13005435056142883,-0.087630452689484,2.694894414099467,0.20400000000000001,True
588,0.24,0.2,0.16,0.22,0.18,0.8848654269251641,0.2352054109683972,0.13179566375408097,-0.08696978076999562,2.7044498547194515,0.20400000000000001,True
589,0.25,0.19,0.18,0.21,0.17,0.882448092531855,0.23467725643376092,0.12939610889327605,-0.08596805065418889,2.7298194462703687,0.20400000000000001,True
590,0.24,0.18,0.22,0.2,0.16,0.8783711342764444,0.23378547135416028,0.12695013026794524,-0.0889703937994093,2.627677156080121,0.20400000000000001,True
591,0.22,0.18,0.24,0.2,0.16,0.8767932437439552,0.23343998058558468,0.12690758425538146,-0.09395527370991319,2.484586243730505,0.20400000000000001,True
592,0.25,0.21,0.18,0.19,0.17,0.8766934101561379,0.23341811477199892,0.12969399596720207,-0.0854858117237346,2.7304895404905167,0.20400000000000001,True
593,0.24,0.18,0.2,0.22,0.16,0.8705951148160382,0.23208097693452645,0.1252245342732002,-0.08449891118634356,2.7465558274795216,0.20400000000000001,True
594,0.22,0.18,0.2,0.24,0.16,0.8613195602091739,0.23004159618203635,0.12335227716989602,-0.084584851610505,2.7196547821745707,0.20400000000000001,True
595,0.24,0.2,0.18,0.22,0.16,0.8570936099870616,0.22911020545992278,0.12385973284727606,-0.08112828344716483,2.8240484788406977,0.20400000000000001,True
596,0.24,0.22,0.18,0.2,0.16,0.8513853234067827,0.22784986457161138,0.12416405121567811,-0.0806270323934547,2.825973594807741,0.20400000000000001,True
597,0.22,0.2,0.18,0.24,0.16,0.8478698961066611,0.2270723986588068,0.12196166714279587,-0.08066097732560606,2.815145640278797,0.20400000000000001,True
598,0.21,0.15,0.2,0.2,0.24,1.0028829745617842,0.26045957641256434,0.16059566393770275,-0.11980489461153876,2.174031180087351,0.2042,True
599,0.2,0.15,0.2,0.21,0.24,0.9979641413879279,0.25942712168720505,0.15993102663065373,-0.11995435213023342,2.1627153753083275,0.2042,True
600,0.25,0.16,0.2,0.19,0.2,0.9516251765723804,0.24961642221586544,0.14472132801139326,-0.10227768068588616,2.4405757007971665,0.2042,True
601,0.25,0.16,0.2,0.2,0.19,0.9342068070678002,0.24588852292252183,0.1400005747563339,-0.09798709204717926,2.5093970826701373,0.2042,True
602,0.24,0.2,0.21,0.2,0.15,0.8508131631270286,0.2277233936815808,0.12171066772368569,-0.08142314414805663,2.7967894885942695,0.2042,True
603,0.24,0.2,0.2,0.21,0.15,0.8469189037766525,0.2268619093668527,0.12084094767221958,-0.07962178346105653,2.8492442583606805,0.2042,True
604,0.24,0.21,0.2,0.2,0.15,0.8440713983240431,0.22623122009528407,0.1209948118302802,-0.07936840586959482,2.8503939019134417,0.2042,True
605,0.2,0.16,0.2,0.19,0.25,1.0113599433331677,0.2622349176341172,0.16486411836931272,-0.12371842470951233,2.1196108683879387,0.20420000000000002,True
606,0.2,0.16,0.19,0.2,0.25,1.007641726385411,0.2614568226308842,0.16411935792563367,-0.12154786123012606,2.151060660260151,0.20420000000000002,True
607,0.24,0.15,0.2,0.2,0.21,0.9670025347927285,0.2528891088615759,0.1484893973552649,-0.1069665578717155,2.364188526706306,0.20420000000000002,True
608,0.24,0.15,0.21,0.2,0.2,0.9536098089625162,0.25003976570572295,0.14453931638148587,-0.10499511722466381,2.3814418452498045,0.20420000000000002,True
609,0.24,0.15,0.2,0.21,0.2,0.9497689982480424,0.24922021951580509,0.14373785089982177,-0.10273674388267362,2.425813882133709,0.20420000000000002,True
610,0.25,0.16,0.19,0.2,0.2,0.9477779494542202,0.24879494895166787,0.14393765624774824,-0.10073869165636695,2.4697059775239136,0.20420000000000002,True
611,0.25,0.19,0.16,0.2,0.2,0.9274529692416642,0.24443703706129938,0.14209116336827407,-0.0959490016583453,2.5475724899326155,0.20420000000000002,True
612,0.25,0.2,0.16,0.19,0.2,0.9245341816363792,0.24380870289274603,0.14223325778759027,-0.09572724890153295,2.546910160800012,0.20420000000000002,True
613,0.25,0.2,0.16,0.2,0.19,0.9071170106031898,0.24004599793013237,0.1374752224976287,-0.0914905559361775,2.623724333881904,0.20420000000000002,True
614,0.25,0.19,0.2,0.2,0.16,0.8723681000061803,0.23247002840296394,0.12634698450318946,-0.0844880790972602,2.7515127682729212,0.20420000000000002,True
615,0.25,0.2,0.2,0.19,0.16,0.8694972773787786,0.23183995189996764,0.12649739170266167,-0.08424428475005363,2.7519962047018276,0.20420000000000002,True
616,0.25,0.2,0.19,0.2,0.16,0.8656065198929102,0.23098499378182336,0.12566389801963165,-0.08280540656904811,2.7894916932653935,0.20420000000000002,True
617,0.21,0.2,0.2,0.24,0.15,0.8331475348267008,0.2238056702333222,0.11795803754718191,-0.07951618189262588,2.8145927647222377,0.20420000000000002,True
618,0.2,0.2,0.21,0.24,0.15,0.8324269191576077,0.22364532526496128,0.11794366747869851,-0.08205913576320578,2.725416532661569,0.20420000000000002,True
619,0.2,0.21,0.2,0.24,0.15,0.8257369590490469,0.22215472422001414,0.11719968691667992,-0.07932141166833717,2.8006905014360948,0.20420000000000002,True
620,0.21,0.15,0.21,0.19,0.24,1.0066298496340527,0.2612449053119914,0.16136129155773007,-0.12198441027742402,2.1416253496479847,0.20439999999999997,True
621,0.21,0.15,0.19,0.21,0.24,0.9991340743265253,0.25967284209746877,0.15984368120836137,-0.11761881880805469,2.2077491062143366,0.20439999999999997,True
622,0.25,0.16,0.21,0.19,0.19,0.9380680906723553,0.24671684425136542,0.14081079138609803,-0.10026999806310088,2.460525072475858,0.20439999999999997,True
623,0.25,0.19,0.16,0.21,0.19,0.910019671753501,0.2406746585216828,0.1373316837423362,-0.09172020543645398,2.6240091523609608,0.20439999999999997,True
624,0.24,0.21,0.21,0.19,0.15,0.847961254147376,0.22709261572284145,0.12186472443172754,-0.08107242215171351,2.801108067276879,0.20439999999999997,True
625,0.24,0.21,0.19,0.21,0.15,0.8401798763391075,0.22536824238733844,0.1201420347072697,-0.0779103747872737,2.892660226608887,0.20439999999999997,True
626,0.21,0.24,0.19,0.21,0.15,0.8179694842242324,0.22041946447316096,0.11770072348101136,-0.07642860602072454,2.8839916877901914,0.20439999999999997,True
627,0.21,0.16,0.19,0.19,0.25,1.0125821413823237,0.26249047222936306,0.16476898810867754,-0.12139884549190583,2.1622155562168373,0.2044,True
628,0.23,0.16,0.21,0.17,0.23,0.9968495663712249,0.2591929388241523,0.15813437118570023,-0.1173473358654058,2.208767134870787,0.2044,True
629,0.23,0.16,0.17,0.21,0.23,0.9817273238129345,0.25600696296208825,0.15513099116013324,-0.10981527145913772,2.3312510141847484,0.2044,True
630,0.23,0.17,0.16,0.21,0.23,0.974976063944099,0.25457936297777484,0.15454574237312588,-0.10827966025011082,2.351128202561148,0.2044,True
631,0.24,0.15,0.21,0.19,0.21,0.9708270044048617,0.25370040108241443,0.14927942918061513,-0.1092049259314728,2.323158950188877,0.2044,True
632,0.25,0.16,0.19,0.19,0.21,0.9650474008032759,0.25247395615449064,0.1486733974064277,-0.10484906289412788,2.407975323627147,0.2044,True
633,0.24,0.15,0.19,0.21,0.21,0.9631761469780014,0.2520763565290889,0.14771389413636646,-0.10482876987474632,2.4046486172668056,0.2044,True
634,0.25,0.19,0.16,0.19,0.21,0.9447232112662647,0.24814191982070466,0.1468533870968584,-0.10012637206136432,2.478287335414752,0.2044,True
635,0.23,0.17,0.16,0.23,0.21,0.9410171692793212,0.24734873884213315,0.14492634218400435,-0.100099857013207,2.4710199017516916,0.2044,True
636,0.24,0.15,0.21,0.21,0.19,0.9362270177383505,0.2463220352495954,0.13980220159547027,-0.1007341993804397,2.445267215747838,0.2044,True
637,0.24,0.19,0.15,0.21,0.21,0.9361198929457597,0.24629905516238182,0.14529594890373393,-0.09852185994590201,2.4999432135936503,0.2044,True
638,0.25,0.16,0.19,0.21,0.19,0.9303436829209648,0.24505870271799846,0.13920560491068562,-0.09657818704806509,2.537412538051035,0.2044,True
639,0.21,0.15,0.21,0.24,0.19,0.9219349366814584,0.24324862235126865,0.13733221307799945,-0.10119573669464921,2.403743777124265,0.2044,True
640,0.24,0.17,0.17,0.23,0.19,0.9149649425816682,0.24174424361903868,0.1369096813097744,-0.09334660137017858,2.589748743613805,0.2044,True
641,0.23,0.17,0.17,0.24,0.19,0.9102386432741176,0.240722057696243,0.13604417947976785,-0.09311789961062467,2.585131953177956,0.2044,True
642,0.25,0.21,0.16,0.19,0.19,0.9042169553190109,0.2394172642946153,0.13762104243927428,-0.09126019613554304,2.6234577004307975,0.2044,True
643,0.23,0.16,0.21,0.23,0.17,0.8933869274005117,0.23706364825258253,0.12958319759111414,-0.09188397221921285,2.5800326490784076,0.2044,True
644,0.23,0.17,0.19,0.24,0.17,0.8827543383691443,0.23474419197061924,0.1280481094033807,-0.08740555306885223,2.6856896813604454,0.2044,True
645,0.25,0.19,0.21,0.19,0.16,0.8762615334829533,0.23332351507787408,0.12719680209565407,-0.08612650120518006,2.709079224314767,0.2044,True
646,0.23,0.19,0.17,0.24,0.17,0.8692660202568223,0.23178916845651543,0.12672216861443822,-0.08407409601473026,2.7569629581970725,0.2044,True
647,0.25,0.19,0.19,0.21,0.16,0.8684729520076038,0.23161498097533517,0.12551373869012647,-0.08305183773846159,2.788800191330065,0.2044,True
648,0.25,0.21,0.19,0.19,0.16,0.8627426780135643,0.23035493104295912,0.12581653717989708,-0.08255820252407686,2.7902125288614363,0.2044,True
649,0.23,0.21,0.16,0.23,0.17,0.8596769899252783,0.2296797447472796,0.12623411670526616,-0.08214512767224791,2.796023954867808,0.2044,True
650,0.24,0.19,0.21,0.21,0.15,0.8536676575796349,0.2283540948914855,0.12155916919128715,-0.08177276626018504,2.7925445760867036,0.2044,True
651,0.21,0.19,0.21,0.24,0.15,0.8398573973437171,0.22529667538612386,0.11869751640714579,-0.08224900949027125,2.7392022929196838,0.2044,True
652,0.21,0.21,0.19,0.24,0.15,0.8264473766445617,0.22231318618454776,0.11723810769378656,-0.07720506460181675,2.879515577522312,0.2044,True
653,0.23,0.17,0.19,0.17,0.24,1.0029824928242208,0.2604804476697091,0.16150606491747735,-0.11676402663077756,2.230827894394057,0.20440000000000003,True
654,0.23,0.17,0.17,0.19,0.24,0.9954606802831996,0.25890099858611304,0.16004972655910069,-0.11362240806847668,2.278608621198043,0.20440000000000003,True
655,0.23,0.17,0.21,0.16,0.23,0.9938626619904507,0.2585649316386791,0.15826657942194483,-0.11706886499925728,2.2086566880128164,0.20440000000000003,True
656,0.24,0.17,0.19,0.17,0.23,0.9911993300082593,0.25800442745964736,0.15749512549052028,-0.11250991507939978,2.293170582144428,0.20440000000000003,True
657,0.24,0.17,0.17,0.19,0.23,0.9836252264810381,0.25640770338368424,0.1560253070156666,-0.10984290425948684,2.334312854455858,0.20440000000000003,True
658,0.24,0.19,0.17,0.17,0.23,0.9776848765773392,0.2551525501574208,0.15629513717889693,-0.10945047263710617,2.3312146947359853,0.20440000000000003,True
659,0.24,0.17,0.23,0.19,0.17,0.9029373184609688,0.2391396352852435,0.13235960257956322,-0.09603488728306508,2.49013293034201,0.20440000000000003,True
660,0.23,0.17,0.24,0.19,0.17,0.9020940282262533,0.2389566076458849,0.1323503248706416,-0.09849714844824031,2.426025640442324,0.20440000000000003,True
661,0.23,0.16,0.23,0.21,0.17,0.901129769124928,0.2387472586211099,0.13131960535689152,-0.09651057147384234,2.4737938546537213,0.20440000000000003,True
662,0.24,0.17,0.19,0.23,0.17,0.887426384297036,0.23576445272400082,0.1289670941002022,-0.08763633758097489,2.690259077818689,0.20440000000000003,True
663,0.23,0.17,0.23,0.21,0.16,0.880470184172554,0.2342447740117508,0.12675983204151786,-0.09179649771591991,2.5517833451191314,0.20440000000000003,True
664,0.24,0.19,0.17,0.23,0.17,0.8739121456387089,0.2328086429250884,0.12765298810146192,-0.08430631652357501,2.7614614482651123,0.20440000000000003,True
665,0.23,0.17,0.21,0.23,0.16,0.8727067226657992,0.23254430545145666,0.1249923883638822,-0.08711912481954931,2.6692681536129745,0.20440000000000003,True
666,0.21,0.17,0.23,0.23,0.16,0.8711444908838988,0.2322015544545799,0.12497318752270091,-0.09210995884009132,2.5209169277525834,0.20440000000000003,True
667,0.23,0.21,0.17,0.23,0.16,0.8457555856064141,0.22660432633287475,0.12223765950091034,-0.0791925404884285,2.861435242956827,0.20440000000000003,True
668,0.25,0.16,0.2,0.18,0.21,0.9688783170428739,0.2532871535114869,0.14944634112935692,-0.106516647674608,2.3779114255007374,0.20459999999999998,True
669,0.25,0.16,0.21,0.18,0.2,0.9554705236636274,0.2504364158486747,0.14551985213009688,-0.1045401883894489,2.3955994312513686,0.20459999999999998,True
670,0.22,0.15,0.2,0.24,0.19,0.9228540399916889,0.2434467267331608,0.1373098245938822,-0.09876368741483121,2.4649416511822415,0.20459999999999998,True
671,0.25,0.18,0.22,0.18,0.17,0.9008655278086526,0.23868987717843138,0.13256231048914305,-0.09323940551630916,2.559967814645498,0.20459999999999998,True
672,0.23,0.18,0.22,0.22,0.15,0.8558040218766647,0.22882570152004877,0.12132291509290731,-0.0846481379965921,2.703257353744287,0.20459999999999998,True
673,0.22,0.18,0.23,0.22,0.15,0.8550694179659972,0.22866357711312024,0.12128963325157333,-0.08716694048041762,2.6232832752055852,0.20459999999999998,True
674,0.22,0.18,0.22,0.23,0.15,0.8511876312509494,0.2278061694433573,0.12037590978505155,-0.08480637321493723,2.6861916246081496,0.20459999999999998,True
675,0.22,0.19,0.2,0.24,0.15,0.8405743783494006,0.2254557819149392,0.11874386207654816,-0.0797103420771933,2.82843826835673,0.20459999999999998,True
676,0.22,0.2,0.19,0.24,0.15,0.8338542995028462,0.22396289238524725,0.11802844937564992,-0.07769698507891509,2.8825171550449884,0.20459999999999998,True
677,0.23,0.22,0.18,0.22,0.15,0.8288803563295177,0.22285556251089722,0.1184610894488292,-0.07595218962390005,2.9341558632401923,0.20459999999999998,True
678,0.22,0.22,0.18,0.23,0.15,0.8243158060647082,0.22183760598375457,0.11748590311810178,-0.0757163433763749,2.929851021476727,0.20459999999999998,True
679,0.22,0.23,0.18,0.22,0.15,0.8214902471195742,0.22120661684141196,0.1176415569879818,-0.07545515534646763,2.9316302620503127,0.20459999999999998,True
680,0.2,0.22,0.19,0.24,0.15,0.8190566931603931,0.2206626449222937,0.11647537422338708,-0.07671159361330904,2.8765227591883837,0.20459999999999998,True
681,0.19,0.22,0.2,0.24,0.15,0.8183426369854241,0.22050293999668313,0.1164695985986032,-0.07912602852474315,2.786730790206798,0.20459999999999998,True
682,0.21,0.16,0.2,0.18,0.25,1.0163090012890024,0.26326909898398565,0.16551203229155648,-0.12356964099733303,2.1305321991642567,0.2046,True
683,0.22,0.17,0.18,0.18,0.25,1.0107905556694798,0.2621158265888006,0.1648422258881912,-0.11879839589667429,2.206391968598445,0.2046,True
684,0.21,0.16,0.18,0.2,0.25,1.0088532227623292,0.26171045262991055,0.1640394486965338,-0.11922153514567957,2.1951609020142246,0.2046,True
685,0.22,0.15,0.2,0.19,0.24,1.0078079349949727,0.26149162488531164,0.16128357122114306,-0.11965543583586935,2.185371881006711,0.2046,True
686,0.22,0.18,0.18,0.17,0.25,1.0077926209463013,0.26148841837232584,0.16497269729830663,-0.11852369561353959,2.2062121588322685,0.2046,True
687,0.22,0.18,0.17,0.18,0.25,1.0040613560419986,0.2607066656133288,0.1642576030024235,-0.11717474827186147,2.2249389860727806,0.2046,True
688,0.22,0.15,0.19,0.2,0.24,1.0040503451324465,0.26070435723655216,0.16053357484524575,-0.11746912589643876,2.2193436381436102,0.2046,True
689,0.22,0.15,0.22,0.18,0.23,0.9987051314381474,0.2595827625792875,0.1580628324402153,-0.11996730435829528,2.1637792394168964,0.2046,True
690,0.23,0.15,0.22,0.18,0.22,0.9867958228616955,0.2570766020425448,0.15404161413413178,-0.1157272938797963,2.2213999258426043,0.2046,True
691,0.24,0.15,0.2,0.19,0.22,0.9840673085560261,0.2565010118992297,0.15323994010418118,-0.11114586158982909,2.307787336660513,0.2046,True
692,0.24,0.15,0.19,0.2,0.22,0.9802576362088984,0.2556964639270183,0.15247490520281115,-0.10892042562533188,2.347552926450834,0.2046,True
693,0.25,0.17,0.18,0.18,0.22,0.9753653592625062,0.25466177045481664,0.15279534313224433,-0.10736730492615953,2.3718744791997617,0.2046,True
694,0.25,0.18,0.18,0.17,0.22,0.972401044779879,0.2540340004374606,0.15293186185265953,-0.10716677378777717,2.370454866361147,0.2046,True
695,0.23,0.15,0.18,0.22,0.22,0.9715961417731409,0.25386343289191315,0.1509429442099206,-0.10731932373321773,2.365496017501802,0.2046,True
696,0.25,0.18,0.17,0.18,0.22,0.9685914783537013,0.2532263021632013,0.15219709864730893,-0.10581501612311206,2.393103658072323,0.2046,True
697,0.25,0.16,0.18,0.2,0.21,0.9612145684642412,0.25165929355867944,0.14791514945836542,-0.10349175005316447,2.4316845877028865,0.2046,True
698,0.24,0.15,0.22,0.19,0.2,0.9574487375469061,0.25085783750270974,0.1453554498850515,-0.10724656047349279,2.339075830452503,0.2046,True
699,0.24,0.19,0.15,0.2,0.22,0.9532046428496137,0.2499533627068704,0.150091456819383,-0.10266479318875021,2.4346551036958575,0.2046,True
700,0.25,0.18,0.16,0.2,0.21,0.947660574183139,0.24876986957765768,0.146714659430632,-0.10033975175845766,2.4792753142992385,0.2046,True
701,0.24,0.15,0.19,0.22,0.2,0.9459263088156034,0.24839919455442772,0.14295129148954533,-0.10072452447848756,2.46612427152714,0.2046,True
702,0.25,0.16,0.18,0.21,0.2,0.9439288457212502,0.24797199164713657,0.14316907248690666,-0.09936678362508744,2.49552197022638,0.2046,True
703,0.24,0.15,0.22,0.2,0.19,0.9400819130598213,0.24714841226756268,0.14063077873266996,-0.10300586553995617,2.399362511756123,0.2046,True
704,0.24,0.15,0.2,0.22,0.19,0.932370279771428,0.24549416474000507,0.13898867007838353,-0.09845549836934842,2.4934530707371176,0.2046,True
705,0.25,0.18,0.16,0.21,0.2,0.9303743711174741,0.24506529907154828,0.14195127653546674,-0.0961700758768056,2.548248993642038,0.2046,True
706,0.25,0.17,0.22,0.18,0.18,0.9214583135730685,0.24314586569154417,0.13708904266628222,-0.09792821593465262,2.482898961968174,0.2046,True
707,0.25,0.16,0.21,0.2,0.18,0.9205035956465608,0.2429399839550781,0.13611082600295185,-0.09594756878259969,2.53200771043545,0.2046,True
708,0.24,0.19,0.15,0.22,0.2,0.9188691404045968,0.24258736066359488,0.14049748059704623,-0.09432815795630478,2.5717385552675327,0.2046,True
709,0.23,0.15,0.22,0.22,0.18,0.9178096934209776,0.24235868474810762,0.13504140649816215,-0.09886800759699887,2.4513357823088606,0.2046,True
710,0.25,0.16,0.2,0.21,0.18,0.9166267893785973,0.24210326174912566,0.1352883104530992,-0.09376412508641574,2.5820457613825787,0.2046,True
711,0.22,0.15,0.22,0.23,0.18,0.9130725960644763,0.24133517629514167,0.13419398143210715,-0.09902256134103693,2.4371736402977446,0.2046,True
712,0.25,0.17,0.18,0.22,0.18,0.9059648962298477,0.23979629524915436,0.1338294082584077,-0.09073430730967835,2.6428404245234813,0.2046,True
713,0.25,0.18,0.17,0.22,0.18,0.899191134234075,0.23832614980335465,0.13319521028173545,-0.08909180638237124,2.6750624943048935,0.2046,True
714,0.21,0.16,0.2,0.25,0.18,0.8977540512878297,0.23801380271524053,0.1318114447516322,-0.09426511424828288,2.5249404789171637,0.2046,True
715,0.25,0.2,0.16,0.21,0.18,0.8895405376795849,0.23622557885862983,0.1327244201484164,-0.08720130229749323,2.708968474492847,0.2046,True
716,0.25,0.21,0.16,0.2,0.18,0.8866567742642992,0.2355965046172186,0.132872003335371,-0.08696283685497319,2.7091630532950512,0.2046,True
717,0.25,0.18,0.18,0.22,0.17,0.8853293279828043,0.2353067153524,0.12925077922619244,-0.08620804632519719,2.7295214934435155,0.2046,True
718,0.25,0.18,0.21,0.2,0.16,0.8791393396298399,0.23395360554709166,0.12704858984991887,-0.08646609140225692,2.7057266236158912,0.2046,True
719,0.24,0.19,0.22,0.2,0.15,0.8575646479384202,0.2292140911860978,0.12244544711581314,-0.08414563691908106,2.724016355197624,0.2046,True
720,0.22,0.19,0.24,0.2,0.15,0.8560872864869531,0.22888820555680667,0.12236597468553538,-0.08918470883970053,2.5664512284074106,0.2046,True
721,0.24,0.2,0.22,0.19,0.15,0.8547057503814948,0.22858330116090997,0.1225971602025594,-0.08380029286297341,2.727714824752217,0.2046,True
722,0.24,0.19,0.2,0.22,0.15,0.8497689926027336,0.22749252195517844,0.12068965904886336,-0.07987436517696689,2.84812932723977,0.2046,True
723,0.24,0.2,0.19,0.22,0.15,0.8430229757424728,0.22599884316739427,0.11998835874976356,-0.07816645545821521,2.8912510084099257,0.2046,True
724,0.24,0.22,0.19,0.2,0.15,0.8373393571150587,0.22473756484441032,0.12029830500724387,-0.07765348464363497,2.8941079189912617,0.2046,True
725,0.2,0.24,0.19,0.22,0.15,0.813415312828013,0.21939975930148914,0.11678315519039911,-0.07619239211133821,2.8795494303536926,0.2046,True
726,0.25,0.18,0.2,0.21,0.16,0.8752415160630977,0.23310002943814667,0.12619903982329544,-0.0847311136247536,2.7510558927676847,0.20460000000000003,True
727,0.25,0.2,0.18,0.21,0.16,0.8617140538195598,0.23012846978183465,0.12484730616691678,-0.08136193963575489,2.8284535842199072,0.20460000000000003,True
728,0.25,0.21,0.18,0.2,0.16,0.858854602875637,0.22949849622628427,0.12499971684688428,-0.08111207362161432,2.8293999398522183,0.20460000000000003,True
729,0.21,0.14,0.21,0.21,0.23,0.9930189127997426,0.2583874167831781,0.1564446630794769,-0.11820160879461561,2.185989001487671,0.20479999999999998,True
730,0.21,0.14,0.21,0.23,0.21,0.9592748062437171,0.2512465954890002,0.14683455143555596,-0.10995289831188404,2.285038405957551,0.20479999999999998,True
731,0.21,0.21,0.21,0.23,0.14,0.8162288949732552,0.2200299378242101,0.11425649869358076,-0.07696604544841767,2.8587922965546313,0.20479999999999998,True
732,0.23,0.14,0.21,0.21,0.21,0.9689470558594382,0.2533017352188618,0.14835336754631143,-0.10964942951344636,2.3101053634556235,0.2048,True
733,0.26,0.17,0.19,0.19,0.19,0.9321759893875039,0.24545243007975603,0.14024962860999646,-0.09658610131469036,2.541281061547762,0.2048,True
734,0.26,0.19,0.19,0.17,0.19,0.9263286835738849,0.24419508465068662,0.14053501076223332,-0.09614458859889419,2.5398734157514014,0.2048,True
735,0.26,0.19,0.17,0.19,0.19,0.918605163888381,0.24253039063267123,0.1389969756993451,-0.0933525510303439,2.5980049602912043,0.2048,True
736,0.26,0.19,0.19,0.19,0.17,0.8910059358015556,0.23654500066712747,0.1311713306031128,-0.0876245494610769,2.6995288663047736,0.2048,True
737,0.23,0.21,0.21,0.21,0.14,0.8253409144637587,0.22206636677620928,0.11621727256644329,-0.07664549220864192,2.8973180336777964,0.2048,True
738,0.21,0.21,0.23,0.21,0.14,0.8239772902992719,0.22176204477371164,0.11611527253165686,-0.08176440305041988,2.7122077150977604,0.2048,True
739,0.21,0.23,0.21,0.21,0.14,0.8105904027638435,0.21876638739303012,0.11456885985809526,-0.07624378144624167,2.8693013809562813,0.2048,True
740,0.22,0.15,0.21,0.18,0.24,1.0115634958633573,0.262277486484062,0.16204716586499235,-0.12183518490754008,2.1527236707778847,0.20499999999999996,True
741,0.22,0.15,0.18,0.21,0.24,1.0002907296878876,0.259915679591177,0.15979735840001705,-0.11527622542308369,2.2547205951378224,0.20499999999999996,True
742,0.22,0.15,0.21,0.24,0.18,0.9092199224318798,0.24050151180766677,0.1333442543173946,-0.09673084556113831,2.4862959732493897,0.20499999999999996,True
743,0.25,0.19,0.16,0.22,0.18,0.8924268996512499,0.23685457929568243,0.1325791941498711,-0.08743902789243174,2.7087970326827397,0.20499999999999996,True
744,0.24,0.21,0.15,0.22,0.18,0.8781306183022046,0.23373282111089888,0.13119491798096342,-0.08530256821327997,2.740044362163895,0.20499999999999996,True
745,0.22,0.16,0.18,0.19,0.25,1.0137911426452382,0.26274316566877576,0.16471367956755617,-0.11907228540428527,2.20658539287027,0.205,True
746,0.22,0.19,0.18,0.16,0.25,1.0047973373810657,0.26086094089430634,0.1651050967586349,-0.11830464328417911,2.204993258529112,0.205,True
747,0.22,0.18,0.16,0.19,0.25,1.0003280404618762,0.2599235113550804,0.16355631490204692,-0.11586011108446415,2.24342535944568,0.205,True
748,0.25,0.16,0.18,0.19,0.22,0.9783323090234461,0.2552894699271917,0.15266087960630578,-0.10756723354101949,2.3733014369086667,0.205,True
749,0.24,0.15,0.18,0.21,0.22,0.976446009586653,0.2548904697901775,0.15172424523258932,-0.10754294208403736,2.370127363551187,0.205,True
750,0.24,0.15,0.22,0.18,0.21,0.9746495524022947,0.2545102374518633,0.15008376906868234,-0.11143646641847771,2.2839044132654047,0.205,True
751,0.25,0.18,0.16,0.19,0.22,0.9647799682121032,0.25241714817003413,0.15147707388016482,-0.10445910341109965,2.4164207802611934,0.205,True
752,0.25,0.19,0.16,0.18,0.22,0.9618268169778372,0.2517894972316139,0.151614835010948,-0.10425324904973432,2.4151717047350436,0.205,True
753,0.24,0.15,0.18,0.22,0.21,0.9593478443727923,0.2512621397996879,0.14695314082470276,-0.10347348003967416,2.42827572536797,0.205,True
754,0.24,0.18,0.15,0.21,0.22,0.9561494012398477,0.2505810701049227,0.14995559096911135,-0.10287336812974779,2.435820608001095,0.205,True
755,0.25,0.16,0.22,0.18,0.19,0.9419275303224888,0.24754367121021237,0.14163600117395106,-0.10254584549974943,2.4139804982232773,0.205,True
756,0.24,0.18,0.15,0.22,0.21,0.9390488607128158,0.24692706346371307,0.14515912083887797,-0.09873801284031103,2.5008307981959104,0.205,True
757,0.26,0.17,0.2,0.18,0.19,0.936043663305784,0.2462827020937981,0.14104122388650395,-0.09797066509309549,2.5138412795276097,0.205,True
758,0.25,0.16,0.18,0.22,0.19,0.9264787216439432,0.24422737910518522,0.13842613672001117,-0.09519142754833076,2.5656446740562395,0.205,True
759,0.26,0.2,0.17,0.18,0.19,0.9156940976249477,0.24190179265945821,0.13914233199025722,-0.09312577709078529,2.597581466876094,0.205,True
760,0.25,0.18,0.16,0.22,0.19,0.9129249398645998,0.2413032462050282,0.13719042369110132,-0.09194914791656705,2.624311934070148,0.205,True
761,0.25,0.18,0.22,0.19,0.16,0.883035442740467,0.23480562599833488,0.12791438375575406,-0.0888131569488354,2.643815782087384,0.205,True
762,0.24,0.18,0.22,0.21,0.15,0.860426134162448,0.22984480454229672,0.12229627318435106,-0.08448990137068402,2.7203819724430094,0.205,True
763,0.22,0.18,0.24,0.21,0.15,0.8589495283788007,0.22951941989164948,0.12221951068774226,-0.08952002790950642,2.5638890564652748,0.205,True
764,0.24,0.18,0.21,0.22,0.15,0.8565247385998633,0.2289847194977217,0.12141022721262594,-0.08212129365395016,2.788372044681096,0.205,True
765,0.25,0.22,0.18,0.19,0.16,0.8559977389729194,0.2288684470477953,0.12515462451441706,-0.08086142147303188,2.8303787254608834,0.205,True
766,0.22,0.18,0.21,0.24,0.15,0.8473041716457803,0.22694719190534673,0.1194787038062571,-0.08243829039168349,2.7529342351359767,0.205,True
767,0.21,0.18,0.22,0.24,0.15,0.8465769606099882,0.22678620720823095,0.11945609346651391,-0.08496460702573516,2.6691844421705975,0.205,True
768,0.24,0.21,0.18,0.22,0.15,0.8362866916046938,0.2245036775161402,0.11930675494692666,-0.07644765720161162,2.936697941234063,0.205,True
769,0.24,0.22,0.18,0.21,0.15,0.8334505788526068,0.22387308833295405,0.11946285835986874,-0.0761880379961618,2.938428317897257,0.205,True
770,0.22,0.21,0.18,0.24,0.15,0.827143938691735,0.22246851770862142,0.11733291132511256,-0.07597670577466109,2.928114814143688,0.205,True
771,0.2,0.17,0.19,0.18,0.26,1.020850495265612,0.2642166255160907,0.16904882898919768,-0.1252940283234314,2.1087726929335164,0.20500000000000002,True
772,0.2,0.18,0.19,0.17,0.26,1.0178418383787382,0.26358906541847094,0.16917657650310508,-0.12503089549164148,2.1081914544560894,0.20500000000000002,True
773,0.22,0.16,0.19,0.18,0.25,1.0175287183037312,0.26352371749568704,0.16544145927302054,-0.12124982850407617,2.17339455854841,0.20500000000000002,True
774,0.2,0.15,0.2,0.2,0.25,1.0143631398563944,0.2628626835988388,0.16473955924646158,-0.12398386293904662,2.1201362610234873,0.20500000000000002,True
775,0.23,0.16,0.2,0.17,0.24,1.0097383683611398,0.2618956957539875,0.162123634344214,-0.11923233833871472,2.1965156383161366,0.20500000000000002,True
776,0.23,0.17,0.2,0.16,0.24,1.006740364247603,0.2612680538497525,0.16225493350608136,-0.11895788969016174,2.196307067402191,0.20500000000000002,True
777,0.23,0.16,0.17,0.2,0.24,0.9984460525071202,0.259528348846932,0.1599198255942447,-0.11381096403665292,2.280345756172935,0.20500000000000002,True
778,0.24,0.16,0.2,0.17,0.23,0.997970246431688,0.2594284041753565,0.15811793481671713,-0.11499399085938355,2.2560170512960944,0.20500000000000002,True
779,0.22,0.14,0.21,0.2,0.23,0.9979220673956841,0.2594182831215148,0.1571486850516805,-0.11805170560440637,2.1974971203790203,0.20500000000000002,True
780,0.24,0.17,0.2,0.16,0.23,0.9949834004049436,0.2588006443217925,0.15825117195986238,-0.11471158764712397,2.2560985304982055,0.20500000000000002,True
781,0.22,0.14,0.2,0.21,0.23,0.9941447597716795,0.25862427050484715,0.15637544756094027,-0.11585656331096517,2.232279839085904,0.20500000000000002,True
782,0.23,0.17,0.16,0.2,0.24,0.9916967459897981,0.25810914771036475,0.1593426164845628,-0.11229651241232019,2.2984609420697137,0.20500000000000002,True
783,0.21,0.14,0.2,0.22,0.23,0.9892503273917725,0.2575939386787509,0.15566918813946098,-0.1160067020318516,2.2205091099652514,0.20500000000000002,True
784,0.24,0.15,0.21,0.18,0.22,0.9878750232159401,0.25730411787701946,0.15401914465297728,-0.11336453958954062,2.269705489993973,0.20500000000000002,True
785,0.24,0.16,0.17,0.2,0.23,0.9865993591409408,0.2570351749115969,0.15589342129258568,-0.11003823967386706,2.3358713813797958,0.20500000000000002,True
786,0.23,0.14,0.21,0.2,0.22,0.9859755412495583,0.25690361605053624,0.1531170315352003,-0.11380017754193661,2.257497497803678,0.20500000000000002,True
787,0.23,0.14,0.2,0.21,0.22,0.9821723416198376,0.2561009510252068,0.15233562275163556,-0.11158548348995478,2.2951099284187952,0.20500000000000002,True
788,0.25,0.16,0.19,0.18,0.22,0.9821484561186555,0.2560959067484536,0.15340932229063145,-0.10891020148241859,2.3514409418276143,0.20500000000000002,True
789,0.24,0.17,0.16,0.2,0.23,0.9798352001747526,0.2556071879750834,0.15531191716125634,-0.10850329650915003,2.3557550433827434,0.20500000000000002,True
790,0.23,0.14,0.22,0.2,0.21,0.972765080874757,0.2541111283336732,0.14916024805163747,-0.11187694154627104,2.2713449690486556,0.20500000000000002,True
791,0.25,0.19,0.18,0.16,0.22,0.9694393644809032,0.25340615974600356,0.1530704385829458,-0.10696563739802811,2.369042674920526,0.20500000000000002,True
792,0.23,0.14,0.2,0.22,0.21,0.965127110538359,0.2524908870853617,0.14756084260619406,-0.10741511250032765,2.350608598809516,0.20500000000000002,True
793,0.22,0.14,0.2,0.23,0.21,0.9602967813926564,0.25146406183468706,0.14678646875055776,-0.10756708886960353,2.3377416315460606,0.20500000000000002,True
794,0.24,0.16,0.23,0.17,0.2,0.9583304914826971,0.25104558727851534,0.14632068474744897,-0.1091970212240092,2.2990149773730075,0.20500000000000002,True
795,0.23,0.14,0.22,0.21,0.2,0.9555838372816485,0.2504605628789456,0.14440661776647004,-0.10769601584435284,2.3256251488534407,0.20500000000000002,True
796,0.25,0.15,0.2,0.2,0.2,0.9545716802426787,0.25024484006315406,0.14458640913494195,-0.10258359699010511,2.4394235277916008,0.20500000000000002,True
797,0.23,0.14,0.21,0.22,0.2,0.9517494409402176,0.24964293756676748,0.14358761521349758,-0.1054486692157538,2.3674356388128923,0.20500000000000002,True
798,0.22,0.14,0.21,0.23,0.2,0.9469457077212098,0.2486171035171354,0.14279173443739498,-0.1056013364213585,2.3542988369496727,0.20500000000000002,True
799,0.26,0.18,0.19,0.17,0.2,0.9466888754682623,0.24856220965713627,0.1450926838754768,-0.10054016942362687,2.4722676625878486,0.20500000000000002,True
800,0.26,0.17,0.18,0.19,0.2,0.945776284798908,0.24836711866468897,0.14418671621322107,-0.09937892081470379,2.4991931551337734,0.20500000000000002,True
801,0.26,0.19,0.18,0.17,0.2,0.9399054210587463,0.24711060146110952,0.14446877005524814,-0.09894794721592826,2.497379767989069,0.20500000000000002,True
802,0.26,0.18,0.17,0.19,0.2,0.9389883371841452,0.24691409284393928,0.14357590109075885,-0.09778308006332126,2.525120835670603,0.20500000000000002,True
803,0.24,0.16,0.17,0.23,0.2,0.935305838125662,0.24612439887452453,0.1415559662290199,-0.09776364266690585,2.517545297622595,0.20500000000000002,True
804,0.26,0.18,0.2,0.17,0.19,0.9331143701156781,0.24565397363374752,0.14118316903111514,-0.09775270790250867,2.513014512894565,0.20500000000000002,True
805,0.24,0.17,0.16,0.23,0.2,0.9285393038462937,0.2446707328251898,0.14094907520040417,-0.09616279827219287,2.544338738278382,0.20500000000000002,True
806,0.26,0.17,0.18,0.2,0.19,0.928306477030088,0.24462065376925968,0.13947347380938788,-0.09519722330932912,2.569619630337342,0.20500000000000002,True
807,0.25,0.16,0.22,0.19,0.18,0.9243785974447449,0.24377519209201526,0.13694872879773806,-0.09824403837361495,2.4813230006380222,0.20500000000000002,True
808,0.24,0.15,0.22,0.21,0.18,0.922552659790506,0.24338177392274996,0.1359138625003528,-0.09871345250959274,2.4655380572278,0.20500000000000002,True
809,0.26,0.18,0.17,0.2,0.19,0.9215188408637305,0.2431589159005545,0.13885386963823512,-0.09357862789074989,2.598444980240947,0.20500000000000002,True
810,0.24,0.15,0.21,0.22,0.18,0.9186822115818494,0.24254701920290866,0.13507216760512022,-0.09642123597960228,2.515493778302313,0.20500000000000002,True
811,0.26,0.17,0.2,0.19,0.18,0.9184439333446175,0.24249559212921845,0.13635996713617934,-0.09376773856018084,2.586130324275475,0.20500000000000002,True
812,0.26,0.17,0.19,0.2,0.18,0.9145607669866858,0.24165689588466144,0.13555691025330155,-0.09236808819809417,2.6162379302081034,0.20500000000000002,True
813,0.25,0.16,0.19,0.22,0.18,0.912748182052959,0.241265020841269,0.13448145678106277,-0.09236662624150649,2.612036735113018,0.20500000000000002,True
814,0.24,0.16,0.23,0.2,0.17,0.9058415442684931,0.23976955468676509,0.13221897056538717,-0.09635506186515963,2.4883960431918077,0.20500000000000002,True
815,0.23,0.16,0.24,0.2,0.17,0.9049985454725908,0.2395867762942836,0.1322109306651634,-0.09881304440039218,2.4246472492384084,0.20500000000000002,True
816,0.26,0.19,0.17,0.2,0.18,0.9009916907370816,0.23871727480967841,0.13428577006417824,-0.08908819089510167,2.679561369595662,0.20500000000000002,True
817,0.22,0.16,0.19,0.25,0.18,0.8986115456403754,0.2382001963558067,0.13182378082334634,-0.09179974378860734,2.5947806227468813,0.20500000000000002,True
818,0.26,0.2,0.17,0.19,0.18,0.8980969213465131,0.23808833915343475,0.13443279427918223,-0.08885339746077714,2.6795637078315986,0.20500000000000002,True
819,0.26,0.18,0.2,0.19,0.17,0.8977894570790106,0.2380214999872201,0.13183956911078457,-0.08927916699005678,2.6660362995291957,0.20500000000000002,True
820,0.24,0.16,0.2,0.23,0.17,0.8941978860641648,0.2372401987957402,0.12965167366507402,-0.08940350537193842,2.653589451652576,0.20500000000000002,True
821,0.26,0.18,0.19,0.2,0.17,0.8938955892069549,0.23717439285768904,0.13102420077176488,-0.08786159820945716,2.699409044350394,0.20500000000000002,True
822,0.23,0.16,0.2,0.24,0.17,0.8895128688479963,0.2362195461253831,0.12873872289923582,-0.0895597779054117,2.6375628842544216,0.20500000000000002,True
823,0.26,0.19,0.18,0.2,0.17,0.887114688480164,0.23569643842408272,0.13037200546445077,-0.08619991419051587,2.734300151426545,0.20500000000000002,True
824,0.26,0.2,0.18,0.19,0.17,0.8842320107650496,0.23506706187826376,0.1305212318941284,-0.08595953076596374,2.7346247680000153,0.20500000000000002,True
825,0.24,0.22,0.15,0.21,0.18,0.8752578431624267,0.23310360734099245,0.13134307703045014,-0.08506038918382963,2.7404483988101305,0.20500000000000002,True
826,0.24,0.17,0.2,0.23,0.16,0.873467095960176,0.23271106108687922,0.12508061574564583,-0.0847415496494528,2.746127042159677,0.20500000000000002,True
827,0.25,0.18,0.19,0.22,0.16,0.8713419754523537,0.23224489276569127,0.12536605731580028,-0.08329749965121602,2.7881376240361235,0.20500000000000002,True
828,0.23,0.17,0.2,0.24,0.16,0.8688224172323653,0.23169174269698556,0.12413304466251641,-0.08476933856788726,2.7332022003620557,0.20500000000000002,True
829,0.24,0.2,0.16,0.23,0.17,0.8671694159187298,0.23132856851298422,0.12702419133331788,-0.08262555647270375,2.799721761503732,0.20500000000000002,True
830,0.2,0.17,0.23,0.24,0.16,0.8664903115904945,0.23117930314181767,0.12412050834864444,-0.092266687330404,2.5055554700254072,0.20500000000000002,True
831,0.25,0.19,0.18,0.22,0.16,0.8645760928993673,0.2307583678569547,0.12469739069317741,-0.08161102320805957,2.827539207156588,0.20500000000000002,True
832,0.22,0.18,0.19,0.25,0.16,0.8574468669188986,0.2291881166528058,0.12250452312156544,-0.08259981208749434,2.774680848063394,0.20500000000000002,True
833,0.24,0.2,0.17,0.23,0.16,0.8532083962328831,0.22825266472341132,0.12305548804814924,-0.07967983907534426,2.8646225616442127,0.20500000000000002,True
834,0.25,0.2,0.2,0.2,0.15,0.8515207551285409,0.22787979672275727,0.12185430437989356,-0.07985615286421632,2.853628537681166,0.20500000000000002,True
835,0.22,0.19,0.18,0.25,0.16,0.8507198916606438,0.22770277439080644,0.12181649447668284,-0.08091115506681368,2.814232156280271,0.20500000000000002,True
836,0.23,0.2,0.17,0.24,0.16,0.8486026247997913,0.22723452898827246,0.12208855289904733,-0.07944581827850605,2.8602453082134143,0.20500000000000002,True
837,0.24,0.23,0.17,0.2,0.16,0.8446630031419966,0.2263623070781331,0.12351510477520063,-0.07891871202206613,2.8682970271339565,0.20500000000000002,True
838,0.23,0.2,0.22,0.21,0.14,0.8320693633174738,0.22356574952393027,0.11697041101513359,-0.07940462271785287,2.8155256189343376,0.20500000000000002,True
839,0.22,0.2,0.23,0.21,0.14,0.831384319684171,0.22341326089894498,0.11691559562433855,-0.08195562563161962,2.7260271540499232,0.20500000000000002,True
840,0.23,0.21,0.22,0.2,0.14,0.8292338733389382,0.22293433088291348,0.11712586329462366,-0.07904906302508174,2.8202020663063125,0.20500000000000002,True
841,0.23,0.2,0.21,0.22,0.14,0.8281719858014216,0.2226976974183923,0.11606196347862469,-0.07700542186605264,2.891974253524182,0.20500000000000002,True
842,0.21,0.2,0.23,0.22,0.14,0.8268092097405348,0.22239387895222684,0.1159628783694686,-0.08211511249481285,2.70831850795157,0.20500000000000002,True
843,0.22,0.2,0.21,0.23,0.14,0.8236091629929063,0.2216798632613881,0.11506933376547504,-0.0771654442891454,2.872786715653901,0.20500000000000002,True
844,0.21,0.2,0.22,0.23,0.14,0.8229314164857531,0.22152853277627083,0.1150251346130653,-0.07972413110798449,2.778688581456166,0.20500000000000002,True
845,0.23,0.22,0.21,0.2,0.14,0.8225124185430062,0.22143495814424852,0.11637526102239652,-0.0762844212830247,2.90275464400126,0.20500000000000002,True
846,0.23,0.21,0.2,0.22,0.14,0.8214463293306595,0.22119680420003762,0.1153260010296039,-0.07467849522070313,2.9619879664998283,0.20500000000000002,True
847,0.23,0.22,0.2,0.21,0.14,0.8186222524734956,0.22056548343303883,0.11548387082510976,-0.07441526026040202,2.963981885720912,0.20500000000000002,True
848,0.22,0.21,0.2,0.23,0.14,0.8168964754376169,0.22017936513753433,0.1143256458805061,-0.07444229619122111,2.9577186143204943,0.20500000000000002,True
849,0.2,0.21,0.22,0.23,0.14,0.815547417109957,0.21987736202175956,0.11424533966555704,-0.07952908564482086,2.7647414809185418,0.20500000000000002,True
850,0.22,0.23,0.2,0.21,0.14,0.8112588491799673,0.21891631896006225,0.11464098636611243,-0.07391423997082391,2.9617610767082887,0.20500000000000002,True
851,0.21,0.22,0.2,0.23,0.14,0.8095361456371579,0.2185298440167125,0.11350775339991905,-0.07419029362342067,2.9455314616483226,0.20500000000000002,True
852,0.2,0.22,0.21,0.23,0.14,0.8088648155606846,0.2183791699868909,0.11347166606341368,-0.07676601615963652,2.8447375663310037,0.20500000000000002,True
853,0.21,0.23,0.2,0.22,0.14,0.8067225924829857,0.2178981177256023,0.11366519387260625,-0.07382416282247828,2.9515826444191764,0.20500000000000002,True
854,0.26,0.17,0.19,0.18,0.2,0.9496299303514053,0.24919052524070562,0.14495235716635974,-0.10075290204000231,2.4732838478614596,0.20500000000000004,True
855,0.26,0.19,0.17,0.18,0.2,0.9360585287498677,0.2462858911183734,0.143717642944728,-0.09756481654848614,2.5243310020060186,0.20500000000000004,True
856,0.26,0.19,0.2,0.18,0.17,0.894895428697472,0.23739201767917772,0.13198699492262989,-0.08904469089568534,2.6659873294105685,0.20500000000000004,True
857,0.26,0.2,0.19,0.18,0.17,0.888118882687577,0.2359155341247272,0.13132083523846938,-0.08738676303488724,2.6996712766502533,0.20500000000000004,True
858,0.24,0.17,0.23,0.2,0.16,0.8851417015184222,0.23526574442889436,0.12769226199546674,-0.09163976508202532,2.567288820724406,0.20500000000000004,True
859,0.23,0.17,0.24,0.2,0.16,0.8843493334216435,0.2350926895236607,0.12766727147787552,-0.09412415416098907,2.4976871411939636,0.20500000000000004,True
860,0.21,0.15,0.2,0.19,0.25,1.019316402970294,0.2638967150768614,0.1653859381139011,-0.1238352989239293,2.131029822433508,0.2052,True
861,0.21,0.15,0.19,0.2,0.25,1.0155853647770416,0.26311798978823586,0.16464339197486397,-0.12166809489492414,2.1625882283722095,0.2052,True
862,0.2,0.15,0.19,0.21,0.25,1.0106407493836005,0.26208448991694566,0.16399530354068953,-0.12181689025096099,2.1514626533070453,0.2052,True
863,0.25,0.15,0.2,0.19,0.21,0.9718407140932159,0.25391526528878794,0.14931231624215965,-0.10681434898402231,2.3771643763589245,0.2052,True
864,0.25,0.15,0.19,0.2,0.21,0.968005510930757,0.25310197382093036,0.1485398050262108,-0.1050533811429446,2.409270135499382,0.2052,True
865,0.25,0.15,0.21,0.19,0.2,0.9584213341321215,0.25106492698576677,0.14538451281056008,-0.10484221538058358,2.39469307353327,0.2052,True
866,0.25,0.15,0.19,0.21,0.2,0.9507201438040962,0.2494232736720392,0.14380315347272393,-0.10095047744576224,2.4707488263841753,0.2052,True
867,0.25,0.15,0.21,0.2,0.19,0.941002857434692,0.24734567381117012,0.14067439172662724,-0.10058035094669837,2.459184835637019,0.2052,True
868,0.25,0.19,0.15,0.2,0.21,0.9408975295397606,0.2473231162791747,0.1461393534818123,-0.09874920775022278,2.504557979895456,0.2052,True
869,0.25,0.15,0.2,0.21,0.19,0.9371372446343786,0.24651726018262532,0.13986457569902272,-0.09830140184352798,2.5077695288112074,0.2052,True
870,0.25,0.19,0.15,0.21,0.2,0.9236112017677742,0.2436098786626737,0.14136813025889466,-0.09455688044747057,2.576331595435902,0.2052,True
871,0.25,0.2,0.15,0.21,0.19,0.9032639046406541,0.23921050299411895,0.13674239509251168,-0.090080675033823,2.6555141033779055,0.2052,True
872,0.25,0.19,0.21,0.2,0.15,0.8582824973943999,0.22937237652745002,0.12256532940960378,-0.08161401568363247,2.810453261074497,0.2052,True
873,0.25,0.2,0.21,0.19,0.15,0.8554239921383646,0.22874183568447815,0.12271834276951062,-0.08130646502282035,2.8133289969042066,0.2052,True
874,0.25,0.19,0.2,0.21,0.15,0.854374849996538,0.22851024911810436,0.12170149649306691,-0.08010836762245088,2.852514111822482,0.2052,True
875,0.25,0.21,0.2,0.19,0.15,0.848669245285657,0.22724926792821143,0.12200966415532875,-0.07960314338313756,2.854777566187794,0.2052,True
876,0.25,0.2,0.19,0.21,0.15,0.847615845603759,0.22701617508698457,0.12100732680672989,-0.07840119380489441,2.895570387001077,0.2052,True
877,0.25,0.21,0.19,0.2,0.15,0.8447687465716351,0.2263857346090361,0.12116250230165151,-0.07814548240505348,2.896977888441524,0.2052,True
878,0.21,0.19,0.2,0.25,0.15,0.8359856181392531,0.22443676682767277,0.11781161008467132,-0.07986935254647021,2.810048656611924,0.2052,True
879,0.2,0.19,0.21,0.25,0.15,0.8352653914168362,0.2242766736620374,0.11779873187350112,-0.08240775440050618,2.7215481758189957,0.2052,True
880,0.21,0.2,0.19,0.25,0.15,0.8292784897738934,0.22294427130685013,0.11708923750501143,-0.07746225304623688,2.878102076036643,0.2052,True
881,0.21,0.17,0.18,0.18,0.26,1.0221143648081341,0.2644800636882687,0.1689611196212524,-0.12298354272636325,2.150532159223396,0.20539999999999997,True
882,0.21,0.18,0.18,0.17,0.26,1.0191056449484628,0.2638527521996481,0.16908987824696753,-0.12271661542396861,2.150098022896688,0.20539999999999997,True
883,0.21,0.18,0.17,0.18,0.26,1.0154011611207494,0.26307951875300284,0.16838130299583515,-0.12087215047773014,2.1765106164920383,0.20539999999999997,True
884,0.21,0.14,0.21,0.2,0.24,1.0096289791379354,0.26187280574176675,0.16123644562249512,-0.12225317727836327,2.1420531684464756,0.20539999999999997,True
885,0.21,0.14,0.2,0.21,0.24,1.0058779038042753,0.26108737916731184,0.1604713228225114,-0.12007728109240812,2.1743278727837474,0.20539999999999997,True
886,0.26,0.17,0.21,0.18,0.18,0.9223252973359268,0.24333276876459098,0.13717862600943057,-0.09547244384771014,2.548722531422109,0.20539999999999997,True
887,0.26,0.21,0.17,0.18,0.18,0.8952047542634622,0.23745932989945628,0.1345821444774554,-0.08861787445546565,2.6795872882145235,0.20539999999999997,True
888,0.21,0.21,0.2,0.24,0.14,0.8123522677107933,0.21916149164920484,0.11335306551004966,-0.07455526347302655,2.9395844295888724,0.20539999999999997,True
889,0.22,0.14,0.22,0.19,0.23,1.0016973795758535,0.26021087680845967,0.15793565088393735,-0.12024024126474486,2.1640914395333555,0.2054,True
890,0.22,0.14,0.19,0.22,0.23,0.9903654601159326,0.2578288349293265,0.15561613324469434,-0.1136547844235789,2.268526012670322,0.2054,True
891,0.23,0.14,0.22,0.19,0.22,0.9897767810888813,0.25770484403861293,0.15391245065309656,-0.11600816647047574,2.221437092570541,0.2054,True
892,0.23,0.14,0.19,0.22,0.22,0.9783671856118672,0.2552968448207473,0.15156843155659097,-0.10936405372534619,2.3343762061151523,0.2054,True
893,0.24,0.14,0.21,0.2,0.21,0.973792182699935,0.25432868803661224,0.14914857684236452,-0.10949769317142699,2.3226853522698536,0.2054,True
894,0.24,0.14,0.2,0.21,0.21,0.969963431349181,0.2535173014530634,0.14835899891099208,-0.10726313483180483,2.3635082253618083,0.2054,True
895,0.26,0.17,0.18,0.18,0.21,0.9630816441312273,0.25205627008420994,0.14890507902673553,-0.10351007553389358,2.4350892295666045,0.2054,True
896,0.24,0.14,0.21,0.21,0.2,0.956559129057118,0.2506683581218865,0.1444076714762115,-0.1052960006991347,2.3806066370756893,0.2054,True
897,0.26,0.18,0.17,0.18,0.21,0.956293971641629,0.25061187063481016,0.14830277311734133,-0.10193655880885388,2.458508248299263,0.2054,True
898,0.26,0.16,0.19,0.19,0.2,0.9525736096445256,0.24981876900892064,0.144814185514509,-0.10096498870702886,2.4743108696205804,0.2054,True
899,0.21,0.14,0.21,0.24,0.2,0.9421479277248173,0.24759085495971012,0.14202061950348926,-0.10575400231596688,2.3411960733171093,0.2054,True
900,0.26,0.16,0.2,0.19,0.19,0.9389755756956011,0.2469113579323292,0.14090148927070845,-0.0981879574667952,2.5146806625021063,0.2054,True
901,0.23,0.14,0.22,0.22,0.19,0.9382366311589971,0.24675297443091937,0.1396548332998645,-0.10346448704786781,2.3849050188279497,0.2054,True
902,0.26,0.16,0.19,0.2,0.19,0.9351035673973158,0.24608099388715954,0.14011027198475728,-0.09680584607139842,2.5420055076597787,0.2054,True
903,0.22,0.14,0.22,0.23,0.19,0.9334596542068667,0.24572811664993988,0.1388364979286171,-0.10361785139817792,2.3714843855009806,0.2054,True
904,0.26,0.2,0.16,0.19,0.19,0.9118339318685602,0.24106726894290875,0.13839678612108075,-0.09172067105585657,2.628276332563052,0.2054,True
905,0.24,0.17,0.24,0.18,0.17,0.9068106468921904,0.23997960823006315,0.13324664715615478,-0.09834165154556329,2.440264165371238,0.2054,True
906,0.26,0.18,0.21,0.18,0.17,0.9016815645912868,0.23886706687119807,0.13267097799382044,-0.09075728299357588,2.631932766080116,0.2054,True
907,0.24,0.17,0.18,0.24,0.17,0.8835442627068817,0.23491681064055148,0.12815939201721488,-0.08621615315957509,2.724742429713263,0.2054,True
908,0.26,0.21,0.18,0.18,0.17,0.8813519301472039,0.2344376109050852,0.13067284897142653,-0.08571839693148164,2.734974279704287,0.2054,True
909,0.24,0.18,0.17,0.24,0.17,0.8767849722380894,0.23343816896819525,0.12750950914456544,-0.08454927656271694,2.7609718079022896,0.2054,True
910,0.23,0.19,0.22,0.22,0.14,0.8349074319070489,0.2241970902571382,0.11681761736582054,-0.07975906213299122,2.8109293697976194,0.2054,True
911,0.22,0.19,0.23,0.22,0.14,0.8342228104612703,0.2240448528494603,0.11676423483181729,-0.0823054842702341,2.7221132933724377,0.2054,True
912,0.24,0.2,0.21,0.21,0.14,0.8327404688018996,0.2237150986997778,0.1170813877346353,-0.07684539800373091,2.911236124886961,0.2054,True
913,0.22,0.19,0.22,0.23,0.14,0.8303316328395578,0.22317886187563674,0.11583279051489068,-0.07991856378418283,2.7925784862491163,0.2054,True
914,0.24,0.21,0.21,0.2,0.14,0.8299054105062631,0.2230839305004375,0.11723822752403934,-0.07648521342305559,2.9166935740443583,0.2054,True
915,0.24,0.21,0.2,0.21,0.14,0.8260018310652342,0.22221380996670326,0.11635320179635568,-0.07491469638133652,2.9662245287036004,0.2054,True
916,0.23,0.22,0.19,0.22,0.14,0.8147304660803849,0.21969440485332048,0.11461020367548805,-0.0729376473124026,3.012085156960674,0.2054,True
917,0.22,0.22,0.19,0.23,0.14,0.8101935737592918,0.21867736176074826,0.11360221019528467,-0.07270069848055205,3.007912803193301,0.2054,True
918,0.22,0.23,0.19,0.22,0.14,0.8073804606407968,0.21804588739779684,0.11376114599325013,-0.0724334682138259,3.0102919655057585,0.2054,True
919,0.2,0.16,0.19,0.19,0.26,1.0238618105110264,0.2648441166422755,0.16892296853664718,-0.12555639022646503,2.109363897485252,0.20540000000000003,True
920,0.24,0.17,0.18,0.17,0.24,1.0041340308834248,0.26072190128301265,0.16151124069027845,-0.11516595584048361,2.263879975468954,0.20540000000000003,True
921,0.23,0.16,0.22,0.16,0.23,1.0006251499646042,0.25998587301509013,0.15891992335953278,-0.11954344091129343,2.174823403385312,0.20540000000000003,True
922,0.24,0.17,0.17,0.18,0.24,1.0003634058712225,0.25993093468491324,0.16079210556823959,-0.11384439893533682,2.2832123241526623,0.20540000000000003,True
923,0.24,0.18,0.17,0.17,0.24,0.9973765043577574,0.25930366438984387,0.16092545977342443,-0.11365561085320552,2.2814858188105944,0.20540000000000003,True
924,0.26,0.18,0.18,0.17,0.21,0.9601289580057997,0.2514283558427288,0.14904394800953139,-0.10330248235989392,2.433904298318616,0.20540000000000003,True
925,0.26,0.19,0.16,0.19,0.2,0.932209770385855,0.24545968662793438,0.14298202014281636,-0.096177375847745,2.5521562058057494,0.20540000000000003,True
926,0.24,0.17,0.24,0.17,0.18,0.9244357551374232,0.2437875033216319,0.13791926325038212,-0.10266228414698375,2.374654970393959,0.20540000000000003,True
927,0.26,0.18,0.21,0.17,0.18,0.9194078962896237,0.242703615927244,0.13732235922673403,-0.09515138186490812,2.5507103645832934,0.20540000000000003,True
928,0.26,0.19,0.16,0.2,0.19,0.9147406624838366,0.24169577521801688,0.1382517610894693,-0.09194996678908052,2.6285575042395704,0.20540000000000003,True
929,0.26,0.17,0.18,0.21,0.18,0.9106758016742482,0.2408166753653176,0.134769727022673,-0.09096404975699224,2.6473829607262673,0.20540000000000003,True
930,0.26,0.18,0.17,0.21,0.18,0.9038890635298249,0.23934613700538532,0.13414106953434318,-0.08932225814314643,2.6795800059355086,0.20540000000000003,True
931,0.24,0.17,0.17,0.24,0.18,0.8973908842694811,0.23793484413352806,0.13213411223242086,-0.08909541067299398,2.6705622919997305,0.20540000000000003,True
932,0.26,0.18,0.18,0.21,0.17,0.8899999643872158,0.23632574068186907,0.13022516758021763,-0.08643955070261233,2.7340001048238554,0.20540000000000003,True
933,0.23,0.16,0.23,0.22,0.16,0.8833538770284024,0.23487521091614316,0.1266190772926634,-0.0921252004434081,2.549521844030347,0.20540000000000003,True
934,0.23,0.16,0.22,0.23,0.16,0.879468625917589,0.23402566115633738,0.12572766119337908,-0.08979433575905515,2.606240796572043,0.20540000000000003,True
935,0.22,0.16,0.23,0.23,0.16,0.8786840995395577,0.23385397440792177,0.1257141223732646,-0.09228168792277036,2.5341319569667156,0.20540000000000003,True
936,0.26,0.19,0.2,0.19,0.16,0.8770162228953611,0.23348881526245768,0.12734753679323121,-0.08472064493109643,2.7559848659362176,0.20540000000000003,True
937,0.26,0.19,0.19,0.2,0.16,0.8731121100546742,0.23263321560008787,0.12651941176121792,-0.08328476685611275,2.793226473239669,0.20540000000000003,True
938,0.26,0.2,0.19,0.19,0.16,0.8702416544657712,0.23200338667765275,0.12667105353009503,-0.08303869928327434,2.7939188436250335,0.20540000000000003,True
939,0.23,0.22,0.16,0.23,0.16,0.8390419382565615,0.2251156651562598,0.12159757731485406,-0.07747961667424486,2.905482432918269,0.20540000000000003,True
940,0.21,0.2,0.21,0.24,0.14,0.8190519987010565,0.2206615951018025,0.1141044151037501,-0.0773254652730273,2.853673034137872,0.20540000000000003,True
941,0.2,0.21,0.21,0.24,0.14,0.8116813681746327,0.21901107033239087,0.11331852373941934,-0.07712631990264662,2.839641131702375,0.20540000000000003,True
942,0.22,0.15,0.19,0.19,0.25,1.0205361441970378,0.26415108581650926,0.16531434805071657,-0.12151929829295882,2.1737377480545814,0.20559999999999998,True
943,0.21,0.15,0.18,0.21,0.25,1.0118522653482986,0.26233787179075074,0.16391434605848637,-0.1194943963877646,2.1953989452313123,0.20559999999999998,True
944,0.25,0.15,0.19,0.19,0.22,0.9851223093000805,0.2567236307355021,0.15327646948245272,-0.1091072152401148,2.352948246094673,0.20559999999999998,True
945,0.25,0.15,0.21,0.18,0.21,0.9756739952219153,0.2547270959645471,0.1500993005513126,-0.10905295910432655,2.3358109496218256,0.20559999999999998,True
946,0.25,0.15,0.18,0.21,0.21,0.9641683891466617,0.2522872172729982,0.14778198524323874,-0.10369843015201152,2.43289331288015,0.20559999999999998,True
947,0.25,0.19,0.15,0.19,0.22,0.9580176348486162,0.25097897790949775,0.15090935030913077,-0.10289078272917063,2.4392756207339312,0.20559999999999998,True
948,0.25,0.15,0.22,0.19,0.19,0.944866623758394,0.24817259323697605,0.14149919652983536,-0.10285226440198858,2.4129035435429635,0.20559999999999998,True
949,0.25,0.15,0.19,0.22,0.19,0.9332697887695705,0.2456873478474375,0.1390700021279264,-0.09679760777969582,2.5381551619189153,0.20559999999999998,True
950,0.25,0.19,0.15,0.22,0.19,0.9061622323821199,0.23983907189947073,0.136599189424436,-0.0903128621642243,2.6556468940531306,0.20559999999999998,True
951,0.25,0.19,0.22,0.19,0.15,0.8621884663429833,0.2302329265097769,0.1234458665774388,-0.08398714962412113,2.7412875367263796,0.20559999999999998,True
952,0.25,0.18,0.21,0.21,0.15,0.8611435908697029,0.23000284105013336,0.12241484940081941,-0.08196279316684874,2.8061859798009174,0.20559999999999998,True
953,0.25,0.19,0.19,0.22,0.15,0.8504655275614956,0.22764653923147593,0.12085472009430989,-0.07865610071020557,2.894200668174477,0.20559999999999998,True
954,0.21,0.18,0.21,0.25,0.15,0.842702453610918,0.22592778366129895,0.11855348800626736,-0.08259678664235548,2.7353096027762853,0.20559999999999998,True
955,0.25,0.22,0.19,0.19,0.15,0.8419242293704849,0.22575521765292983,0.12132024805202699,-0.07788896269614853,2.8984237283223315,0.20559999999999998,True
956,0.22,0.19,0.19,0.25,0.15,0.8366919839255227,0.22459373829537133,0.11788056571060723,-0.0779529963032326,2.881143111186064,0.20559999999999998,True
957,0.2,0.16,0.2,0.18,0.26,1.027561805622855,0.2656142615906316,0.16965867642738433,-0.1277083158099791,2.0798509471054865,0.2056,True
958,0.21,0.15,0.21,0.18,0.25,1.0230453765159195,0.26467405149704604,0.16614181345851792,-0.125996037537229,2.100653771900095,0.2056,True
959,0.23,0.17,0.18,0.17,0.25,1.0157304307163502,0.2631482852397349,0.16554042463943855,-0.11888604672424274,2.2134497065926473,0.2056,True
960,0.23,0.17,0.17,0.18,0.25,1.0119863155619848,0.2623659014010642,0.16482760055304577,-0.11757790407679092,2.2314218259045617,0.2056,True
961,0.22,0.14,0.2,0.2,0.24,1.0108070530574387,0.2621192774385155,0.16115768339505324,-0.11992804401021606,2.1856378931368785,0.2056,True
962,0.23,0.18,0.17,0.17,0.25,1.0089883729580285,0.2617387403602942,0.16495908579165297,-0.11739576845475352,2.2295415227097655,0.2056,True
963,0.23,0.15,0.22,0.17,0.23,1.0036189285835575,0.26061390646679694,0.15878922863538883,-0.11981741172003801,2.1750921066108493,0.2056,True
964,0.25,0.17,0.18,0.17,0.23,0.9922959513703629,0.2582352743800638,0.157537180273249,-0.11140140695108203,2.3180611578223482,0.2056,True
965,0.23,0.15,0.23,0.17,0.22,0.9905908499633969,0.2578763013348906,0.15485131948731673,-0.1179323103528942,2.186646734582199,0.2056,True
966,0.25,0.17,0.17,0.18,0.23,0.9884991567849792,0.25743565944720537,0.1568117519505321,-0.11006620752045071,2.338916414462385,0.2056,True
967,0.24,0.14,0.2,0.2,0.22,0.9870439129868287,0.2571289114228905,0.15311018491038686,-0.11143442960612382,2.3074458435488787,0.2056,True
968,0.25,0.18,0.17,0.17,0.23,0.9855235071671729,0.25680826798450784,0.15694712897324203,-0.10987062020078808,2.3373697856186837,0.2056,True
969,0.24,0.14,0.22,0.2,0.2,0.9604023592554776,0.2514865234660364,0.14522336203336111,-0.10754359085041076,2.3384612832562475,0.2056,True
970,0.26,0.16,0.18,0.2,0.2,0.9487156495873545,0.2489952695685791,0.14404893912191793,-0.09959342462821896,2.5001175579419566,0.2056,True
971,0.25,0.18,0.15,0.21,0.21,0.9438306017434193,0.24795097238819452,0.14600101167736523,-0.0989650153284305,2.5054406505706224,0.2056,True
972,0.25,0.17,0.23,0.17,0.18,0.9253271630399307,0.24397947266116993,0.13794243259906053,-0.10022154580254561,2.4344014124652715,0.2056,True
973,0.25,0.15,0.21,0.21,0.18,0.9234221459790837,0.24356914525482254,0.13597316361281345,-0.09626642916736416,2.530156642990933,0.2056,True
974,0.26,0.16,0.2,0.2,0.18,0.9213595941250283,0.2431245803339488,0.1362188597967685,-0.09399281131533455,2.5866295191266824,0.2056,True
975,0.25,0.18,0.23,0.17,0.17,0.9047451779132489,0.23953183078265283,0.13342972031776545,-0.0955577324767023,2.5066713553615614,0.2056,True
976,0.23,0.15,0.23,0.22,0.17,0.9040325385879582,0.23937726105850543,0.13118294049026347,-0.09682952357561148,2.47215159404954,0.2056,True
977,0.25,0.17,0.17,0.23,0.18,0.902087054085682,0.23895509375347257,0.13305435717487216,-0.0893255056099238,2.6751048552354946,0.2056,True
978,0.23,0.15,0.22,0.23,0.17,0.9001576386697963,0.23853612897913812,0.13030730041975938,-0.09452389178870202,2.5235538281936165,0.2056,True
979,0.26,0.2,0.16,0.2,0.18,0.8942214487970315,0.23724532778988872,0.13367722993437128,-0.08743282587207912,2.713458308404634,0.2056,True
980,0.25,0.21,0.15,0.21,0.18,0.8827927863586194,0.23475259495746026,0.1321289815584053,-0.08553481009849673,2.7445269906735437,0.2056,True
981,0.26,0.2,0.2,0.18,0.16,0.8741413720322371,0.23285889720181818,0.1274994217945356,-0.08447721304637301,2.756469926085184,0.2056,True
982,0.23,0.17,0.23,0.22,0.15,0.8625592268542099,0.23031454866031642,0.12208576778756967,-0.08734768635435985,2.636756144014575,0.2056,True
983,0.23,0.17,0.22,0.23,0.15,0.8586640810962625,0.22945649889249653,0.12117788285611569,-0.08499107942405748,2.699771557761235,0.2056,True
984,0.22,0.17,0.23,0.23,0.15,0.8579298577794618,0.22929462481556806,0.12114598789678763,-0.08750541234464704,2.620347915309203,0.2056,True
985,0.25,0.21,0.18,0.21,0.15,0.8408665812769847,0.22552061333326412,0.12033276049007063,-0.07668313609216959,2.940941448484824,0.2056,True
986,0.24,0.2,0.2,0.22,0.14,0.8288324634362836,0.22284489054561307,0.11619649676787333,-0.07517672526148844,2.9642803643080757,0.2056,True
987,0.23,0.22,0.17,0.23,0.15,0.8249988906333887,0.2219900510624202,0.11763814354380446,-0.0744816439570326,2.980466585706447,0.2056,True
988,0.23,0.23,0.17,0.22,0.15,0.8221737464615335,0.22135931216958404,0.11779520532814038,-0.07421807213408904,2.982552709933726,0.2056,True
989,0.22,0.2,0.2,0.24,0.14,0.8197191455177857,0.22081077082910294,0.1141720640257955,-0.07475878849852702,2.9536429798277646,0.2056,True
990,0.2,0.2,0.22,0.24,0.14,0.8183709445421983,0.22050927202591564,0.11409479570849027,-0.07988388315131967,2.7603724722321896,0.2056,True
991,0.2,0.22,0.2,0.24,0.14,0.8050015566399524,0.21751137065253268,0.11256221435182301,-0.074351093914512,2.925462951528657,0.2056,True
992,0.2,0.24,0.2,0.22,0.14,0.7993849616789166,0.21624750974316087,0.1128765727356496,-0.07361818144797361,2.9374198803862632,0.2056,True
993,0.26,0.16,0.2,0.18,0.2,0.9564296892557158,0.2506407837091389,0.14559445768476828,-0.10233232458360741,2.4492826165046284,0.20560000000000003,True
994,0.24,0.14,0.2,0.22,0.2,0.9527140142064798,0.24984871854544055,0.14360664451465854,-0.10304150277020285,2.4247386909975353,0.20560000000000003,True
995,0.26,0.18,0.16,0.2,0.2,0.9351352634700438,0.24608779570210504,0.14284064347354067,-0.09639810162751927,2.552828235694769,0.20560000000000003,True
996,0.26,0.2,0.16,0.18,0.2,0.9292868932238465,0.24483150565663703,0.14312558885580545,-0.09595597259611788,2.5514983490099317,0.20560000000000003,True
997,0.25,0.17,0.23,0.18,0.17,0.9076508599586706,0.24016166728807442,0.13328519696284805,-0.09587913557602801,2.504837635896671,0.20560000000000003,True
998,0.25,0.17,0.18,0.23,0.17,0.8882131610686939,0.23593609984920327,0.12910785591616522,-0.08644729744857926,2.7292478401599913,0.20560000000000003,True
999,0.25,0.18,0.17,0.23,0.17,0.8814408952350643,0.2344570641268724,0.12846391656687664,-0.08478113886001581,2.7654389558742554,0.20560000000000003,True
1000,0.26,0.18,0.2,0.2,0.16,0.8798936688396466,0.23411865813301636,0.12719809296974832,-0.08496331812240832,2.755526306019699,0.20560000000000003,True
1001,0.26,0.2,0.18,0.2,0.16,0.8663402244806573,0.23114630949860437,0.12585951165774495,-0.08159559790958959,2.832828184612625,0.20560000000000003,True
1002,0.24,0.22,0.2,0.2,0.14,0.823173773663255,0.2215826517553221,0.11651257943060217,-0.07465183531234043,2.9682143892139923,0.20560000000000003,True
1003,0.21,0.16,0.19,0.18,0.26,1.028836447188782,0.2658793581004588,0.16955520808185803,-0.1254082627346098,2.120110368350412,0.20579999999999998,True
1004,0.21,0.16,0.18,0.19,0.26,1.0251257425784965,0.2651073065042595,0.16883424624245147,-0.12324968681302617,2.150977526672632,0.20579999999999998,True
1005,0.22,0.15,0.2,0.18,0.25,1.0242758403591399,0.2649303425658931,0.16605509472402605,-0.12368673366668181,2.1419463083231123,0.20579999999999998,True
1006,0.22,0.15,0.18,0.2,0.25,1.0167943829682828,0.26337043573699725,0.16458705535295293,-0.1193453677205768,2.20679227662716,0.20579999999999998,True
1007,0.22,0.14,0.21,0.19,0.24,1.014566818948734,0.2629052365659046,0.16192078018516726,-0.12210417291072195,2.1531224551853043,0.20579999999999998,True
1008,0.23,0.16,0.21,0.16,0.24,1.0134984175890818,0.2626819924665016,0.16288558791261457,-0.12141595359784174,2.163488278785556,0.20579999999999998,True
1009,0.24,0.16,0.19,0.17,0.24,1.0109006120729127,0.2621388473372104,0.16211193794461068,-0.11689222231351015,2.2425687710354443,0.20579999999999998,True
1010,0.22,0.14,0.19,0.21,0.24,1.0070452556497975,0.26133191240102893,0.16040818036650703,-0.11774537481839997,2.219466478442012,0.20579999999999998,True
1011,0.24,0.16,0.17,0.19,0.24,1.0033529535313388,0.2605581356812814,0.1606607152282464,-0.1140326256565154,2.2849437534317976,0.20579999999999998,True
1012,0.21,0.14,0.19,0.22,0.24,1.0021248007854209,0.2603005473164297,0.15971984037441656,-0.11789484534206174,2.2079043961692313,0.20579999999999998,True
1013,0.24,0.17,0.16,0.19,0.24,0.996590759483293,0.2591385485562432,0.16008701585484447,-0.11251883425934339,2.3030681953117083,0.20579999999999998,True
1014,0.23,0.16,0.16,0.21,0.24,0.9946779025394425,0.25873640104375184,0.1592131726525067,-0.11248732811239681,2.3001382056583624,0.20579999999999998,True
1015,0.24,0.14,0.21,0.19,0.22,0.9908558869878095,0.2579321127292953,0.1538889230516766,-0.11364936206425758,2.269542987698074,0.20579999999999998,True
1016,0.25,0.15,0.2,0.18,0.22,0.9889407653365256,0.25752871565619007,0.15403878983103528,-0.11099457929085177,2.3201918264977444,0.20579999999999998,True
1017,0.24,0.16,0.16,0.21,0.23,0.9828050900012919,0.2562345636927341,0.15518047310900804,-0.10870093604427022,2.3572433965828816,0.20579999999999998,True
1018,0.25,0.15,0.18,0.2,0.22,0.9813018951573647,0.2559170989833792,0.15252846842697967,-0.10776656234383131,2.374735663988898,0.20579999999999998,True
1019,0.24,0.14,0.22,0.19,0.21,0.9776190099137771,0.25513861892371614,0.14995245841270502,-0.11172544576675203,2.283621400413709,0.20579999999999998,True
1020,0.26,0.16,0.18,0.19,0.21,0.9660369598768803,0.2526841133063793,0.14876831208412336,-0.10371704119903935,2.4362834726596474,0.20579999999999998,True
1021,0.24,0.14,0.22,0.21,0.19,0.9430195262418284,0.24777741604788495,0.1404977372886992,-0.10331112137461729,2.3983615002049707,0.20579999999999998,True
1022,0.24,0.14,0.21,0.22,0.19,0.9391603069088383,0.2469509464647266,0.13966958436096516,-0.10104337506423444,2.44400928123924,0.20579999999999998,True
1023,0.26,0.16,0.18,0.21,0.19,0.9312297181376885,0.24524912571696778,0.13933449097654366,-0.09541943467898517,2.5702219526037555,0.20579999999999998,True
1024,0.25,0.15,0.22,0.2,0.18,0.9273014968483857,0.24440444486147395,0.13681068526052995,-0.09855889607880464,2.4797806650153196,0.20579999999999998,True
1025,0.26,0.16,0.21,0.19,0.18,0.9252453123716797,0.24396184816417588,0.13703716127371462,-0.09579252205699662,2.5467734111752316,0.20579999999999998,True
1026,0.25,0.15,0.2,0.22,0.18,0.9195409881177967,0.24273233175284803,0.1351510248081314,-0.09398885756382103,2.5825649767902124,0.20579999999999998,True
1027,0.26,0.16,0.19,0.21,0.18,0.9174720709895334,0.24228579307070786,0.13541615605738225,-0.09259566372794636,2.616599777097158,0.20579999999999998,True
1028,0.24,0.16,0.24,0.19,0.17,0.909719232262957,0.2406096186712663,0.13310566072200378,-0.09865778744989606,2.438830475429639,0.20579999999999998,True
1029,0.22,0.15,0.2,0.25,0.18,0.9053654533007851,0.23966633561221995,0.1325100839311909,-0.09443198949185205,2.5379782518814693,0.20579999999999998,True
1030,0.26,0.21,0.16,0.19,0.18,0.8913336376602075,0.23661640926747807,0.1338262890792211,-0.08719471964812331,2.7136552559874048,0.20579999999999998,True
1031,0.25,0.2,0.15,0.22,0.18,0.8856721960669818,0.23538157848258057,0.13198169098628498,-0.08577587507296758,2.744146629601235,0.20579999999999998,True
1032,0.23,0.16,0.21,0.24,0.16,0.8755816535564562,0.2331745625093431,0.12485227104547521,-0.08745611902495154,2.6661892284840305,0.20579999999999998,True
1033,0.25,0.18,0.22,0.2,0.15,0.8650539697836062,0.23086347960942422,0.12329515956433997,-0.08433166333719255,2.737565826092359,0.20579999999999998,True
1034,0.22,0.18,0.25,0.2,0.15,0.8628279590772505,0.23037370272545155,0.123165183579284,-0.09186567099755993,2.5077235078549696,0.20579999999999998,True
1035,0.25,0.22,0.18,0.2,0.15,0.8380264753093147,0.22489018456101495,0.1204903427562832,-0.07642388849318982,2.942668699474184,0.20579999999999998,True
1036,0.22,0.19,0.21,0.24,0.14,0.8264388243345548,0.22231127879623913,0.114918313579124,-0.07752398397165106,2.8676451777495573,0.20579999999999998,True
1037,0.21,0.19,0.22,0.24,0.14,0.8257615046391571,0.22216019991420244,0.11487560769642575,-0.08007806400540518,2.7742953413460003,0.20579999999999998,True
1038,0.24,0.21,0.19,0.22,0.14,0.8220966249472406,0.2213420849571337,0.11548582428295258,-0.07344022968041275,3.0139078529620646,0.20579999999999998,True
1039,0.22,0.21,0.19,0.24,0.14,0.8130092553493975,0.21930875782633685,0.11344602066014396,-0.07296708002412355,3.0055849535685333,0.20579999999999998,True
1040,0.21,0.22,0.19,0.24,0.14,0.805662315253959,0.2176598838185151,0.11262205191469438,-0.072463751793446,3.003707073281864,0.20579999999999998,True
1041,0.19,0.22,0.21,0.24,0.14,0.8043269187242743,0.2173597005492507,0.11256148585762307,-0.07692654488846107,2.825548721373219,0.20579999999999998,True
1042,0.21,0.24,0.19,0.22,0.14,0.8000465945974833,0.21639652866753645,0.11293950420917523,-0.07192768476323252,3.0085290438564547,0.20579999999999998,True
1043,0.24,0.16,0.21,0.16,0.23,1.0017565574454772,0.2602232927460224,0.15888735901317466,-0.11719698210618568,2.2203924373261468,0.2058,True
1044,0.24,0.14,0.19,0.21,0.22,0.9832299787764278,0.2563242682731999,0.1523456119863337,-0.10921276068161456,2.3470175707805434,0.2058,True
1045,0.26,0.16,0.19,0.18,0.21,0.9698786168816904,0.25349931572545126,0.14952353381065475,-0.1050740141684543,2.412578578363267,0.2058,True
1046,0.24,0.14,0.19,0.22,0.21,0.9661327592736229,0.25270445491442617,0.14758394516895465,-0.10503281037961121,2.4059572813590138,0.2058,True
1047,0.25,0.15,0.22,0.18,0.2,0.9622691020603298,0.2518835388211713,0.1461972297663083,-0.10709390289618292,2.3519876669855595,0.2058,True
1048,0.25,0.18,0.15,0.2,0.22,0.9609665177672102,0.2516065342067213,0.1507719906510341,-0.10309901646450714,2.44043583377286,0.2058,True
1049,0.26,0.19,0.18,0.16,0.21,0.957178900405905,0.25080037045145187,0.14918492176658796,-0.10309425881884882,2.4327287797096786,0.2058,True
1050,0.26,0.18,0.16,0.19,0.21,0.9524570772155123,0.24979391051931188,0.1475766750499922,-0.10056641115850795,2.483870187289459,0.2058,True
1051,0.26,0.19,0.16,0.18,0.21,0.9495156029984928,0.24916611259732657,0.1477168765853482,-0.10035337573385916,2.482887205091379,0.2058,True
1052,0.24,0.16,0.16,0.23,0.21,0.9487443883667943,0.24900140801084203,0.14560754265426207,-0.10053859816567112,2.4766747553066986,0.2058,True
1053,0.25,0.15,0.18,0.22,0.2,0.9468667282285077,0.24860022340520072,0.14303498150518273,-0.09958097926857146,2.4964629312865263,0.2058,True
1054,0.26,0.16,0.21,0.18,0.19,0.9428457396204302,0.24774022238791216,0.14170789186928062,-0.10011591267909425,2.474533925311197,0.2058,True
1055,0.22,0.14,0.21,0.24,0.19,0.9296181556561569,0.24490273201767443,0.13800112285635005,-0.10135059815924363,2.416391579977451,0.2058,True
1056,0.25,0.18,0.15,0.22,0.2,0.9265282905328176,0.2442380480302897,0.14122861054717303,-0.09478043230804556,2.5768826126102957,0.2058,True
1057,0.24,0.16,0.17,0.24,0.19,0.9178756880040766,0.2423729317823773,0.13677416788334806,-0.09357199257471238,2.590229459833882,0.2058,True
1058,0.26,0.18,0.16,0.21,0.19,0.9176500017115299,0.24232420885009986,0.13810899773850663,-0.09217855658818919,2.6288566215317455,0.2058,True
1059,0.24,0.17,0.16,0.24,0.19,0.911109535100751,0.2409105374765137,0.1361581497647958,-0.09194833156838655,2.6200642618222663,0.2058,True
1060,0.24,0.16,0.19,0.24,0.17,0.8903131466294929,0.2363940097422832,0.12882783396745207,-0.08787263290650549,2.69018921959242,0.2058,True
1061,0.24,0.17,0.24,0.19,0.16,0.8890297893112027,0.23611420909213043,0.12859454689372557,-0.09396767816905205,2.512717284206495,0.2058,True
1062,0.24,0.16,0.23,0.21,0.16,0.8880294376454168,0.23589602210359373,0.12754989489806695,-0.0919687115871124,2.5649595175654274,0.2058,True
1063,0.23,0.16,0.24,0.21,0.16,0.8872374034767803,0.2357232166249874,0.12752619072272883,-0.09444874769913036,2.49577916454638,0.2058,True
1064,0.26,0.18,0.21,0.19,0.16,0.8838004581788654,0.23497278553722456,0.12804245787351154,-0.08639203502820791,2.7198431598526813,0.2058,True
1065,0.24,0.16,0.21,0.23,0.16,0.8802393160695463,0.23419427344803867,0.1257932280619238,-0.08729911596049966,2.6826648915208358,0.2058,True
1066,0.26,0.18,0.19,0.21,0.16,0.8759851586252583,0.23326296939703917,0.12637022623463318,-0.08353006630387916,2.792562962280402,0.2058,True
1067,0.21,0.16,0.23,0.24,0.16,0.8740201035035702,0.23283231149732786,0.1248357949791721,-0.09243817402521981,2.51878960129399,0.2058,True
1068,0.24,0.19,0.16,0.24,0.17,0.8700352788087147,0.23195807936612645,0.1268785508553541,-0.08287190492446506,2.7989953842324296,0.2058,True
1069,0.26,0.19,0.18,0.21,0.16,0.8692062822731512,0.23177604947480068,0.12570810916161182,-0.08184431674589632,2.8319137930419824,0.2058,True
1070,0.26,0.21,0.18,0.19,0.16,0.8634767564756969,0.23051649432030374,0.12601338726654818,-0.08134609777369162,2.8337744603510133,0.2058,True
1071,0.25,0.18,0.2,0.22,0.15,0.8572315309842986,0.229140625258633,0.12155123890735303,-0.08035979139640503,2.8514337988797194,0.2058,True
1072,0.24,0.21,0.16,0.23,0.16,0.8464748284760903,0.22676359455326311,0.12241933406403654,-0.07797115513621933,2.908301078226894,0.2058,True
1073,0.25,0.2,0.18,0.22,0.15,0.8437092669761204,0.2261509656933669,0.12017776529996352,-0.07694156547553144,2.9392561003361215,0.2058,True
1074,0.22,0.18,0.2,0.25,0.15,0.8434190425626102,0.22608663949131347,0.11859838353035508,-0.08006265606146112,2.8238713354420213,0.2058,True
1075,0.24,0.19,0.22,0.21,0.14,0.8394889035169746,0.2252148861826666,0.11782918449651823,-0.07959955905181082,2.829348414305609,0.2058,True
1076,0.22,0.19,0.24,0.21,0.14,0.8381123537875819,0.22490925684206942,0.11771225000014543,-0.0846847821199217,2.6558402963542673,0.2058,True
1077,0.24,0.19,0.21,0.22,0.14,0.8355781052607654,0.22434618934766037,0.11692720037760482,-0.07720444590902797,2.905871374454437,0.2058,True
1078,0.22,0.2,0.18,0.25,0.15,0.8299746460952948,0.22309935216324228,0.1171825802523058,-0.07623624644996063,2.926420994633813,0.2058,True
1079,0.24,0.22,0.19,0.21,0.14,0.8192729938925665,0.22071101422925743,0.11564509066724094,-0.0731745982890254,3.0162244739286708,0.2058,True
1080,0.22,0.24,0.19,0.21,0.14,0.8045699148992866,0.21741433458757897,0.1139228288729313,-0.07216538516127446,3.012723262014103,0.2058,True
1081,0.24,0.17,0.19,0.16,0.24,1.007902631107803,0.2615114523506572,0.16224424343360414,-0.11661388441535914,2.242541303394004,0.20580000000000004,True
1082,0.26,0.19,0.16,0.21,0.18,0.8971118601418755,0.23787417277785794,0.13353050924924362,-0.08767019335968085,2.713284454637182,0.20580000000000004,True
1083,0.26,0.19,0.21,0.18,0.16,0.8809186173830876,0.23434285340298389,0.12819216420012247,-0.08615197270404018,2.7201101268804044,0.20580000000000004,True
1084,0.24,0.17,0.19,0.24,0.16,0.8695721247545196,0.2318563872856645,0.12424289116629132,-0.08331019264896922,2.7830494674595285,0.20580000000000004,True
1085,0.24,0.19,0.17,0.24,0.16,0.8560620279064635,0.2288826323576758,0.12290735083409421,-0.07993195661447494,2.863468405529151,0.20580000000000004,True
1086,0.25,0.16,0.17,0.23,0.19,0.9226119266488593,0.24339454752434886,0.13766242605214613,-0.09380034688734729,2.5948150044334253,0.206,True
1087,0.25,0.17,0.16,0.23,0.19,0.9158328160311635,0.24193176111558468,0.13705143980921466,-0.09217738663654451,2.6246324607739395,0.206,True
1088,0.23,0.15,0.21,0.24,0.17,0.8962809754944754,0.2376934689348429,0.12944727162048092,-0.09221104342301878,2.577711520348192,0.206,True
1089,0.25,0.19,0.16,0.23,0.17,0.8746782337843688,0.23297657964920093,0.12783881191445098,-0.0831044897042107,2.8034174865692796,0.206,True
1090,0.24,0.17,0.21,0.23,0.15,0.8593844072823762,0.22961526764507245,0.12126384008037965,-0.08246873146290001,2.784270638967799,0.206,True
1091,0.23,0.17,0.21,0.24,0.15,0.8547672560948174,0.22859687866425937,0.12028645628526569,-0.08262698123950363,2.76661297841253,0.206,True
1092,0.21,0.17,0.23,0.24,0.15,0.8533062210399129,0.22827427122648847,0.12023332126469413,-0.08766313693632655,2.6039938702204295,0.206,True
1093,0.24,0.21,0.17,0.23,0.15,0.8323918475329171,0.22363752036719453,0.1184893374993704,-0.07498023048071656,2.9826198043590932,0.206,True
1094,0.23,0.21,0.17,0.24,0.15,0.8278266080392713,0.22262071289235097,0.11748373689538259,-0.07474438126812488,2.9784273963518473,0.206,True
1095,0.24,0.23,0.17,0.21,0.15,0.8267310149027651,0.2223764415444036,0.11880384804824656,-0.07445466808101386,2.9867360539763146,0.206,True
1096,0.23,0.16,0.19,0.17,0.25,1.022481458824969,0.26455655937837563,0.16613632775897982,-0.12110081026661834,2.184597764423886,0.20600000000000002,True
1097,0.23,0.17,0.19,0.16,0.25,1.0194724854294201,0.26392927098323704,0.16626683242705528,-0.12083032411636085,2.184296640047662,0.20600000000000002,True
1098,0.23,0.15,0.21,0.17,0.24,1.0165032812757042,0.2633096622176958,0.16275575339506457,-0.12168595828451123,2.1638459024340126,0.20600000000000002,True
1099,0.23,0.16,0.17,0.19,0.25,1.0149869099706819,0.26299299360657336,0.1646980379519842,-0.11775950131696378,2.2333059385050915,0.20600000000000002,True
1100,0.23,0.17,0.16,0.19,0.25,1.0082401433784312,0.26158211557509703,0.16412852770036296,-0.11626581783433987,2.2498626031927076,0.20600000000000002,True
1101,0.24,0.15,0.21,0.17,0.23,1.0047502845462817,0.26085107888117665,0.15875564398396347,-0.11747485061871599,2.220484448435792,0.20600000000000002,True
1102,0.23,0.15,0.17,0.21,0.24,1.001434070320725,0.2601556296883949,0.15979189635822597,-0.11399896016876943,2.2820877427587782,0.20600000000000002,True
1103,0.25,0.16,0.19,0.17,0.23,0.9990775345509006,0.25966096928274585,0.15814251790174008,-0.1129229866936945,2.2994518378005764,0.20600000000000002,True
1104,0.25,0.17,0.19,0.16,0.23,0.9960907568214086,0.25903345581725934,0.15827677211912464,-0.11273255152509865,2.2977698305674243,0.20600000000000002,True
1105,0.25,0.16,0.17,0.19,0.23,0.9914774468913374,0.2580629811450639,0.15667838172991044,-0.1102612097863962,2.3404693422555134,0.20600000000000002,True
1106,0.24,0.15,0.17,0.21,0.23,0.9895761317324259,0.25766257655267677,0.15576355125546124,-0.11023299166311729,2.3374361220288624,0.20600000000000002,True
1107,0.25,0.17,0.16,0.19,0.23,0.9847003764773306,0.2566346069068066,0.15610067589969104,-0.10872693467743433,2.3603590744848773,0.20600000000000002,True
1108,0.24,0.15,0.23,0.17,0.21,0.9784701753728888,0.2553186222053585,0.15090219742309777,-0.11366121052382028,2.2463127132703793,0.20600000000000002,True
1109,0.24,0.17,0.15,0.21,0.23,0.9760431953894739,0.254805231483219,0.15461312824359078,-0.10715959567147171,2.3778106840230815,0.20600000000000002,True
1110,0.24,0.15,0.17,0.23,0.21,0.9555176303892292,0.25044645436291035,0.14620735927723733,-0.10211402447120943,2.4526156486323045,0.20600000000000002,True
1111,0.25,0.16,0.23,0.17,0.19,0.9457851226060925,0.24836900827804675,0.14247595197167504,-0.10481466704351294,2.369601652934111,0.20600000000000002,True
1112,0.24,0.17,0.15,0.23,0.21,0.9419804474036968,0.24755500028243294,0.14502445529108127,-0.09895350833284344,2.501730403026726,0.20600000000000002,True
1113,0.25,0.16,0.23,0.19,0.17,0.9105591512311424,0.24079142919425145,0.13314300703357693,-0.09619955089654031,2.503041094788637,0.20600000000000002,True
1114,0.24,0.15,0.23,0.21,0.17,0.9087483787460697,0.2403993993552893,0.1320806879506156,-0.096674253958139,2.4866951593894364,0.20600000000000002,True
1115,0.23,0.15,0.24,0.21,0.17,0.9079056718368372,0.24021686987270208,0.13207388930397598,-0.09912797250702199,2.4233005457232135,0.20600000000000002,True
1116,0.24,0.15,0.21,0.23,0.17,0.9009789713424592,0.23871451271184996,0.13035411914655107,-0.09205526758635318,2.5931651601351535,0.20600000000000002,True
1117,0.25,0.16,0.19,0.23,0.17,0.8949950276996739,0.2374136921803045,0.12977027099279498,-0.08810306361993736,2.694726862217522,0.20600000000000002,True
1118,0.25,0.17,0.23,0.19,0.16,0.8898190015657277,0.23628629004597523,0.12864975396064893,-0.09148303106690125,2.5828428211258085,0.20600000000000002,True
1119,0.23,0.17,0.25,0.19,0.16,0.8882267571183653,0.23593906561169042,0.12859008857985985,-0.09644450343901645,2.446371303688435,0.20600000000000002,True
1120,0.23,0.16,0.19,0.25,0.17,0.885637056384766,0.23537390636726863,0.12791047742928605,-0.08764220422085522,2.685622850996933,0.20600000000000002,True
1121,0.25,0.17,0.19,0.23,0.16,0.8742135913217837,0.23287472929469755,0.12522085194601024,-0.08354239590365165,2.7875035995289017,0.20600000000000002,True
1122,0.24,0.17,0.23,0.21,0.15,0.867194329939472,0.23133404386179057,0.12305183614222837,-0.08718995896544945,2.653218863808168,0.20600000000000002,True
1123,0.23,0.17,0.24,0.21,0.15,0.8664526899565612,0.23117103294570396,0.12300975350652663,-0.08969683758104574,2.5772484201221584,0.20600000000000002,True
1124,0.23,0.17,0.19,0.25,0.16,0.8649363998950523,0.23083762110598793,0.12329039912055414,-0.08307799145356531,2.7785652621971457,0.20600000000000002,True
1125,0.25,0.19,0.17,0.23,0.16,0.8606775260935691,0.2299001840793693,0.12389826879029352,-0.08016561362890195,2.867815434478054,0.20600000000000002,True
1126,0.23,0.19,0.17,0.25,0.16,0.8514522467262806,0.22786465566780745,0.12194200178993617,-0.0796983016853271,2.8590904805912394,0.20600000000000002,True
1127,0.2,0.15,0.2,0.19,0.26,1.030579931448948,0.26624178348208716,0.16953419110710627,-0.12796637857922233,2.080560428747777,0.2062,True
1128,0.2,0.15,0.19,0.2,0.26,1.0268757852096342,0.2654715389210207,0.16879899212803218,-0.12581798458379556,2.1099649608853417,0.2062,True
1129,0.21,0.14,0.2,0.2,0.25,1.0223264616408305,0.2645242619246615,0.165261757491556,-0.12410017740645807,2.1315381448511603,0.2062,True
1130,0.26,0.2,0.2,0.19,0.15,0.8561283067902254,0.22889725640577097,0.12289245630505262,-0.08009052436542907,2.8579817427762286,0.2062,True
1131,0.2,0.14,0.2,0.21,0.25,1.0173689917172255,0.26349038007337366,0.16461692304552364,-0.1242485223723565,2.1206721419489205,0.20620000000000002,True
1132,0.25,0.14,0.2,0.2,0.21,0.9748057455004253,0.2545433059321487,0.14918038172076853,-0.10711115586401776,2.3764406599747874,0.20620000000000002,True
1133,0.25,0.14,0.21,0.2,0.2,0.9613747737472491,0.25169336619166804,0.14525131625162613,-0.1051433308714852,2.39381199078911,0.20620000000000002,True
1134,0.26,0.15,0.2,0.19,0.2,0.9593803081353913,0.25126904876299294,0.14545802895927232,-0.10254137323909573,2.450416264439027,0.20620000000000002,True
1135,0.25,0.14,0.2,0.21,0.2,0.9575208109600997,0.25087318603972264,0.14445364388392468,-0.10288858863761263,2.438299420388898,0.20620000000000002,True
1136,0.26,0.15,0.19,0.2,0.2,0.9555199144422657,0.25044694109395715,0.14467816622890015,-0.10117643236232488,2.4753486088249956,0.20620000000000002,True
1137,0.26,0.15,0.2,0.2,0.19,0.9419101083797867,0.2475399412835817,0.14076396259288568,-0.0984045880607316,2.5155325189798,0.20620000000000002,True
1138,0.26,0.19,0.15,0.2,0.2,0.9283591493788543,0.24463198349362214,0.1422621350275135,-0.09478560493624633,2.580898055756081,0.20620000000000002,True
1139,0.26,0.2,0.15,0.19,0.2,0.9254405879896574,0.24400389506525655,0.14240535300601764,-0.09456171643935574,2.580366603452476,0.20620000000000002,True
1140,0.26,0.2,0.15,0.2,0.19,0.9079719454760251,0.24023122662461538,0.1376674494614765,-0.09031114581710387,2.6600396269041515,0.20620000000000002,True
1141,0.26,0.19,0.2,0.2,0.15,0.8589864098021658,0.22952754917507856,0.1227381773823404,-0.08034237215941553,2.856867964013428,0.20620000000000002,True
1142,0.26,0.2,0.19,0.2,0.15,0.8522144055264322,0.22803307949499185,0.12205117424589146,-0.07863593425629545,2.8998584635844895,0.20620000000000002,True
1143,0.25,0.2,0.21,0.2,0.14,0.8373146136696661,0.22473206822770408,0.11812670564622546,-0.07687915993233452,2.9231857947654847,0.20620000000000002,True
1144,0.25,0.2,0.2,0.21,0.14,0.8333975989861888,0.2238613024563345,0.1172481493064318,-0.07541255583520567,2.9684884695530616,0.20620000000000002,True
1145,0.25,0.21,0.2,0.2,0.14,0.8305629823166412,0.22323038356268943,0.11740633534021952,-0.07515089967314692,2.9704286247215026,0.20620000000000002,True
1146,0.21,0.2,0.2,0.25,0.14,0.8151709597985644,0.21979306077341554,0.1132011292196713,-0.07491907788438601,2.9337395357774807,0.20620000000000002,True
1147,0.2,0.2,0.21,0.25,0.14,0.81450049125056,0.21964289180783214,0.11316813813964999,-0.07748548481771578,2.8346327357251617,0.20620000000000002,True
1148,0.2,0.21,0.2,0.25,0.14,0.8078137044748781,0.21814318260020293,0.11240920390689593,-0.07471580718078707,2.9196389737498243,0.20620000000000002,True
1149,0.21,0.15,0.19,0.19,0.26,1.03185464237571,0.26650663170566125,0.1694297189646498,-0.12567007485683057,2.1206849125321083,0.20639999999999997,True
1150,0.22,0.16,0.18,0.18,0.26,1.0300979628162992,0.26614161539886316,0.16949044619615117,-0.12310132809933527,2.1619719259576393,0.20639999999999997,True
1151,0.21,0.14,0.21,0.19,0.25,1.0260596130502928,0.26530169695687156,0.1660171226256925,-0.12625735639547075,2.101277141633458,0.20639999999999997,True
1152,0.22,0.14,0.22,0.18,0.24,1.0183245499115485,0.26368979370593126,0.16269728939536127,-0.12427379087257051,2.121845578657184,0.20639999999999997,True
1153,0.22,0.14,0.18,0.22,0.24,1.0032814301379118,0.26054313750824143,0.15967245273132083,-0.11555613580592217,2.254688906747683,0.20639999999999997,True
1154,0.24,0.16,0.16,0.2,0.24,0.9995760867076104,0.259765652774534,0.1599560764329203,-0.11270931973066911,2.3047397801288447,0.20639999999999997,True
1155,0.24,0.14,0.22,0.18,0.22,0.9946658973672331,0.25873387633694356,0.1546816216818013,-0.11585758864875284,2.2332061227456657,0.20639999999999997,True
1156,0.26,0.16,0.18,0.18,0.22,0.9831900681567787,0.25631584269477914,0.1534889784522377,-0.10779119081101385,2.377892300532869,0.20639999999999997,True
1157,0.26,0.16,0.22,0.18,0.18,0.9291292223174059,0.24479760119716354,0.137870790234794,-0.09808924280523124,2.495662054229948,0.20639999999999997,True
1158,0.24,0.14,0.22,0.22,0.18,0.925474091722283,0.24401110882980337,0.13577967178476,-0.09902711283404075,2.4640838437725723,0.20639999999999997,True
1159,0.22,0.14,0.22,0.24,0.18,0.9159858661053897,0.24196482407889164,0.13406307877469406,-0.09933574755651753,2.435828289722435,0.20639999999999997,True
1160,0.26,0.16,0.18,0.22,0.18,0.9135827463773285,0.24144548171075209,0.13462932181325354,-0.09119414265034942,2.6475985704091376,0.20639999999999997,True
1161,0.26,0.21,0.19,0.19,0.15,0.849363304763533,0.22740279875075942,0.12220780053842767,-0.0783805921341938,2.9012641083576884,0.20639999999999997,True
1162,0.22,0.18,0.22,0.24,0.14,0.8331682882141138,0.22381028746925313,0.11568428536288743,-0.08027163574849283,2.7881615390334855,0.20639999999999997,True
1163,0.22,0.22,0.18,0.24,0.14,0.8063091574150121,0.21780523400593643,0.11274067055677883,-0.071217921220315,3.0582924953980153,0.20639999999999997,True
1164,0.21,0.14,0.19,0.21,0.25,1.0185912430615374,0.263745438158826,0.16451971702355636,-0.12193655313626584,2.162972721265023,0.2064,True
1165,0.22,0.13,0.21,0.21,0.23,1.000912737850712,0.2600462302589186,0.15702399600162478,-0.11832748433629403,2.1976824041982597,0.2064,True
1166,0.21,0.13,0.21,0.22,0.23,0.9960054081134027,0.259015515100105,0.15632155353950314,-0.11847716451374568,2.1862062293873863,0.2064,True
1167,0.23,0.13,0.21,0.21,0.22,0.9889548889768742,0.2575316915768888,0.1529903892295436,-0.11408392620745067,2.257388048765013,0.2064,True
1168,0.24,0.14,0.18,0.22,0.22,0.979414087768711,0.2555181791115724,0.15159540955630474,-0.10774200786422328,2.3715743207011415,0.2064,True
1169,0.21,0.13,0.21,0.23,0.22,0.9792040304112857,0.25547377539911986,0.15151991974938933,-0.11438510186898931,2.2334532314507713,0.2064,True
1170,0.25,0.14,0.21,0.19,0.21,0.9786433131292636,0.255355230816249,0.1499669191796429,-0.10934595553418491,2.3352965326313977,0.2064,True
1171,0.23,0.13,0.22,0.21,0.21,0.97573303246169,0.2547395909392638,0.14903258487114524,-0.11216482883973489,2.2711182602814364,0.2064,True
1172,0.26,0.15,0.19,0.19,0.21,0.9728408575488037,0.25412718185459293,0.14938844450289668,-0.1052779943371992,2.413868002088248,0.2064,True
1173,0.23,0.13,0.21,0.22,0.21,0.9719107308919914,0.2539301032127148,0.14822618038684837,-0.10994109131303564,2.3096924014488702,0.2064,True
1174,0.25,0.14,0.19,0.21,0.21,0.9709662533156236,0.25372992041324727,0.14840831296672422,-0.1052570845881935,2.410573325357975,0.2064,True
1175,0.22,0.13,0.21,0.23,0.21,0.9670674689051706,0.2529028922347403,0.14745626148530427,-0.11009259786796777,2.297183435874976,0.2064,True
1176,0.26,0.15,0.21,0.19,0.19,0.945784606261908,0.24836889787854854,0.14156997131964988,-0.10042650118176055,2.4731410031803165,0.2064,True
1177,0.26,0.19,0.15,0.19,0.21,0.9456810993972933,0.24834676669182199,0.1470056914267132,-0.09897655752805468,2.5091473465464653,0.2064,True
1178,0.25,0.14,0.21,0.21,0.19,0.9439402460339144,0.24797443069351255,0.14054020150326238,-0.10088976152604301,2.457875080114072,0.2064,True
1179,0.26,0.15,0.19,0.21,0.19,0.9380337636020204,0.24670948526885494,0.13997313488178822,-0.09702492054155565,2.542743491999971,0.2064,True
1180,0.27,0.17,0.19,0.18,0.19,0.9369376712647093,0.2464744610386762,0.14117868332254394,-0.09681410964104831,2.545852685652064,0.2064,True
1181,0.27,0.18,0.19,0.17,0.19,0.9340086212002732,0.2458459784184377,0.14132172731012366,-0.09659403990224802,2.5451464569369993,0.2064,True
1182,0.27,0.17,0.18,0.19,0.19,0.9330592654377954,0.24564214016320118,0.14040630467109977,-0.09542558081286767,2.574174954668733,0.2064,True
1183,0.27,0.18,0.17,0.19,0.19,0.9262586523389869,0.24418001043210502,0.1397918833465922,-0.09380768616986768,2.602985111368614,0.2064,True
1184,0.27,0.19,0.17,0.18,0.19,0.9233408973834785,0.24355163884967168,0.13993644952401244,-0.09358196091317372,2.6025490006096508,0.2064,True
1185,0.26,0.19,0.15,0.21,0.19,0.9108743379209145,0.24085964137799154,0.13752275189503338,-0.09054297808694944,2.660169197733824,0.2064,True
1186,0.27,0.18,0.19,0.19,0.17,0.898580957359767,0.23819354834342454,0.13201759481884082,-0.08809274576984871,2.7038951534752873,0.2064,True
1187,0.27,0.19,0.19,0.18,0.17,0.8956872566347212,0.23756431243636533,0.13216618576533715,-0.08785605507330152,2.7040175231878636,0.2064,True
1188,0.24,0.16,0.24,0.2,0.16,0.8919219073990097,0.23674457679628724,0.1284518608169296,-0.09429251468790578,2.510746240885362,0.2064,True
1189,0.26,0.19,0.21,0.19,0.15,0.8629030498694019,0.2303902308970387,0.1235962468821911,-0.08178964139953093,2.816863198746828,0.2064,True
1190,0.26,0.19,0.19,0.21,0.15,0.8550680908666008,0.22866328418838644,0.12189709270101212,-0.07889047304205998,2.8984904687600994,0.2064,True
1191,0.24,0.18,0.22,0.22,0.14,0.8423335468350788,0.22584598711562132,0.11767747049922755,-0.07995313593949394,2.824729567662419,0.2064,True
1192,0.22,0.18,0.24,0.22,0.14,0.8409578377521609,0.22554085911218547,0.11756335283092496,-0.0850292554955614,2.652508925283474,0.2064,True
1193,0.25,0.19,0.21,0.21,0.14,0.840156240840183,0.22536299730092169,0.11797101433168379,-0.07713725636125635,2.921584302214235,0.2064,True
1194,0.25,0.21,0.21,0.19,0.14,0.8344755663140055,0.22410106189145385,0.11828502365021225,-0.07662024641696807,2.92482825847223,0.2064,True
1195,0.25,0.21,0.19,0.21,0.14,0.8266487678111456,0.22235809994906153,0.11654522320244133,-0.07380210529735431,3.012896435042927,0.2064,True
1196,0.21,0.19,0.21,0.25,0.14,0.8218776756371435,0.22129317395418857,0.11395506134959604,-0.07768375085096635,2.8486417240425483,0.2064,True
1197,0.24,0.22,0.18,0.22,0.14,0.8153705933792417,0.21983776678929234,0.11479565003459269,-0.07169257526372774,3.0663951738460904,0.2064,True
1198,0.23,0.21,0.22,0.21,0.13,0.8110851098107981,0.2188773530189252,0.11252218371533443,-0.0744273188456126,2.9408200700195954,0.2064,True
1199,0.22,0.21,0.23,0.21,0.13,0.8104497280460246,0.21873482955618462,0.11244531802016534,-0.07700660231308121,2.8404685181004,0.2064,True
1200,0.21,0.21,0.19,0.25,0.14,0.8084740252648455,0.2182914434315466,0.11246748588079528,-0.07273050840291817,3.001373814441645,0.2064,True
1201,0.23,0.21,0.21,0.22,0.13,0.8071788333416068,0.2180006018920495,0.11159666298067686,-0.07200097551362417,3.027745115075545,0.2064,True
1202,0.21,0.21,0.23,0.22,0.13,0.8059152898932884,0.2177167332121801,0.11145341984710062,-0.07716737580142274,2.8213572244887204,0.2064,True
1203,0.23,0.22,0.21,0.21,0.13,0.8043673334270087,0.21736878752792177,0.11175792790583194,-0.07163019421669659,3.0345972100862233,0.2064,True
1204,0.22,0.21,0.21,0.23,0.13,0.8026567852354318,0.21698406333683473,0.11056292731874244,-0.07216229324614021,3.006889797649837,0.2064,True
1205,0.21,0.21,0.22,0.23,0.13,0.8020286094723097,0.2168427174584482,0.11049661821166366,-0.07474940914844663,2.900928849187491,0.2064,True
1206,0.22,0.24,0.18,0.22,0.14,0.8006943309495167,0.2165423823085586,0.11306112256286743,-0.07067699844239306,3.063831049433382,0.2064,True
1207,0.22,0.23,0.21,0.21,0.13,0.7970442769921564,0.2157200262271417,0.11088518940655662,-0.07142006455947425,3.020440090018447,0.2064,True
1208,0.21,0.22,0.21,0.23,0.13,0.7953367707366861,0.2153349431927336,0.10971543178370799,-0.07195334634497563,2.99270227350267,0.2064,True
1209,0.21,0.23,0.21,0.22,0.13,0.7925357586543313,0.21470271955279197,0.10987639770740643,-0.07158189978391538,2.9993995716922304,0.2064,True
1210,0.19,0.17,0.19,0.18,0.27,1.0318724591464705,0.2665103327324254,0.17324214801125368,-0.12941071198690224,2.059414778271208,0.20640000000000003,True
1211,0.22,0.18,0.18,0.16,0.26,1.0240694344835122,0.26488735791458007,0.16974903837556046,-0.12256781788267734,2.1611493334092953,0.20640000000000003,True
1212,0.24,0.16,0.2,0.16,0.24,1.0146713969665289,0.2629270840608795,0.16285816627679542,-0.119082654688485,2.207937711404614,0.20640000000000003,True
1213,0.26,0.18,0.18,0.16,0.22,0.9772505171283723,0.2550606745622723,0.15376288757929893,-0.10739140428213712,2.3750567027895517,0.20640000000000003,True
1214,0.26,0.18,0.16,0.18,0.22,0.9696118620984582,0.2534427444294485,0.15231344211717435,-0.10468441273474227,2.4210170149365213,0.20640000000000003,True
1215,0.27,0.19,0.18,0.17,0.19,0.9272124599951466,0.24438528607237164,0.14069389951579844,-0.09497980894291436,2.5730235593467485,0.20640000000000003,True
1216,0.27,0.17,0.19,0.19,0.18,0.9192864264002587,0.24267740648650493,0.13651637757128357,-0.0925974792336749,2.620777676615742,0.20640000000000003,True
1217,0.27,0.19,0.17,0.19,0.18,0.9056913786352774,0.23973699982859187,0.1352564578163129,-0.08931900058814013,2.6840537651562615,0.20640000000000003,True
1218,0.26,0.18,0.16,0.22,0.18,0.9000048727894361,0.23850294436854225,0.13338612472833436,-0.08790682554355023,2.7131333988438096,0.20640000000000003,True
1219,0.27,0.19,0.18,0.19,0.17,0.8917870620500565,0.236715200112404,0.13137148472186944,-0.08643177978002237,2.738751888655633,0.20640000000000003,True
1220,0.24,0.16,0.2,0.24,0.16,0.8763416710715106,0.2333410697771341,0.12493917704120916,-0.08498343424819499,2.7457241736743554,0.20640000000000003,True
1221,0.26,0.18,0.18,0.22,0.16,0.8720749309478266,0.23240571439031465,0.1255591779287758,-0.08209225794679142,2.831030845088337,0.20640000000000003,True
1222,0.24,0.2,0.16,0.24,0.16,0.8493214845466248,0.22739354891335517,0.12226888969355383,-0.07822676068577228,2.9068511455660087,0.20640000000000003,True
1223,0.24,0.17,0.2,0.24,0.15,0.8554769247539611,0.22875351766215046,0.12039480194904895,-0.08037715593455907,2.846001640670086,0.20659999999999998,True
1224,0.21,0.18,0.2,0.26,0.15,0.838826280965018,0.22506778602567512,0.1176678274092958,-0.08022141562258134,2.805582328346763,0.20659999999999998,True
1225,0.2,0.18,0.21,0.26,0.15,0.8381064436371097,0.2249079443081461,0.1176564453388862,-0.08275528148092037,2.7177473181575693,0.20659999999999998,True
1226,0.24,0.2,0.17,0.24,0.15,0.8352261272711843,0.2242679447599909,0.11833602610074619,-0.07524176563463669,2.980631074621562,0.20659999999999998,True
1227,0.21,0.15,0.2,0.18,0.26,1.0355674046770469,0.26727740610397466,0.1701633709885803,-0.12781869745161856,2.0910665765870715,0.2066,True
1228,0.2,0.17,0.18,0.18,0.27,1.0331912424476175,0.26678421975635147,0.17312243258533228,-0.12711984151950073,2.0986827592561594,0.2066,True
1229,0.21,0.15,0.18,0.2,0.26,1.0281397793542273,0.26573448077101025,0.16870925510762858,-0.12351505112606687,2.15143400215886,0.2066,True
1230,0.22,0.14,0.2,0.19,0.25,1.027290107941425,0.2655577402748672,0.16592939605087503,-0.12395183120207898,2.142426922615833,0.2066,True
1231,0.23,0.16,0.2,0.16,0.25,1.0262256353947419,0.26533624919787613,0.1668756738772115,-0.12327206983556227,2.152444179381584,0.2066,True
1232,0.22,0.14,0.19,0.2,0.25,1.023546226631768,0.26477838519303853,0.16518914842866972,-0.12178797626927529,2.17409298769863,0.2066,True
1233,0.24,0.15,0.2,0.17,0.24,1.0176762443406062,0.26355450691036597,0.16272733379423301,-0.11935651451354301,2.2081283789538046,0.2066,True
1234,0.24,0.17,0.2,0.15,0.24,1.0116692031322234,0.26229959186508767,0.16299093596216896,-0.11880798301677098,2.2077606672950703,0.2066,True
1235,0.23,0.16,0.16,0.2,0.25,1.0112365445104174,0.2622091098948267,0.16399942938886874,-0.11644963053803237,2.2516955071762927,0.2066,True
1236,0.24,0.15,0.17,0.2,0.24,1.0063451484327723,0.2611852675044042,0.16053128581631784,-0.11422029351683183,2.2866800588803877,0.2066,True
1237,0.22,0.13,0.22,0.2,0.23,1.0046922770286248,0.2608389206148809,0.15781045808289057,-0.12051237150783822,2.1644161288280324,0.2066,True
1238,0.25,0.16,0.2,0.16,0.23,1.002874587483714,0.2604578174187604,0.15889563600724693,-0.1148433988748706,2.26793894965218,0.2066,True
1239,0.22,0.13,0.2,0.22,0.23,0.9971312007067523,0.2592521211166201,0.15625125775938753,-0.11613601132154261,2.232314664215872,0.2066,True
1240,0.24,0.17,0.15,0.2,0.24,0.992816095131765,0.2583447388738531,0.15939614913244643,-0.1111892435537869,2.3234688052255787,0.2066,True
1241,0.23,0.13,0.22,0.2,0.22,0.9927603829730287,0.2583330151354184,0.1537853208902042,-0.11628820401374373,2.2214894221333648,0.2066,True
1242,0.25,0.14,0.2,0.19,0.22,0.9919215247098698,0.2581564643214176,0.15390752219413506,-0.11128337443862535,2.3198116126842936,0.2066,True
1243,0.25,0.14,0.19,0.2,0.22,0.9880988020486285,0.2573512843756436,0.15314565701045157,-0.10930363971351675,2.354462166586196,0.2066,True
1244,0.25,0.16,0.16,0.2,0.23,0.9876744189888154,0.2572618329463736,0.15596774112254963,-0.10892424006485635,2.3618418893094244,0.2066,True
1245,0.23,0.13,0.2,0.22,0.22,0.985147432668136,0.2567289311301919,0.15220946342819056,-0.11187296452822892,2.2948254943705497,0.2066,True
1246,0.22,0.13,0.2,0.23,0.22,0.9802777475917832,0.25570071387005355,0.15145978477341507,-0.11202379068557577,2.282557234540874,0.2066,True
1247,0.25,0.14,0.22,0.19,0.2,0.9652268480509414,0.25251207141779,0.14606359750021367,-0.10739116454953512,2.351330041693668,0.2066,True
1248,0.23,0.13,0.22,0.22,0.2,0.9585359658477064,0.25108933035021486,0.14427826579346298,-0.1079919219513773,2.325075115000419,0.2066,True
1249,0.22,0.13,0.22,0.23,0.2,0.9537192872905811,0.25006311026692996,0.14348722041037856,-0.10814411506953459,2.3123136206361687,0.2066,True
1250,0.25,0.14,0.19,0.22,0.2,0.9536649631016214,0.2500515265823664,0.14367081515628136,-0.10116162211029656,2.471802264199907,0.2066,True
1251,0.26,0.15,0.18,0.21,0.2,0.9516576377809634,0.24962334885017246,0.14391332499889162,-0.0998072770976196,2.501053591573494,0.2066,True
1252,0.26,0.18,0.15,0.2,0.21,0.9486182781395618,0.248974471124203,0.14686586984763966,-0.09919201978406222,2.5100252184219283,0.2066,True
1253,0.25,0.14,0.22,0.2,0.19,0.9478083411306537,0.24880144252511016,0.14136458945411876,-0.10315775437840913,2.411853999966329,0.2066,True
1254,0.27,0.18,0.18,0.17,0.2,0.9476240605397439,0.24876206756423858,0.1452320662862029,-0.09939109513322653,2.5028607163528194,0.2066,True
1255,0.25,0.14,0.2,0.22,0.19,0.9400703019383487,0.24714592482662945,0.1397307979215394,-0.09861475584609036,2.5061759034556053,0.2066,True
1256,0.25,0.16,0.16,0.23,0.2,0.936225022059374,0.24632160715031315,0.1416781149648989,-0.09661020111817609,2.549643870930423,0.2066,True
1257,0.26,0.18,0.15,0.21,0.2,0.9312803245907479,0.24526000008646065,0.1421211195579307,-0.09500880728925487,2.5814448900486155,0.2066,True
1258,0.26,0.15,0.21,0.2,0.18,0.9281679424915681,0.2445908542623345,0.13689796255282036,-0.09611162100745496,2.5448624390942554,0.2066,True
1259,0.26,0.15,0.2,0.21,0.18,0.9242778678900658,0.24375349529953638,0.13608003113883765,-0.09421719440203202,2.587144489353201,0.2066,True
1260,0.27,0.17,0.2,0.18,0.18,0.9231785140549309,0.2435166490954761,0.1373151946925728,-0.09399677725381428,2.5906914706013975,0.2066,True
1261,0.27,0.18,0.2,0.17,0.18,0.9202613913399011,0.24288774255279044,0.13746005246911513,-0.09377136318918844,2.5902123451351797,0.2066,True
1262,0.25,0.19,0.14,0.22,0.2,0.9197675788941697,0.242781217810476,0.14066114471603852,-0.09316040764627065,2.606055769231007,0.2066,True
1263,0.27,0.17,0.18,0.2,0.18,0.9153925359599222,0.24183663886879025,0.13573336453821203,-0.09119379421991103,2.6518979820667252,0.2066,True
1264,0.24,0.15,0.24,0.2,0.17,0.9126304284032931,0.24123955431676336,0.13296700919235535,-0.09897295476931578,2.437429041893715,0.2066,True
1265,0.27,0.18,0.17,0.2,0.18,0.90859280931641,0.24036570721529138,0.13511028939932448,-0.0895527119320525,2.6840695499837817,0.2066,True
1266,0.27,0.2,0.17,0.18,0.18,0.9027925530079639,0.2391082192493732,0.13540493146843227,-0.08908456415892851,2.6840589220686955,0.2066,True
1267,0.27,0.18,0.18,0.2,0.17,0.8946763805152298,0.2373443462553555,0.13122318068069272,-0.08667105712684453,2.7384498830791704,0.2066,True
1268,0.26,0.2,0.15,0.21,0.18,0.8903441950960091,0.2364007774342769,0.13293837155918606,-0.08600775868064015,2.748598278349153,0.2066,True
1269,0.26,0.21,0.15,0.2,0.18,0.8874607424276235,0.23577194946035096,0.13308714322219756,-0.08576705404362717,2.7489803875089462,0.2066,True
1270,0.25,0.16,0.2,0.23,0.16,0.8809961328441536,0.2343598056721823,0.12591053008161407,-0.08521491738497122,2.750220417552323,0.2066,True
1271,0.23,0.16,0.2,0.25,0.16,0.8716929633571251,0.23232191010934855,0.12399323908574629,-0.08511051540122805,2.72964990300125,0.2066,True
1272,0.24,0.17,0.24,0.2,0.15,0.8710967632439361,0.2321910800884528,0.1239700871179162,-0.08953937009686364,2.5931730348032227,0.2066,True
1273,0.26,0.18,0.21,0.2,0.15,0.8657681579018188,0.23102053590165972,0.12344427653982755,-0.08203803386430786,2.81601746189787,0.2066,True
1274,0.26,0.18,0.2,0.21,0.15,0.8618471005855304,0.2301577659715286,0.12258642516076428,-0.08059343011644948,2.8557881906623597,0.2066,True
1275,0.26,0.2,0.18,0.21,0.15,0.848298831328625,0.22716731403490797,0.12122722954764183,-0.07717667604019829,2.9434710807781546,0.2066,True
1276,0.26,0.21,0.18,0.2,0.15,0.8454521486602222,0.22653712123261038,0.12138367882539201,-0.0769186171008226,2.945153329208615,0.2066,True
1277,0.25,0.19,0.22,0.2,0.14,0.8440760493445989,0.22623225077137454,0.11886660308737107,-0.07944005454062264,2.8478360454257734,0.2066,True
1278,0.25,0.2,0.22,0.19,0.14,0.8412299919106889,0.22560123411941824,0.11902244969793305,-0.07908510858964335,2.8526386084897153,0.2066,True
1279,0.25,0.19,0.2,0.22,0.14,0.836234793371105,0.22449214415354635,0.11709260852247999,-0.0756733849285004,2.9665931339751297,0.2066,True
1280,0.25,0.2,0.19,0.22,0.14,0.8294789512723777,0.22298893160490296,0.1163871647422594,-0.07399559800217637,3.0135432056153446,0.2066,True
1281,0.25,0.22,0.19,0.2,0.14,0.8238211588711433,0.22172719101673177,0.1167059465115892,-0.0736080268374395,3.0122691850768906,0.2066,True
1282,0.22,0.19,0.2,0.25,0.14,0.8225443883583843,0.2214420984549239,0.11402120634563509,-0.0751217079066755,2.9477777412891597,0.2066,True
1283,0.2,0.19,0.22,0.25,0.14,0.8211970456305555,0.2211411032440691,0.11394698612309688,-0.08023756279667782,2.756079516079535,0.2066,True
1284,0.22,0.2,0.19,0.25,0.14,0.8158275065057956,0.21994007574407948,0.11329257645904076,-0.07323261688144833,3.0033076122368616,0.2066,True
1285,0.23,0.2,0.22,0.22,0.13,0.8139036188709878,0.21950917549797788,0.11236362738040813,-0.07479247129609912,2.93491004768319,0.2066,True
1286,0.22,0.2,0.23,0.22,0.13,0.8132687013352093,0.21936690379108925,0.11228824495286611,-0.07736707558192935,2.835403847710212,0.2066,True
1287,0.22,0.2,0.22,0.23,0.13,0.8093685893523499,0.21849224099831877,0.11133841154400731,-0.07495325980922174,2.9150465443990865,0.2066,True
1288,0.23,0.22,0.2,0.22,0.13,0.8004639116456651,0.2164905017904779,0.11085018185542553,-0.0698944343585779,3.097392571772187,0.2066,True
1289,0.22,0.22,0.2,0.23,0.13,0.7959548376084333,0.21547436007274312,0.10980800993758982,-0.06965637258638968,3.0933904834838493,0.2066,True
1290,0.2,0.22,0.22,0.23,0.13,0.7947047455613969,0.21519234465154802,0.10968335030564826,-0.07454491090911097,2.886747626728291,0.2066,True
1291,0.22,0.23,0.2,0.22,0.13,0.7931543007673629,0.21484238892065521,0.10997052007320439,-0.06938299661659653,3.096470308249335,0.2066,True
1292,0.26,0.15,0.2,0.18,0.21,0.9766848863074069,0.25494101230732524,0.15015787685973195,-0.10666213879312647,2.3901734504104484,0.20660000000000003,True
1293,0.26,0.15,0.18,0.2,0.21,0.9689949063374159,0.2533118856393808,0.148633644411294,-0.10392338219626951,2.437486928215793,0.20660000000000003,True
1294,0.26,0.15,0.21,0.18,0.2,0.9632388154482288,0.25208967626727175,0.14625268091911328,-0.10468931222147804,2.407979104246642,0.20660000000000003,True
1295,0.27,0.17,0.18,0.18,0.2,0.9505649075028215,0.2493901377467982,0.14509066516377378,-0.09960590800151614,2.5037685289009377,0.20660000000000003,True
1296,0.27,0.18,0.17,0.18,0.2,0.9437639945222598,0.24793672139752365,0.14448467324761344,-0.09801075962895167,2.5296888049450943,0.20660000000000003,True
1297,0.24,0.15,0.17,0.24,0.2,0.938235307445312,0.24675269067335748,0.14142384792362245,-0.09798060629031269,2.518382974098353,0.20660000000000003,True
1298,0.27,0.18,0.2,0.18,0.17,0.9024837734254609,0.2390412046328152,0.13282827106047135,-0.0895099567971166,2.6705543515636627,0.20660000000000003,True
1299,0.24,0.15,0.2,0.24,0.17,0.8970916204203054,0.23786977159602518,0.1295144700440492,-0.08973491435974124,2.6508051330212594,0.20660000000000003,True
1300,0.25,0.16,0.23,0.2,0.16,0.8927107830659002,0.23691640904734368,0.12850581908096328,-0.0918122213538688,2.5804452343463584,0.20660000000000003,True
1301,0.23,0.16,0.25,0.2,0.16,0.8911192018506007,0.23656968308974924,0.1284486767584419,-0.09676501193030751,2.444785345142441,0.20660000000000003,True
1302,0.27,0.2,0.18,0.18,0.17,0.8889003434284606,0.2360859799535744,0.131522157320902,-0.08619175663690681,2.7390784126620726,0.20660000000000003,True
1303,0.24,0.2,0.15,0.24,0.17,0.8632951860043905,0.23047653643846333,0.12626688269635508,-0.08118393881297759,2.8389425274056883,0.20660000000000003,True
1304,0.25,0.2,0.16,0.23,0.16,0.8539240095589251,0.2284107042233967,0.12326614202165447,-0.07846115142695553,2.9111311785430365,0.20660000000000003,True
1305,0.21,0.21,0.21,0.24,0.13,0.7981403465282568,0.21596708727856861,0.10955730639534406,-0.07232360951625671,2.9861215268856856,0.20679999999999996,True
1306,0.21,0.13,0.21,0.21,0.24,1.0126307615154806,0.2625006362797975,0.16111355362815555,-0.1225211534210181,2.142492369279037,0.20679999999999998,True
1307,0.24,0.13,0.21,0.21,0.21,0.9767599968943834,0.254956903672072,0.1490198151894181,-0.10978958346678613,2.322232179241324,0.20679999999999998,True
1308,0.27,0.16,0.19,0.19,0.19,0.9398693400809981,0.24710287136176068,0.14103784514368434,-0.0970335070737226,2.5465726099544224,0.20679999999999998,True
1309,0.24,0.21,0.21,0.21,0.13,0.8117064925220878,0.21901670409165375,0.11265752119209498,-0.07200669723092235,3.041615745675388,0.20679999999999998,True
1310,0.23,0.15,0.2,0.17,0.25,1.0292414536982615,0.26596356701206636,0.16674658890692987,-0.12353816716728705,2.1528858093864742,0.2068,True
1311,0.23,0.15,0.17,0.2,0.25,1.0179901572787986,0.26362001710094063,0.1645703950195238,-0.11794056255888608,2.2351938245954934,0.2068,True
1312,0.25,0.15,0.2,0.17,0.23,1.0058682531231717,0.261085357177248,0.15876291185916322,-0.11512518749934475,2.2678387140844745,0.2068,True
1313,0.25,0.17,0.2,0.15,0.23,0.99988356972596,0.259830207846957,0.15903033876719583,-0.11456076992270892,2.268055705476294,0.2068,True
1314,0.25,0.15,0.17,0.2,0.23,0.9944583785809289,0.25869023320488305,0.15654701541934196,-0.11045562961977795,2.342028505883982,0.2068,True
1315,0.25,0.17,0.15,0.2,0.23,0.9808996138595512,0.25583211262312977,0.1554041407252053,-0.107383569752868,2.3824139317765325,0.2068,True
1316,0.25,0.15,0.23,0.17,0.2,0.9661149806151754,0.2527006799249194,0.1470243264256977,-0.10933869139051133,2.3111734438304183,0.2068,True
1317,0.25,0.15,0.17,0.23,0.2,0.9430114369280296,0.24777568482927514,0.14228212964053166,-0.0982072461126755,2.522987810339333,0.2068,True
1318,0.25,0.17,0.15,0.23,0.2,0.929447992563567,0.24486614543457574,0.14109130642638648,-0.09500330010760993,2.577448837642657,0.2068,True
1319,0.27,0.19,0.16,0.19,0.19,0.9194675043701619,0.24271647710072441,0.13919487788781712,-0.09217973015760395,2.6330786246145528,0.2068,True
1320,0.25,0.15,0.23,0.2,0.17,0.9134700528253232,0.24142111664036325,0.1330031481869696,-0.09651898298491124,2.5012811902307805,0.2068,True
1321,0.25,0.15,0.2,0.23,0.17,0.9017864915423859,0.23888984644779354,0.13045080325063715,-0.08974853430354224,2.661768777636349,0.2068,True
1322,0.23,0.15,0.2,0.25,0.17,0.8924025524741293,0.2368492761973875,0.12860315954172882,-0.0898909445438425,2.634851345697775,0.2068,True
1323,0.27,0.19,0.19,0.19,0.16,0.8777570089560927,0.23365102709511065,0.12754890434711016,-0.08351769804597409,2.797622929771035,0.2068,True
1324,0.25,0.17,0.23,0.2,0.15,0.8718351687105534,0.23235311151639837,0.12404337934721149,-0.08703223017789374,2.6697363843425475,0.2068,True
1325,0.23,0.17,0.25,0.2,0.15,0.8703444669911897,0.23202595669613824,0.12394948720741399,-0.09203856843014724,2.520964424519864,0.2068,True
1326,0.25,0.2,0.15,0.23,0.17,0.8679251803022254,0.23149464101524897,0.1272329008506355,-0.08141725059126892,2.8433119435265497,0.2068,True
1327,0.25,0.17,0.2,0.23,0.15,0.860090799186517,0.2297709252883533,0.12140352995108805,-0.08061042790122386,2.850387118275858,0.2068,True
1328,0.23,0.17,0.2,0.25,0.15,0.8508687552620005,0.2277356829668764,0.11941185011063142,-0.08025535602369627,2.8376384362388842,0.2068,True
1329,0.2,0.17,0.23,0.25,0.15,0.8486883149602604,0.22725348678734747,0.11934860249988534,-0.08782086012941714,2.5876937034373784,0.2068,True
1330,0.25,0.2,0.17,0.23,0.15,0.8398010226577655,0.2252841634265026,0.11936597796636743,-0.0754772453629966,2.9847957797483446,0.2068,True
1331,0.25,0.23,0.17,0.2,0.15,0.8312939449271597,0.2233931409140637,0.11983824646686946,-0.07469126616626609,2.9908870525341023,0.2068,True
1332,0.23,0.2,0.17,0.25,0.15,0.8306568997738684,0.22325129780581743,0.1173319840677722,-0.07500628802440457,2.976434425513483,0.2068,True
1333,0.22,0.15,0.19,0.18,0.26,1.0368397105839424,0.2675413228489856,0.17008283694514562,-0.12552216389858917,2.131426949149278,0.20699999999999996,True
1334,0.23,0.15,0.16,0.22,0.24,0.9976617025792929,0.25936358501586576,0.15908570849564752,-0.11267757641060805,2.301820763970993,0.20699999999999996,True
1335,0.24,0.16,0.18,0.17,0.25,1.023685444140634,0.26480738298122275,0.16612914289081168,-0.11928548601598754,2.21994638095142,0.207,True
1336,0.22,0.14,0.18,0.21,0.25,1.0198002777332382,0.26399763691787936,0.16446235023802477,-0.11961764640866213,2.207012467173589,0.207,True
1337,0.24,0.13,0.21,0.2,0.22,0.9938393939688008,0.2585600369936065,0.1537607326614666,-0.11393333646289261,2.2693975707260883,0.207,True
1338,0.24,0.13,0.2,0.21,0.22,0.9900231585272683,0.2577567404173784,0.15298247025963455,-0.11172213709106471,2.307123253534623,0.207,True
1339,0.25,0.14,0.18,0.21,0.22,0.9842741187589126,0.2565446577518422,0.15239810671365941,-0.10796529402982258,2.376177085952996,0.207,True
1340,0.25,0.14,0.22,0.18,0.21,0.982478952790037,0.2561656993268928,0.15076770769991954,-0.11157394869603376,2.295927520005385,0.207,True
1341,0.24,0.13,0.22,0.2,0.21,0.9805911054241201,0.2557669290174127,0.1498232282703847,-0.1120135608327445,2.2833568285478996,0.207,True
1342,0.24,0.16,0.15,0.22,0.23,0.9790088398604633,0.25543251154229374,0.15448212144589588,-0.10735955249727303,2.3792248160570697,0.207,True
1343,0.24,0.13,0.2,0.22,0.21,0.9729269617055234,0.25414542278542673,0.1482307012990337,-0.10755882208087686,2.3628505581283403,0.207,True
1344,0.25,0.14,0.18,0.22,0.21,0.9671248399869727,0.25291506997320234,0.14765093126648554,-0.10390448738749036,2.4341111373756914,0.207,True
1345,0.26,0.18,0.15,0.19,0.22,0.9657896166757518,0.252631590520344,0.15161093477967535,-0.10332466674322283,2.4450269087068155,0.207,True
1346,0.24,0.13,0.22,0.21,0.2,0.9633586116531887,0.25211513731078505,0.14509341739391943,-0.1078397275302424,2.3378688270524632,0.207,True
1347,0.24,0.16,0.15,0.23,0.22,0.9620467978156282,0.25183627278401954,0.1496901515361536,-0.10328862928749816,2.4381800254415933,0.207,True
1348,0.24,0.13,0.21,0.22,0.2,0.9595110777413711,0.2512968784797429,0.14427818086274471,-0.10559597749648175,2.3797959395575994,0.207,True
1349,0.27,0.16,0.19,0.18,0.2,0.9573752050577751,0.25084217785695584,0.14571324165386293,-0.10119128771291952,2.478891054026282,0.207,True
1350,0.22,0.13,0.21,0.24,0.2,0.9498894203672661,0.2492459313369655,0.14266547958499562,-0.10590085060380983,2.3535781810613594,0.207,True
1351,0.26,0.15,0.22,0.18,0.19,0.9496572538362356,0.24919635956046804,0.1423909112015396,-0.10269866193701527,2.426481074439892,0.207,True
1352,0.27,0.16,0.2,0.18,0.19,0.9437502427791311,0.24793377909396264,0.1418252261838437,-0.09841527141671735,2.519261243960226,0.207,True
1353,0.25,0.18,0.14,0.22,0.21,0.9399987318971301,0.24713059221683764,0.1453029443317774,-0.09758601437587144,2.5324386265532506,0.207,True
1354,0.26,0.15,0.18,0.22,0.19,0.9341555753406927,0.24587752530073437,0.1391977392097618,-0.09564096718540738,2.5708389671978313,0.207,True
1355,0.27,0.2,0.16,0.18,0.19,0.9165567021879084,0.24208812461129314,0.13934135153449223,-0.09195078819765434,2.6328009727432526,0.207,True
1356,0.25,0.16,0.24,0.18,0.17,0.9144457611208272,0.2416320393369895,0.13402495726934974,-0.0985025291437881,2.4530541645714448,0.207,True
1357,0.26,0.18,0.15,0.22,0.19,0.9137793368787583,0.241487983550855,0.13738032739452896,-0.09077409549449078,2.66031825748692,0.207,True
1358,0.24,0.16,0.25,0.18,0.17,0.9135951488670833,0.24144816315032647,0.1340073194695771,-0.10095333938657836,2.391680796469292,0.207,True
1359,0.25,0.16,0.18,0.24,0.17,0.8910995928842183,0.23656541006346732,0.128967336711948,-0.08668580748372567,2.7289981708698963,0.207,True
1360,0.24,0.16,0.18,0.25,0.17,0.88642665286505,0.2355462775166577,0.12802046402185666,-0.08645502013057049,2.72449508612593,0.207,True
1361,0.25,0.18,0.16,0.24,0.17,0.8775507161950455,0.23360585892478514,0.12769406550122273,-0.08334970889497595,2.802719553815576,0.207,True
1362,0.24,0.18,0.16,0.25,0.17,0.8729037323883835,0.23258751551146783,0.1267353674868178,-0.08311748551017406,2.798298265206757,0.207,True
1363,0.24,0.16,0.23,0.22,0.15,0.8700654036622826,0.2319646931258501,0.12290746351515086,-0.0875278714380685,2.650180900263064,0.207,True
1364,0.26,0.18,0.22,0.19,0.15,0.869687530415445,0.2318817278161147,0.12431876267523105,-0.0841734238961005,2.7548092626282856,0.207,True
1365,0.23,0.16,0.24,0.22,0.15,0.8693241400968419,0.2318019318115072,0.12286671798678488,-0.0900303209586808,2.5747096016451185,0.207,True
1366,0.24,0.16,0.22,0.23,0.15,0.8661568769904815,0.23110600182670837,0.1220055357663026,-0.0851752116474298,2.713301174798808,0.207,True
1367,0.22,0.16,0.24,0.23,0.15,0.8646817852295425,0.23078161703601152,0.1219342197391059,-0.09018754098616788,2.55890796569569,0.207,True
1368,0.23,0.16,0.22,0.24,0.15,0.8615267295206506,0.23008721960189948,0.12103540895675682,-0.08533295210388225,2.696346650726403,0.207,True
1369,0.22,0.16,0.23,0.24,0.15,0.860792887245567,0.22992559550514446,0.12100490524817152,-0.0878428310635424,2.617465679570646,0.207,True
1370,0.26,0.18,0.19,0.22,0.15,0.8579243618787091,0.22929341297454875,0.12174555434467514,-0.07914421227661594,2.897159582221227,0.207,True
1371,0.26,0.19,0.18,0.22,0.15,0.8511480964748264,0.22779743085226523,0.12107334143293146,-0.077433921795103,2.941829957354315,0.207,True
1372,0.25,0.18,0.22,0.21,0.14,0.8469246897875295,0.22686319024058443,0.1187133633087393,-0.07979388389675568,2.8431150253836486,0.207,True
1373,0.22,0.18,0.25,0.21,0.14,0.844850153882656,0.2264037698458421,0.11852734360811153,-0.08739670624176488,2.59052977602546,0.207,True
1374,0.25,0.18,0.21,0.22,0.14,0.8430004489202283,0.22599384925771582,0.11781794845955437,-0.0774028446402939,2.919709867356339,0.207,True
1375,0.26,0.22,0.18,0.19,0.15,0.8426080473749216,0.2259068523014418,0.12154269071305404,-0.07671162107127083,2.9448843492898873,0.207,True
1376,0.22,0.18,0.19,0.26,0.15,0.839532247413558,0.225224507162469,0.1177353215275199,-0.07820820336553092,2.879806688689812,0.207,True
1377,0.22,0.19,0.18,0.26,0.15,0.8328079293700772,0.2237301094944677,0.11703490844393938,-0.07649496928627064,2.924768930322623,0.207,True
1378,0.22,0.18,0.21,0.25,0.14,0.8292710616307972,0.2229426163473922,0.1147699961903224,-0.07788139396246552,2.8625914997725657,0.207,True
1379,0.21,0.18,0.22,0.25,0.14,0.8285941691949974,0.22279178870994665,0.11472878865505075,-0.08043088351479166,2.769978134940841,0.207,True
1380,0.24,0.22,0.16,0.23,0.15,0.8256680552943563,0.22213935272861862,0.11784593029712612,-0.07324294560230327,3.0329112367325792,0.207,True
1381,0.24,0.23,0.16,0.22,0.15,0.8228433358390099,0.2215088629534876,0.11800435787962743,-0.07297697589237795,3.035325323430167,0.207,True
1382,0.25,0.22,0.18,0.21,0.14,0.8199097509006761,0.22085338398072452,0.11586269319795028,-0.07228144689551186,3.055464347579875,0.207,True
1383,0.24,0.2,0.21,0.22,0.13,0.814524527410063,0.21964827597367842,0.11249752823603229,-0.07225432903065121,3.0399324015658746,0.207,True
1384,0.21,0.2,0.24,0.22,0.13,0.8126198119540287,0.2192214669632082,0.11227172570582733,-0.07993336974128185,2.7425525493640057,0.207,True
1385,0.24,0.21,0.2,0.22,0.13,0.8077896033132723,0.21813777051979755,0.11175681511293828,-0.07067564812680549,3.086462965693885,0.207,True
1386,0.22,0.2,0.21,0.24,0.13,0.8054668884930145,0.2176159631604242,0.11040601333401098,-0.0725316369050023,3.000290251899938,0.207,True
1387,0.21,0.2,0.22,0.24,0.13,0.8048391815831553,0.21747486942614835,0.11034125272361676,-0.07511404686941314,2.895262317635895,0.207,True
1388,0.22,0.21,0.2,0.24,0.13,0.798757937710872,0.2161062520374457,0.10964833360357167,-0.06992887619205745,3.09037215818994,0.207,True
1389,0.2,0.21,0.22,0.24,0.13,0.7975087870988868,0.2158247420262105,0.10952682554455354,-0.07491045211352232,2.8811031830263283,0.207,True
1390,0.21,0.22,0.2,0.24,0.13,0.7914513606197655,0.21445778042084207,0.10879400661943629,-0.06951518473995966,3.0850494208291237,0.207,True
1391,0.2,0.22,0.21,0.24,0.13,0.7908298986616744,0.21431736272189728,0.10873727422263448,-0.07211492020850852,2.9718865680255018,0.207,True
1392,0.21,0.24,0.2,0.22,0.13,0.7858607566473561,0.21319342792631213,0.10911874417478933,-0.06886992366091615,3.0955955313088275,0.207,True
1393,0.2,0.16,0.19,0.18,0.27,1.0398966934848026,0.26817498940352946,0.17371134250213313,-0.12951830327590763,2.0705566906033894,0.20700000000000002,True
1394,0.22,0.15,0.18,0.19,0.26,1.033116217420853,0.26676864161693015,0.16936396140224194,-0.12336691085700047,2.1624002721941573,0.20700000000000002,True
1395,0.22,0.14,0.21,0.18,0.25,1.031031918250104,0.2663357060049707,0.16668292383028457,-0.12610924013970826,2.1119444198530943,0.20700000000000002,True
1396,0.24,0.17,0.18,0.16,0.25,1.0206764586879227,0.2641803411127166,0.1662606327659261,-0.11910641622938223,2.2180193937154686,0.20700000000000002,True
1397,0.23,0.15,0.22,0.16,0.24,1.0202655019511604,0.2640946536126285,0.16353059556103386,-0.12385940865966416,2.1322130992753006,0.20700000000000002,True
1398,0.24,0.16,0.17,0.18,0.25,1.019928456865264,0.26402436856032585,0.16541866540598152,-0.11797987156353318,2.237876385703187,0.20700000000000002,True
1399,0.22,0.13,0.21,0.2,0.24,1.0175727965594263,0.26353291700324033,0.1617963383777471,-0.12237236940199603,2.15353284643471,0.20700000000000002,True
1400,0.24,0.18,0.17,0.16,0.25,1.013921530448326,0.2627704119895129,0.16568263218791185,-0.11761679050216689,2.234123298787615,0.20700000000000002,True
1401,0.22,0.13,0.2,0.21,0.24,1.0138088235457294,0.262746860404498,0.16103374760573788,-0.12019984881824552,2.185916729411184,0.20700000000000002,True
1402,0.24,0.17,0.16,0.18,0.25,1.013168814308937,0.2626131054157901,0.16485245237117327,-0.11648684062730763,2.254444399054519,0.20700000000000002,True
1403,0.25,0.16,0.18,0.17,0.24,1.0120495201926527,0.26237911692095506,0.16214022854413895,-0.11557327105082615,2.270240467673252,0.20700000000000002,True
1404,0.25,0.17,0.18,0.16,0.24,1.0090515723191782,0.2617519679226872,0.16227352948508894,-0.1153876185863486,2.2684580124756537,0.20700000000000002,True
1405,0.21,0.13,0.2,0.22,0.24,1.008875483820951,0.26171511208761955,0.1603489439234882,-0.12034886486364926,2.1746371466331063,0.20700000000000002,True
1406,0.24,0.15,0.22,0.16,0.23,1.008538829820122,0.2616446434295834,0.1595382380556204,-0.11966751781747609,2.186429936891138,0.20700000000000002,True
1407,0.25,0.16,0.17,0.18,0.24,1.0082659539935457,0.2615875190861483,0.1614236978362071,-0.11425428915185665,2.289520341231736,0.20700000000000002,True
1408,0.25,0.18,0.17,0.16,0.24,1.0022811513951528,0.2603333455854091,0.16169135405926646,-0.11387793383328293,2.286073665215393,0.20700000000000002,True
1409,0.25,0.17,0.16,0.18,0.24,1.0014908600643397,0.26016754562998967,0.16085356028770806,-0.11274115799308881,2.307653657823333,0.20700000000000002,True
1410,0.25,0.18,0.16,0.17,0.24,0.998504005762131,0.2595405210397499,0.16098792771302486,-0.11255043478001325,2.3059930558867925,0.20700000000000002,True
1411,0.25,0.14,0.21,0.18,0.22,0.9957422833305234,0.25896020176046775,0.15468349958676222,-0.11349854530687975,2.2816169234617565,0.20700000000000002,True
1412,0.26,0.15,0.19,0.18,0.22,0.9899930120721925,0.25775039066722183,0.1541003433488862,-0.10933050254963017,2.3575341250280726,0.20700000000000002,True
1413,0.26,0.15,0.18,0.19,0.22,0.9861638001605841,0.25694332144992704,0.1533550847665059,-0.10799018451262321,2.3793210707950254,0.20700000000000002,True
1414,0.26,0.19,0.15,0.18,0.22,0.9628366071267584,0.25200418481619713,0.1517497563513222,-0.10311677421943621,2.443871879466702,0.20700000000000002,True
1415,0.27,0.16,0.18,0.19,0.2,0.9535083784280047,0.25001813643366444,0.14495141457403618,-0.09982006759257711,2.5046881099513145,0.20700000000000002,True
1416,0.27,0.18,0.16,0.19,0.2,0.9399020560962696,0.24710988054527983,0.1437527104077171,-0.09662612936362003,2.5573815506503905,0.20700000000000002,True
1417,0.27,0.16,0.18,0.2,0.19,0.9359865925903592,0.24627045878862486,0.14026583419966976,-0.09564744379473944,2.5747730312283537,0.20700000000000002,True
1418,0.25,0.16,0.24,0.17,0.18,0.9321231739832998,0.24544108455208624,0.13866960718809052,-0.10281561237553427,2.3871966414556973,0.20700000000000002,True
1419,0.26,0.15,0.22,0.19,0.18,0.9320562062699163,0.2454266986023863,0.13773121708141983,-0.09840433830461326,2.494063806848245,0.20700000000000002,True
1420,0.25,0.14,0.22,0.21,0.18,0.9302270128786427,0.245033624136612,0.13667490950970831,-0.09887279346389521,2.478271479465071,0.20700000000000002,True
1421,0.25,0.14,0.21,0.22,0.18,0.9263433108387511,0.24419823312233202,0.13583778196729773,-0.09658431551340119,2.5283425349579582,0.20700000000000002,True
1422,0.27,0.16,0.2,0.19,0.18,0.9260982503115662,0.2441454825295546,0.1371726004656348,-0.09422149954125192,2.591186552095397,0.20700000000000002,True
1423,0.27,0.18,0.16,0.2,0.19,0.922380916816494,0.24334475721107185,0.13905064886815055,-0.09240796726951617,2.633374203561203,0.20700000000000002,True
1424,0.27,0.16,0.19,0.2,0.18,0.9222018011178192,0.24330614906630577,0.13637413050566205,-0.09282470321757585,2.621135760552985,0.20700000000000002,True
1425,0.26,0.15,0.19,0.22,0.18,0.9203859858775294,0.2429146170801033,0.13527769317697644,-0.09282254083227182,2.6169787521658603,0.20700000000000002,True
1426,0.25,0.16,0.17,0.24,0.18,0.9049855778771525,0.23958396424844874,0.13291584137614615,-0.08955848426724067,2.675167698612843,0.20700000000000002,True
1427,0.27,0.19,0.16,0.2,0.18,0.9018026247728854,0.2388933488878917,0.13450522510840382,-0.08790136086770728,2.7177434630099686,0.20700000000000002,True
1428,0.24,0.16,0.17,0.25,0.18,0.9002853510733586,0.23856386997618362,0.1319971815151492,-0.08932874303526506,2.670628309210662,0.20700000000000002,True
1429,0.27,0.2,0.16,0.19,0.18,0.8989081619528154,0.23826465880993353,0.13465340029429082,-0.08766435149378071,2.71791959616375,0.20700000000000002,True
1430,0.25,0.17,0.16,0.24,0.18,0.89820742364241,0.23811235930767172,0.13229580439680869,-0.08791227326938611,2.708522376369832,0.20700000000000002,True
1431,0.26,0.19,0.15,0.22,0.18,0.8932302458729322,0.23702953193726262,0.13279195076167233,-0.0862477153397545,2.7482412838825385,0.20700000000000002,True
1432,0.24,0.15,0.23,0.22,0.16,0.8909197751327389,0.23652622426565562,0.12740995781097506,-0.09229664246411584,2.562674198659123,0.20700000000000002,True
1433,0.23,0.15,0.24,0.22,0.16,0.8901280753400924,0.23635366787149237,0.12738754385049977,-0.09477234062413387,2.4939097875493927,0.20700000000000002,True
1434,0.24,0.15,0.22,0.23,0.16,0.8870211903030392,0.2356760349797431,0.1265239691624337,-0.08996964101540494,2.6195062280996515,0.20700000000000002,True
1435,0.22,0.15,0.24,0.23,0.16,0.8854453172121626,0.23533204190073054,0.1264892905803598,-0.09492833003978463,2.4790496346254325,0.20700000000000002,True
1436,0.26,0.22,0.15,0.19,0.18,0.884579886773124,0.23514304787803253,0.1332382679848781,-0.08552559792593029,2.7493879444336526,0.20700000000000002,True
1437,0.27,0.18,0.2,0.19,0.16,0.8845515748209887,0.2351368640932332,0.1282209308656696,-0.085195524679335,2.759967321972112,0.20700000000000002,True
1438,0.23,0.15,0.22,0.24,0.16,0.8823505366611537,0.23465593231847626,0.12558969394837924,-0.09012614273718311,2.6036389131037874,0.20700000000000002,True
1439,0.27,0.19,0.2,0.18,0.16,0.881670096887297,0.23450717883291317,0.1283718298966755,-0.08495321283062862,2.760427428453478,0.20700000000000002,True
1440,0.22,0.15,0.23,0.24,0.16,0.8815663492833441,0.23448449503000068,0.12557749570220816,-0.09260913276308669,2.5319802489659473,0.20700000000000002,True
1441,0.27,0.18,0.19,0.2,0.16,0.8806340847545537,0.23428062345313294,0.12739825908888194,-0.08376263502229797,2.7969586127605277,0.20700000000000002,True
1442,0.27,0.2,0.19,0.18,0.16,0.8748825277909478,0.23302135588795303,0.12770198417023215,-0.08327199407619668,2.79831603017373,0.20700000000000002,True
1443,0.27,0.2,0.18,0.19,0.16,0.8709721236456693,0.23216372569000265,0.1268955693018775,-0.08182925826869591,2.8371725541940753,0.20700000000000002,True
1444,0.25,0.17,0.18,0.24,0.16,0.8703079398452946,0.23201793813405946,0.12440503785678055,-0.08210685768231407,2.8258046244051602,0.20700000000000002,True
1445,0.24,0.17,0.18,0.25,0.16,0.8656754412259371,0.23100014894784793,0.12342213029465168,-0.08187429227685061,2.821400253045749,0.20700000000000002,True
1446,0.25,0.18,0.17,0.24,0.16,0.8635377567473284,0.23052991795606714,0.12375110206902941,-0.08041657692638426,2.866696479347798,0.20700000000000002,True
1447,0.24,0.18,0.17,0.25,0.16,0.858918245059459,0.22951252443981796,0.1227617447818066,-0.08018328464396485,2.8623487483571513,0.20700000000000002,True
1448,0.25,0.21,0.18,0.22,0.14,0.8227329262096441,0.2214842058152684,0.11570207499455422,-0.07247781473303494,3.055889676462848,0.20700000000000002,True
1449,0.24,0.2,0.22,0.21,0.13,0.8184442718143763,0.2205256740694841,0.1134159223341929,-0.07463168133002196,2.9548533563690946,0.20700000000000002,True
1450,0.22,0.2,0.24,0.21,0.13,0.8171672210295207,0.22023995681629804,0.11325508035945585,-0.07977312191677399,2.7608291053980665,0.20700000000000002,True
1451,0.22,0.21,0.18,0.25,0.14,0.8091204196586459,0.2184365424346999,0.11258459430586264,-0.07148709204759218,3.0556081689443575,0.20700000000000002,True
1452,0.24,0.22,0.2,0.21,0.13,0.804978584406763,0.2175062067245801,0.11191951602513812,-0.07047592425098137,3.0862483754024885,0.20700000000000002,True
1453,0.21,0.22,0.18,0.25,0.14,0.8017868756216102,0.21678831615204697,0.1117546283932947,-0.07098059742607865,3.054191201726879,0.20700000000000002,True
1454,0.22,0.24,0.2,0.21,0.13,0.7903563260930044,0.21421033842895687,0.11013586430962649,-0.06910874408692458,3.099612664925937,0.20700000000000002,True
1455,0.27,0.19,0.18,0.16,0.2,0.9446858364441326,0.24813392575415705,0.1453756205739854,-0.09917562599398377,2.501964805033945,0.20700000000000005,True
1456,0.27,0.19,0.16,0.18,0.2,0.9369724697016799,0.24648192388580736,0.1438955416227693,-0.0964057520286149,2.55671387546095,0.20700000000000005,True
1457,0.27,0.19,0.18,0.2,0.16,0.8738422022528807,0.23279330812316257,0.12674272464577405,-0.08207761236249134,2.836258285572971,0.20700000000000005,True
1458,0.26,0.2,0.2,0.2,0.14,0.8379683878302646,0.22487728389396833,0.11832489078911684,-0.07620635148721167,2.9508994920417546,0.20720000000000002,True
1459,0.2,0.14,0.2,0.2,0.26,1.0336007199223887,0.26686923659369066,0.16941157965665324,-0.12822368860068045,2.081278736449284,0.20720000000000005,True
1460,0.26,0.14,0.2,0.2,0.2,0.9623335557138344,0.2518972422048731,0.14532373923566524,-0.10274979002543805,2.4515596785405616,0.20720000000000005,True
1461,0.2,0.2,0.2,0.26,0.14,0.8106284206722956,0.21877491574479513,0.11225897134346803,-0.07507936582631813,2.91391533928096,0.20720000000000005,True
1462,0.22,0.13,0.22,0.19,0.24,1.0213347321224315,0.26431757175332904,0.16257233706981394,-0.12453839939233768,2.1223781021999497,0.20739999999999997,True
1463,0.24,0.16,0.21,0.15,0.24,1.0184401477258733,0.2637139133267603,0.16361790226657769,-0.12126650405544259,2.174664103503728,0.20739999999999997,True
1464,0.22,0.13,0.19,0.22,0.24,1.0100428164934803,0.2619593980357573,0.16028474606091606,-0.11802080842333096,2.219603488023319,0.20739999999999997,True
1465,0.25,0.16,0.16,0.19,0.24,1.004480360065359,0.2607945012251891,0.16072115354113586,-0.11293131323005712,2.309319654274397,0.20739999999999997,True
1466,0.24,0.15,0.16,0.21,0.24,1.0025640590737566,0.26039268787763814,0.15982710577227577,-0.11289923877969088,2.3064166835151365,0.20739999999999997,True
1467,0.27,0.16,0.21,0.18,0.18,0.9299928907853232,0.24498329582953682,0.13798660313589348,-0.09563747397956035,2.561582668754872,0.20739999999999997,True
1468,0.27,0.21,0.16,0.18,0.18,0.8960163009924178,0.2376358954661777,0.13480389520291156,-0.08742660449475781,2.718118779054568,0.20739999999999997,True
1469,0.24,0.16,0.24,0.21,0.15,0.8739722413251076,0.2328218183542936,0.12382543767344407,-0.08987309954142264,2.5905617981605906,0.20739999999999997,True
1470,0.24,0.21,0.15,0.24,0.16,0.8425906160103951,0.22590298741325454,0.12165049739850203,-0.07651070968267148,2.95256688050847,0.20739999999999997,True
1471,0.24,0.16,0.19,0.16,0.25,1.0274403646213353,0.26558899882221065,0.16685315034073286,-0.12095179077951879,2.195825271461659,0.2074,True
1472,0.24,0.16,0.16,0.19,0.25,1.0161694062073607,0.26323995166623804,0.1647218835853011,-0.11667032694715918,2.2562716549638306,0.2074,True
1473,0.24,0.14,0.22,0.17,0.23,1.011539440766422,0.26227245600201177,0.15940802058092957,-0.1199409006906742,2.186680727689452,0.2074,True
1474,0.26,0.16,0.18,0.17,0.23,1.0001713935776042,0.25989062954419073,0.15820791372053553,-0.1118167582665317,2.3242547322352447,0.2074,True
1475,0.24,0.14,0.23,0.17,0.22,0.9984739407130143,0.2595342063664432,0.15548807679167334,-0.11805913976737625,2.1983406526409515,0.2074,True
1476,0.24,0.13,0.22,0.19,0.22,0.9976536632665614,0.2593618960208659,0.15455295110380154,-0.11613785121495734,2.23322451128201,0.2074,True
1477,0.24,0.13,0.19,0.22,0.22,0.9862049603541068,0.25695200214919156,0.15221836861477475,-0.10950422264924409,2.3465031387167725,0.2074,True
1478,0.27,0.16,0.18,0.18,0.21,0.9708653232796765,0.25370852442677494,0.14964369812353684,-0.10394233428269684,2.4408584449984736,0.2074,True
1479,0.26,0.14,0.21,0.19,0.2,0.9661963766858939,0.2527179627811804,0.14611796677871786,-0.10499065973278732,2.4070518598928246,0.2074,True
1480,0.27,0.18,0.18,0.16,0.21,0.9649490706032247,0.25245306946977086,0.14992223446826408,-0.10352845673484246,2.4384896426723985,0.2074,True
1481,0.27,0.18,0.16,0.18,0.21,0.9572595275371645,0.25081754211576746,0.14846100664115866,-0.10079307252006975,2.4884402850783727,0.2074,True
1482,0.26,0.14,0.21,0.2,0.19,0.9487260963919026,0.24899750095447892,0.14143424445947964,-0.10073614666070496,2.471779090311458,0.2074,True
1483,0.24,0.13,0.22,0.22,0.19,0.9459597628032232,0.2484063469605018,0.1403669061270913,-0.1036154532139204,2.3973870620210653,0.2074,True
1484,0.24,0.16,0.15,0.24,0.21,0.9449146541130276,0.24818286575015747,0.14489194943535685,-0.09916834941805563,2.5026418933717847,0.2074,True
1485,0.22,0.13,0.22,0.24,0.19,0.9363916853905674,0.24635735760442956,0.13870893875968987,-0.10392171639143921,2.3706051647230475,0.2074,True
1486,0.25,0.16,0.16,0.24,0.19,0.918743301347843,0.24256020338841267,0.13691472950908032,-0.09240492483640483,2.6249705177277636,0.2074,True
1487,0.26,0.16,0.23,0.18,0.17,0.9152825916882028,0.24181288319974126,0.1340910195746645,-0.09604403856796428,2.5177292292704414,0.2074,True
1488,0.24,0.14,0.23,0.22,0.17,0.9116578229883843,0.24102916943032593,0.13194475230393918,-0.09699246807737816,2.4850297575481726,0.2074,True
1489,0.23,0.14,0.24,0.22,0.17,0.9108154084136559,0.2408468885213837,0.1319391983206854,-0.09944193720927297,2.4219850827576668,0.2074,True
1490,0.24,0.14,0.22,0.23,0.17,0.9077696365463093,0.24018739972465153,0.1310740683923883,-0.09469061806989987,2.536549075509752,0.2074,True
1491,0.22,0.14,0.24,0.23,0.17,0.9060924250157649,0.23982394006143082,0.131073050139603,-0.09959671512288082,2.407950300022846,0.2074,True
1492,0.23,0.14,0.22,0.24,0.17,0.9030586547229917,0.23916596564640225,0.13017338732015515,-0.09484590035544771,2.521626815182267,0.2074,True
1493,0.25,0.16,0.24,0.19,0.16,0.8966122063731103,0.23776551256872835,0.12940253233433083,-0.09413628030414023,2.525758525836623,0.2074,True
1494,0.24,0.16,0.25,0.19,0.16,0.8958126452468753,0.23759159148852782,0.12936915445939098,-0.09660903393027742,2.459310292451504,0.2074,True
1495,0.26,0.16,0.18,0.23,0.17,0.8957783151557568,0.2375841228888318,0.1299386487186327,-0.08691659687102515,2.7334724487819164,0.2074,True
1496,0.24,0.15,0.24,0.21,0.16,0.894816628946628,0.23737486892410264,0.1283115888607663,-0.09461634984020273,2.5088144842303084,0.2074,True
1497,0.23,0.16,0.18,0.26,0.17,0.8817594934229436,0.234526724190381,0.1270987715008856,-0.08622423481153607,2.7199629512862122,0.2074,True
1498,0.27,0.18,0.18,0.21,0.16,0.8767148733939101,0.23342281577193025,0.12659232920769445,-0.0823251899578108,2.8353753679955367,0.2074,True
1499,0.24,0.16,0.19,0.25,0.16,0.8724423078162178,0.23248630668920933,0.1241017529572716,-0.08355468702625435,2.782444827016802,0.2074,True
1500,0.24,0.16,0.21,0.24,0.15,0.8622466647218292,0.23024573947793847,0.12112000600089813,-0.0828150847885396,2.780239132349486,0.2074,True
1501,0.25,0.19,0.16,0.24,0.16,0.8567772550023225,0.2290404246434692,0.1231167031213356,-0.07871558698407322,2.9097213578526917,0.2074,True
1502,0.26,0.21,0.19,0.2,0.14,0.831206551618791,0.22337368405459945,0.11762973653073451,-0.07469837883401986,2.9903417924361757,0.2074,True
1503,0.24,0.21,0.16,0.24,0.15,0.8284953475359065,0.22276976579411878,0.11769014994264938,-0.0735080718467358,3.030548349283237,0.2074,True
1504,0.24,0.19,0.22,0.22,0.13,0.8212693254552641,0.2211572542630562,0.11325858956319546,-0.07499593254695092,2.948923318269315,0.2074,True
1505,0.22,0.19,0.24,0.22,0.13,0.8199931993998533,0.2208720394089121,0.11310066242407418,-0.08012807456427473,2.7564875433483627,0.2074,True
1506,0.22,0.19,0.22,0.24,0.13,0.8121856985365177,0.2191241489048632,0.11118420936903856,-0.07531699792987279,2.909358510397459,0.2074,True
1507,0.24,0.22,0.17,0.23,0.14,0.8114665755353945,0.21896290416811204,0.11396465684490022,-0.07020574293993487,3.1188745393015447,0.2074,True
1508,0.24,0.23,0.17,0.22,0.14,0.808654372317906,0.21833193020817832,0.11412644289964283,-0.06993365410359675,3.1219865886708944,0.2074,True
1509,0.23,0.24,0.17,0.22,0.14,0.8013281335837283,0.21668506457653458,0.11324101161720898,-0.06942222916223184,3.1212634222702107,0.2074,True
1510,0.24,0.22,0.19,0.22,0.13,0.8010645567504693,0.21662573196868085,0.11103695726710797,-0.06913867122810968,3.13320646927052,0.2074,True
1511,0.22,0.22,0.19,0.24,0.13,0.7920588497756971,0.21459500961439693,0.10891170003125972,-0.06816157769996212,3.1483280882818563,0.2074,True
1512,0.22,0.24,0.19,0.22,0.13,0.7864692104054563,0.21333116167949373,0.1092395329846394,-0.0676082542322547,3.155401128191197,0.2074,True
1513,0.21,0.16,0.18,0.18,0.27,1.041213255266905,0.2684476977970567,0.17361430281953666,-0.12723092466925268,2.109924914048284,0.20740000000000003,True
1514,0.21,0.14,0.2,0.19,0.26,1.0385924200519727,0.26790471064086274,0.17003924448421737,-0.1280762239286326,2.091759910021599,0.20740000000000003,True
1515,0.23,0.16,0.18,0.17,0.26,1.03507638342113,0.26717552325168104,0.17016867322765145,-0.12295418212700626,2.1729681628535453,0.20740000000000003,True
1516,0.21,0.14,0.19,0.2,0.26,1.0348754997621468,0.2671338368284264,0.16930610204478688,-0.12593112215731428,2.1212694070550757,0.20740000000000003,True
1517,0.23,0.17,0.18,0.16,0.26,1.0320565711943526,0.26654857653382513,0.17029849048162204,-0.12278155379450895,2.1709171149595416,0.20740000000000003,True
1518,0.23,0.16,0.17,0.18,0.26,1.031346315354162,0.2664010292726209,0.16946424230700607,-0.12166171316044117,2.189686651225312,0.20740000000000003,True
1519,0.2,0.14,0.19,0.21,0.26,1.0298924204561186,0.26609889247601837,0.16867689672553948,-0.12607881475871086,2.110575777423649,0.20740000000000003,True
1520,0.23,0.17,0.16,0.18,0.26,1.0246026752605126,0.2649984009512083,0.16890210117485663,-0.12018841575225303,2.2048580912943825,0.20740000000000003,True
1521,0.23,0.14,0.22,0.17,0.24,1.0232772279822973,0.26472235136120337,0.16340220215644324,-0.12412501725031555,2.1327074688525807,0.20740000000000003,True
1522,0.24,0.15,0.21,0.16,0.24,1.0214492075464108,0.2643414334690448,0.1634865932263842,-0.12153673040832247,2.174992140902151,0.20740000000000003,True
1523,0.25,0.16,0.19,0.16,0.24,1.0158310552505538,0.26316929873085315,0.16287056996869703,-0.11688827698644899,2.251460159356808,0.20740000000000003,True
1524,0.23,0.14,0.17,0.22,0.24,1.004424734818676,0.2607828412362383,0.15966593585659156,-0.11418639895442051,2.283834533921455,0.20740000000000003,True
1525,0.26,0.17,0.18,0.16,0.23,0.9971846940885527,0.25926336152115326,0.15834317276980603,-0.11162437820378235,2.322641036779977,0.20740000000000003,True
1526,0.26,0.16,0.17,0.18,0.23,0.9963615887394197,0.25909038262880624,0.15748537034419205,-0.11048418179674868,2.3450450409764514,0.20740000000000003,True
1527,0.24,0.14,0.17,0.22,0.23,0.992555545350172,0.2582899084340091,0.1556356939522263,-0.11042716283718923,2.33900701419654,0.20740000000000003,True
1528,0.26,0.18,0.17,0.16,0.23,0.9903993315699064,0.2578359683817031,0.15775701582548754,-0.1100942595164277,2.3419565153915234,0.20740000000000003,True
1529,0.26,0.17,0.16,0.18,0.23,0.9895715945271553,0.2576616207417206,0.15691151241458995,-0.10895057475498815,2.3649404449784597,0.20740000000000003,True
1530,0.26,0.18,0.16,0.17,0.23,0.9865960372694258,0.2570344744249151,0.15704791142093064,-0.10875301165454243,2.363469944550995,0.20740000000000003,True
1531,0.26,0.14,0.2,0.19,0.21,0.9796540546674131,0.25556890151297096,0.15002443854349387,-0.10695917559694978,2.389406052230821,0.20740000000000003,True
1532,0.26,0.14,0.19,0.2,0.21,0.9758057321249511,0.254754977164404,0.14925544191444776,-0.1054813607170485,2.4151658210759983,0.20740000000000003,True
1533,0.26,0.14,0.19,0.21,0.2,0.9584688458392914,0.2510750416276577,0.14454429657704118,-0.10138723592572252,2.4763969481483668,0.20740000000000003,True
1534,0.26,0.14,0.2,0.21,0.19,0.9448472624530213,0.248168452281456,0.1406286412153784,-0.09862055989355367,2.5163967082453924,0.20740000000000003,True
1535,0.26,0.19,0.14,0.2,0.21,0.9418446970805772,0.24752593694316327,0.14631001904895974,-0.09759546179853007,2.5362443333086557,0.20740000000000003,True
1536,0.26,0.16,0.23,0.17,0.18,0.9330113205500514,0.2456318440409535,0.13871947818683342,-0.10037882995570269,2.4470482884623297,0.20740000000000003,True
1537,0.26,0.19,0.14,0.21,0.2,0.9245066691409707,0.2438027771924074,0.14155822092061457,-0.09338948351038534,2.61060205098249,0.20740000000000003,True
1538,0.27,0.16,0.18,0.21,0.18,0.918303546616192,0.24246529077319856,0.1355914605113225,-0.09142353448410179,2.652110226774949,0.20740000000000003,True
1539,0.26,0.16,0.17,0.23,0.18,0.9096916237005412,0.2406036415622197,0.13385863005299395,-0.08978822751485183,2.679679154178888,0.20740000000000003,True
1540,0.27,0.18,0.16,0.21,0.18,0.9046996905472924,0.23952196583652685,0.1343593673658838,-0.08813763604401226,2.717590085090546,0.20740000000000003,True
1541,0.26,0.17,0.16,0.23,0.18,0.9029004878343363,0.239131642698726,0.1332440740178687,-0.08814272583508242,2.7130048501806963,0.20740000000000003,True
1542,0.27,0.18,0.21,0.18,0.16,0.8884673401810927,0.23599154263423516,0.129060030258922,-0.08662388054947368,2.7243242987648517,0.20740000000000003,True
1543,0.24,0.15,0.21,0.24,0.16,0.8831208778696624,0.23482429622916134,0.12565394629513388,-0.08763531103674005,2.679562535365614,0.20740000000000003,True
1544,0.26,0.18,0.16,0.23,0.17,0.882203457553195,0.23462378184183263,0.12867729276915335,-0.0835819343394485,2.8071111741559243,0.20740000000000003,True
1545,0.25,0.16,0.19,0.24,0.16,0.8770878007105882,0.23350449070380508,0.12507812055428041,-0.0837865300697267,2.786897732958793,0.20740000000000003,True
1546,0.26,0.17,0.18,0.23,0.16,0.8749461715993627,0.2330353043862048,0.1254127160360117,-0.08233942515356985,2.8301789082395783,0.20740000000000003,True
1547,0.26,0.18,0.17,0.23,0.16,0.8681629892194733,0.23154688814346458,0.12476527039367066,-0.08064987128759493,2.871013734389923,0.20740000000000003,True
1548,0.23,0.17,0.18,0.26,0.16,0.86104867406598,0.22998193575067694,0.12246479008056627,-0.08164172893715083,2.816965524183361,0.20740000000000003,True
1549,0.24,0.19,0.16,0.25,0.16,0.8521707229024196,0.22802342764393413,0.12212099396583087,-0.07848156326727385,2.9054394197957825,0.20740000000000003,True
1550,0.24,0.17,0.23,0.22,0.14,0.8490987845735931,0.2273442895616491,0.11844684570128913,-0.08268444198242031,2.749541317700193,0.20740000000000003,True
1551,0.23,0.17,0.24,0.22,0.14,0.8484076786805075,0.22719139759037144,0.1183861224742023,-0.0852141801770755,2.666121966065584,0.20740000000000003,True
1552,0.24,0.17,0.22,0.23,0.14,0.8451807726052056,0.22647701072508974,0.11752838718941018,-0.08030560229089634,2.8201894296827135,0.20740000000000003,True
1553,0.26,0.19,0.21,0.2,0.14,0.8447400420642173,0.22637937519384987,0.11903988883599574,-0.07770545596197909,2.9133009052107774,0.20740000000000003,True
1554,0.22,0.17,0.24,0.23,0.14,0.8438059050644557,0.226172383348344,0.11741709655634652,-0.08537265038180808,2.6492369902637893,0.20740000000000003,True
1555,0.26,0.19,0.2,0.21,0.14,0.8408095702673679,0.22550796477011903,0.11816789423414915,-0.07639552311484876,2.951847903850373,0.20740000000000003,True
1556,0.23,0.17,0.22,0.24,0.14,0.8405913092980708,0.2254595385923619,0.11652000071636913,-0.08046460124210741,2.8019717380315323,0.20740000000000003,True
1557,0.22,0.17,0.23,0.24,0.14,0.8399075335708481,0.22530780254954008,0.11646949924974286,-0.08300191025924675,2.7144893635076293,0.20740000000000003,True
1558,0.26,0.2,0.19,0.21,0.14,0.8340407167190242,0.22400435478124936,0.11747024638488598,-0.07489038317879015,2.9910963901262297,0.20740000000000003,True
1559,0.21,0.19,0.2,0.26,0.14,0.8179922229951309,0.22042455153927687,0.11305194343263728,-0.07528174233573526,2.927994819198602,0.20740000000000003,True
1560,0.2,0.19,0.21,0.26,0.14,0.8173221858831317,0.22027463456397078,0.11302050810338898,-0.07784351629564035,2.8297107459456754,0.20740000000000003,True
1561,0.21,0.2,0.19,0.26,0.14,0.8112883031903795,0.21892292460343632,0.11231569205576482,-0.07299641914063659,2.9990912866787935,0.20740000000000003,True
1562,0.23,0.22,0.17,0.24,0.14,0.8069420459718344,0.21794741513062976,0.11291765671902236,-0.06996803651952832,3.1149568570471446,0.20740000000000003,True
1563,0.2,0.21,0.19,0.26,0.14,0.8039444294227944,0.21727369363846405,0.11151780253979349,-0.07249393891963296,2.9971290962591293,0.20740000000000003,True
1564,0.23,0.15,0.16,0.21,0.25,1.0142355964423166,0.26283603556075175,0.16387225809091238,-0.1166328998889995,2.2535325436553064,0.20759999999999998,True
1565,0.25,0.16,0.21,0.15,0.23,1.0066696419357184,0.261253240358287,0.1596625360298161,-0.1170466270749636,2.23204415955502,0.20759999999999998,True
1566,0.25,0.15,0.16,0.21,0.23,0.9906511009840322,0.2578889894067018,0.15583681860837634,-0.10912095524451237,2.363331486870125,0.20759999999999998,True
1567,0.25,0.15,0.16,0.23,0.21,0.9564884033620278,0.25065329165874073,0.14631129567031084,-0.10097601480958973,2.4823052497308113,0.20759999999999998,True
1568,0.25,0.15,0.17,0.24,0.19,0.925529361494912,0.2440230089068114,0.13752760306094938,-0.09402470007098163,2.595307496036597,0.20759999999999998,True
1569,0.25,0.17,0.15,0.24,0.19,0.9119667035436201,0.24109599130858528,0.13631964651863782,-0.09077509187125699,2.6559707772097103,0.20759999999999998,True
1570,0.25,0.15,0.19,0.24,0.17,0.8978884383747681,0.23804301816104556,0.12963181393342135,-0.08833827455807097,2.694675884851737,0.20759999999999998,True
1571,0.25,0.19,0.15,0.24,0.17,0.8707906921676354,0.23212390512189662,0.12708599024559966,-0.08166588084923054,2.842360882024132,0.20759999999999998,True
1572,0.25,0.16,0.21,0.23,0.15,0.8668735468567534,0.23126354171049468,0.1221214825611279,-0.08265708212397072,2.797867233731298,0.20759999999999998,True
1573,0.23,0.16,0.21,0.25,0.15,0.8576254998779493,0.22922751058137725,0.12014425565475681,-0.08297308604977349,2.7626730726138033,0.20759999999999998,True
1574,0.25,0.17,0.19,0.24,0.15,0.8561726446325302,0.22890703909702292,0.1205572066962981,-0.07916351617575235,2.8915724080373373,0.20759999999999998,True
1575,0.21,0.16,0.23,0.25,0.15,0.8561652315307282,0.2289054034828062,0.12009395819032327,-0.08800030878490317,2.6011886394889094,0.20759999999999998,True
1576,0.25,0.19,0.17,0.24,0.15,0.8426418712284058,0.225914351668421,0.11921376184215392,-0.0757375846234023,2.9828565670764116,0.20759999999999998,True
1577,0.2,0.19,0.19,0.27,0.15,0.8275380599812339,0.22255638824153356,0.11603388906423205,-0.0776413572119985,2.866466999460698,0.20759999999999998,True
1578,0.23,0.21,0.16,0.25,0.15,0.8239390860164202,0.22175351648376362,0.11667927834225736,-0.07327184901441808,3.0264490314708454,0.20759999999999998,True
1579,0.21,0.21,0.2,0.25,0.13,0.7942505044732273,0.21508983736261134,0.10863593288532396,-0.06988993878081418,3.07755080509037,0.20759999999999998,True
1580,0.2,0.15,0.19,0.19,0.27,1.042925447160178,0.26880218036815506,0.17358734525725744,-0.12977261709521204,2.071332045118111,0.2076,True
1581,0.23,0.15,0.21,0.16,0.25,1.0329877457676861,0.2667419649705791,0.1674986894067112,-0.1256993670394756,2.122062912908777,0.2076,True
1582,0.24,0.15,0.19,0.17,0.25,1.0304562018179109,0.2662160701261773,0.1667230882919232,-0.12122170135118637,2.196109006546062,0.2076,True
1583,0.21,0.13,0.21,0.2,0.25,1.0290765097680805,0.2659292732398095,0.16589433468381368,-0.1265179108023089,2.101910089673694,0.2076,True
1584,0.21,0.13,0.2,0.21,0.25,1.025339178395285,0.2651517396521468,0.16513948739671588,-0.12436427987024357,2.13205704989242,0.2076,True
1585,0.24,0.17,0.19,0.15,0.25,1.024427186174779,0.2649618589353442,0.16698510743990866,-0.12068108358220675,2.195554191845276,0.2076,True
1586,0.24,0.15,0.17,0.19,0.25,1.022935901353001,0.2646512440807691,0.16528954796109507,-0.11816060834453912,2.239758645360767,0.2076,True
1587,0.25,0.15,0.19,0.17,0.24,1.018835876368878,0.26379647560419506,0.16273874981470274,-0.11707115417362413,2.2533003750263516,0.2076,True
1588,0.25,0.17,0.19,0.15,0.24,1.0128288872241762,0.2625420528137459,0.16300432460574862,-0.11670485684644982,2.249624050858278,0.2076,True
1589,0.25,0.15,0.17,0.19,0.24,1.011262328084864,0.2622145023817142,0.16129279623387444,-0.11444162873481367,2.291251053314897,0.2076,True
1590,0.25,0.15,0.21,0.16,0.23,1.0096675471807184,0.26188087631139156,0.1595293504869114,-0.11732471994562232,2.232103144441923,0.2076,True
1591,0.25,0.17,0.15,0.19,0.24,0.9977074695387127,0.25937320019991295,0.16016473741199383,-0.11141189926152784,2.328056535425012,0.2076,True
1592,0.25,0.16,0.15,0.21,0.23,0.9838694062539517,0.2564592431567927,0.15527163701294322,-0.10758319142720862,2.383822600487869,0.2076,True
1593,0.25,0.15,0.23,0.16,0.21,0.9833347777295725,0.2563463919667852,0.15171581880660814,-0.11350972551894534,2.258365006124517,0.2076,True
1594,0.25,0.13,0.21,0.2,0.21,0.9816152685876445,0.255983294604621,0.14983661534959722,-0.10963807432920092,2.3348029064793834,0.2076,True
1595,0.25,0.13,0.2,0.21,0.21,0.9777734123591724,0.25517127557176056,0.14905053471462612,-0.10740707233945102,2.3757399770223064,0.2076,True
1596,0.25,0.13,0.21,0.21,0.2,0.9643308436036482,0.25232173359860144,0.14512025966799882,-0.1054435389822187,2.3929558513884035,0.2076,True
1597,0.27,0.15,0.19,0.19,0.2,0.9603256224054006,0.2514701978241125,0.14557574008316848,-0.10140238922820055,2.4799237940852907,0.2076,True
1598,0.25,0.15,0.24,0.17,0.19,0.9525886033274551,0.24982196736275708,0.14319276535386188,-0.10737511429194713,2.326628185777802,0.2076,True
1599,0.25,0.16,0.15,0.23,0.21,0.9497046089717276,0.24920647106259342,0.1457307698812307,-0.09939466441120293,2.5072419383761706,0.2076,True
1600,0.27,0.15,0.2,0.19,0.19,0.946688872682963,0.24856220906179605,0.14168620801659654,-0.09863155679722158,2.520108341925695,0.2076,True
1601,0.27,0.15,0.19,0.2,0.19,0.9428036287438146,0.24773120952123695,0.1408992102024844,-0.0972522352763846,2.547306072885634,0.2076,True
1602,0.27,0.19,0.15,0.19,0.2,0.933112984913151,0.24565367617077194,0.14317888323413916,-0.09501433142265892,2.5854381385689433,0.2076,True
1603,0.25,0.15,0.24,0.19,0.17,0.9173610291392695,0.2422618175959137,0.13388473659930647,-0.0988179356801604,2.4515976368908547,0.2076,True
1604,0.24,0.15,0.25,0.19,0.17,0.9165107041479474,0.24207818994671948,0.1338682942269493,-0.10126450542389032,2.3905532242851244,0.2076,True
1605,0.27,0.19,0.15,0.2,0.19,0.9155922843673037,0.24187979619954292,0.13846943315760699,-0.09077309603185235,2.6646639453023293,0.2076,True
1606,0.27,0.2,0.15,0.19,0.19,0.912685825116939,0.2412515350672746,0.13861558462442752,-0.09054161862881505,2.6645374659835803,0.2076,True
1607,0.25,0.15,0.23,0.21,0.16,0.895605167578041,0.23754645281318076,0.1283642940362638,-0.09214039525560835,2.578092400778169,0.2076,True
1608,0.23,0.15,0.25,0.21,0.16,0.8940142504904791,0.2372002246494418,0.12830968258599953,-0.09708453394735894,2.4432339014786457,0.2076,True
1609,0.24,0.15,0.19,0.25,0.17,0.8932025092340652,0.23702349228051078,0.12869098112863206,-0.08810819858182228,2.690141168422565,0.2076,True
1610,0.25,0.15,0.21,0.23,0.16,0.887788342191197,0.23584342517860213,0.1266186152518494,-0.0874785512093107,2.6960143020006986,0.2076,True
1611,0.23,0.15,0.21,0.25,0.16,0.8784591799568275,0.23380474390430162,0.12471463640652782,-0.08779206948264062,2.6631647400740737,0.2076,True
1612,0.21,0.15,0.23,0.25,0.16,0.8768983125286416,0.23346299218813038,0.1247008925838035,-0.09276537585358147,2.5167039969376344,0.2076,True
1613,0.25,0.16,0.23,0.21,0.15,0.8747102677147658,0.23298360091662107,0.1238974340251125,-0.08737038953391674,2.6666196884263407,0.2076,True
1614,0.23,0.16,0.25,0.21,0.15,0.873220314206115,0.23265694492185496,0.12380616293583975,-0.09236789428970749,2.5188075002785877,0.2076,True
1615,0.27,0.19,0.2,0.19,0.15,0.8636036736949448,0.23054442321943935,0.12379888341550008,-0.08076557038441323,2.854488888299012,0.2076,True
1616,0.27,0.19,0.19,0.2,0.15,0.859676348010433,0.22967960329444903,0.12296356414498079,-0.07946594954648145,2.890289546720941,0.2076,True
1617,0.24,0.17,0.19,0.25,0.15,0.8515677659751459,0.22789018638275937,0.11954288175157854,-0.07892987871514856,2.887248657826985,0.2076,True
1618,0.25,0.21,0.15,0.23,0.16,0.8471801751914085,0.2269197454593801,0.12265397765277339,-0.07674583877270136,2.9567693713199197,0.2076,True
1619,0.24,0.19,0.17,0.25,0.15,0.8380629840844593,0.22489829266760286,0.11818534210531552,-0.07550247533493781,2.978687674409716,0.2076,True
1620,0.25,0.21,0.16,0.23,0.15,0.8330572645942149,0.22378558640950108,0.1187269706061263,-0.07374429681068007,3.0346155036777187,0.2076,True
1621,0.25,0.23,0.16,0.21,0.15,0.8273972871638768,0.22252500396696484,0.11904412401743916,-0.0732139499755885,3.0393798455234373,0.2076,True
1622,0.25,0.2,0.21,0.21,0.13,0.8190617683084214,0.2206637798740474,0.11358308230366372,-0.07310235861675907,3.01855896375222,0.2076,True
1623,0.25,0.21,0.21,0.2,0.13,0.8162397644521973,0.22003237107815732,0.11374452960444367,-0.07290704563062966,3.0179850133128623,0.2076,True
1624,0.25,0.21,0.2,0.21,0.13,0.812313839028626,0.21915287661803817,0.1128508997013366,-0.07157825244415483,3.061724324563815,0.2076,True
1625,0.21,0.2,0.21,0.25,0.13,0.8009464871237115,0.21659915196295731,0.1094020210594486,-0.07269269494399855,2.979655000132026,0.2076,True
1626,0.2,0.21,0.21,0.25,0.13,0.7936295155447872,0.21494967256484743,0.10858081069975413,-0.07248492432399412,2.9654397044558176,0.2076,True
1627,0.21,0.14,0.21,0.18,0.26,1.042307233687354,0.26867421178787354,0.17078541094564995,-0.13021497274976013,2.0633127367326387,0.20779999999999998,True
1628,0.22,0.14,0.19,0.19,0.26,1.0398647922123763,0.2681683800200525,0.16995772364062534,-0.1257834283282433,2.1319849807260995,0.20779999999999998,True
1629,0.21,0.14,0.18,0.21,0.26,1.0311564762299845,0.26636158661159715,0.1685861431936575,-0.12377963908744904,2.1519014643710137,0.20779999999999998,True
1630,0.23,0.16,0.16,0.19,0.26,1.0276141482511743,0.2656251498565221,0.16877322816583518,-0.12036537647377998,2.2068235703511054,0.20779999999999998,True
1631,0.24,0.14,0.21,0.17,0.24,1.0244609241008855,0.26496888433298205,0.16335721051909835,-0.1218061604270878,2.1753323756690475,0.20779999999999998,True
1632,0.24,0.14,0.17,0.21,0.24,1.0093399916702075,0.26181233027942485,0.160403814369759,-0.11440740500155122,2.288421193329881,0.20779999999999998,True
1633,0.26,0.14,0.22,0.19,0.19,0.9526030775007956,0.2498250548826908,0.1422547744801339,-0.10300438605922546,2.4253826894230155,0.20779999999999998,True
1634,0.26,0.14,0.21,0.21,0.18,0.9310931887902312,0.24521978719504056,0.1367610273272684,-0.09642974518619118,2.542989061327067,0.20779999999999998,True
1635,0.26,0.21,0.14,0.21,0.18,0.8835860719778283,0.23492594569044023,0.13236498114962866,-0.08433485616196401,2.7856328495926754,0.20779999999999998,True
1636,0.24,0.17,0.21,0.24,0.14,0.8412611170468003,0.22560813857804218,0.11662677789778145,-0.07791915314860187,2.8954131232378564,0.20779999999999998,True
1637,0.21,0.18,0.21,0.26,0.14,0.8247059268761903,0.2219246745309662,0.1138084361735379,-0.07804090754290804,2.8436967421086017,0.20779999999999998,True
1638,0.22,0.19,0.19,0.26,0.14,0.8186483283231623,0.22057131566309485,0.11314187655191084,-0.07349731306386798,3.0010799914742727,0.20779999999999998,True
1639,0.24,0.21,0.17,0.24,0.14,0.8142813463288214,0.21959380054917155,0.11380560113670363,-0.07047696481468202,3.115823746476451,0.20779999999999998,True
1640,0.21,0.21,0.18,0.26,0.14,0.8045941710475351,0.21741978794874384,0.11160017980102337,-0.07125014451304479,3.051499606557818,0.20779999999999998,True
1641,0.22,0.13,0.2,0.2,0.25,1.0303070352592854,0.2661850691069436,0.1658055984528587,-0.12421615207373338,2.1429183295658603,0.2078,True
1642,0.26,0.16,0.19,0.16,0.23,1.0039792029280479,0.2606894424598911,0.15894456032713364,-0.11314529386251226,2.304023734090665,0.2078,True
1643,0.25,0.13,0.2,0.2,0.22,0.9949049268444874,0.25878414270895966,0.15377828284242603,-0.11157130837406903,2.3194506408522613,0.2078,True
1644,0.26,0.14,0.19,0.19,0.22,0.9929736571037897,0.258377894104002,0.1539680422353288,-0.10952659392217756,2.359042537993909,0.2078,True
1645,0.26,0.16,0.16,0.19,0.23,0.9925497918256176,0.25828869760076545,0.15677711656218685,-0.10914754598900278,2.3664178178297246,0.2078,True
1646,0.24,0.14,0.24,0.17,0.21,0.9852668782822314,0.25675413051935037,0.151602255184307,-0.116160657715494,2.2103364045011205,0.2078,True
1647,0.26,0.14,0.21,0.18,0.21,0.9835004488227457,0.25638136454777105,0.15080784772667927,-0.10919421660170292,2.347939044088281,0.2078,True
1648,0.26,0.14,0.18,0.21,0.21,0.9719554846074863,0.25393958721302545,0.1485010732012102,-0.10412910134940334,2.438699498240513,0.2078,True
1649,0.25,0.13,0.22,0.2,0.2,0.9681872263823159,0.2531405321552045,0.14593209432994433,-0.10768753180611468,2.350694903203555,0.2078,True
1650,0.27,0.15,0.2,0.18,0.2,0.9641948836014904,0.2522928466189007,0.14635212689922325,-0.10276698822390273,2.454998934767065,0.2078,True
1651,0.25,0.13,0.2,0.22,0.2,0.9604725698193222,0.25150146027776166,0.1443230294629151,-0.10319265981435577,2.437203001940393,0.2078,True
1652,0.26,0.18,0.14,0.21,0.21,0.9447775778259038,0.24815354805158463,0.14617057337288406,-0.09781336493896364,2.5370106447767595,0.2078,True
1653,0.26,0.14,0.19,0.22,0.19,0.940966579096266,0.24733790435869074,0.13983821465742421,-0.09724332778735323,2.5434948596119282,0.2078,True
1654,0.27,0.18,0.15,0.2,0.2,0.9360382486739283,0.2462815405103127,0.1430364075971332,-0.09523718426199168,2.5859809109098313,0.2078,True
1655,0.27,0.2,0.15,0.18,0.2,0.9301903366267077,0.24502574025561796,0.14332354559309443,-0.09479079351088238,2.584910740593051,0.2078,True
1656,0.26,0.16,0.16,0.23,0.19,0.9234765103828995,0.2435808587238617,0.13783024598792118,-0.0926336313842182,2.629507826520985,0.2078,True
1657,0.24,0.14,0.24,0.21,0.17,0.9155442364078206,0.2418694153060985,0.13283069013268614,-0.0992871579483785,2.4360594089303227,0.2078,True
1658,0.26,0.19,0.14,0.22,0.19,0.9070061936117437,0.24002198446162915,0.1368102009133569,-0.08913156414468393,2.6928954603782165,0.2078,True
1659,0.24,0.14,0.21,0.24,0.17,0.9038796804937079,0.2393441014883082,0.13021893633734832,-0.09238157436084093,2.5908207685813407,0.2078,True
1660,0.26,0.16,0.23,0.19,0.16,0.8973979149651725,0.2379363728199646,0.1294861036032153,-0.09165572974365699,2.5959792528565946,0.2078,True
1661,0.26,0.16,0.19,0.23,0.16,0.8817390390901112,0.23452225217856215,0.126079216080221,-0.08401837516611099,2.791320966573003,0.2078,True
1662,0.27,0.18,0.2,0.2,0.15,0.8664683763759315,0.23117448123487216,0.12364568340348359,-0.08094653226395576,2.855891102055407,0.2078,True
1663,0.24,0.17,0.24,0.21,0.14,0.8530151495398479,0.22820998021393124,0.11938177061063844,-0.08505570856057432,2.6830648298157014,0.2078,True
1664,0.27,0.2,0.18,0.2,0.15,0.8528940771694162,0.22818323612375724,0.12230081706749564,-0.07797666107958434,2.9263017031579417,0.2078,True
1665,0.26,0.18,0.21,0.21,0.14,0.8475882446096037,0.2270100664380328,0.11888534421347839,-0.07789182480101908,2.9144273743483122,0.2078,True
1666,0.26,0.19,0.19,0.22,0.14,0.8368774590867987,0.2246349486651833,0.11731339335123427,-0.07508180931001729,2.9918691455296735,0.2078,True
1667,0.26,0.21,0.18,0.21,0.14,0.8272816875502196,0.22249923066947752,0.11679284866150495,-0.07337632645315728,3.0323026706920087,0.2078,True
1668,0.25,0.2,0.22,0.2,0.13,0.8229905498578312,0.22154173785228326,0.114494337470035,-0.07502151454285066,2.9530427265067196,0.2078,True
1669,0.25,0.2,0.2,0.22,0.13,0.8151313898011707,0.21978419906467517,0.11268951794862848,-0.07177586201050856,3.0620906932820535,0.2078,True
1670,0.25,0.22,0.2,0.2,0.13,0.809498857567045,0.21852147602063088,0.1130150268305434,-0.07138004234041284,3.0613805884072978,0.2078,True
1671,0.24,0.24,0.17,0.21,0.14,0.8058447355817067,0.21770087852109699,0.11429096004098369,-0.06966069414214116,3.1251609132243643,0.2078,True
1672,0.22,0.2,0.2,0.25,0.13,0.8015636021693564,0.2167380649665862,0.10949149064898618,-0.0702005116026223,3.0874143224689843,0.2078,True
1673,0.2,0.2,0.22,0.25,0.13,0.8003153938880943,0.2164570596321631,0.10937314624399033,-0.0752748324766892,2.8755568429753016,0.2078,True
1674,0.2,0.22,0.2,0.25,0.13,0.7869534790043493,0.21344076167925374,0.10780919743909954,-0.06967703224121347,3.063287209770181,0.2078,True
1675,0.2,0.25,0.2,0.22,0.13,0.7785832652546352,0.21154361479521366,0.10829577931332036,-0.06854633368813401,3.086140474816289,0.2078,True
1676,0.2,0.15,0.2,0.18,0.27,1.0466109353161208,0.26956453155786386,0.17431401494279253,-0.1319027164235611,2.043661714230723,0.20780000000000004,True
1677,0.23,0.16,0.19,0.16,0.26,1.0388043490399776,0.2679486355826317,0.17088636458724046,-0.12511200404619327,2.14167007894543,0.20780000000000004,True
1678,0.27,0.15,0.18,0.2,0.2,0.9564544744099859,0.250646063756341,0.14481431184383345,-0.10003357688195236,2.5056193287192308,0.20780000000000004,True
1679,0.27,0.15,0.2,0.2,0.18,0.9290206012044817,0.24477424299064454,0.13703226734340465,-0.09444553323113503,2.5916974007824436,0.20780000000000004,True
1680,0.27,0.2,0.15,0.2,0.18,0.8950219859149589,0.23741955863323594,0.13391849133410935,-0.08623964434185638,2.7530210780102258,0.20780000000000004,True
1681,0.23,0.16,0.19,0.26,0.16,0.8678025587316998,0.23146769906071296,0.12315090086001008,-0.08332284603566664,2.7779619884999174,0.20780000000000004,True
1682,0.26,0.19,0.16,0.23,0.16,0.8613894955360484,0.23005699791880763,0.12413726148792317,-0.078949612792785,2.9139724664974156,0.20780000000000004,True
1683,0.27,0.21,0.15,0.19,0.18,0.8921344881845319,0.23679088567007023,0.1340687035183697,-0.08599930004869816,2.7534048013877377,0.20799999999999996,True
1684,0.22,0.13,0.21,0.19,0.25,1.0340530302927973,0.2669631332483935,0.166558615134193,-0.12637001227846845,2.1125512962688853,0.208,True
1685,0.22,0.13,0.19,0.21,0.25,1.0265589667025736,0.26540561574941246,0.16506585739469296,-0.12205586591791173,2.1744601437501587,0.208,True
1686,0.25,0.13,0.21,0.19,0.22,0.9987299516672088,0.25958797526617716,0.15455379148665002,-0.11378274544245226,2.2814353288519356,0.208,True
1687,0.25,0.13,0.19,0.21,0.22,0.9910779354589634,0.2579788677970556,0.15301688197505947,-0.10949947754257161,2.3559826365085406,0.208,True
1688,0.25,0.13,0.22,0.19,0.21,0.9854551943258301,0.25679385741989336,0.1506369426233437,-0.11186229153842264,2.2956248606054115,0.208,True
1689,0.27,0.15,0.19,0.18,0.21,0.9776821885074543,0.25515198161896846,0.15025925916859012,-0.10550260945753531,2.4184423772159573,0.208,True
1690,0.25,0.13,0.19,0.22,0.21,0.9739296290525472,0.2543577960615928,0.1482789183650236,-0.10546017600066537,2.4118848053125572,0.208,True
1691,0.26,0.14,0.22,0.18,0.2,0.970057305343335,0.2535372077389173,0.14692674778969234,-0.1072387369417076,2.364231573118341,0.208,True
1692,0.27,0.18,0.15,0.19,0.21,0.9534118915765863,0.2499975606686129,0.14775312170928814,-0.09941902620723286,2.514584684701179,0.208,True
1693,0.25,0.13,0.22,0.21,0.19,0.9507526835339564,0.2494302192089144,0.1412321772455556,-0.10346231964675134,2.4108314994341646,0.208,True
1694,0.27,0.15,0.21,0.18,0.19,0.950572265895284,0.2493917084702877,0.14248832461986552,-0.1002726500856076,2.4871359065245606,0.208,True
1695,0.27,0.19,0.15,0.18,0.21,0.9504706041936575,0.24937000739939674,0.14789438965106005,-0.09920390927942291,2.5137114979713973,0.208,True
1696,0.25,0.13,0.21,0.22,0.19,0.9468802575646835,0.24860311503264332,0.14040821800763353,-0.10119823408621642,2.4565953870385173,0.208,True
1697,0.27,0.18,0.15,0.21,0.19,0.9185013517822624,0.24250798501518922,0.1383255374704546,-0.09100385966369906,2.6648098873099153,0.208,True
1698,0.27,0.21,0.15,0.18,0.19,0.9097819729364984,0.2406232014839924,0.13876399431327222,-0.09030942413782672,2.6644306923800407,0.208,True
1699,0.23,0.15,0.19,0.26,0.17,0.8885223730208625,0.2360035460098271,0.1277752722765559,-0.08787812462710876,2.6855778615128116,0.208,True
1700,0.27,0.18,0.21,0.19,0.15,0.8703984413715107,0.23203780514274652,0.12449769999360104,-0.08227130916451209,2.8203976270604496,0.208,True
1701,0.27,0.19,0.21,0.18,0.15,0.8675293166799496,0.2314076590932106,0.1246511143596885,-0.08206147303709899,2.8199306023740767,0.208,True
1702,0.27,0.18,0.19,0.21,0.15,0.8625366261586545,0.23030957347456038,0.1228105742990292,-0.07964911296196575,2.891552271078504,0.208,True
1703,0.23,0.17,0.19,0.26,0.15,0.8469685820099433,0.22687290676061767,0.11855443049126956,-0.07869624333951253,2.8828937333366618,0.208,True
1704,0.23,0.19,0.17,0.26,0.15,0.833489766931828,0.2238818059488652,0.11718288364833633,-0.07526736815793389,2.974486971287383,0.208,True
1705,0.21,0.19,0.18,0.27,0.15,0.8282370840049071,0.22271220668841862,0.11609216655697202,-0.07626023642088864,2.9204237639553785,0.208,True
1706,0.25,0.19,0.22,0.21,0.13,0.8258195788801286,0.22217315507173474,0.11433552356380342,-0.07531438481226527,2.949943169894324,0.208,True
1707,0.25,0.19,0.21,0.22,0.13,0.8218863446697589,0.22129511060059337,0.11342435938173674,-0.07329708159367865,3.0191530929886095,0.208,True
1708,0.25,0.21,0.19,0.22,0.13,0.8083863225815524,0.2182717537591028,0.11197538503796967,-0.07024558901988043,3.1072663323718306,0.208,True
1709,0.22,0.19,0.21,0.25,0.13,0.808279559300795,0.218247784031953,0.11025190993871416,-0.07289980760531711,2.9938046642531138,0.208,True
1710,0.21,0.19,0.22,0.25,0.13,0.8076523216920208,0.21810694207689063,0.11018870382031393,-0.07547752844885058,2.8896937480497495,0.208,True
1711,0.25,0.22,0.19,0.21,0.13,0.8055757946263555,0.2176404393653928,0.11213947151417393,-0.07004506188190118,3.1071489341010707,0.208,True
1712,0.22,0.21,0.19,0.25,0.13,0.794857510656312,0.2152268148270895,0.10875206750713627,-0.06843691300796517,3.144893674588155,0.208,True
1713,0.21,0.22,0.19,0.25,0.13,0.7875643773261973,0.21357899235993338,0.10789098056465016,-0.06792313743285128,3.1444217748492154,0.208,True
1714,0.19,0.22,0.21,0.25,0.13,0.7863286305330126,0.21329934183705657,0.10778920489630418,-0.07227649260499658,2.9511578958704323,0.208,True
1715,0.22,0.25,0.19,0.21,0.13,0.7836782297265239,0.21269911865255553,0.10940773372851066,-0.06733025753878508,3.159042107183859,0.208,True
1716,0.21,0.25,0.19,0.22,0.13,0.779195601829529,0.2116826052203562,0.10838237913168164,-0.06709067054978834,3.1551720006027577,0.208,True
1717,0.21,0.15,0.19,0.18,0.27,1.0479383262730417,0.2698388810350949,0.17420169910612682,-0.1296255825208461,2.081679216305161,0.20800000000000002,True
1718,0.21,0.15,0.18,0.19,0.27,1.0442421135087212,0.26907464084748667,0.17348932222972158,-0.12748894756555007,2.110572296544675,0.20800000000000002,True
1719,0.22,0.14,0.2,0.18,0.26,1.0435903435741762,0.2689397833814178,0.17068924000247726,-0.12792875803262438,2.102262130246217,0.20800000000000002,True
1720,0.23,0.15,0.19,0.17,0.26,1.041830991509653,0.2685756132836039,0.17075792566048878,-0.12537425170905492,2.142191156656822,0.20800000000000002,True
1721,0.22,0.14,0.18,0.2,0.26,1.0361371337770922,0.2673955996490529,0.16923934682243988,-0.12363171662069039,2.162839819408468,0.20800000000000002,True
1722,0.23,0.14,0.21,0.17,0.25,1.036010411750628,0.2673693123502807,0.1673710018357985,-0.1259611226492101,2.122633608902321,0.20800000000000002,True
1723,0.23,0.15,0.17,0.19,0.26,1.0343646194331337,0.2670278090042082,0.1693367703382561,-0.12183598872112178,2.1916989537091975,0.20800000000000002,True
1724,0.23,0.14,0.17,0.21,0.25,1.0209960585810158,0.2642469720079734,0.16444466876408587,-0.11812109017212047,2.2370854486944305,0.20800000000000002,True
1725,0.25,0.14,0.21,0.17,0.23,1.0126681035015426,0.2625084425197395,0.15939813219606158,-0.11760198844719416,2.2321769043693633,0.20800000000000002,True
1726,0.26,0.15,0.19,0.17,0.23,1.00697279716293,0.26131673678336065,0.15881083866288573,-0.11333483177656578,2.305705427776468,0.20800000000000002,True
1727,0.26,0.17,0.19,0.15,0.23,1.0009882561270147,0.26006207862904707,0.1590802574804566,-0.11295518986285646,2.302347319718546,0.20800000000000002,True
1728,0.26,0.15,0.17,0.19,0.23,0.9993466816291434,0.259717485603683,0.15735253711796776,-0.11067826946860626,2.3465987212363446,0.20800000000000002,True
1729,0.25,0.14,0.17,0.21,0.23,0.9974419529484122,0.25931741575313727,0.15641765009801464,-0.11064946962612099,2.3435938430555323,0.20800000000000002,True
1730,0.26,0.14,0.2,0.18,0.22,0.9968051784642664,0.2591836106963594,0.1547271152295326,-0.11113231798744205,2.3322073667683885,0.20800000000000002,True
1731,0.26,0.14,0.18,0.2,0.22,0.9891401712836743,0.2575707301682457,0.1532232278751597,-0.1081885820987134,2.3807570556126993,0.20800000000000002,True
1732,0.25,0.14,0.23,0.17,0.21,0.986312661070595,0.2569747157006057,0.1515825305310076,-0.1137951663980602,2.2582217139320093,0.20800000000000002,True
1733,0.26,0.17,0.15,0.19,0.23,0.9857620638284612,0.2568585888173083,0.1562173093378503,-0.10760754574932407,2.386994211499538,0.20800000000000002,True
1734,0.26,0.19,0.15,0.17,0.23,0.9798220917177911,0.25560441748274587,0.15649128775864804,-0.10720717078455055,2.384210082331364,0.20800000000000002,True
1735,0.27,0.15,0.18,0.19,0.21,0.973827397620352,0.2543361458880744,0.1495075594301488,-0.10414833617247443,2.442056735950943,0.20800000000000002,True
1736,0.25,0.14,0.17,0.23,0.21,0.9632815089266122,0.252098750300483,0.14690845547708054,-0.10254773898604286,2.458355033403463,0.20800000000000002,True
1737,0.26,0.18,0.14,0.2,0.22,0.9619654305307006,0.2518189716859063,0.15092350458208467,-0.10196072824474389,2.4697643496763435,0.20800000000000002,True
1738,0.26,0.14,0.18,0.22,0.2,0.954602250474373,0.2502513566412632,0.1437798711024511,-0.1000204811851334,2.5020011269297857,0.20800000000000002,True
1739,0.26,0.15,0.23,0.17,0.19,0.9535280476906725,0.2500223308093654,0.1432265337700332,-0.10496381878270034,2.3819858472086475,0.20800000000000002,True
1740,0.25,0.17,0.14,0.23,0.21,0.9429301293413248,0.24775828367884456,0.1451671422375183,-0.09780359908372616,2.533222560314448,0.20800000000000002,True
1741,0.27,0.15,0.18,0.21,0.19,0.938916537489964,0.24689870531216473,0.1401275782767279,-0.09586862897476878,2.5753857956719592,0.20800000000000002,True
1742,0.26,0.14,0.22,0.2,0.18,0.9349858085006983,0.2460557227801199,0.13759389473483088,-0.09871847275445267,2.492499285236578,0.20800000000000002,True
1743,0.27,0.15,0.21,0.19,0.18,0.9329196027945992,0.24561214725964642,0.13784590623561044,-0.09595681149985757,2.5596113857952747,0.20800000000000002,True
1744,0.26,0.15,0.17,0.23,0.19,0.9302755470079476,0.24504405681847774,0.13843802751958362,-0.09425270799075558,2.599862243135889,0.20800000000000002,True
1745,0.26,0.18,0.14,0.22,0.2,0.9274235239583581,0.24443070147577628,0.14141756272554418,-0.09361517684307263,2.6110157531990366,0.20800000000000002,True
1746,0.26,0.14,0.2,0.22,0.18,0.9271987557344044,0.2443823371619147,0.13594347864105635,-0.0944408909853468,2.587675048510845,0.20800000000000002,True
1747,0.27,0.15,0.19,0.21,0.18,0.9251197883721647,0.2439348187355601,0.13623415690866766,-0.09305122985179481,2.6215109582547336,0.20800000000000002,True
1748,0.26,0.15,0.23,0.19,0.17,0.9181975625010095,0.2424424139675012,0.13394962519097978,-0.09636371065590965,2.515909903399232,0.20800000000000002,True
1749,0.26,0.17,0.15,0.23,0.19,0.9166869434442204,0.24211625327790887,0.1372401734462558,-0.09100450134109261,2.6604865661582666,0.20800000000000002,True
1750,0.25,0.14,0.23,0.21,0.17,0.9163835658358723,0.24205072976522723,0.13286561802008637,-0.09683743635995401,2.4995573908576176,0.20800000000000002,True
1751,0.25,0.14,0.21,0.23,0.17,0.9085875490112014,0.24036456794314387,0.13114909504271471,-0.09222603797659756,2.6062549494334406,0.20800000000000002,True
1752,0.26,0.15,0.19,0.23,0.17,0.9025801621182752,0.2390621247066882,0.13059703804612316,-0.08856835255588225,2.699182245213964,0.20800000000000002,True
1753,0.23,0.14,0.21,0.25,0.17,0.899177627502566,0.23832321487612984,0.1293137404634468,-0.0925371093848536,2.5754339687115664,0.20800000000000002,True
1754,0.27,0.19,0.15,0.21,0.18,0.8979120834055914,0.23804815839405657,0.13377061100806867,-0.08647924177356414,2.7526624136848707,0.20800000000000002,True
1755,0.26,0.2,0.14,0.22,0.18,0.8864651636555694,0.2355546833009523,0.13221649354239445,-0.08457817451216854,2.785052818408398,0.20800000000000002,True
1756,0.26,0.17,0.23,0.19,0.15,0.8764817448427524,0.23337175271592492,0.1250595961869908,-0.08687449999167729,2.686309017470976,0.20800000000000002,True
1757,0.26,0.19,0.15,0.23,0.17,0.875430454084382,0.23314143184085556,0.12807503170123868,-0.08189883104424733,2.846700360288374,0.20800000000000002,True
1758,0.26,0.17,0.19,0.23,0.15,0.8607832196574137,0.2299234659967042,0.12159655753496765,-0.07939715572135442,2.895865272600246,0.20800000000000002,True
1759,0.27,0.19,0.18,0.21,0.15,0.8557473430385547,0.2288131942304481,0.12214549821783298,-0.07816259449806962,2.927400193146085,0.20800000000000002,True
1760,0.25,0.17,0.23,0.21,0.14,0.8537029422426161,0.22836188699285298,0.11947474414395572,-0.08252570571943196,2.7671606683283607,0.20800000000000002,True
1761,0.23,0.17,0.25,0.21,0.14,0.8523133952031381,0.22805495109962926,0.11934356990431451,-0.08757764738835483,2.604031484065118,0.20800000000000002,True
1762,0.26,0.19,0.17,0.23,0.15,0.8472264300389547,0.2269299840504102,0.12026727482484513,-0.07597269602335444,2.986993958732893,0.20800000000000002,True
1763,0.25,0.17,0.21,0.23,0.14,0.8458472390044671,0.2266246242443064,0.11766750668871062,-0.07775988778824783,2.9144155256684554,0.20800000000000002,True
1764,0.26,0.18,0.2,0.22,0.14,0.8436533331661409,0.22613856888261252,0.11801351554957369,-0.07658412673456605,2.952812528193854,0.20800000000000002,True
1765,0.23,0.17,0.21,0.25,0.14,0.8366806632625128,0.22459122288915778,0.11561210052522818,-0.07807841708330032,2.8764827884451836,0.20800000000000002,True
1766,0.21,0.17,0.23,0.25,0.14,0.8353204368865024,0.22428891073669388,0.11552182169201086,-0.08316064227312481,2.697056018399437,0.20800000000000002,True
1767,0.26,0.2,0.18,0.22,0.14,0.8301114121584179,0.2231298145452114,0.11663348008913144,-0.07357060525782777,3.0328663705192342,0.20800000000000002,True
1768,0.22,0.18,0.2,0.26,0.14,0.8253722050540964,0.22207334816378266,0.11387307164052132,-0.07548348198872479,2.94201250807368,0.20800000000000002,True
1769,0.26,0.22,0.18,0.2,0.14,0.8244545370154113,0.2218685698719156,0.1169548733639243,-0.07318145907738838,3.0317593099270224,0.20800000000000002,True
1770,0.2,0.18,0.22,0.26,0.14,0.8240257214697122,0.2217728558266372,0.11380190958579532,-0.08059012985564973,2.751861254273558,0.20800000000000002,True
1771,0.25,0.21,0.17,0.23,0.14,0.8188154609242511,0.2206086958931195,0.11487728208311676,-0.07114967635961533,3.100628241484698,0.20800000000000002,True
1772,0.22,0.2,0.18,0.26,0.14,0.8119342493690884,0.21906777278291445,0.11243128342731865,-0.07175540796565927,3.0529792665628213,0.20800000000000002,True
1773,0.23,0.21,0.17,0.25,0.14,0.80975285050501,0.2185784735282612,0.11276011698116635,-0.07023963586718174,3.11189645034006,0.20800000000000002,True
1774,0.25,0.16,0.2,0.24,0.15,0.8629526556978395,0.2304011493508864,0.12125836786752096,-0.08086028082882346,2.849373598375602,0.20819999999999997,True
1775,0.24,0.16,0.2,0.15,0.25,1.0311932148952438,0.26636921995450247,0.16759052192647633,-0.12312328238593973,2.1634350123930823,0.2082,True
1776,0.25,0.15,0.2,0.16,0.24,1.0226195966036498,0.2645853423718896,0.16348226028883314,-0.11920705196685344,2.2195443810275575,0.2082,True
1777,0.25,0.16,0.2,0.15,0.24,1.0196105557551403,0.2639580684942282,0.16361454634443995,-0.11893296977749968,2.2193851628193775,0.2082,True
1778,0.24,0.15,0.16,0.2,0.25,1.0191726505573513,0.26386672950520684,0.16459323169607992,-0.11685327087679898,2.258103068277887,0.2082,True
1779,0.24,0.16,0.15,0.2,0.25,1.0124082955790183,0.26245412838343163,0.16403896285767472,-0.11535683439423072,2.2751502306876548,0.2082,True
1780,0.25,0.15,0.16,0.2,0.24,1.0074725068598775,0.2614213879501788,0.16059070455024765,-0.11312090302430577,2.310990992478272,0.2082,True
1781,0.25,0.16,0.15,0.2,0.24,1.0006927418202145,0.260000059313799,0.1600327711322646,-0.11160432511640517,2.329659348261052,0.2082,True
1782,0.25,0.15,0.16,0.24,0.2,0.9391542733147751,0.24694965348455455,0.1415448347805147,-0.09682925830354971,2.550361923773008,0.2082,True
1783,0.25,0.15,0.2,0.24,0.16,0.8838773357576066,0.23498958115365975,0.12576996086430434,-0.08545569364495575,2.749841129720098,0.2082,True
1784,0.24,0.16,0.2,0.25,0.15,0.8583347702684463,0.2293839010698715,0.120251230023306,-0.0806273723940133,2.8449879272873786,0.2082,True
1785,0.25,0.2,0.15,0.24,0.16,0.8500264381958662,0.22754945263151716,0.12250223099388065,-0.07700378575594469,2.955042409898014,0.2082,True
1786,0.24,0.2,0.16,0.25,0.15,0.8313252136583098,0.22340010229562535,0.11753701553528856,-0.07377235863162368,3.028235865565255,0.2082,True
1787,0.25,0.24,0.16,0.2,0.15,0.8245711590108065,0.22189459796383137,0.11920663464653576,-0.07294750911284265,3.0418392713119538,0.2082,True
1788,0.24,0.15,0.2,0.16,0.25,1.0342132446629506,0.26699638935779246,0.16745998088647437,-0.12338959942572914,2.163848416725782,0.20820000000000002,True
1789,0.25,0.16,0.15,0.24,0.2,0.9323703089546995,0.24549417100852455,0.14095621518757226,-0.09522548698117062,2.5780300924800446,0.20820000000000002,True
1790,0.25,0.15,0.24,0.2,0.16,0.8995109797070726,0.23839564613279363,0.12926067926237883,-0.09446035768797134,2.5237639573659068,0.20820000000000002,True
1791,0.24,0.15,0.25,0.2,0.16,0.8987117483325915,0.2382219737629545,0.12922854264175213,-0.09692879738530924,2.4577007059726506,0.20820000000000002,True
1792,0.24,0.15,0.2,0.25,0.16,0.8792188412447162,0.23397100314712582,0.12480021602225919,-0.08529361785342149,2.743124386506959,0.20820000000000002,True
1793,0.25,0.2,0.16,0.24,0.15,0.8358911160608116,0.22441576313910638,0.11857232533955675,-0.07400821080919429,3.0323089922777386,0.20820000000000002,True
1794,0.24,0.15,0.24,0.22,0.15,0.8768503155563563,0.23345248025486276,0.12368328701265281,-0.09020579383531713,2.5879987341063906,0.20859999999999998,True
1795,0.24,0.15,0.22,0.24,0.15,0.869026135783822,0.23173648604346075,0.12186396855873398,-0.08551626748758556,2.7098526730847095,0.20859999999999998,True
1796,0.22,0.15,0.24,0.24,0.15,0.8675518023777526,0.23141260013718723,0.12179538888384318,-0.09051974468614998,2.5564875479879103,0.20859999999999998,True
1797,0.27,0.18,0.18,0.22,0.15,0.8586031941317915,0.22944307677621878,0.1219927146110042,-0.07834797135459792,2.928513308120947,0.20859999999999998,True
1798,0.25,0.18,0.22,0.22,0.13,0.8286511836016963,0.2228044943032199,0.11417941280764919,-0.07560637297692174,2.9469009758109843,0.20859999999999998,True
1799,0.22,0.18,0.25,0.22,0.13,0.8267275404261327,0.22237566672638853,0.11393214165802802,-0.08287153048161999,2.683378301740295,0.20859999999999998,True
1800,0.24,0.22,0.15,0.24,0.15,0.8217743168227982,0.22127008330630416,0.11706518550280287,-0.07176325392213745,3.0833340353599406,0.20859999999999998,True
1801,0.22,0.18,0.22,0.25,0.13,0.8150053784650322,0.21975597794279378,0.11103279475283336,-0.07567958458158319,2.9037682904548068,0.20859999999999998,True
1802,0.25,0.22,0.18,0.22,0.13,0.8016511465964931,0.21675776870513874,0.11128245994053886,-0.06870618155971542,3.1548510451966463,0.20859999999999998,True
1803,0.22,0.22,0.18,0.25,0.13,0.7881612883472688,0.21371402765161784,0.10803417506224194,-0.06666190897117297,3.205939208012113,0.20859999999999998,True
1804,0.22,0.25,0.18,0.22,0.13,0.7797939809332743,0.21181839671851455,0.10853022298498982,-0.06582197886482744,3.218049660182757,0.20859999999999998,True
1805,0.2,0.14,0.2,0.19,0.27,1.049646487678511,0.27019175498692594,0.17419133381802532,-0.13215282908551984,2.044540074220259,0.2086,True
1806,0.22,0.15,0.18,0.18,0.27,1.0492526521961683,0.27011041339649644,0.17412705143308158,-0.12734168516914035,2.121146842353507,0.2086,True
1807,0.2,0.14,0.19,0.2,0.27,1.0459568686931706,0.26942930330894876,0.17346518253344795,-0.1300261923075695,2.072115613995903,0.2086,True
1808,0.23,0.15,0.2,0.16,0.26,1.0455610166802902,0.2693474469189199,0.17148823071353336,-0.12752333151374817,2.1121424897049663,0.2086,True
1809,0.23,0.16,0.2,0.15,0.26,1.0425302087985746,0.2687203700330789,0.17161715986271353,-0.12726461745792805,2.111508881263987,0.2086,True
1810,0.21,0.13,0.2,0.2,0.26,1.0416201008205563,0.2685319467620464,0.16991698011643125,-0.12833300031304895,2.0924621578783578,0.2086,True
1811,0.22,0.13,0.22,0.18,0.25,1.037796948391009,0.2677398119923453,0.1673247383724541,-0.12851747516132872,2.0832949889207675,0.2086,True
1812,0.24,0.14,0.2,0.17,0.25,1.037235936374835,0.2676234902447199,0.1673313246360067,-0.12365513507781689,2.16427316242308,0.2086,True
1813,0.23,0.15,0.16,0.2,0.26,1.0306282793514874,0.2662518308061914,0.16864623286066469,-0.12054181716577894,2.208792243773961,0.2086,True
1814,0.25,0.16,0.18,0.16,0.25,1.028641829103722,0.26583888914134257,0.16686948267084376,-0.11950553291039845,2.224490219550423,0.2086,True
1815,0.24,0.14,0.17,0.2,0.25,1.0259460014864676,0.2652780512556314,0.16516233720552276,-0.11834081245088479,2.241644668154786,0.2086,True
1816,0.25,0.14,0.2,0.17,0.24,1.0256312937382552,0.2652125472729483,0.16335189800247082,-0.11948032524392871,2.2197173194121755,0.2086,True
1817,0.25,0.16,0.16,0.18,0.25,1.0211084041095106,0.2642703923843188,0.16546608269441734,-0.1168910252153742,2.260827055776053,0.2086,True
1818,0.25,0.18,0.16,0.16,0.25,1.0151014875842481,0.26301692675987387,0.16573201742192623,-0.116524161515285,2.2571878942494923,0.2086,True
1819,0.25,0.14,0.17,0.2,0.24,1.014261352163814,0.2628414168735749,0.16116384173544437,-0.11462841291307035,2.292986618186046,0.2086,True
1820,0.26,0.16,0.2,0.15,0.23,1.0077850133786486,0.2614868254651963,0.15969512380101475,-0.11469280561440576,2.279888647456304,0.2086,True
1821,0.25,0.13,0.22,0.18,0.22,1.0025530065150208,0.2603903696143457,0.15534320574721802,-0.11598749714422096,2.244986537562506,0.2086,True
1822,0.26,0.15,0.16,0.2,0.23,0.9955306302594642,0.25891570512820095,0.15664472098610074,-0.1093439280123113,2.3679019935981174,0.2086,True
1823,0.27,0.15,0.18,0.18,0.22,0.9910317262716131,0.2579691381643141,0.15420356882314828,-0.10821380859043694,2.3838837346596384,0.2086,True
1824,0.26,0.16,0.15,0.2,0.23,0.9887360062483128,0.2574855703232264,0.1560833385707663,-0.10780683226646726,2.3883975153522425,0.2086,True
1825,0.25,0.13,0.18,0.22,0.22,0.9872489809227749,0.2571721463607246,0.1522697915527316,-0.1081634312780998,2.3776256293081848,0.2086,True
1826,0.25,0.14,0.24,0.17,0.2,0.9729253175595085,0.2541450744825473,0.14773105358571756,-0.11186623285756547,2.2718658525503352,0.2086,True
1827,0.27,0.18,0.15,0.18,0.22,0.9706186996407857,0.2536562400277542,0.15247188471924542,-0.10355031896591782,2.449593999910727,0.2086,True
1828,0.26,0.13,0.21,0.2,0.2,0.9691565698164848,0.2533461777542654,0.14598537822174742,-0.10529109916086721,2.4061499953305145,0.2086,True
1829,0.27,0.14,0.2,0.19,0.2,0.967152250143005,0.25292088804225266,0.146216346562508,-0.10297506493383046,2.456137203747083,0.2086,True
1830,0.26,0.13,0.2,0.21,0.2,0.9652894330857291,0.2525253641663314,0.1451915857495488,-0.1030399764241352,2.4507513775709873,0.2086,True
1831,0.27,0.14,0.2,0.2,0.19,0.9496301256274748,0.249190566937741,0.14154937912400095,-0.09884718446354057,2.5209677775865638,0.2086,True
1832,0.26,0.16,0.15,0.23,0.2,0.9371305208612528,0.2465158182959475,0.14184568555812568,-0.09545316614189714,2.5825839860511928,0.2086,True
1833,0.27,0.15,0.22,0.18,0.18,0.9368167897304067,0.24644853617932672,0.13867480764404166,-0.09824977918700384,2.508387685129028,0.2086,True
1834,0.25,0.13,0.22,0.22,0.18,0.933155146630205,0.24566273005377592,0.1365413989464823,-0.09918573491567995,2.47679497724768,0.2086,True
1835,0.27,0.2,0.14,0.19,0.2,0.9263333118326729,0.24419608087020617,0.1426224393622334,-0.09339252482211846,2.6147283343642123,0.2086,True
1836,0.27,0.15,0.18,0.22,0.18,0.9212171677097656,0.24309386982970538,0.13545184227456958,-0.09165256857430171,2.6523410484958956,0.2086,True
1837,0.25,0.14,0.24,0.2,0.17,0.9202789106735598,0.2428915214709666,0.1337468304230613,-0.09913237734017755,2.4501734749835826,0.2086,True
1838,0.24,0.14,0.25,0.2,0.17,0.9194288733925016,0.24270814202449387,0.1337315869678539,-0.10157472103950849,2.389454182503638,0.2086,True
1839,0.27,0.2,0.14,0.2,0.19,0.9088131269907613,0.24041342153809464,0.13790619687261896,-0.08912801007585425,2.6973946948157574,0.2086,True
1840,0.25,0.16,0.16,0.25,0.18,0.9011015878512336,0.23874113915719142,0.13215763582934603,-0.08814779986331567,2.708418582510168,0.2086,True
1841,0.27,0.18,0.15,0.22,0.18,0.9008047817510787,0.23867668508895235,0.13362506026317525,-0.08671809581969203,2.7523284826873864,0.2086,True
1842,0.27,0.22,0.15,0.18,0.18,0.8892495891196137,0.23616213936777464,0.1342212497812587,-0.08575820539651902,2.753813915249684,0.2086,True
1843,0.26,0.16,0.23,0.2,0.15,0.8793608712304093,0.23400208281491341,0.12491212475350323,-0.08721290623546574,2.683113003746627,0.2086,True
1844,0.23,0.15,0.2,0.26,0.16,0.8745661028921012,0.23295200192316967,0.12385593244521692,-0.0854506338657246,2.7261588520130315,0.2086,True
1845,0.25,0.16,0.18,0.25,0.16,0.87317774990074,0.23264761061919192,0.12426259654677169,-0.08235361585474399,2.8249835566362718,0.2086,True
1846,0.26,0.16,0.2,0.23,0.15,0.8675762498451838,0.23141797221862048,0.12229049406836806,-0.08109319133557236,2.8537287583243334,0.2086,True
1847,0.25,0.18,0.16,0.25,0.16,0.8596330854772918,0.22967006985559446,0.12296978817641512,-0.07896922449852395,2.908349060207465,0.2086,True
1848,0.23,0.16,0.2,0.26,0.15,0.8537225918816826,0.22836622628516445,0.11926991800627852,-0.0806057181839478,2.8331268727612726,0.2086,True
1849,0.2,0.16,0.23,0.26,0.15,0.8515433085778019,0.2278847811831206,0.1192110101445872,-0.08815778511203731,2.5849649114199966,0.2086,True
1850,0.25,0.17,0.2,0.24,0.14,0.8419169196657361,0.22575359654447724,0.11678945779022107,-0.07619257754506281,2.9629342360935236,0.2086,True
1851,0.26,0.2,0.16,0.23,0.15,0.8404626777794717,0.22543099696082303,0.11963275828542294,-0.07446123577190589,3.027494704108548,0.2086,True
1852,0.24,0.17,0.2,0.25,0.14,0.8373398213104815,0.2247376679623312,0.11574240584630291,-0.0759578581013608,2.9587151820741635,0.2086,True
1853,0.23,0.2,0.16,0.26,0.15,0.8267649688966836,0.22238401332837587,0.11652770679609539,-0.07353650857894689,3.024130702229766,0.2086,True
1854,0.26,0.2,0.21,0.2,0.13,0.8236046257337386,0.22167885028512813,0.11469388940341511,-0.0739999316568003,2.995662905652923,0.2086,True
1855,0.25,0.2,0.17,0.24,0.14,0.8216367704022227,0.22123935369701497,0.1147194671094738,-0.07134774472619909,3.1008598035723933,0.2086,True
1856,0.26,0.2,0.2,0.21,0.13,0.8196651960018162,0.22079870893522036,0.11380746936342195,-0.07267567869481273,3.0381375571657374,0.2086,True
1857,0.24,0.2,0.17,0.25,0.14,0.8170986857928602,0.22022461949924166,0.11364927492872597,-0.07074732386486748,3.112833213591042,0.2086,True
1858,0.2,0.19,0.2,0.27,0.14,0.8134457063268639,0.21940657023700316,0.11211151555240091,-0.07544177532544327,2.9082901256037483,0.2086,True
1859,0.2,0.2,0.19,0.27,0.14,0.8067547362194984,0.21790533865232864,0.11136771806512527,-0.07276022353098266,2.9948415229859826,0.2086,True
1860,0.24,0.25,0.17,0.2,0.14,0.8030376642321009,0.21706974895818987,0.11445820890413093,-0.06944324438792737,3.125858402375094,0.2086,True
1861,0.26,0.15,0.2,0.16,0.23,1.0107828545028017,0.2621142156867886,0.15956095136489362,-0.11497481930785025,2.279753230009138,0.20860000000000004,True
1862,0.26,0.13,0.2,0.2,0.21,0.9826258601306028,0.2561967199690647,0.14989307434608887,-0.10725532130265103,2.388662090211204,0.20860000000000004,True
1863,0.26,0.15,0.23,0.16,0.2,0.9709501572845571,0.25372650829198906,0.14788542806305238,-0.10918627599516695,2.3237948723813977,0.20860000000000004,True
1864,0.27,0.14,0.19,0.2,0.2,0.9632786680039787,0.25209814649744655,0.14544037326614678,-0.10161285168457379,2.480967144589236,0.20860000000000004,True
1865,0.25,0.14,0.17,0.24,0.2,0.9459476258191359,0.2484037521032707,0.1421506321776207,-0.09842320774112223,2.5238331263967235,0.20860000000000004,True
1866,0.26,0.15,0.16,0.23,0.2,0.9439274492023184,0.2479716928674438,0.1424296392236224,-0.09705624508859223,2.554927739488552,0.20860000000000004,True
1867,0.27,0.19,0.14,0.2,0.2,0.929251637062577,0.24482392457631863,0.1424781184940961,-0.0936185613783308,2.615121627290742,0.20860000000000004,True
1868,0.25,0.17,0.14,0.24,0.2,0.9255957363245149,0.24403729970106025,0.14038505778866728,-0.09361180271002856,2.606907383858304,0.20860000000000004,True
1869,0.25,0.14,0.2,0.24,0.17,0.9046868838484652,0.23951918839095843,0.1303143735411505,-0.08998048247305546,2.6619015791861544,0.20860000000000004,True
1870,0.26,0.15,0.23,0.2,0.16,0.9002963486041655,0.2385662587421693,0.12934303413456702,-0.0919841466743927,2.5935584268303415,0.20860000000000004,True
1871,0.24,0.14,0.2,0.25,0.17,0.899987958242713,0.23849926999206583,0.12937965685482392,-0.09006530317497807,2.6480704731400455,0.20860000000000004,True
1872,0.26,0.15,0.2,0.23,0.16,0.8885415881061107,0.236007737014021,0.1267643886652641,-0.08568682083962209,2.754306143015282,0.20860000000000004,True
1873,0.25,0.2,0.14,0.24,0.17,0.8640402824658324,0.2306404919270768,0.12649743381843423,-0.07997140054284335,2.8840371728079837,0.20860000000000004,True
1874,0.26,0.2,0.15,0.23,0.16,0.8546256941347115,0.22856562814228765,0.1235290715593632,-0.0772385476126971,2.9592170646242724,0.20860000000000004,True
1875,0.27,0.19,0.2,0.2,0.14,0.8453900042351377,0.22652335659986322,0.11926744035270302,-0.07728535478748078,2.9309997634449245,0.20860000000000004,True
1876,0.27,0.2,0.19,0.2,0.14,0.8386081268867596,0.225019348761901,0.1185776038463482,-0.07578390421411307,2.969223492710951,0.20860000000000004,True
1877,0.21,0.2,0.2,0.26,0.13,0.7970522110310942,0.2157218149709843,0.1084807220152745,-0.07026349886260974,3.070183216933127,0.20860000000000004,True
1878,0.2,0.2,0.21,0.26,0.13,0.7964316955801334,0.21558190270697852,0.10842721606395173,-0.07285375152527784,2.9591050315669567,0.20860000000000004,True
1879,0.2,0.21,0.2,0.26,0.13,0.7897486687108788,0.2140729841965927,0.10765278927410028,-0.07005152634900247,3.0559360424220237,0.20860000000000004,True
1880,0.21,0.14,0.19,0.19,0.27,1.0509739900377526,0.27046585657468536,0.17407804363936397,-0.1298793722990942,2.082438895314646,0.20879999999999999,True
1881,0.21,0.13,0.21,0.19,0.26,1.0453390720217084,0.26930154739796874,0.1706626253977288,-0.13046825931021955,2.0641154317667394,0.20879999999999999,True
1882,0.24,0.16,0.18,0.16,0.26,1.040061006068314,0.2682090309940086,0.17086850408028115,-0.1231729545100051,2.177499371196966,0.20879999999999999,True
1883,0.21,0.13,0.19,0.21,0.26,1.037899020442763,0.2677609735915527,0.16918435429651965,-0.1261914079825387,2.1218637454984512,0.20879999999999999,True
1884,0.24,0.16,0.16,0.18,0.26,1.0325814676510614,0.26665759547858836,0.16947642532011864,-0.12058479269741074,2.21137002032856,0.20879999999999999,True
1885,0.25,0.15,0.18,0.17,0.25,1.0316576752501425,0.2664657148468277,0.16673845305054646,-0.11968375143827237,2.2264151285754026,0.20879999999999999,True
1886,0.24,0.14,0.22,0.16,0.24,1.0282360592618578,0.2657545048795369,0.16412930680054694,-0.12397624238241178,2.143592189701975,0.20879999999999999,True
1887,0.25,0.15,0.17,0.18,0.25,1.0278877939828521,0.26568207034174796,0.16603039518513923,-0.11838065597828196,2.244303075922217,0.20879999999999999,True
1888,0.26,0.16,0.18,0.16,0.24,1.0169773552898747,0.2634086320128255,0.16292260436871855,-0.1157946073914099,2.2747918745684714,0.20879999999999999,True
1889,0.25,0.17,0.15,0.18,0.25,1.0143380147590317,0.26285743422389074,0.16491657678253652,-0.11539247378956052,2.2779426213121994,0.20879999999999999,True
1890,0.25,0.15,0.22,0.15,0.23,1.0134648368231316,0.26267497443396715,0.16030937848148805,-0.11951762265059351,2.1977928326259484,0.20879999999999999,True
1891,0.26,0.16,0.16,0.18,0.24,1.0093907242880191,0.26182294734809863,0.16150792640546305,-0.11315330861058526,2.313877964003305,0.20879999999999999,True
1892,0.24,0.14,0.16,0.22,0.24,1.0055546776764266,0.26101965399066795,0.15970010089424505,-0.11308859392910531,2.308098853490918,0.20879999999999999,True
1893,0.25,0.15,0.15,0.22,0.23,0.9868418360326141,0.2570863041702123,0.1551411538677584,-0.1077822150554496,2.385238641068489,0.20879999999999999,True
1894,0.26,0.13,0.21,0.19,0.21,0.9864765476470891,0.257009276998182,0.15067603364050333,-0.10948656390026268,2.3474047211154225,0.20879999999999999,True
1895,0.25,0.15,0.15,0.23,0.22,0.9698289382127947,0.2534887806437556,0.15037241171004412,-0.1037199520685036,2.4439731757331957,0.20879999999999999,True
1896,0.27,0.14,0.21,0.19,0.19,0.9535178596580822,0.2500201582639112,0.14235109685460348,-0.10058253046820353,2.4857214975611335,0.20879999999999999,True
1897,0.26,0.13,0.21,0.21,0.19,0.9516702111050839,0.2496260317493022,0.1413007086108161,-0.10104485340430025,2.4704477599715005,0.20879999999999999,True
1898,0.25,0.15,0.25,0.17,0.18,0.9389286733831648,0.24690130620566464,0.13941282965286944,-0.10539377171702147,2.3426555685717925,0.20879999999999999,True
1899,0.26,0.16,0.24,0.16,0.18,0.9368916036575081,0.2464645812761015,0.1395829586357462,-0.10266131669223244,2.400754142039457,0.20879999999999999,True
1900,0.25,0.15,0.17,0.25,0.18,0.9078867067031717,0.2402127614250955,0.13277966038866934,-0.08979074568181811,2.6752507688967397,0.20879999999999999,True
1901,0.27,0.21,0.14,0.19,0.19,0.9059136181649365,0.23978517919560782,0.13805429912535377,-0.08889325625794198,2.697450732368517,0.20879999999999999,True
1902,0.26,0.16,0.16,0.24,0.18,0.9057987063712671,0.23976026790485427,0.13310435470524512,-0.08837789762459325,2.712898522697323,0.20879999999999999,True
1903,0.24,0.16,0.16,0.26,0.18,0.8964102781023635,0.2377215936086341,0.13123513458969382,-0.0879177041239555,2.7039103895782985,0.20879999999999999,True
1904,0.25,0.17,0.15,0.25,0.18,0.8943260083121445,0.2372680871638546,0.1315540291544298,-0.08649458935379117,2.743155253253478,0.20879999999999999,True
1905,0.24,0.14,0.22,0.24,0.16,0.8899097415633688,0.2363060720517478,0.1263868057631164,-0.09030066657182323,2.6168807055681587,0.20879999999999999,True
1906,0.22,0.14,0.24,0.24,0.16,0.8883345427444018,0.2359625768317688,0.12635476492279313,-0.0952506854982147,2.477279565995265,0.20879999999999999,True
1907,0.26,0.16,0.18,0.24,0.16,0.877820005322417,0.23366481960315721,0.1252687214854663,-0.08258582198483255,2.8293575578393027,0.20879999999999999,True
1908,0.25,0.15,0.23,0.22,0.15,0.877587962421208,0.23361401429763018,0.1237539826412248,-0.08770749833739999,2.663558062036449,0.20879999999999999,True
1909,0.23,0.15,0.25,0.22,0.15,0.8760987580189543,0.2332878564349894,0.12366534144404175,-0.09269620027031789,2.5166927636157936,0.20879999999999999,True
1910,0.25,0.15,0.22,0.23,0.15,0.8736660329646415,0.2327546820343489,0.12285811920515141,-0.08535877255644653,2.72678103331947,0.20879999999999999,True
1911,0.22,0.15,0.25,0.23,0.15,0.8714434100155684,0.23226715156090694,0.1227401736218202,-0.09285291756897451,2.501452379117441,0.20879999999999999,True
1912,0.23,0.15,0.22,0.25,0.15,0.8643919682444932,0.23071786379305936,0.12089549147026682,-0.08567376102428992,2.6929816204479113,0.20879999999999999,True
1913,0.22,0.15,0.23,0.25,0.15,0.8636585074589762,0.23055648932743233,0.12086638333201943,-0.08817920154471826,2.614635711012992,0.20879999999999999,True
1914,0.24,0.16,0.24,0.22,0.14,0.8558738148907259,0.22884110235811117,0.11923486836553658,-0.08539852843451612,2.6796843757511266,0.20879999999999999,True
1915,0.24,0.16,0.22,0.24,0.14,0.8480305819220424,0.22710795715770615,0.11738193309017,-0.08065696332987349,2.815726600428442,0.20879999999999999,True
1916,0.22,0.16,0.24,0.24,0.14,0.8466565568191453,0.22680382969877733,0.11727347959808906,-0.08571497183560028,2.646023499065984,0.20879999999999999,True
1917,0.25,0.22,0.15,0.23,0.15,0.826323262896351,0.2222855049959953,0.11810875704725503,-0.07200022885309398,3.0872888675053605,0.20879999999999999,True
1918,0.25,0.23,0.15,0.22,0.15,0.823498978100718,0.2216552632040465,0.11826850756453386,-0.07173184706254476,3.090053752704567,0.20879999999999999,True
1919,0.21,0.19,0.19,0.27,0.14,0.8141051501252274,0.2195543274840579,0.11216666939466936,-0.07326148802355925,2.996858696255994,0.20879999999999999,True
1920,0.26,0.21,0.19,0.21,0.13,0.8129071121791074,0.21928586439806752,0.11310180662177807,-0.07114917053619252,3.0820579178294154,0.20879999999999999,True
1921,0.24,0.22,0.16,0.24,0.14,0.8075609437731377,0.21808642106522735,0.1131525137909256,-0.06871407786969086,3.173824459651568,0.20879999999999999,True
1922,0.27,0.14,0.19,0.19,0.21,0.9806511973769194,0.25577962615461436,0.15012477815406433,-0.1057056387661991,2.419734927484338,0.2088,True
1923,0.26,0.13,0.19,0.21,0.21,0.9787732417047965,0.2553827017844075,0.14912452321349196,-0.10568411607422967,2.4164719474498284,0.2088,True
1924,0.27,0.19,0.14,0.19,0.21,0.9466253659226675,0.24854863474465816,0.14720157071737247,-0.09782316071800701,2.540795379339098,0.2088,True
1925,0.27,0.14,0.19,0.21,0.19,0.9457405383478301,0.24835947565030692,0.14076277588174654,-0.09747029730640899,2.5480529198506554,0.2088,True
1926,0.25,0.15,0.25,0.18,0.17,0.9212502277094872,0.2431009984829604,0.13478124229263178,-0.10110973740419438,2.404328254865745,0.2088,True
1927,0.27,0.19,0.14,0.21,0.19,0.9117152407870341,0.241041591492279,0.13776036392359078,-0.0893620377617037,2.697360059481297,0.2088,True
1928,0.24,0.14,0.24,0.22,0.16,0.8977139550487097,0.2380050856172451,0.1281737287690687,-0.09493918824915637,2.5069214305122314,0.2088,True
1929,0.25,0.15,0.18,0.25,0.17,0.8939886245240156,0.23719464613411412,0.1288292192942553,-0.08692357986862909,2.7287721754280647,0.2088,True
1930,0.25,0.18,0.15,0.25,0.17,0.8736587942748735,0.23275309485987217,0.12694152999305408,-0.08191373489525189,2.8414416111963128,0.2088,True
1931,0.24,0.16,0.18,0.26,0.16,0.8685412297158055,0.2316299792555272,0.12328128838694102,-0.08212141178402377,2.820579605532177,0.2088,True
1932,0.24,0.18,0.16,0.26,0.16,0.8550225446381423,0.2286532308877307,0.12197564504645933,-0.07873556665849801,2.904065349265533,0.2088,True
1933,0.25,0.17,0.18,0.25,0.15,0.8522528134090901,0.2280415657453958,0.11972828732943044,-0.07771198288512682,2.9344453362164864,0.2088,True
1934,0.25,0.18,0.17,0.25,0.15,0.8454852996203546,0.2265444638532177,0.11906414664658282,-0.07599710349561883,2.9809618187129696,0.2088,True
1935,0.27,0.19,0.19,0.21,0.14,0.8414488546472341,0.22564978257688706,0.11841934277639964,-0.07597385087378383,2.9700980005839304,0.2088,True
1936,0.26,0.19,0.21,0.21,0.13,0.8264331748170042,0.22231001880313173,0.11453373768846799,-0.07419316210925198,2.996368027497906,0.2088,True
1937,0.21,0.19,0.21,0.26,0.13,0.8037551936177112,0.2172311373981508,0.10924957516674817,-0.07306060823857752,2.9733004232429625,0.2088,True
1938,0.24,0.24,0.16,0.22,0.14,0.8019479653488419,0.21682456933848915,0.1134786727354413,-0.06830400766863332,3.1744047932060027,0.2088,True
1939,0.21,0.21,0.19,0.26,0.13,0.7903590867193602,0.21421096236708892,0.10773295327286085,-0.0681988525460665,3.1409760482758142,0.2088,True
1940,0.19,0.21,0.21,0.26,0.13,0.7891242906097058,0.21393181803826788,0.10763446722961065,-0.07264623766937217,2.944843737289124,0.2088,True
1941,0.26,0.18,0.16,0.16,0.24,1.0034060218789262,0.26056926367339894,0.16177756817239541,-0.11277309162445726,2.3105623861152433,0.20880000000000004,True
1942,0.26,0.18,0.16,0.24,0.16,0.8642493368523068,0.23068648565645966,0.12398882767962531,-0.07920288442392043,2.912602076734329,0.20880000000000004,True
1943,0.27,0.14,0.2,0.18,0.21,0.9845083605254457,0.2565940891818954,0.1508906210535153,-0.10705343014591595,2.3968787252510504,0.209,True
1944,0.27,0.14,0.21,0.18,0.2,0.9710239395483684,0.2537421488914282,0.14700704527957523,-0.10483798728302585,2.4203264052219287,0.209,True
1945,0.26,0.13,0.2,0.22,0.19,0.9477870390099428,0.2487968910595002,0.14049552245332086,-0.09883587596558341,2.517273091666999,0.209,True
1946,0.26,0.15,0.24,0.18,0.17,0.9220974757200868,0.24328366076355956,0.13482638465942365,-0.09866291523953985,2.4658065309838113,0.209,True
1947,0.26,0.18,0.15,0.24,0.17,0.878302582363147,0.23377046542882773,0.12792904706579278,-0.08214632255978893,2.8457812613423017,0.209,True
1948,0.24,0.18,0.15,0.26,0.17,0.869020753489677,0.23173530395508268,0.1259786285699488,-0.08168114929687131,2.8370720288574462,0.209,True
1949,0.26,0.17,0.18,0.24,0.15,0.8568543785792371,0.2290574371059526,0.12077324248361919,-0.07794598907803663,2.9386686834729727,0.209,True
1950,0.26,0.18,0.17,0.24,0.15,0.8500738539419304,0.2275599374184729,0.12011615249837747,-0.07623184561269569,2.9851033461083483,0.209,True
1951,0.24,0.17,0.18,0.26,0.15,0.8476569343580205,0.22702526873279427,0.11870844247456906,-0.07747797878382257,2.9301909045179846,0.209,True
1952,0.24,0.18,0.17,0.26,0.15,0.8409024190674208,0.22552856423496648,0.11803728400977304,-0.0757623634833936,2.976788920852505,0.209,True
1953,0.27,0.21,0.18,0.2,0.14,0.8318360812614352,0.2235138259185856,0.11790791082559914,-0.0742735650097135,3.009332134378557,0.209,True
1954,0.22,0.19,0.2,0.26,0.13,0.8043718320785498,0.21736979901158038,0.10933748052703521,-0.07047479902557952,3.0843620984670546,0.209,True
1955,0.2,0.19,0.22,0.26,0.13,0.8031245670236993,0.21708929762250118,0.10922231172193306,-0.07563805751953212,2.870106725922224,0.209,True
1956,0.22,0.2,0.19,0.26,0.13,0.7976587337934806,0.2158585410724203,0.10859529053165584,-0.06871136967585989,3.1415258070202183,0.209,True
1957,0.2,0.22,0.19,0.26,0.13,0.7830754900015457,0.21256253618103194,0.10689958401008541,-0.06768469933776777,3.140481353404239,0.209,True
1958,0.19,0.22,0.2,0.26,0.13,0.7824611910868835,0.21242330268744403,0.10685462532313521,-0.06983887827054747,3.041619624309279,0.209,True
1959,0.21,0.14,0.2,0.18,0.27,1.0546721981882414,0.2712288362829456,0.1748027996174157,-0.13200623432505965,2.054666869862042,0.20900000000000002,True
1960,0.23,0.14,0.2,0.17,0.26,1.0485944921642996,0.2699744557456367,0.17136114893528104,-0.12778129091263823,2.1127854775720913,0.20900000000000002,True
1961,0.21,0.14,0.18,0.2,0.27,1.0472736391603066,0.26970151616727156,0.17336617443985816,-0.1277462199713163,2.111228936776598,0.20900000000000002,True
1962,0.22,0.13,0.2,0.19,0.26,1.0466222549979247,0.26956687164796356,0.1705654767597821,-0.1281857502425967,2.1029394541733177,0.20900000000000002,True
1963,0.24,0.15,0.18,0.17,0.26,1.0430877026366465,0.26883576255194064,0.1707391076040335,-0.12334475727946748,2.1795475420396504,0.20900000000000002,True
1964,0.22,0.13,0.19,0.2,0.26,1.042892538786631,0.2687953690711309,0.16983447061704315,-0.12604393064610975,2.1325530526798677,0.20900000000000002,True
1965,0.23,0.14,0.22,0.16,0.25,1.0397588129626611,0.26814642248566956,0.16813567294562354,-0.12811234359385304,2.0930568824480975,0.20900000000000002,True
1966,0.24,0.15,0.17,0.18,0.26,1.0393448096436342,0.26806063904444777,0.170036859404209,-0.12205476183556752,2.1962325354055396,0.20900000000000002,True
1967,0.23,0.14,0.17,0.2,0.26,1.037385584815934,0.2676545208454133,0.16921116629273655,-0.12200975365626432,2.1937141320641556,0.20900000000000002,True
1968,0.26,0.15,0.18,0.17,0.24,1.019982140209223,0.264035563837286,0.16278980720627245,-0.11597938215688208,2.276573291967812,0.20900000000000002,True
1969,0.25,0.14,0.22,0.16,0.23,1.0164696323267757,0.26330263692417333,0.16017768591449558,-0.11979122851278878,2.1980126608023176,0.20900000000000002,True
1970,0.26,0.15,0.17,0.18,0.24,1.0161856109523,0.2632433352703063,0.16207595367883507,-0.11466296582274116,2.295800857595619,0.20900000000000002,True
1971,0.25,0.14,0.23,0.16,0.22,1.003377894801588,0.26056336568316385,0.15627698299755513,-0.11790879758312611,2.209872130189995,0.20900000000000002,True
1972,0.26,0.17,0.15,0.18,0.24,1.0026049224601228,0.2604012588585449,0.16095506907928417,-0.11163455686170054,2.3326223185634656,0.20900000000000002,True
1973,0.26,0.14,0.17,0.2,0.23,1.002334418848415,0.26034451931404856,0.15722169305509362,-0.1108717783015879,2.3481585963731217,0.20900000000000002,True
1974,0.26,0.13,0.2,0.19,0.22,0.9997927392950989,0.2598111389783775,0.15459638146304022,-0.11142047837722491,2.331807785807215,0.20900000000000002,True
1975,0.26,0.13,0.19,0.2,0.22,0.9959569444488261,0.25900532757236294,0.15383776606849248,-0.10972209964273438,2.3605575213718017,0.20900000000000002,True
1976,0.25,0.14,0.16,0.22,0.23,0.9936304235576718,0.2585160764142356,0.15570790542149024,-0.10931708286071595,2.3648277986306896,0.20900000000000002,True
1977,0.26,0.17,0.14,0.2,0.23,0.981950550400589,0.2560541103278575,0.15553777225320342,-0.10626040688904437,2.4096850165012604,0.20900000000000002,True
1978,0.27,0.14,0.18,0.2,0.21,0.9767921054222317,0.2549636968436044,0.14937350336215435,-0.1043537172374509,2.4432641557315025,0.20900000000000002,True
1979,0.26,0.14,0.23,0.17,0.2,0.9739163382740401,0.2543549814346977,0.14774985194052626,-0.10947993652359567,2.3233022370256657,0.20900000000000002,True
1980,0.26,0.13,0.22,0.19,0.2,0.9730218117104228,0.25416551588596903,0.14679371976329664,-0.10753533477897492,2.36355349065843,0.20900000000000002,True
1981,0.26,0.13,0.19,0.22,0.2,0.9614204049302733,0.25170307074152887,0.1444125737846275,-0.10159740229940184,2.477455771947535,0.20900000000000002,True
1982,0.27,0.14,0.18,0.21,0.2,0.9594031965434151,0.2512739198459857,0.14467935425915304,-0.10024643882714002,2.506562056326709,0.20900000000000002,True
1983,0.26,0.13,0.22,0.2,0.19,0.9555515278480373,0.2504536778627273,0.1421208171414405,-0.10330918476062079,2.4243118212873056,0.20900000000000002,True
1984,0.27,0.18,0.14,0.2,0.21,0.9495623505471344,0.24917609484910463,0.14706067307272264,-0.09804071747565202,2.5415572352475535,0.20900000000000002,True
1985,0.26,0.15,0.24,0.17,0.18,0.9398272877086908,0.24709386181155057,0.13944262318535441,-0.10296847501357709,2.399704004346666,0.20900000000000002,True
1986,0.27,0.14,0.21,0.2,0.18,0.9358489326343005,0.24624092578983792,0.137707455547544,-0.09627517351541826,2.5576783380234884,0.20900000000000002,True
1987,0.27,0.18,0.14,0.21,0.2,0.9321725756673254,0.2454516967685716,0.14233599454468485,-0.09384390412351107,2.6155316007049803,0.20900000000000002,True
1988,0.27,0.14,0.2,0.21,0.18,0.9319455678283342,0.2454029306140113,0.13689419282902116,-0.09466888148363628,2.5922238307677663,0.20900000000000002,True
1989,0.26,0.14,0.23,0.2,0.17,0.9211151463818199,0.2430718706849686,0.1338105411557802,-0.09668240329091893,2.5141273118083483,0.20900000000000002,True
1990,0.26,0.15,0.17,0.24,0.18,0.9125968132678346,0.2412322841959713,0.13372088621887412,-0.0900201363040457,2.6797591527877946,0.20900000000000002,True
1991,0.24,0.15,0.17,0.26,0.18,0.9031824212601378,0.23919282223197436,0.13186260392535423,-0.08956135706903467,2.67071458115136,0.20900000000000002,True
1992,0.26,0.17,0.15,0.24,0.18,0.8990101461310878,0.238286821078457,0.1325061525302973,-0.08672539862691553,2.7476013353774755,0.20900000000000002,True
1993,0.26,0.15,0.18,0.24,0.17,0.8986713922065745,0.23821320311485317,0.12979896321427686,-0.08715401341446305,2.7332442165574684,0.20900000000000002,True
1994,0.25,0.14,0.23,0.22,0.16,0.8985021561968203,0.23817642148440776,0.1282251766058452,-0.09246755747204394,2.5757836369411673,0.20900000000000002,True
1995,0.23,0.14,0.25,0.22,0.16,0.8969119041326785,0.23783069043319727,0.12817310376701255,-0.09740307403748716,2.4417164733596013,0.20900000000000002,True
1996,0.25,0.14,0.22,0.23,0.16,0.8945902157773107,0.23732559322902702,0.12734472137481795,-0.09014440653745048,2.6327267807840093,0.20900000000000002,True
1997,0.22,0.14,0.25,0.23,0.16,0.8922161580221517,0.23680867581097553,0.1272815992237876,-0.09755856854810252,2.4273488155396,0.20900000000000002,True
1998,0.27,0.2,0.14,0.21,0.18,0.891134028306529,0.2365729139306838,0.13320047411336536,-0.08481042133407402,2.7894321264931228,0.20900000000000002,True
1999,0.24,0.17,0.15,0.26,0.18,0.8896476669139453,0.2362489360691451,0.13062616984056627,-0.08626378211517238,2.738680478369529,0.20900000000000002,True
2000,0.24,0.15,0.18,0.26,0.17,0.8893116411958595,0.23617566997646522,0.12788395771825284,-0.08669314835066344,2.7242714616980206,0.20900000000000002,True
2001,0.27,0.21,0.14,0.2,0.18,0.8882508963282647,0.2359443311621967,0.13335040696439698,-0.08456746445188046,2.790013070528452,0.20900000000000002,True
2002,0.23,0.14,0.22,0.25,0.16,0.8852350461085543,0.2352861278957772,0.12545419084734863,-0.09045692523336091,2.6010847404859905,0.20900000000000002,True
2003,0.22,0.14,0.23,0.25,0.16,0.884451198178833,0.235114939724276,0.12544333691737092,-0.09293556817890991,2.5298703642899896,0.20900000000000002,True
2004,0.26,0.2,0.14,0.23,0.17,0.8686670722846803,0.23165762161189285,0.1274921848681898,-0.08020508002581539,2.888316070968695,0.20900000000000002,True
2005,0.25,0.16,0.23,0.22,0.14,0.8565611860272022,0.22899276011608505,0.11932649748301338,-0.08287303349466268,2.7631757938586015,0.20900000000000002,True
2006,0.23,0.16,0.25,0.22,0.14,0.855172472177099,0.22868632338306671,0.1191980459185095,-0.08791598629073405,2.601191581094384,0.20900000000000002,True
2007,0.25,0.16,0.22,0.23,0.14,0.8526297240790817,0.2281248382154928,0.11841469863170852,-0.08049821383401012,2.8339118018928153,0.20900000000000002,True
2008,0.22,0.16,0.25,0.23,0.14,0.8505577002714939,0.22766691749435508,0.11823700039197683,-0.08807394575589012,2.5849519462358073,0.20900000000000002,True
2009,0.27,0.18,0.2,0.21,0.14,0.8482377589397729,0.2271538007494025,0.119111629599977,-0.07747249080250695,2.9320575393459785,0.20900000000000002,True
2010,0.26,0.17,0.2,0.23,0.14,0.8464996776212721,0.22676909637688047,0.11786175342639861,-0.07677216490078598,2.953793170609923,0.20900000000000002,True
2011,0.23,0.16,0.22,0.25,0.14,0.8434371202888302,0.22609064648950206,0.11637517484500783,-0.08081571140919408,2.7976075758924845,0.20900000000000002,True
2012,0.22,0.16,0.23,0.25,0.14,0.8427537680926465,0.22593916059583874,0.11632612148221631,-0.08334848791439964,2.710776958879953,0.20900000000000002,True
2013,0.27,0.2,0.18,0.21,0.14,0.8346697848491544,0.2241442496197139,0.1177471593263073,-0.07446635234198606,3.0100071048241146,0.20900000000000002,True
2014,0.23,0.17,0.2,0.26,0.14,0.8327683808802062,0.22372130952044178,0.1147214996187064,-0.07572314076210285,2.9544642135658425,0.20900000000000002,True
2015,0.2,0.17,0.23,0.26,0.14,0.8307390238464234,0.22326958522340634,0.11460267708056031,-0.08331937287067093,2.6796839382116735,0.20900000000000002,True
2016,0.26,0.2,0.22,0.19,0.13,0.8275424546766676,0.2225573679809345,0.11559793412319867,-0.07551959541305975,2.947014834542496,0.20900000000000002,True
2017,0.26,0.2,0.17,0.23,0.14,0.826180477560545,0.2222536579168004,0.11581497531590512,-0.0722470011576054,3.0763028825509093,0.20900000000000002,True
2018,0.26,0.19,0.2,0.22,0.13,0.8224892851404058,0.2214297913534955,0.11364740254391308,-0.07287119074907666,3.0386465361319925,0.20900000000000002,True
2019,0.21,0.18,0.2,0.27,0.14,0.8208160583951711,0.22105596409632788,0.11290550693865291,-0.07564326227073448,2.922348368651096,0.20900000000000002,True
2020,0.2,0.18,0.21,0.27,0.14,0.8201464531670115,0.22090629875116075,0.1128756323544366,-0.07820041969324443,2.82487356995917,0.20900000000000002,True
2021,0.26,0.2,0.19,0.22,0.13,0.8157241688930255,0.21991693857382133,0.11293908478086254,-0.07134757730720409,3.0823322511276907,0.20900000000000002,True
2022,0.23,0.2,0.17,0.26,0.14,0.8125662220571497,0.21920945420459104,0.112605334647057,-0.0705103711933478,3.108896613286756,0.20900000000000002,True
2023,0.25,0.22,0.16,0.23,0.14,0.8120820748868052,0.21910091661223952,0.11423165721321371,-0.0696166892002168,3.147247005414288,0.20900000000000002,True
2024,0.25,0.23,0.16,0.22,0.14,0.8092703415346361,0.21847019112157584,0.11439479629162436,-0.06941509299388737,3.147300993183343,0.20900000000000002,True
2025,0.21,0.2,0.18,0.27,0.14,0.8074040322886367,0.21805118137166524,0.11144852399990268,-0.07151883549963522,3.048863699308658,0.20900000000000002,True
2026,0.23,0.22,0.16,0.25,0.14,0.8030454190806324,0.21707149342630627,0.11209959593405826,-0.06847599191871612,3.1700379555506,0.20900000000000002,True
2027,0.23,0.25,0.16,0.22,0.14,0.7946416715085665,0.21517811194450864,0.11258857464672921,-0.06764744046759119,3.180875883213897,0.20900000000000002,True
2028,0.2,0.26,0.19,0.22,0.13,0.7719380176099493,0.21003319586422875,0.10755417917758948,-0.06657142396810789,3.1550053062534538,0.20900000000000002,True
2029,0.26,0.14,0.2,0.17,0.23,1.0137833462549457,0.26274153646876863,0.15942874323303105,-0.11525599574407652,2.279634432660498,0.20900000000000005,True
2030,0.26,0.14,0.17,0.23,0.2,0.9507337730311807,0.24942618281128603,0.1430306957773822,-0.09864950634834047,2.52840781514445,0.20900000000000005,True
2031,0.26,0.17,0.14,0.23,0.2,0.9303429915936143,0.24505855411805277,0.14127911479306274,-0.09384017848282555,2.6114459507651397,0.20900000000000005,True
2032,0.26,0.14,0.2,0.23,0.17,0.9093916164074738,0.24053868784093746,0.13127343149909484,-0.09020985345304744,2.666434747797627,0.20900000000000005,True
2033,0.23,0.14,0.2,0.26,0.17,0.8952948379148993,0.23747893159175515,0.12847000578910883,-0.09022109176019599,2.6321886263908723,0.20900000000000005,True
2034,0.25,0.15,0.15,0.24,0.21,0.9526455461857188,0.2498341138896143,0.14559886426211552,-0.0996085118772293,2.5081602885257728,0.20919999999999997,True
2035,0.25,0.15,0.16,0.25,0.19,0.9216563969093117,0.2431885731582295,0.13678029014976104,-0.09263176573630405,2.6253258936088653,0.20919999999999997,True
2036,0.25,0.15,0.21,0.24,0.15,0.8697424115578407,0.23189377813516354,0.12197859208484818,-0.08300260377647017,2.793813297226966,0.20919999999999997,True
2037,0.25,0.19,0.16,0.25,0.15,0.8387275441545767,0.22504586373376712,0.11842029922405904,-0.07427129050350889,3.030051884222141,0.20919999999999997,True
2038,0.25,0.21,0.15,0.24,0.15,0.8291501200303424,0.2229156704302786,0.11795164491566976,-0.07226775815042008,3.0845798477143274,0.20919999999999997,True
2039,0.24,0.21,0.15,0.25,0.15,0.8245971950257607,0.2219004086183678,0.11690956200877138,-0.07203115837468,3.0806169666760357,0.20919999999999997,True
2040,0.24,0.15,0.21,0.15,0.25,1.0379682113668784,0.26777531786659203,0.16821006736889912,-0.12555102993303002,2.1328006469514875,0.2092,True
2041,0.25,0.15,0.19,0.16,0.25,1.035425483369409,0.26724796028938824,0.1674599865893904,-0.12107290101134771,2.2073309391037066,0.2092,True
2042,0.25,0.16,0.19,0.15,0.25,1.0324054373681388,0.26662103676826887,0.16759148477132854,-0.1208069106174744,2.20700153166323,0.2092,True
2043,0.25,0.15,0.21,0.15,0.24,1.0264012763507924,0.2653728011904868,0.16423922563418658,-0.12138750127895748,2.1861624829119797,0.2092,True
2044,0.25,0.15,0.16,0.19,0.25,1.0241158429796342,0.26489702287970984,0.16533597683083334,-0.11707364371820228,2.2626529291026447,0.2092,True
2045,0.25,0.16,0.15,0.19,0.25,1.017338594203967,0.26348403544035426,0.1647850122644307,-0.1155778597972037,2.2797102827710347,0.2092,True
2046,0.25,0.15,0.15,0.21,0.24,1.0036806587957106,0.26062684961569316,0.15990277028227323,-0.1117961779103328,2.3312679779154117,0.2092,True
2047,0.25,0.15,0.25,0.16,0.19,0.9564468097485883,0.2506444309379423,0.14406103026804765,-0.10962611518905918,2.2863569552353975,0.2092,True
2048,0.25,0.16,0.15,0.25,0.19,0.9148728491530018,0.24172434208273308,0.13618330414914379,-0.0910051410403312,2.656161391757054,0.2092,True
2049,0.25,0.15,0.25,0.19,0.16,0.9034150535770133,0.23924329887819562,0.1301723412812921,-0.09677305945932768,2.4722097267033925,0.2092,True
2050,0.25,0.15,0.24,0.21,0.15,0.8815081965154399,0.2344717799048781,0.12466583686083907,-0.09004881633170636,2.6038296721321825,0.2092,True
2051,0.24,0.15,0.25,0.21,0.15,0.8807598647337305,0.23430813348631063,0.12461666101044305,-0.09253948159065895,2.5319801824993364,0.2092,True
2052,0.25,0.15,0.19,0.25,0.16,0.8799646047134138,0.23413417713408413,0.12493786103755411,-0.08402990570119118,2.7863196463252144,0.2092,True
2053,0.24,0.15,0.21,0.25,0.15,0.8651115120129136,0.23087613514034944,0.12097872309332065,-0.08316035870056837,2.7762763262199766,0.2092,True
2054,0.25,0.16,0.19,0.25,0.15,0.8590300819351462,0.22953717510558924,0.1204122966330408,-0.07941603224598959,2.890312807300702,0.2092,True
2055,0.25,0.19,0.15,0.25,0.16,0.852875283037754,0.22817908451923663,0.12235302528098169,-0.07726092111577043,2.9533570299702383,0.2092,True
2056,0.22,0.13,0.21,0.18,0.26,1.0503498582013844,0.27033700108806547,0.17130945986291768,-0.13032123580744348,2.074389483901938,0.20939999999999998,True
2057,0.24,0.16,0.19,0.15,0.26,1.043797617564056,0.2689826734721841,0.17158444124105132,-0.12496387284959998,2.1524834925364202,0.20939999999999998,True
2058,0.22,0.13,0.18,0.21,0.26,1.0391607129796467,0.26802248961741637,0.16911659944488922,-0.12389574879521004,2.163290445586124,0.20939999999999998,True
2059,0.24,0.13,0.22,0.17,0.24,1.0312546477681552,0.2663819839083812,0.1640013506060605,-0.12424129024049035,2.144069684021738,0.20939999999999998,True
2060,0.24,0.16,0.15,0.19,0.26,1.0288385475537831,0.2658797948370435,0.16880059287951862,-0.11928489424648936,2.2289477348878024,0.20939999999999998,True
2061,0.26,0.16,0.19,0.15,0.24,1.0207676200383187,0.264199347349668,0.16365066661650923,-0.11710928527184183,2.2560068293166586,0.20939999999999998,True
2062,0.24,0.13,0.17,0.22,0.24,1.0123374843382975,0.2624393241311658,0.16027829790009887,-0.11459396258123056,2.2901671102012395,0.20939999999999998,True
2063,0.25,0.14,0.16,0.21,0.24,1.0104673015425352,0.2620482059294649,0.16046221036677644,-0.11330992989417776,2.3126676203418053,0.20939999999999998,True
2064,0.26,0.16,0.15,0.19,0.24,1.0055943648588515,0.2610279699895379,0.16082165764175638,-0.11182665149041648,2.3342196740274206,0.20939999999999998,True
2065,0.26,0.13,0.21,0.18,0.22,1.003626563747412,0.260615507367695,0.15536905103582907,-0.11363215314611697,2.293501444371784,0.20939999999999998,True
2066,0.26,0.13,0.21,0.22,0.18,0.9340210523623509,0.24584864709792598,0.1366263530244085,-0.0967468990529392,2.5411527346566363,0.20939999999999998,True
2067,0.27,0.16,0.16,0.23,0.18,0.9105016353377942,0.24077898088996674,0.13407459481354642,-0.08860799740781378,2.717350441651376,0.20939999999999998,True
2068,0.27,0.22,0.14,0.19,0.18,0.8853703609160317,0.23531567511828388,0.1335026859460907,-0.08432374784823815,2.7906216353404236,0.20939999999999998,True
2069,0.25,0.16,0.21,0.24,0.14,0.8486966121875514,0.2272553224065248,0.11751968758283238,-0.07811580947823638,2.909210362466253,0.20939999999999998,True
2070,0.24,0.14,0.21,0.16,0.25,1.0409950952271654,0.2684025169328532,0.16808092034741443,-0.1258130039239631,2.133344793953621,0.2094,True
2071,0.24,0.14,0.16,0.21,0.25,1.0221785484535957,0.26449343905588885,0.16446649372577377,-0.11703567481765742,2.259938599644697,0.2094,True
2072,0.24,0.13,0.24,0.17,0.22,1.005276289782405,0.26096131788108634,0.1561784409990298,-0.12052694774296946,2.165169887464512,0.2094,True
2073,0.27,0.16,0.16,0.18,0.23,0.9974312101870149,0.259315158618729,0.1576080960087598,-0.10937085381673461,2.3709713289177206,0.2094,True
2074,0.27,0.14,0.18,0.19,0.22,0.9940122470182706,0.2585963973331431,0.15407024721489282,-0.10841187207091996,2.385314379258913,0.2094,True
2075,0.26,0.13,0.18,0.21,0.22,0.9921191826206996,0.2581980689772583,0.15309340489542725,-0.10838638624391017,2.3822001814528204,0.2094,True
2076,0.26,0.13,0.22,0.18,0.21,0.9903253008421207,0.25782037713416894,0.151473186383657,-0.11171102095675445,2.3079224854097102,0.2094,True
2077,0.26,0.13,0.18,0.22,0.21,0.9749186957817806,0.25456721815680194,0.1483705956098959,-0.10433420146526007,2.439921086102956,0.2094,True
2078,0.27,0.18,0.14,0.19,0.22,0.9667857044383557,0.2528430807216189,0.15178703839799024,-0.10218672246163474,2.4743242040720794,0.2094,True
2079,0.25,0.14,0.16,0.24,0.21,0.9594362635466289,0.251280957058158,0.14618110475589435,-0.10118682024406023,2.4833368263976894,0.2094,True
2080,0.27,0.14,0.22,0.18,0.19,0.957403737027545,0.2508482541365553,0.14316768300392915,-0.10285101641705041,2.4389477408700673,0.2094,True
2081,0.25,0.16,0.14,0.24,0.21,0.9458641463561426,0.24838590410783445,0.1450334952773595,-0.09802052201523204,2.534019397175177,0.2094,True
2082,0.27,0.14,0.18,0.22,0.19,0.9418491012312891,0.2475268798669783,0.13999153427915115,-0.09608913945429154,2.5760130777810106,0.2094,True
2083,0.26,0.15,0.16,0.24,0.19,0.9263936820158991,0.24420907523399982,0.13769425241550118,-0.09286012283141809,2.62985948960402,0.2094,True
2084,0.26,0.16,0.15,0.24,0.19,0.9195971587119691,0.24274445069350903,0.137102287484467,-0.0912341989078167,2.6606738876370115,0.2094,True
2085,0.24,0.13,0.24,0.22,0.17,0.9184606573712482,0.24249920177847262,0.13269670104733422,-0.09960040140448301,2.434721129221852,0.2094,True
2086,0.27,0.18,0.14,0.22,0.19,0.9146199606484149,0.2416696891925012,0.1376167978331856,-0.08959534267935865,2.697346558039094,0.2094,True
2087,0.24,0.13,0.22,0.24,0.17,0.9106773232641008,0.24081700466990164,0.1309408704390463,-0.0950118793028718,2.5345988989676025,0.2094,True
2088,0.26,0.15,0.24,0.19,0.16,0.9042111292967445,0.23941600056731693,0.13023407815768162,-0.09430436416742083,2.5387584411499335,0.2094,True
2089,0.24,0.15,0.26,0.19,0.16,0.9026051298785094,0.23906754356097903,0.13016050344456961,-0.09923401912709107,2.409128902204397,0.2094,True
2090,0.25,0.14,0.24,0.21,0.16,0.902412359247144,0.23902570453864347,0.12912121827022074,-0.0947834375785166,2.521808774245391,0.2094,True
2091,0.24,0.14,0.25,0.21,0.16,0.9016134580722577,0.23885228053926633,0.1290903268089427,-0.09724757816715668,2.45612574668655,0.2094,True
2092,0.24,0.14,0.21,0.25,0.16,0.8860050379257989,0.23545424376720114,0.1255171241071638,-0.08797046644581041,2.6765146677065803,0.2094,True
2093,0.26,0.16,0.19,0.24,0.15,0.8636446652973921,0.23055344339770678,0.1214501005462519,-0.079649307114108,2.8946070185822075,0.2094,True
2094,0.25,0.16,0.24,0.21,0.14,0.860490994619816,0.22985909323541875,0.12025470823840305,-0.08524030462293453,2.696601029902625,0.2094,True
2095,0.24,0.16,0.25,0.21,0.14,0.859792953676427,0.22970529807117201,0.12018564990853232,-0.08775802542278743,2.6174848051164816,0.2094,True
2096,0.24,0.16,0.19,0.26,0.15,0.8544211970424369,0.22852048156184268,0.11939956753246823,-0.07918275945635345,2.885987847996206,0.2094,True
2097,0.27,0.18,0.19,0.22,0.14,0.8442921624215249,0.2262801399796781,0.11826369108856033,-0.07616322677880472,2.9709894072220306,0.2094,True
2098,0.24,0.16,0.21,0.25,0.14,0.8441064945632935,0.2262389974540675,0.11648053999642763,-0.07827482312619394,2.890316303740822,0.2094,True
2099,0.26,0.19,0.16,0.24,0.15,0.843303094971104,0.22606093863465104,0.11947924635367779,-0.07465312469200303,3.0281510595479078,0.2094,True
2100,0.24,0.17,0.24,0.22,0.13,0.8347885290484005,0.22417065286993298,0.11483974832256881,-0.08051564916254561,2.7841873623520756,0.2094,True
2101,0.24,0.19,0.16,0.26,0.15,0.8341576547562499,0.22403036237839857,0.1173865256982455,-0.07403580993759129,3.025973006403869,0.2094,True
2102,0.26,0.18,0.22,0.21,0.13,0.8332110450390495,0.22381979994374057,0.11528012630649666,-0.07610254213775403,2.941029217376234,0.2094,True
2103,0.26,0.18,0.21,0.22,0.13,0.8292642991516985,0.22294110969121417,0.11437628105161059,-0.07438581013557688,2.9970919088583936,0.2094,True
2104,0.24,0.17,0.22,0.24,0.13,0.8269271559745788,0.22242017995916386,0.11295211668934384,-0.07572098113685788,2.93736526679656,0.2094,True
2105,0.22,0.17,0.24,0.24,0.13,0.8256528820651172,0.22213596773538424,0.11280005485252723,-0.08083462499691207,2.7480299159409713,0.2094,True
2106,0.22,0.19,0.18,0.27,0.14,0.8147506476410056,0.21969892519963463,0.1122807369315441,-0.0720228730409529,3.0504049050460917,0.2094,True
2107,0.22,0.18,0.21,0.26,0.13,0.8110947987534447,0.2188795261024985,0.11010061639267567,-0.07326681092583587,2.9874307798664623,0.2094,True
2108,0.21,0.18,0.22,0.26,0.13,0.8104680308935894,0.2187389355625875,0.1100389706965903,-0.07583985937665028,2.8842212704568024,0.2094,True
2109,0.24,0.21,0.16,0.25,0.14,0.8103712806526373,0.2187172305876659,0.11299355836385329,-0.06898812014173017,3.1703607829627787,0.2094,True
2110,0.26,0.21,0.18,0.22,0.13,0.8089689539951765,0.21840254536982684,0.11225181631360857,-0.06981488945914971,3.1283089762337757,0.2094,True
2111,0.26,0.22,0.18,0.21,0.13,0.806158926934498,0.2177714792073242,0.11241723716380775,-0.0696135568856383,3.128291225875455,0.2094,True
2112,0.24,0.25,0.16,0.21,0.14,0.7991453216147106,0.21619352683736803,0.11364587751762022,-0.0680996446450256,3.1746645370073905,0.2094,True
2113,0.24,0.22,0.17,0.24,0.13,0.7932317610759505,0.2148598775153978,0.10932815719711225,-0.06645242012927555,3.233288977247369,0.2094,True
2114,0.22,0.21,0.18,0.26,0.13,0.7909555074838495,0.21434574632513015,0.1078745818232331,-0.06694009300134085,3.2020533093797265,0.2094,True
2115,0.24,0.24,0.17,0.22,0.13,0.7876441105693344,0.213597031631666,0.10966184988559086,-0.06603704946469924,3.234502954979029,0.2094,True
2116,0.21,0.22,0.18,0.26,0.13,0.7836758242680919,0.21269857363025513,0.1070068153192938,-0.0664230868251583,3.2021783960466856,0.2094,True
2117,0.22,0.26,0.18,0.21,0.13,0.77700999147832,0.2111863609282767,0.1087013283989202,-0.06554019502705433,3.2222418752507695,0.2094,True
2118,0.21,0.26,0.18,0.22,0.13,0.7725402977864477,0.21017024547093155,0.10766784513589543,-0.06529983653877303,3.218541678065901,0.2094,True
2119,0.22,0.14,0.19,0.18,0.27,1.0559973715421727,0.27150201081145475,0.17471286333389943,-0.129732551077272,2.0927824864072955,0.20940000000000003,True
2120,0.22,0.14,0.18,0.19,0.27,1.0522884174199945,0.2707371419294389,0.17400242877781424,-0.12759917280560573,2.121778190066329,0.20940000000000003,True
2121,0.23,0.16,0.18,0.16,0.27,1.051232104183247,0.2705191380328613,0.17491428339313725,-0.1269359669289465,2.131146471545663,0.20940000000000003,True
2122,0.24,0.15,0.19,0.16,0.26,1.0468284868281583,0.2696095039384909,0.17145456492492353,-0.1252263382882115,2.15297762135293,0.20940000000000003,True
2123,0.23,0.16,0.16,0.18,0.27,1.0438071329122494,0.2689846423623288,0.17353348776680635,-0.12423538167533388,2.1651210688535594,0.20940000000000003,True
2124,0.24,0.15,0.16,0.19,0.26,1.0355998112612483,0.2672841296259161,0.16934797503014068,-0.12076091172958914,2.2133331538968952,0.20940000000000003,True
2125,0.25,0.14,0.21,0.16,0.24,1.029417192792867,0.2660001031803325,0.16410838521536325,-0.12165715231106411,2.1864732005250227,0.20940000000000003,True
2126,0.26,0.15,0.19,0.16,0.24,1.0237766319715926,0.26482637588710967,0.1635174139795561,-0.11729183611797145,2.2578415058721464,0.20940000000000003,True
2127,0.26,0.15,0.16,0.19,0.24,1.012387047612918,0.2624496861837986,0.161376026975731,-0.11334256914447727,2.315543825808776,0.20940000000000003,True
2128,0.27,0.16,0.18,0.16,0.23,1.005070366627205,0.2609181632639457,0.15903391073994624,-0.11203939925206263,2.3288072321500084,0.20940000000000003,True
2129,0.27,0.14,0.19,0.18,0.22,0.997854545617199,0.2594040984302928,0.1548122467483683,-0.10974955002841946,2.3636005647687894,0.20940000000000003,True
2130,0.27,0.19,0.14,0.18,0.22,0.9638328465178474,0.2522159192745135,0.15192690454034635,-0.10197678013782796,2.473268119797742,0.20940000000000003,True
2131,0.27,0.14,0.22,0.19,0.18,0.9397504802637486,0.24707740579184567,0.13853597641928828,-0.09856415070569835,2.5067674608143427,0.20940000000000003,True
2132,0.26,0.13,0.22,0.21,0.18,0.9379180301044237,0.24668467386604065,0.13745882062537948,-0.09903165054489205,2.490968013849431,0.20940000000000003,True
2133,0.27,0.14,0.19,0.22,0.18,0.9280403892579667,0.24456341562948758,0.13609645428162023,-0.09327706234166055,2.621903064803721,0.20940000000000003,True
2134,0.27,0.19,0.14,0.22,0.18,0.8940197579455114,0.23720142356047602,0.13305288517582597,-0.08505262204163033,2.788878436274123,0.20940000000000003,True
2135,0.25,0.14,0.21,0.24,0.16,0.8906765414007487,0.23647321493433204,0.12648017067442885,-0.08781395048017415,2.6928889275710337,0.20940000000000003,True
2136,0.26,0.15,0.19,0.24,0.16,0.8846198731737118,0.23515178144425208,0.1259373873559344,-0.08426139169583435,2.7907417230076126,0.20940000000000003,True
2137,0.27,0.16,0.18,0.23,0.16,0.8824679976561456,0.2346816072773601,0.12629887825074554,-0.08281803017431355,2.833701873654897,0.20940000000000003,True
2138,0.24,0.15,0.19,0.26,0.16,0.8753150838403059,0.2331161508370363,0.12396310828656885,-0.08379842175309571,2.78186803474523,0.20940000000000003,True
2139,0.27,0.18,0.16,0.23,0.16,0.8688713004384865,0.23170247936589305,0.1250319614719054,-0.07943654643471187,2.9168246829099886,0.20940000000000003,True
2140,0.26,0.19,0.15,0.24,0.16,0.857478543404709,0.22919510245283936,0.12337836538569756,-0.0774953147859504,2.9575349566086486,0.20940000000000003,True
2141,0.27,0.19,0.18,0.22,0.14,0.8375060652565665,0.22477459683052525,0.11758903587943306,-0.07465855867437121,3.0107009942543383,0.20940000000000003,True
2142,0.22,0.18,0.19,0.27,0.14,0.8214717218961456,0.22120247773209978,0.11299391978606875,-0.07376117255736914,2.9989013197974232,0.20940000000000003,True
2143,0.25,0.21,0.16,0.24,0.14,0.8148963753670797,0.2197315648812619,0.11407123895557292,-0.06981767338262101,3.1472198117669925,0.20940000000000003,True
2144,0.23,0.15,0.21,0.26,0.15,0.8604863318610587,0.229858066045463,0.12000462935014532,-0.08331811222571872,2.7588006965730334,0.20959999999999998,True
2145,0.21,0.15,0.23,0.26,0.15,0.8590268311171918,0.22953645858640948,0.11995717798640071,-0.08833643316732698,2.59843476079254,0.20959999999999998,True
2146,0.26,0.21,0.15,0.23,0.15,0.8337086920006422,0.22393050481695553,0.11901887841060237,-0.07294736117204437,3.0697547000887604,0.20959999999999998,True
2147,0.23,0.15,0.18,0.17,0.27,1.0542694403683144,0.2711457875089889,0.17478639387703546,-0.127194421552149,2.131742761987566,0.2096,True
2148,0.23,0.15,0.17,0.18,0.27,1.0505538759342343,0.27037912455976154,0.17408992911434595,-0.12568604536813888,2.1512262858443156,0.2096,True
2149,0.23,0.15,0.21,0.15,0.26,1.0492889300563566,0.27011790655192347,0.17223147865039523,-0.12966603725146164,2.0831816278003714,0.2096,True
2150,0.23,0.13,0.22,0.17,0.25,1.0427883293964646,0.26877379957633996,0.16800936046098278,-0.12836980397521036,2.09374628030314,0.2096,True
2151,0.25,0.14,0.19,0.17,0.25,1.0384481908670278,0.2678748155915931,0.16733037065207756,-0.12134223821459444,2.207597449437639,0.2096,True
2152,0.25,0.14,0.17,0.19,0.25,1.030902095049604,0.26630873026661717,0.16590172629209013,-0.11856053657230159,2.2461835781606347,0.2096,True
2153,0.23,0.13,0.17,0.22,0.25,1.0240046149719797,0.2648738584511616,0.16432085617127035,-0.11830108651228455,2.238980775748469,0.2096,True
2154,0.25,0.13,0.22,0.17,0.23,1.0194770821004249,0.2639302297381301,0.16004794921775548,-0.12006402572433061,2.1982457122012478,0.2096,True
2155,0.26,0.15,0.21,0.15,0.23,1.0145909070084964,0.2629102688928233,0.16032479037523223,-0.11717458800429503,2.2437481826962884,0.2096,True
2156,0.25,0.13,0.23,0.17,0.22,1.0063740879758023,0.26119132987517535,0.1561463241395185,-0.11818559374928694,2.2100098801318686,0.2096,True
2157,0.27,0.15,0.17,0.18,0.23,1.0042410425523904,0.26074433470946734,0.15817961689985946,-0.11090091120962486,2.3511469100250086,0.2096,True
2158,0.25,0.13,0.17,0.22,0.23,1.0004281710884606,0.25994452891598363,0.15629028281610485,-0.11084273239542863,2.345165292286716,0.2096,True
2159,0.26,0.15,0.15,0.21,0.23,0.9917125877040702,0.25811248255650066,0.15595137625329114,-0.10800552173906419,2.389808209806969,0.2096,True
2160,0.27,0.17,0.15,0.18,0.23,0.9906305469715184,0.2578846610310117,0.15705212675075053,-0.10783152366086224,2.391551675019238,0.2096,True
2161,0.27,0.18,0.15,0.17,0.23,0.9876550920170526,0.2572577589055767,0.1571895342206628,-0.10763197357304033,2.390161123738928,0.2096,True
2162,0.25,0.13,0.17,0.23,0.22,0.9834180666480361,0.2563639742059287,0.15153721457455696,-0.10682331527159705,2.3998878293013677,0.2096,True
2163,0.25,0.14,0.25,0.17,0.19,0.9594014983067669,0.2512735584306429,0.14392514574776274,-0.10991997873882353,2.2859680406933482,0.2096,True
2164,0.26,0.15,0.15,0.23,0.21,0.957445552107602,0.2508571591324542,0.1464591969083271,-0.09983448663179806,2.5127304962026447,0.2096,True
2165,0.27,0.15,0.23,0.17,0.18,0.9407121585997802,0.2472834143587359,0.1395187072810724,-0.10053563576328661,2.459659328568531,0.2096,True
2166,0.25,0.14,0.17,0.25,0.19,0.9284494097799094,0.24465139785846834,0.1373950366531143,-0.09424836783343515,2.595815752383532,0.2096,True
2167,0.25,0.14,0.25,0.19,0.17,0.9241724752453249,0.24373079328316072,0.13464295535200083,-0.1014201907296709,2.40317821855423,0.2096,True
2168,0.25,0.13,0.23,0.22,0.17,0.9192996913574549,0.2426802687073033,0.13273041406950617,-0.09715491551283184,2.4978691754947904,0.2096,True
2169,0.27,0.15,0.17,0.23,0.18,0.9173127426294136,0.24225139158024422,0.13468559191781546,-0.09024952893574523,2.6842399560081853,0.2096,True
2170,0.25,0.13,0.22,0.23,0.17,0.9153981965205304,0.24183786192203938,0.13186479007111707,-0.09485683495608321,2.5495038078595536,0.2096,True
2171,0.22,0.13,0.25,0.23,0.17,0.9128718682946795,0.24129176927896467,0.13185208613787186,-0.10219257322252673,2.3611477984172704,0.2096,True
2172,0.23,0.13,0.22,0.25,0.17,0.9059622778844667,0.23979572764934742,0.1300418516970561,-0.09516692229792345,2.51973818065334,0.2096,True
2173,0.27,0.17,0.15,0.23,0.18,0.9037000820460739,0.23930513885399107,0.1334818367651149,-0.08695620993457065,2.7520189648796087,0.2096,True
2174,0.25,0.14,0.19,0.25,0.17,0.9007844520682695,0.23867227007308278,0.12949574219236953,-0.08857276031089945,2.694646404101201,0.2096,True
2175,0.27,0.18,0.15,0.23,0.17,0.8829521194298071,0.23478741672146008,0.12894042537748718,-0.08237891229051086,2.8500912453599487,0.2096,True
2176,0.26,0.15,0.23,0.21,0.15,0.8822425949719312,0.23463233717467435,0.12476712497496936,-0.08755026115506592,2.679973012977104,0.2096,True
2177,0.26,0.15,0.21,0.23,0.15,0.8743790321711538,0.23291099611743937,0.12300340928385628,-0.08284484745340281,2.8114119740330654,0.2096,True
2178,0.27,0.17,0.18,0.23,0.15,0.8614616315437842,0.23007288390352154,0.12184246462891118,-0.07853279414440495,2.929640876911458,0.2096,True
2179,0.27,0.18,0.17,0.23,0.15,0.8546680837074707,0.22857498602266535,0.1211924487221805,-0.0770430913998601,2.9668459802105036,0.2096,True
2180,0.23,0.17,0.18,0.27,0.15,0.8430667397507436,0.22600854497448797,0.11771456733530707,-0.07724397677409367,2.925905092062627,0.2096,True
2181,0.25,0.17,0.19,0.25,0.14,0.8379849597300617,0.22488096438027871,0.11592896733507357,-0.07472946145955417,3.0092678307603093,0.2096,True
2182,0.25,0.17,0.23,0.22,0.13,0.8354259030113644,0.22431235606696776,0.11495418523526972,-0.07814555919637234,2.870442778498676,0.2096,True
2183,0.23,0.17,0.25,0.22,0.13,0.8341371226036713,0.22402579600625416,0.11478230960115583,-0.08306070451237813,2.6971333474888683,0.2096,True
2184,0.25,0.17,0.22,0.23,0.13,0.8314853651171963,0.2234357556952027,0.11402600424826656,-0.07589748301608068,2.9439152237480988,0.2096,True
2185,0.22,0.17,0.25,0.23,0.13,0.8295631047865057,0.22300767897601181,0.11378304685808845,-0.08321992598669148,2.6797389727512515,0.2096,True
2186,0.25,0.19,0.17,0.25,0.14,0.8244606512971175,0.22186993450556924,0.11456435285439574,-0.07154521446729056,3.1011149544740686,0.2096,True
2187,0.23,0.17,0.22,0.25,0.13,0.8223745782381322,0.2214041711922039,0.11190451599984613,-0.07588100389973085,2.9177812603107802,0.2096,True
2188,0.22,0.17,0.23,0.25,0.13,0.821741056076424,0.22126265257687572,0.11183361922508496,-0.07844167037453198,2.8207284663932155,0.2096,True
2189,0.25,0.22,0.17,0.23,0.13,0.7977249168895724,0.21587345861276175,0.11044442055734287,-0.06736338425991428,3.20461124369639,0.2096,True
2190,0.25,0.23,0.17,0.22,0.13,0.7949258654316156,0.21524223788126196,0.11061124387050768,-0.06715755759728825,3.2050337383019003,0.2096,True
2191,0.23,0.22,0.17,0.25,0.13,0.7887441749162774,0.21384586128244742,0.10823830414922483,-0.06554015070274966,3.2628222393372646,0.2096,True
2192,0.23,0.25,0.17,0.22,0.13,0.7803783654146015,0.21195098300914084,0.10873882997950454,-0.06491148753513032,3.265230717358499,0.2096,True
2193,0.27,0.15,0.18,0.17,0.23,1.0080638795143058,0.2615452130958478,0.15889920353408055,-0.11223087440624724,2.3304212363981107,0.20960000000000004,True
2194,0.27,0.15,0.23,0.18,0.17,0.9229309094484355,0.24346329238611797,0.13491943175016194,-0.09620843697111603,2.5305815170784993,0.20960000000000004,True
2195,0.27,0.15,0.18,0.23,0.17,0.9033599459188455,0.2392313419699248,0.1307924580706645,-0.0873844489881942,2.737687823633761,0.20960000000000004,True
2196,0.23,0.14,0.16,0.21,0.26,1.033645069656151,0.26687844392208837,0.1685211122633021,-0.1207177401171805,2.2107640820895913,0.2098,True
2197,0.23,0.16,0.21,0.26,0.14,0.8395220472144547,0.22522224305315186,0.11546749649833372,-0.0784338353529852,2.8714934318786933,0.2098,True
2198,0.26,0.14,0.21,0.16,0.23,1.0175956452271948,0.2635376856621614,0.1601921187633153,-0.11745208019920828,2.243789000715697,0.20980000000000001,True
2199,0.26,0.14,0.16,0.21,0.23,0.9985141109233626,0.25954264344986333,0.156514322780362,-0.10953972346477059,2.3693929036924732,0.20980000000000001,True
2200,0.26,0.14,0.23,0.16,0.21,0.9911874383235855,0.25800192370740116,0.15241704576553158,-0.11364390784624967,2.2702662078151636,0.20980000000000001,True
2201,0.26,0.16,0.14,0.21,0.23,0.9849202354196367,0.25668099663530075,0.1554042222227504,-0.10646202193879195,2.4110099729542425,0.20980000000000001,True
2202,0.26,0.14,0.16,0.23,0.21,0.964249228296018,0.2523043932194291,0.1470370830678373,-0.10141211293372887,2.487911807776906,0.20980000000000001,True
2203,0.26,0.14,0.24,0.17,0.19,0.960351467580171,0.25147569639122835,0.1439396223937148,-0.1075199533165323,2.3388746798549938,0.20980000000000001,True
2204,0.26,0.16,0.14,0.23,0.21,0.9506512007940475,0.24940855767637982,0.1458981093844445,-0.09824718297667623,2.538582279102996,0.20980000000000001,True
2205,0.26,0.14,0.17,0.24,0.19,0.9331996777776377,0.2456722926095618,0.13830389681379418,-0.09447602843050684,2.600366428297412,0.20980000000000001,True
2206,0.26,0.14,0.24,0.19,0.17,0.9250194328861725,0.24391320806700856,0.13468693154805375,-0.09897759538465323,2.4643274785480194,0.20980000000000001,True
2207,0.26,0.17,0.14,0.24,0.19,0.9128101114514506,0.24127841386270332,0.13652830392934495,-0.0895981632022742,2.6928946447038227,0.20980000000000001,True
2208,0.26,0.14,0.19,0.24,0.17,0.9054802276359724,0.23969122087644257,0.1304593850577681,-0.08880248465582086,2.6991499371378365,0.20980000000000001,True
2209,0.26,0.14,0.23,0.21,0.16,0.9031973880014352,0.2391960698448552,0.12920235210790443,-0.09231155116618106,2.591182434084005,0.20980000000000001,True
2210,0.24,0.14,0.19,0.26,0.17,0.8960944732054217,0.23765290047799015,0.12855653316355048,-0.08834303798131926,2.6901146474976723,0.20980000000000001,True
2211,0.26,0.14,0.21,0.23,0.16,0.8953538150617399,0.23749176434838026,0.1274678529418427,-0.08765743313727081,2.709316892458739,0.20980000000000001,True
2212,0.21,0.14,0.23,0.26,0.16,0.879779119053782,0.2340935966707367,0.12456847798678068,-0.093091569011017,2.5146594816017407,0.20980000000000001,True
2213,0.26,0.19,0.14,0.24,0.17,0.871532223182298,0.23228664005706445,0.1273440348154264,-0.08045600542850873,2.8871261855458235,0.20980000000000001,True
2214,0.26,0.16,0.23,0.21,0.14,0.8611750413333816,0.23000976781602978,0.12037786934123958,-0.08271454586418436,2.780765649051634,0.20980000000000001,True
2215,0.26,0.16,0.21,0.23,0.14,0.8532924017625474,0.2282712190175853,0.11858404881512791,-0.07826289112575502,2.916723567633001,0.20980000000000001,True
2216,0.26,0.21,0.14,0.23,0.16,0.8478715886010633,0.2270727732051625,0.12294108215760777,-0.07551657238943055,3.006926374176168,0.20980000000000001,True
2217,0.21,0.16,0.23,0.26,0.14,0.8381626725247733,0.22492043157887864,0.11538017321602428,-0.08350696989714113,2.693433037456899,0.20980000000000001,True
2218,0.26,0.21,0.16,0.23,0.14,0.8194270802800332,0.22074546878639834,0.1151742539720101,-0.07072068921357422,3.121370439699111,0.20980000000000001,True
2219,0.23,0.21,0.16,0.26,0.14,0.8058517944613981,0.21770246478373956,0.1119421589879429,-0.0687504128689661,3.166562289577323,0.20980000000000001,True
2220,0.2,0.2,0.2,0.27,0.13,0.7925464194701597,0.2147051270812308,0.10749927345533287,-0.07042482733128597,3.048713574706187,0.20980000000000001,True
2221,0.2,0.13,0.2,0.2,0.27,1.052684711092664,0.2708189104581997,0.17407047759541533,-0.13240221746324965,2.0454257915534524,0.20980000000000004,True
2222,0.23,0.14,0.21,0.16,0.26,1.052326570529682,0.27074501463936373,0.17210389529557624,-0.1299204942008313,2.083928454127073,0.20980000000000004,True
2223,0.24,0.14,0.19,0.17,0.26,1.0498620232466962,0.27023626663981615,0.17132653374215362,-0.12548803698701672,2.1534823010083057,0.20980000000000004,True
2224,0.24,0.14,0.17,0.19,0.26,1.0423699939494635,0.2686872041766173,0.16990979691192135,-0.12222820699228065,2.1982422125654373,0.20980000000000004,True
2225,0.26,0.14,0.19,0.17,0.24,1.026788299743104,0.265453335748729,0.16338608221204107,-0.11747384738087996,2.2596802749471725,0.20980000000000004,True
2226,0.26,0.14,0.17,0.19,0.24,1.0191888179747997,0.26387010196662275,0.16194554375330045,-0.114849422689003,2.29753093910753,0.20980000000000004,True
2227,0.26,0.17,0.14,0.19,0.24,0.9988107732982006,0.25960494893842023,0.16028264761571165,-0.11030158769569365,2.3535921319159363,0.20980000000000004,True
2228,0.27,0.13,0.2,0.2,0.2,0.9701122481296025,0.25354885824209017,0.14608268781263653,-0.1031825136587814,2.4572851469829624,0.20980000000000004,True
2229,0.27,0.2,0.13,0.2,0.2,0.92247442991092,0.24336491287818207,0.14193745984194867,-0.0919898716966504,2.645562042750883,0.20980000000000004,True
2230,0.23,0.14,0.21,0.26,0.16,0.8813393029615761,0.2344348497785531,0.12457948219080878,-0.08812698103420036,2.6601938138284065,0.20980000000000004,True
2231,0.26,0.17,0.19,0.24,0.14,0.8425586800036033,0.22589590648750923,0.1170075938260086,-0.07546293734807452,2.9934682431663004,0.20980000000000004,True
2232,0.24,0.17,0.19,0.26,0.14,0.8334168888083833,0.22386559368755998,0.1148756638817184,-0.07449437196949349,3.005134317787606,0.20980000000000004,True
2233,0.26,0.19,0.17,0.24,0.14,0.8290083322230475,0.22288407844341473,0.11565839779698543,-0.0724429731581323,3.0766831995822663,0.20980000000000004,True
2234,0.24,0.19,0.17,0.26,0.14,0.8199185950221706,0.2208553611658124,0.11349567726697037,-0.07101682420124444,3.1099019654830227,0.20980000000000004,True
2235,0.24,0.13,0.21,0.17,0.25,1.0440246442257894,0.2690296475492222,0.1679536478395684,-0.12607421153742582,2.1338991080611223,0.21,True
2236,0.25,0.15,0.2,0.15,0.25,1.0391912149285285,0.26802881054179584,0.16819483181801717,-0.12324103044199297,2.1748342218539913,0.21,True
2237,0.24,0.13,0.17,0.21,0.25,1.02895875836031,0.2659047902078193,0.16503703015574653,-0.11852048623398415,2.243534418875635,0.21,True
2238,0.25,0.15,0.15,0.2,0.25,1.020341825652629,0.26411056854405324,0.16465536154164503,-0.11576269697197417,2.281482510795284,0.21,True
2239,0.27,0.16,0.19,0.15,0.23,1.008886947575006,0.26171751155024947,0.1597679801407856,-0.11336760291778192,2.308574097134752,0.21,True
2240,0.27,0.16,0.15,0.19,0.23,0.993608641518863,0.2585114940047537,0.1569167184102379,-0.1080304750150749,2.392949711353951,0.21,True
2241,0.27,0.13,0.21,0.19,0.2,0.9739882580551851,0.25437021194552445,0.14687295823809676,-0.10513865803240818,2.419378530274914,0.21,True
2242,0.25,0.13,0.17,0.24,0.21,0.9662362948532561,0.2527264384453263,0.1467799524359344,-0.10275553538438587,2.4594922064289015,0.21,True
2243,0.27,0.13,0.21,0.2,0.19,0.9564660796557265,0.2506485360373154,0.14221604433480456,-0.1008914713992517,2.484338195896055,0.21,True
2244,0.25,0.15,0.15,0.25,0.2,0.9352952408008646,0.24612212488478247,0.1408233340746931,-0.09544699604461038,2.5786262018109922,0.21,True
2245,0.27,0.15,0.16,0.23,0.19,0.9311368266866211,0.2452291646068132,0.13863140444335997,-0.09308848191782837,2.634366352899421,0.21,True
2246,0.27,0.16,0.15,0.23,0.19,0.9243273154846299,0.2437641462324489,0.13804450341785382,-0.0914632587789006,2.665159206952313,0.21,True
2247,0.25,0.13,0.21,0.24,0.17,0.9114949257197096,0.2409939260431062,0.13101465758969846,-0.09255158346647474,2.6038876593656792,0.21,True
2248,0.24,0.13,0.21,0.25,0.17,0.9067829963053868,0.23997361593628042,0.13008612699581726,-0.09270687977724612,2.5885200377025233,0.21,True
2249,0.27,0.16,0.19,0.23,0.15,0.8682649488044805,0.23156928752438133,0.12251214564464784,-0.08001380223260912,2.894116778142643,0.21,True
2250,0.25,0.15,0.2,0.25,0.15,0.8658171016129452,0.23103129758948437,0.12111575081392179,-0.08110935384807338,2.84839277627869,0.21,True
2251,0.23,0.16,0.19,0.27,0.15,0.849818008943946,0.22750336167568452,0.11841276239724631,-0.07894948874517416,2.8816318546406143,0.21,True
2252,0.25,0.2,0.15,0.25,0.15,0.8319795505973513,0.22354575965174361,0.11779716991563222,-0.07253443900989687,3.0819258093557766,0.21,True
2253,0.23,0.19,0.16,0.27,0.15,0.8295934251008223,0.22301443346908179,0.11637880527634291,-0.07380033148986642,3.0218622188669175,0.21,True
2254,0.25,0.17,0.21,0.24,0.13,0.8275432192864693,0.22255753844044768,0.11311508341240772,-0.07368476818162484,3.0204008770424284,0.21,True
2255,0.24,0.17,0.21,0.25,0.13,0.8229940615735205,0.22154252204469005,0.11203406427884376,-0.07331207151399965,3.021910545828518,0.21,True
2256,0.21,0.17,0.24,0.25,0.13,0.8210935322396791,0.22111797230057384,0.1118217141372683,-0.08099411076946572,2.7300500024001,0.21,True
2257,0.25,0.21,0.17,0.24,0.13,0.8005265302653701,0.21650460124876325,0.11028040367293829,-0.06756858362573492,3.2042199145092467,0.21,True
2258,0.21,0.19,0.2,0.27,0.13,0.7998564813880213,0.21635371339814702,0.10832837347299978,-0.07063587068216881,3.0629439590494485,0.21,True
2259,0.2,0.19,0.21,0.27,0.13,0.7992364398623839,0.21621405330132126,0.10827648970681142,-0.07322140741876182,2.9528803245308812,0.21,True
2260,0.24,0.21,0.17,0.25,0.13,0.7960294261812304,0.2154911827977395,0.1091655671017205,-0.06665915534067302,3.2327319735216404,0.21,True
2261,0.21,0.2,0.19,0.27,0.13,0.7931563567174307,0.21484285310911844,0.10757781166015777,-0.06847368781114604,3.1375972286123406,0.21,True
2262,0.19,0.2,0.21,0.27,0.13,0.7919225121869922,0.2145642142378148,0.10748262722278897,-0.0730148066488614,2.938639764803934,0.21,True
2263,0.2,0.21,0.19,0.27,0.13,0.7858662500092828,0.21319467158123495,0.1067432258252132,-0.06796079424926926,3.137024426160636,0.21,True
2264,0.19,0.21,0.2,0.27,0.13,0.7852524287485099,0.21305569138158664,0.10669994769440748,-0.0702131124499843,3.034414569406178,0.21,True
2265,0.23,0.15,0.19,0.16,0.27,1.0579828603474217,0.27191108478158377,0.17549581173689538,-0.12933150972144203,2.102434939228915,0.21000000000000002,True
2266,0.21,0.13,0.2,0.19,0.27,1.0577146702472904,0.2718558444495829,0.1746804486807184,-0.13225583598803792,2.0555300446187594,0.21000000000000002,True
2267,0.23,0.16,0.19,0.15,0.27,1.0549413786256587,0.2712843353125418,0.1756241907257425,-0.12907655030966614,2.1017321477968425,0.21000000000000002,True
2268,0.21,0.13,0.19,0.2,0.27,1.054012324406389,0.27109276444891295,0.17395621146721288,-0.13013242605814834,2.083206873648678,0.21000000000000002,True
2269,0.23,0.15,0.16,0.19,0.27,1.0468361704573268,0.26961109224470703,0.17340656359782586,-0.12440514017553161,2.1672021900726492,0.21000000000000002,True
2270,0.25,0.13,0.21,0.17,0.24,1.0324357687151755,0.26662733626067125,0.16397945783148987,-0.12192600987030155,2.1867962098021194,0.21000000000000002,True
2271,0.25,0.13,0.17,0.21,0.24,1.0172630273250607,0.2634682626859628,0.16103683138324673,-0.11481464415288156,2.29472698913861,0.21000000000000002,True
2272,0.27,0.15,0.19,0.16,0.23,1.0118847146351135,0.2623446569808052,0.15963283252635255,-0.11355681064103096,2.3102503099537866,0.21000000000000002,True
2273,0.27,0.15,0.16,0.19,0.23,1.0004162071615044,0.2599420177076013,0.15747425657879405,-0.10956690267801283,2.3724501775093505,0.21000000000000002,True
2274,0.25,0.13,0.24,0.17,0.21,0.9931292406828756,0.2584106313128003,0.15227947114037418,-0.11629049504058286,2.2221130903486186,0.21000000000000002,True
2275,0.27,0.13,0.2,0.19,0.21,0.9874843066951142,0.2572217569615389,0.1507577714295241,-0.10725351904039682,2.398259369603126,0.21000000000000002,True
2276,0.27,0.13,0.19,0.2,0.21,0.9836228429017178,0.2564072002534439,0.14999236739274602,-0.10590805806233439,2.4210358016623257,0.21000000000000002,True
2277,0.27,0.13,0.19,0.21,0.2,0.9662343429481481,0.2527260240078224,0.14530713845732343,-0.10182267797954447,2.482020990045002,0.21000000000000002,True
2278,0.27,0.15,0.23,0.16,0.19,0.9583334864909772,0.25104622490247186,0.14413693142563186,-0.10481046150233697,2.3952401440086613,0.21000000000000002,True
2279,0.27,0.13,0.2,0.21,0.19,0.9525740027073395,0.24981885285470407,0.14141473684909456,-0.09906215741123947,2.5218394125783488,0.21000000000000002,True
2280,0.27,0.19,0.13,0.2,0.21,0.9427782285171262,0.2477257731226843,0.1465244042977417,-0.09643811572918715,2.568753767632041,0.21000000000000002,True
2281,0.27,0.19,0.13,0.21,0.2,0.9253884295620836,0.24399266454952828,0.14179347671079395,-0.09221842146985781,2.645812633317291,0.21000000000000002,True
2282,0.25,0.13,0.24,0.21,0.17,0.923199406818378,0.24352115110065897,0.1336112362753271,-0.09944585854463084,2.4487812229140524,0.21000000000000002,True
2283,0.24,0.13,0.25,0.21,0.17,0.9223496576954375,0.2433380195228938,0.13359719519504376,-0.10188399058122943,2.388383279205056,0.21000000000000002,True
2284,0.27,0.15,0.23,0.19,0.16,0.9049933198864037,0.239585643118281,0.13034544172801488,-0.091827896720453,2.6090725332372515,0.21000000000000002,True
2285,0.27,0.2,0.13,0.21,0.19,0.9049386112214923,0.23957377933989665,0.137213436517318,-0.0877099415310093,2.7314324369398517,0.21000000000000002,True
2286,0.27,0.15,0.19,0.23,0.16,0.8892808908964991,0.23616896483467387,0.12696091104363547,-0.0844928797370531,2.7951345198512088,0.21000000000000002,True
2287,0.27,0.19,0.15,0.23,0.16,0.862087503632395,0.2302106979033698,0.1244278278594319,-0.07773292059097303,2.9615598661824074,0.21000000000000002,True
2288,0.27,0.23,0.15,0.19,0.16,0.850675586897391,0.22769297980441738,0.1250514435883515,-0.07698394751552706,2.9576682821895237,0.21000000000000002,True
2289,0.27,0.19,0.16,0.23,0.15,0.8478843088811494,0.22707558817586815,0.12056250487132898,-0.07554461720708205,3.0058473597584205,0.21000000000000002,True
2290,0.27,0.2,0.19,0.21,0.13,0.8202545177432863,0.22093045505203746,0.11408853609749514,-0.07224836568794168,3.0579301406801362,0.21000000000000002,True
2291,0.24,0.15,0.2,0.15,0.26,1.050567158806056,0.2703818669728859,0.17218307646788023,-0.12737564670345025,2.1227124177227985,0.2102,True
2292,0.24,0.15,0.15,0.2,0.26,1.0318527109015916,0.2665062304847743,0.16867260886661697,-0.1194631896583872,2.2308648483843956,0.2102,True
2293,0.26,0.15,0.2,0.15,0.24,1.0275690828272732,0.26561577539928605,0.16425860033030715,-0.11905758816312517,2.2309856893401547,0.2102,True
2294,0.25,0.14,0.16,0.2,0.25,1.0271259370476593,0.2655235853274607,0.1652077747094031,-0.11725572319053412,2.2644829446491017,0.2102,True
2295,0.25,0.16,0.14,0.2,0.25,1.0135667239089359,0.26269626753959385,0.16411791255745536,-0.11426072953349076,2.2990949612534672,0.2102,True
2296,0.26,0.15,0.15,0.2,0.24,1.008586453603217,0.26165461255237243,0.16069020043451146,-0.11201817404217784,2.3358228679379516,0.2102,True
2297,0.25,0.16,0.2,0.25,0.14,0.844761853764773,0.22638420753012745,0.11664184514166984,-0.07645094882497028,2.961169364273295,0.2102,True
2298,0.25,0.14,0.2,0.16,0.25,1.0422181218582636,0.2686557637414724,0.1680647356681659,-0.12350678515790381,2.1752308053196847,0.21020000000000003,True
2299,0.25,0.14,0.25,0.16,0.2,0.9767717059401406,0.254959380952573,0.1485857654646678,-0.11409353031450964,2.2346523965885994,0.21020000000000003,True
2300,0.25,0.14,0.16,0.25,0.2,0.9420861432193706,0.24757762819195506,0.1414137512886331,-0.0970476492757899,2.551093509626279,0.21020000000000003,True
2301,0.26,0.15,0.15,0.24,0.2,0.9400595441092117,0.24714362017694746,0.14171126162160502,-0.09567432888270044,2.5831758953851964,0.21020000000000003,True
2302,0.25,0.14,0.25,0.2,0.16,0.9063208215161862,0.23987344720058457,0.13003253179681995,-0.09709208093709476,2.470576847106581,0.21020000000000003,True
2303,0.25,0.14,0.2,0.25,0.16,0.8867611364792494,0.23561928173258484,0.1256318458540957,-0.08569572414008952,2.7494870263002915,0.21020000000000003,True
2304,0.26,0.15,0.2,0.24,0.15,0.8704447105107989,0.23204796195470623,0.12214631161676331,-0.0813419019478,2.852748170354065,0.21020000000000003,True
2305,0.24,0.15,0.2,0.26,0.15,0.8611952035350587,0.2300142083724963,0.12011022673184851,-0.08087680781383266,2.8440070100436894,0.21020000000000003,True
2306,0.25,0.2,0.14,0.25,0.16,0.846127171893813,0.2266866150904332,0.12175654348491438,-0.0755417425393683,3.000812629815844,0.21020000000000003,True
2307,0.26,0.2,0.15,0.24,0.15,0.8365421052523545,0.22456043501381995,0.11886293984338588,-0.0731421011264658,3.07019393147519,0.21020000000000003,True
2308,0.24,0.2,0.15,0.26,0.15,0.8274226450101103,0.22253065743316403,0.1167566015079792,-0.07229821320344565,3.077955146788586,0.21020000000000003,True
2309,0.25,0.2,0.16,0.25,0.14,0.817713244070124,0.2203621360757162,0.11391354070020031,-0.07001804832393232,3.147219057809641,0.21020000000000003,True
2310,0.22,0.13,0.19,0.19,0.27,1.0590399518962128,0.27212877199361163,0.1745895539816951,-0.12998581878044113,2.093526621186762,0.21039999999999998,True
2311,0.27,0.13,0.22,0.19,0.19,0.9603562974207607,0.25147672393560927,0.14303221586192832,-0.10315604855551141,2.437828197735608,0.21039999999999998,True
2312,0.27,0.13,0.21,0.21,0.18,0.9387808813990952,0.24686963155507824,0.13757124852530705,-0.09659256448935016,2.5557829721178686,0.21039999999999998,True
2313,0.27,0.21,0.13,0.21,0.18,0.8843655288357342,0.23509622712276745,0.13264927480486854,-0.08313107609297343,2.8280185722585482,0.21039999999999998,True
2314,0.27,0.21,0.18,0.21,0.13,0.8134862748222738,0.21941566118776978,0.11340965070384851,-0.07071945008482539,3.1026211448843104,0.21039999999999998,True
2315,0.21,0.27,0.18,0.21,0.13,0.7697628014829481,0.2095379639082029,0.10784037407079436,-0.0650167546521524,3.2228302539746356,0.21039999999999998,True
2316,0.26,0.13,0.21,0.17,0.23,1.0206030372680348,0.2641650330595897,0.16006140024408222,-0.11772875101961888,2.243844691901709,0.2104,True
2317,0.26,0.13,0.17,0.21,0.23,1.0053248014918807,0.2609714838854542,0.15709283523601034,-0.11106471088129644,2.349724604824073,0.2104,True
2318,0.27,0.13,0.19,0.19,0.22,1.000841988998972,0.2600313824450098,0.1546804996033518,-0.109944723634823,2.365110155796959,0.2104,True
2319,0.27,0.13,0.21,0.18,0.21,0.991343835748016,0.25803485183660513,0.15153752685692995,-0.10933505217995731,2.3600377618323085,0.2104,True
2320,0.27,0.13,0.18,0.21,0.21,0.9797594477799452,0.25559117742221726,0.14924152710477817,-0.10455848027986048,2.444480607771878,0.2104,True
2321,0.26,0.13,0.17,0.23,0.21,0.9710622257736587,0.25375026477365226,0.1476315073624894,-0.10298015011374562,2.4640696725861746,0.2104,True
2322,0.27,0.19,0.13,0.19,0.22,0.960002193057143,0.2514013840654148,0.1512568823873303,-0.10060656792814304,2.4988565780812144,0.2104,True
2323,0.27,0.13,0.19,0.22,0.19,0.9486800699877183,0.24898766988183185,0.14062853951773632,-0.09768769620257389,2.5488129985736268,0.2104,True
2324,0.26,0.14,0.16,0.24,0.2,0.9468634169218564,0.24859951567699645,0.14229700400409248,-0.09727429183968717,2.55565484955368,0.2104,True
2325,0.27,0.18,0.13,0.21,0.21,0.945710907860918,0.2483531402304957,0.14638387296977046,-0.09665812646088978,2.5693974146186807,0.2104,True
2326,0.26,0.17,0.13,0.23,0.21,0.9438661779409461,0.24795858398293302,0.14535408016269002,-0.09665011265131762,2.5655281425018868,0.2104,True
2327,0.27,0.14,0.17,0.23,0.19,0.9379558176899458,0.2466927750260024,0.13923590231011884,-0.09470369100668619,2.6048908168593514,0.2104,True
2328,0.26,0.16,0.14,0.24,0.2,0.933265073141406,0.24568633525153505,0.14114287443406884,-0.09406449160457342,2.6118924480488,0.2104,True
2329,0.27,0.17,0.14,0.23,0.19,0.9175272876695735,0.24229771477275808,0.13747549610567256,-0.08982792817193674,2.6973539265982382,0.2104,True
2330,0.26,0.13,0.21,0.23,0.17,0.9162126744377386,0.24201381758641394,0.1319674773971196,-0.09239628579963577,2.6193024480575815,0.2104,True
2331,0.27,0.19,0.13,0.22,0.19,0.9078363770414686,0.24020185829699092,0.13706791852312647,-0.08794653444206069,2.731225963829607,0.2104,True
2332,0.23,0.13,0.21,0.26,0.17,0.9020768845194427,0.23895288621617583,0.12918260159236025,-0.09286217473197222,2.573199334453072,0.2104,True
2333,0.27,0.18,0.21,0.21,0.13,0.8338207260788404,0.22395542477952568,0.115508628560433,-0.07527913994499713,2.9749997800607075,0.2104,True
2334,0.26,0.17,0.21,0.23,0.13,0.8320979998324907,0.22357212309702934,0.11422151857406564,-0.07457787836509355,2.9978343176047373,0.2104,True
2335,0.27,0.19,0.19,0.22,0.13,0.8230781097159185,0.221561290323665,0.11392717234147398,-0.07244466894621393,3.058351891816384,0.2104,True
2336,0.23,0.17,0.21,0.26,0.13,0.818450525018324,0.22052707278273465,0.11097942034667634,-0.07347236268394175,3.001496953778151,0.2104,True
2337,0.21,0.17,0.23,0.26,0.13,0.8171907192731069,0.22024521533650843,0.11084837177144605,-0.07860142275738136,2.8020512556921306,0.2104,True
2338,0.21,0.18,0.21,0.27,0.13,0.8065664671049231,0.2178630437359952,0.10909996797993969,-0.07342735497479314,2.967055585902357,0.2104,True
2339,0.26,0.21,0.17,0.23,0.13,0.805029207780813,0.21751758629395512,0.11142070013548713,-0.06847671359037577,3.1765190659577254,0.2104,True
2340,0.22,0.19,0.19,0.27,0.13,0.8004625202818709,0.21649018850174095,0.10844136862988334,-0.06898495190277076,3.138223373799956,0.2104,True
2341,0.23,0.21,0.17,0.26,0.13,0.7915378938530766,0.21447732980176037,0.10807719959396078,-0.06574842594895736,3.2620907148144673,0.2104,True
2342,0.21,0.21,0.18,0.27,0.13,0.7864660966787469,0.21333045691465125,0.10684882978672312,-0.0667016518770368,3.198278467044891,0.2104,True
2343,0.19,0.22,0.19,0.27,0.13,0.7785921861264329,0.21154563991675723,0.10593857121693698,-0.0674462634146814,3.1365064453772082,0.2104,True
2344,0.23,0.26,0.17,0.21,0.13,0.7775948743680674,0.21131919884070793,0.10891140921018473,-0.06470064416784549,3.266106567540606,0.2104,True
2345,0.19,0.27,0.19,0.22,0.13,0.7646964437157258,0.20838292955996862,0.10675588144173986,-0.06605050646044619,3.154902827047315,0.2104,True
2346,0.21,0.13,0.21,0.18,0.27,1.0614148674269162,0.27261756752019006,0.17541741893250118,-0.13437300260295582,2.0288120547973323,0.21040000000000003,True
2347,0.23,0.14,0.19,0.17,0.27,1.0610270148817196,0.27253776693635956,0.1753692422794679,-0.12958572864208984,2.1031464636750012,0.21040000000000003,True
2348,0.23,0.13,0.21,0.17,0.26,1.055366881799439,0.2713720547334897,0.17197814947463536,-0.13017421108793736,2.084683690152484,0.21040000000000003,True
2349,0.24,0.14,0.2,0.16,0.26,1.0536048674976475,0.27100872866018144,0.17205455419968244,-0.12763382256865852,2.1233300327928104,0.21040000000000003,True
2350,0.23,0.14,0.17,0.19,0.27,1.053589732673979,0.2710056069703408,0.17396434676262343,-0.1258531923540932,2.153347101501051,0.21040000000000003,True
2351,0.23,0.13,0.17,0.21,0.26,1.040409212597237,0.2682811649178276,0.16908742717174302,-0.12218301020677647,2.1957321600098236,0.21040000000000003,True
2352,0.24,0.14,0.16,0.2,0.26,1.0386208157274166,0.267910596177503,0.16922139006865725,-0.12093651396287808,2.2152994773748746,0.21040000000000003,True
2353,0.26,0.14,0.2,0.16,0.24,1.0305849771899798,0.2662428320602721,0.16412680101016083,-0.11933108314854468,2.231127255661042,0.21040000000000003,True
2354,0.26,0.14,0.16,0.2,0.24,1.0153860204776182,0.2630763565170662,0.16124607129692212,-0.11353126772924949,2.317214999699055,0.21040000000000003,True
2355,0.27,0.14,0.19,0.17,0.23,1.0148851318753467,0.2629717332759014,0.15949964590811078,-0.11374545578281459,2.3119317731516174,0.21040000000000003,True
2356,0.27,0.14,0.17,0.19,0.23,1.0072329447254846,0.2613712200750491,0.15804732302678706,-0.11109408886361416,2.352701415067405,0.21040000000000003,True
2357,0.26,0.16,0.14,0.2,0.24,1.001795980693661,0.2602315638878099,0.16014966643495268,-0.11049596488720848,2.355122778948967,0.21040000000000003,True
2358,0.26,0.13,0.23,0.17,0.21,0.9941721163035941,0.25863002461464024,0.1522843187008099,-0.11392872337889348,2.2701037714125234,0.21040000000000003,True
2359,0.27,0.17,0.14,0.19,0.23,0.9868102513831549,0.25707964439099285,0.156374931996407,-0.1064847217356577,2.4142397162775944,0.21040000000000003,True
2360,0.26,0.14,0.24,0.16,0.2,0.9777734720658955,0.2551712881996089,0.14858705018514784,-0.1117142899917214,2.284141878523494,0.21040000000000003,True
2361,0.27,0.14,0.23,0.17,0.19,0.9612877543237432,0.2516748590367195,0.1439988928093283,-0.10511252033674157,2.394337593946435,0.21040000000000003,True
2362,0.27,0.14,0.23,0.19,0.17,0.9258525663015629,0.24409259323660226,0.13477883365809384,-0.09652736887025448,2.528739735615242,0.21040000000000003,True
2363,0.26,0.13,0.23,0.21,0.17,0.9240353444253255,0.243701253489929,0.13367376503267178,-0.09700012096756849,2.5123809234362633,0.21040000000000003,True
2364,0.27,0.14,0.19,0.23,0.17,0.9101818015838319,0.240709753936573,0.13144673823868225,-0.08903221101611236,2.703625476548159,0.21040000000000003,True
2365,0.26,0.14,0.24,0.2,0.16,0.9071165643768389,0.24004590123705727,0.1300930592460881,-0.0946276855437781,2.536740699697274,0.21040000000000003,True
2366,0.24,0.14,0.26,0.2,0.16,0.9055112207335501,0.2396979405995543,0.13002192677794544,-0.0995487660270018,2.40784441802662,0.21040000000000003,True
2367,0.26,0.14,0.2,0.24,0.16,0.8914294253216861,0.23663728053223387,0.12662468929565404,-0.08592649445168943,2.7539501296108244,0.21040000000000003,True
2368,0.24,0.14,0.2,0.26,0.16,0.8820986075744544,0.2346008613383157,0.1246637304727791,-0.08563292752492058,2.739610429294771,0.21040000000000003,True
2369,0.27,0.19,0.14,0.23,0.17,0.8761687693874649,0.233303193829681,0.12836117167058225,-0.0806893221885675,2.8913762998834147,0.21040000000000003,True
2370,0.26,0.2,0.14,0.24,0.16,0.8507174485962465,0.22770223429933334,0.12278806928149542,-0.07577687457659188,3.0049040102489593,0.21040000000000003,True
2371,0.26,0.16,0.2,0.24,0.14,0.8493486047274126,0.22739954739796264,0.11771260646198506,-0.07695964015263501,2.954789639698916,0.21040000000000003,True
2372,0.27,0.17,0.19,0.23,0.14,0.847138051304337,0.22691042111491866,0.1181106474989148,-0.07635203449783612,2.9718975087867436,0.21040000000000003,True
2373,0.24,0.16,0.2,0.26,0.14,0.8401807645044443,0.2253684394842248,0.11559637926476099,-0.07621659743487497,2.956947004578577,0.21040000000000003,True
2374,0.27,0.19,0.17,0.23,0.14,0.8335616394752872,0.22389779409089128,0.11677689513166203,-0.07333946175178141,3.052896609040805,0.21040000000000003,True
2375,0.23,0.17,0.19,0.27,0.14,0.8288544655632684,0.22284979329897925,0.11384859862905308,-0.07425928459057796,3.000968761383065,0.21040000000000003,True
2376,0.26,0.2,0.16,0.24,0.14,0.8222479163375285,0.22137587959381855,0.11501511834722776,-0.0709195542152049,3.12150692490332,0.21040000000000003,True
2377,0.23,0.19,0.17,0.27,0.14,0.8153821617229167,0.219840357307858,0.11245330877339174,-0.07078024661446414,3.1059563624483477,0.21040000000000003,True
2378,0.24,0.2,0.16,0.26,0.14,0.8131841841032594,0.21934796274670854,0.11283735127603985,-0.06926128920450747,3.1669633249106997,0.21040000000000003,True
2379,0.24,0.14,0.22,0.15,0.25,1.0447521720040625,0.269180156859826,0.16884353986313308,-0.1279644541140219,2.103554137151046,0.21059999999999998,True
2380,0.26,0.16,0.18,0.15,0.25,1.03360437244414,0.2668699948889217,0.16763096826841223,-0.11972558165287173,2.2290139768347546,0.21059999999999998,True
2381,0.25,0.14,0.24,0.15,0.22,1.0071927408277652,0.26136280038951987,0.15709408686621648,-0.12010393963012844,2.1761384447039087,0.21059999999999998,True
2382,0.27,0.13,0.22,0.18,0.2,0.9778623693127932,0.2551900895015091,0.14767772165972223,-0.10738313644880804,2.376444737420796,0.21059999999999998,True
2383,0.25,0.14,0.24,0.22,0.15,0.8843929013376366,0.23510220611110189,0.12452457250656208,-0.09038072482287152,2.6012427602440242,0.21059999999999998,True
2384,0.24,0.14,0.25,0.22,0.15,0.8836449422448411,0.23493880822622026,0.12447669013978409,-0.09286701615694004,2.529841249870534,0.21059999999999998,True
2385,0.25,0.14,0.22,0.24,0.15,0.8765419086269042,0.23338493102918845,0.12271745969077281,-0.08569901497490462,2.723309376397511,0.21059999999999998,True
2386,0.22,0.14,0.25,0.24,0.15,0.8743204176173296,0.23289814727598857,0.12260355047931061,-0.09317996467093492,2.499444468545019,0.21059999999999998,True
2387,0.24,0.14,0.22,0.25,0.15,0.8718979876229278,0.23236689416830547,0.12172493306279789,-0.0858562637537491,2.7064640832120843,0.21059999999999998,True
2388,0.22,0.14,0.24,0.25,0.15,0.8704244134674244,0.23204350645149696,0.1216590983598653,-0.09085091957262137,2.554112908741818,0.21059999999999998,True
2389,0.26,0.16,0.18,0.25,0.15,0.8597113977267761,0.229687326828244,0.12062702833084363,-0.07820081820925018,2.937147360960411,0.21059999999999998,True
2390,0.25,0.16,0.18,0.26,0.15,0.8551058289807927,0.22867161389959856,0.11958362514311636,-0.07796717783832896,2.9329215221021214,0.21059999999999998,True
2391,0.25,0.18,0.16,0.26,0.15,0.841566549970179,0.22567588833763086,0.11827089078767802,-0.07453353984357691,3.0278434220520785,0.21059999999999998,True
2392,0.25,0.22,0.14,0.24,0.15,0.8224188867226183,0.22141406776438366,0.11735214411058072,-0.07052279692405505,3.139609848469583,0.21059999999999998,True
2393,0.24,0.22,0.14,0.25,0.15,0.8178789317724446,0.22039920586369788,0.11630341434134811,-0.07027876771589947,3.136071007315571,0.21059999999999998,True
2394,0.22,0.13,0.2,0.18,0.27,1.0627509019121888,0.27289237973820746,0.1753123206389179,-0.13210945330663593,2.0656536902382285,0.2106,True
2395,0.22,0.13,0.18,0.2,0.27,1.0553268527999067,0.2713638030885466,0.17387962752724026,-0.12785591259291573,2.122418882203359,0.2106,True
2396,0.25,0.15,0.18,0.16,0.26,1.0480827531364159,0.2698687244960243,0.17145870140667174,-0.12356321170739093,2.184053981496518,0.2106,True
2397,0.25,0.16,0.18,0.15,0.26,1.0450518324331393,0.2692421395535052,0.17158951625196114,-0.12339172871959192,2.182011244573441,0.2106,True
2398,0.25,0.15,0.16,0.18,0.26,1.0405775284938756,0.26831603003505133,0.17007107204821204,-0.12098000812545484,2.2178542900808105,0.2106,True
2399,0.26,0.15,0.18,0.16,0.25,1.0366244247357748,0.2674966734384805,0.1674985225777839,-0.11990347666512347,2.230933421435041,0.2106,True
2400,0.25,0.16,0.15,0.18,0.26,1.0338033825557216,0.2669113097435569,0.16952680181761806,-0.11950463565613911,2.2334808041385408,0.2106,True
2401,0.25,0.14,0.22,0.15,0.24,1.0332010454255092,0.26678625521090393,0.16487814745146004,-0.12382746626884178,2.1544998314968695,0.2106,True
2402,0.26,0.15,0.16,0.18,0.25,1.0290651753844808,0.2659269166206435,0.1661000418847682,-0.1172940184132314,2.267182250366533,0.2106,True
2403,0.26,0.16,0.15,0.18,0.25,1.0222750204610227,0.26451354253210146,0.1655524281770823,-0.11579888706485097,2.2842494365594868,0.2106,True
2404,0.27,0.13,0.2,0.18,0.22,1.0046865975544064,0.2608377301951892,0.15543624977228615,-0.11127605491532033,2.3440598284481187,0.2106,True
2405,0.27,0.13,0.18,0.2,0.22,0.9969954096305151,0.2592235868417996,0.15393894680959488,-0.10860934310735404,2.386752183792992,0.2106,True
2406,0.25,0.14,0.15,0.24,0.22,0.9727883392401355,0.25411605573347673,0.15024337578289704,-0.10392568484595888,2.4451708555987253,0.2106,True
2407,0.27,0.18,0.13,0.2,0.22,0.9629507680945377,0.25202845150513875,0.15111739806129543,-0.10081891506821461,2.4998131683386493,0.2106,True
2408,0.27,0.13,0.18,0.22,0.2,0.9623545459229574,0.2519017048334242,0.14454653906477907,-0.10045865636773299,2.507516165768013,0.2106,True
2409,0.26,0.15,0.25,0.16,0.18,0.9437100985448768,0.2479251898108341,0.14032024383879205,-0.10523996027137372,2.355808470200194,0.2106,True
2410,0.25,0.15,0.26,0.16,0.18,0.9428007621633319,0.247730595990739,0.1403091765291951,-0.10765799795605213,2.3010886389682534,0.2106,True
2411,0.27,0.13,0.22,0.2,0.18,0.9426867918216733,0.24770620257746612,0.13839937644272643,-0.098877564838879,2.505181058828698,0.2106,True
2412,0.27,0.13,0.2,0.22,0.18,0.9348731512778004,0.24603154553457562,0.13675837437319685,-0.09489154743962613,2.5927656590394514,0.2106,True
2413,0.27,0.18,0.13,0.22,0.2,0.9283050404886062,0.24462034476896521,0.14165170061988314,-0.09244626862132932,2.6460813228812796,0.2106,True
2414,0.26,0.15,0.16,0.25,0.18,0.908699529494899,0.2403888201230142,0.13296696431849472,-0.08861234428149733,2.7128141352333968,0.2106,True
2415,0.25,0.15,0.16,0.26,0.18,0.9039983549951136,0.23936984575152498,0.1320218148232946,-0.08838260023381417,2.708336766719665,0.2106,True
2416,0.26,0.16,0.15,0.25,0.18,0.9019039978016432,0.2389153559897952,0.13236677033019745,-0.08696313215252394,2.747317743463557,0.2106,True
2417,0.25,0.16,0.15,0.26,0.18,0.8972158104161161,0.2378967765509834,0.13141620392054942,-0.08673267878213486,2.7428736191644667,0.2106,True
2418,0.27,0.2,0.13,0.22,0.18,0.8872442925396353,0.23572471988449784,0.13249961804309357,-0.08337666096567287,2.827226674159432,0.2106,True
2419,0.26,0.15,0.18,0.25,0.16,0.8806964332116514,0.23429426018149058,0.12512719220390497,-0.08283145203665632,2.828566376909652,0.2106,True
2420,0.25,0.15,0.18,0.26,0.16,0.876050152470722,0.23327720819019282,0.12412264254672947,-0.08259960612665285,2.8241927429109137,0.2106,True
2421,0.25,0.15,0.24,0.22,0.14,0.8633562604138256,0.23048997726189446,0.1201088049437471,-0.08558230295882252,2.6931967158302985,0.2106,True
2422,0.24,0.15,0.25,0.22,0.14,0.8626586342008433,0.23033643113795232,0.1200410852682934,-0.08809555762611798,2.614620275354994,0.2106,True
2423,0.26,0.18,0.15,0.25,0.16,0.8603339772584457,0.22982450189837222,0.12323017514715917,-0.07775127531346315,2.9558936618313782,0.2106,True
2424,0.25,0.18,0.15,0.26,0.16,0.855726710811727,0.2288086412644985,0.12220635870889579,-0.0775172486767911,2.9517126210002407,0.2106,True
2425,0.25,0.15,0.22,0.24,0.14,0.8554861201170216,0.22875554701259304,0.11826927069344834,-0.08084872483766226,2.8294267778733158,0.2106,True
2426,0.22,0.15,0.25,0.24,0.14,0.8534153543733896,0.22829837453930857,0.11809575585210137,-0.08841098274369696,2.5822399825725784,0.2106,True
2427,0.24,0.15,0.22,0.25,0.14,0.8508829758802345,0.22773882655970867,0.11723810662695418,-0.08100722424757512,2.811339712908702,0.2106,True
2428,0.22,0.15,0.24,0.25,0.14,0.8495097941108669,0.22743519831131676,0.1171325002778502,-0.08605622488231612,2.6428674813744113,0.2106,True
2429,0.26,0.18,0.16,0.25,0.15,0.8461460915362171,0.2266908045993823,0.11932832674949947,-0.07484443716504685,3.028826365538484,0.2106,True
2430,0.27,0.18,0.2,0.22,0.13,0.8298633033619665,0.22307455128720277,0.11462959653328718,-0.07396166680680782,3.016083343144314,0.2106,True
2431,0.27,0.2,0.18,0.22,0.13,0.8163028275343398,0.22004648826004347,0.11324563807278354,-0.07091865621383375,3.1028011528667414,0.2106,True
2432,0.25,0.22,0.15,0.24,0.14,0.8081658136676255,0.21822224563886383,0.11344466523317188,-0.0682784775990325,3.196061970221141,0.2106,True
2433,0.22,0.18,0.2,0.27,0.13,0.8071826285331054,0.21800145432343698,0.10918630256464941,-0.07084624569257503,3.077106658120127,0.2106,True
2434,0.2,0.18,0.22,0.27,0.13,0.8059363076003541,0.217721456149905,0.10907432116679405,-0.07600013272801764,2.8647509989103144,0.2106,True
2435,0.24,0.22,0.15,0.25,0.14,0.8036537015045901,0.21720831214669656,0.11235962640434295,-0.06737037820513958,3.224092218768724,0.2106,True
2436,0.22,0.2,0.18,0.27,0.13,0.7937522867774995,0.21497738609970507,0.10771786627705791,-0.0672173878580431,3.198240707504395,0.2106,True
2437,0.2,0.22,0.18,0.27,0.13,0.7791959350653634,0.21168268085077702,0.1060089050183038,-0.0661842668581949,3.198383708084644,0.2106,True
2438,0.18,0.22,0.2,0.27,0.13,0.7779744951920564,0.21140540227983062,0.10593134851063887,-0.07000072282798708,3.0200459900866674,0.2106,True
2439,0.2,0.27,0.18,0.22,0.13,0.7653026106250649,0.20852124056616828,0.10683456263162995,-0.0647760111991913,3.2191120864937046,0.2106,True
2440,0.23,0.15,0.2,0.15,0.27,1.0616941324594422,0.27267502004615585,0.17621803630949304,-0.1314622867794718,2.0741691531927224,0.2108,True
2441,0.23,0.15,0.15,0.2,0.27,1.0431163273496824,0.2688416868538783,0.17273644312633646,-0.12312042416145086,2.1835669320091,0.2108,True
2442,0.25,0.13,0.2,0.17,0.25,1.045247693478494,0.26928264878792785,0.1679365116259665,-0.12377176127497502,2.175638821117537,0.21080000000000002,True
2443,0.25,0.13,0.17,0.2,0.25,1.0339190545083947,0.2669353222089015,0.1657749510570091,-0.11873988779292366,2.248067832727138,0.21080000000000002,True
2444,0.27,0.15,0.2,0.15,0.23,1.0157035445026943,0.26314267045472595,0.16038031989601725,-0.11487873817603178,2.2906124721835415,0.21080000000000002,True
2445,0.27,0.15,0.15,0.2,0.23,0.9965893767537464,0.25913825795231715,0.15678330633454002,-0.10822883032631947,2.394355156301629,0.21080000000000002,True
2446,0.25,0.13,0.25,0.17,0.2,0.9797449945632253,0.25558812263423447,0.14845289580634494,-0.11437850679177441,2.234581739203254,0.21080000000000002,True
2447,0.25,0.13,0.17,0.25,0.2,0.9488864365535903,0.24903174782122006,0.14202131788673691,-0.0986385145790235,2.5246907750390966,0.21080000000000002,True
2448,0.27,0.15,0.15,0.23,0.2,0.9448297437489035,0.24816470539395397,0.1426220746832639,-0.0959016636941582,2.587699689813314,0.21080000000000002,True
2449,0.25,0.13,0.25,0.2,0.17,0.9270973394911681,0.2443605137756304,0.1345069662612266,-0.10172969725219017,2.4020568268266373,0.21080000000000002,True
2450,0.25,0.13,0.2,0.25,0.17,0.90758988236713,0.2401484563402907,0.13018031256800686,-0.09023912742727713,2.661245328794032,0.21080000000000002,True
2451,0.27,0.15,0.23,0.2,0.15,0.8869029707631604,0.23565023580271305,0.12580424388611386,-0.08739302258275439,2.6964422197386595,0.21080000000000002,True
2452,0.27,0.15,0.2,0.23,0.15,0.8750780319039533,0.2330642025514964,0.12320108532393405,-0.08157445211304026,2.857073464968322,0.21080000000000002,True
2453,0.23,0.15,0.2,0.27,0.15,0.856579014601835,0.22899669321583804,0.11913057813477147,-0.08095498670903623,2.8286916288293003,0.21080000000000002,True
2454,0.27,0.2,0.15,0.23,0.15,0.8411103106504287,0.22557468461710473,0.11995303988067135,-0.07403729386720082,3.0467710640763483,0.21080000000000002,True
2455,0.25,0.17,0.2,0.25,0.13,0.8235994689313011,0.2216776989892666,0.11222183821965456,-0.07236511465441231,3.063322708019095,0.21080000000000002,True
2456,0.25,0.2,0.17,0.25,0.13,0.8033307066536846,0.217135665938595,0.11011919291285371,-0.06777315855809629,3.203859323635664,0.21080000000000002,True
2457,0.25,0.13,0.16,0.22,0.24,1.013464745208005,0.26267495528724716,0.16033566801703533,-0.11349839634308401,2.3143494864300185,0.21099999999999997,True
2458,0.27,0.16,0.15,0.18,0.24,1.010502070189284,0.2620554794368468,0.1616318368181555,-0.11204897975125172,2.3387582824815443,0.21099999999999997,True
2459,0.27,0.16,0.15,0.24,0.18,0.9065979853852528,0.2399335198248933,0.1333409381217706,-0.08719358755116424,2.751733545590184,0.21099999999999997,True
2460,0.24,0.13,0.22,0.16,0.25,1.0477859127283584,0.2698073857346024,0.16871576480234401,-0.1282221315616887,2.1042185342613484,0.211,True
2461,0.24,0.13,0.16,0.22,0.25,1.025187100990752,0.2651200804411611,0.16434166667412634,-0.11721754115700656,2.261778210191656,0.211,True
2462,0.26,0.14,0.22,0.15,0.23,1.0214059334309367,0.26433241334507374,0.1609690303506651,-0.11964155507431551,2.2093695888596843,0.211,True
2463,0.26,0.14,0.23,0.15,0.22,1.0082879216667417,0.2615921180320826,0.15708788802211476,-0.11775845412704466,2.2214296202450297,0.211,True
2464,0.26,0.14,0.25,0.18,0.17,0.9289219352934335,0.24475302482019878,0.13557818704935085,-0.1012656590767782,2.4169400273653525,0.211,True
2465,0.25,0.14,0.26,0.18,0.17,0.9280642561390569,0.24456854984921161,0.13555370557045665,-0.10370090968208523,2.358403128757335,0.211,True
2466,0.26,0.14,0.23,0.22,0.15,0.8851269171619989,0.235262515937543,0.12462459487974546,-0.08788656964208863,2.676888139969869,0.211,True
2467,0.26,0.14,0.22,0.23,0.15,0.8811915630497114,0.23440254327771703,0.12373489174914236,-0.08554176480595099,2.740211682672814,0.211,True
2468,0.22,0.14,0.26,0.23,0.15,0.8782147285519364,0.23375123380909812,0.12356342250412576,-0.09550169854966672,2.4476133656149917,0.211,True
2469,0.23,0.14,0.22,0.26,0.15,0.8672597983624626,0.2313484316103993,0.12075812838292833,-0.08601351114250055,2.6896754769970856,0.211,True
2470,0.22,0.14,0.23,0.26,0.15,0.8665267195143409,0.23118730642762975,0.12073042008452547,-0.08851452866534226,2.611857170947698,0.211,True
2471,0.27,0.16,0.18,0.24,0.15,0.8643226563692032,0.2307026157544385,0.12169474657120999,-0.07871706534783007,2.9307827309748418,0.211,True
2472,0.27,0.18,0.16,0.24,0.15,0.8507312982978104,0.22770529606486023,0.1204101230537979,-0.07573445696344272,3.006627434785389,0.211,True
2473,0.24,0.16,0.18,0.27,0.15,0.8505059484559314,0.22765547588194646,0.11856538175220006,-0.07773353955246709,2.928664733300713,0.211,True
2474,0.25,0.16,0.24,0.22,0.13,0.8422104993131645,0.22581870174471552,0.11574818792940408,-0.08070852469374723,2.79795353219002,0.211,True
2475,0.24,0.16,0.25,0.22,0.13,0.8415629274251153,0.22567508484485432,0.11565885354131411,-0.08324928611820681,2.710835075803715,0.211,True
2476,0.25,0.16,0.22,0.24,0.13,0.8343221245213002,0.22406693939575528,0.11387529682620225,-0.07618771888510945,2.940985012737377,0.211,True
2477,0.22,0.16,0.25,0.24,0.13,0.832401248379,0.22363961245690867,0.11363667073367796,-0.08356722733890531,2.676164084635026,0.211,True
2478,0.24,0.16,0.22,0.25,0.13,0.8297599350423464,0.22305152575973963,0.11280297459862577,-0.0760817894091047,2.9317334344011505,0.211,True
2479,0.22,0.16,0.24,0.25,0.13,0.8284865885493882,0.22276781377056354,0.11265386300659379,-0.08118623333500574,2.7439111856727916,0.211,True
2480,0.26,0.17,0.2,0.24,0.13,0.8281451839680878,0.22269172365056056,0.1133354127971361,-0.07326044705859691,3.0397265180820146,0.211,True
2481,0.26,0.22,0.14,0.23,0.15,0.826964476288071,0.22242850183583762,0.11842604953063675,-0.07142450004437284,3.114176531829453,0.211,True
2482,0.26,0.23,0.14,0.22,0.15,0.8241406360953603,0.2217985068897912,0.1185870796126975,-0.07122627865798636,3.1139982471191714,0.211,True
2483,0.24,0.17,0.2,0.26,0.13,0.8190593664791854,0.2206632427549422,0.11113375093381365,-0.0714826135503338,3.0869498440983034,0.211,True
2484,0.26,0.2,0.17,0.24,0.13,0.8078373361933213,0.2181484892172305,0.11125808813463749,-0.06867976195584169,3.1763139970911833,0.211,True
2485,0.24,0.2,0.17,0.26,0.13,0.7988296526473759,0.21612240984064757,0.10900581419805633,-0.06686526099592593,3.2322076758784473,0.211,True
2486,0.25,0.22,0.16,0.24,0.13,0.7937971089177074,0.21498750362664354,0.10962578578186342,-0.0660166527682774,3.256564739525089,0.211,True
2487,0.24,0.22,0.16,0.25,0.13,0.7893129998819606,0.21397448693587928,0.10850279673020427,-0.06510338761742107,3.2866874484826605,0.211,True
2488,0.24,0.25,0.16,0.22,0.13,0.7809487181222337,0.21208035776685996,0.10900762602724075,-0.06447223807828584,3.28948341314505,0.211,True
2489,0.23,0.14,0.2,0.16,0.27,1.0647424321077121,0.2733018022674807,0.1760909665179662,-0.13171304117502913,2.0749790592436392,0.21100000000000002,True
2490,0.24,0.15,0.18,0.16,0.27,1.0592924797004608,0.2721807641007874,0.1754669475268152,-0.12718035491200808,2.1401164062570857,0.21100000000000002,True
2491,0.24,0.13,0.2,0.17,0.26,1.0566452465378213,0.2716355226475424,0.17192786735184745,-0.1278912464404578,2.1239571136247197,0.21100000000000002,True
2492,0.24,0.16,0.18,0.15,0.27,1.0562509013907202,0.27155426070515043,0.17559625566280673,-0.1270151470937606,2.1379675331532964,0.21100000000000002,True
2493,0.24,0.15,0.16,0.18,0.27,1.0518419603359748,0.27064501041347677,0.17409016868578786,-0.12462297301432101,2.171710430807775,0.21100000000000002,True
2494,0.25,0.14,0.18,0.17,0.26,1.0511163405462822,0.2704952419667932,0.17132972916902503,-0.12373419299502841,2.1860993749533857,0.21100000000000002,True
2495,0.25,0.14,0.17,0.18,0.26,1.0473606007563134,0.26971948942352086,0.170629733347863,-0.12244666214959476,2.2027508523997237,0.21100000000000002,True
2496,0.24,0.13,0.17,0.2,0.26,1.0453978423054306,0.26931370177747294,0.16978459008058305,-0.12240114469782948,2.2002547643024504,0.21100000000000002,True
2497,0.26,0.14,0.18,0.17,0.25,1.0396471380759085,0.26812328406563246,0.1673679562779745,-0.12008084815814446,2.232856347854227,0.21100000000000002,True
2498,0.25,0.13,0.22,0.16,0.24,1.036223840232585,0.26741358546350136,0.16474872969094762,-0.12409273380157737,2.1549495870652033,0.21100000000000002,True
2499,0.26,0.14,0.17,0.18,0.25,1.0358643409457464,0.26733900997498017,0.16666238769205766,-0.11878026253639429,2.2507022990715098,0.21100000000000002,True
2500,0.26,0.13,0.2,0.17,0.24,1.0336035305850975,0.266869820111755,0.16399691198070243,-0.11960377214073192,2.2312826371206946,0.21100000000000002,True
2501,0.27,0.15,0.18,0.16,0.24,1.024920276498944,0.26506452954950666,0.16359184675225535,-0.11620039305202778,2.281098390354206,0.21100000000000002,True
2502,0.26,0.13,0.17,0.2,0.24,1.0221946777312527,0.26449680022617095,0.1618170670611234,-0.11503532758343549,2.2992658497393386,0.21100000000000002,True
2503,0.27,0.14,0.2,0.16,0.23,1.0187082154932119,0.2637698424397281,0.1602466803415799,-0.11510585068143897,2.291541575673021,0.21100000000000002,True
2504,0.27,0.15,0.16,0.18,0.24,1.017307683008216,0.2634775835250758,0.1621825977001731,-0.11356423714022845,2.3200753173706894,0.21100000000000002,True
2505,0.25,0.13,0.24,0.16,0.22,1.0101931926374252,0.2619908601466292,0.15696294601457605,-0.12037706534510062,2.1764184015912487,0.21100000000000002,True
2506,0.27,0.14,0.16,0.2,0.23,1.0034038480176992,0.2605688078365993,0.15734240249345297,-0.1097623659610707,2.3739357798556835,0.21100000000000002,True
2507,0.26,0.14,0.15,0.22,0.23,0.9946918092903987,0.2587393256429291,0.15582141946478545,-0.108203616846139,2.3912262194603495,0.21100000000000002,True
2508,0.27,0.16,0.14,0.2,0.23,0.9897840837681748,0.25770638231984866,0.15623993865460523,-0.10668600061412925,2.415559500181682,0.21100000000000002,True
2509,0.26,0.15,0.14,0.22,0.23,0.9878925573751041,0.25730781372925104,0.15527268876178563,-0.10666303204649685,2.4123429532463008,0.21100000000000002,True
2510,0.26,0.13,0.24,0.17,0.2,0.9807465973393643,0.2557997831748928,0.1484531299396129,-0.11200327069704197,2.2838599407226825,0.21100000000000002,True
2511,0.26,0.14,0.15,0.23,0.22,0.9776279611866943,0.255140512195132,0.1510763404268129,-0.10414998052005686,2.4497413338065663,0.21100000000000002,True
2512,0.26,0.15,0.14,0.23,0.22,0.9708274013822478,0.2537004852394966,0.15052068805894783,-0.10258777343522396,2.473008982885162,0.21100000000000002,True
2513,0.26,0.13,0.17,0.24,0.2,0.9536766879937444,0.25005402672901855,0.14289982132663806,-0.0988644710475215,2.52926075545202,0.21100000000000002,True
2514,0.27,0.14,0.16,0.23,0.2,0.9516465993061436,0.24962099344808086,0.14320309739014309,-0.0975009363649264,2.5601907300028346,0.21100000000000002,True
2515,0.26,0.14,0.25,0.17,0.18,0.9466527534387916,0.24855448875338637,0.14018173305444334,-0.10554226399004873,2.3550232803118742,0.21100000000000002,True
2516,0.25,0.14,0.26,0.17,0.18,0.945743657653956,0.24836014259860928,0.14017177873510148,-0.10795616969828836,2.3005646022151063,0.21100000000000002,True
2517,0.27,0.15,0.24,0.16,0.18,0.9446057059905988,0.24811678637943713,0.1403773427478836,-0.10281441425769722,2.413249038773392,0.21100000000000002,True
2518,0.27,0.16,0.14,0.23,0.2,0.938022297380037,0.2467070271391374,0.14205832688173167,-0.09429252091944507,2.6164007996975855,0.21100000000000002,True
2519,0.26,0.13,0.24,0.2,0.17,0.9279440063144357,0.24454268139542146,0.13454977247115796,-0.0992913143415799,2.4628808976598986,0.21100000000000002,True
2520,0.26,0.17,0.13,0.24,0.2,0.9264800076040611,0.24422765589022366,0.14059212182765643,-0.09244468831191432,2.64187873148735,0.21100000000000002,True
2521,0.26,0.14,0.17,0.25,0.18,0.9155046106159612,0.24186085391444068,0.13358545630367327,-0.09025133223834048,2.6798590992066664,0.21100000000000002,True
2522,0.27,0.15,0.16,0.24,0.18,0.9134065165432088,0.2414073792659568,0.13393567516343172,-0.08884209034490353,2.7172636115242557,0.21100000000000002,True
2523,0.26,0.13,0.2,0.24,0.17,0.9122986731634934,0.24116780015059014,0.13113777682102276,-0.09044073722882562,2.66658374909536,0.21100000000000002,True
2524,0.25,0.14,0.17,0.26,0.18,0.9107904416583839,0.24084148541986217,0.1326458116547298,-0.09002229316069743,2.6753538147483056,0.21100000000000002,True
2525,0.25,0.13,0.24,0.22,0.16,0.905316346088008,0.23965568792688563,0.12898414705910455,-0.09510552457404808,2.519892393215206,0.21100000000000002,True
2526,0.24,0.13,0.25,0.22,0.16,0.9045177755605458,0.23948251195881798,0.12895450462618727,-0.0975653807986877,2.4545849152473056,0.21100000000000002,True
2527,0.24,0.13,0.2,0.26,0.17,0.9028869006260565,0.23912869412285742,0.12924723160642088,-0.09039467652099165,2.645384698813834,0.21100000000000002,True
2528,0.26,0.14,0.18,0.25,0.17,0.9015670718279913,0.23884220960653524,0.12966165720013526,-0.08739069682002443,2.7330393085023177,0.21100000000000002,True
2529,0.25,0.13,0.22,0.24,0.16,0.8974854140543946,0.2379553974592401,0.12720836357678203,-0.09047465390627563,2.6300780073250407,0.21100000000000002,True
2530,0.25,0.14,0.18,0.26,0.17,0.8968802570827585,0.23782380819971194,0.1286935012751549,-0.08716061802005093,2.7285695489791224,0.21100000000000002,True
2531,0.27,0.14,0.2,0.23,0.16,0.8961034757770523,0.23765485880160164,0.1276414934611593,-0.0861572667971644,2.7583843781987674,0.21100000000000002,True
2532,0.26,0.17,0.14,0.25,0.18,0.8951180191218107,0.23744045623690457,0.1317852006343265,-0.08530359988296032,2.7834752174900195,0.21100000000000002,True
2533,0.22,0.13,0.25,0.24,0.16,0.8951123621142654,0.23743922524581262,0.12714913387876597,-0.09787589128599239,2.425921461619364,0.21100000000000002,True
2534,0.24,0.13,0.22,0.25,0.16,0.8928008942738561,0.2369360339577935,0.12625208372606442,-0.09063067162995386,2.6143029693656716,0.21100000000000002,True
2535,0.22,0.13,0.24,0.25,0.16,0.8912263706224892,0.2365930359139632,0.1262226881189758,-0.09557205030096405,2.475546304269007,0.21100000000000002,True
2536,0.25,0.17,0.14,0.26,0.18,0.89044281150701,0.23642227254527182,0.13082931106304901,-0.08507243279677301,2.779070314235093,0.21100000000000002,True
2537,0.27,0.15,0.18,0.24,0.16,0.8853484529666675,0.23531089141363348,0.12615581868510453,-0.08306329999966011,2.832910460029837,0.21100000000000002,True
2538,0.23,0.14,0.2,0.27,0.16,0.8774418369319779,0.23358201828062053,0.12372112249435561,-0.08578969887852206,2.722728035348066,0.21100000000000002,True
2539,0.26,0.18,0.14,0.25,0.17,0.8743999638739008,0.23291558447147942,0.1271983276209386,-0.0807061462050579,2.8859708389456276,0.21100000000000002,True
2540,0.24,0.15,0.18,0.27,0.16,0.8714096090685703,0.232259734372241,0.12314295582910852,-0.0823677622696225,2.8197892958650783,0.21100000000000002,True
2541,0.25,0.18,0.14,0.26,0.17,0.8697651328866649,0.2318987670158832,0.1262066146720563,-0.08047319518907714,2.8816895672033596,0.21100000000000002,True
2542,0.27,0.18,0.15,0.24,0.16,0.8649469456679311,0.23083994060398672,0.12427816028067809,-0.07798530404213966,2.96004411907212,0.21100000000000002,True
2543,0.26,0.15,0.23,0.22,0.14,0.8640398824537754,0.23064040391775165,0.12023066032597833,-0.0830610371323598,2.77675805504596,0.21100000000000002,True
2544,0.23,0.15,0.26,0.22,0.14,0.8619470409661159,0.2301797713933449,0.12002780638516931,-0.09060083925609574,2.5405920439954213,0.21100000000000002,True
2545,0.26,0.15,0.22,0.23,0.14,0.8600949486549803,0.2297718395318762,0.11932561531444795,-0.08069022401563353,2.8475796459228873,0.21100000000000002,True
2546,0.22,0.15,0.26,0.23,0.14,0.8573192634274407,0.22915997470662486,0.11907478333325275,-0.09075829126146351,2.5249480958873836,0.21100000000000002,True
2547,0.27,0.2,0.14,0.23,0.16,0.855313412808963,0.22871743063298577,0.12384374348837916,-0.07623781045151534,3.000052457939388,0.21100000000000002,True
2548,0.27,0.16,0.2,0.23,0.14,0.8539410190676802,0.2284144601904714,0.11880777817397507,-0.0778450833699239,2.9342181972499657,0.21100000000000002,True
2549,0.23,0.15,0.22,0.26,0.14,0.8462855142693049,0.22672167706909585,0.11623300185917824,-0.08116572224538787,2.7933180509827715,0.21100000000000002,True
2550,0.22,0.15,0.23,0.26,0.14,0.845602586052006,0.22657044097014678,0.11618540157383095,-0.08369398215946244,2.7071294150929672,0.21100000000000002,True
2551,0.26,0.17,0.18,0.25,0.14,0.8386160413699446,0.2250211061002274,0.11617130030407856,-0.07414993679050697,3.034676978025903,0.21100000000000002,True
2552,0.25,0.22,0.13,0.24,0.16,0.8365538737410825,0.2245630500564455,0.12133462365614546,-0.07354733451367212,3.053313237540923,0.21100000000000002,True
2553,0.23,0.16,0.2,0.27,0.14,0.8356053352711308,0.2243522421528239,0.11457711246526918,-0.07604433996574644,2.9502819309613515,0.21100000000000002,True
2554,0.25,0.17,0.18,0.26,0.14,0.8340513626095398,0.2240067225256348,0.11508642449107817,-0.0732616425608752,3.0576262651973876,0.21100000000000002,True
2555,0.26,0.18,0.17,0.25,0.14,0.8318387610487836,0.22351442240706954,0.11550449220109146,-0.0726383541807446,3.077085445120397,0.21100000000000002,True
2556,0.25,0.18,0.17,0.26,0.14,0.827287104703591,0.22250043846513945,0.11441193824339388,-0.07174208829264983,3.1013933906902347,0.21100000000000002,True
2557,0.26,0.22,0.15,0.23,0.14,0.8126835236787457,0.21923574833158832,0.11455505417603637,-0.06918528173962912,3.168820633796895,0.21100000000000002,True
2558,0.26,0.23,0.15,0.22,0.14,0.8098722701350949,0.21860527015156905,0.11471949741226574,-0.06898287777315326,3.1689786974449157,0.21100000000000002,True
2559,0.23,0.2,0.16,0.27,0.14,0.8086607347616412,0.21833335848753666,0.11178749881921453,-0.06902395940729589,3.163153205964285,0.21100000000000002,True
2560,0.23,0.22,0.15,0.26,0.14,0.7991471855143,0.2161939467302154,0.11130089518172491,-0.06697908975732392,3.227782693278172,0.21100000000000002,True
2561,0.27,0.14,0.23,0.16,0.2,0.9787616265096535,0.2553802460175034,0.148631707795628,-0.10932775036926812,2.335914213499544,0.21100000000000005,True
2562,0.27,0.14,0.23,0.2,0.16,0.9078984121642166,0.24021529720128698,0.13020323761286234,-0.09215554349183508,2.6066288374998288,0.21100000000000005,True
2563,0.25,0.15,0.15,0.26,0.19,0.9177816029076831,0.24235262041627847,0.13604924432333895,-0.09123448411434942,2.6563708094466123,0.21119999999999997,True
2564,0.25,0.15,0.19,0.26,0.15,0.8618901065420539,0.23016723535573247,0.1202699485950898,-0.07966775884206978,2.8890888698401436,0.21119999999999997,True
2565,0.25,0.19,0.15,0.26,0.15,0.8348115556920521,0.22417577280485923,0.11764533069888501,-0.07280027546121648,3.079325886950611,0.21119999999999997,True
2566,0.25,0.15,0.19,0.15,0.26,1.0518321982147474,0.2706429957390013,0.1721723352703423,-0.12507842363604404,2.163786429916356,0.2112,True
2567,0.25,0.14,0.21,0.15,0.25,1.0459859703550198,0.2694353206890623,0.16881224395499345,-0.12566488396395126,2.1440780605531264,0.2112,True
2568,0.26,0.15,0.19,0.15,0.25,1.040400935648686,0.2682794503732524,0.16821798186019504,-0.12120234960416998,2.213483907279156,0.2112,True
2569,0.25,0.15,0.15,0.19,0.26,1.036821755753898,0.26753759921043074,0.1693973823806328,-0.11968260845480971,2.2353924489492454,0.2112,True
2570,0.26,0.15,0.15,0.19,0.25,1.0252824437703385,0.2651399289214349,0.16542134413651532,-0.11598339784259426,2.2860162217463826,0.2112,True
2571,0.25,0.14,0.15,0.21,0.25,1.023347710199705,0.2647370336575652,0.16452762164931936,-0.11594698774748813,2.283259261845726,0.2112,True
2572,0.25,0.14,0.15,0.25,0.21,0.955589107259164,0.2504616858837203,0.1454690983428216,-0.0998217119039082,2.5090902681054326,0.2112,True
2573,0.26,0.15,0.15,0.25,0.19,0.922509983776651,0.2433725759316605,0.13696666689091572,-0.0914631914555869,2.660879989627723,0.2112,True
2574,0.25,0.14,0.25,0.21,0.15,0.8883158474540584,0.23595849890237885,0.125451766184366,-0.0927105398348439,2.5451097504417435,0.2112,True
2575,0.25,0.14,0.21,0.25,0.15,0.8726138688568497,0.23252393881352207,0.12183822766724091,-0.08334705027787193,2.7898280507625306,0.2112,True
2576,0.25,0.15,0.25,0.21,0.14,0.8672888433335415,0.23135481460653162,0.12105281105903021,-0.08793784296969553,2.630890260593034,0.2112,True
2577,0.26,0.15,0.19,0.25,0.15,0.8665086998933047,0.23118334532003293,0.12130618156826926,-0.07990067016933833,2.8933843086681508,0.2112,True
2578,0.25,0.15,0.21,0.25,0.14,0.8515485695641722,0.22788594388982708,0.11737448960933934,-0.078470614985653,2.9040927477310086,0.2112,True
2579,0.26,0.19,0.15,0.25,0.15,0.8393780946834029,0.22519028942468866,0.11870961127192861,-0.07333625434314484,3.070654363815876,0.2112,True
2580,0.25,0.21,0.14,0.25,0.15,0.8252413225343,0.2220441458314557,0.11719518306899705,-0.07078644276968649,3.1368174066029444,0.2112,True
2581,0.25,0.21,0.15,0.25,0.14,0.8109756729502484,0.21885280744490365,0.11328434268955094,-0.06848178890970069,3.195781110996976,0.2112,True
2582,0.24,0.14,0.21,0.15,0.26,1.0573455936006462,0.27177981620856606,0.17279546946127564,-0.12977325309592946,2.09426680556173,0.21139999999999998,True
2583,0.26,0.14,0.21,0.15,0.24,1.034379607795851,0.2670309199335774,0.16488092137842086,-0.12150814294554813,2.1976380632633234,0.21139999999999998,True
2584,0.26,0.21,0.15,0.24,0.14,0.8154973439026496,0.21986614964585494,0.11439332124297064,-0.0693870707728036,3.1686904663517215,0.21139999999999998,True
2585,0.24,0.21,0.15,0.26,0.14,0.8064596019479571,0.21783903502354218,0.11220076848559345,-0.06757521593476312,3.2236528142779926,0.21139999999999998,True
2586,0.26,0.14,0.16,0.19,0.25,1.0320794677263065,0.2665533324457412,0.16597040190486312,-0.11747577341157756,2.269006831833053,0.2114,True
2587,0.26,0.16,0.14,0.19,0.25,1.0184944368092221,0.2637252404904433,0.16488719570357419,-0.11448208491244749,2.3036376450702534,0.2114,True
2588,0.26,0.13,0.16,0.22,0.23,1.0015002349119744,0.26016951269126976,0.15638591901041224,-0.10973493497049314,2.3708904804220032,0.2114,True
2589,0.26,0.14,0.24,0.15,0.21,0.995028026844837,0.25881002828603017,0.1532424078970891,-0.11585862000169278,2.233843526552006,0.2114,True
2590,0.26,0.13,0.16,0.23,0.22,0.9844377716674297,0.2565791934085313,0.1516482466754493,-0.10570273459077939,2.427365710091223,0.2114,True
2591,0.26,0.16,0.13,0.22,0.23,0.981102482751701,0.25587497235186185,0.15473995284544528,-0.10511309620123122,2.4342825166334006,0.2114,True
2592,0.26,0.14,0.25,0.16,0.19,0.9642228697264026,0.2522987928488527,0.1448034482797787,-0.1097673453398601,2.2984867864635765,0.2114,True
2593,0.26,0.16,0.13,0.23,0.22,0.9640360958396836,0.2522591078115357,0.14998153162825864,-0.10101602674918231,2.497218668458247,0.2114,True
2594,0.26,0.14,0.15,0.24,0.21,0.960393226326242,0.2514845804723098,0.14632789384882466,-0.10004734549753502,2.5136557019247046,0.2114,True
2595,0.26,0.15,0.14,0.24,0.21,0.9535919452061896,0.2500359564530408,0.14576508548113015,-0.09846310391197122,2.539387308738306,0.2114,True
2596,0.27,0.14,0.24,0.18,0.17,0.9297658047209831,0.24493447614090536,0.13565031431784033,-0.09882281208178889,2.4785216184517176,0.2114,True
2597,0.26,0.14,0.16,0.25,0.19,0.9293134666399938,0.24483721963803995,0.13756051017724616,-0.09308592124536508,2.6302282489386744,0.2114,True
2598,0.25,0.14,0.16,0.26,0.19,0.924572103810239,0.24381687055940393,0.13664811903653956,-0.09285791253669395,2.6256983804482648,0.2114,True
2599,0.26,0.16,0.14,0.25,0.19,0.915715979728166,0.241906520122821,0.1363907756542042,-0.08983038528432852,2.692925332081628,0.2114,True
2600,0.26,0.14,0.25,0.19,0.16,0.9110339961397902,0.24089419148409408,0.13099899121772918,-0.09693658234728253,2.4850699875210442,0.2114,True
2601,0.27,0.14,0.18,0.24,0.17,0.9062596747049667,0.23986019342855935,0.13065360611497698,-0.08762077764164666,2.737480765230648,0.2114,True
2602,0.26,0.14,0.24,0.21,0.15,0.8890605695585687,0.23612092135890816,0.1255302318781526,-0.09022399047727125,2.6170525168512744,0.2114,True
2603,0.27,0.18,0.14,0.24,0.17,0.8790405335911045,0.2339319828124684,0.12821397855487326,-0.08093909929374088,2.890222214649214,0.2114,True
2604,0.26,0.14,0.21,0.24,0.15,0.8772545106338387,0.23354099839864628,0.12286146194521408,-0.08318954092399466,2.8073360641816594,0.2114,True
2605,0.26,0.15,0.24,0.21,0.14,0.8679831565436988,0.23150737892840656,0.12115206116011015,-0.08542432617838447,2.7100872700472824,0.2114,True
2606,0.24,0.14,0.21,0.26,0.15,0.8679789502502684,0.2315064547759449,0.12083998938872073,-0.08350455823714564,2.772381049169637,0.2114,True
2607,0.26,0.16,0.19,0.25,0.14,0.8454031607419619,0.22652627071624676,0.11685864469802505,-0.07565264442398889,2.994294151129725,0.2114,True
2608,0.26,0.16,0.23,0.22,0.13,0.8428440061235698,0.22595916675875038,0.11589377945156187,-0.07892399291217345,2.862997149804592,0.2114,True
2609,0.23,0.16,0.26,0.22,0.13,0.8409013276107162,0.22552832208805218,0.11562612338912798,-0.0857819241542569,2.629089103696218,0.2114,True
2610,0.26,0.16,0.22,0.23,0.13,0.8388899491837614,0.22508192170795005,0.11497301542307312,-0.07668199028022238,2.9352644719499748,0.2114,True
2611,0.22,0.16,0.26,0.23,0.13,0.8363142990069972,0.2245098126302505,0.11463560912700689,-0.08594063004426222,2.612382670625298,0.2114,True
2612,0.26,0.21,0.14,0.24,0.15,0.8297908883712963,0.2230584207748807,0.1182676480930481,-0.07162212153005876,3.1143788540425508,0.2114,True
2613,0.23,0.16,0.22,0.26,0.13,0.8252033790715967,0.222035679675886,0.1117569949823175,-0.07624155806189636,2.912265768435993,0.2114,True
2614,0.22,0.16,0.23,0.26,0.13,0.8245703229302563,0.2218944113684902,0.11168760518009749,-0.07879761155321341,2.816004279757147,0.2114,True
2615,0.24,0.21,0.14,0.26,0.15,0.8206973934146242,0.2210294436289828,0.11614794507322967,-0.0705494669912341,3.132971134373646,0.2114,True
2616,0.25,0.19,0.16,0.26,0.14,0.8205326820905932,0.22099263034228422,0.11375856152296557,-0.0702178167901375,3.1472443952903406,0.2114,True
2617,0.23,0.22,0.16,0.26,0.13,0.7848344502517612,0.21296103527916777,0.10740629147690037,-0.06418881195386916,3.3177282581926795,0.2114,True
2618,0.23,0.26,0.16,0.22,0.13,0.773702934908546,0.21043471720885454,0.10807948650597347,-0.06333974184219016,3.3223172543574444,0.2114,True
2619,0.24,0.14,0.18,0.17,0.27,1.0623367303748963,0.2728072004721529,0.1753394466812147,-0.12734508219754304,2.142267261243453,0.21140000000000003,True
2620,0.23,0.13,0.22,0.16,0.26,1.0591010070025288,0.27214134281544333,0.1727331648679099,-0.13230361655347345,2.0569456066641334,0.21140000000000003,True
2621,0.24,0.14,0.17,0.18,0.27,1.058608388209747,0.2720399089437757,0.1746450161977534,-0.12607039131768194,2.1578413940055796,0.21140000000000003,True
2622,0.25,0.14,0.19,0.16,0.26,1.0548699651813966,0.27126961191834087,0.17204288226736256,-0.12534033947482837,2.164264218965347,0.21140000000000003,True
2623,0.25,0.14,0.16,0.19,0.26,1.0436027492235822,0.2689423504972588,0.16994304784658654,-0.12115528963526534,2.2198151752754858,0.21140000000000003,True
2624,0.26,0.14,0.19,0.16,0.25,1.0434278557046621,0.26890615861326594,0.1680869457115287,-0.12137754777168674,2.2154522277800757,0.21140000000000003,True
2625,0.27,0.14,0.18,0.17,0.24,1.0279319049641629,0.2656912452968416,0.16345955593816677,-0.11638429449012777,2.282878858017898,0.21140000000000003,True
2626,0.26,0.13,0.22,0.16,0.23,1.024417571515606,0.26495985681802825,0.16083783561647225,-0.11991457461613997,2.209571752776462,0.21140000000000003,True
2627,0.27,0.14,0.17,0.18,0.24,1.0241223907784716,0.26489838650276964,0.16274844865258495,-0.1150704343293707,2.3020542856781128,0.21140000000000003,True
2628,0.26,0.14,0.15,0.21,0.24,1.0115811897878895,0.26228118667093514,0.16056069452256838,-0.11220912706873742,2.3374318428684155,0.21140000000000003,True
2629,0.26,0.13,0.23,0.16,0.22,1.0112882878217238,0.26221993166539614,0.15695575504738005,-0.11803547461686459,2.2215349454606326,0.21140000000000003,True
2630,0.26,0.15,0.14,0.21,0.24,1.0047838323352831,0.26085811032742456,0.16001864699520246,-0.11068976232626404,2.356659774537515,0.21140000000000003,True
2631,0.27,0.17,0.14,0.18,0.24,1.0037055559072887,0.26063206978854625,0.16109637524307668,-0.11052458016634725,2.3581367094656835,0.21140000000000003,True
2632,0.27,0.14,0.24,0.17,0.18,0.9475481103446157,0.24874583867570044,0.14023773706528103,-0.10312087417858973,2.41217736619368,0.21140000000000003,True
2633,0.27,0.14,0.17,0.24,0.18,0.9202246044725022,0.24287980755507865,0.1345486205226684,-0.09048037331929082,2.6843369301538416,0.21140000000000003,True
2634,0.26,0.13,0.23,0.22,0.16,0.9061010342516564,0.2398258062678833,0.12906405525674977,-0.0926379478935162,2.5888505922384413,0.21140000000000003,True
2635,0.26,0.13,0.22,0.23,0.16,0.9021757163713995,0.23897433960011893,0.12818922958015275,-0.09031863481398428,2.6459029201703332,0.21140000000000003,True
2636,0.27,0.17,0.14,0.24,0.18,0.8997990145842394,0.23845822394909755,0.1327647298818407,-0.08553476901004753,2.7878513814784083,0.21140000000000003,True
2637,0.22,0.13,0.26,0.23,0.16,0.898996618383914,0.23828388139786294,0.12809065503536698,-0.10017255547834714,2.3787341778394517,0.21140000000000003,True
2638,0.23,0.13,0.22,0.26,0.16,0.8881221553545113,0.2359162480301542,0.12532114954650697,-0.09078668798503631,2.5985775367093304,0.21140000000000003,True
2639,0.26,0.14,0.19,0.25,0.16,0.8875033046176486,0.23578123614669555,0.12579800667957716,-0.08450365433134432,2.790189820929897,0.21140000000000003,True
2640,0.22,0.13,0.23,0.26,0.16,0.8873386473206955,0.2357453086334096,0.1253116436298842,-0.09326099883073502,2.527801670463319,0.21140000000000003,True
2641,0.25,0.14,0.19,0.26,0.16,0.8828440044249288,0.23476378872624193,0.12480007121547129,-0.08427252632775639,2.7857689683253155,0.21140000000000003,True
2642,0.26,0.15,0.21,0.24,0.14,0.8561483585594181,0.22890168064277705,0.11843729506984425,-0.07844759360021913,2.917892954235089,0.21140000000000003,True
2643,0.26,0.19,0.14,0.25,0.16,0.8535658899810061,0.22833162045292021,0.12263758883677374,-0.0760363564137615,3.0029269052612766,0.21140000000000003,True
2644,0.24,0.15,0.21,0.26,0.14,0.8469544546216703,0.22686977936569108,0.11633694896810486,-0.07862937771556988,2.885305543004027,0.21140000000000003,True
2645,0.27,0.17,0.18,0.24,0.14,0.8431863609091206,0.22603506236063353,0.11728066843812376,-0.07504123881361757,3.0121446012111335,0.21140000000000003,True
2646,0.26,0.22,0.13,0.23,0.16,0.8411271825207216,0.22557842745952605,0.12237367351644919,-0.07378358244281336,3.0572983852385143,0.21140000000000003,True
2647,0.25,0.16,0.19,0.26,0.14,0.8408254522228296,0.22551148839501423,0.11578155665313489,-0.07499055181048775,3.0071986797072143,0.21140000000000003,True
2648,0.27,0.18,0.17,0.24,0.14,0.8363960458223094,0.22452797863073837,0.11662155014866578,-0.0735333539941132,3.053416802512683,0.21140000000000003,True
2649,0.24,0.17,0.18,0.27,0.14,0.829492322952607,0.22299191053082756,0.1140269492656836,-0.07302618185619214,3.05358851938826,0.21140000000000003,True
2650,0.26,0.19,0.16,0.25,0.14,0.825071323364087,0.22200621376003582,0.11485867357847473,-0.0711178177385563,3.1216679704118064,0.21140000000000003,True
2651,0.24,0.18,0.17,0.27,0.14,0.8227410751114246,0.22148602569598563,0.11334480708841217,-0.0712854699084936,3.1070290478592435,0.21140000000000003,True
2652,0.25,0.13,0.16,0.21,0.25,1.0301386874082192,0.2661500798498633,0.1650814733595864,-0.11743726601541926,2.2663170634006273,0.21159999999999998,True
2653,0.25,0.13,0.16,0.25,0.21,0.9623867507848356,0.251908551694096,0.14605304087416815,-0.10139698939177355,2.484379005778781,0.21159999999999998,True
2654,0.27,0.15,0.15,0.24,0.19,0.9272442139613537,0.2443921189011129,0.13790735991841643,-0.09169190079428757,2.6653621179629705,0.21159999999999998,True
2655,0.27,0.15,0.19,0.24,0.15,0.8711329954914275,0.23219903167800138,0.12236670330889639,-0.08019533296067338,2.8954182632032763,0.21159999999999998,True
2656,0.24,0.15,0.19,0.27,0.15,0.8572772137623736,0.22915070070140553,0.11925883938570145,-0.07943484958680114,2.884762820013964,0.21159999999999998,True
2657,0.27,0.19,0.15,0.24,0.15,0.8439502865198603,0.22620438085055405,0.11979827132004882,-0.07422996245025704,3.0473460228696476,0.21159999999999998,True
2658,0.25,0.16,0.21,0.25,0.13,0.8303755197311642,0.22318863585016246,0.11296452846248907,-0.07393696156183405,3.018634132855299,0.21159999999999998,True
2659,0.24,0.19,0.15,0.27,0.15,0.8302506678705059,0.2231608298958867,0.11660630265546076,-0.07256442244374195,3.075347703192977,0.21159999999999998,True
2660,0.23,0.13,0.2,0.17,0.27,1.0677934077626658,0.27392851723891387,0.17596569695062328,-0.1319630694190307,2.075796800156954,0.2116,True
2661,0.24,0.15,0.19,0.15,0.27,1.0630145186595756,0.2729465896956855,0.17617477215025362,-0.12918447149637236,2.1128436454790944,0.2116,True
2662,0.23,0.13,0.17,0.2,0.27,1.056628259121947,0.2716320222977129,0.17384058364599203,-0.12601985315707875,2.15547007469636,0.2116,True
2663,0.25,0.13,0.21,0.16,0.25,1.0490197409846602,0.27006230371387674,0.16868352803837344,-0.12592630932019233,2.1446058823751466,0.2116,True
2664,0.24,0.15,0.15,0.19,0.27,1.0481134867548332,0.26987507491704954,0.17342150356422087,-0.12333857569091178,2.1880832773143117,0.2116,True
2665,0.27,0.15,0.19,0.15,0.24,1.0287235129617778,0.26585587482927253,0.16431710646284683,-0.11751251992113965,2.262362129649532,0.2116,True
2666,0.27,0.15,0.15,0.19,0.24,1.0134983328045504,0.2626819747475102,0.1614989510140946,-0.11224017205523751,2.340356130407879,0.2116,True
2667,0.27,0.13,0.17,0.2,0.23,1.0102274939744098,0.26199803654699627,0.15791700353170066,-0.11128669124811574,2.354262074005478,0.2116,True
2668,0.25,0.13,0.25,0.16,0.21,0.9969633544774987,0.2592168507866808,0.15312124225167023,-0.11849454257910375,2.18758472031431,0.2116,True
2669,0.27,0.17,0.13,0.2,0.23,0.9829879726465796,0.2562731763353365,0.15571252226930246,-0.10513379207678963,2.4375909141387653,0.2116,True
2670,0.27,0.13,0.23,0.17,0.2,0.9817345784903031,0.256008495267704,0.14849675102405716,-0.10962075853314956,2.3354016036140313,0.2116,True
2671,0.27,0.13,0.23,0.2,0.17,0.9287768389690125,0.24472182044357904,0.13464052515040434,-0.0968453250748198,2.5269347823915536,0.2116,True
2672,0.25,0.13,0.25,0.21,0.16,0.9092291988556311,0.24050352044202228,0.12989509656745807,-0.09741012352171674,2.4689787031057824,0.2116,True
2673,0.25,0.13,0.21,0.25,0.16,0.8935673416126377,0.23710292986372994,0.12634416251251218,-0.08814831414158841,2.689818088669091,0.2116,True
2674,0.25,0.21,0.13,0.25,0.16,0.8393887556310891,0.22519265592834325,0.12118073170612978,-0.07381158458920212,3.0509120916676085,0.2116,True
2675,0.27,0.2,0.17,0.23,0.13,0.8123495429416046,0.21916088080813534,0.11242151418411817,-0.06958507395434455,3.1495386633048486,0.2116,True
2676,0.25,0.21,0.16,0.25,0.13,0.7965942612204924,0.21561856071357388,0.10946179890765327,-0.06622420749171776,3.2558873692907526,0.2116,True
2677,0.27,0.13,0.2,0.17,0.23,1.0217155398580395,0.2643969453561865,0.16011499074586252,-0.11538641731573984,2.291404408828284,0.21160000000000004,True
2678,0.27,0.13,0.17,0.23,0.2,0.9584728604661363,0.2510758962834705,0.143801119132926,-0.09909042946544477,2.5338057130030576,0.21160000000000004,True
2679,0.27,0.17,0.13,0.23,0.2,0.9312242637851591,0.24524795366844132,0.14151212894256834,-0.092673416386156,2.6463678931024885,0.21160000000000004,True
2680,0.27,0.13,0.2,0.23,0.17,0.9170132746904462,0.24218672659953078,0.1321189088213596,-0.09066975872733862,2.6710860379350163,0.21160000000000004,True
2681,0.27,0.2,0.13,0.23,0.17,0.8693950547148057,0.23181750459379735,0.12780153852175052,-0.07898902620524983,2.934806462753811,0.21160000000000004,True
2682,0.27,0.17,0.2,0.23,0.13,0.8326965132648367,0.2237053178613988,0.11447352376712842,-0.07415451540242612,3.016745732169936,0.21160000000000004,True
2683,0.23,0.17,0.2,0.27,0.13,0.8145248749364216,0.21964835382018988,0.11007212489071504,-0.07124643068835512,3.082938354918744,0.21160000000000004,True
2684,0.2,0.17,0.23,0.27,0.13,0.8126460190984459,0.2192273414936321,0.10989222007536702,-0.07876117370581537,2.783444318802036,0.21160000000000004,True
2685,0.23,0.2,0.17,0.27,0.13,0.7943341724990967,0.21510871978693547,0.10791896346648099,-0.06595698666885541,3.261348503789498,0.21160000000000004,True
2686,0.24,0.13,0.21,0.16,0.26,1.0603901444911519,0.27240670925859534,0.1726682802817251,-0.1300271851516912,2.094998126282612,0.2118,True
2687,0.24,0.14,0.16,0.19,0.27,1.0548778986483986,0.27127124758745347,0.17396363444285773,-0.1247919192451813,2.173788569230041,0.2118,True
2688,0.24,0.13,0.16,0.21,0.26,1.0416444821442306,0.2685369952543384,0.1690966674493399,-0.12111160166866675,2.2172689614740073,0.2118,True
2689,0.26,0.13,0.21,0.16,0.24,1.0374023873594465,0.26765800486979585,0.16475055269503264,-0.1217772208681388,2.197931624335702,0.2118,True
2690,0.27,0.14,0.16,0.19,0.24,1.0203108361569821,0.2641041066980052,0.16205120803538897,-0.1137526074343419,2.3217411244875974,0.2118,True
2691,0.26,0.13,0.16,0.21,0.24,1.018387643976761,0.26370295847150516,0.16111805642482765,-0.11371940686398485,2.3188914341323423,0.2118,True
2692,0.27,0.16,0.14,0.19,0.24,1.0066949307605046,0.26125853739408367,0.16096197114608035,-0.11071862513541786,2.3596620448866963,0.2118,True
2693,0.26,0.16,0.13,0.21,0.24,0.9979955752045933,0.25943372496944783,0.15949212518644468,-0.10916123041478898,2.3766104869252205,0.2118,True
2694,0.26,0.13,0.21,0.24,0.16,0.8982486581807227,0.23812132232122418,0.1273302460815339,-0.08799203990722448,2.7061689054179263,0.2118,True
2695,0.24,0.13,0.21,0.26,0.16,0.8888917973326165,0.23608411620330338,0.12538275919518344,-0.08830458700294863,2.6735204162771313,0.2118,True
2696,0.27,0.16,0.19,0.24,0.14,0.8499865223903156,0.22754062612685955,0.11796021063157794,-0.07654027658414808,2.9728221046693277,0.2118,True
2697,0.26,0.21,0.13,0.24,0.16,0.8439660560125126,0.22620787554981914,0.12221832029984711,-0.0740474596595384,3.0549039303967565,0.2118,True
2698,0.24,0.16,0.19,0.27,0.14,0.8362533951575986,0.22449627806005124,0.11472984403938397,-0.07475583153447996,3.0030604094946876,0.2118,True
2699,0.26,0.13,0.24,0.16,0.21,0.9980169906193814,0.25943822365259317,0.1531092177299545,-0.11613970188602896,2.233846130474719,0.21180000000000002,True
2700,0.26,0.13,0.16,0.24,0.21,0.9672038350925714,0.25293183729698865,0.1469074745545121,-0.1016219429752605,2.488949038876023,0.21180000000000002,True
2701,0.27,0.14,0.24,0.16,0.19,0.9651699081345597,0.2524999774189689,0.14484448302672912,-0.10736707441206816,2.3517449721121175,0.21180000000000002,True
2702,0.26,0.16,0.13,0.24,0.21,0.9467999953180226,0.24858596037226932,0.14521930933338592,-0.09686912934393133,2.5662041359912644,0.21180000000000002,True
2703,0.27,0.14,0.16,0.24,0.19,0.9340606911359177,0.24585715653830342,0.1384961285581961,-0.09331393193925308,2.6347315071703896,0.21180000000000002,True
2704,0.27,0.16,0.14,0.24,0.19,0.9204372229451656,0.24292566836669738,0.1373364561941941,-0.09005979756197435,2.697381905611423,0.21180000000000002,True
2705,0.27,0.14,0.24,0.19,0.16,0.9118265721130889,0.2410656767753543,0.13108852428202575,-0.09447193214492655,2.5517174392659046,0.21180000000000002,True
2706,0.26,0.13,0.24,0.21,0.16,0.9100246084093642,0.24067572716363883,0.1299544103294595,-0.0949500132786405,2.534762438182619,0.21180000000000002,True
2707,0.24,0.13,0.26,0.21,0.16,0.9084199214366968,0.24032826221818726,0.12988572790455782,-0.09986254865847133,2.406590513127268,0.21180000000000002,True
2708,0.26,0.16,0.21,0.24,0.13,0.8349342779540361,0.22420305916783656,0.11406944923266332,-0.07476936941131995,2.9985950253833837,0.21180000000000002,True
2709,0.24,0.16,0.21,0.26,0.13,0.8258223864433945,0.2221737813738518,0.11188507832995012,-0.07367726659026319,3.01549978244189,0.21180000000000002,True
2710,0.21,0.16,0.24,0.26,0.13,0.823923255170681,0.22174998255076184,0.11167724752802408,-0.0813454666982536,2.7260275409486656,0.21180000000000002,True
2711,0.24,0.19,0.16,0.27,0.14,0.8159996552196769,0.21997861768978377,0.11268389162137724,-0.06953358922497666,3.163630989593255,0.21180000000000002,True
2712,0.26,0.21,0.16,0.24,0.13,0.8010878769481367,0.21663098170802852,0.11060888093261609,-0.06713462585148633,3.2268144636309524,0.21180000000000002,True
2713,0.24,0.21,0.16,0.26,0.13,0.7921062086757522,0.2146057064833755,0.10834023657859602,-0.06531248563470593,3.2858297214971977,0.21180000000000002,True
2714,0.24,0.14,0.19,0.16,0.27,1.0660629217317101,0.27357312586296545,0.17604678120817358,-0.1294389049935306,2.11353090383945,0.21180000000000004,True
2715,0.27,0.14,0.19,0.16,0.24,1.0317393753019068,0.2664826870836925,0.16418435845487941,-0.11769420579984535,2.2641954654665137,0.21180000000000004,True
2716,0.27,0.14,0.19,0.24,0.16,0.8921683561748956,0.236798263196617,0.12681998403432945,-0.08473478437517235,2.794581528031833,0.21180000000000004,True
2717,0.24,0.14,0.19,0.27,0.16,0.8781904539214438,0.23374591987055227,0.12382695494791834,-0.08404140036438279,2.7813187174069873,0.21180000000000004,True
2718,0.27,0.19,0.14,0.24,0.16,0.8581658559623584,0.22934665994133185,0.12369180493268403,-0.07642644179257863,3.0008810375312085,0.21180000000000004,True
2719,0.27,0.19,0.16,0.24,0.14,0.8296155807154861,0.22301936905494824,0.11598329862534613,-0.07201654357331733,3.096779684072183,0.21180000000000004,True
2720,0.27,0.14,0.21,0.15,0.23,1.0225292879235361,0.264566525407504,0.16100738494253974,-0.11730217068673843,2.2554273621589047,0.212,True
2721,0.26,0.13,0.17,0.25,0.19,0.936126424732566,0.2463004563658442,0.13817200330460405,-0.0946986676418603,2.600886184558845,0.212,True
2722,0.25,0.13,0.17,0.26,0.19,0.9313720725985033,0.24527971451338626,0.1372647240885569,-0.0944713533109598,2.596339587790481,0.212,True
2723,0.26,0.17,0.13,0.25,0.19,0.9089314580801335,0.24043904705307217,0.13583313777395634,-0.0881874085849711,2.7264555213843513,0.212,True
2724,0.25,0.13,0.19,0.26,0.17,0.9036830698748983,0.23930144805468667,0.12936205331174358,-0.08880652422701618,2.694638148915278,0.212,True
2725,0.27,0.14,0.21,0.23,0.15,0.8819008772565664,0.23455763461180434,0.12390887833190564,-0.08325570242082747,2.817316145219703,0.212,True
2726,0.23,0.14,0.21,0.27,0.15,0.8633497531388059,0.2304885452008809,0.11986757537722027,-0.08366206480183358,2.7549947009654656,0.212,True
2727,0.21,0.14,0.23,0.27,0.15,0.8618910208939714,0.2301674366832278,0.11982297855274483,-0.08867151495715198,2.5957314115412347,0.212,True
2728,0.27,0.21,0.14,0.23,0.15,0.8343460926009298,0.22407226955987625,0.11936445973410577,-0.07252104276093341,3.0897552079957467,0.212,True
2729,0.25,0.17,0.19,0.26,0.13,0.8196541174638194,0.2207962319947092,0.11134668975574258,-0.07104164072852903,3.10798328600597,0.212,True
2730,0.25,0.19,0.17,0.26,0.13,0.8061374471491722,0.21776665283118346,0.10996078785451147,-0.06797711190295053,3.2035290516914614,0.212,True
2731,0.23,0.14,0.21,0.15,0.27,1.0684556955322981,0.27406447936675393,0.17682534649441384,-0.1338340898106064,2.0477927541076624,0.21200000000000002,True
2732,0.25,0.13,0.19,0.17,0.26,1.0579104020487877,0.2718961606902184,0.1719152622862716,-0.12560149129214448,2.164752646589186,0.21200000000000002,True
2733,0.25,0.13,0.17,0.19,0.26,1.0503926717889844,0.27034584102657644,0.17050308369926462,-0.12261928100485997,2.2047580022579107,0.21200000000000002,True
2734,0.26,0.13,0.19,0.17,0.25,1.0464574400032949,0.26953279899579874,0.16795777895891972,-0.12155223188191766,2.2174236936894527,0.21200000000000002,True
2735,0.26,0.13,0.17,0.19,0.25,1.0388855050915096,0.26796545538645145,0.16653417032118875,-0.11895929118912774,2.2525811368565223,0.21200000000000002,True
2736,0.27,0.14,0.15,0.21,0.23,0.9995727537708514,0.2597649529989039,0.1566518876311861,-0.10842659226913554,2.3957679344391605,0.21200000000000002,True
2737,0.27,0.14,0.23,0.15,0.21,0.9960682430128194,0.2590287233539028,0.15327343809584448,-0.1134926480072106,2.2823392343215554,0.21200000000000002,True
2738,0.27,0.15,0.23,0.14,0.21,0.9930820550950485,0.25840070291005834,0.1534096622560121,-0.11320675163593608,2.2825555823830586,0.21200000000000002,True
2739,0.27,0.15,0.14,0.21,0.23,0.992760554741249,0.2583330512816464,0.15610694956698826,-0.10688667555665776,2.4168873242269657,0.21200000000000002,True
2740,0.26,0.13,0.25,0.17,0.19,0.9671843118425667,0.2529276933775333,0.1446681996545645,-0.11006055466565356,2.298077582344441,0.21200000000000002,True
2741,0.27,0.14,0.15,0.23,0.21,0.9652032908423316,0.25250706791132416,0.14720921612387483,-0.10027298103497606,2.5181964802985917,0.21200000000000002,True
2742,0.27,0.15,0.14,0.23,0.21,0.9583890394746848,0.2510580517680161,0.14665074170174566,-0.09868942359466237,2.543920540048575,0.21200000000000002,True
2743,0.26,0.13,0.25,0.19,0.17,0.9318508815842375,0.24538258884804054,0.13544064030228026,-0.1015754025842005,2.4157678198186976,0.21200000000000002,True
2744,0.25,0.13,0.26,0.19,0.17,0.9309934859637243,0.24519836137773976,0.1354173167102695,-0.10400646463062724,2.357530007856215,0.21200000000000002,True
2745,0.26,0.13,0.19,0.25,0.17,0.9083828989184246,0.24032024338584002,0.1303240953674526,-0.0890358960045714,2.699138821195231,0.21200000000000002,True
2746,0.27,0.14,0.23,0.21,0.15,0.8897913257419785,0.2362802563810451,0.12566018852800717,-0.08772957642218182,2.6932793479361115,0.21200000000000002,True
2747,0.27,0.15,0.23,0.21,0.14,0.8686634429281528,0.2316568244112316,0.1213047316087747,-0.08329867963619508,2.7810383720724867,0.21200000000000002,True
2748,0.26,0.19,0.13,0.25,0.17,0.8676322549153455,0.23143027858441223,0.1266308665386986,-0.07900857778982506,2.929179148117971,0.21200000000000002,True
2749,0.27,0.15,0.21,0.23,0.14,0.8607538232827443,0.22991699072437255,0.11952449124402335,-0.07932941034682617,2.8982566455389156,0.21200000000000002,True
2750,0.23,0.15,0.21,0.27,0.14,0.8423660120566265,0.225853185965873,0.11532556511685912,-0.07878813902878823,2.8665886610591094,0.21200000000000002,True
2751,0.21,0.15,0.23,0.27,0.14,0.841007489948963,0.22555187445928415,0.11524120725510514,-0.08385221489748529,2.689873782523643,0.21200000000000002,True
2752,0.26,0.17,0.19,0.25,0.13,0.8241907631602039,0.22180969583737586,0.11246732895759254,-0.07193920448490465,3.083293698138117,0.21200000000000002,True
2753,0.26,0.19,0.17,0.25,0.13,0.8106480303646577,0.2187793146343402,0.11109825093350108,-0.06888219381122196,3.176137438855754,0.21200000000000002,True
2754,0.23,0.21,0.15,0.27,0.14,0.8019491292204595,0.21682483125952445,0.11114355816595017,-0.0672563492455992,3.2238566870132637,0.21200000000000002,True
2755,0.25,0.14,0.2,0.15,0.26,1.0586214712495177,0.272042603048112,0.17276903939382546,-0.1274863530006728,2.133895877048709,0.2122,True
2756,0.25,0.14,0.15,0.2,0.26,1.0398427893602302,0.2681638213752877,0.16926982537796467,-0.1198600582324868,2.237307617981824,0.2122,True
2757,0.25,0.15,0.14,0.2,0.26,1.0330638806176369,0.266757774216021,0.1687373125969505,-0.11838132036203108,2.253377250737096,0.2122,True
2758,0.25,0.15,0.2,0.26,0.14,0.8476093699578415,0.22701474190321447,0.11649687234022847,-0.07670850854978539,2.9594466923558715,0.2122,True
2759,0.26,0.2,0.14,0.25,0.15,0.832619873439703,0.22368826385098095,0.11811187406515646,-0.07181914583425408,3.1146049044806796,0.2122,True
2760,0.25,0.2,0.15,0.26,0.14,0.8137880983561445,0.21948329224410856,0.113126758365207,-0.06868448302848873,3.1955295077793915,0.2122,True
2761,0.26,0.14,0.2,0.15,0.25,1.0472064904199097,0.2696876374913948,0.16881919387968344,-0.12335843399944757,2.186211584792026,0.21220000000000003,True
2762,0.26,0.14,0.15,0.2,0.25,1.0282925218296972,0.26576624756011724,0.165292160570156,-0.1161673631836535,2.28778755303206,0.21220000000000003,True
2763,0.26,0.15,0.14,0.2,0.25,1.0214976454133655,0.2643515297807042,0.16475655659523689,-0.11466882595980621,2.305347835979108,0.21220000000000003,True
2764,0.26,0.14,0.15,0.25,0.2,0.9429911855585107,0.24777135075111523,0.14157902938064082,-0.09589481796225419,2.583782481850502,0.21220000000000003,True
2765,0.25,0.14,0.15,0.26,0.2,0.9382227891967414,0.24675000719566054,0.14069266028426008,-0.09566783039482551,2.579236993013346,0.21220000000000003,True
2766,0.26,0.15,0.14,0.25,0.2,0.936189769696399,0.24631404500818177,0.14100883891314003,-0.09428811936384673,2.6123550524715093,0.21220000000000003,True
2767,0.26,0.14,0.2,0.25,0.15,0.8733157633265023,0.2326778762888273,0.1220046487030073,-0.08158983742372228,2.851799729425323,0.21220000000000003,True
2768,0.25,0.14,0.2,0.26,0.15,0.8686841380264771,0.2316613701470156,0.12097567686071876,-0.08135765060497491,2.8474441976185805,0.21220000000000003,True
2769,0.26,0.15,0.2,0.25,0.14,0.8522001155792349,0.22802992209052197,0.11756607315897312,-0.07714655501406276,2.9558017470638225,0.21220000000000003,True
2770,0.25,0.2,0.14,0.26,0.15,0.8280663296795276,0.22267414775257888,0.1170408756540468,-0.07105590701356379,3.133787986269359,0.21220000000000003,True
2771,0.26,0.2,0.15,0.25,0.14,0.8183137319014839,0.22049647424063878,0.11423429781352026,-0.06958824767081573,3.168587823675171,0.21220000000000003,True
2772,0.23,0.13,0.16,0.21,0.27,1.0529022461843676,0.27086379068822164,0.17315819777683975,-0.12474317364468779,2.1713716492393926,0.21239999999999998,True
2773,0.27,0.13,0.21,0.16,0.23,1.0255408656159068,0.2651937241040301,0.16087522984536004,-0.11757906453865508,2.2554501955307313,0.2124,True
2774,0.27,0.13,0.16,0.21,0.23,1.0063941338502613,0.26119552913064226,0.1572125308469471,-0.10995724628559023,2.375428068217016,0.2124,True
2775,0.27,0.13,0.23,0.16,0.21,0.9990570759838795,0.2596566731232366,0.15313924564895223,-0.11377769060411858,2.2821404771405813,0.2124,True
2776,0.27,0.16,0.13,0.21,0.23,0.9859575403470655,0.25689981937623796,0.15557793960863112,-0.10533741181369094,2.438827905043022,0.2124,True
2777,0.27,0.13,0.16,0.23,0.21,0.972026877199768,0.25395471610378473,0.14778438907219113,-0.10184689849080553,2.49349484242479,0.2124,True
2778,0.27,0.13,0.24,0.17,0.19,0.9681311417523111,0.25312863176988243,0.14470817333996294,-0.10766435650339146,2.3510903700233308,0.2124,True
2779,0.27,0.16,0.13,0.23,0.21,0.9515841266824541,0.24960766280243862,0.14610922181823383,-0.09709613733283684,2.570727009940735,0.2124,True
2780,0.27,0.13,0.17,0.24,0.19,0.9408866508832543,0.24732078640691846,0.1391024649427151,-0.09492598394584506,2.6054066139363283,0.2124,True
2781,0.27,0.13,0.24,0.19,0.17,0.9326944575347005,0.24556379370707182,0.13551162964664631,-0.09913676879531241,2.477020349675579,0.2124,True
2782,0.27,0.17,0.13,0.24,0.19,0.9136397216729493,0.24145779977181503,0.13678371359918845,-0.08841752813540305,2.7308815894744916,0.2124,True
2783,0.27,0.13,0.19,0.24,0.17,0.9130885284441357,0.24133862151326602,0.13130988933291232,-0.08926526979130611,2.7036116294443877,0.2124,True
2784,0.27,0.13,0.23,0.21,0.16,0.910806112946611,0.24084487687772915,0.13006339852426413,-0.09248218174860112,2.6042300508483858,0.2124,True
2785,0.27,0.13,0.21,0.23,0.16,0.9029357487122001,0.23913929463735117,0.12834025152213785,-0.08783576429983775,2.722573163034376,0.2124,True
2786,0.27,0.19,0.13,0.24,0.17,0.872259834701415,0.23244627846505894,0.12765218014896573,-0.079242260184333,2.9333625507947834,0.2124,True
2787,0.27,0.21,0.13,0.23,0.16,0.8485490315537794,0.22722267190334744,0.12328008136229711,-0.07473387892035643,3.040423903936495,0.2124,True
2788,0.27,0.16,0.21,0.23,0.13,0.8394986627873198,0.22521705244647205,0.11519890172396635,-0.07565974660448693,2.976709050108235,0.2124,True
2789,0.27,0.17,0.19,0.24,0.13,0.8287330128681432,0.2228227293971472,0.11361255966340729,-0.07283549919892995,3.059260001617738,0.2124,True
2790,0.23,0.16,0.21,0.27,0.13,0.821274876415427,0.2211584946145111,0.11083205990508069,-0.07383730279786782,2.995213614721818,0.2124,True
2791,0.21,0.16,0.23,0.27,0.13,0.8200160073351908,0.2208771381647021,0.11070408936808569,-0.07895711068303657,2.7974318747729474,0.2124,True
2792,0.27,0.19,0.17,0.24,0.13,0.8151641928908151,0.219791545332217,0.11226029939364247,-0.0697859884433536,3.149508235605566,0.2124,True
2793,0.24,0.17,0.19,0.27,0.13,0.8151230741036883,0.21978233674620107,0.1102516068298133,-0.07014280523268479,3.133355388583575,0.2124,True
2794,0.24,0.19,0.17,0.27,0.13,0.8016324415690532,0.21675355879380986,0.10884889810096308,-0.06707073996637625,3.231715631920451,0.2124,True
2795,0.23,0.21,0.16,0.27,0.13,0.787623717638591,0.21359241787793404,0.10724521747783007,-0.06439945747901055,3.316680392028913,0.2124,True
2796,0.23,0.13,0.21,0.16,0.27,1.0715108158785127,0.2746912944775344,0.17669956573946347,-0.13408068385807104,2.048701472676739,0.21240000000000003,True
2797,0.24,0.13,0.19,0.17,0.27,1.0691140003626893,0.2741995950695988,0.17592058836307614,-0.1296926005955047,2.1142269783362098,0.21240000000000003,True
2798,0.24,0.13,0.17,0.19,0.27,1.0616511553241597,0.2726661788009226,0.17451981152198187,-0.12623673692410087,2.159959021793011,0.21240000000000003,True
2799,0.27,0.13,0.19,0.17,0.24,1.0347578962266164,0.2671094310276563,0.1640535176659258,-0.11787535544224359,2.2660328787600914,0.21240000000000003,True
2800,0.27,0.13,0.17,0.19,0.24,1.027132437232158,0.2655249376939566,0.16261853287603356,-0.11525601287291731,2.3037838206907923,0.21240000000000003,True
2801,0.27,0.17,0.13,0.19,0.24,0.9999006336104341,0.2598337901608918,0.16044047702150507,-0.10918788408854119,2.3796943436525506,0.21240000000000003,True
2802,0.23,0.13,0.21,0.27,0.16,0.8842220236653702,0.23506488027394679,0.12444680606205785,-0.0884608584913239,2.657275593781419,0.21240000000000003,True
2803,0.21,0.13,0.23,0.27,0.16,0.8826625241736394,0.23472412508851415,0.1244385487567269,-0.09341675815451977,2.51265543490879,0.21240000000000003,True
2804,0.23,0.27,0.16,0.21,0.13,0.7709264391504442,0.209802940013472,0.10825500914001415,-0.06312583730077304,3.323566846548628,0.21240000000000003,True
2805,0.27,0.14,0.2,0.24,0.15,0.8779531032238452,0.23369395921989677,0.12305788053252441,-0.08182202630156044,2.8561252975892137,0.21259999999999998,True
2806,0.26,0.18,0.15,0.26,0.15,0.8422166613884425,0.22582006819292344,0.11855889124870728,-0.07352982346979076,3.071135731553879,0.21259999999999998,True
2807,0.27,0.2,0.14,0.24,0.15,0.8371790576945455,0.22470195435721885,0.11920726884478326,-0.07271657037993928,3.090106604081655,0.21259999999999998,True
2808,0.25,0.16,0.2,0.26,0.13,0.8264273078943871,0.2223087103201451,0.1120714306879638,-0.07256034915856213,3.0637767444358093,0.21259999999999998,True
2809,0.24,0.14,0.2,0.15,0.27,1.0697869588680717,0.27433768878601206,0.17676687484930625,-0.13156644278542906,2.0851645980383293,0.2126,True
2810,0.25,0.13,0.2,0.16,0.26,1.0616660872509693,0.2726692506070014,0.1726409275078121,-0.12774399270874204,2.134497637228945,0.2126,True
2811,0.26,0.15,0.18,0.15,0.26,1.05308401113118,0.2709012886551494,0.17219907996380268,-0.12378166795658052,2.1885412688910826,0.2126,True
2812,0.24,0.14,0.15,0.2,0.27,1.051145265102945,0.2705012126920603,0.17329544574435995,-0.12350964913048301,2.190122104599994,0.2126,True
2813,0.26,0.13,0.2,0.16,0.25,1.0502402810116664,0.2703143755695059,0.1686895457428329,-0.12362362853892861,2.186591501675466,0.2126,True
2814,0.25,0.13,0.16,0.2,0.26,1.046630633555587,0.26956860372111424,0.16981687654906027,-0.12133005755517878,2.2217792454150875,0.2126,True
2815,0.26,0.15,0.15,0.18,0.26,1.0417969773559905,0.2685685705977172,0.1701431532028591,-0.11990202908875114,2.239900130455036,0.2126,True
2816,0.27,0.14,0.2,0.15,0.24,1.0355447983796195,0.2672727158439572,0.16492268465480975,-0.11918183979982322,2.2425624263970594,0.2126,True
2817,0.26,0.13,0.16,0.2,0.25,1.0350964180123299,0.26717968058447794,0.16584265246836863,-0.11765699271655938,2.2708355399506512,0.2126,True
2818,0.27,0.14,0.15,0.2,0.24,1.0164972445117808,0.263308401856043,0.16136800526477998,-0.11243079581366688,2.3419597802405283,0.2126,True
2819,0.27,0.15,0.14,0.2,0.24,1.0096869515115112,0.2618849367325429,0.160829517408057,-0.1109120913404672,2.3611937487377626,0.2126,True
2820,0.27,0.14,0.24,0.15,0.2,0.9826276172413428,0.2561970909875637,0.1494652187455691,-0.11156234582704538,2.2964476866123356,0.2126,True
2821,0.26,0.13,0.16,0.25,0.2,0.9498020060369035,0.2492272672496756,0.14216654724368347,-0.09749167645466261,2.5563953386889997,0.2126,True
2822,0.25,0.13,0.16,0.26,0.2,0.9450206328678241,0.24820553140452817,0.14128486164987594,-0.09726537706948846,2.551838474107851,0.2126,True
2823,0.26,0.16,0.13,0.25,0.2,0.9293977620361822,0.2448553450117723,0.1404562554935863,-0.09267148942379488,2.6421863567124433,0.2126,True
2824,0.26,0.15,0.15,0.26,0.18,0.9048004519594128,0.23954381797646018,0.1322297294620015,-0.08720013149568895,2.7470579902543255,0.2126,True
2825,0.26,0.13,0.2,0.25,0.16,0.8943198630917442,0.23726674956252092,0.12648742061628263,-0.08616542685878859,2.7536189190052216,0.2126,True
2826,0.25,0.13,0.2,0.26,0.16,0.8896475361037328,0.23624890754934835,0.1254961827848372,-0.08593501232983969,2.7491577780028353,0.2126,True
2827,0.25,0.14,0.25,0.22,0.14,0.8701611339084037,0.2319857097472291,0.12090920649367588,-0.08827457184865739,2.628001528514437,0.2126,True
2828,0.24,0.14,0.2,0.27,0.15,0.8640582256484601,0.23064443971361293,0.11997179012524893,-0.08114540011656068,2.8423600029367715,0.2126,True
2829,0.26,0.15,0.18,0.26,0.15,0.8625710037307719,0.23031714113751933,0.12048336870288708,-0.07845484936273528,2.9356648187883216,0.2126,True
2830,0.25,0.14,0.22,0.25,0.14,0.858345103542643,0.22938617920975823,0.11812644350535967,-0.08119814009205306,2.8250176537258946,0.2126,True
2831,0.27,0.15,0.2,0.24,0.14,0.856796526680282,0.22904467577025533,0.11865973458844126,-0.07803054493895478,2.93532072535752,0.2126,True
2832,0.22,0.14,0.25,0.25,0.14,0.8562755972064635,0.22892975392818982,0.11795712697608866,-0.08874697111790408,2.579578221594143,0.2126,True
2833,0.26,0.2,0.13,0.25,0.16,0.8468075076997283,0.22683724862391985,0.12206551578430837,-0.07431050260812633,3.0525597413886114,0.2126,True
2834,0.24,0.15,0.2,0.27,0.14,0.8430242881407997,0.2259991341081391,0.11545301879143993,-0.07647452406085575,2.9552211914165936,0.2126,True
2835,0.25,0.2,0.13,0.26,0.16,0.8422262140648689,0.22582218650532226,0.12102941241607021,-0.07407499922152971,3.0485614428422108,0.2126,True
2836,0.26,0.16,0.2,0.25,0.13,0.8309769958465032,0.22332257382413445,0.11318348803539238,-0.0734541966339195,3.0402970021866538,0.2126,True
2837,0.24,0.2,0.14,0.27,0.15,0.8235184247387115,0.221659604963937,0.11599515573792556,-0.07081930639295186,3.129931882331979,0.2126,True
2838,0.27,0.2,0.15,0.24,0.14,0.8228449691742639,0.22150922770924386,0.1153663566977447,-0.07049072806620271,3.1423881379294203,0.2126,True
2839,0.24,0.2,0.15,0.27,0.14,0.8092680668629642,0.21846968060480165,0.11204467764975044,-0.06777943139600928,3.223244516885468,0.2126,True
2840,0.25,0.22,0.14,0.25,0.14,0.8042479415231192,0.21734194265607854,0.11267722143925439,-0.06693635476539672,3.246994005243249,0.2126,True
2841,0.26,0.2,0.16,0.25,0.13,0.8038915374266329,0.2172617993366346,0.11044631912539443,-0.0673400140969016,3.2263402710904847,0.2126,True
2842,0.26,0.13,0.25,0.16,0.2,0.9846061342501404,0.25661472096564153,0.14930374190476248,-0.11422703353606078,2.2465323051975243,0.21260000000000004,True
2843,0.27,0.14,0.15,0.24,0.2,0.9477654803536635,0.2487922847480537,0.14248831938242107,-0.0961218074970529,2.5883021889250437,0.21260000000000004,True
2844,0.27,0.15,0.14,0.24,0.2,0.9409510826773253,0.24733458558042143,0.14192277779736878,-0.09451580129088011,2.6168596383077682,0.21260000000000004,True
2845,0.26,0.13,0.25,0.2,0.16,0.9139464354324138,0.24152410709719407,0.13085998536108745,-0.0972548648891779,2.483414144602548,0.21260000000000004,True
2846,0.25,0.13,0.26,0.2,0.16,0.9131403049076392,0.24134981752476126,0.13082100211636344,-0.09970754322167696,2.4205773176877403,0.21260000000000004,True
2847,0.25,0.2,0.16,0.26,0.13,0.7993939744363154,0.21624953992296825,0.10930063827204246,-0.06643112969178255,3.2552440538989966,0.21260000000000004,True
2848,0.25,0.15,0.18,0.15,0.27,1.0643217718679105,0.273215344084178,0.1761683108946235,-0.12739755495419214,2.1445886004830865,0.2128,True
2849,0.25,0.15,0.15,0.18,0.27,1.0531168682500605,0.2709080668169519,0.1741275862945536,-0.12355672903660153,2.1925804359607164,0.2128,True
2850,0.25,0.13,0.22,0.15,0.25,1.0527897000620294,0.27084057140117546,0.16944351944985944,-0.12807445792074823,2.1147118309005073,0.2128,True
2851,0.26,0.14,0.16,0.18,0.26,1.0485908718199664,0.26997370780214114,0.1706856575762297,-0.12137406713436572,2.2243112896865354,0.2128,True
2852,0.26,0.14,0.22,0.14,0.24,1.038172188148594,0.26781760330155224,0.1656482699178897,-0.12367868890959255,2.16543048493442,0.2128,True
2853,0.27,0.15,0.15,0.18,0.25,1.0302291932975085,0.26616889074815897,0.1662082667738132,-0.11620410057240305,2.290529244984067,0.2128,True
2854,0.25,0.13,0.25,0.15,0.22,1.0140103170878025,0.2627889645031145,0.1577928717103305,-0.12256194183801339,2.1441318615075073,0.2128,True
2855,0.26,0.14,0.14,0.22,0.24,1.007774329317749,0.26148458838111854,0.15988958634592818,-0.11088298260277041,2.358203055538888,0.2128,True
2856,0.25,0.13,0.15,0.25,0.22,0.9757503725313339,0.25474326084219934,0.1501164134821388,-0.10413079942397663,2.446377654367104,0.2128,True
2857,0.26,0.14,0.16,0.26,0.18,0.9116029582998861,0.2410172994889377,0.13283190032576353,-0.08884606915446269,2.712751411319265,0.2128,True
2858,0.27,0.15,0.15,0.25,0.18,0.9094984928632848,0.24056182813702676,0.13320236188268067,-0.08743023208123313,2.7514719154984753,0.2128,True
2859,0.25,0.15,0.15,0.27,0.18,0.9001082133556377,0.2385253927462685,0.13128073892543335,-0.08697003293214722,2.742615872439218,0.2128,True
2860,0.26,0.16,0.14,0.26,0.18,0.8980075014037796,0.23806890103933087,0.13164615179353983,-0.0855439101403841,2.783002327677582,0.2128,True
2861,0.25,0.13,0.25,0.22,0.15,0.8912075651634341,0.2365889381368651,0.1253126475326637,-0.09303730617832151,2.542946994653983,0.2128,True
2862,0.25,0.13,0.22,0.25,0.15,0.8794203800812614,0.23401510435529893,0.12257930712965764,-0.08603820198124901,2.7198976613469874,0.2128,True
2863,0.22,0.13,0.25,0.25,0.15,0.8772000223546834,0.23352906628456238,0.12246944718407035,-0.09350600208228543,2.497476751054509,0.2128,True
2864,0.26,0.14,0.22,0.24,0.14,0.8629579379140335,0.2304023119777201,0.11918121201153119,-0.08103988857372513,2.8430729117811433,0.2128,True
2865,0.22,0.14,0.26,0.24,0.14,0.8601839226479673,0.22979144265452622,0.11893586308718732,-0.09109010321650257,2.522682866088744,0.2128,True
2866,0.25,0.15,0.18,0.27,0.15,0.857961429757303,0.2293015863611012,0.11944154193540212,-0.07822157367181848,2.931436630553414,0.2128,True
2867,0.24,0.14,0.22,0.26,0.14,0.8537379555744535,0.22836961907695574,0.11709690612652816,-0.08135639020268814,2.8070274321169433,0.2128,True
2868,0.22,0.14,0.24,0.26,0.14,0.8523656180343078,0.2280664893334141,0.11699415681634975,-0.08639641451601454,2.639767988185892,0.2128,True
2869,0.25,0.15,0.25,0.22,0.13,0.8490049689214709,0.22732353714820563,0.11656093706875471,-0.08343727807764811,2.7244840961453054,0.2128,True
2870,0.27,0.18,0.15,0.25,0.15,0.846792841314916,0.2268340017216417,0.11964608562083351,-0.07442205181806016,3.0479407135425873,0.2128,True
2871,0.26,0.16,0.18,0.26,0.14,0.8414560732183207,0.22565138374551408,0.11602254491543208,-0.0743418877763451,3.0353195283980168,0.2128,True
2872,0.25,0.15,0.22,0.25,0.13,0.8371614629086674,0.22469804555255557,0.11372728937457342,-0.07647708451565471,2.9381094608354257,0.2128,True
2873,0.22,0.15,0.25,0.25,0.13,0.8352419722983,0.22427146731920367,0.11349301195596141,-0.08391343968454101,2.6726525353068107,0.2128,True
2874,0.25,0.22,0.13,0.25,0.15,0.8185128635510326,0.22054101645641522,0.11661476176825028,-0.06918914242443241,3.187509032899021,0.2128,True
2875,0.24,0.22,0.14,0.26,0.14,0.799744852141872,0.21632857204484335,0.11158640246844381,-0.06602596743041167,3.2764165443367976,0.2128,True
2876,0.25,0.22,0.15,0.25,0.13,0.7898677260930103,0.2140998982503597,0.10882699139331085,-0.06466596976956218,3.3108588491490467,0.2128,True
2877,0.25,0.25,0.15,0.22,0.13,0.7815050019048517,0.21220651462114803,0.10933594784017577,-0.06403232709382634,3.3140528269447804,0.2128,True
2878,0.27,0.15,0.18,0.15,0.25,1.0415973363760735,0.2685272330307995,0.16827932140172125,-0.1201232037346216,2.2354318290081143,0.21280000000000002,True
2879,0.26,0.14,0.24,0.14,0.22,1.0121115510675103,0.2623920867499352,0.15790200055371442,-0.11995383234800638,2.187442298539419,0.21280000000000002,True
2880,0.26,0.14,0.14,0.24,0.22,0.9737866516492237,0.2543275166570371,0.1503905642295928,-0.10279552855097596,2.474110695689618,0.21280000000000002,True
2881,0.26,0.14,0.24,0.22,0.14,0.8708550292808237,0.23213802612162882,0.12100715593620884,-0.08576550642421232,2.7066595394823474,0.21280000000000002,True
2882,0.24,0.14,0.26,0.22,0.14,0.8694532389183438,0.23183028149509521,0.12086504811235346,-0.09077568985355844,2.5538806906242133,0.21280000000000002,True
2883,0.27,0.15,0.18,0.25,0.15,0.8671862697027053,0.23133227247067656,0.12154955865441007,-0.07890078743043161,2.931938704346225,0.21280000000000002,True
2884,0.25,0.18,0.15,0.27,0.15,0.8376461364090959,0.22480571003370842,0.11749612582193791,-0.07306527150859266,3.0767792330350914,0.21280000000000002,True
2885,0.26,0.14,0.18,0.16,0.26,1.0561218264296652,0.2715276602202572,0.17206870469739813,-0.1239523303907143,2.190581325614176,0.21280000000000004,True
2886,0.26,0.14,0.26,0.16,0.18,0.950538085646665,0.24938441231616526,0.14107321000993955,-0.10780283946196423,2.313338067539073,0.21280000000000004,True
2887,0.26,0.14,0.18,0.26,0.16,0.8835754563617404,0.23492362626116114,0.12498812604198276,-0.083076318882773,2.827804955978565,0.21280000000000004,True
2888,0.26,0.18,0.14,0.26,0.16,0.8564169138500148,0.22896093180712151,0.12248963904171448,-0.07629502177287328,3.000994383207957,0.21280000000000004,True
2889,0.26,0.18,0.16,0.26,0.14,0.8278973024543996,0.2226364714306155,0.11470491861633433,-0.07131548250831166,3.12185325822717,0.21280000000000004,True
2890,0.26,0.13,0.24,0.15,0.22,1.0151161806194766,0.26301999579869495,0.15776939239190355,-0.12022718168307944,2.187691602819231,0.213,True
2891,0.27,0.13,0.16,0.24,0.2,0.9545892899898052,0.2502485938962111,0.14307110854019353,-0.0977179777952355,2.5609268585213463,0.213,True
2892,0.27,0.16,0.13,0.24,0.2,0.934146100546402,0.2458754913795631,0.141374759007092,-0.09289986797960037,2.6466721291095294,0.213,True
2893,0.26,0.13,0.24,0.22,0.15,0.891951911471704,0.23675111313263209,0.12538985408349496,-0.09055511642763636,2.6144421483000646,0.213,True
2894,0.24,0.13,0.26,0.22,0.15,0.8904492801421477,0.23642368246733425,0.12528726003027074,-0.09551169413501703,2.4753375448782378,0.213,True
2895,0.26,0.13,0.22,0.24,0.15,0.8840740620809187,0.23503255831233738,0.12359513968963297,-0.08588119720070664,2.736717302194333,0.213,True
2896,0.22,0.13,0.26,0.24,0.15,0.8810987293786641,0.23438224233875027,0.12342896283314407,-0.09582364668857712,2.445974980481413,0.213,True
2897,0.24,0.13,0.22,0.26,0.15,0.8747724336024592,0.2329972263445661,0.12158842720376262,-0.08619520537600389,2.7031344183029327,0.213,True
2898,0.22,0.13,0.24,0.26,0.15,0.8732996195932108,0.23267433612381105,0.1215253459960767,-0.09118107041744561,2.551783336810813,0.213,True
2899,0.26,0.15,0.24,0.22,0.13,0.8496486919129238,0.22746591724304843,0.1166814378048761,-0.08144047292604573,2.793032862783166,0.213,True
2900,0.24,0.15,0.26,0.22,0.13,0.8483471854077853,0.22717801297092333,0.11649632382417917,-0.08596566292087349,2.64265993248988,0.213,True
2901,0.26,0.15,0.22,0.24,0.13,0.841733271661151,0.22571286663365164,0.11482346857986085,-0.07697041221067513,2.932462749658332,0.213,True
2902,0.22,0.15,0.26,0.24,0.13,0.8391594596117997,0.22514175507158352,0.11449173710782959,-0.0862825762141406,2.609353648792486,0.213,True
2903,0.27,0.16,0.2,0.24,0.13,0.835532300160619,0.2243360074556764,0.11432013511240594,-0.07434678404294859,3.0174271872483702,0.213,True
2904,0.24,0.15,0.22,0.26,0.13,0.8325952914417374,0.22368279372669675,0.11265656056024105,-0.07644146087515746,2.926197264754145,0.213,True
2905,0.22,0.15,0.24,0.26,0.13,0.8313228732609572,0.22339958125391424,0.11251041078931664,-0.08153673740101541,2.739864119840686,0.213,True
2906,0.26,0.22,0.13,0.24,0.15,0.8230494479135446,0.22155489009590013,0.11769378482596744,-0.07009310604078856,3.1608656344458894,0.213,True
2907,0.24,0.16,0.2,0.27,0.13,0.821883234628966,0.22129441582374088,0.11098491594453291,-0.07175007204311379,3.084239632411346,0.213,True
2908,0.24,0.22,0.13,0.26,0.15,0.8139819035554015,0.21952671515481836,0.11556098891327556,-0.06878946364279825,3.1912840067303123,0.213,True
2909,0.27,0.2,0.16,0.24,0.13,0.8083946673771918,0.21827362723309762,0.11161657774107084,-0.06824760196554536,3.1982607585727707,0.213,True
2910,0.24,0.2,0.16,0.27,0.13,0.794901976730934,0.21523684786015163,0.10818053435661809,-0.0655209459699444,3.2850082469640247,0.213,True
2911,0.24,0.22,0.15,0.26,0.13,0.785392667666303,0.21308744680856262,0.10769738980290706,-0.06375039400482652,3.342527526848381,0.213,True
2912,0.24,0.26,0.15,0.22,0.13,0.7742632175515607,0.2105621266461346,0.10837630688349043,-0.06289798033219085,3.3476770722059266,0.213,True
2913,0.24,0.13,0.2,0.16,0.27,1.0728421894740219,0.2749642578630127,0.17664018114396612,-0.13181668432520666,2.0859594464130566,0.21300000000000002,True
2914,0.25,0.14,0.18,0.16,0.27,1.0673702684207083,0.2738416350769486,0.17603940643566254,-0.12756196703999734,2.1467341828547135,0.21300000000000002,True
2915,0.24,0.13,0.22,0.15,0.26,1.064132918362219,0.27317652525449065,0.17342142868915286,-0.13215681649713407,2.06706345155049,0.21300000000000002,True
2916,0.25,0.14,0.16,0.18,0.27,1.0598941572208531,0.27230462435027647,0.17466677681952303,-0.12500943685196697,2.17827254651769,0.21300000000000002,True
2917,0.24,0.13,0.16,0.2,0.27,1.0579165062212104,0.2718974179679614,0.1738389169889966,-0.12496037332974785,2.1758691233297873,0.21300000000000002,True
2918,0.27,0.14,0.18,0.16,0.25,1.0446242596150883,0.26915369721969906,0.16814735468240274,-0.12030025265647126,2.2373493926757817,0.21300000000000002,True
2919,0.26,0.13,0.22,0.15,0.24,1.0411991913584555,0.26844478526386517,0.16551741718245355,-0.12394417612065001,2.165852351162955,0.21300000000000002,True
2920,0.27,0.13,0.2,0.16,0.24,1.0385675527565201,0.267899556382299,0.16479137472028846,-0.11945474984729998,2.242686512882554,0.21300000000000002,True
2921,0.27,0.14,0.16,0.18,0.25,1.037039142164855,0.2675826813414548,0.16675392550014892,-0.1176958254808097,2.2735103836378983,0.21300000000000002,True
2922,0.27,0.16,0.14,0.18,0.25,1.023428268768538,0.2647538145619044,0.16567746154086593,-0.11470344216168926,2.3081592807711893,0.21300000000000002,True
2923,0.27,0.13,0.16,0.2,0.24,1.0233166415918333,0.26473056173368414,0.161921748079076,-0.11394041924937537,2.323412213836798,0.21300000000000002,True
2924,0.26,0.13,0.15,0.22,0.24,1.0145785745075364,0.26290769246880097,0.16043313694591635,-0.11239951310669616,2.339046542125442,0.21300000000000002,True
2925,0.27,0.16,0.13,0.2,0.24,1.002885766176672,0.2604601618875193,0.16030649320876958,-0.1093842236430358,2.3811492481539602,0.21300000000000002,True
2926,0.26,0.15,0.13,0.22,0.24,1.0009791872212763,0.26006017543699,0.1593615390383055,-0.10935731569666396,2.378077532173034,0.21300000000000002,True
2927,0.27,0.13,0.24,0.16,0.2,0.985604882175594,0.25682543357624876,0.14932982048866977,-0.11185155565414429,2.2961275064459326,0.21300000000000002,True
2928,0.26,0.13,0.15,0.24,0.22,0.9805941293665021,0.25576756796786015,0.15094785045013415,-0.10435475898429802,2.4509430183854364,0.21300000000000002,True
2929,0.26,0.15,0.13,0.24,0.22,0.9669884309652643,0.2528861150434776,0.14984974912915972,-0.10122679108592392,2.4982132924555644,0.21300000000000002,True
2930,0.27,0.14,0.25,0.16,0.18,0.9514441859718059,0.2495778006897431,0.14111045400805655,-0.10538868600076567,2.3681650294788748,0.21300000000000002,True
2931,0.27,0.14,0.16,0.25,0.18,0.9163140050816312,0.2420357050550046,0.13379906327504143,-0.08907546258388555,2.717198407216476,0.21300000000000002,True
2932,0.27,0.13,0.24,0.2,0.16,0.9147386754393163,0.24169534578773955,0.13094833965851488,-0.09479450062331807,2.549676871532419,0.21300000000000002,True
2933,0.25,0.14,0.16,0.27,0.18,0.9068977261686919,0.23999847922707085,0.13188833881738005,-0.08861667773457116,2.7082766513310914,0.21300000000000002,True
2934,0.27,0.16,0.14,0.25,0.18,0.902692543773322,0.23908651497961264,0.13262415879860337,-0.08577472225500249,2.7873773145988685,0.21300000000000002,True
2935,0.27,0.13,0.2,0.24,0.16,0.8989979537947281,0.23828417159323756,0.1275026632021356,-0.08639584341533812,2.758051338739917,0.21300000000000002,True
2936,0.25,0.16,0.14,0.27,0.18,0.8933282489839167,0.23705087165505367,0.13069182536694554,-0.08531310006035575,2.7785987320511065,0.21300000000000002,True
2937,0.27,0.14,0.18,0.25,0.16,0.8882315051896905,0.23594010132475085,0.12601520024248988,-0.08330780773520186,2.832148723378949,0.21300000000000002,True
2938,0.24,0.13,0.2,0.27,0.16,0.8849809711553918,0.2352306444917962,0.12452971809767753,-0.08597118787021829,2.7361567324962324,0.21300000000000002,True
2939,0.25,0.14,0.18,0.27,0.16,0.8789251486499079,0.23390673098771342,0.12398517368596648,-0.08284483207698057,2.8234317714635964,0.21300000000000002,True
2940,0.27,0.18,0.14,0.25,0.16,0.8610208832516419,0.22997581472633444,0.12354237350733113,-0.07661450822216453,3.001726697239343,0.21300000000000002,True
2941,0.25,0.18,0.14,0.27,0.16,0.8518186361627482,0.22794562712377897,0.12146114651057285,-0.07606062727242868,2.9968938634615663,0.21300000000000002,True
2942,0.27,0.2,0.13,0.24,0.16,0.851394478596474,0.22785188803220802,0.12312583874007013,-0.07492532790324669,3.0410529310787933,0.21300000000000002,True
2943,0.27,0.16,0.18,0.25,0.14,0.8460303783436007,0.22666518096869792,0.11713042185661823,-0.07523171781826199,3.0128938636793494,0.21300000000000002,True
2944,0.25,0.16,0.18,0.27,0.14,0.8368874109738524,0.22463715977742416,0.1149392115945807,-0.07352546813002858,3.0552292354012223,0.21300000000000002,True
2945,0.27,0.18,0.16,0.25,0.14,0.8324455325655655,0.22364946748331005,0.11582810199163818,-0.07221271241845262,3.0970927416120793,0.21300000000000002,True
2946,0.25,0.18,0.16,0.27,0.14,0.8233546905231626,0.22162304782726383,0.11360630039275023,-0.07041698153050324,3.1472954820033165,0.21300000000000002,True
2947,0.26,0.14,0.21,0.14,0.25,1.050983038809516,0.2704677245516274,0.16956453863806756,-0.1255167627691588,2.154833494622959,0.2134,True
2948,0.26,0.14,0.14,0.21,0.25,1.0245035066680503,0.26497775137792345,0.16462782490437292,-0.11485501414662036,2.3070629815051964,0.2134,True
2949,0.26,0.14,0.14,0.25,0.21,0.9565353130299443,0.2506632847121846,0.14563419651098844,-0.09867837011972258,2.540204954825102,0.2134,True
2950,0.26,0.13,0.26,0.18,0.17,0.93575596682265,0.24622098049619634,0.13634608565348616,-0.10385241869443596,2.370873818747064,0.2134,True
2951,0.26,0.14,0.15,0.26,0.19,0.925425419732955,0.24400062912603282,0.13683330899441115,-0.09169148222533952,2.6611046435739887,0.2134,True
2952,0.26,0.15,0.14,0.26,0.19,0.9186244557023433,0.24253455426805504,0.13625552404171504,-0.09006189348484361,2.6929764063740325,0.2134,True
2953,0.26,0.13,0.18,0.26,0.17,0.904465355114658,0.2394711425014009,0.12952672824771552,-0.0876266504783495,2.7328574262982768,0.2134,True
2954,0.26,0.14,0.25,0.21,0.14,0.8748010782054814,0.2330035045251977,0.12194428961011286,-0.08811710263742567,2.6442483644058776,0.2134,True
2955,0.26,0.18,0.13,0.26,0.17,0.8704956054975608,0.23205913402028244,0.1264854335834876,-0.0792613834707655,2.9277704205841215,0.2134,True
2956,0.26,0.14,0.19,0.26,0.15,0.8693753245398088,0.23181317190578454,0.1211647987052699,-0.08015124857831635,2.892196640945378,0.2134,True
2957,0.26,0.14,0.21,0.25,0.14,0.8590069022961393,0.2295320660175013,0.1182931351598055,-0.07866579553810826,2.9178128111131674,0.2134,True
2958,0.26,0.19,0.14,0.26,0.15,0.8354514325879527,0.22431803120781812,0.11795872611997849,-0.07201557565975869,3.1148543791084897,0.2134,True
2959,0.26,0.17,0.18,0.26,0.13,0.8202347408209478,0.2209260342734809,0.11161768383932223,-0.0706141340813291,3.128637590018899,0.2134,True
2960,0.26,0.18,0.17,0.26,0.13,0.8134612913894794,0.2194100626930633,0.11094118795272802,-0.06908401196009695,3.1759890091472243,0.2134,True
2961,0.26,0.21,0.14,0.25,0.14,0.81156599024657,0.21898519788821447,0.11363181764865526,-0.06804956323346012,3.2180250317982786,0.2134,True
2962,0.25,0.14,0.21,0.14,0.26,1.0623708553385627,0.2728142191049152,0.17350804721251284,-0.12962601077071367,2.104625587741623,0.21340000000000003,True
2963,0.26,0.14,0.19,0.15,0.26,1.059884126961538,0.2723025597369013,0.17277996807772789,-0.12523571803497469,2.174320265891358,0.21340000000000003,True
2964,0.26,0.13,0.18,0.17,0.26,1.0591623111810673,0.2721539646694706,0.17194015977319843,-0.12412249425259636,2.192624038924176,0.21340000000000003,True
2965,0.26,0.13,0.17,0.18,0.26,1.0553937027231841,0.2713775835836407,0.17124248296479577,-0.12283741912789226,2.209241984326419,0.21340000000000003,True
2966,0.26,0.14,0.15,0.19,0.26,1.0448222245663699,0.269194647291743,0.1700141762833628,-0.12007915719370588,2.2418099325721554,0.21340000000000003,True
2967,0.26,0.15,0.14,0.19,0.26,1.0380304157598275,0.2677882134559253,0.16948477731967493,-0.11860106435194728,2.257890474416544,0.21340000000000003,True
2968,0.27,0.14,0.22,0.14,0.23,1.0263483457541875,0.26536178622130824,0.16178157615926558,-0.11949188037523983,2.22075161415147,0.21340000000000003,True
2969,0.27,0.14,0.23,0.14,0.22,1.013204022983782,0.26262046438382947,0.15792029081217535,-0.11760810939911437,2.233013231193113,0.21340000000000003,True
2970,0.27,0.14,0.14,0.22,0.23,0.9957396653970525,0.2589596514015491,0.1559759618265814,-0.10708674927732653,2.418223105558202,0.21340000000000003,True
2971,0.27,0.14,0.14,0.23,0.22,0.9786234379569498,0.25535102847658653,0.15124821987630835,-0.10302016404328818,2.4786509597217323,0.21340000000000003,True
2972,0.26,0.13,0.26,0.17,0.18,0.9534877141547633,0.250013729846412,0.14093649125613356,-0.10810034206793184,2.31279314259061,0.21340000000000003,True
2973,0.26,0.13,0.17,0.26,0.18,0.9184150168396068,0.2424893508530659,0.13345233771976966,-0.09048181859951221,2.679978747181958,0.21340000000000003,True
2974,0.26,0.17,0.13,0.26,0.18,0.8912241102186069,0.2365925433652718,0.1310814930532612,-0.08387730840886343,2.8206978484811605,0.21340000000000003,True
2975,0.27,0.14,0.23,0.22,0.14,0.8715348878843283,0.23228722476979335,0.12115855770442484,-0.08357473336131982,2.7793953438719656,0.21340000000000003,True
2976,0.27,0.14,0.22,0.23,0.14,0.8675764603639258,0.23141801847776167,0.12026034860974591,-0.0813592926777339,2.844395653664468,0.21340000000000003,True
2977,0.22,0.14,0.27,0.23,0.14,0.8640905909466814,0.23065156053167613,0.11992998672375968,-0.09342584593306669,2.4688196101207627,0.21340000000000003,True
2978,0.25,0.14,0.21,0.26,0.14,0.8544031122289695,0.22851648883927478,0.117231911138355,-0.07882430955285868,2.8990610908686008,0.21340000000000003,True
2979,0.23,0.14,0.22,0.27,0.14,0.8491364923341593,0.22735263047773513,0.11609348006783617,-0.08151463890565047,2.789101853728207,0.21340000000000003,True
2980,0.22,0.14,0.23,0.27,0.14,0.8484539885435922,0.22720164381985364,0.11604733777720928,-0.08403839806665725,2.703545629697067,0.21340000000000003,True
2981,0.26,0.15,0.19,0.26,0.14,0.8482502231265183,0.22715655868296247,0.11671232740717319,-0.07584178362476102,2.995137348125339,0.21340000000000003,True
2982,0.26,0.19,0.15,0.26,0.14,0.8211326887699038,0.22112672226181807,0.11407798298469145,-0.06978881521485036,3.1685123408537894,0.21340000000000003,True
2983,0.25,0.21,0.14,0.26,0.14,0.8070533570858749,0.2179724182155307,0.11251699237875841,-0.06714200594990494,3.2464388743190256,0.21340000000000003,True
2984,0.23,0.22,0.14,0.27,0.14,0.79524734868497,0.21531476967794339,0.11052197142904056,-0.06547730627496873,3.2883877167111852,0.21340000000000003,True
2985,0.26,0.13,0.21,0.15,0.25,1.0540210331721944,0.27109456046354197,0.16943440469480348,-0.1257784058717969,2.1553346823290362,0.21359999999999998,True
2986,0.27,0.13,0.22,0.15,0.23,1.0293641742519282,0.2659890808447183,0.16164895118283276,-0.11976512225107816,2.220922718110646,0.21359999999999998,True
2987,0.27,0.13,0.23,0.15,0.22,1.016208564221583,0.2632481279574339,0.15778671289768334,-0.11788535421637614,2.2330859478459675,0.21359999999999998,True
2988,0.25,0.13,0.15,0.26,0.21,0.9585352932867162,0.2510891871748946,0.14534146920736965,-0.10003426742705368,2.5100317484505212,0.21359999999999998,True
2989,0.27,0.13,0.25,0.18,0.17,0.9366102856499363,0.24640424578406983,0.1363975461941297,-0.10142110657724157,2.4295164399178604,0.21359999999999998,True
2990,0.25,0.13,0.27,0.18,0.17,0.9348878428239238,0.2460346985247195,0.13634200362406368,-0.10627619347104866,2.315049970167997,0.21359999999999998,True
2991,0.27,0.13,0.23,0.22,0.15,0.892682281915651,0.23691020178168332,0.1255185785869175,-0.08806508792588041,2.69017163738118,0.21359999999999998,True
2992,0.27,0.13,0.22,0.23,0.15,0.8887334812767371,0.23604958929332498,0.12463512101806541,-0.08572419103435858,2.753593664111866,0.21359999999999998,True
2993,0.22,0.13,0.27,0.23,0.15,0.8849957372530286,0.23523386916240385,0.12440354443069843,-0.09813403844257629,2.397067041116955,0.21359999999999998,True
2994,0.26,0.13,0.21,0.25,0.15,0.8801325844407726,0.23417092535455342,0.12272201552224524,-0.08353316348194506,2.803328828856905,0.21359999999999998,True
2995,0.25,0.13,0.21,0.26,0.15,0.8754879198484522,0.23315402388812734,0.12170038727420446,-0.08369042663866255,2.7859103275310217,0.21359999999999998,True
2996,0.23,0.13,0.22,0.27,0.15,0.8701302209692301,0.23197892319796298,0.12062331759105666,-0.08635220738498828,2.6864272520993007,0.21359999999999998,True
2997,0.22,0.13,0.23,0.27,0.15,0.8693975245063486,0.23181804695056063,0.12059701335098494,-0.08884881727236738,2.6091292384896803,0.21359999999999998,True
2998,0.25,0.14,0.19,0.27,0.15,0.8647527195479183,0.23079721999026725,0.12013016067214281,-0.07991869966057041,2.8879000905983956,0.21359999999999998,True
2999,0.22,0.15,0.27,0.23,0.13,0.8430753317893422,0.2260104496791735,0.11550617488521733,-0.08864418305848898,2.5496365568629344,0.21359999999999998,True
3000,0.25,0.15,0.21,0.26,0.13,0.8332103970596401,0.22381965578335428,0.11281669408369885,-0.07423012275873753,3.0152133320702177,0.21359999999999998,True
3001,0.25,0.19,0.14,0.27,0.15,0.8308939092529568,0.22330407367215588,0.11688922054803924,-0.07132451666033846,3.130817902847829,0.21359999999999998,True
3002,0.23,0.15,0.22,0.27,0.13,0.828034755585034,0.22266711003466555,0.11161223017867801,-0.07660097622359119,2.906844285962111,0.21359999999999998,True
3003,0.22,0.15,0.23,0.27,0.13,0.8274021659119144,0.2225260916752787,0.11154435312523159,-0.07915243306414665,2.811361357583781,0.21359999999999998,True
3004,0.26,0.21,0.13,0.25,0.15,0.8258714313907474,0.22218472205822315,0.11753552970712307,-0.07029303216757321,3.160835650517277,0.21359999999999998,True
3005,0.25,0.21,0.13,0.26,0.15,0.8213308755182167,0.22117100736618855,0.11645794960686558,-0.06939058151893829,3.187334686132093,0.21359999999999998,True
3006,0.26,0.21,0.15,0.25,0.13,0.7971449649092672,0.21574272611483236,0.10981678459918283,-0.06578860906410311,3.2793325346735474,0.21359999999999998,True
3007,0.25,0.21,0.15,0.26,0.13,0.7926604148005993,0.21473087001141944,0.10866303209130955,-0.06487589279015671,3.309871522014715,0.21359999999999998,True
3008,0.23,0.22,0.15,0.27,0.13,0.7809231583967426,0.21207456057154328,0.10659434337704708,-0.06283350248147157,3.375182859400208,0.21359999999999998,True
3009,0.23,0.13,0.22,0.15,0.27,1.075226064258632,0.2754527172379557,0.17744593933368677,-0.13619208111104797,2.0225310825036718,0.2136,True
3010,0.25,0.14,0.19,0.15,0.27,1.0711050937674509,0.2746080885013138,0.17674508137083475,-0.129292080131581,2.1239358839446636,0.2136,True
3011,0.25,0.13,0.18,0.17,0.27,1.0704214400844991,0.274467859397429,0.17591229768400266,-0.12772590160010355,2.1488817534971036,0.2136,True
3012,0.25,0.13,0.17,0.18,0.27,1.0666802983173533,0.27369993977768203,0.17521996791806144,-0.12645362248620307,2.164429412115454,0.2136,True
3013,0.25,0.13,0.21,0.15,0.26,1.0654196479518498,0.273440965584161,0.17337943897800995,-0.12988015799868913,2.1053328683733263,0.2136,True
3014,0.25,0.14,0.15,0.19,0.27,1.0561528781919751,0.27153405964160693,0.17400010825239023,-0.12372748450563964,2.194613918859961,0.2136,True
3015,0.25,0.15,0.14,0.19,0.27,1.049377612066086,0.27013622335923104,0.17347373892769768,-0.12226882442325293,2.209363054183883,0.2136,True
3016,0.27,0.14,0.19,0.15,0.25,1.0484136950474277,0.2699371029652904,0.16886420425429188,-0.12159662991131515,2.2199390160908683,0.2136,True
3017,0.27,0.13,0.18,0.17,0.25,1.0476538466489234,0.26978009384592827,0.16801725434655565,-0.12047678131236728,2.2392704295979944,0.2136,True
3018,0.27,0.13,0.17,0.18,0.25,1.043858111784969,0.2689951906688812,0.16731424136625994,-0.1191786964226188,2.257074449908389,0.2136,True
3019,0.27,0.14,0.15,0.19,0.25,1.0332434669711916,0.2667950633904048,0.16607766572344781,-0.11638774047352152,2.2922952392146603,0.2136,True
3020,0.26,0.13,0.15,0.21,0.25,1.0313052557337596,0.26639249856983693,0.1651648745194968,-0.11635078550302624,2.289563387287215,0.2136,True
3021,0.27,0.15,0.14,0.19,0.25,1.0264356665738226,0.26537995776587575,0.16554540985374816,-0.11488985583746358,2.3098641375380677,0.2136,True
3022,0.26,0.15,0.13,0.21,0.25,1.0177107837256534,0.26356171523427174,0.16410583992752265,-0.1133502848690291,2.32519676098569,0.2136,True
3023,0.27,0.17,0.13,0.18,0.25,1.0166363721635467,0.2633374484282289,0.1651617054498114,-0.11319376975746953,2.3264305888253323,0.2136,True
3024,0.27,0.13,0.15,0.22,0.23,1.0025587736648323,0.26039157926939427,0.1565224593795769,-0.1086237635020888,2.397187971344659,0.2136,True
3025,0.26,0.13,0.25,0.15,0.21,1.0018599203773757,0.26024497843660543,0.1539476717864367,-0.11834398701151905,2.199055355565082,0.2136,True
3026,0.27,0.15,0.13,0.22,0.23,0.9889297445361149,0.257526393509387,0.15544536913367213,-0.10554041965748306,2.4400736167731143,0.2136,True
3027,0.27,0.13,0.15,0.23,0.22,0.9854438807683288,0.25679147079787734,0.15180144939595114,-0.10457872045953998,2.4554849176723894,0.2136,True
3028,0.27,0.15,0.13,0.23,0.22,0.9718122595223986,0.2539092351104091,0.15071138998569755,-0.10145210466408916,2.502749804463001,0.2136,True
3029,0.27,0.14,0.25,0.15,0.19,0.969050195047874,0.25332361371159373,0.1457042121287224,-0.10961471063030281,2.3110366506004607,0.2136,True
3030,0.26,0.13,0.15,0.25,0.21,0.9633435271506321,0.25211193136325627,0.14619871331150497,-0.10025956088830001,2.5145924152224866,0.2136,True
3031,0.27,0.13,0.25,0.17,0.18,0.9543935707758795,0.2502068715722152,0.14097264819305522,-0.10569030741705099,2.3673587265188463,0.2136,True
3032,0.26,0.15,0.13,0.25,0.21,0.9497364329125639,0.24921326617542672,0.1450866857631982,-0.09708747988494149,2.5668939648116287,0.2136,True
3033,0.27,0.14,0.15,0.25,0.19,0.9301637249813421,0.24502001978726695,0.13777246192977144,-0.09191984210285409,2.6655835582604763,0.2136,True
3034,0.27,0.15,0.14,0.25,0.19,0.9233497675698625,0.2435535501076267,0.13719967550030154,-0.0902909541515764,2.6974302397863683,0.2136,True
3035,0.27,0.13,0.17,0.25,0.18,0.9231390768427443,0.243508151014747,0.13441394212418895,-0.09071050920558055,2.6844535781722443,0.2136,True
3036,0.25,0.13,0.17,0.27,0.18,0.913696783837469,0.24147013636885295,0.13251429255529412,-0.09025312999061841,2.6754765889443743,0.2136,True
3037,0.27,0.13,0.18,0.25,0.17,0.9091620088079795,0.24048897155912607,0.13051711132980398,-0.08785637763844667,2.737296688338379,0.2136,True
3038,0.25,0.13,0.18,0.27,0.17,0.899774491655112,0.23845289639846778,0.12856018019748186,-0.0873969253336816,2.7283899918452996,0.2136,True
3039,0.27,0.17,0.13,0.25,0.18,0.8958961613973206,0.2376097602655376,0.1320647738717273,-0.08410883646619471,2.8250273128084284,0.2136,True
3040,0.26,0.13,0.25,0.21,0.15,0.8958882763981026,0.23760804492201992,0.126310769138205,-0.09288107146536306,2.558196639781745,0.2136,True
3041,0.25,0.13,0.26,0.21,0.15,0.8951332169450197,0.23744376334162443,0.12625481634789384,-0.09535571580610591,2.4900842213217405,0.2136,True
3042,0.27,0.18,0.13,0.25,0.17,0.8751272040341627,0.23307497864226367,0.12750525642874377,-0.07949470105412604,2.9319561625065864,0.2136,True
3043,0.27,0.14,0.19,0.25,0.15,0.8740036338806128,0.2328287007727461,0.12222377314682664,-0.08038379956163799,2.89646299431534,0.2136,True
3044,0.27,0.15,0.19,0.25,0.14,0.8528375767741323,0.22817075515937768,0.11781237901761751,-0.0767279555757312,2.973762997427594,0.2136,True
3045,0.27,0.15,0.23,0.22,0.13,0.8502783172308543,0.22760514722554182,0.11685744198196024,-0.07969900819189679,2.8558090293610836,0.2136,True
3046,0.27,0.15,0.22,0.23,0.13,0.8463107193744837,0.22672725808660932,0.11594417140110486,-0.07746304749333333,2.926908576713588,0.2136,True
3047,0.25,0.15,0.19,0.27,0.14,0.8436685247101532,0.22614193586375775,0.11563680451006668,-0.07525082075387168,3.0051756724809233,0.2136,True
3048,0.27,0.19,0.14,0.25,0.15,0.8400145985196532,0.22533156371622054,0.11905267792867553,-0.07291150845310523,3.090480069564709,0.2136,True
3049,0.26,0.15,0.21,0.25,0.13,0.8377731346110002,0.224833918050509,0.1139200718985541,-0.07496028587208836,2.9993738075407532,0.2136,True
3050,0.27,0.22,0.13,0.23,0.15,0.8275916583182505,0.2225683371768057,0.11879716888460441,-0.0709957843349216,3.1349514518614616,0.2136,True
3051,0.27,0.19,0.15,0.25,0.14,0.8256678923892933,0.2221393163862544,0.11520862656690982,-0.07068978751035249,3.1424527390710035,0.2136,True
3052,0.27,0.17,0.18,0.25,0.13,0.8247679071089282,0.22193850635665924,0.11276994784592281,-0.07151266432105052,3.103485354150471,0.2136,True
3053,0.27,0.18,0.17,0.25,0.13,0.8179814113451587,0.22042213278682166,0.11210182811862925,-0.06998629425851588,3.14950427254549,0.2136,True
3054,0.25,0.19,0.15,0.27,0.14,0.8166030909800024,0.22011370018310306,0.11297191138212814,-0.06888656276155247,3.1953067675188853,0.2136,True
3055,0.25,0.17,0.18,0.27,0.13,0.8157071682961281,0.21991313207602237,0.11049006424633463,-0.06971432978983827,3.1544896542644154,0.2136,True
3056,0.25,0.18,0.17,0.27,0.13,0.8089467528465069,0.21839756207506333,0.10980518795554517,-0.06818044648897847,3.203228686840116,0.2136,True
3057,0.23,0.27,0.15,0.22,0.13,0.7670373861639757,0.20891689483997133,0.107443237935765,-0.061758486402268886,3.3828046477560068,0.2136,True
3058,0.24,0.14,0.21,0.14,0.27,1.0735088383718678,0.27510089289065465,0.1774995825404396,-0.13368771599087803,2.05778736551551,0.2138,True
3059,0.26,0.13,0.16,0.19,0.26,1.0516229761691909,0.2705998156449274,0.17055806244119856,-0.12154851526305999,2.2262700211457527,0.2138,True
3060,0.27,0.14,0.21,0.14,0.24,1.039348170785141,0.26806133553557654,0.1656743630223118,-0.12135913233052542,2.208827060542119,0.2138,True
3061,0.27,0.14,0.14,0.21,0.24,1.0126816192549963,0.2625112679271908,0.16069901110614304,-0.11110498136699731,2.362731757814482,0.2138,True
3062,0.27,0.14,0.21,0.24,0.14,0.8636163701934103,0.23054721709068038,0.1193787996005289,-0.07951212060562529,2.899522932285744,0.2138,True
3063,0.24,0.14,0.21,0.27,0.14,0.8498049983165932,0.22750048445871007,0.1161960031714748,-0.07898282215533659,2.880379280589415,0.2138,True
3064,0.24,0.21,0.14,0.27,0.14,0.8025463136268998,0.21695920849153394,0.11142763975415759,-0.06623315241931693,3.2756889951120263,0.2138,True
3065,0.27,0.14,0.24,0.14,0.21,0.9999176568154926,0.25983736391446954,0.15409543685713625,-0.11570759921993501,2.245637846314443,0.21380000000000002,True
3066,0.26,0.13,0.26,0.16,0.19,0.9710581730555801,0.2537494056868157,0.1455455291980975,-0.11229724268873831,2.259622761977778,0.21380000000000002,True
3067,0.27,0.14,0.14,0.24,0.21,0.9613365177841506,0.25168523004068044,0.14651834247478548,-0.09890434760000832,2.5447337366659832,0.21380000000000002,True
3068,0.26,0.13,0.16,0.26,0.19,0.9322358653498521,0.24546529206935142,0.1374290165572899,-0.09331102980208261,2.6306139005216815,0.21380000000000002,True
3069,0.26,0.13,0.26,0.19,0.16,0.917866511908688,0.24237095084927418,0.1317804745061476,-0.09955253643361961,2.4346034720158447,0.21380000000000002,True
3070,0.26,0.16,0.13,0.26,0.19,0.9118329768436055,0.24106706233848363,0.13569596333381798,-0.08842216990767882,2.7263192318191316,0.21380000000000002,True
3071,0.27,0.14,0.24,0.21,0.14,0.8754916493424922,0.23315484109564522,0.12207306491117781,-0.08578387674770827,2.717933135399759,0.21380000000000002,True
3072,0.26,0.16,0.19,0.26,0.13,0.8270181062732824,0.22244046032906728,0.11231554422269764,-0.07213522485644619,3.0836593463420727,0.21380000000000002,True
3073,0.26,0.19,0.16,0.26,0.13,0.8066977615644788,0.21789253952756105,0.11028655168547145,-0.06754477781898993,3.2258976424717987,0.21380000000000002,True
3074,0.26,0.13,0.19,0.16,0.26,1.0629287981307112,0.27292896269482436,0.17265094150940227,-0.125454009059214,2.1755300188613544,0.21380000000000005,True
3075,0.26,0.13,0.19,0.26,0.16,0.890389334516579,0.2364106164255355,0.12566107181731065,-0.08474516657534226,2.789664897470652,0.21380000000000005,True
3076,0.26,0.19,0.13,0.26,0.16,0.8496515386770456,0.227466546823339,0.12191525828686427,-0.07457271523873288,3.0502650479487095,0.21380000000000005,True
3077,0.24,0.13,0.21,0.15,0.27,1.0765682184305847,0.2757275619668076,0.17737238351375284,-0.133934522681731,2.0586743167183252,0.21399999999999997,True
3078,0.27,0.13,0.21,0.15,0.24,1.0423751560920564,0.26868827281172947,0.1655425795452129,-0.1216284306201536,2.2090910113840465,0.21399999999999997,True
3079,0.27,0.13,0.16,0.19,0.25,1.0400602944783612,0.2682088835737344,0.16662475393702353,-0.11787672126045234,2.2753337614567544,0.214,True
3080,0.27,0.16,0.13,0.19,0.25,1.0196368968718725,0.2639635623467851,0.16502818206191658,-0.11338298724754292,2.3280702753975584,0.214,True
3081,0.27,0.13,0.24,0.15,0.21,1.0029107803426034,0.2604654079907527,0.15396078802885593,-0.11598890745206591,2.2456061852155456,0.214,True
3082,0.27,0.13,0.25,0.16,0.19,0.9720157614945766,0.2539523605852281,0.14556747443805856,-0.10990815116347918,2.310587139324136,0.214,True
3083,0.27,0.13,0.15,0.24,0.21,0.9681577085656035,0.2531342689096059,0.1470785172985162,-0.10048485628749648,2.519128535999149,0.214,True
3084,0.27,0.15,0.13,0.24,0.21,0.9545246683495405,0.2502348185255152,0.14597509643604967,-0.0973141435884366,2.5714126364181404,0.214,True
3085,0.27,0.13,0.16,0.25,0.19,0.9369871713226312,0.246485076757734,0.13836308436606592,-0.09353869316485963,2.6351135387717055,0.214,True
3086,0.25,0.13,0.16,0.27,0.19,0.9274904231452732,0.24444509572595408,0.136518213420496,-0.09308336841847054,2.6260877735645933,0.214,True
3087,0.27,0.13,0.25,0.19,0.16,0.9186694869662069,0.24254427298442227,0.13184845260589767,-0.09709960490105218,2.4978914510680363,0.214,True
3088,0.25,0.13,0.27,0.19,0.16,0.9170496608319132,0.24219458392404336,0.1317615568038013,-0.10199781716876444,2.374507520325763,0.214,True
3089,0.27,0.16,0.13,0.25,0.19,0.9165453026737909,0.24208566255709263,0.13664502161702113,-0.08865193567757446,2.7307431101961943,0.214,True
3090,0.27,0.13,0.24,0.21,0.15,0.8966293744855045,0.23776924645206354,0.1264179117858109,-0.09039862448791691,2.6302308005122894,0.214,True
3091,0.24,0.13,0.27,0.21,0.15,0.8943642332775135,0.23727640734801092,0.126250326909156,-0.09782259423939776,2.4255787652424425,0.214,True
3092,0.27,0.13,0.21,0.24,0.15,0.8847829759808512,0.23518740400528837,0.12376787244384498,-0.08349988924700169,2.8166193527464287,0.214,True
3093,0.24,0.13,0.21,0.27,0.15,0.8708489805285804,0.2321366985279989,0.12070380282928221,-0.08384768840511903,2.7685521562193314,0.214,True
3094,0.27,0.15,0.21,0.24,0.13,0.8423415008748272,0.22584775085516395,0.1150480342918527,-0.07584919400377432,2.9775893313240163,0.214,True
3095,0.27,0.16,0.19,0.25,0.13,0.8315643262370704,0.22345333349217267,0.11345930895763248,-0.07303003154285903,3.0597458165006395,0.214,True
3096,0.27,0.21,0.13,0.24,0.15,0.8304176154075003,0.22319801075938606,0.11863752091957919,-0.07119420158837997,3.13505883596868,0.214,True
3097,0.24,0.15,0.21,0.27,0.13,0.8286532865454139,0.22280496293669594,0.11173884164554138,-0.07404130919263474,3.009198045877604,0.214,True
3098,0.21,0.15,0.24,0.27,0.13,0.8267555546773344,0.2223819139548493,0.11153554748495952,-0.08169571915261475,2.722075480349471,0.214,True
3099,0.25,0.16,0.19,0.27,0.13,0.8224774924230942,0.2214271574611506,0.11119642496911612,-0.07123915314502582,3.1082227635465856,0.214,True
3100,0.24,0.21,0.13,0.27,0.15,0.8167959461145917,0.22015686558229963,0.11540567160775941,-0.06906297447355014,3.187769818205784,0.214,True
3101,0.25,0.19,0.16,0.27,0.13,0.80219624965984,0.21688044140368712,0.10914230351825892,-0.06663742225549818,3.2546343190187335,0.214,True
3102,0.24,0.21,0.15,0.27,0.13,0.7881814176264104,0.2137185808434261,0.10753485704862924,-0.06396186781331947,3.3413436497381515,0.214,True
3103,0.24,0.27,0.15,0.21,0.13,0.7714872369809755,0.20993059984499896,0.10855323166228235,-0.06268323221184846,3.349071074310645,0.214,True
3104,0.25,0.13,0.19,0.16,0.27,1.0741604246899503,0.2752344124206467,0.1766174819406215,-0.1295459896882446,2.124607740332253,0.21400000000000002,True
3105,0.25,0.13,0.16,0.19,0.27,1.0629370028006258,0.2729306498698476,0.174540635839553,-0.12517757481516656,2.1803478000979712,0.21400000000000002,True
3106,0.27,0.13,0.19,0.16,0.25,1.051447495658108,0.2705635970015716,0.1687336328358762,-0.12177099333975683,2.221905148187994,0.21400000000000002,True
3107,0.27,0.13,0.15,0.21,0.24,1.019498806405609,0.2639347608854268,0.16123899663835364,-0.11262085355878526,2.3435691752030583,0.21400000000000002,True
3108,0.27,0.15,0.13,0.21,0.24,1.0058735425412269,0.2610864654056091,0.16017446709869998,-0.10957997670024755,2.3826110688068733,0.21400000000000002,True
3109,0.27,0.13,0.19,0.25,0.16,0.8950584215599211,0.2374274874078297,0.1266814812314181,-0.08497593972735051,2.794055448749699,0.21400000000000002,True
3110,0.25,0.13,0.19,0.27,0.16,0.8857260009398198,0.2353933256206222,0.12466474882967166,-0.08451439545727046,2.7852453342062233,0.21400000000000002,True
3111,0.27,0.19,0.13,0.25,0.16,0.854242506580895,0.22848102956306326,0.12297411924818795,-0.07511620185006473,3.041701043659283,0.21400000000000002,True
3112,0.25,0.19,0.13,0.27,0.16,0.8450662501371189,0.22645164192960765,0.12088066410046851,-0.07433758236636079,3.0462605148170847,0.21400000000000002,True
3113,0.27,0.19,0.16,0.25,0.13,0.8112048425313871,0.2189042067167526,0.11145543274651798,-0.06845084099338716,3.1979768771270507,0.21400000000000002,True
3114,0.26,0.14,0.2,0.14,0.26,1.063644305095261,0.27307607982891957,0.17350418926266736,-0.12733888220866074,2.144483091829329,0.21440000000000003,True
3115,0.26,0.14,0.14,0.2,0.26,1.0410514685631007,0.26841419213855344,0.16935625744403207,-0.1187803719877849,2.259752075588352,0.21440000000000003,True
3116,0.26,0.14,0.14,0.26,0.2,0.9391170823532564,0.24694168351961254,0.1408770054481508,-0.09451106489692018,2.6128335744491182,0.21440000000000003,True
3117,0.26,0.14,0.2,0.26,0.14,0.8550542112713917,0.22866022059883662,0.11742215192424041,-0.0773329119939481,2.956829307251886,0.21440000000000003,True
3118,0.26,0.2,0.14,0.26,0.14,0.8143779276645411,0.21961543648792903,0.11347290413285442,-0.06825306466702108,3.2176641087011015,0.21440000000000003,True
3119,0.25,0.14,0.2,0.14,0.27,1.0748377610625885,0.27537317886951573,0.1774634718206355,-0.13141984318608702,2.0953698634352698,0.2146,True
3120,0.26,0.13,0.2,0.15,0.26,1.0666931601600007,0.2737025814308103,0.17337467659784062,-0.12759673775657376,2.1450593976232684,0.2146,True
3121,0.25,0.14,0.14,0.2,0.27,1.052409454759966,0.2707621170637484,0.173346727201748,-0.12244171809683424,2.211355094262999,0.2146,True
3122,0.27,0.14,0.2,0.14,0.25,1.052201043735077,0.27071911242389546,0.16959426354081972,-0.12321008160243474,2.197215592287586,0.2146,True
3123,0.26,0.13,0.15,0.2,0.26,1.0478501349312057,0.2698206570394621,0.16988704921924605,-0.1202557655216071,2.2437232499341726,0.2146,True
3124,0.26,0.15,0.13,0.2,0.26,1.0342617513483203,0.2670064576709832,0.16884011848253247,-0.11729619464003627,2.276343733830278,0.2146,True
3125,0.27,0.14,0.14,0.2,0.25,1.029445718681317,0.26600603351524676,0.16541525505820978,-0.11507571761957436,2.3115739707540106,0.2146,True
3126,0.26,0.13,0.26,0.15,0.2,0.9884637626756245,0.25742820056760385,0.1501679899524742,-0.11644403433749495,2.2107461497038843,0.2146,True
3127,0.26,0.13,0.26,0.2,0.15,0.8998229302623604,0.23846341953166394,0.12724694639068027,-0.09519973610908561,2.504874795644582,0.2146,True
3128,0.26,0.13,0.2,0.26,0.15,0.8761894093869498,0.23330771536277162,0.12186550332843107,-0.08183700138140582,2.8508829921007033,0.2146,True
3129,0.27,0.14,0.2,0.25,0.14,0.8596546207848781,0.22967481544774637,0.11851427699459477,-0.07821545335102309,2.9364378215259954,0.2146,True
3130,0.25,0.14,0.2,0.27,0.14,0.850459469339613,0.22764519980874587,0.1163545377874858,-0.07696526053720221,2.9577655973594794,0.2146,True
3131,0.26,0.2,0.13,0.26,0.15,0.8286959857536327,0.2228144782246062,0.11737991793282943,-0.0704923532724282,3.1608318899995647,0.2146,True
3132,0.27,0.2,0.14,0.25,0.14,0.8189001121356712,0.22062762778136125,0.11461086496916206,-0.06915780806124028,3.1902056176504634,0.2146,True
3133,0.25,0.2,0.14,0.27,0.14,0.8098613366724416,0.21860281683610228,0.1123595196384096,-0.0673470319298336,3.2459161238739744,0.2146,True
3134,0.27,0.14,0.25,0.14,0.2,0.9864917015909025,0.2570124726487102,0.15031254978756653,-0.11379012572494118,2.2586535607665357,0.21460000000000004,True
3135,0.26,0.13,0.15,0.26,0.2,0.9459254463038207,0.24839901014978083,0.14144898601778347,-0.09611463645383511,2.584403575922482,0.21460000000000004,True
3136,0.27,0.14,0.14,0.25,0.2,0.9438824857281232,0.24796207303379303,0.1417894148893135,-0.09473840049294369,2.6173343833503053,0.21460000000000004,True
3137,0.26,0.15,0.13,0.26,0.2,0.932318129376001,0.24548296281833681,0.14032260429093305,-0.09289759649331886,2.642511454383987,0.21460000000000004,True
3138,0.26,0.15,0.2,0.26,0.13,0.8338113841608648,0.22395334687694524,0.11303427527788695,-0.0736473640096813,3.0408874762646696,0.21460000000000004,True
3139,0.26,0.2,0.15,0.26,0.13,0.7999441549315609,0.2163734586731645,0.10965427054128687,-0.06599635002053428,3.2785670511451235,0.21460000000000004,True
3140,0.25,0.13,0.2,0.15,0.27,1.0778972487215839,0.27599960251831024,0.17733537723784581,-0.1316702980251474,2.0961417013394907,0.2148,True
3141,0.25,0.13,0.15,0.2,0.27,1.05919155694643,0.27215998596163526,0.1738744442806741,-0.12389774181816537,2.19665009198523,0.2148,True
3142,0.27,0.13,0.25,0.15,0.2,0.989473276956554,0.2576409087339615,0.150176705601362,-0.11407555898944044,2.2585110344084343,0.2148,True
3143,0.27,0.13,0.25,0.2,0.15,0.9005747555741577,0.23862672825569753,0.12733279110098203,-0.09272483537988874,2.573493145369916,0.2148,True
3144,0.25,0.13,0.27,0.2,0.15,0.8990571580834845,0.23829703701860105,0.12721195528676563,-0.09766687009222885,2.4398963209691495,0.2148,True
3145,0.27,0.13,0.2,0.15,0.25,1.0552390554004139,0.27134570401045344,0.1694632166141477,-0.12347549456795837,2.1975672578586867,0.21480000000000002,True
3146,0.27,0.13,0.15,0.2,0.25,1.0362603981412235,0.2674211686415733,0.1659489517897809,-0.11657083831129889,2.2940657587743614,0.21480000000000002,True
3147,0.27,0.15,0.13,0.2,0.25,1.0226400726882519,0.26458960874715665,0.16489656530260044,-0.11357164286555699,2.3297154295845717,0.21480000000000002,True
3148,0.27,0.13,0.15,0.25,0.2,0.9507038379060773,0.24941979318336105,0.14235673730930734,-0.09634128175918866,2.5889191904961586,0.21480000000000002,True
3149,0.25,0.13,0.15,0.27,0.2,0.9411529552369968,0.24737781807312853,0.14056419096496992,-0.09588799310987961,2.579862296102644,0.21480000000000002,True
3150,0.27,0.15,0.13,0.25,0.2,0.9370705518670053,0.24650295803360267,0.14123958809618692,-0.09312562659724477,2.646993819431608,0.21480000000000002,True
3151,0.27,0.13,0.2,0.25,0.15,0.88083076944014,0.23432364090518143,0.12291716978418749,-0.08206883009267485,2.8552087393054757,0.21480000000000002,True
3152,0.25,0.13,0.2,0.27,0.15,0.8715537660331207,0.23229136716598275,0.12083814399066352,-0.08160517472283602,2.8465274163671315,0.21480000000000002,True
3153,0.27,0.15,0.2,0.25,0.13,0.8383706651439888,0.22496662021610714,0.11416942947020664,-0.07453847534060332,3.018127472934252,0.21480000000000002,True
3154,0.27,0.2,0.13,0.25,0.15,0.8332461450340867,0.22382760882759767,0.11848048977448193,-0.07139201881169555,3.135190915639577,0.21480000000000002,True
3155,0.25,0.15,0.2,0.27,0.13,0.8292577216417654,0.22293964424194268,0.11192376433020071,-0.07275499658760487,3.0642520060254457,0.21480000000000002,True
3156,0.25,0.2,0.13,0.27,0.15,0.8241514567194452,0.2218009221970867,0.11630380744350288,-0.06959141058024132,3.1871881938841073,0.21480000000000002,True
3157,0.27,0.2,0.15,0.25,0.13,0.8044382042532141,0.21738472203693804,0.110831244800391,-0.06690622320451123,3.2490956988031066,0.21480000000000002,True
3158,0.25,0.2,0.15,0.27,0.13,0.7954556623217277,0.21536176396378792,0.10850191903817553,-0.0650851751343059,3.3089219398946104,0.21480000000000002,True
3159,0.2,0.15,0.2,0.15,0.3,1.0935534120707104,0.2791955806278186,0.18855859343990986,-0.14344255744383072,1.946392936678824,0.215,True
3160,0.3,0.15,0.2,0.15,0.2,0.9786743121931889,0.25536178509800234,0.14916354678466537,-0.10344384483878022,2.4686029941751486,0.215,True
3161,0.3,0.15,0.15,0.2,0.2,0.9591757374091963,0.2512255105863628,0.14548578948049057,-0.0965836799689922,2.6011176077264575,0.215,True
3162,0.3,0.2,0.15,0.15,0.2,0.9444749142179849,0.24808880987160187,0.14620836689636718,-0.09547803674836175,2.598386166291366,0.215,True
3163,0.3,0.15,0.2,0.2,0.15,0.8890122878081286,0.23611039249646715,0.12650268945447748,-0.084109782302203,2.8071692261446137,0.215,True
3164,0.27,0.14,0.18,0.26,0.15,0.8700524726389685,0.23196185419357618,0.12140689901100081,-0.07908396284309582,2.9331086335897605,0.215,True
3165,0.26,0.14,0.18,0.27,0.15,0.8654331976858789,0.23094688017582143,0.12034226172282915,-0.0787080862808408,2.9342204986635374,0.215,True
3166,0.26,0.14,0.25,0.22,0.13,0.8564632611237557,0.22897115679517532,0.1174877351649,-0.08394227122105491,2.7277217242811913,0.215,True
3167,0.25,0.14,0.26,0.22,0.13,0.8558093082506879,0.22882686804845798,0.11739195434566468,-0.08614882899430065,2.656180829383026,0.215,True
3168,0.26,0.14,0.22,0.25,0.13,0.844579175868108,0.22634373445061007,0.11467659246213659,-0.07725797124159528,2.929713669840036,0.215,True
3169,0.27,0.18,0.14,0.26,0.15,0.8428527161709203,0.2259610977794666,0.11890068555582721,-0.07310585964277405,3.09087532632278,0.215,True
3170,0.22,0.14,0.26,0.25,0.13,0.8420072037375423,0.22577361897753612,0.1143505587611587,-0.08662345354893708,2.606379793550802,0.215,True
3171,0.25,0.14,0.22,0.26,0.13,0.8400033813739674,0.22532907431289373,0.11358198061782394,-0.07676558381581888,2.935287704624488,0.215,True
3172,0.26,0.18,0.14,0.27,0.15,0.8382855669107143,0.22494772298869514,0.11780820283720005,-0.07221141369308703,3.1151269790225684,0.215,True
3173,0.22,0.14,0.25,0.26,0.13,0.8380852776390386,0.2249032437126115,0.11335206908325647,-0.08425856813765498,2.6692032476172916,0.215,True
3174,0.26,0.22,0.14,0.25,0.13,0.790408316398157,0.2142220888190287,0.10921014107050998,-0.064442315947428,3.3242456555067164,0.215,True
3175,0.25,0.22,0.14,0.26,0.13,0.7859367718276125,0.21321063695238784,0.10804847587081802,-0.06331131784676636,3.367654381613502,0.215,True
3176,0.26,0.14,0.18,0.15,0.27,1.0724100630791638,0.27487567444767924,0.17675979882255033,-0.12777885367750563,2.1511828173182987,0.21500000000000002,True
3177,0.26,0.15,0.18,0.14,0.27,1.0693573185459813,0.2742495283679327,0.17689008347457078,-0.1276147567966569,2.1490424403262836,0.21500000000000002,True
3178,0.25,0.13,0.22,0.14,0.26,1.069171080739304,0.2742113093482299,0.17413064342455564,-0.1320100152276995,2.0772008008275153,0.21500000000000002,True
3179,0.26,0.14,0.15,0.18,0.27,1.0611667171484331,0.2725665118035101,0.1747254078370805,-0.12394532169175154,2.199086726979298,0.21500000000000002,True
3180,0.27,0.14,0.18,0.15,0.26,1.0611335235853865,0.2725596820780849,0.17282806955879568,-0.12417046960237388,2.1950443044219115,0.21500000000000002,True
3181,0.27,0.15,0.18,0.14,0.26,1.0580914782962503,0.27193345594783014,0.1729598234530986,-0.12400012602706145,2.1930095126555282,0.21500000000000002,True
3182,0.26,0.13,0.22,0.14,0.25,1.0577996930727656,0.2718733575064469,0.17019219379356576,-0.1279267830523746,2.1252262506682364,0.21500000000000002,True
3183,0.26,0.15,0.14,0.18,0.27,1.0543785625252529,0.2711682896000924,0.17420197803081064,-0.12248729922020118,2.2138482220315794,0.21500000000000002,True
3184,0.25,0.1,0.2,0.2,0.25,1.0543524074288007,0.2711628962276027,0.16756304277211936,-0.12456205210011306,2.17693022598619,0.21500000000000002,True
3185,0.27,0.14,0.15,0.18,0.26,1.0498078402996431,0.2702250772604369,0.17077912011708515,-0.1202982579870776,2.246292521455002,0.21500000000000002,True
3186,0.27,0.15,0.14,0.18,0.26,1.0430031190787092,0.2688182564273496,0.17025287674023445,-0.11882081018487223,2.2623836347277693,0.21500000000000002,True
3187,0.26,0.13,0.14,0.22,0.25,1.0275120216679645,0.26560390540376266,0.164500997656169,-0.11504065192443513,2.3087830341766975,0.21500000000000002,True
3188,0.26,0.14,0.13,0.22,0.25,1.0207124256534708,0.2641878399364104,0.16397755554208768,-0.11353870848771219,2.3268526078487346,0.21500000000000002,True
3189,0.26,0.13,0.25,0.14,0.22,1.0189420893747925,0.26381863336549016,0.15859629003237669,-0.12241229290998767,2.155164543478338,0.21500000000000002,True
3190,0.25,0.1,0.25,0.2,0.2,0.9886807032144604,0.2574739167656328,0.14806683705659307,-0.1152283380289415,2.2344669824272216,0.21500000000000002,True
3191,0.26,0.13,0.14,0.25,0.22,0.976748533732207,0.2549544784036344,0.15026250970157692,-0.10300265843258694,2.4752223125434836,0.21500000000000002,True
3192,0.26,0.14,0.13,0.25,0.22,0.9699433947127087,0.25351305253721246,0.14972004758638954,-0.10143691920154763,2.499218770963468,0.21500000000000002,True
3193,0.25,0.1,0.2,0.25,0.2,0.969343626194445,0.2533858538775078,0.14394406258342138,-0.10409939200219576,2.434076213165233,0.21500000000000002,True
3194,0.27,0.14,0.26,0.15,0.18,0.9553384307739927,0.25040826579478215,0.14199738386340832,-0.1076495079031271,2.32614408251752,0.21500000000000002,True
3195,0.26,0.14,0.27,0.15,0.18,0.9544215874485791,0.25021284418016343,0.1419786846323578,-0.11005645806950137,2.2734953365676405,0.21500000000000002,True
3196,0.27,0.14,0.15,0.26,0.18,0.9124016055748365,0.24119006392540943,0.13306610553851356,-0.0876661469154959,2.7512337705214756,0.21500000000000002,True
3197,0.26,0.14,0.15,0.27,0.18,0.9076995096990477,0.24017220717413235,0.132095027390293,-0.08743640005218367,2.746821770232913,0.21500000000000002,True
3198,0.27,0.15,0.14,0.26,0.18,0.905588675001761,0.23971473341479932,0.13248592217415123,-0.08601393329384621,2.7869290966600815,0.21500000000000002,True
3199,0.26,0.15,0.14,0.27,0.18,0.9008995840734777,0.2386972729805803,0.13150945660783112,-0.0857834770906809,2.7825553483715244,0.21500000000000002,True
3200,0.26,0.13,0.25,0.22,0.14,0.8776799853307706,0.23363416302114803,0.1218016445191937,-0.08845303154696382,2.6413358472298465,0.21500000000000002,True
3201,0.25,0.13,0.26,0.22,0.14,0.8769758029253061,0.23347996316951214,0.12172726193495072,-0.09094999968073136,2.5671243979012033,0.21500000000000002,True
3202,0.26,0.13,0.22,0.25,0.14,0.8658235173070716,0.23103270825109656,0.11903938255485809,-0.08138846172975644,2.8386420303435798,0.21500000000000002,True
3203,0.22,0.13,0.26,0.25,0.14,0.863051173793832,0.23042283302812216,0.11879953644587322,-0.0914208860432647,2.5204616034794842,0.21500000000000002,True
3204,0.25,0.13,0.22,0.26,0.14,0.8612066754506005,0.2300167349517317,0.11798621531090289,-0.08154646472737315,2.8206831003738255,0.21500000000000002,True
3205,0.22,0.13,0.25,0.26,0.14,0.8591384298654139,0.22956105580812047,0.11782111185452587,-0.08908191576468816,2.576965861561746,0.21500000000000002,True
3206,0.27,0.15,0.18,0.26,0.14,0.8488769769764155,0.22729522366397492,0.11698279815114106,-0.07542162621882909,3.0136611348646634,0.21500000000000002,True
3207,0.26,0.15,0.18,0.27,0.14,0.8442986846134013,0.22628158519548758,0.11587643949624273,-0.07453326334458599,3.0359811853310514,0.21500000000000002,True
3208,0.27,0.18,0.15,0.26,0.14,0.8284933872202251,0.22276932891964307,0.1150535754410152,-0.07088824535238059,3.1425425726405285,0.21500000000000002,True
3209,0.26,0.18,0.15,0.27,0.14,0.823954215602591,0.2217568938548906,0.11392437574868693,-0.06998877616927235,3.1684636593524274,0.21500000000000002,True
3210,0.26,0.22,0.13,0.25,0.14,0.8048281019849528,0.21747237869951164,0.11305168432500305,-0.06650168271727908,3.270178585165424,0.21500000000000002,True
3211,0.25,0.22,0.13,0.26,0.14,0.8003284618653874,0.2164600022589147,0.11192972584933576,-0.06559030352699458,3.300182963322127,0.21500000000000002,True
3212,0.25,0.2,0.25,0.2,0.1,0.7793353677204384,0.2117143253293925,0.10432850763890161,-0.07071693968231041,2.9938275932258995,0.21500000000000002,True
3213,0.25,0.2,0.2,0.25,0.1,0.7595102524848776,0.20719828313867272,0.09943868572115204,-0.06093266994451629,3.400446481786242,0.21500000000000002,True
3214,0.2,0.2,0.25,0.25,0.1,0.7570819213038371,0.2066427956050101,0.09869050941415815,-0.06851573279045053,3.015990447580985,0.21500000000000002,True
3215,0.25,0.25,0.2,0.2,0.1,0.745709131657815,0.20403440359069958,0.10033693885268952,-0.05983823849834613,3.4097662082138145,0.21500000000000002,True
3216,0.2,0.25,0.2,0.25,0.1,0.7237807906516691,0.19897289420146147,0.09441777188271468,-0.055556817915400125,3.5814307166484958,0.21500000000000002,True
3217,0.24,0.13,0.22,0.14,0.27,1.0802920838202779,0.27648951100885166,0.1781170504195722,-0.1360461431692418,2.032321568020476,0.21539999999999998,True
3218,0.27,0.13,0.16,0.18,0.26,1.0566215116603561,0.27163063194104686,0.1713197985648188,-0.12176697479233478,2.2307414009775166,0.21539999999999998,True
3219,0.27,0.13,0.22,0.14,0.24,1.046180702821089,0.2694755842499763,0.16630696081535618,-0.12379561719769372,2.1767780665420564,0.21539999999999998,True
3220,0.27,0.13,0.14,0.22,0.24,1.0156789350856004,0.2631375311009754,0.1605704492928675,-0.11129729778513053,2.3642760097283415,0.21539999999999998,True
3221,0.27,0.14,0.13,0.22,0.24,1.0088639637987487,0.26171270083838416,0.16004439575305093,-0.10977514588419957,2.3840797361769086,0.21539999999999998,True
3222,0.27,0.13,0.16,0.26,0.18,0.9192241020477274,0.24266395839183041,0.13366475658430316,-0.08930811744784228,2.71715455802269,0.21539999999999998,True
3223,0.26,0.13,0.16,0.27,0.18,0.9145089938808975,0.24164570613800884,0.13269916013480915,-0.08907907557156636,2.7127100790787853,0.21539999999999998,True
3224,0.27,0.16,0.13,0.26,0.18,0.8987853139140898,0.23823796154438615,0.13192452673950322,-0.08435138043393897,2.8243516622821097,0.21539999999999998,True
3225,0.26,0.16,0.13,0.27,0.18,0.894109220589794,0.23722089824667436,0.13094277392295908,-0.08412021049766738,2.820022641922091,0.21539999999999998,True
3226,0.27,0.13,0.22,0.24,0.14,0.870446049344074,0.23204825584740973,0.12011696705896469,-0.08163820905466657,2.8423976779307543,0.21539999999999998,True
3227,0.22,0.13,0.27,0.24,0.14,0.8669622580572749,0.23128303958924867,0.11979334250237846,-0.0937524914855361,2.4669535275756425,0.21539999999999998,True
3228,0.27,0.13,0.24,0.14,0.22,1.0200452554038417,0.26404872580544736,0.1585972837168135,-0.12007729675689105,2.1989895920128966,0.2154,True
3229,0.27,0.14,0.24,0.13,0.22,1.01703644600755,0.26342096696616424,0.1587313302589112,-0.11980372379795123,2.1987711117429307,0.2154,True
3230,0.27,0.13,0.14,0.24,0.22,0.9815894522690585,0.25597784154317194,0.15111866246113856,-0.10322695679269822,2.4797577057050137,0.2154,True
3231,0.27,0.14,0.13,0.24,0.22,0.9747713490858094,0.2545360238320751,0.15058019274169127,-0.10166189361069167,2.503750567609984,0.2154,True
3232,0.27,0.13,0.24,0.22,0.14,0.8783701355227247,0.23378525273088147,0.12192915556961399,-0.08605545034205386,2.7166815326818936,0.2154,True
3233,0.24,0.13,0.27,0.22,0.14,0.8762576254576189,0.23332265898480786,0.12170631401054215,-0.09343908341091345,2.4970563758500695,0.2154,True
3234,0.27,0.14,0.24,0.22,0.13,0.8571031208786966,0.22911230322664378,0.11763867351387665,-0.08220771640653812,2.786992672240462,0.2154,True
3235,0.24,0.13,0.22,0.27,0.14,0.8565955220993686,0.22900033485492122,0.11695832981598285,-0.08170446632170214,2.8027884541006385,0.2154,True
3236,0.22,0.13,0.24,0.27,0.14,0.8552240296841189,0.2286977029121242,0.11685844733236635,-0.08673554569967312,2.6367240912278724,0.2154,True
3237,0.27,0.14,0.22,0.24,0.13,0.8491606114251375,0.227357965535254,0.1157957802663794,-0.07774966860780674,2.9242306701282232,0.2154,True
3238,0.22,0.14,0.27,0.24,0.13,0.8459275121778884,0.22664240129574043,0.11536475423425825,-0.08898083451421068,2.547092332108264,0.2154,True
3239,0.24,0.14,0.22,0.27,0.13,0.8354332262674091,0.2243139840080668,0.11251287329847487,-0.07680000089920735,2.9207549659075838,0.2154,True
3240,0.22,0.14,0.24,0.27,0.13,0.8341617372945078,0.2240312703351024,0.11236969680683107,-0.08188614238895042,2.735887462752584,0.2154,True
3241,0.27,0.16,0.18,0.26,0.13,0.8275947444287923,0.22256902517117005,0.11261683104008108,-0.07170947267069727,3.103760450076754,0.2154,True
3242,0.26,0.16,0.18,0.27,0.13,0.8230576126464899,0.22155671330107318,0.11146603497322222,-0.07081243759443923,3.128782468554248,0.2154,True
3243,0.27,0.18,0.16,0.26,0.13,0.8140175840912292,0.21953470919926654,0.11129705029417934,-0.0686534634099325,3.197722274962535,0.2154,True
3244,0.26,0.18,0.16,0.27,0.13,0.809506550456315,0.21852320242851597,0.11012957809331109,-0.06774891986190346,3.2254861461104394,0.2154,True
3245,0.24,0.22,0.13,0.27,0.14,0.7958343990970895,0.2154471953579673,0.11083325138461408,-0.0646776187354704,3.3310934998881163,0.2154,True
3246,0.24,0.22,0.14,0.27,0.13,0.7814707678411073,0.21219875160525548,0.10691238574528597,-0.062393421819651795,3.4009795490719523,0.2154,True
3247,0.26,0.13,0.18,0.16,0.27,1.0754654843749916,0.27550175408691047,0.17663130115371478,-0.1279424739461812,2.1533252061610115,0.21540000000000004,True
3248,0.26,0.13,0.16,0.18,0.27,1.06796373759791,0.27396348729945896,0.17526294776792503,-0.125394778100966,2.184807784251332,0.21540000000000004,True
3249,0.27,0.13,0.18,0.16,0.26,1.0641782399790798,0.2731858413267658,0.17269813660010022,-0.12434031553487657,2.1970817763458155,0.21540000000000004,True
3250,0.27,0.14,0.22,0.13,0.24,1.0431494891063848,0.26884855009399633,0.16643922221137886,-0.12352991030464766,2.176384241119952,0.21540000000000004,True
3251,0.27,0.13,0.26,0.16,0.18,0.9582921682823788,0.25103742838204335,0.14185916690547157,-0.10794724383068266,2.3255566281599593,0.21540000000000004,True
3252,0.26,0.13,0.27,0.16,0.18,0.9573755613772628,0.2508422537405084,0.14184154307141064,-0.11035009838548249,2.273149343866003,0.21540000000000004,True
3253,0.27,0.13,0.26,0.18,0.16,0.9225985441151483,0.2433916632514399,0.13276343660554304,-0.09939752829428306,2.448669171438932,0.21540000000000004,True
3254,0.26,0.13,0.27,0.18,0.16,0.9217848344260695,0.2432162631717547,0.13271557573460285,-0.10184306141076516,2.388147604781703,0.21540000000000004,True
3255,0.27,0.13,0.18,0.26,0.16,0.8911171554198727,0.2365692371496093,0.12587702071694387,-0.08355155692731853,2.831416263797464,0.21540000000000004,True
3256,0.26,0.13,0.18,0.27,0.16,0.8864570758673511,0.23555291798175837,0.12485152077354066,-0.08332042607473933,2.8270728929118154,0.21540000000000004,True
3257,0.27,0.18,0.13,0.26,0.16,0.8570931166017388,0.22911009663635395,0.12282492112263146,-0.07530650334768951,3.0423680087568865,0.21540000000000004,True
3258,0.26,0.18,0.13,0.27,0.16,0.8524981500391344,0.22809577028921457,0.12176754604168115,-0.07483410147662328,3.0480190954182467,0.21540000000000004,True
3259,0.26,0.13,0.21,0.14,0.26,1.0704553938568364,0.2744748246273938,0.17411121336198612,-0.12973312962891193,2.115687992824195,0.2158,True
3260,0.26,0.14,0.21,0.13,0.26,1.0674023574187097,0.2738482242475597,0.17424121654170532,-0.12947876722517138,2.115004877759773,0.2158,True
3261,0.26,0.13,0.14,0.21,0.26,1.0440751824213335,0.2690401039317556,0.16922959385010405,-0.11895915266462154,2.2616175208498115,0.2158,True
3262,0.26,0.14,0.13,0.21,0.26,1.03727860722227,0.2676323384839463,0.16871205105484738,-0.11747769409432496,2.278154508796023,0.2158,True
3263,0.26,0.13,0.21,0.26,0.14,0.8618680340673388,0.23016237528571226,0.11815156736722814,-0.07901863371968032,2.9127607559277275,0.2158,True
3264,0.26,0.21,0.13,0.26,0.14,0.8076330227238975,0.21810260810769733,0.11289013434868567,-0.06670814955861726,3.2695046939661836,0.2158,True
3265,0.26,0.13,0.26,0.14,0.21,1.005700902165438,0.2610502931310099,0.1547994705179038,-0.12054160910412881,2.1656446688504376,0.21580000000000002,True
3266,0.27,0.14,0.26,0.14,0.19,0.9729286116515672,0.25414577231681457,0.1465778404893467,-0.11185546078272868,2.27209087994796,0.21580000000000002,True
3267,0.26,0.13,0.14,0.26,0.21,0.9594813053599531,0.25129054258312156,0.14550543957786932,-0.09889298457337392,2.541035076119842,0.21580000000000002,True
3268,0.26,0.14,0.13,0.26,0.21,0.9526754918192131,0.24984050152200288,0.14495620658341302,-0.09730516730893723,2.5675974712501795,0.21580000000000002,True
3269,0.27,0.14,0.14,0.26,0.19,0.9262649226383288,0.24418136012850833,0.1370651513735071,-0.09052140122257724,2.6974986779988805,0.21580000000000002,True
3270,0.26,0.14,0.14,0.27,0.19,0.921535540468644,0.24316251643202014,0.1361225464128154,-0.09029269109061722,2.69304761542641,0.21580000000000002,True
3271,0.26,0.13,0.26,0.21,0.14,0.8816288027331229,0.2344981502090766,0.12275412283899549,-0.0907930347893603,2.582776869978099,0.21580000000000002,True
3272,0.26,0.14,0.21,0.26,0.13,0.8406145708980743,0.22546469989153683,0.11377338533595872,-0.07515063032966418,3.000170443048689,0.21580000000000002,True
3273,0.26,0.21,0.14,0.26,0.13,0.793200475076326,0.21485281398206446,0.10904483943188767,-0.06443864594911908,3.334222977802991,0.21580000000000002,True
3274,0.26,0.14,0.19,0.14,0.27,1.0761535326642493,0.2756426557579408,0.17746374496660974,-0.12914525405622657,2.134361481359067,0.21580000000000005,True
3275,0.27,0.14,0.19,0.14,0.26,1.0649045102624153,0.2733351110117399,0.17353737430374347,-0.12545353859175512,2.1787756174914596,0.21580000000000005,True
3276,0.26,0.14,0.14,0.19,0.27,1.0574146341534276,0.2717940389642335,0.17407356454069303,-0.12265987398620759,2.2158349762759024,0.21580000000000005,True
3277,0.27,0.14,0.14,0.19,0.26,1.0460283828265586,0.2694440902565982,0.17012295635637817,-0.11899979519452197,2.2642399494566674,0.21580000000000005,True
3278,0.27,0.14,0.19,0.26,0.14,0.855691215550447,0.2288008083559696,0.11766715109401076,-0.07691507399542208,2.974719992723242,0.21580000000000005,True
3279,0.26,0.14,0.19,0.27,0.14,0.8510998682519291,0.22778677053187346,0.11656864039109818,-0.07603035749642473,2.995997625587713,0.21580000000000005,True
3280,0.27,0.19,0.14,0.26,0.14,0.8217185779088292,0.22125763071467008,0.11445326072968492,-0.06935917683764281,3.190026767944404,0.21580000000000005,True
3281,0.26,0.19,0.14,0.27,0.14,0.817192431852602,0.22024559858184345,0.11331671684593543,-0.06845594880967443,3.217333225402868,0.21580000000000005,True
3282,0.27,0.13,0.21,0.14,0.25,1.0590285224637088,0.2721264187253192,0.17020584541171527,-0.12563050119222363,2.1660855934097274,0.216,True
3283,0.27,0.14,0.21,0.13,0.25,1.055986302265937,0.2714997294496213,0.17033737224491186,-0.12536864033956874,2.165611182463553,0.216,True
3284,0.27,0.13,0.14,0.21,0.25,1.0324584261856762,0.26663204193109746,0.1652869942068041,-0.11526102995529264,2.3132887328398724,0.216,True
3285,0.27,0.14,0.13,0.21,0.25,1.0256459007073517,0.2652155877506963,0.16476685222973594,-0.11375973911047976,2.3313659984146726,0.216,True
3286,0.27,0.13,0.25,0.14,0.21,1.0067625363123605,0.26127269793751884,0.15479584016357312,-0.11819343016847472,2.210551784182054,0.216,True
3287,0.27,0.13,0.26,0.15,0.19,0.9758985084050171,0.25477461187540507,0.1464406702550828,-0.11214508186767669,2.2718304506302043,0.216,True
3288,0.26,0.13,0.27,0.15,0.19,0.9749301618558155,0.25456964553968753,0.1464365563691895,-0.11452709897440183,2.222789608916811,0.216,True
3289,0.27,0.13,0.14,0.25,0.21,0.964286622251521,0.2523123381779484,0.14638806078722472,-0.09911862088452561,2.5455594107982527,0.216,True
3290,0.25,0.13,0.14,0.27,0.21,0.9546819257710328,0.25026834050113766,0.14464545652929398,-0.0986673502060923,2.5364858788483473,0.216,True
3291,0.27,0.13,0.15,0.26,0.19,0.9330858496392547,0.24564784902357983,0.13763980675759283,-0.09214708592080023,2.6658233037853463,0.216,True
3292,0.26,0.13,0.15,0.27,0.19,0.9283434676755329,0.24462861040994266,0.13670221107039218,-0.09191907443817682,2.661347624583357,0.216,True
3293,0.27,0.15,0.13,0.26,0.19,0.9194534909242429,0.2427134535520683,0.1365085998321325,-0.08888562148864199,2.730626725528187,0.216,True
3294,0.26,0.15,0.13,0.27,0.19,0.9147371012050725,0.24169500557177526,0.1355610767654075,-0.0886562084131739,2.726205077994972,0.216,True
3295,0.27,0.13,0.26,0.19,0.15,0.9045184217694984,0.2394826521136144,0.12826289113699219,-0.09504375504393836,2.519709495935872,0.216,True
3296,0.26,0.13,0.27,0.19,0.15,0.9037558696523469,0.23931724184962966,0.12819805924148897,-0.09751114458131638,2.4542552841235343,0.216,True
3297,0.27,0.13,0.25,0.21,0.14,0.8823296723232585,0.2346513716203409,0.12285933182120362,-0.0882958070181672,2.6575596230980763,0.216,True
3298,0.25,0.13,0.27,0.21,0.14,0.8809139154280898,0.23434182509240808,0.12270167817487969,-0.09328237730239819,2.5121768105537274,0.216,True
3299,0.27,0.13,0.19,0.26,0.15,0.8768768650666992,0.23345829494964265,0.12208335318993452,-0.08063323570273206,2.8953110081099287,0.216,True
3300,0.26,0.13,0.19,0.27,0.15,0.8722445403315742,0.23244292329669447,0.12102594997517176,-0.08040104600930209,2.8910435228641393,0.216,True
3301,0.27,0.13,0.21,0.25,0.14,0.8664815067902021,0.2311773676317732,0.11923567450766315,-0.0796942875004889,2.900802239186278,0.216,True
3302,0.27,0.14,0.21,0.25,0.13,0.845186920244064,0.22647837250846137,0.11489982922043226,-0.07603807419961572,2.9784864344921287,0.216,True
3303,0.27,0.19,0.13,0.26,0.15,0.8360772482926728,0.224457131524338,0.11832607413642189,-0.0715892387225725,3.1353473724475487,0.216,True
3304,0.25,0.14,0.21,0.27,0.13,0.8360478523665666,0.22445059838724912,0.11267157904728953,-0.0745224050006339,3.011853930174958,0.216,True
3305,0.27,0.15,0.19,0.26,0.13,0.8343982155940994,0.2240838608208564,0.11330876064107749,-0.07322397890467658,3.0602524497141865,0.216,True
3306,0.26,0.19,0.13,0.27,0.15,0.8315231120968896,0.22344415873867263,0.11722694820518076,-0.07069107209760295,3.1608540103927685,0.216,True
3307,0.26,0.15,0.19,0.27,0.13,0.8298480237228174,0.22307114776757597,0.11216649146666301,-0.07233065535545125,3.084047098306349,0.216,True
3308,0.27,0.21,0.13,0.25,0.14,0.8121421953903065,0.2191143956617818,0.1140352585577417,-0.06778160690522483,3.232652716070261,0.216,True
3309,0.27,0.19,0.15,0.26,0.13,0.8072439020901865,0.21801521670574786,0.11067016713928021,-0.06711179949494439,3.2485377883835644,0.216,True
3310,0.26,0.19,0.15,0.27,0.13,0.8027459065136981,0.21700411386250962,0.10949457031284897,-0.06620345837793506,3.2778365236405063,0.216,True
3311,0.25,0.21,0.14,0.27,0.13,0.7887249944177881,0.21384152361331066,0.10788454229454772,-0.06352362218765684,3.3663307640360256,0.216,True
3312,0.25,0.13,0.21,0.14,0.27,1.0816319087672874,0.27676343334096454,0.17806583998005265,-0.13378836030277297,2.068666008871238,0.21600000000000003,True
3313,0.26,0.13,0.19,0.15,0.27,1.0792131179803048,0.2762688348544031,0.17733476216901817,-0.12939937757110576,2.135008993397914,0.21600000000000003,True
3314,0.27,0.13,0.19,0.15,0.26,1.067953417835406,0.2739613686253586,0.17340696533608657,-0.1256212612268789,2.1808519190916997,0.21600000000000003,True
3315,0.26,0.13,0.15,0.19,0.27,1.0642096312503622,0.2731922938708091,0.17459833848432696,-0.12411526195403677,2.2011176512037625,0.21600000000000003,True
3316,0.27,0.13,0.15,0.19,0.26,1.0528399680222016,0.2708509422427179,0.1706505882913738,-0.12047454557865445,2.2482005716791593,0.21600000000000003,True
3317,0.27,0.15,0.13,0.19,0.26,1.039225754127742,0.2680359680301847,0.16960992325926813,-0.11751626478860744,2.28084145213718,0.21600000000000003,True
3318,0.27,0.14,0.25,0.13,0.21,1.0037651247514106,0.2606445594017317,0.15493094977475194,-0.11791583499906633,2.2104288147880693,0.21600000000000003,True
3319,0.25,0.13,0.21,0.27,0.14,0.8572602412766233,0.22914695739955682,0.11709195044170481,-0.07917689838943454,2.8941138395253745,0.21600000000000003,True
3320,0.25,0.21,0.13,0.27,0.14,0.8031294311860941,0.21709039179062573,0.11176958851504223,-0.06579830741297654,3.2993309452183843,0.21600000000000003,True
3321,0.27,0.14,0.2,0.26,0.13,0.841211609309604,0.22559715628837385,0.11402140563658901,-0.07472959189195094,3.0188463576056637,0.217,True
3322,0.27,0.2,0.14,0.26,0.13,0.8004801569818039,0.2164941596865957,0.11006593353531016,-0.06573753940198968,3.2933109705052797,0.217,True
3323,0.26,0.2,0.14,0.27,0.13,0.7959951921201935,0.21548346169705557,0.10888237123344166,-0.06464875253036106,3.3331418358901486,0.217,True
3324,0.26,0.13,0.2,0.14,0.27,1.0829585871806344,0.27703455210911376,0.17805089016619957,-0.13152391051884116,2.106343637565641,0.21700000000000003,True
3325,0.26,0.14,0.2,0.13,0.27,1.0798948403665705,0.2764082734242086,0.1781803625394924,-0.13127324237698623,2.105594928709297,0.21700000000000003,True
3326,0.27,0.13,0.2,0.14,0.26,1.0717264669402158,0.2747355160329523,0.17412870073790995,-0.12744948158393865,2.155642475893561,0.21700000000000003,True
3327,0.27,0.14,0.2,0.13,0.26,1.0686733707101324,0.27410915991851437,0.17425959014102038,-0.12719141019261238,2.1550917589750522,0.21700000000000003,True
3328,0.26,0.13,0.14,0.2,0.27,1.0604533741463191,0.27241972211170173,0.17394696213416128,-0.12283194453819024,2.217824712748095,0.21700000000000003,True
3329,0.26,0.14,0.13,0.2,0.27,1.053660406336249,0.27102018390029214,0.17343509910349067,-0.12137059610508871,2.232997056928264,0.21700000000000003,True
3330,0.27,0.13,0.14,0.2,0.26,1.0490563092809984,0.27006985743066503,0.16999488249257652,-0.11917825419112371,2.266100130964828,0.21700000000000003,True
3331,0.27,0.14,0.13,0.2,0.26,1.042246816184739,0.2686617041367303,0.16948044993980843,-0.1176974406644381,2.2826469515399204,0.21700000000000003,True
3332,0.27,0.13,0.26,0.14,0.2,0.9933397594210598,0.25845492502252854,0.15103718346823297,-0.11629279952707672,2.2224499373441593,0.21700000000000003,True
3333,0.27,0.14,0.26,0.13,0.2,0.9903538761462041,0.2578263952842621,0.1511734780498042,-0.1160111211968643,2.2224282691548627,0.21700000000000003,True
3334,0.27,0.13,0.14,0.26,0.2,0.9468165076270874,0.24858948962989658,0.14165823535976693,-0.09496032163798995,2.6178248487570994,0.21700000000000003,True
3335,0.26,0.13,0.14,0.27,0.2,0.9420470122066427,0.24756925091711013,0.14074737120990408,-0.09473333132096406,2.613327827333822,0.21700000000000003,True
3336,0.27,0.14,0.13,0.26,0.2,0.9399976188416332,0.24713035376149395,0.14110661344669007,-0.09335069541514407,2.6473327559314845,0.21700000000000003,True
3337,0.26,0.14,0.13,0.27,0.2,0.9352411107182124,0.24611050944149726,0.1401911654264637,-0.09312301270141576,2.6428538156364394,0.21700000000000003,True
3338,0.27,0.13,0.26,0.2,0.14,0.8862875337151059,0.23551591090356072,0.12380509102446631,-0.0906360685126949,2.5984788922146738,0.21700000000000003,True
3339,0.26,0.13,0.27,0.2,0.14,0.8855759451458267,0.23536056360430524,0.12372186936752357,-0.09312566981305748,2.5273435785941,0.21700000000000003,True
3340,0.27,0.13,0.2,0.26,0.14,0.8625153024761196,0.23030487936612354,0.11837140370713865,-0.0783998110772105,2.9375693155601144,0.21700000000000003,True
3341,0.26,0.13,0.2,0.27,0.14,0.8579108928985688,0.22929044306681212,0.11728084106789305,-0.07751871358621965,2.957872137697247,0.21700000000000003,True
3342,0.27,0.2,0.13,0.26,0.14,0.8149536348771322,0.21974438922528794,0.1138750641409077,-0.0678210040097108,3.2400639364440007,0.21700000000000003,True
3343,0.26,0.2,0.13,0.27,0.14,0.8104405070387977,0.21873276093235594,0.1127313289086955,-0.06691398824809691,3.268864502910225,0.21700000000000003,True
3344,0.26,0.14,0.2,0.27,0.13,0.8366483500058239,0.22458404295541023,0.1128877733346104,-0.07383995180613012,3.041497691453876,0.21700000000000005,True
3345,0.26,0.13,0.13,0.22,0.26,1.0402981220517011,0.2682581524645442,0.16858584628996004,-0.11765865935000686,2.279969480754827,0.21739999999999998,True
3346,0.26,0.13,0.26,0.13,0.22,1.022766010675559,0.26461584841939123,0.15943625183644922,-0.12459083802765392,2.1238788710985124,0.2174,True
3347,0.26,0.13,0.13,0.26,0.22,0.9729009881766733,0.25413992042006606,0.1495924240446368,-0.10164641397249119,2.5002349860452977,0.2174,True
3348,0.26,0.13,0.26,0.22,0.13,0.863287710170429,0.23047489118969922,0.11831220256519509,-0.08642951590823722,2.666622493112144,0.2174,True
3349,0.26,0.13,0.22,0.26,0.13,0.8474276628993154,0.22697452530499063,0.11453238568389781,-0.07754467123962394,2.927016411013046,0.2174,True
3350,0.22,0.13,0.26,0.26,0.13,0.8448575324788967,0.22640540449749413,0.11421207248824262,-0.0869632670521826,2.6034601984495223,0.2174,True
3351,0.27,0.14,0.18,0.14,0.27,1.0774561160255893,0.27590931948771646,0.17750022452766975,-0.12799574211008835,2.1556132644663175,0.21740000000000004,True
3352,0.26,0.13,0.22,0.13,0.26,1.0742154958090624,0.2752456960135363,0.17486040013787765,-0.13186321274515556,2.087357726870252,0.21740000000000004,True
3353,0.27,0.14,0.14,0.18,0.27,1.062426030841233,0.27282556713167194,0.17482069542989048,-0.12287803169190703,2.22029571417395,0.21740000000000004,True
3354,0.27,0.14,0.27,0.14,0.18,0.9592308413390789,0.25123723848942947,0.14289827108536457,-0.10990337215276547,2.285982982762442,0.21740000000000004,True
3355,0.27,0.14,0.14,0.27,0.18,0.9084874093642334,0.2403428793896254,0.13235001749549236,-0.0862524055648678,2.7865063915100996,0.21740000000000004,True
3356,0.27,0.14,0.18,0.27,0.14,0.8517261579022661,0.2279251905899078,0.11683779578848849,-0.07561096657545685,3.0144461962729596,0.21740000000000004,True
3357,0.27,0.18,0.14,0.27,0.14,0.824539613198406,0.2218875575720216,0.11429835265518103,-0.06955993614989242,3.1898758085959624,0.21740000000000004,True
3358,0.27,0.13,0.22,0.13,0.25,1.062815893435889,0.27290574497718834,0.1709613590331204,-0.12777910695655248,2.1357618743569864,0.2176,True
3359,0.27,0.13,0.25,0.13,0.22,1.0238799587125231,0.2648478964361267,0.15942107080905485,-0.1222626427216712,2.1662209366686795,0.2176,True
3360,0.27,0.13,0.27,0.18,0.15,0.9084603696594122,0.24033702291687797,0.12920789085726797,-0.0973554177066428,2.4686558650600827,0.2176,True
3361,0.27,0.13,0.18,0.27,0.15,0.8729212662726551,0.23259136106410505,0.12126676568860574,-0.07926659402214309,2.934292357750741,0.2176,True
3362,0.27,0.13,0.25,0.22,0.13,0.8639378180629547,0.2306179476377248,0.11843843548263328,-0.0847018201949804,2.722703563003144,0.2176,True
3363,0.25,0.13,0.27,0.22,0.13,0.8626235137151987,0.23032870017615692,0.1182407675090652,-0.08884333960293567,2.592526363884526,0.2176,True
3364,0.27,0.13,0.22,0.25,0.13,0.8520130879516856,0.2279885963069157,0.11565003064377583,-0.07803543409034308,2.9216034864747344,0.2176,True
3365,0.22,0.13,0.27,0.25,0.13,0.8487822792815216,0.22727427446009374,0.11522600349545173,-0.08931643699116976,2.54459629287007,0.2176,True
3366,0.25,0.13,0.22,0.27,0.13,0.8428478810118731,0.22596002582367047,0.11343936917051707,-0.07705322067034037,2.932518898728498,0.2176,True
3367,0.22,0.13,0.25,0.27,0.13,0.8409311654959253,0.22553494178646738,0.11321384055987263,-0.08460261778032907,2.665815168651985,0.2176,True
3368,0.27,0.18,0.13,0.27,0.15,0.838910926277938,0.2250865789921319,0.11817427260119588,-0.07178586402232245,3.1355278933766018,0.2176,True
3369,0.27,0.18,0.15,0.27,0.13,0.810052164233324,0.21864563444196383,0.11051187094046953,-0.06731675117485325,3.2480122796484685,0.2176,True
3370,0.25,0.22,0.13,0.27,0.13,0.7820042495336275,0.21231971416580064,0.10729067967627194,-0.06250714479610187,3.3967271238893884,0.2176,True
3371,0.25,0.13,0.22,0.13,0.27,1.0853644014149308,0.2775259085188655,0.17880872653028215,-0.13590020402841652,2.0421301829748195,0.21760000000000002,True
3372,0.27,0.13,0.18,0.15,0.27,1.0805157890554873,0.27653525490833997,0.17737036109202106,-0.12815904808213052,2.1577505376844153,0.21760000000000002,True
3373,0.27,0.15,0.18,0.13,0.27,1.0743991214099702,0.2752833178573202,0.1776318661572945,-0.12783196043942413,2.1534780262387434,0.21760000000000002,True
3374,0.27,0.13,0.15,0.18,0.27,1.0692339351990756,0.2742242083596116,0.1753424855120689,-0.1243327838956112,2.205566382152659,0.21760000000000002,True
3375,0.27,0.15,0.13,0.18,0.27,1.0556270060102335,0.2714256745632049,0.17431312032284974,-0.12141466926526756,2.2355262029351026,0.21760000000000002,True
3376,0.27,0.13,0.13,0.22,0.25,1.0286543820238334,0.26584149947845126,0.16463903987975514,-0.11394727846648167,2.3330219295816725,0.21760000000000002,True
3377,0.27,0.13,0.13,0.25,0.22,0.9777330700173712,0.25516274319182064,0.15045106004338774,-0.10187105023218868,2.504762075292669,0.21760000000000002,True
3378,0.27,0.13,0.27,0.15,0.18,0.9621889290295638,0.2518664929480787,0.1427596382896308,-0.11019724504408357,2.28559700242344,0.21760000000000002,True
3379,0.27,0.13,0.15,0.27,0.18,0.9153073246145722,0.2418182273247098,0.1329321665205631,-0.08790133542379475,2.7510188117034002,0.21760000000000002,True
3380,0.27,0.15,0.13,0.27,0.18,0.9016770663707412,0.2388660902915496,0.1317866260281644,-0.0845931730004954,2.823704110143152,0.21760000000000002,True
3381,0.27,0.15,0.18,0.27,0.13,0.8304241556372729,0.2231994672870543,0.11246643595435421,-0.07190568833989475,3.1040585583716425,0.21760000000000004,True
3382,0.26,0.13,0.21,0.13,0.27,1.0867018885638724,0.27779890950398634,0.17877954299991922,-0.1336421967211815,2.0786766180112997,0.21839999999999998,True
3383,0.27,0.13,0.21,0.13,0.26,1.0754973838813982,0.27550828730195054,0.1748631927743431,-0.12958610004235083,2.126063576355103,0.21839999999999998,True
3384,0.26,0.13,0.13,0.21,0.27,1.0566949696978858,0.27164576826548115,0.17330895899249613,-0.12154480888864583,2.2349433986469256,0.21839999999999998,True
3385,0.27,0.13,0.13,0.21,0.26,1.0452705388488797,0.26928737364514066,0.16935282943458113,-0.11787808329180083,2.2844566701897784,0.21839999999999998,True
3386,0.27,0.13,0.26,0.13,0.21,1.0106123404810297,0.2620785471305158,0.1556441944275511,-0.1203912891056369,2.17688961616281,0.2184,True
3387,0.27,0.13,0.27,0.14,0.19,0.979779379071529,0.25559539001507203,0.14732752320107753,-0.11437518006400649,2.2347102743098293,0.2184,True
3388,0.27,0.14,0.27,0.13,0.19,0.9768051545335288,0.25496645761098446,0.14746513055583557,-0.11408935646612128,2.234796176510089,0.2184,True
3389,0.27,0.13,0.13,0.26,0.21,0.9604136216696588,0.25148891949075547,0.14571323186639976,-0.09774817288818938,2.572824760401656,0.2184,True
3390,0.26,0.13,0.13,0.27,0.21,0.955617173132653,0.25046766654127306,0.14482786888389304,-0.09752219463210665,2.5683144999570495,0.2184,True
3391,0.27,0.13,0.14,0.27,0.19,0.9291826892452317,0.2448090985619642,0.13693288111085167,-0.0907511420366961,2.697586973208263,0.2184,True
3392,0.27,0.14,0.13,0.27,0.19,0.9223642875189937,0.24334117288965995,0.1363744455861583,-0.08911858889675406,2.7305321583533635,0.2184,True
3393,0.27,0.13,0.27,0.19,0.14,0.8902437162861412,0.23637887561302917,0.12476608586888939,-0.09296896094287199,2.542556926696001,0.2184,True
3394,0.27,0.13,0.26,0.21,0.13,0.8679094608014317,0.2314911872510088,0.11940033208462004,-0.08691130516008438,2.6635336660129387,0.2184,True
3395,0.26,0.13,0.27,0.21,0.13,0.867248641755981,0.23134597978881022,0.11929714812542264,-0.08868563767708404,2.608607051247363,0.2184,True
3396,0.27,0.13,0.21,0.26,0.13,0.8480349219897074,0.22710891755173113,0.11475428515849914,-0.07622638973550777,2.979400157081548,0.2184,True
3397,0.26,0.13,0.21,0.27,0.13,0.8434585879098997,0.22609540483701296,0.11362938820095332,-0.07534040535086284,3.0009847144315054,0.2184,True
3398,0.27,0.14,0.19,0.27,0.13,0.8372346820338916,0.22471431152881638,0.11316091355421729,-0.07341734391909127,3.0607796405228194,0.2184,True
3399,0.27,0.19,0.14,0.27,0.13,0.803281374979347,0.21712456976869188,0.10990492126365572,-0.0657688468872566,3.3013285171457376,0.2184,True
3400,0.26,0.21,0.13,0.27,0.13,0.7892544108614346,0.21396123974203585,0.10829347543142025,-0.0642274948980247,3.3313028957730086,0.2184,True
3401,0.27,0.13,0.19,0.14,0.27,1.0842720819090585,0.277302863272024,0.17807203240914454,-0.12942694710828495,2.1425434924306668,0.21840000000000004,True
3402,0.27,0.14,0.19,0.13,0.27,1.081208240097426,0.27667682853590114,0.17820237555272564,-0.12926572351957022,2.1403727221935487,0.21840000000000004,True
3403,0.27,0.13,0.14,0.19,0.27,1.0654690035221148,0.2734511066335441,0.174692705872057,-0.12304978426067281,2.222280260599694,0.21840000000000004,True
3404,0.27,0.14,0.13,0.19,0.27,1.0586631293814746,0.2720511813572075,0.17418377996716128,-0.12158907345307035,2.23746405520732,0.21840000000000004,True
3405,0.27,0.13,0.19,0.27,0.14,0.8585474398139343,0.22943078585975818,0.11752452520262985,-0.07710163435100037,2.9756928992618867,0.21840000000000004,True
3406,0.27,0.19,0.13,0.27,0.14,0.8177676406862162,0.22037430663607638,0.11371758386740093,-0.06802469473261874,3.2396221328488224,0.21840000000000004,True
3407,0.27,0.13,0.2,0.13,0.27,1.0880262065264996,0.27806910753626757,0.17878632618279078,-0.1313775218062706,2.116565328019419,0.21960000000000002,True
3408,0.27,0.13,0.13,0.2,0.27,1.061701920669596,0.2726766222215966,0.17405624744483242,-0.12176296732163439,2.2394052002800398,0.21960000000000002,True
3409,0.27,0.13,0.27,0.13,0.2,0.9972043261569945,0.2592674866987008,0.15191103291077904,-0.11850330806691589,2.1878502037453575,0.21960000000000002,True
3410,0.27,0.13,0.13,0.27,0.2,0.9429273025649432,0.2477576786938347,0.14097583224917015,-0.0935750775899753,2.647688733740115,0.21960000000000002,True
3411,0.27,0.13,0.27,0.2,0.13,0.8718794642037293,0.2323628301083709,0.12037781071295203,-0.08911451315676144,2.607463384775734,0.21960000000000002,True
3412,0.27,0.13,0.2,0.27,0.13,0.8440551337521396,0.22622761581777828,0.11387606230136488,-0.07492013627800886,3.0195836133867573,0.21960000000000005,True
3413,0.27,0.2,0.13,0.27,0.13,0.7965205289750563,0.2156019346136293,0.10932106355579291,-0.06604154951346242,3.264640763307338,0.21960000000000005,True
3414,0.25,0.15,0.15,0.15,0.3,1.100857491613234,0.280681152384493,0.18823839894949934,-0.13491223087849336,2.080472248934081,0.21999999999999997,True
3415,0.3,0.15,0.15,0.15,0.25,1.0451062470888557,0.26925339420020933,0.1686901865547333,-0.11686621991718504,2.3039454377065542,0.21999999999999997,True
3416,0.3,0.15,0.15,0.25,0.15,0.8691344367923859,0.231760271210953,0.12259189971804815,-0.07765086744665728,2.9846449734790417,0.21999999999999997,True
3417,0.25,0.15,0.15,0.3,0.15,0.8461653432410172,0.22669506760984937,0.11706430134381308,-0.07385525689122852,3.0694506681321014,0.21999999999999997,True
3418,0.25,0.1,0.25,0.15,0.25,1.0732546990099676,0.27504880844928237,0.17141851358799526,-0.13521875321752164,2.0341025331510125,0.22,True
3419,0.25,0.1,0.15,0.25,0.25,1.0353978012653235,0.2672422166504629,0.16403571030686828,-0.11667873502868553,2.290410644105468,0.22,True
3420,0.25,0.1,0.25,0.25,0.15,0.899898341781415,0.2384798020880312,0.124910004202999,-0.09401158008838939,2.5367066680914547,0.22,True
3421,0.25,0.15,0.25,0.25,0.1,0.7933132387175152,0.21487827257962544,0.10351007146703826,-0.07222204954890765,2.9752447337307038,0.22,True
3422,0.25,0.25,0.25,0.15,0.1,0.7654214710694971,0.2085483576133358,0.10522060605305565,-0.06918865185406653,3.014198889916345,0.22,True
3423,0.2,0.1,0.2,0.2,0.3,1.108974391263399,0.28232800878212516,0.1879587837785119,-0.14458303397793137,1.9527049683105882,0.22000000000000003,True
3424,0.3,0.1,0.2,0.2,0.2,0.9935493673545541,0.2584990239978566,0.14848401978917086,-0.10447290609125415,2.4743163913911324,0.22000000000000003,True
3425,0.2,0.1,0.2,0.3,0.2,0.9452867952407844,0.24826245186557405,0.13998517041826306,-0.10485932963340472,2.367576187388536,0.22000000000000003,True
3426,0.3,0.2,0.1,0.2,0.2,0.9250378879372183,0.2439171822558026,0.14291315975853383,-0.08844796156675461,2.7577479224516694,0.22000000000000003,True
3427,0.3,0.2,0.2,0.2,0.1,0.7816726348845768,0.21224452612745126,0.10596246432011493,-0.06723418411919091,3.1567948493461304,0.22000000000000003,True
3428,0.2,0.2,0.2,0.3,0.1,0.737484500877462,0.20214098576556516,0.09355305408811504,-0.05654787327292665,3.5746876772878378,0.22000000000000003,True
3429,0.25,0.1,0.2,0.15,0.3,1.134756948078346,0.28753122480691884,0.1909736666653586,-0.14386689601405567,1.9985919817080595,0.225,True
3430,0.25,0.15,0.2,0.1,0.3,1.1192280994874189,0.2844023770325914,0.19160796541047967,-0.1427212855104304,1.9927117109087884,0.225,True
3431,0.25,0.1,0.15,0.2,0.3,1.116283923010994,0.28380744390188894,0.18761647921790947,-0.13566548576494097,2.09196497032137,0.225,True
3432,0.2,0.1,0.15,0.25,0.3,1.0907149010742185,0.27861732541099626,0.18457455801171044,-0.13460092530715073,2.0699510406426205,0.225,True
3433,0.25,0.15,0.1,0.2,0.3,1.0824303753685696,0.27692662103228805,0.18517899218054357,-0.12863009995066166,2.152891283910283,0.225,True
3434,0.3,0.1,0.2,0.15,0.25,1.0794406275867274,0.276315372748394,0.171509351039606,-0.12422743962243177,2.2242700452348347,0.225,True
3435,0.3,0.15,0.2,0.1,0.25,1.0641738144053123,0.27318493163519664,0.17217573863453076,-0.12337367836372004,2.21428861697562,0.225,True
3436,0.3,0.1,0.15,0.2,0.25,1.060267248192598,0.2723814160692113,0.16803521671483737,-0.11777416954595998,2.3127432536292916,0.225,True
3437,0.3,0.15,0.1,0.2,0.25,1.025986628085095,0.26528650687333477,0.1655466171758696,-0.1102600699764481,2.4060070606702935,0.225,True
3438,0.3,0.1,0.25,0.15,0.2,1.013108696011507,0.2626005398871203,0.1525147819149028,-0.11447436429407942,2.293968099377355,0.225,True
3439,0.3,0.2,0.1,0.15,0.25,1.0109980258143816,0.26215922289041305,0.16623799692192984,-0.10928190436055207,2.398926193905582,0.225,True
3440,0.3,0.15,0.25,0.1,0.2,0.9981253443536697,0.2594609847603728,0.15320501625627045,-0.11304803112558959,2.295139350743112,0.225,True
3441,0.3,0.1,0.15,0.25,0.2,0.9739421807984736,0.25436045416980324,0.144816430678707,-0.09767258592805217,2.6042154177956434,0.225,True
3442,0.25,0.1,0.15,0.3,0.2,0.9499591701706367,0.2492608234196867,0.14019198059649476,-0.09654448194511656,2.5818236153712655,0.225,True
3443,0.3,0.15,0.1,0.25,0.2,0.9396300465164165,0.247051601948163,0.14219904921791862,-0.08961628173539848,2.7567713942607983,0.225,True
3444,0.3,0.1,0.25,0.2,0.15,0.9234203346532166,0.24356875497893338,0.13010907975602143,-0.09396104002141403,2.592231364440232,0.225,True
3445,0.25,0.1,0.3,0.2,0.15,0.9195756030644875,0.2427398000387282,0.1297616447979705,-0.10547117092655778,2.3014800907800104,0.225,True
3446,0.25,0.15,0.1,0.3,0.2,0.9159721641456187,0.24196186415606125,0.13746102693411733,-0.08847086645790503,2.7349326828531533,0.225,True
3447,0.3,0.25,0.1,0.15,0.2,0.9105109502872757,0.24078099696403,0.14368199451599353,-0.08726140075345534,2.7593070347830237,0.225,True
3448,0.3,0.1,0.2,0.25,0.15,0.9034739944915731,0.23925608724654635,0.12578910288233788,-0.08497745711312432,2.8155242034136427,0.225,True
3449,0.25,0.1,0.2,0.3,0.15,0.8801782105583311,0.2341809064108924,0.12044077037505227,-0.08237153483996307,2.842983402772265,0.225,True
3450,0.2,0.1,0.25,0.3,0.15,0.8765206632142704,0.23338027745276757,0.12033169957552803,-0.09478911100099441,2.4621000765617396,0.225,True
3451,0.3,0.15,0.25,0.2,0.1,0.8158030719784413,0.2199346049613251,0.10975263198826572,-0.07472530483967976,2.943241321439722,0.225,True
3452,0.25,0.15,0.3,0.2,0.1,0.813213773126751,0.21935459397035473,0.10883354207073773,-0.08351977106822595,2.6263792532569026,0.225,True
3453,0.25,0.2,0.1,0.3,0.15,0.8123969597068526,0.21917151065143092,0.11421160975235091,-0.06558104771290219,3.341994650816045,0.225,True
3454,0.3,0.15,0.2,0.25,0.1,0.7956353474332005,0.21540229690876234,0.10511064098502713,-0.06656934109584423,3.2357582839618857,0.225,True
3455,0.2,0.15,0.3,0.25,0.1,0.7906343033594856,0.21427316175474598,0.10348190960145563,-0.08250312834276896,2.5971519633112927,0.225,True
3456,0.25,0.15,0.2,0.3,0.1,0.7733750852223988,0.21036015106357175,0.09861745736453675,-0.0620103817618225,3.392337622941111,0.225,True
3457,0.2,0.15,0.25,0.3,0.1,0.7709615800541716,0.20981094026861147,0.09791119415462839,-0.07040015366324193,2.980262532838194,0.225,True
3458,0.2,0.3,0.1,0.25,0.15,0.7621331595519443,0.2077977065212826,0.11074405514943433,-0.06140284543751795,3.384170636403691,0.225,True
3459,0.25,0.2,0.15,0.3,0.1,0.7396482599537688,0.2026396897331435,0.09504729987356042,-0.05718972603838035,3.54328834513302,0.225,True
3460,0.2,0.25,0.15,0.3,0.1,0.7042594677345044,0.19443072697499786,0.0897945491767274,-0.04881055633464226,3.9833745315663354,0.225,True
3461,0.15,0.25,0.2,0.3,0.1,0.701988608269972,0.19390010137831282,0.08928803383846752,-0.054895886116614445,3.5321426630479005,0.225,True
3462,0.35,0.15,0.15,0.15,0.2,0.9832038098320794,0.25631874372897023,0.15066125420023238,-0.09881504946247,2.593924155513581,0.22999999999999998,True
3463,0.35,0.15,0.2,0.15,0.15,0.9123504539160836,0.2411790001728229,0.13241766049057535,-0.08845820563930895,2.726474027251216,0.22999999999999998,True
3464,0.35,0.15,0.15,0.2,0.15,0.8922452292056635,0.23681500826339175,0.12865194235501967,-0.08364284072379291,2.8312645315981926,0.22999999999999998,True
3465,0.25,0.05,0.25,0.2,0.25,1.0885877822867909,0.2781836502535693,0.17081963170417333,-0.1364345477661565,2.03895314499349,0.23,True
3466,0.25,0.05,0.2,0.25,0.25,1.0695803266579649,0.2742952902337781,0.1669777596357838,-0.12586394649729393,2.1792999335173033,0.23,True
3467,0.25,0.05,0.25,0.25,0.2,1.00362642591982,0.2606154784687682,0.1474650659272173,-0.11662795577028051,2.2345884119078336,0.23,True
3468,0.25,0.2,0.25,0.25,0.05,0.6843806162995438,0.18976958122517118,0.08535951950857924,-0.05146455524507221,3.6873840708716092,0.23,True
3469,0.25,0.25,0.2,0.25,0.05,0.6509325783816668,0.1818432825047871,0.0811689296480657,-0.05250620693780328,3.463272117907722,0.23,True
3470,0.2,0.25,0.25,0.25,0.05,0.6497082148323965,0.18155111761858667,0.07946240107681178,-0.049533111026812904,3.6652476263869382,0.23,True
3471,0.3,0.1,0.15,0.15,0.3,1.142012328008656,0.2889878833032262,0.1911493958876658,-0.1367300894648188,2.113564647213838,0.235,True
3472,0.3,0.15,0.15,0.1,0.3,1.1264783596482983,0.2858650997037986,0.19180388802210088,-0.13598447254348978,2.1021892746789517,0.235,True
3473,0.3,0.15,0.1,0.15,0.3,1.1078365437693578,0.2820974032722934,0.18877427027616295,-0.12971010783542403,2.1748297644638312,0.235,True
3474,0.35,0.1,0.2,0.15,0.2,1.017904228134507,0.26360208530550233,0.15353353720953478,-0.10563689135375076,2.495360114514983,0.235,True
3475,0.35,0.1,0.15,0.2,0.2,0.9980730299953153,0.2594499955533702,0.1499579801143371,-0.09955800056078523,2.6060185428790605,0.235,True
3476,0.3,0.1,0.3,0.15,0.15,0.9433233259795062,0.2478424296733539,0.13480605568384452,-0.10469988198404911,2.3671700958661286,0.235,True
3477,0.35,0.1,0.2,0.2,0.15,0.9269130210920093,0.24432084902043516,0.1316707057976085,-0.08929100924341649,2.736231240867615,0.235,True
3478,0.3,0.1,0.15,0.3,0.15,0.8834847320093409,0.234903803342557,0.12188539969922452,-0.07857257187529254,2.9896412671254744,0.235,True
3479,0.3,0.15,0.1,0.3,0.15,0.8492144052463999,0.2273698643708988,0.11913842856018231,-0.07375821854321474,3.082637689218096,0.235,True
3480,0.3,0.15,0.15,0.3,0.1,0.7754299514215088,0.21082735828400367,0.10095589086564853,-0.06617841929120427,3.1857418255383534,0.235,True
3481,0.2,0.15,0.2,0.35,0.1,0.751251716558313,0.20530702705617498,0.09277058607232454,-0.05817806993747665,3.5289418723724637,0.235,True
3482,0.2,0.2,0.15,0.35,0.1,0.7178506820508832,0.19759673592509364,0.08892163072862205,-0.0493613759941417,4.0030637709237435,0.235,True
3483,0.15,0.2,0.2,0.35,0.1,0.7155951706489312,0.19707248394179988,0.08846710129121353,-0.05692171096678944,3.4621672573542353,0.235,True
3484,0.15,0.3,0.15,0.3,0.1,0.6692618208876056,0.18619994807452778,0.08536061560838466,-0.04643110584822219,4.010241511007587,0.235,True
3485,0.25,0.1,0.25,0.1,0.3,1.1531727229848472,0.29122214110423794,0.19462566399413062,-0.15408616427631683,1.8899953962251952,0.23500000000000001,True
3486,0.25,0.05,0.2,0.2,0.3,1.1503534371155064,0.29065846380094107,0.19038080697557783,-0.14499638503288548,2.0045911057370094,0.23500000000000001,True
3487,0.2,0.05,0.2,0.25,0.3,1.1244628044469231,0.2854588003900178,0.18740126493918263,-0.14570746159580672,1.9591227330682766,0.23500000000000001,True
3488,0.3,0.1,0.25,0.1,0.25,1.0985612135032015,0.2802144855933777,0.17530567735685823,-0.13448698178267648,2.0835807442402774,0.23500000000000001,True
3489,0.25,0.1,0.1,0.25,0.3,1.0977540742975411,0.2800503718687284,0.18456887120871784,-0.12943402800112136,2.163653377659715,0.23500000000000001,True
3490,0.3,0.05,0.2,0.2,0.25,1.0947743739524225,0.27944415151566004,0.17088823960509716,-0.1251318932271912,2.2331968637947273,0.23500000000000001,True
3491,0.2,0.05,0.2,0.3,0.25,1.044541329277033,0.26913654186552716,0.16359921558477178,-0.12659596960756536,2.1259487383352176,0.23500000000000001,True
3492,0.3,0.1,0.1,0.25,0.25,1.0410415018355872,0.2684121279940437,0.16490250291241643,-0.11122375425118547,2.4132626146377616,0.23500000000000001,True
3493,0.3,0.05,0.25,0.2,0.2,1.0281583295719243,0.26573833885861475,0.151874974566376,-0.11587959024434513,2.2932281543132453,0.23500000000000001,True
3494,0.3,0.05,0.2,0.25,0.2,1.0084904419828336,0.26163451420533246,0.1478561517897772,-0.10548662361002725,2.480262475482837,0.23500000000000001,True
3495,0.35,0.15,0.2,0.1,0.2,1.002925801009126,0.2604685581834212,0.15424632302890692,-0.10494284074556626,2.4820040731975874,0.23500000000000001,True
3496,0.25,0.05,0.2,0.3,0.2,0.9841813851577319,0.25652508734643,0.14335519429678217,-0.10559258635608304,2.4293853972036166,0.23500000000000001,True
3497,0.35,0.15,0.1,0.2,0.2,0.9634342236509357,0.252131207072676,0.14745706761723926,-0.09260148990822459,2.7227554040713384,0.23500000000000001,True
3498,0.3,0.2,0.05,0.25,0.2,0.9055544873380317,0.23970732126323835,0.14003640355878072,-0.08424984293699511,2.8451960609885005,0.23500000000000001,True
3499,0.2,0.1,0.2,0.35,0.15,0.8570254598788865,0.22909517374391264,0.11572513703391928,-0.08315544397582786,2.7550231565176593,0.23500000000000001,True
3500,0.3,0.1,0.25,0.25,0.1,0.8299437356113915,0.2230924671531147,0.1089720770818114,-0.07618377548548794,2.92834616992185,0.23500000000000001,True
3501,0.25,0.1,0.3,0.25,0.1,0.8273687407227521,0.22251863954920004,0.10808709240872275,-0.08490719268781233,2.6207277911938385,0.23500000000000001,True
3502,0.25,0.1,0.25,0.3,0.1,0.8073552208938906,0.21804021873328572,0.10276535382362793,-0.07370450475991464,2.9583024734177488,0.23500000000000001,True
3503,0.2,0.2,0.1,0.35,0.15,0.7898935842403652,0.2141057435727678,0.10916104575468095,-0.06390317524775013,3.350471126711437,0.23500000000000001,True
3504,0.3,0.2,0.2,0.25,0.05,0.685484000379144,0.1900292586481065,0.08801635355154513,-0.061381484305951584,3.095872652751754,0.23500000000000001,True
3505,0.2,0.2,0.3,0.25,0.05,0.6829127925015459,0.1894239583877455,0.08461297985348137,-0.060690587413292474,3.1211422802320383,0.23500000000000001,True
3506,0.25,0.2,0.2,0.3,0.05,0.6642815087213416,0.18501934981348955,0.08011709149255684,-0.049956089511344004,3.7036395687351678,0.23500000000000001,True
3507,0.2,0.2,0.25,0.3,0.05,0.6630772263705755,0.18473351742391686,0.07845438813378575,-0.0487771550264533,3.7872958626580493,0.23500000000000001,True
3508,0.2,0.25,0.2,0.3,0.05,0.6299557396932216,0.17681755406225697,0.07381353545006267,-0.04105383793806461,4.306967702484009,0.23500000000000001,True
3509,0.35,0.1,0.15,0.15,0.25,1.0852904106415382,0.2775108024960862,0.17251699497483977,-0.1188696498655678,2.334580801827287,0.23999999999999996,True
3510,0.35,0.1,0.25,0.15,0.15,0.9470868512430539,0.2486472686722776,0.13583592480161852,-0.09629932672303554,2.5820249957448485,0.23999999999999996,True
3511,0.35,0.1,0.15,0.25,0.15,0.9066957897250443,0.23995471659259482,0.12791163645005396,-0.08293883070646235,2.8931528760255145,0.23999999999999996,True
3512,0.25,0.1,0.15,0.35,0.15,0.8604156359099933,0.22984249175667437,0.11639711755988343,-0.07515545760082853,3.058227560497756,0.23999999999999996,True
3513,0.25,0.15,0.1,0.35,0.15,0.8264718832341633,0.22231865176056265,0.11348405265501474,-0.06661072224364462,3.3375805616906407,0.23999999999999996,True
3514,0.25,0.05,0.25,0.15,0.3,1.168871576375257,0.29435194462213277,0.19401925015470717,-0.15513623569516,1.8973771234241446,0.24,True
3515,0.25,0.05,0.15,0.25,0.3,1.1317777324193132,0.28693213337279766,0.1870366116153025,-0.1364080641646328,2.1034836549435614,0.24,True
3516,0.3,0.05,0.25,0.15,0.25,1.1140007191066261,0.28334569423360056,0.1746717652263855,-0.13570806029968896,2.0879061539003514,0.24,True
3517,0.3,0.05,0.15,0.25,0.25,1.075494920044974,0.27550778269548815,0.1674263451639243,-0.1186688750751953,2.3216515916318485,0.24,True
3518,0.35,0.15,0.15,0.1,0.25,1.0700241212922945,0.27438634830864816,0.17320418508287472,-0.11796978934443314,2.3259035201591307,0.24,True
3519,0.35,0.15,0.1,0.15,0.25,1.0506845643017817,0.2704061062741443,0.17011426541651997,-0.11137186771011853,2.427957004168809,0.24,True
3520,0.25,0.05,0.15,0.3,0.25,1.0505202411712244,0.27037218019408993,0.16346344966135784,-0.11758141127869837,2.2994466323697877,0.24,True
3521,0.3,0.15,0.05,0.25,0.25,1.0068153839087888,0.26128376708331547,0.16276388492841984,-0.10355296626811616,2.523189595620154,0.24,True
3522,0.3,0.05,0.25,0.25,0.15,0.9380585057127726,0.2467147894517845,0.12944638662151783,-0.09523225626710596,2.590664120776501,0.24,True
3523,0.25,0.05,0.3,0.25,0.15,0.934222822901404,0.2458919609100545,0.1291283452779127,-0.10697611564170562,2.2985687920621345,0.24,True
3524,0.35,0.15,0.25,0.1,0.15,0.9324125926861835,0.24550325341955137,0.13659003260134464,-0.09503098420341993,2.58340219747736,0.24,True
3525,0.25,0.05,0.25,0.3,0.15,0.9144351134574475,0.2416297379766077,0.12428782938367228,-0.09561556182367303,2.5270963572038925,0.24,True
3526,0.25,0.15,0.15,0.35,0.1,0.7533997391561433,0.20579950879555686,0.09422254775445803,-0.055190727919339544,3.728878319857094,0.24,True
3527,0.3,0.15,0.25,0.25,0.05,0.7194395711353894,0.1979657683948095,0.09190067857976983,-0.05738782725788838,3.4496125372580235,0.24,True
3528,0.25,0.15,0.3,0.25,0.05,0.7180904448111065,0.1976524373603703,0.09017667057600415,-0.06490644318965078,3.0451897785070074,0.24,True
3529,0.25,0.15,0.25,0.3,0.05,0.6979081827862916,0.19294545200610247,0.08442182470848103,-0.053160804873556566,3.6294682231584887,0.24,True
3530,0.15,0.25,0.15,0.35,0.1,0.6826935828164078,0.18937232467684106,0.08443902313508805,-0.046547157530192784,4.068397185241759,0.24,True
3531,0.25,0.25,0.15,0.3,0.05,0.6309174198803527,0.17704889807457214,0.07655215144242136,-0.05403182281140684,3.2767522704637453,0.24,True
3532,0.15,0.25,0.25,0.3,0.05,0.6286318819458663,0.17649893485894608,0.07332876821593773,-0.047955045792311135,3.680508108017384,0.24,True
3533,0.3,0.1,0.2,0.1,0.3,1.1607001690050227,0.2927247430595814,0.19447193186711653,-0.14315072917049854,2.0448707789041993,0.24000000000000002,True
3534,0.3,0.1,0.1,0.2,0.3,1.1232671844708597,0.28521766366298174,0.18813100310090114,-0.13050628728045355,2.1854706742983097,0.24000000000000002,True
3535,0.3,0.1,0.3,0.1,0.2,1.0326197402545887,0.26666554381464747,0.15688176648415061,-0.12544177803362755,2.1258112567821037,0.24000000000000002,True
3536,0.3,0.1,0.1,0.3,0.2,0.9542875628580312,0.25018427223594264,0.14153933337905814,-0.09076677866304494,2.756341867818246,0.24000000000000002,True
3537,0.3,0.1,0.3,0.2,0.1,0.850186942785101,0.2275849434182533,0.11404063712109068,-0.08732966818540844,2.606043835355824,0.24000000000000002,True
3538,0.3,0.1,0.2,0.3,0.1,0.8096621151808636,0.2185581126007785,0.10433100277754988,-0.0675925180402922,3.233466054193972,0.24000000000000002,True
3539,0.3,0.05,0.2,0.15,0.3,1.1764049966502759,0.29584848417876897,0.19384619999101202,-0.14428527999616314,2.0504412105423104,0.245,True
3540,0.3,0.05,0.15,0.2,0.3,1.1576138808349814,0.2921090920202314,0.19053602856315113,-0.13746513794529125,2.124968529377141,0.245,True
3541,0.2,0.05,0.15,0.3,0.3,1.1061012298189623,0.2817455504398174,0.18403070996460316,-0.13542680435164378,2.0804267795336018,0.245,True
3542,0.35,0.1,0.2,0.1,0.25,1.1046838443171496,0.2814580174400563,0.17593066401413177,-0.12531493048460274,2.2460054548299704,0.245,True
3543,0.3,0.15,0.05,0.2,0.3,1.0891381671393376,0.27829589047617564,0.18606310817732374,-0.12334265248209231,2.256282679801948,0.245,True
3544,0.35,0.1,0.1,0.2,0.25,1.0658441311076894,0.2735281785170267,0.16943732208354467,-0.11232734225498964,2.4350988194495136,0.245,True
3545,0.3,0.05,0.3,0.15,0.2,1.0477776174715498,0.26980567152710466,0.1562294641260893,-0.12675596735858619,2.1285441399680862,0.245,True
3546,0.35,0.1,0.25,0.1,0.2,1.037687089479249,0.2677170352300138,0.1574643602836172,-0.11372035857371954,2.3541698125799124,0.245,True
3547,0.35,0.2,0.1,0.1,0.25,1.0355914754310485,0.2672824001651386,0.17083708365950365,-0.11040203488521572,2.420991609828844,0.245,True
3548,0.35,0.05,0.2,0.2,0.2,1.032948881182222,0.2667338946669324,0.15287058664079203,-0.10659797887811684,2.502241576005053,0.245,True
3549,0.3,0.05,0.15,0.3,0.2,0.988774381219024,0.2574936566410584,0.1441999416647402,-0.09874513182429923,2.6076592525009348,0.245,True
3550,0.35,0.1,0.1,0.25,0.2,0.9781939215764301,0.25526020609903055,0.14676279449039292,-0.0933946426810619,2.7331354215972703,0.245,True
3551,0.3,0.05,0.3,0.2,0.15,0.9580725403900197,0.25099066819725935,0.13413325740109489,-0.10621069443436226,2.363139319763797,0.245,True
3552,0.3,0.15,0.05,0.3,0.2,0.9200376660296299,0.24283948300886515,0.13933031047955685,-0.0825391160353991,2.942113929409142,0.245,True
3553,0.3,0.05,0.2,0.3,0.15,0.918000806924578,0.24239994179212543,0.12513590091085358,-0.08583245538866646,2.824105878067803,0.245,True
3554,0.35,0.1,0.25,0.2,0.1,0.8526708970942862,0.22813393405968863,0.11570096742455262,-0.07864567573131842,2.9007816633056245,0.245,True
3555,0.35,0.1,0.2,0.25,0.1,0.8321578293727387,0.22358543902634942,0.11130399165991318,-0.07347012667609831,3.043215646163945,0.245,True
3556,0.25,0.1,0.2,0.35,0.1,0.7873037667035563,0.2135200266879973,0.09787339379201232,-0.06307175418449085,3.38535100931918,0.245,True
3557,0.2,0.1,0.25,0.35,0.1,0.7849051435284045,0.21297704563402542,0.09721020623341176,-0.07225470385768284,2.94758727478169,0.245,True
3558,0.25,0.2,0.1,0.35,0.1,0.7197498166418981,0.1980377989131208,0.09122650594902401,-0.058728561782557254,3.3720866457850027,0.245,True
3559,0.3,0.15,0.2,0.3,0.05,0.6989910972514799,0.193198957801475,0.08704561688258612,-0.05888103896789176,3.281174401607073,0.245,True
3560,0.2,0.15,0.3,0.3,0.05,0.6964595857013811,0.1926061728139956,0.08372364699517729,-0.062308789769190076,3.0911557346477925,0.245,True
3561,0.2,0.25,0.1,0.35,0.1,0.6847024882074886,0.18984534431995548,0.08576056272156077,-0.05057438066565856,3.7537848574953654,0.245,True
3562,0.2,0.2,0.2,0.35,0.05,0.6432097709031754,0.179997995461324,0.07277224677733166,-0.03815808165410706,4.717165739435183,0.245,True
3563,0.2,0.3,0.15,0.3,0.05,0.5970955738707215,0.16885734060916158,0.06995056360879495,-0.04569872816287901,3.6950118175569724,0.245,True
3564,0.15,0.3,0.2,0.3,0.05,0.5960120362910546,0.1685930069286432,0.06836005813867879,-0.03670090357140188,4.593701803571246,0.245,True
3565,0.2,0.05,0.2,0.35,0.2,0.9600215012935001,0.25140549235382514,0.13943951568410806,-0.1063468270591581,2.36401498103911,0.24500000000000002,True
3566,0.25,0.1,0.1,0.35,0.2,0.9305277616577816,0.24509826894875708,0.13684011772482926,-0.08963007513403587,2.734553871367716,0.24500000000000002,True
3567,0.25,0.1,0.35,0.2,0.1,0.8473438996753784,0.22695598539066064,0.1137789063755436,-0.09595056203061691,2.365342949405978,0.24500000000000002,True
3568,0.35,0.05,0.2,0.15,0.25,1.1201236805738204,0.28458323881491654,0.17527670357348768,-0.12614847379912042,2.255938817524567,0.24999999999999997,True
3569,0.35,0.2,0.05,0.15,0.25,1.0163065897559216,0.26326859546963655,0.16809034216894342,-0.10364509656201382,2.5400969674635347,0.24999999999999997,True
3570,0.25,0.05,0.15,0.35,0.2,0.9646886501162477,0.2523977492152636,0.1396154391744947,-0.09762547922754816,2.585367582441956,0.24999999999999997,True
3571,0.35,0.05,0.2,0.25,0.15,0.9415409004729149,0.24746089098240387,0.13098130348149506,-0.09011168729364438,2.7461575564111915,0.24999999999999997,True
3572,0.25,0.15,0.05,0.35,0.2,0.8966028767916823,0.237763483473737,0.1345288039152887,-0.081384834269839,2.9214716182306155,0.24999999999999997,True
3573,0.25,0.05,0.2,0.35,0.15,0.8946042187978867,0.2373286409066988,0.11982908841048998,-0.08407748771706858,2.8227370649482277,0.24999999999999997,True
3574,0.2,0.05,0.25,0.35,0.15,0.8909562982612014,0.23653418356928713,0.11975568672944131,-0.0963871300300243,2.4540017271559744,0.24999999999999997,True
3575,0.2,0.25,0.05,0.35,0.15,0.7566934433869088,0.2065538827135982,0.10674490020818467,-0.05864278553747493,3.522238597987515,0.24999999999999997,True
3576,0.25,0.0,0.25,0.25,0.25,1.103987991561321,0.28131680842912954,0.17026598424286368,-0.13763299198316892,2.0439634739869033,0.25,True
3577,0.35,0.05,0.15,0.2,0.25,1.1006235771948005,0.28063363011111697,0.1718745869749864,-0.11975638400912358,2.3433709395378624,0.25,True
3578,0.35,0.05,0.25,0.15,0.2,1.052840896649177,0.27085113382724035,0.15679025720108333,-0.11513119320573395,2.3525434444446547,0.25,True
3579,0.35,0.15,0.05,0.2,0.25,1.0312929032433868,0.26638993214699425,0.1673765004882777,-0.10467311589545625,2.5449699272643698,0.25,True
3580,0.35,0.05,0.15,0.25,0.2,1.0130082136452283,0.26257953716933136,0.14930563276670558,-0.10029033162701695,2.6181939266675607,0.25,True
3581,0.35,0.05,0.25,0.2,0.15,0.9618266844405785,0.2517894690485438,0.13513773042528351,-0.09754933023878531,2.581150156871432,0.25,True
3582,0.25,0.15,0.2,0.35,0.05,0.6776932372541209,0.18819329913366456,0.07915872031914796,-0.047398317552248215,3.9704636968646603,0.25,True
3583,0.2,0.15,0.25,0.35,0.05,0.6765090920821133,0.18791374792052906,0.07754267463633749,-0.05050063423785578,3.7210175823825007,0.25,True
3584,0.25,0.2,0.15,0.35,0.05,0.6441504594261209,0.18022307235468316,0.07547306311702613,-0.05149380030169681,3.499898459596591,0.25,True
3585,0.15,0.2,0.25,0.35,0.05,0.6419056619186818,0.1796858214411261,0.07235071504651137,-0.04710464199198794,3.814609640206776,0.25,True
3586,0.2,0.25,0.15,0.35,0.05,0.6101721170079839,0.17203803215335456,0.0687653795642442,-0.0428142657963686,4.018240858586588,0.25,True
3587,0.15,0.25,0.2,0.35,0.05,0.609109182676594,0.17178013229253897,0.06722974995686823,-0.035898593242836285,4.785149410466618,0.25,True
3588,0.3,0.1,0.35,0.15,0.1,0.8703913101872436,0.23203623971948284,0.11948282282820487,-0.09831759935239959,2.360068199873308,0.25499999999999995,True
3589,0.35,0.1,0.15,0.3,0.1,0.81160629601378,0.21899423621240466,0.10738079775409293,-0.0749082489743802,2.9234996039929344,0.25499999999999995,True
3590,0.3,0.05,0.25,0.1,0.3,1.195138068133784,0.2995549597274034,0.19744587427616583,-0.15443038383890395,1.9397410812621436,0.255,True
3591,0.25,0.0,0.25,0.2,0.3,1.1846384694807552,0.297480146652346,0.19345330378695286,-0.15617173685613173,1.9048270361902306,0.255,True
3592,0.3,0.1,0.25,0.05,0.3,1.179330280945221,0.2964286708711261,0.1980845182284616,-0.15337532537335552,1.9327011704753778,0.255,True
3593,0.35,0.1,0.15,0.1,0.3,1.167900325480618,0.2941587502406733,0.19512946569854714,-0.13779473640941864,2.134760426310208,0.255,True
3594,0.25,0.0,0.2,0.25,0.3,1.1660177034320829,0.2937841079282477,0.18982902989273648,-0.1461100904910977,2.0107037572887387,0.255,True
3595,0.35,0.1,0.1,0.15,0.3,1.1489386060676279,0.290375402158638,0.1921463502224359,-0.1315785904339133,2.2068590429571597,0.255,True
3596,0.3,0.05,0.1,0.25,0.3,1.138765147202669,0.2883363559985215,0.1875294218135239,-0.13129109969302433,2.196160719749392,0.255,True
3597,0.35,0.15,0.1,0.1,0.3,1.13340076083916,0.2872585778471839,0.19282025736896583,-0.13079016023140055,2.1963317220420215,0.255,True
3598,0.3,0.05,0.3,0.1,0.25,1.133173528992832,0.2872128840091346,0.17875771531575094,-0.14613077352714643,1.9654510619269363,0.255,True
3599,0.3,0.0,0.25,0.2,0.25,1.1295075571631719,0.2864752482420261,0.17408193759554502,-0.1369117127249403,2.0924086226104217,0.255,True
3600,0.3,0.0,0.2,0.25,0.25,1.1101751903355819,0.2825712826271851,0.17031204075843515,-0.12642036080830865,2.2351722524795536,0.255,True
3601,0.3,0.1,0.05,0.25,0.3,1.1044651649063915,0.2814136443039179,0.1854304772291264,-0.12419081342995641,2.265977945805429,0.255,True
3602,0.25,0.0,0.2,0.3,0.25,1.0848751094491709,0.2774260075984849,0.16643860109257547,-0.12714712606720047,2.1819290469204806,0.255,True
3603,0.3,0.05,0.1,0.3,0.25,1.0561627838990324,0.2715361010836237,0.1643052819607949,-0.11217327640726549,2.420684407021887,0.255,True
3604,0.3,0.0,0.25,0.25,0.2,1.0432743818681276,0.2688743975457959,0.15128523797681126,-0.1172641740596474,2.2928946517717397,0.255,True
3605,0.4,0.1,0.15,0.15,0.2,1.0223519271745585,0.26452956840466646,0.15554694025057247,-0.10372904338606115,2.550197705189801,0.255,True
3606,0.25,0.0,0.25,0.3,0.2,1.0186383609055363,0.26375526859792364,0.1469150411047192,-0.11800701418838955,2.2350812823452824,0.255,True
3607,0.35,0.1,0.3,0.1,0.15,0.9672168536634247,0.2529346005465254,0.1403718306808334,-0.10698508091535364,2.364204414133656,0.255,True
3608,0.35,0.1,0.1,0.3,0.15,0.8864355836569087,0.23554822685868237,0.12459499844700005,-0.08254327216157309,2.853633260353576,0.255,True
3609,0.3,0.05,0.3,0.25,0.1,0.8645059039312974,0.23074292787943507,0.11332465223983429,-0.08867387009855154,2.602152444942224,0.255,True
3610,0.3,0.1,0.1,0.35,0.15,0.8634529737212766,0.23051126064074,0.11843860184044094,-0.07207604678059265,3.1981673654000673,0.255,True
3611,0.3,0.05,0.25,0.3,0.1,0.8441488537122275,0.22624838414885895,0.10826076970492815,-0.07762053348791897,2.9148006845904084,0.255,True
3612,0.25,0.05,0.3,0.3,0.1,0.8415882187668979,0.2256806945282015,0.1074109102980292,-0.08627403440697157,2.6158588279715924,0.255,True
3613,0.3,0.1,0.15,0.35,0.1,0.7893425080082792,0.2139811587226701,0.100176602869786,-0.0636338972492001,3.3626913951959767,0.255,True
3614,0.3,0.15,0.1,0.35,0.1,0.7551873104581004,0.20620904251412542,0.09735095046795623,-0.06766010437505032,3.047719840499759,0.255,True
3615,0.3,0.1,0.3,0.25,0.05,0.753658196854442,0.2058587388276223,0.09638946735628369,-0.06902761245929001,2.9822665378877233,0.255,True
3616,0.3,0.1,0.25,0.3,0.05,0.7331265050691282,0.20113529504700134,0.09102710645868009,-0.05744527279958611,3.501337625268454,0.255,True
3617,0.25,0.1,0.3,0.3,0.05,0.73179699387383,0.20082814935289983,0.0893409131225491,-0.06647405868928746,3.021150706196672,0.255,True
3618,0.2,0.15,0.15,0.4,0.1,0.7315051393866394,0.20076070364381304,0.08813502550132753,-0.050540327906434146,3.9722873190590193,0.255,True
3619,0.15,0.2,0.15,0.4,0.1,0.6961882444760219,0.1925425998960275,0.08360933929920829,-0.04740244739671906,4.061870440667463,0.255,True
3620,0.15,0.3,0.1,0.35,0.1,0.6500435712787942,0.18163115673370767,0.08113042278331796,-0.04248552316832799,4.275130519496807,0.255,True
3621,0.1,0.3,0.15,0.35,0.1,0.6479266875766272,0.18112574068567433,0.0809572559755329,-0.04633444734178638,3.9090946601693344,0.255,True
3622,0.2,0.25,0.25,0.3,0.0,0.553377101734883,0.15809562979367442,0.06677111971345177,-0.04973232998911492,3.1789306840897527,0.255,True
3623,0.4,0.1,0.2,0.15,0.15,0.9504954997730419,0.24937532176865207,0.13799738294708508,-0.09357500650839268,2.664977872550677,0.25500000000000006,True
3624,0.2,0.1,0.15,0.4,0.15,0.8374882920135827,0.22477064884876152,0.11155255756798413,-0.0739927276498028,3.0377397345394463,0.25500000000000006,True
3625,0.2,0.15,0.1,0.4,0.15,0.8038695696196085,0.21725685916872428,0.1084767535572116,-0.06530305291448357,3.3269020278918515,0.25500000000000006,True
3626,0.15,0.15,0.2,0.4,0.1,0.7292650320275385,0.20024277660082634,0.08773377580654906,-0.058914902796337154,3.3988476106469245,0.25500000000000006,True
3627,0.35,0.05,0.3,0.15,0.15,0.9820683254019744,0.2560789839893458,0.13966424990332854,-0.10814976127096465,2.3678183010293545,0.25999999999999995,True
3628,0.3,0.05,0.35,0.15,0.15,0.9780424844415727,0.2552281811802726,0.13915945112588352,-0.1174038759792213,2.173933177686945,0.25999999999999995,True
3629,0.3,0.15,0.15,0.35,0.05,0.6785098874796349,0.18838601605088034,0.08277668833133303,-0.06036291772231528,3.120889830367441,0.25999999999999995,True
3630,0.15,0.3,0.15,0.35,0.05,0.5765731063491253,0.1638303319076222,0.06290128221828051,-0.03462400944243038,4.731697297507505,0.25999999999999995,True
3631,0.3,0.0,0.2,0.2,0.3,1.1921778080303294,0.29897065728727545,0.19326067096704277,-0.14540397621194912,2.0561381131110115,0.26,True
3632,0.35,0.05,0.15,0.15,0.3,1.1836098844793805,0.2972765319276973,0.19448503015917948,-0.13852225436048726,2.146056121452308,0.26,True
3633,0.35,0.15,0.15,0.05,0.3,1.1522585574032336,0.2910394202524751,0.19581407422323702,-0.1370567580765859,2.1234955819533194,0.26,True
3634,0.2,0.0,0.2,0.3,0.3,1.1400187884544413,0.28858796968714273,0.18688566477978014,-0.1468161766938304,1.9656414993625833,0.26,True
3635,0.35,0.05,0.25,0.1,0.25,1.139570196304256,0.28849794571366094,0.17899425476681302,-0.13498154311958577,2.1373140286155166,0.26,True
3636,0.35,0.1,0.25,0.05,0.25,1.12402400561978,0.28537031245406186,0.17966031736497534,-0.13375518020141852,2.1335271802133566,0.26,True
3637,0.35,0.15,0.05,0.15,0.3,1.1144859246286662,0.28344384884436713,0.19013848159819702,-0.12443058504514071,2.277927478533834,0.26,True
3638,0.35,0.05,0.1,0.25,0.25,1.0810703126819652,0.2766486313801364,0.1688058949466872,-0.11326877503622934,2.4424086098896147,0.26,True
3639,0.3,0.0,0.3,0.2,0.2,1.0630021758599564,0.2729440516343531,0.15562600553298328,-0.1280509949417803,2.131526207652271,0.26,True
3640,0.35,0.1,0.05,0.25,0.25,1.0463454322303742,0.2695096422800072,0.1667092419745503,-0.10568580007592288,2.550102682540096,0.26,True
3641,0.3,0.0,0.2,0.3,0.2,1.023497672911216,0.2647682715653068,0.1472795780811851,-0.10648533802784166,2.4864293664173793,0.26,True
3642,0.35,0.05,0.15,0.3,0.15,0.9212114000137206,0.2430926261460229,0.12723049277309723,-0.08381184387822116,2.900456724221903,0.26,True
3643,0.3,0.05,0.15,0.35,0.15,0.897899870540199,0.23804550342404385,0.12124113610791162,-0.07948071546207758,2.99500956980718,0.26,True
3644,0.35,0.05,0.25,0.25,0.1,0.8669751658615501,0.23128587655047195,0.11495595642879573,-0.08005917613603586,2.888936505635194,0.26,True
3645,0.25,0.05,0.35,0.25,0.1,0.861676310299204,0.23012015860538027,0.11309643150548628,-0.09722642994660413,2.366847766926752,0.26,True
3646,0.25,0.05,0.25,0.35,0.1,0.8214614510827407,0.22120018290183086,0.10209431740936796,-0.07516481298563304,2.9428687987836932,0.26,True
3647,0.25,0.1,0.25,0.35,0.05,0.7114989467349748,0.19611921597501447,0.08357324717751077,-0.05483083007851086,3.5768055251798376,0.26,True
3648,0.2,0.3,0.2,0.3,0.0,0.5206879019358384,0.1499161912325495,0.06252692852228005,-0.04690397775349453,3.196236191745596,0.26,True
3649,0.4,0.1,0.2,0.1,0.2,1.0424084179477084,0.26869515843398317,0.15902600359495395,-0.10975914386306806,2.4480434975804704,0.26000000000000006,True
3650,0.4,0.1,0.1,0.2,0.2,1.0022470472263763,0.2603261915683217,0.15243788637132977,-0.10019664144974005,2.598152870212768,0.26000000000000006,True
3651,0.2,0.1,0.2,0.4,0.1,0.7650825745273842,0.20847103790071464,0.09207056529950709,-0.060066839061654775,3.470651047356303,0.26000000000000006,True
3652,0.2,0.2,0.1,0.4,0.1,0.6981808913388545,0.1930093021030035,0.08487923390500828,-0.04763673077017161,4.051690764301124,0.26000000000000006,True
3653,0.3,0.0,0.25,0.15,0.3,1.211014101492824,0.3026796739552622,0.19684685277192987,-0.1554708025598498,1.9468586317919283,0.265,True
3654,0.35,0.05,0.2,0.1,0.3,1.2026176924646124,0.30102896689790937,0.19775481728911046,-0.14460050406108804,2.0817974933941894,0.265,True
3655,0.35,0.1,0.2,0.05,0.3,1.1868042634568656,0.2979086699901963,0.19841104330007955,-0.14392130084006471,2.069941476705057,0.265,True
3656,0.3,0.0,0.15,0.25,0.3,1.1732831549604588,0.29522873944095296,0.18996343324896323,-0.13818984110071164,2.13639973162566,0.265,True
3657,0.35,0.05,0.1,0.2,0.3,1.1645439797818042,0.29349068498648934,0.1915131426212046,-0.13235576401104532,2.21743788175328,0.265,True
3658,0.3,0.0,0.3,0.15,0.25,1.148786073447178,0.29034487792660046,0.1781537164320249,-0.14725191978326369,1.9717561465680828,0.265,True
3659,0.25,0.0,0.15,0.3,0.3,1.1473390566713748,0.29005523469718186,0.18649842935529842,-0.1371401914698731,2.115027196537793,0.265,True
3660,0.35,0.0,0.2,0.2,0.25,1.1356307933033483,0.28770684088202225,0.17466641637584465,-0.12697003437732746,2.2659428446480514,0.265,True
3661,0.35,0.1,0.05,0.2,0.3,1.1299195317326314,0.28655818447794035,0.18947470623223361,-0.12527088367518224,2.287508286610029,0.265,True
3662,0.4,0.1,0.15,0.1,0.25,1.1104674980255163,0.28263048823660064,0.17742764503561323,-0.11996517599038259,2.355937761965678,0.265,True
3663,0.4,0.1,0.1,0.15,0.25,1.0907994042639917,0.2786345477721339,0.17440613404549588,-0.11351799156923437,2.454540852250679,0.265,True
3664,0.3,0.0,0.15,0.3,0.25,1.0907893994791311,0.2786325087488535,0.1668631978715034,-0.11955062419066353,2.3306654451630515,0.265,True
3665,0.4,0.15,0.1,0.1,0.25,1.0755348816482266,0.27551596698954084,0.1751129679877106,-0.1128900151421387,2.440569847055485,0.265,True
3666,0.35,0.05,0.3,0.1,0.2,1.072683833531321,0.27493179723872574,0.16103973035976002,-0.1260133863090862,2.1817665987038217,0.265,True
3667,0.35,0.0,0.25,0.2,0.2,1.068061329010273,0.273983522721875,0.1561645348080574,-0.11652130288064722,2.351359931175129,0.265,True
3668,0.4,0.05,0.2,0.15,0.2,1.0575569121692903,0.2718233480599441,0.1583315092640964,-0.11041190676362556,2.461902488849096,0.265,True
3669,0.35,0.0,0.2,0.25,0.2,1.0480598969854475,0.26986400173784464,0.15225712211026665,-0.10758849007888338,2.5082980673860336,0.265,True
3670,0.4,0.05,0.15,0.2,0.2,1.037390356808256,0.26765551032479284,0.15486241764244388,-0.1044292173831527,2.5630328085554823,0.265,True
3671,0.25,0.0,0.2,0.35,0.2,0.9990850939657052,0.2596625567008686,0.14281941663736583,-0.10706368177854375,2.4253094269443163,0.265,True
3672,0.35,0.05,0.1,0.3,0.2,0.9930193205529347,0.25838750258172993,0.1461205003765624,-0.0941763796173527,2.7436550824270602,0.265,True
3673,0.3,0.0,0.3,0.25,0.15,0.9728875222546096,0.2541370677111665,0.13351678808415646,-0.10769881785055524,2.3597015527488105,0.265,True
3674,0.3,0.05,0.1,0.35,0.2,0.9690105737952415,0.2533152091082749,0.14093365555135776,-0.09189985711439952,2.7564265828285346,0.265,True
3675,0.35,0.1,0.05,0.3,0.2,0.9582673293925907,0.2510321401987068,0.14397266331637568,-0.09047510477673837,2.7745990548247312,0.265,True
3676,0.3,0.0,0.25,0.3,0.15,0.9527621817907401,0.2498589927869721,0.12884189027765136,-0.0964851622798395,2.589610535786806,0.265,True
3677,0.25,0.0,0.3,0.3,0.15,0.9489356037369854,0.24904224900579752,0.1285537626137804,-0.10845845992591929,2.2961993852383817,0.265,True
3678,0.3,0.1,0.05,0.35,0.2,0.9345859400479817,0.2459699031942797,0.13867972350276672,-0.08375301062399121,2.936848494898417,0.265,True
3679,0.35,0.05,0.3,0.2,0.1,0.8875637796663838,0.23579443101727415,0.11977042433304876,-0.09105713439327567,2.5895217611272305,0.265,True
3680,0.3,0.05,0.35,0.2,0.1,0.8848237991031991,0.23519631968086507,0.11876114599872181,-0.09957170653704117,2.3620798303117447,0.265,True
3681,0.35,0.05,0.2,0.3,0.1,0.846347344628964,0.22673536770976876,0.11056287470202675,-0.07305214962196771,3.10374669168649,0.265,True
3682,0.3,0.05,0.2,0.35,0.1,0.8237530749607358,0.221711991787789,0.10362353201980984,-0.0686003532202808,3.231936591869366,0.265,True
3683,0.25,0.1,0.15,0.4,0.1,0.7672148046664709,0.20895734448850112,0.09347841354395679,-0.05631194382446558,3.7107109131209994,0.265,True
3684,0.25,0.15,0.1,0.4,0.1,0.7333876270335022,0.20119560138078918,0.09039810346233183,-0.05614505174012263,3.583496588658585,0.265,True
3685,0.3,0.1,0.2,0.35,0.05,0.7125613356055114,0.19636659972292914,0.08616088339705304,-0.05637319596396406,3.4833327499908697,0.265,True
3686,0.2,0.1,0.3,0.35,0.05,0.7100696323434215,0.19578622978829063,0.08292506245594404,-0.06390206867754333,3.0638480700249136,0.265,True
3687,0.15,0.25,0.1,0.4,0.1,0.6633633796483098,0.18480144744421434,0.08019497078664335,-0.041608980585715716,4.441383683109418,0.265,True
3688,0.1,0.25,0.15,0.4,0.1,0.6612623660585144,0.18430250558956462,0.080086875119449,-0.046440615677751484,3.9685629249282166,0.265,True
3689,0.2,0.3,0.1,0.35,0.05,0.577396578597912,0.16403288020159157,0.06568905862500748,-0.047431616859483494,3.458302521871438,0.265,True
3690,0.1,0.3,0.2,0.35,0.05,0.575389718698283,0.1635391321784332,0.06281470733526963,-0.03506557676719724,4.663808419983526,0.265,True
3691,0.2,0.25,0.2,0.35,0.0,0.5334091224849038,0.1531130784336998,0.061160649092281194,-0.04457302333572821,3.4351064158344764,0.265,True
3692,0.15,0.3,0.25,0.3,0.0,0.5205236906432178,0.14987480799888275,0.060797880693385896,-0.04234259505050508,3.5395754043916345,0.265,True
3693,0.4,0.1,0.25,0.1,0.15,0.9708981009643542,0.2537154729924411,0.14200717982365882,-0.09978740502279793,2.5425600849573753,0.26500000000000007,True
3694,0.4,0.05,0.2,0.2,0.15,0.965224708856276,0.25251161705854774,0.13727632700906678,-0.0943618122032458,2.675993722064846,0.26500000000000007,True
3695,0.2,0.05,0.2,0.4,0.15,0.8713509266794106,0.23224685705484727,0.11516100843874225,-0.08485533632396391,2.73697409162538,0.26500000000000007,True
3696,0.25,0.1,0.1,0.4,0.15,0.8406110443511319,0.22546391742176852,0.11282422347236173,-0.06785277253260513,3.3228401582769056,0.26500000000000007,True
3697,0.2,0.2,0.05,0.4,0.15,0.7704952076988645,0.2097047562961114,0.10599284299014892,-0.05673366049217876,3.6963022388626072,0.26500000000000007,True
3698,0.2,0.15,0.2,0.4,0.05,0.6565263938508168,0.18317627727466745,0.0718338743557183,-0.038525557596244986,4.754669074342517,0.26500000000000007,True
3699,0.2,0.2,0.15,0.4,0.05,0.6233108526141025,0.17521655243232548,0.0676875925297103,-0.03992105169267912,4.389076564945742,0.26500000000000007,True
3700,0.15,0.2,0.2,0.4,0.05,0.6222685775112511,0.17496503318520173,0.06621075403392056,-0.035104643727985496,4.984099384142709,0.26500000000000007,True
3701,0.15,0.25,0.25,0.35,0.0,0.533269915140852,0.1530781910166048,0.05948803881600619,-0.04000412265848463,3.826560385374127,0.26999999999999996,True
3702,0.35,0.0,0.25,0.15,0.25,1.155183925897242,0.29162395270270425,0.17837110056945032,-0.13619040417660133,2.141295889867164,0.27,True
3703,0.4,0.05,0.15,0.15,0.25,1.1259064220341046,0.2857498335727935,0.17675456058566824,-0.12084393808329119,2.3646186817897443,0.27,True
3704,0.35,0.0,0.15,0.25,0.25,1.116023757785268,0.2837548454848533,0.17127660181335716,-0.12063027690961037,2.3522688727430676,0.27,True
3705,0.4,0.15,0.15,0.05,0.25,1.0950956576763473,0.27950954436665043,0.17814419778357932,-0.11907340525665688,2.347371722209349,0.27,True
3706,0.4,0.05,0.25,0.15,0.15,0.985739859054275,0.25685390514116313,0.14127781082828214,-0.1005240162361245,2.5551496523759027,0.27,True
3707,0.35,0.0,0.25,0.25,0.15,0.9766322291119216,0.25492987123167565,0.13449514774739157,-0.09878138964213445,2.580747974443733,0.27,True
3708,0.4,0.05,0.15,0.25,0.15,0.9446653632714299,0.2481295467225335,0.13366970679062382,-0.08969221268934058,2.766455852549419,0.27,True
3709,0.25,0.0,0.25,0.35,0.15,0.9290371836964861,0.24477780899566248,0.12372648479915976,-0.09719527051893906,2.5184127549494923,0.27,True
3710,0.25,0.05,0.15,0.4,0.15,0.8747305654374649,0.2329880497747876,0.1157953508944373,-0.07643552013274446,3.048164640865407,0.27,True
3711,0.25,0.15,0.05,0.4,0.15,0.8067371481071659,0.2179013875830662,0.11042058124000234,-0.06374263738099117,3.418455786205781,0.27,True
3712,0.25,0.15,0.15,0.4,0.05,0.6574460347293396,0.18339513842209798,0.0744925467615596,-0.0489481889365293,3.7467195907882287,0.27,True
3713,0.15,0.15,0.25,0.4,0.05,0.6552420896094528,0.1828704959459413,0.07147766357549867,-0.04782089176764748,3.82407122047146,0.27,True
3714,0.15,0.25,0.15,0.4,0.05,0.5895558147565745,0.16701549805318816,0.061715790279760784,-0.03167494383063707,5.2727953977189115,0.27,True
3715,0.35,0.0,0.2,0.15,0.3,1.218499311662593,0.3041477220788744,0.19713788880074254,-0.14527021567014076,2.0936688272666326,0.27499999999999997,True
3716,0.35,0.0,0.3,0.15,0.2,1.0880133671746988,0.27806648849674653,0.1604011940744839,-0.12731385452884003,2.1841023471153878,0.27499999999999997,True
3717,0.3,0.0,0.35,0.15,0.2,1.082680628371965,0.2769777582413744,0.16027585750995446,-0.13867906785694273,1.9972571385257403,0.27499999999999997,True
3718,0.35,0.0,0.3,0.2,0.15,0.9969857710499976,0.2592215614025002,0.1390106410836125,-0.10929783658368275,2.3716989238302983,0.27499999999999997,True
3719,0.3,0.0,0.35,0.2,0.15,0.9929684568171857,0.25837679985325934,0.1385303860141139,-0.11879731191376619,2.1749380999530743,0.27499999999999997,True
3720,0.35,0.0,0.2,0.3,0.15,0.9562342288919621,0.25059914270624706,0.13034915281686507,-0.09092050269668661,2.756244579314007,0.27499999999999997,True
3721,0.3,0.05,0.3,0.3,0.05,0.7675253142784679,0.209028131066618,0.09560348973870249,-0.0705464871009236,2.962984262668997,0.27499999999999997,True
3722,0.15,0.3,0.2,0.35,0.0,0.5009063669616576,0.1449094088868359,0.054601206166417025,-0.037164213186566375,3.8991652577005405,0.27499999999999997,True
3723,0.35,0.0,0.15,0.2,0.3,1.199387371232707,0.3003927785945999,0.19388042602233352,-0.13923953276872691,2.1573814032652936,0.275,True
3724,0.4,0.05,0.2,0.1,0.25,1.1456284559355283,0.2897126630801785,0.18009148586672316,-0.12722815318624592,2.2771112825639763,0.275,True
3725,0.4,0.1,0.2,0.05,0.25,1.1300822670334698,0.2865909424204025,0.1807755227612222,-0.12640246648072706,2.2672891629381287,0.275,True
3726,0.4,0.05,0.1,0.2,0.25,1.1061307481035367,0.28175153719271817,0.1737434426752822,-0.11436431947682668,2.4636314759850313,0.275,True
3727,0.4,0.05,0.25,0.1,0.2,1.077674336564947,0.27595398250290537,0.16214711441674,-0.11636366850017488,2.3714788821950097,0.275,True
3728,0.4,0.1,0.05,0.2,0.25,1.0710784122636756,0.27460261624574533,0.17172734732044698,-0.10852919943124384,2.530218758498384,0.275,True
3729,0.4,0.1,0.25,0.05,0.2,1.0624160930310893,0.2728235232225944,0.16285212290370907,-0.11570743823232477,2.3578736802970433,0.275,True
3730,0.35,0.0,0.15,0.3,0.2,1.0280094976149758,0.26570738401837657,0.14870385493003815,-0.1010122687555296,2.630446650608778,0.275,True
3731,0.4,0.05,0.1,0.25,0.2,1.017175096996605,0.26344990886523734,0.15176279577597787,-0.09836427337682674,2.6783089003868197,0.275,True
3732,0.3,0.0,0.15,0.35,0.2,1.0036724755040018,0.2606251338169665,0.1436359482154524,-0.09980168360669872,2.61143023242018,0.275,True
3733,0.25,0.05,0.1,0.4,0.2,0.9451486473101256,0.24823290872882153,0.1362753085061924,-0.09077173381638748,2.7346939216887227,0.275,True
3734,0.3,0.0,0.2,0.35,0.15,0.9325928619403461,0.24554197319535653,0.12454277362979538,-0.08667505291626365,2.8329024896307065,0.275,True
3735,0.25,0.1,0.05,0.4,0.2,0.9110498271706511,0.24089761722099134,0.13391779240343593,-0.08260757547377884,2.9161685939742497,0.275,True
3736,0.25,0.05,0.2,0.4,0.1,0.8012964337615043,0.21667792907687256,0.09720652423352846,-0.06411715600388723,3.3794064269434534,0.275,True
3737,0.2,0.05,0.25,0.4,0.1,0.7989127485596905,0.2161411313084871,0.09658751851226485,-0.07408008802629207,2.9176683919675632,0.275,True
3738,0.25,0.1,0.2,0.4,0.05,0.6911679008131648,0.19136515122016906,0.07829486942204945,-0.04483285654449676,4.268413078480478,0.2750000000000001,True
3739,0.2,0.1,0.25,0.4,0.05,0.6900039488001897,0.1910918304822702,0.076728299151076,-0.05219737114691547,3.6609474056542113,0.2750000000000001,True
3740,0.2,0.25,0.1,0.4,0.05,0.5903577732914118,0.16721168016051036,0.06446096013426414,-0.04456099324136231,3.7524226458512033,0.2750000000000001,True
3741,0.1,0.25,0.2,0.4,0.05,0.5883926979183591,0.1667308489465773,0.061715383672614706,-0.0346410405588401,4.8131016348476585,0.2750000000000001,True
3742,0.35,0.05,0.3,0.05,0.25,1.1589626978713565,0.29237822547178816,0.18300918794990378,-0.14540973871872787,2.0107196948984796,0.27999999999999997,True
3743,0.35,0.05,0.05,0.25,0.3,1.1454204048866243,0.2896709855415125,0.18885213507356685,-0.12609909741983716,2.297169380817021,0.27999999999999997,True
3744,0.35,0.05,0.05,0.3,0.25,1.0614643135500543,0.27262774033067494,0.16608819826118645,-0.10668348969898345,2.555482025381034,0.27999999999999997,True
3745,0.35,0.05,0.1,0.35,0.15,0.9008386095777732,0.23868403143933659,0.12392164929749543,-0.08001233240508476,2.983090534480761,0.27999999999999997,True
3746,0.35,0.05,0.15,0.35,0.1,0.8256807424833854,0.22214218309714928,0.10664306999981948,-0.07241339047676176,3.0676948232169448,0.27999999999999997,True
3747,0.3,0.05,0.25,0.35,0.05,0.7468769797533719,0.20430277497674232,0.09023575053057105,-0.05906380225450436,3.4590183357381408,0.27999999999999997,True
3748,0.25,0.05,0.3,0.35,0.05,0.7455671396673345,0.20400176568321204,0.08858946378779999,-0.06801779991603107,2.9992408742278505,0.27999999999999997,True
3749,0.15,0.35,0.1,0.35,0.05,0.5442978811376533,0.1558354451788333,0.059568900999602506,-0.03935470316662737,3.9597667531381897,0.27999999999999997,True
3750,0.1,0.35,0.15,0.35,0.05,0.5433516735734554,0.15559938662118733,0.058201314031890855,-0.028593496974662624,5.441775336506327,0.27999999999999997,True
3751,0.4,0.1,0.1,0.1,0.3,1.1747685485012322,0.2955236921784423,0.19657126151316887,-0.13265093746419376,2.22782965448859,0.28,True
3752,0.3,0.0,0.1,0.3,0.3,1.1543305687979655,0.29145349384919816,0.18696916380318307,-0.13206478677795275,2.2068978488507596,0.28,True
3753,0.4,0.0,0.2,0.2,0.2,1.0727719756017735,0.2749498652625353,0.1576847209120517,-0.11105549792721325,2.4757879654255373,0.28,True
3754,0.3,0.0,0.3,0.3,0.1,0.8788897188142175,0.2338989770127784,0.11267486229752388,-0.08999834805509299,2.598925225489648,0.28,True
3755,0.3,0.1,0.1,0.4,0.1,0.7689853406083833,0.20936086076529148,0.09657186504808885,-0.06512766055175867,3.2146227730521177,0.28,True
3756,0.15,0.15,0.15,0.45,0.1,0.7097459426996078,0.19571079431227,0.08287212694025602,-0.04844479461017981,4.039872516481779,0.28,True
3757,0.2,0.2,0.2,0.4,0.0,0.5461918842211473,0.15630766890394843,0.05991119345407726,-0.042240168219916385,3.700450909431957,0.28,True
3758,0.35,0.0,0.1,0.25,0.3,1.180217018814873,0.29660443959524585,0.19092028413891027,-0.13312192032478432,2.228066113166073,0.285,True
3759,0.35,0.0,0.3,0.1,0.25,1.1746827290522144,0.2955066547744407,0.18237262960488837,-0.146536015584683,2.016614506647806,0.285,True
3760,0.35,0.1,0.0,0.25,0.3,1.1108435289903804,0.2827066435791046,0.1871269363647792,-0.11886957815583465,2.3782926461510967,0.285,True
3761,0.35,0.0,0.1,0.3,0.25,1.096363245857777,0.2797674791718616,0.1682196148141382,-0.11419647333497229,2.449878450722556,0.285,True
3762,0.35,0.1,0.0,0.3,0.25,1.0267947405243425,0.2654546759051928,0.1643495320009422,-0.09894274827001126,2.682911891438232,0.285,True
3763,0.3,0.1,0.0,0.35,0.25,1.0024346142918765,0.26036553642718774,0.159735825244872,-0.09782257956614027,2.661609799925059,0.285,True
3764,0.35,0.0,0.3,0.25,0.1,0.902047546861205,0.23894651776134834,0.11908329725346503,-0.09235964756061543,2.587131112692134,0.285,True
3765,0.3,0.0,0.35,0.25,0.1,0.8993214041915558,0.23835445592580196,0.11810286055078005,-0.10080754025524097,2.3644506682962136,0.285,True
3766,0.3,0.0,0.25,0.35,0.1,0.8584185631141197,0.22940237433447241,0.10761856392106536,-0.07903606012741216,2.9025026546700112,0.285,True
3767,0.25,0.0,0.3,0.35,0.1,0.8558723440923504,0.2288407778091588,0.10680481721039851,-0.08762075075328124,2.6117189802849197,0.285,True
3768,0.1,0.3,0.25,0.35,0.0,0.5006342312897727,0.14484022436859711,0.05458117911526255,-0.03256488704788185,4.44774226164614,0.285,True
3769,0.4,0.05,0.15,0.1,0.3,1.2097659527659088,0.30243455670166197,0.19884101247789834,-0.13957941341279967,2.1667561806355047,0.28500000000000003,True
3770,0.4,0.1,0.15,0.05,0.3,1.193948124840274,0.29932014937213225,0.19951421825924984,-0.1388594266013755,2.1555623316189556,0.28500000000000003,True
3771,0.4,0.05,0.1,0.15,0.3,1.1904815959522148,0.2986356182246772,0.19590877392476874,-0.1334204715823245,2.238304322289926,0.28500000000000003,True
3772,0.4,0.0,0.2,0.15,0.25,1.1612421277658735,0.2928327921600773,0.1794498804318217,-0.12804196985662986,2.287006303386036,0.28500000000000003,True
3773,0.4,0.1,0.05,0.15,0.3,1.1555311383448457,0.2916932958236358,0.19393318350072794,-0.12635099844053232,2.3085950995545366,0.28500000000000003,True
3774,0.4,0.0,0.15,0.2,0.25,1.1414125665353128,0.28886759437727205,0.17612459600506092,-0.12170997411820861,2.3734093813602706,0.28500000000000003,True
3775,0.4,0.0,0.25,0.15,0.2,1.0929994117453825,0.2790827619744789,0.16148881852002608,-0.11743022598934971,2.3765837085231376,0.28500000000000003,True
3776,0.4,0.0,0.15,0.25,0.2,1.05249509321721,0.2707797873146971,0.15422657327398545,-0.10511948679433125,2.5759237946479336,0.28500000000000003,True
3777,0.35,0.0,0.25,0.3,0.1,0.8813442323852729,0.2344359276736221,0.11427588657635367,-0.0814518609566145,2.8782145051111216,0.28500000000000003,True
3778,0.25,0.0,0.35,0.3,0.1,0.8760736306400203,0.23328235168552247,0.1124807536528664,-0.09848364361593043,2.3687420887399764,0.28500000000000003,True
3779,0.2,0.1,0.1,0.45,0.15,0.8179095861330976,0.22040606400535911,0.1078636913577195,-0.06668090502832558,3.305385011072243,0.28500000000000003,True
3780,0.3,0.05,0.15,0.4,0.1,0.8033189941916052,0.21713303147367702,0.09947237897202023,-0.06195553164136436,3.504659321310852,0.28500000000000003,True
3781,0.2,0.1,0.15,0.45,0.1,0.7452229765749527,0.20392264990948217,0.08743504875513775,-0.05170121000242034,3.9442529468833656,0.28500000000000003,True
3782,0.15,0.1,0.2,0.45,0.1,0.7429983292389621,0.2034109997041884,0.08708827427766147,-0.06087624380921308,3.3413855221041735,0.28500000000000003,True
3783,0.2,0.15,0.1,0.45,0.1,0.7117222750539145,0.1961712278377219,0.08408819150378592,-0.04468997981730538,4.3896020682864165,0.28500000000000003,True
3784,0.3,0.1,0.15,0.4,0.05,0.6919631149783643,0.1915518123444908,0.08188014248555495,-0.057866789336676105,3.31022015460403,0.28500000000000003,True
3785,0.15,0.2,0.1,0.45,0.1,0.6767458253129823,0.18796964607227595,0.07935605041091755,-0.0410313979683774,4.581117275534769,0.28500000000000003,True
3786,0.15,0.3,0.1,0.4,0.05,0.5571042495467944,0.15902091740705604,0.05820245249285524,-0.03642904346310283,4.36522352194398,0.28500000000000003,True
3787,0.1,0.3,0.15,0.4,0.05,0.5561791672806471,0.15879139787745777,0.056906154825972693,-0.0263715343502261,6.021318129185621,0.28500000000000003,True
3788,0.15,0.25,0.2,0.4,0.0,0.5135356690623867,0.14811097341129864,0.05318920409614314,-0.0348220085659271,4.253372493745906,0.28500000000000003,True
3789,0.4,0.05,0.3,0.1,0.15,1.006210387350663,0.26115703644812904,0.14564225091839503,-0.11039984218900822,2.365556247816183,0.2850000000000001,True
3790,0.4,0.0,0.25,0.2,0.15,1.0006475350734108,0.25999057127687686,0.14060157189482325,-0.10125008867039409,2.5678058626026576,0.2850000000000001,True
3791,0.4,0.0,0.2,0.25,0.15,0.9800195734330597,0.2556461542482402,0.1366098285599728,-0.0951372832659525,2.687129014747999,0.2850000000000001,True
3792,0.25,0.0,0.2,0.4,0.15,0.9090952631647684,0.2404745185665771,0.11928037321949111,-0.08575742426183264,2.804124781457588,0.2850000000000001,True
3793,0.2,0.0,0.25,0.4,0.15,0.9054570254157339,0.23968619027330562,0.11924310363582717,-0.09796096677326116,2.446751988759761,0.2850000000000001,True
3794,0.3,0.05,0.1,0.4,0.15,0.8777561230743935,0.23365083313679613,0.11780279553568695,-0.07303876936385234,3.19899739784543,0.2850000000000001,True
3795,0.3,0.1,0.05,0.4,0.15,0.8433791461421101,0.22607779620212942,0.11548939380863851,-0.07266885866200168,3.111068487447496,0.2850000000000001,True
3796,0.35,0.05,0.05,0.35,0.2,0.9729826284200944,0.25415721534462943,0.14333986779923996,-0.08797749891079587,2.888888846480283,0.2899999999999999,True
3797,0.35,0.0,0.35,0.15,0.15,1.0172944281914602,0.26347481690357055,0.14386174392317388,-0.11967155175633137,2.201649540235289,0.29,True
3798,0.35,0.0,0.15,0.35,0.15,0.9357921969049048,0.24622875353315354,0.1266082107032428,-0.08467214989045113,2.9080252934610074,0.29,True
3799,0.2,0.15,0.15,0.45,0.05,0.6365119175222465,0.17839292299221476,0.0667194943775246,-0.03716208797556586,4.800400965346953,0.29,True
3800,0.15,0.2,0.15,0.45,0.05,0.6026005091774642,0.17019844974763698,0.06064979767105916,-0.028716782735266122,5.926793795692926,0.29,True
3801,0.15,0.35,0.15,0.35,0.0,0.46881249651817836,0.13669188051964887,0.050826051420575426,-0.03998017235604401,3.418991776782184,0.29,True
3802,0.4,0.05,0.25,0.05,0.25,1.1652964232930536,0.2936405154560566,0.18373744614303755,-0.13425499622402648,2.1871850114692886,0.29000000000000004,True
3803,0.4,0.05,0.05,0.25,0.25,1.0863018606585468,0.2777172701010724,0.1710744691651101,-0.10824677474143862,2.565593947389526,0.29000000000000004,True
3804,0.45,0.05,0.15,0.15,0.2,1.0619210201215172,0.2727216932810981,0.1608067722477568,-0.10854055445991762,2.512624839979144,0.29000000000000004,True
3805,0.45,0.05,0.2,0.15,0.15,0.9890524414880693,0.25755224598752213,0.14394391295849737,-0.09913958107815213,2.597875068530829,0.29000000000000004,True
3806,0.2,0.05,0.15,0.45,0.15,0.8517032752920972,0.22792013371548547,0.11099970956665343,-0.07528176625642247,3.0275609227757867,0.29000000000000004,True
3807,0.2,0.15,0.05,0.45,0.15,0.7843606038762383,0.2128537093678753,0.10531439400743373,-0.05780271673695492,3.682417045145421,0.29000000000000004,True
3808,0.25,0.05,0.25,0.4,0.05,0.7251530449787753,0.19929089366457386,0.0828143794097853,-0.05647523434864976,3.528819241975197,0.29000000000000004,True
3809,0.15,0.15,0.2,0.45,0.05,0.6354903576281876,0.1781477318047231,0.06530534804904474,-0.03576967879783255,4.980411840195722,0.29000000000000004,True
3810,0.35,0.0,0.35,0.1,0.2,1.1079155849639735,0.2821134250915396,0.16494287978766,-0.1379475706005766,2.045077154047107,0.29499999999999993,True
3811,0.35,0.0,0.1,0.35,0.2,1.0079105574136138,0.2615131119317249,0.14552981895823133,-0.09494694541806803,2.7543077955824367,0.29499999999999993,True
3812,0.35,0.0,0.2,0.35,0.1,0.8606013952059821,0.2298834136090664,0.10988915271700525,-0.07400852219620346,3.106174894286149,0.295,True
3813,0.1,0.35,0.2,0.35,0.0,0.46877210957517623,0.13668146451819307,0.0492581685588689,-0.03210408897657713,4.257447224804127,0.295,True
3814,0.4,0.0,0.15,0.15,0.3,1.2256519149015097,0.305547454728603,0.19820668705439062,-0.14028926647644469,2.177981697408804,0.29500000000000004,True
3815,0.4,0.0,0.25,0.1,0.25,1.1810173071769299,0.29676303142639404,0.18308364352700934,-0.13546906633636802,2.19063317886561,0.29500000000000004,True
3816,0.4,0.05,0.05,0.2,0.3,1.1711390900455725,0.2948027580289516,0.19328083894865092,-0.12717146205365293,2.3181518342894885,0.29500000000000004,True
3817,0.4,0.0,0.1,0.25,0.25,1.1215290500000021,0.28486694923001643,0.17312453657350516,-0.11528404546330417,2.4710006322660827,0.29500000000000004,True
3818,0.4,0.05,0.3,0.05,0.2,1.0977422034804678,0.2800479578891639,0.1662863170243041,-0.1265438080864324,2.2130514493280034,0.29500000000000004,True
3819,0.45,0.05,0.2,0.1,0.2,1.0823147443574346,0.27690299137165497,0.16417789623742196,-0.11447568038717193,2.418880503135097,0.29500000000000004,True
3820,0.4,0.0,0.3,0.15,0.15,1.0212305595365585,0.2642958568193965,0.14495568731792563,-0.1115281073927129,2.369769047445211,0.29500000000000004,True
3821,0.3,0.0,0.4,0.15,0.15,1.0130045589637153,0.26257877325849766,0.1438484336560999,-0.1297288765225546,2.0240580223697986,0.29500000000000004,True
3822,0.4,0.0,0.15,0.3,0.15,0.9593471011302577,0.2512619816213377,0.13301239558713732,-0.08893948846421673,2.8250891247528216,0.29500000000000004,True
3823,0.3,0.05,0.05,0.4,0.2,0.9491994462262445,0.24909859777653454,0.13808427667195908,-0.08494838433708429,2.9323523892824683,0.29500000000000004,True
3824,0.3,0.0,0.15,0.4,0.15,0.9123799892181388,0.24118538847994375,0.12065879918862817,-0.08037559529817873,3.000729109192786,0.29500000000000004,True
3825,0.25,0.0,0.25,0.4,0.1,0.8356320661172316,0.22435818394335305,0.10149682532427373,-0.07660346684025654,2.928825459182073,0.29500000000000004,True
3826,0.2,0.05,0.2,0.45,0.1,0.7789772116178517,0.21163303786032572,0.09145304519598083,-0.06200354614629855,3.4132408711103963,0.29500000000000004,True
3827,0.25,0.1,0.1,0.45,0.1,0.7470887612974104,0.20435142954178143,0.08965366486111105,-0.053553656355970314,3.8158259108110317,0.29500000000000004,True
3828,0.3,0.05,0.2,0.4,0.05,0.7261948522743924,0.1995322043537564,0.08536271456958608,-0.05385792241610332,3.7047883654364098,0.29500000000000004,True
3829,0.2,0.05,0.3,0.4,0.05,0.7237430692608338,0.19896415044879623,0.0822177349133689,-0.06547099554197111,3.0389663209145406,0.29500000000000004,True
3830,0.2,0.1,0.2,0.45,0.05,0.6699057453693287,0.186352420815028,0.070999892181267,-0.04031729768297676,4.622145618001374,0.29500000000000004,True
3831,0.2,0.2,0.1,0.45,0.05,0.6033808980181001,0.17038831892765005,0.06334620341706294,-0.04168169381689746,4.087845366269061,0.29500000000000004,True
3832,0.1,0.25,0.25,0.4,0.0,0.5132882049034206,0.14804841195366136,0.05327263397337662,-0.030215098027187914,4.899815708704489,0.29500000000000004,True
3833,0.15,0.3,0.15,0.4,0.0,0.481263625483481,0.13989402936623807,0.049165509783873386,-0.035248011417277514,3.9688488439851737,0.29500000000000004,True
3834,0.25,0.1,0.15,0.45,0.05,0.6708042826231486,0.18656511696710276,0.07361198944187405,-0.04639495462817367,4.021237189739804,0.3,True
3835,0.15,0.1,0.25,0.45,0.05,0.6686413018513528,0.18605298032371742,0.07071092039073427,-0.049544687775240126,3.7552558847024784,0.3,True
3836,0.25,0.15,0.1,0.45,0.05,0.6371670017266997,0.17855010028549212,0.07054344148720748,-0.050486154951765116,3.5366151463917253,0.3,True
3837,0.15,0.25,0.1,0.45,0.05,0.5699722047005531,0.16220416297544382,0.05695896061579974,-0.03349440999085529,4.8427233983142,0.3,True
3838,0.1,0.25,0.15,0.45,0.05,0.5690683037127076,0.16198112728230973,0.05573948605185155,-0.0254386107661998,6.367530395863187,0.3,True
3839,0.4,0.0,0.1,0.2,0.3,1.2062625151774813,0.30174604175710473,0.19528565024784209,-0.13417909651450655,2.2488304780356154,0.30000000000000004,True
3840,0.45,0.05,0.15,0.1,0.25,1.1513436639762848,0.29085650210586267,0.18201609570223307,-0.12391009370025907,2.347318877907156,0.30000000000000004,True
3841,0.4,0.1,0.0,0.2,0.3,1.136236320885891,0.28782850524415204,0.19161167630778664,-0.11995757397910234,2.399419192107822,0.30000000000000004,True
3842,0.45,0.05,0.1,0.15,0.25,1.131344299577119,0.28684492771770564,0.17906613730167387,-0.11814363008021556,2.427933926890071,0.30000000000000004,True
3843,0.4,0.0,0.3,0.1,0.2,1.1131769751332472,0.28317902061204236,0.16561595987509134,-0.12753271093209073,2.220442257852034,0.30000000000000004,True
3844,0.4,0.0,0.1,0.3,0.2,1.0321691911064086,0.26657196883179624,0.15113731890955645,-0.09910244398740864,2.6898627128273978,0.30000000000000004,True
3845,0.45,0.05,0.25,0.1,0.15,1.0097982389672358,0.2619082235002146,0.14779304858325842,-0.10469553397255749,2.50161791589759,0.30000000000000004,True
3846,0.3,0.0,0.1,0.4,0.2,0.9837992161612219,0.2564444283519587,0.14038163080847035,-0.09301590969000784,2.7569953269994953,0.30000000000000004,True
3847,0.3,0.1,0.0,0.4,0.2,0.91483773888305,0.24171675452956576,0.1362634377471877,-0.08050693746459336,3.002433854049806,0.30000000000000004,True
3848,0.4,0.0,0.2,0.3,0.1,0.883432527442775,0.23489239655897443,0.11720346324057769,-0.07954643413992757,2.9528966206804794,0.30000000000000004,True
3849,0.25,0.05,0.1,0.45,0.15,0.8548145798909323,0.2286073252780303,0.11223186005037325,-0.06919999770976315,3.3035741740462083,0.30000000000000004,True
3850,0.3,0.0,0.2,0.4,0.1,0.8379083636060078,0.2248639528089602,0.10298812082693194,-0.06959318912535828,3.2311201086634003,0.30000000000000004,True
3851,0.25,0.1,0.05,0.45,0.15,0.8207648623965254,0.221044522430627,0.10976779475060695,-0.06099334497257147,3.6240760779726062,0.30000000000000004,True
3852,0.25,0.05,0.15,0.45,0.1,0.7810935933179388,0.21211321582759446,0.0928149990846692,-0.057416166111978084,3.6943117277094486,0.30000000000000004,True
3853,0.1,0.3,0.2,0.4,0.0,0.4812487645388075,0.13989021818448122,0.04767067110091248,-0.028116453164743316,4.975386381945816,0.30000000000000004,True
3854,0.35,0.0,0.05,0.3,0.3,1.1609886809238477,0.2927822652815846,0.1882704083083875,-0.126915485118822,2.3069073486775333,0.30499999999999994,True
3855,0.35,0.0,0.3,0.3,0.05,0.803646300791377,0.21720664771647957,0.10236080033864466,-0.07452914480328854,2.914385349379395,0.305,True
3856,0.3,0.0,0.3,0.35,0.05,0.7814563717218539,0.21219548706966274,0.09489561062281017,-0.07204248563216709,2.9454215135369664,0.305,True
3857,0.1,0.35,0.1,0.4,0.05,0.5242255698187133,0.1508070037648226,0.053134362979123224,-0.0281910123830319,5.349471019905371,0.305,True
3858,0.45,0.0,0.2,0.15,0.2,1.0976341181736324,0.2800259778776477,0.16350096792728402,-0.11508870343117639,2.433131745593994,0.30500000000000005,True
3859,0.45,0.0,0.15,0.2,0.2,1.0771294717240951,0.27584245962610376,0.1601401696157012,-0.10919955965654904,2.5260400361839794,0.30500000000000005,True
3860,0.45,0.0,0.2,0.2,0.15,1.0039491049770137,0.2606831323970842,0.14324703029264915,-0.09932568404845366,2.624528941274808,0.30500000000000005,True
3861,0.2,0.0,0.2,0.45,0.15,0.8857412231518687,0.23539664902303326,0.11466271513392863,-0.0865293053272429,2.7204268904366313,0.30500000000000005,True
3862,0.15,0.2,0.2,0.45,0.0,0.5262263058948731,0.15131019466708584,0.051909118396691274,-0.03247788811578112,4.658868031310314,0.30500000000000005,True
3863,0.35,0.0,0.35,0.05,0.25,1.1941267762535164,0.2993554078984413,0.18665321304281002,-0.15673364474035312,1.9099626528455784,0.30999999999999994,True
3864,0.35,0.0,0.05,0.35,0.25,1.0766496840356017,0.27574424058294733,0.16551298946705192,-0.10766651534810856,2.561095617253034,0.30999999999999994,True
3865,0.35,0.05,0.0,0.35,0.25,1.041806006313828,0.2685704400657618,0.16373824380275193,-0.09999830536690335,2.6857499142645582,0.30999999999999994,True
3866,0.45,0.0,0.15,0.15,0.25,1.1669560351426753,0.2939708633266953,0.18135677788162607,-0.12444745336157725,2.3622087506489535,0.31,True
3867,0.45,0.0,0.15,0.25,0.15,0.9830449113076334,0.2562851975062084,0.13979024914010416,-0.09803122992196156,2.6143219636255304,0.31,True
3868,0.25,0.0,0.15,0.45,0.15,0.8891102686566021,0.23613175911673423,0.11525866839188684,-0.07769590875723631,3.039178804826603,0.31,True
3869,0.35,0.0,0.25,0.35,0.05,0.7826449450133752,0.2124649546592261,0.09736663431821949,-0.06320278878461316,3.3616389204482555,0.31,True
3870,0.25,0.05,0.2,0.45,0.05,0.7047056362316659,0.19453492654470805,0.07752638899647255,-0.045766189102317,4.250625414971669,0.31,True
3871,0.2,0.05,0.25,0.45,0.05,0.7035619333579715,0.19426778618976615,0.0760120667543958,-0.05386798338087695,3.606368272897532,0.31,True
3872,0.05,0.35,0.15,0.4,0.05,0.5231791563102441,0.15054365233333922,0.05364658890603288,-0.025951248280033812,5.801017766423337,0.31,True
3873,0.15,0.25,0.15,0.45,0.0,0.4937756899117003,0.14309382181940267,0.04763762025430087,-0.030560124479843798,4.682370384773186,0.31,True
3874,0.45,0.05,0.2,0.05,0.25,1.171288909450988,0.29483253316252567,0.18528412299123295,-0.12960049206065494,2.2749337481260463,0.31000000000000005,True
3875,0.45,0.05,0.25,0.05,0.2,1.1026588587326636,0.28104700168215135,0.16788711727414637,-0.12033111699618682,2.3356136691647054,0.31000000000000005,True
3876,0.45,0.0,0.25,0.15,0.15,1.0248083090886038,0.2650412173065986,0.14708693929302963,-0.10538943834282966,2.5148745592933612,0.31000000000000005,True
3877,0.25,0.05,0.05,0.45,0.2,0.9255618032541348,0.24402999380202806,0.13336409546300382,-0.0838116612308244,2.9116472602774075,0.31000000000000005,True
3878,0.4,0.0,0.3,0.05,0.25,1.200737678253724,0.3006587874849185,0.18700902122331595,-0.1458200825231022,2.061847602076931,0.315,True
3879,0.45,0.0,0.2,0.1,0.25,1.187009403136567,0.29794924419191204,0.18461374612142958,-0.13009544200466117,2.2902358422460094,0.315,True
3880,0.35,0.0,0.1,0.4,0.15,0.9153065596654535,0.24181806204032052,0.12330870613412968,-0.07833601440469862,3.08693343512529,0.315,True
3881,0.4,0.0,0.15,0.35,0.1,0.8624161964575556,0.23028306210142668,0.11350652183518233,-0.08094326885645131,2.844993355899942,0.315,True
3882,0.3,0.0,0.25,0.4,0.05,0.7606911320213181,0.207468227917055,0.08952686649759833,-0.06065777744746281,3.4203071171994113,0.315,True
3883,0.25,0.0,0.3,0.4,0.05,0.7594010190247928,0.20717330666299727,0.08792254970929268,-0.06953820814425293,2.9792730096413815,0.315,True
3884,0.15,0.1,0.15,0.5,0.1,0.7233668143203402,0.19887692822570457,0.0822277438462557,-0.04999144131957023,3.9782195307069474,0.315,True
3885,0.15,0.15,0.1,0.5,0.1,0.6901910451059574,0.19113577314621266,0.07861441522455904,-0.04192699227141383,4.558776167603384,0.315,True
3886,0.1,0.3,0.1,0.45,0.05,0.5369391678979458,0.153997055130898,0.05175546894809007,-0.025059682939193695,6.145211633545629,0.315,True
3887,0.1,0.35,0.15,0.4,0.0,0.4494780839696826,0.131683438157995,0.0432062325025474,-0.03346185877871366,3.935329445648242,0.315,True
3888,0.4,0.0,0.05,0.25,0.3,1.1868146510849416,0.2979107246011343,0.1926683217384691,-0.12798021004705473,2.327787432850758,0.31500000000000006,True
3889,0.45,0.1,0.05,0.1,0.3,1.1813001941564667,0.29681908139328517,0.19876338947875843,-0.12743115772876257,2.3292504492901576,0.31500000000000006,True
3890,0.4,0.05,0.0,0.25,0.3,1.151738861560771,0.29093552183425797,0.19096887235049576,-0.12083039456369504,2.407800809430387,0.31500000000000006,True
3891,0.45,0.0,0.1,0.2,0.25,1.146848232948698,0.28995695903164664,0.17841730621523136,-0.11872448918881018,2.442267480052255,0.31500000000000006,True
3892,0.45,0.0,0.25,0.1,0.2,1.1180888394868607,0.2841722308556247,0.16719930387493637,-0.12089932526842051,2.350486491340675,0.31500000000000006,True
3893,0.4,0.0,0.05,0.3,0.25,1.1015920046746825,0.280830353821343,0.1704660092283136,-0.10890265202325944,2.5787283285017084,0.31500000000000006,True
3894,0.4,0.05,0.0,0.3,0.25,1.0664201862139122,0.27364651382397187,0.16876318139890067,-0.10734238731297896,2.5492866394530505,0.31500000000000006,True
3895,0.45,0.0,0.1,0.25,0.2,1.056575326653006,0.27162111514974097,0.1571378122714624,-0.1060559157806813,2.5611123448449664,0.31500000000000006,True
3896,0.4,0.0,0.35,0.1,0.15,1.0417682203077483,0.2685626163430417,0.1496413904241177,-0.12185242199633084,2.2039990009482824,0.31500000000000006,True
3897,0.35,0.0,0.4,0.1,0.15,1.0375577740215558,0.26769022354352434,0.1490167815014094,-0.1299054213592753,2.0606547497596885,0.31500000000000006,True
3898,0.3,0.05,0.0,0.4,0.25,1.0173421709506671,0.2634847819897712,0.15915999925245566,-0.09888647001059203,2.6645180272038083,0.31500000000000006,True
3899,0.25,0.0,0.1,0.45,0.2,0.9598349579358383,0.25136579967033446,0.13576618668833978,-0.09189623806136549,2.7353219780605174,0.31500000000000006,True
3900,0.4,0.0,0.1,0.35,0.15,0.9386305446797694,0.24683740986728964,0.1298416141699021,-0.0885926771497112,2.786205562454823,0.31500000000000006,True
3901,0.25,0.1,0.0,0.45,0.2,0.891525793223978,0.2366582775150723,0.13145316647348199,-0.07547442827405693,3.1356087475845063,0.31500000000000006,True
3902,0.35,0.0,0.15,0.4,0.1,0.8398194618381094,0.22528825589924772,0.10597514872005927,-0.06991110794808919,3.222495859549674,0.31500000000000006,True
3903,0.25,0.0,0.2,0.45,0.1,0.8153532232294434,0.2198338770418975,0.09661675958214663,-0.065428476848299,3.3599112745907167,0.31500000000000006,True
3904,0.2,0.0,0.25,0.45,0.1,0.8129845319812132,0.21930321663746577,0.09604297679707095,-0.07587698883073768,2.89024670083674,0.31500000000000006,True
3905,0.3,0.05,0.1,0.45,0.1,0.7828470379195378,0.21251076026906301,0.09587062545767584,-0.06258760007772379,3.3954131490128816,0.31500000000000006,True
3906,0.1,0.25,0.2,0.45,0.0,0.4937864109456178,0.14309655590301285,0.04622415126495703,-0.02554803252258886,5.601079291585012,0.31500000000000006,True
3907,0.45,0.05,0.05,0.15,0.3,1.1970154871583554,0.2999252564853552,0.19808349290174315,-0.12824387057301034,2.3387102646329216,0.32,True
3908,0.3,0.05,0.05,0.45,0.15,0.8575699910418781,0.2292152694875973,0.11486163898765148,-0.07009124965683688,3.270240873287655,0.32,True
3909,0.2,0.1,0.1,0.5,0.1,0.7253267761858875,0.19933114125038998,0.0833878755272174,-0.044782779923444926,4.451066717857661,0.32,True
3910,0.3,0.05,0.15,0.45,0.05,0.7054793583562773,0.1947155809018395,0.0810744650854115,-0.05536329326534872,3.517051992709217,0.32,True
3911,0.15,0.15,0.15,0.5,0.05,0.6157073264449735,0.17337920912439442,0.05970646764840394,-0.02642482714566341,6.561223964443141,0.32,True
3912,0.15,0.3,0.05,0.45,0.05,0.5376058923988205,0.15416386099408008,0.05446355862022249,-0.038219877205173725,4.033604298791712,0.32,True
3913,0.45,0.0,0.3,0.1,0.15,1.045622097127679,0.2693600781485961,0.15128139041542396,-0.11374357177969385,2.3681345146283137,0.325,True
3914,0.3,0.0,0.1,0.45,0.15,0.89212399013891,0.23678859884363512,0.11723069846110208,-0.07398733194056206,3.200393805710685,0.325,True
3915,0.2,0.05,0.1,0.5,0.15,0.8320137706139972,0.22355337617508297,0.10732156666203078,-0.06803724735396255,3.285749863042674,0.325,True
3916,0.3,0.0,0.15,0.45,0.1,0.8173595468046297,0.22028299482675906,0.09884315131753707,-0.06300530109270952,3.4962612828819335,0.325,True
3917,0.2,0.1,0.05,0.5,0.15,0.7982897687521768,0.216000760221158,0.10470935996226165,-0.05925116020026033,3.6455110666374586,0.325,True
3918,0.2,0.05,0.15,0.5,0.1,0.7590043304490113,0.20708259423429065,0.08682184472352618,-0.05284443455720522,3.9187209773267484,0.325,True
3919,0.15,0.05,0.2,0.5,0.1,0.7567951991163633,0.20657717332543202,0.08653062957773297,-0.06280649140859862,3.2891054521977368,0.325,True
3920,0.15,0.2,0.05,0.5,0.1,0.65726833967457,0.1833528558966857,0.07580968919554933,-0.040109703913355776,4.571284203263158,0.325,True
3921,0.2,0.1,0.15,0.5,0.05,0.6497754485655902,0.18156716508127935,0.06586308763251558,-0.03466780866612573,5.237341847299696,0.325,True
3922,0.15,0.1,0.2,0.5,0.05,0.6487746598605866,0.18132825004056774,0.06451546212996642,-0.03760097939565987,4.822434227909971,0.325,True
3923,0.2,0.15,0.1,0.5,0.05,0.6164660896111509,0.1735628179808264,0.06234771905727034,-0.03879367919559085,4.473997351624049,0.325,True
3924,0.15,0.2,0.1,0.5,0.05,0.5829018834320832,0.16538520426274617,0.05584299568542469,-0.030550761399098736,5.413456054408684,0.325,True
3925,0.1,0.2,0.15,0.5,0.05,0.5820192197028071,0.1651685979016677,0.0547058652104466,-0.024596925014593762,6.715010018677963,0.325,True
3926,0.1,0.3,0.15,0.45,0.0,0.4618383588865518,0.13489037623609934,0.04143804700344298,-0.028734891792002948,4.694306044807865,0.325,True
3927,0.05,0.35,0.2,0.4,0.0,0.4493294167743267,0.1316447549060742,0.0439031981996734,-0.02824025324324908,4.661599659611561,0.325,True
3928,0.4,0.0,0.35,0.05,0.2,1.1333042392506498,0.2872391688082814,0.17004372057035733,-0.1375018393182812,2.0889841927379385,0.32500000000000007,True
3929,0.35,0.0,0.4,0.05,0.2,1.127767555863362,0.2861248436172896,0.1697664175607599,-0.14842593189211495,1.9277281265463955,0.32500000000000007,True
3930,0.4,0.0,0.05,0.35,0.2,1.0117946957841242,0.26232583373693275,0.1484393924838277,-0.09653551681076,2.7174022826352497,0.32500000000000007,True
3931,0.35,0.0,0.05,0.4,0.2,0.9877635028960889,0.2572806111014905,0.14275966783743443,-0.08879797502927367,2.8973702499034895,0.32500000000000007,True
3932,0.45,0.0,0.25,0.05,0.25,1.2070079104156148,0.3018925919705655,0.18817265684708967,-0.13566991889124536,2.225199177811599,0.33,True
3933,0.45,0.05,0.25,0.0,0.25,1.1911796094864386,0.2987735121344819,0.18885464345486774,-0.1352163203618867,2.209596528990423,0.33,True
3934,0.45,0.0,0.05,0.25,0.25,1.126686423069383,0.2859070268865773,0.17581043528750145,-0.11439054244899505,2.4993939251058173,0.33,True
3935,0.25,0.0,0.25,0.45,0.05,0.7388706143508643,0.20246050532895565,0.08214562586952387,-0.058094602796632366,3.485014021658685,0.33,True
3936,0.45,0.0,0.3,0.05,0.2,1.1384932091490305,0.28828176334188194,0.17121418835068172,-0.1296426057421003,2.223665296541205,0.33499999999999996,True
3937,0.5,0.05,0.2,0.05,0.2,1.1072225871600612,0.2819729393118682,0.17035516513772228,-0.11851267661130094,2.379263951962589,0.33499999999999996,True
3938,0.15,0.2,0.15,0.5,0.0,0.5063488266360037,0.14629128197722974,0.04625086014838602,-0.027323218401677285,5.354101402939025,0.33499999999999996,True
3939,0.45,0.0,0.05,0.2,0.3,1.212798595954291,0.30302996108746205,0.1974424106748779,-0.12904497823708072,2.348250704732865,0.335,True
3940,0.45,0.05,0.0,0.2,0.3,1.1773945677159103,0.29604480906379327,0.19580090531673677,-0.1255961843145117,2.3571162665455874,0.335,True
3941,0.2,0.0,0.15,0.5,0.15,0.8659828258068605,0.23106773544015224,0.11051509244094569,-0.07655099343114358,3.0184812121085542,0.335,True
3942,0.2,0.15,0.0,0.5,0.15,0.7648112684227846,0.20840913190537025,0.10273639425514224,-0.05478320042800289,3.8042525861420864,0.335,True
3943,0.25,0.05,0.1,0.5,0.1,0.7608533562667865,0.207505302359567,0.08899336620418899,-0.050954339473683885,4.072377436405316,0.335,True
3944,0.3,0.0,0.2,0.45,0.05,0.7398917840912953,0.20269579136625415,0.08465151034671084,-0.05159503891301853,3.9285907257085073,0.335,True
3945,0.2,0.0,0.3,0.45,0.05,0.7374800332867935,0.20213995564541376,0.08160196754846494,-0.06701612443163507,3.0162883538814915,0.335,True
3946,0.2,0.05,0.2,0.5,0.05,0.6833479622918712,0.18952644710222555,0.07027148573988881,-0.04209246722928972,4.50262148022402,0.335,True
3947,0.25,0.1,0.1,0.5,0.05,0.6504085186796846,0.18171824596308173,0.06964640559409786,-0.047945035526071544,3.7901368508584588,0.335,True
3948,0.1,0.25,0.1,0.5,0.05,0.5497141462663808,0.15718483497858649,0.05051427644654108,-0.023679359267179012,6.638052711014606,0.335,True
3949,0.05,0.3,0.2,0.45,0.0,0.4617148852538824,0.1348584299273312,0.04230384447647121,-0.02426308323006654,5.5581736520697484,0.335,True
3950,0.45,0.05,0.3,0.0,0.2,1.1229529367324096,0.28515427008001293,0.17191343941322648,-0.12867160793527754,2.216139789155716,0.3350000000000001,True
3951,0.5,0.0,0.15,0.15,0.2,1.1019128425490456,0.28089551462062246,0.16638771761169335,-0.11534664747459189,2.435229118232474,0.3350000000000001,True
3952,0.5,0.0,0.2,0.15,0.15,1.0280230329372309,0.26571019922731964,0.15019452555945573,-0.10724627334566839,2.4775704641120897,0.3350000000000001,True
3953,0.3,0.0,0.05,0.45,0.2,0.9638783213976128,0.25222558251033855,0.13754357303898784,-0.08612565783618797,2.928576557175036,0.3350000000000001,True
3954,0.3,0.05,0.0,0.45,0.2,0.9293414250267911,0.24484323136780883,0.13567762175727785,-0.07789076346990953,3.1434180441997563,0.3350000000000001,True
3955,0.4,0.0,0.0,0.3,0.3,1.1673087491386114,0.2940410497637296,0.19036633333482536,-0.12169066076779345,2.4162992287864236,0.33999999999999997,True
3956,0.5,0.05,0.15,0.05,0.25,1.1769355124347585,0.29595374268512775,0.18761304166432854,-0.12784543050791897,2.314934069284517,0.34,True
3957,0.25,0.05,0.05,0.5,0.15,0.834856688673036,0.2241858079218959,0.10918439195182685,-0.06203543579680548,3.6138346582460916,0.34,True
3958,0.2,0.0,0.2,0.5,0.1,0.7929357646628818,0.2147930462344827,0.09091792588130851,-0.06390979111558426,3.360878552177053,0.34,True
3959,0.25,0.05,0.15,0.5,0.05,0.6842253399407501,0.18973302839721784,0.07283253818530333,-0.043834063084432495,4.328438092351991,0.34,True
3960,0.15,0.05,0.25,0.5,0.05,0.6821034354775339,0.18923329622141605,0.07005147020173073,-0.051241846350316034,3.692944530681396,0.34,True
3961,0.15,0.25,0.05,0.5,0.05,0.5503587790232789,0.15734522707434495,0.053165830869556355,-0.03529954046857997,4.457429898114326,0.34,True
3962,0.1,0.2,0.2,0.5,0.0,0.5063851856287782,0.1463005025405708,0.04492749442190754,-0.02370720019723427,6.171142156113337,0.34,True
3963,0.5,0.0,0.2,0.1,0.2,1.1226465341143972,0.2850924530783432,0.16965088888218283,-0.11909551844113908,2.3938134432761653,0.3400000000000001,True
3964,0.5,0.0,0.1,0.2,0.2,1.0811291734668234,0.2766606647219816,0.16347254624452942,-0.11662018693467269,2.3723222539246915,0.3400000000000001,True
3965,0.1,0.4,0.1,0.4,0.0,0.4179766113974235,0.12342691331906686,0.04031317594593233,-0.040188447045285125,3.071203850698361,0.3400000000000001,True
3966,0.35,0.0,0.1,0.45,0.1,0.818998858796391,0.22064971131538003,0.10258816516729255,-0.07136160030955385,3.091994999526931,0.345,True
3967,0.25,0.0,0.15,0.5,0.1,0.7950362419437038,0.21526714157538818,0.09223226729324636,-0.05850377821967556,3.679542554791634,0.345,True
3968,0.1,0.25,0.15,0.5,0.0,0.4742593628109295,0.1380949095500834,0.039818878242092653,-0.0240523884091689,5.741421899599828,0.345,True
3969,0.1,0.35,0.1,0.45,0.0,0.43015986125325156,0.12663450259777043,0.03820976316538458,-0.035381236893273105,3.5791428937253165,0.345,True
3970,0.4,0.0,0.35,0.0,0.25,1.2204028144815129,0.3045205225913188,0.19120930670430278,-0.15602303618488622,1.9517664188412798,0.34500000000000003,True
3971,0.35,0.0,0.4,0.0,0.25,1.2135156409863854,0.30317066031287876,0.19119553785909688,-0.1667864441746666,1.8177176317482027,0.34500000000000003,True
3972,0.5,0.0,0.15,0.1,0.25,1.192654373020738,0.2990647582133241,0.18692674253598998,-0.12835407735798943,2.329998114350582,0.34500000000000003,True
3973,0.5,0.0,0.1,0.15,0.25,1.1723210041172436,0.29503761461540035,0.1840501459276004,-0.12375604005083418,2.3840259796144925,0.34500000000000003,True
3974,0.4,0.0,0.0,0.35,0.25,1.0816018570741313,0.2767572906706619,0.16816452114233613,-0.1047890020529666,2.641091004290434,0.34500000000000003,True
3975,0.35,0.0,0.0,0.4,0.25,1.05688349883351,0.2716846138034441,0.16317343104726054,-0.1010382311512199,2.688928841171265,0.34500000000000003,True
3976,0.5,0.0,0.25,0.1,0.15,1.049114760570931,0.27008193121338775,0.15388737287609452,-0.10950121188880768,2.466474357266847,0.34500000000000003,True
3977,0.25,0.0,0.1,0.5,0.15,0.8690826266867251,0.231748892742361,0.11170662646477315,-0.07052635365126891,3.2859899986930823,0.34500000000000003,True
3978,0.4,0.0,0.4,0.05,0.15,1.0622600908722473,0.2727914374031961,0.15462957750612047,-0.13203801429381168,2.0660068152507898,0.3450000000000001,True
3979,0.05,0.4,0.15,0.4,0.0,0.4180565528499034,0.12344801996862387,0.039106407430734014,-0.03174508222729511,3.8887289402728524,0.3450000000000001,True
3980,0.05,0.35,0.15,0.45,0.0,0.4302658507538366,0.1266623272822891,0.03710879175687051,-0.027695251935155762,4.573431127431148,0.35,True
3981,0.45,0.0,0.35,0.05,0.15,1.0663900425794623,0.2736403221558117,0.15580254200923632,-0.12401891138168841,2.2064402848500984,0.35000000000000003,True
3982,0.35,0.0,0.45,0.05,0.15,1.0577753820255063,0.27186834995038134,0.154446601412601,-0.14000225429637692,1.9418855168921159,0.35000000000000003,True
3983,0.35,0.0,0.05,0.45,0.15,0.8947777436884041,0.2373664063646499,0.12048670830374246,-0.07892238342763724,3.0075929800357284,0.35000000000000003,True
3984,0.45,0.0,0.3,0.0,0.25,1.2269511304650922,0.30580138343952057,0.19201779380503223,-0.14510412059677413,2.1074617466536574,0.355,True
3985,0.5,0.05,0.2,0.0,0.25,1.197105250533561,0.2999429558710349,0.19080990659457878,-0.13349166039345484,2.2469040761571146,0.355,True
3986,0.45,0.0,0.0,0.25,0.3,1.1930714078602604,0.29914709332809,0.1951693363315169,-0.1230534199863964,2.431034369960305,0.355,True
3987,0.5,0.0,0.25,0.05,0.2,1.1433298216480914,0.289252042683354,0.1732430642986826,-0.12486063097146471,2.316599238950337,0.355,True
3988,0.5,0.05,0.25,0.0,0.2,1.1277946725656842,0.28613030589333155,0.17395770545652714,-0.12432193758058097,2.3015270793046665,0.355,True
3989,0.3,0.0,0.0,0.45,0.25,1.0323157478842493,0.26660240886674935,0.15863211530139626,-0.09993460606926041,2.667768647449099,0.355,True
3990,0.25,0.0,0.05,0.5,0.2,0.9401389418753046,0.24716062935936023,0.1328672859461322,-0.08499751524985666,2.907857113620472,0.355,True
3991,0.25,0.05,0.0,0.5,0.2,0.9059285444629981,0.2397884149375138,0.1309099274636302,-0.07674276783098122,3.1245734512159555,0.355,True
3992,0.05,0.25,0.2,0.5,0.0,0.4741611387212088,0.13806963916174642,0.04086282519504389,-0.02243654847335752,6.153782491353269,0.355,True
3993,0.5,0.0,0.2,0.05,0.25,1.2129328288288161,0.30305630269609174,0.19011306124084726,-0.13395852133417674,2.2623144812122766,0.35500000000000004,True
3994,0.25,0.0,0.2,0.5,0.05,0.7183065803427777,0.1977026453008166,0.07685389993509047,-0.046964418954831166,4.209626131879977,0.35500000000000004,True
3995,0.2,0.0,0.25,0.5,0.05,0.7171831825886252,0.19744163583562924,0.07539452172849201,-0.05551306969306069,3.5566693920424663,0.35500000000000004,True
3996,0.15,0.1,0.1,0.55,0.1,0.7036991758604074,0.19429984891446583,0.07797057673885834,-0.04280941024747209,4.538718188156757,0.35500000000000004,True
3997,0.1,0.3,0.05,0.5,0.05,0.517670147064937,0.14915520418657868,0.04761253609901554,-0.026925711436429967,5.539508381746028,0.35500000000000004,True
3998,0.05,0.3,0.1,0.5,0.05,0.5169011242379742,0.14896111847002524,0.04684977331694511,-0.021775962041518993,6.840621699560714,0.35500000000000004,True
3999,0.3,0.0,0.1,0.5,0.1,0.796772539224742,0.21565875926305011,0.09524720284081785,-0.060039888539106356,3.5919247105627625,0.36,True
4000,0.1,0.3,0.1,0.5,0.0,0.44240344084774685,0.1298396733931242,0.03624138972952062,-0.030619703403084286,4.240396181631387,0.36,True
4001,0.15,0.05,0.15,0.55,0.1,0.7370509961713991,0.20204102166134486,0.0816763255613503,-0.051513369593782055,3.922108440091877,0.36000000000000004,True
4002,0.15,0.15,0.05,0.55,0.1,0.6706007657613304,0.18651694840292277,0.07506411096991053,-0.039229327702135164,4.754528291158328,0.36000000000000004,True
4003,0.15,0.1,0.15,0.55,0.05,0.6288764033922731,0.1765577980085855,0.058888542511992756,-0.027812842105917057,6.34806746236925,0.36000000000000004,True
4004,0.15,0.15,0.1,0.55,0.05,0.5958934225745658,0.16856406333412766,0.05485878026885762,-0.02759805608260102,6.107823784023599,0.36000000000000004,True
4005,0.1,0.15,0.15,0.55,0.05,0.5950320520841139,0.16835383247637048,0.05380938409748093,-0.025637851307065418,6.566612406788342,0.36000000000000004,True
4006,0.4,0.0,0.4,0.0,0.2,1.1533807775828029,0.29126371924778427,0.17475050024930233,-0.14769996249439676,1.971995891731075,0.3600000000000001,True
4007,0.45,0.0,0.35,0.0,0.2,1.158846800645386,0.29235510455890257,0.17552494480584438,-0.1395657764973618,2.0947478092125897,0.365,True
4008,0.35,0.0,0.0,0.45,0.2,0.9675687605771888,0.253009289734625,0.140416890243408,-0.08677682791165364,2.9156319241377484,0.365,True
4009,0.3,0.0,0.15,0.5,0.05,0.7190587544465397,0.19787734133142387,0.0803602142695614,-0.05285239683993004,3.7439615450311488,0.365,True
4010,0.05,0.3,0.15,0.5,0.0,0.4425355343766948,0.12987415424807658,0.03526099816515888,-0.02368977791296678,5.482286694506704,0.365,True
4011,0.3,0.0,0.05,0.5,0.15,0.8718252912173943,0.23235094433764014,0.11429925664836976,-0.06750837162271073,3.4418093453090215,0.36500000000000005,True
4012,0.2,0.05,0.1,0.55,0.1,0.7389945315679096,0.20248906180132287,0.082778526023283,-0.045987401588610144,4.403142052093546,0.36500000000000005,True
4013,0.2,0.1,0.05,0.55,0.1,0.7053943998749141,0.19469574683904867,0.08001898238405569,-0.043527257862830515,4.472961459060952,0.36500000000000005,True
4014,0.2,0.1,0.1,0.55,0.05,0.6296134849037309,0.176735198500386,0.061468106035925174,-0.036170861508789454,4.8861207924903765,0.36500000000000005,True
4015,0.1,0.2,0.1,0.55,0.05,0.5625506417571944,0.16037036630531287,0.04941706197572808,-0.02275043085197559,7.049113370588615,0.36500000000000005,True
4016,0.15,0.0,0.15,0.55,0.15,0.84299745125554,0.22599318471055274,0.10654533440070046,-0.07569712568583731,2.9854922847200704,0.37000000000000005,True
4017,0.2,0.05,0.05,0.55,0.15,0.812282839159868,0.21914592690674928,0.10417744922666916,-0.06067681096422395,3.6116915741659747,0.37000000000000005,True
4018,0.2,0.05,0.15,0.55,0.05,0.663101582577303,0.1847392996552193,0.06512002449405303,-0.03397963529400794,5.436765228842722,0.37000000000000005,True
4019,0.15,0.05,0.2,0.55,0.05,0.662121621041607,0.18450660947911524,0.06384261418772787,-0.039403770188442544,4.682460805063587,0.37000000000000005,True
4020,0.2,0.15,0.05,0.55,0.05,0.5963893366322768,0.16868506455353804,0.058886804514015186,-0.040554513518014645,4.159464629716413,0.37000000000000005,True
4021,0.15,0.2,0.05,0.55,0.05,0.5631731267898576,0.16052439918788397,0.0520028618361682,-0.03237026792806985,4.959007430664031,0.37000000000000005,True
4022,0.15,0.15,0.15,0.55,0.0,0.518983172489585,0.14948643359275726,0.04501367159190865,-0.025305656189135273,5.907234037935667,0.37000000000000005,True
4023,0.5,0.0,0.25,0.0,0.25,1.2331559450267338,0.307012739889132,0.19359469947152003,-0.13949025174507335,2.200961974390984,0.375,True
4024,0.2,0.0,0.1,0.55,0.15,0.8461822598954871,0.2266988135328638,0.1068499960101226,-0.06937257967749677,3.2678446525522657,0.37500000000000006,True
4025,0.2,0.1,0.0,0.55,0.15,0.7786292663855818,0.21155405741068534,0.10213914371053148,-0.053946581204181165,3.9215470691271292,0.37500000000000006,True
4026,0.2,0.0,0.15,0.55,0.1,0.7728493378419405,0.21024055586890178,0.08629537474116002,-0.05419176421126426,3.8795665527567627,0.37500000000000006,True
4027,0.15,0.0,0.2,0.55,0.1,0.7706557784929324,0.20974131726767364,0.08606067990994008,-0.0647063791720881,3.2414318333260743,0.37500000000000006,True
4028,0.1,0.15,0.2,0.55,0.0,0.5190452254214584,0.149502082605679,0.0437893562341247,-0.022642387687123455,6.6027525308516655,0.37500000000000006,True
4029,0.1,0.2,0.15,0.55,0.0,0.4867412325759757,0.14129706288182464,0.03836199066552628,-0.0196728499672858,7.182338253826421,0.37500000000000006,True
4030,0.05,0.4,0.1,0.45,0.0,0.3990851063104317,0.11841664529853868,0.03359907271770683,-0.03356822137474824,3.5276413360291357,0.37500000000000006,True
4031,0.55,0.0,0.15,0.1,0.2,1.126845415105465,0.2859390637750179,0.17291924226170347,-0.1256401749675229,2.2758569370739186,0.3750000000000001,True
4032,0.5,0.0,0.3,0.0,0.2,1.1639622786354193,0.2933748298231045,0.1771450660212581,-0.13173887713317467,2.2269419339784733,0.38,True
4033,0.3,0.0,0.0,0.5,0.2,0.943910217727961,0.24796800624999515,0.1351475467607293,-0.079128496416216,3.1337383809959323,0.38,True
4034,0.25,0.05,0.05,0.55,0.1,0.7405761491228078,0.20285342326095557,0.08581839078566371,-0.05251864310530818,3.86250312777888,0.38000000000000006,True
4035,0.25,0.05,0.1,0.55,0.05,0.6637125826207804,0.18488433429701678,0.06885600340641163,-0.04539632455543774,4.072671876139159,0.38000000000000006,True
4036,0.1,0.25,0.05,0.55,0.05,0.5303306520941475,0.15234107470740366,0.046297945388255116,-0.023939277453291274,6.363645477798627,0.38000000000000006,True
4037,0.05,0.25,0.1,0.55,0.05,0.5295833885755228,0.15215352347307798,0.04564945094568803,-0.020843540452304854,7.29979265380767,0.38000000000000006,True
4038,0.55,0.0,0.2,0.05,0.2,1.1478094328374686,0.2901494021772322,0.17608595512762806,-0.12441592348319208,2.3320921796351075,0.385,True
4039,0.05,0.35,0.1,0.5,0.0,0.4111785665177359,0.12162914029010419,0.03129917881961933,-0.028766363543504814,4.228172257718927,0.385,True
4040,0.55,0.0,0.1,0.1,0.25,1.1979475729190554,0.300109020044554,0.1899797952367157,-0.1341087849742526,2.2378028411947177,0.38500000000000006,True
4041,0.4,0.0,0.45,0.0,0.15,1.0827057447152857,0.2769828903399647,0.15989315577596033,-0.1420876615333585,1.949380314594989,0.38500000000000006,True
4042,0.25,0.0,0.1,0.55,0.1,0.7746815487747978,0.21065723854477558,0.08841722291684315,-0.05176413736330299,4.069559530496808,0.38500000000000006,True
4043,0.2,0.0,0.2,0.55,0.05,0.6968531814516337,0.19269837686838076,0.06964951216405685,-0.043840313209630666,4.39546077024946,0.38500000000000006,True
4044,0.1,0.25,0.1,0.55,0.0,0.45470748701409813,0.1330424507615604,0.034424620861093234,-0.02590319864413193,5.136139848570386,0.38500000000000006,True
4045,0.05,0.25,0.15,0.55,0.0,0.45486574055165363,0.1330835267341275,0.03358110401176354,-0.01972793540338036,6.745942949069256,0.39,True
4046,0.55,0.0,0.15,0.05,0.25,1.218507789582909,0.3041493829500055,0.19279235261989938,-0.1328940934252535,2.2886599028652452,0.39000000000000007,True
4047,0.25,0.0,0.05,0.55,0.15,0.849012763769883,0.2273252614279191,0.10867003127276068,-0.0632429735588178,3.5944745896000603,0.39000000000000007,True
4048,0.25,0.05,0.0,0.55,0.15,0.814857318298539,0.21972281716154152,0.10669723365762737,-0.060216825352971015,3.6488608602927735,0.39000000000000007,True
4049,0.25,0.0,0.15,0.55,0.05,0.6977093435152919,0.1928988928421722,0.07215506468687748,-0.0412660288673915,4.674520377573847,0.39000000000000007,True
4050,0.15,0.0,0.25,0.55,0.05,0.6956286273212,0.19241146498807837,0.06949993835618518,-0.05318891175539853,3.617510842728403,0.39000000000000007,True
4051,0.0,0.35,0.15,0.5,0.0,0.4111755874572265,0.12162835119997117,0.0334800769054796,-0.024017059903812865,5.06424815056825,0.395,True
4052,0.05,0.3,0.05,0.55,0.05,0.49786015866906363,0.1441344995951519,0.042346100737640155,-0.020997267849066636,6.864440680150628,0.4000000000000001,True
4053,0.15,0.1,0.1,0.6,0.05,0.6089469589611753,0.17174076194684917,0.0540100448866236,-0.02524846542646131,6.8020277290539255,0.40499999999999997,True
4054,0.1,0.1,0.15,0.6,0.05,0.6081069376898074,0.17153685342810587,0.05305351233675633,-0.02666311140196176,6.433489732015481,0.40499999999999997,True
4055,0.1,0.15,0.1,0.6,0.05,0.5754487912035504,0.16355367178378288,0.048469592035003096,-0.021821970217281828,7.4949085786148295,0.40499999999999997,True
4056,0.55,0.0,0.2,0.0,0.25,1.2390126142560351,0.3081540714318882,0.1959068804850852,-0.13779700634015524,2.2362900299241804,0.405,True
4057,0.55,0.0,0.25,0.0,0.2,1.1687225676425066,0.29432230860192643,0.17957310783756456,-0.1287962722885152,2.2851772289078216,0.405,True
4058,0.25,0.0,0.0,0.55,0.2,0.9203961958040288,0.2429168192675557,0.1304246718103256,-0.07799175376010459,3.114647479459756,0.405,True
4059,0.15,0.05,0.1,0.6,0.1,0.7172703544095109,0.19746189335052589,0.0774247821847783,-0.04384128555311506,4.504016952497771,0.405,True
4060,0.15,0.1,0.05,0.6,0.1,0.6839958403738988,0.18967899894166096,0.07442100812421244,-0.038349369793078125,4.946078643928514,0.405,True
4061,0.05,0.3,0.1,0.55,0.0,0.42333215000829316,0.12483916649499349,0.029137213273065687,-0.02401038110583542,5.199382964589967,0.405,True
4062,0.0,0.3,0.1,0.55,0.05,0.4969899091534673,0.14391292834452507,0.04408288166159958,-0.018920261964015972,7.6062862458368645,0.4050000000000001,True
4063,0.15,0.05,0.15,0.6,0.05,0.6421078768525335,0.1797342379225959,0.05819824503175945,-0.029179085932204973,6.159693910227089,0.41,True
4064,0.15,0.15,0.05,0.6,0.05,0.5760490725317122,0.1637013993279468,0.05097999837968614,-0.029432018507415725,5.5620174092612915,0.41,True
4065,0.15,0.0,0.1,0.6,0.15,0.8234226803518141,0.22163822826440116,0.10278597285457103,-0.06821885655715665,3.2489291003976777,0.415,True
4066,0.15,0.0,0.15,0.6,0.1,0.7507986250859382,0.20520309437389117,0.08121777132394178,-0.05301116730842437,3.8709408751555814,0.415,True
4067,0.2,0.05,0.1,0.6,0.05,0.6428232207290108,0.17990548137453954,0.06070954817872569,-0.03407524744708523,5.27965296961999,0.415,True
4068,0.2,0.1,0.05,0.6,0.05,0.6094202808984945,0.17185562583888148,0.05798649042708745,-0.03777977356773765,4.548879191421068,0.415,True
4069,0.1,0.2,0.05,0.6,0.05,0.5430524118100613,0.1555247071244923,0.04513739004187261,-0.02198097718072156,7.075422800624869,0.415,True
4070,0.05,0.2,0.1,0.6,0.05,0.5423269635800372,0.15534363452608613,0.04461076467353562,-0.019911590411163194,7.801668843036998,0.415,True
4071,0.15,0.1,0.15,0.6,0.0,0.5316788643055894,0.15267930008036767,0.04393416698911543,-0.023281995486035267,6.557827063060208,0.415,True
4072,0.1,0.15,0.15,0.6,0.0,0.4992841050148882,0.14449686065555833,0.0370809516660821,-0.01793733927225072,8.05564629527283,0.415,True
4073,0.2,0.05,0.05,0.6,0.1,0.7189482414893174,0.19785167736323683,0.0794135388395312,-0.040704837354669454,4.860642867561791,0.41500000000000004,True
4074,0.0,0.3,0.15,0.55,0.0,0.4233549425405059,0.12484516929811851,0.03166560239110637,-0.019865257113571788,6.284598713440525,0.41500000000000004,True
4075,0.3,0.0,0.0,0.55,0.15,0.851484318968337,0.2278717440065976,0.1119035905962728,-0.06901170791620859,3.301928772481198,0.4150000000000001,True
4076,0.2,0.0,0.1,0.6,0.1,0.7527256780331635,0.20564500868953517,0.08226016817558628,-0.04717370620022032,4.359314229344455,0.42,True
4077,0.1,0.1,0.2,0.6,0.0,0.5317666671568246,0.15270132025529848,0.04281780671586379,-0.021730769673597328,7.026963266783371,0.42,True
4078,0.1,0.2,0.1,0.6,0.0,0.46707213658544866,0.1362428593956777,0.03277802403474267,-0.021231086882817496,6.4171401185278105,0.42,True
4079,0.2,0.0,0.05,0.6,0.15,0.8263399519324854,0.22228922723806166,0.10371826830448025,-0.06208020282763049,3.5806781729637933,0.425,True
4080,0.2,0.05,0.0,0.6,0.15,0.7925109074444683,0.21469710737539427,0.10161697496912811,-0.053772950196812164,3.992660000792038,0.425,True
4081,0.2,0.0,0.15,0.6,0.05,0.676490456390554,0.1879093473823925,0.06449154957003272,-0.03528250821245693,5.325850028883399,0.425,True
4082,0.15,0.0,0.2,0.6,0.05,0.6755313780044354,0.18768283140910458,0.06328785116569896,-0.04117871179759314,4.557763543736559,0.425,True
4083,0.05,0.2,0.15,0.6,0.0,0.4672566061118859,0.13629047023060625,0.03208880415806392,-0.016984324159807218,8.024485928803259,0.425,True
4084,0.05,0.25,0.05,0.6,0.05,0.510428544857465,0.14732496544060858,0.04105592880752314,-0.020059560848591063,7.3443764074703735,0.43,True
4085,0.05,0.35,0.05,0.55,0.0,0.39206799058076935,0.11654413002011066,0.027125866654137805,-0.030681167566711243,3.7985558980669256,0.43000000000000005,True
4086,0.25,0.0,0.05,0.6,0.1,0.7542895702374677,0.2060034044389485,0.08524869742224624,-0.049924005808341776,4.12633964569661,0.435,True
4087,0.25,0.0,0.1,0.6,0.05,0.6770793303831548,0.18804838535001234,0.0681733750262617,-0.042839987969580884,4.389552711441905,0.435,True
4088,0.0,0.25,0.1,0.6,0.05,0.5095797222145608,0.14711005165848645,0.04298641936339224,-0.018148233294157712,8.106026039782297,0.435,True
4089,0.05,0.25,0.1,0.6,0.0,0.4355459936152859,0.1280467496911677,0.027137800969465248,-0.01929961976922523,6.634677326407662,0.435,True
4090,0.0,0.35,0.1,0.55,0.0,0.39231796065059643,0.11661094242912529,0.02708009801452514,-0.023564814693365466,4.948519389883274,0.43500000000000005,True
4091,0.6,0.0,0.2,0.0,0.2,1.173123023756255,0.2951969343628378,0.18276377473385552,-0.13444848410394394,2.195613705355109,0.44000000000000006,True
4092,0.2,0.0,0.0,0.6,0.2,0.8970264853920147,0.23785560759662894,0.1263336532531593,-0.0768550604590802,3.0948594168795167,0.44000000000000006,True
4093,0.0,0.25,0.15,0.6,0.0,0.4355946137204776,0.1280594818089673,0.03004293614364828,-0.01601616232165337,7.99564085560214,0.44499999999999995,True
4094,0.6,0.0,0.15,0.0,0.25,1.2445164942425921,0.3092248395334716,0.198915762012805,-0.14297924102261406,2.162725423088262,0.445,True
4095,0.25,0.0,0.0,0.6,0.15,0.8289011064208454,0.22286018619237802,0.10619316375106959,-0.05827876160637502,3.8240377806518064,0.445,True
4096,0.05,0.3,0.05,0.6,0.0,0.404105158663435,0.11975240592975811,0.024639713872308882,-0.02589010443338402,4.625412239563748,0.45499999999999996,True
4097,0.1,0.1,0.1,0.65,0.05,0.5884087314386064,0.16673477376792145,0.04767687902566959,-0.020893977009847187,7.9800400703676715,0.45500000000000007,True
4098,0.0,0.3,0.1,0.6,0.0,0.40438181079165414,0.11982592627386057,0.024862048717395578,-0.019382504905633646,6.182169273643904,0.45999999999999996,True
4099,0.15,0.05,0.1,0.65,0.05,0.6220626294250715,0.17491532155582878,0.053299882393522326,-0.023815115279403276,7.344718658872331,0.46,True
4100,0.1,0.05,0.15,0.65,0.05,0.6212440133530464,0.17471768286520284,0.052440945750184466,-0.027943584064506255,6.252515155603394,0.46,True
4101,0.15,0.1,0.05,0.65,0.05,0.588986753082025,0.16687624918034927,0.05010203610770752,-0.026727154274948095,6.24369685839565,0.46,True
4102,0.1,0.15,0.05,0.65,0.05,0.5558355630458622,0.15870612403866668,0.044138563481769574,-0.021047275965951573,7.540459121427754,0.46,True
4103,0.05,0.15,0.1,0.65,0.05,0.5551319860846831,0.15853147493035014,0.04374080091430938,-0.018980111560472746,8.352504906267344,0.46,True
4104,0.15,0.05,0.05,0.65,0.1,0.697453700345452,0.19283902743183057,0.07388073747064815,-0.03820146232407973,5.047948840175088,0.4600000000000001,True
4105,0.1,0.1,0.15,0.65,0.0,0.5118881169608231,0.1476943269445561,0.035989043139858984,-0.016837094857595436,8.771960257617081,0.465,True
4106,0.1,0.15,0.1,0.65,0.0,0.47949752639498455,0.13944092363112293,0.03132177514252452,-0.016602744296874805,8.398667180423322,0.465,True
4107,0.15,0.0,0.1,0.65,0.1,0.7309047175864332,0.2006219261577522,0.07697699632925123,-0.045412570804292174,4.4177619237268635,0.4650000000000001,True
4108,0.15,0.0,0.15,0.65,0.05,0.6554018836589273,0.1829085500915073,0.057637187061718505,-0.030543508548628306,5.988459046880573,0.47000000000000003,True
4109,0.2,0.05,0.05,0.65,0.05,0.622513303261752,0.17502409947419895,0.05721428384417488,-0.03549781216706671,4.930560189187617,0.47000000000000003,True
4110,0.15,0.05,0.15,0.65,0.0,0.5444360389171965,0.15586990452207128,0.04301978286761519,-0.02173506287481064,7.171357424629914,0.47000000000000003,True
4111,0.05,0.2,0.05,0.65,0.05,0.5230579792771566,0.1505131478540087,0.03994136235750563,-0.019122330857306524,7.871067025100581,0.47000000000000003,True
4112,0.05,0.15,0.15,0.65,0.0,0.4797082678905622,0.13949500985686947,0.030804695762301288,-0.01588011408422052,8.784257412576178,0.47000000000000003,True
4113,0.15,0.0,0.05,0.65,0.15,0.8038066462917945,0.2172427086128017,0.09957648079678547,-0.06091748375322226,3.5661799409321557,0.4700000000000001,True
4114,0.2,0.0,0.1,0.65,0.05,0.6560954339201681,0.18307368720457928,0.06007373448042839,-0.03205290269905936,5.711610237719651,0.47500000000000003,True
4115,0.1,0.05,0.2,0.65,0.0,0.5445496476680567,0.15589823930137547,0.04201992997945725,-0.020828357370002437,7.48490322745779,0.47500000000000003,True
4116,0.0,0.2,0.1,0.65,0.05,0.5222306394872107,0.1503048343638742,0.04206712901359782,-0.017723534868121282,8.480522394786064,0.47500000000000003,True
4117,0.05,0.2,0.1,0.65,0.0,0.44782023417188555,0.13125191527927527,0.02533087773906149,-0.015171169556836062,8.651403887324806,0.47500000000000003,True
4118,0.2,0.0,0.05,0.65,0.1,0.7325652117512811,0.20100564338085847,0.07890306090873439,-0.04135816136257575,4.86012039120155,0.4750000000000001,True
4119,0.2,0.05,0.0,0.65,0.1,0.6988658867279733,0.1931696520451447,0.07681723417740198,-0.042853858110912246,4.507637364766377,0.4750000000000001,True
4120,0.0,0.35,0.05,0.6,0.0,0.3734375210384542,0.1115418645988362,0.022351288377701253,-0.026113394149990143,4.27144261516377,0.485,True
4121,0.2,0.0,0.0,0.65,0.15,0.8064563284326047,0.21783829956880219,0.10116948049489222,-0.05495019527505185,3.964286177299606,0.48500000000000004,True
4122,0.0,0.2,0.15,0.65,0.0,0.4478947378303211,0.13127131495653144,0.028637227361148997,-0.014907998618042373,8.80542843609206,0.48500000000000004,True
4123,0.05,0.25,0.05,0.65,0.0,0.416202324426866,0.12295825045694131,0.022285686399679178,-0.021144842701338207,5.815046826957931,0.49000000000000005,True
4124,0.0,0.25,0.1,0.65,0.0,0.4165057145937332,0.12303841613403943,0.022826595178996673,-0.015246234971303396,8.070085261418539,0.49500000000000005,True
4125,0.1,0.05,0.1,0.7,0.05,0.6014305992955613,0.16991369429868897,0.04704293574914605,-0.02191392445312712,7.753686230968194,0.5149999999999999,True
4126,0.1,0.1,0.05,0.7,0.05,0.5686802426347022,0.16188534773240182,0.04330829584012712,-0.020114047567964755,8.048372521015283,0.5149999999999999,True
4127,0.05,0.1,0.1,0.7,0.05,0.5679985929226412,0.1617170676570514,0.043045469751493454,-0.01997851528810346,8.094548835335553,0.5149999999999999,True
4128,0.0,0.3,0.05,0.65,0.0,0.38538555096167637,0.11475506360161924,0.019653649858598257,-0.01952966535982703,5.875935992107322,0.515,True
4129,0.1,0.0,0.1,0.7,0.1,0.7092184580212133,0.19558784424782916,0.07280246793396122,-0.04443481443143382,4.401680230928736,0.5199999999999999,True
4130,0.15,0.05,0.05,0.7,0.05,0.6019863052739693,0.17004897012902775,0.04937301654672027,-0.024671360363336836,6.892565615543885,0.5199999999999999,True
4131,0.05,0.15,0.05,0.7,0.05,0.5357485987613124,0.15369907006485284,0.03901242762722518,-0.018185577511326212,8.451701353400907,0.5199999999999999,True
4132,0.1,0.1,0.1,0.7,0.0,0.4919837932758877,0.1426366674532764,0.030076869617299103,-0.013785688712236066,10.346720459941421,0.5199999999999999,True
4133,0.15,0.0,0.05,0.7,0.1,0.7109744825091564,0.1959970535224591,0.07344332538167969,-0.0395252904438913,4.958775794467331,0.5249999999999999,True
4134,0.15,0.05,0.0,0.7,0.1,0.6776014604939689,0.18817163731788455,0.07115119489565525,-0.036825673845823914,5.109794816129984,0.5249999999999999,True
4135,0.15,0.0,0.1,0.7,0.05,0.6352405707994297,0.17808776331908693,0.05273060994303235,-0.025281886479833093,7.0440852371180585,0.5249999999999999,True
4136,0.1,0.0,0.15,0.7,0.05,0.634443415907014,0.177896342588312,0.051973470200781746,-0.0294637185304939,6.0378102785700865,0.5249999999999999,True
4137,0.1,0.15,0.0,0.7,0.05,0.5361927941258147,0.15381026480286697,0.04114090518071307,-0.020263457775540283,7.590524110279394,0.5249999999999999,True
4138,0.1,0.05,0.15,0.7,0.0,0.5245534052469463,0.15088948547768233,0.03509850791393351,-0.015835697327345577,9.528439598117453,0.5249999999999999,True
4139,0.05,0.1,0.15,0.7,0.0,0.4922208627208531,0.14269717036846918,0.029749117036859726,-0.014786664503287472,9.650396161808079,0.5249999999999999,True
4140,0.05,0.15,0.1,0.7,0.0,0.4601550085112698,0.13445468828982832,0.023751635265132496,-0.011592774250116511,11.598145999304437,0.5249999999999999,True
4141,0.15,0.0,0.0,0.7,0.15,0.7841497755902205,0.21280595078293407,0.09697146938621054,-0.05359506646317258,3.970625746479146,0.5349999999999999,True
4142,0.2,0.0,0.05,0.7,0.05,0.6356685405551983,0.1781905059903517,0.0565723219417234,-0.03348551996915827,5.321419710802564,0.5349999999999999,True
4143,0.15,0.0,0.15,0.7,0.0,0.5572548331575664,0.15905826967361536,0.042276901298695206,-0.02121500380083563,7.497442431160454,0.5349999999999999,True
4144,0.05,0.05,0.2,0.7,0.0,0.5245567391316186,0.15089032420522774,0.03691177127859584,-0.019485179895722293,7.743850711809628,0.5349999999999999,True
4145,0.0,0.15,0.15,0.7,0.0,0.46025545170320004,0.13448069458027234,0.027474327241421966,-0.01427681363473765,9.419517409196995,0.5349999999999999,True
4146,0.05,0.2,0.05,0.7,0.0,0.42835962470423605,0.126161688908216,0.02009927820328611,-0.01644472871951952,7.671861972308789,0.5349999999999999,True
4147,0.2,0.0,0.0,0.7,0.1,0.7123683655110531,0.1963216730622379,0.0763147326083848,-0.04090240695644498,4.799758441386872,0.5399999999999999,True
4148,0.1,0.0,0.2,0.7,0.0,0.5573943037883213,0.15909286321722593,0.04140140937050956,-0.02003128711224511,7.942218706454094,0.5399999999999999,True
4149,0.0,0.2,0.1,0.7,0.0,0.4286898088900073,0.12624843814399478,0.02101652370662495,-0.011254698950212472,11.21739805768962,0.5399999999999999,True
4150,0.0,0.25,0.05,0.7,0.0,0.39739337211026293,0.11796578038876016,0.017064145768768694,-0.014725499840452017,8.01098649736151,0.5549999999999999,True
4151,0.1,0.05,0.05,0.75,0.05,0.5815865874097512,0.16506240017564466,0.042652180350720166,-0.019181291627708985,8.605385048064134,0.58,True
4152,0.05,0.05,0.1,0.75,0.05,0.5809269209270593,0.164900435353299,0.04252913831270488,-0.021044352532343158,7.835852165081477,0.58,True
4153,0.05,0.1,0.05,0.75,0.05,0.5485005401431136,0.1568827549729388,0.03827772473144272,-0.017249300447131577,9.095021299778402,0.58,True
4154,0.1,0.0,0.05,0.75,0.1,0.6895171730976766,0.1909774879527515,0.06912621687948228,-0.03819503966005289,5.000059946330922,0.585,True
4155,0.1,0.0,0.1,0.75,0.05,0.6145145316075591,0.1730904551097292,0.04657054830007312,-0.023396682387621603,7.398076882956087,0.585,True
4156,0.1,0.1,0.0,0.75,0.05,0.5489218977928272,0.15698765344145582,0.04028186942060105,-0.01932493486913589,8.123579950180472,0.585,True
4157,0.1,0.05,0.1,0.75,0.0,0.5045310740613094,0.14583011450379058,0.029063859725386977,-0.011736708790102468,12.425128467596357,0.585,True
4158,0.05,0.1,0.1,0.75,0.0,0.4725504534665863,0.13765509339019455,0.022439281755967475,-0.010520930993000999,13.083927029059403,0.585,True
4159,0.15,0.0,0.05,0.75,0.05,0.615047865940691,0.17321958326147535,0.04879603068533383,-0.022609237289971662,7.661451867653535,0.59,True
4160,0.0,0.15,0.05,0.75,0.05,0.5157879702646861,0.14868006480949303,0.03643080597953765,-0.015300620182900015,9.717257407360387,0.59,True
4161,0.05,0.05,0.15,0.75,0.0,0.5047945274359236,0.14589697616398967,0.02894054233301019,-0.014122578339587966,10.330760620036065,0.59,True
4162,0.05,0.15,0.05,0.75,0.0,0.4405771963287115,0.12936274622075272,0.018129554004932494,-0.011789121216020715,10.973060998385227,0.59,True
4163,0.15,0.0,0.0,0.75,0.1,0.6910083463688543,0.19132769185598275,0.07072401039763994,-0.035941853322077444,5.323256153250697,0.595,True
4164,0.1,0.0,0.15,0.75,0.0,0.5372801067064314,0.1540823596457883,0.03441968128294786,-0.014967341834637549,10.294570762672743,0.595,True
4165,0.0,0.1,0.15,0.75,0.0,0.4726768921722746,0.13768764614242168,0.026578719354540096,-0.01374594378836691,10.016601861775815,0.595,True
4166,0.0,0.15,0.1,0.75,0.0,0.44093423051365743,0.12945601805415796,0.019484058111384577,-0.00961859561927425,13.458931342819646,0.595,True
4167,0.05,0.0,0.2,0.75,0.0,0.5373089700353544,0.15408958080908874,0.03642479254853848,-0.02067412489320941,7.453257712480045,0.605,True
4168,0.0,0.2,0.05,0.75,0.0,0.4094611213173811,0.12117404100017937,0.014625242466903212,-0.010604961454447226,11.426165151158058,0.605,True
4169,0.0,0.25,0.0,0.75,0.0,0.3782580127848174,0.11284047976126499,0.014616883896136473,-0.01660403155699064,6.795968760596388,0.625,True
4170,0.05,0.05,0.05,0.8,0.05,0.5613139402557186,0.16006422515441554,0.03774381112458808,-0.016313499301575884,9.811765225560977,0.65,True
4171,0.1,0.0,0.05,0.8,0.05,0.5945547342041946,0.1682373030314901,0.04217421679487217,-0.018249007786491855,9.218983574330077,0.655,True
4172,0.1,0.05,0.0,0.8,0.05,0.5617124042103876,0.1601628811677842,0.03960985459419264,-0.018386889897405778,8.710710841336018,0.655,True
4173,0.0,0.1,0.05,0.8,0.05,0.5284474361938631,0.1518683004725363,0.03585982331687392,-0.014361275617221114,10.574847563709845,0.655,True
4174,0.05,0.05,0.1,0.8,0.0,0.4850067058710237,0.14085315489145622,0.02143394238441941,-0.009482427228726609,14.854124528870372,0.6550000000000001,True
4175,0.05,0.1,0.05,0.8,0.0,0.45285517613347026,0.13256144696934302,0.016442208624645398,-0.007177391006414902,18.46930825572471,0.6550000000000001,True
4176,0.1,0.0,0.0,0.8,0.1,0.6697804660064699,0.1863227594024064,0.06630539848712536,-0.033301343489244406,5.595052327621091,0.6600000000000001,True
4177,0.1,0.0,0.1,0.8,0.0,0.517139505584413,0.14902128808699144,0.028301135606491536,-0.011068830482941605,13.463146654621834,0.6600000000000001,True
4178,0.0,0.1,0.1,0.8,0.0,0.4532391162978364,0.132661181238372,0.01828818991659452,-0.00911083002210733,14.56082276987619,0.6600000000000001,True
4179,0.15,0.0,0.0,0.8,0.05,0.5948241955974667,0.1683030905333036,0.046087174581967386,-0.024097049519948843,6.984385801837408,0.665,True
4180,0.05,0.0,0.15,0.8,0.0,0.5174293988689529,0.14909445129173182,0.02839368143822735,-0.013811105882450714,10.795258001836109,0.6650000000000001,True
4181,0.0,0.05,0.15,0.8,0.0,0.4851591960707309,0.14089219473513936,0.025970800126043955,-0.013641340924806622,10.328324430256599,0.6650000000000001,True
4182,0.0,0.15,0.05,0.8,0.0,0.42158893541618747,0.12437987109262494,0.012408969326505414,-0.006654570546390515,18.690893758739914,0.6650000000000001,True
4183,0.0,0.2,0.0,0.8,0.0,0.3902091016271674,0.11604703204309863,0.011720471405074078,-0.011716682002894552,9.904427893018667,0.6800000000000002,True
4184,0.05,0.0,0.05,0.85,0.05,0.5741889359322963,0.16324350286771483,0.037414647244008004,-0.01616084646315774,10.101172809225362,0.7299999999999999,True
4185,0.05,0.05,0.0,0.85,0.05,0.5416712671661388,0.15517992318529794,0.03441302541692421,-0.015498917216784869,10.012307377011,0.7299999999999999,True
4186,0.0,0.05,0.05,0.85,0.05,0.5411681543984528,0.1550542767657117,0.0355085045207569,-0.014340605466721557,10.81225455407212,0.7299999999999999,True
4187,0.05,0.05,0.05,0.85,0.0,0.46519370095166757,0.13575781537322906,0.015119167984771429,-0.005220769702495409,26.003410054333543,0.7299999999999999,True
4188,0.1,0.0,0.0,0.85,0.05,0.5745644502116698,0.1633359695707699,0.039129992304616765,-0.01744932249536668,9.360590912004778,0.7349999999999999,True
4189,0.05,0.0,0.1,0.85,0.0,0.49752390255775114,0.14404889675507304,0.02077137885164422,-0.008981690255673414,16.038061061400164,0.7349999999999999,True
4190,0.0,0.05,0.1,0.85,0.0,0.4656046030757204,0.13586395270105478,0.017487147794444675,-0.008607999724215776,15.783452259976988,0.7349999999999999,True
4191,0.0,0.1,0.05,0.85,0.0,0.4337769512398675,0.12758329594700646,0.010537341297731817,-0.0044819215591955786,28.466204564701325,0.7349999999999999,True
4192,0.0,0.0,0.15,0.85,0.0,0.49770250023172546,0.14409436508747953,0.025663961971529856,-0.015127412943353846,9.525380554299383,0.7449999999999999,True
4193,0.0,0.15,0.0,0.85,0.0,0.40221999292554744,0.11925116553394388,0.008863251486101547,-0.006927101870997432,17.21515978178807,0.7449999999999999,True
4194,0.05,0.0,0.0,0.9,0.05,0.5544307572396328,0.15835735626832337,0.034091451612537176,-0.014558273758502938,10.877481691524919,0.815,True
4195,0.0,0.05,0.0,0.9,0.05,0.5217557103678039,0.15018521922984163,0.032106032235983434,-0.014423504989941938,10.412532829889235,0.815,True
4196,0.05,0.0,0.05,0.9,0.0,0.47759290761649176,0.13895187530279607,0.01424911714275974,-0.004410917229229483,31.501809732908715,0.8150000000000001,True
4197,0.0,0.05,0.05,0.9,0.0,0.4460253056215877,0.1307843404755329,0.009201604878306919,-0.00400190689015556,32.680505585288394,0.8150000000000001,True
4198,0.0,0.0,0.1,0.9,0.0,0.47803082768049143,0.13906435708417852,0.01712569169692833,-0.008110033119587468,17.147199651787897,0.8200000000000001,True
4199,0.0,0.1,0.0,0.9,0.0,0.4142908235131342,0.12245290541715392,0.00606683670011394,-0.003620425089598811,33.82279770653209,0.8200000000000001,True
4200,0.0,0.0,0.0,0.95,0.05,0.5344229072679263,0.1533670842135333,0.03200363292933923,-0.014420040009746171,10.635690615967503,0.9049999999999999,True
4201,0.0,0.0,0.05,0.95,0.0,0.4583341353945236,0.1339830292287012,0.008632087076519173,-0.003526532149266459,37.99285631255921,0.9049999999999999,True
4202,0.05,0.0,0.0,0.95,0.0,0.4576368405599285,0.133802305627726,0.011026970990477357,-0.002878816844399057,46.4782279873233,0.9049999999999999,True
4203,0.0,0.05,0.0,0.95,0.0,0.42642173022308993,0.12565227650820443,0.0034240531053386317,-0.0008499016408649585,147.8433155868791,0.9049999999999999,True
4204,0.0,0.0,0.0,1.0,0.0,0.4386128498885893,0.12884930326168287,0.0017126334269920284,0.0,0.0,1.0,True
