point,brazilian_stocks,fiis,international_equity,fixed_income,crypto,total_return,annualized_return,annualized_volatility,max_drawdown,calmar,hhi,feasible
1,0.23,0.21,0.23,0.21,0.12,0.7967142959243383,0.21564562671729703,0.10893553286585546,-0.07229457762064939,2.982874149273714,0.2084,True
2,0.23,0.21,0.21,0.23,0.12,0.7888774862410737,0.2138760087776157,0.10703154060887093,-0.06771681220918957,3.158388615768175,0.2084,True
3,0.23,0.23,0.21,0.21,0.12,0.7832913835552939,0.21261146178911727,0.10736436113458744,-0.06710883565347303,3.168159001997439,0.2084,True
4,0.23,0.2,0.23,0.22,0.12,0.7995201122657629,0.21627795254422422,0.10877347062425462,-0.07259358525476423,2.979298401989729,0.2086,True
5,0.23,0.2,0.22,0.23,0.12,0.7955980218607728,0.2153938773164361,0.10781253539944252,-0.07031195534358536,3.0634033183104576,0.2086,True
6,0.22,0.2,0.23,0.23,0.12,0.7950130360217382,0.21526190582535887,0.10771456891401483,-0.07272007527829905,2.9601441555382553,0.2086,True
7,0.24,0.2,0.23,0.21,0.12,0.804032775169405,0.21729356022746082,0.10985969116127707,-0.07309603034241885,2.972713555162266,0.209,True
8,0.23,0.2,0.24,0.21,0.12,0.8034406460356207,0.21716039386766006,0.10975180951135878,-0.07498765944072905,2.895948419877082,0.209,True
9,0.24,0.21,0.23,0.2,0.12,0.8012230025300839,0.21666139968695064,0.11002323085847346,-0.07279799930847508,2.9761999195728874,0.209,True
10,0.24,0.2,0.21,0.23,0.12,0.796168927859296,0.21552264479015304,0.10797154493649316,-0.06863271956397932,3.140231746015006,0.209,True
11,0.21,0.2,0.24,0.23,0.12,0.7944140074934631,0.2151267366151235,0.10767804355661562,-0.07531023621409172,2.856540457575539,0.209,True
12,0.23,0.2,0.21,0.24,0.12,0.7916743782327873,0.21450816274653528,0.10686946869944833,-0.06802366447427777,3.153434387934932,0.209,True
13,0.24,0.21,0.2,0.23,0.12,0.789438303988226,0.21400281768625207,0.10721822612809809,-0.06708599522319614,3.1899775351660415,0.209,True
14,0.24,0.23,0.2,0.21,0.12,0.7838532478485452,0.21273877247288686,0.10755400063991785,-0.06667279698509698,3.1907881788795995,0.209,True
15,0.23,0.24,0.21,0.2,0.12,0.7805021706718849,0.21197906846238168,0.10753510936557385,-0.0669021099879823,3.1684960085782006,0.209,True
16,0.23,0.24,0.2,0.21,0.12,0.7765948284687607,0.21109205190386393,0.10661058243967374,-0.06554929838856616,3.2203556268831854,0.209,True
17,0.24,0.19,0.23,0.22,0.12,0.8068451155514464,0.21792564145003457,0.1096989654467846,-0.07339315825973813,2.9692909614108234,0.2094,True
18,0.23,0.19,0.24,0.22,0.12,0.8062534889591546,0.21779272625974078,0.10959256281526863,-0.07535247758161323,2.890319379662765,0.2094,True
19,0.24,0.19,0.22,0.23,0.12,0.8029095026487145,0.2170409180385764,0.10874600426090338,-0.07111777605337977,3.0518518728098196,0.2094,True
20,0.22,0.19,0.24,0.23,0.12,0.8017334114626788,0.21677628358424794,0.10854312362244144,-0.07551350855452155,2.870695425676496,0.2094,True
21,0.23,0.19,0.22,0.24,0.12,0.7984019412800338,0.21602603755822303,0.10765334000731025,-0.07061395457672337,3.0592542062420076,0.2094,True
22,0.22,0.19,0.23,0.24,0.12,0.7978174626067214,0.21589431762231315,0.10755692009396216,-0.0730890945642334,2.953851308591287,0.2094,True
23,0.24,0.22,0.19,0.23,0.12,0.7827176346210987,0.21248143060806002,0.10648660326106058,-0.06552999551800565,3.2425064114291997,0.2094,True
24,0.24,0.23,0.19,0.22,0.12,0.7799308552216468,0.21184945362670793,0.10665599657694862,-0.06532070689681346,3.243220468531742,0.2094,True
25,0.24,0.2,0.24,0.2,0.12,0.8079623598310943,0.21817656311208355,0.11083003777969952,-0.07536868274403241,2.894790716364994,0.2096,True
26,0.24,0.2,0.2,0.24,0.12,0.7922346720351168,0.21463472132069894,0.10705466360885896,-0.06729164971676005,3.1896189530814962,0.2096,True
27,0.24,0.19,0.24,0.21,0.12,0.8107791654656875,0.2188087303337094,0.11066928384236992,-0.07566194140635518,2.8919259308793084,0.2098,True
28,0.24,0.19,0.21,0.24,0.12,0.7989723301696106,0.21615455466072708,0.1078108560472467,-0.06883576595397234,3.1401488988335045,0.2098,True
29,0.24,0.24,0.19,0.21,0.12,0.7771466318829685,0.21121739714525845,0.10682829545542194,-0.0651107754694511,3.2439699208368076,0.2098,True
30,0.25,0.2,0.23,0.2,0.12,0.8085510264079887,0.2183087300321207,0.1109722107411045,-0.07359776114298278,2.9662414541116173,0.20980000000000001,True
31,0.25,0.2,0.2,0.23,0.12,0.7967257168660393,0.21564820190348,0.10819110325923391,-0.06820012099049044,3.1619914858149465,0.20980000000000001,True
32,0.25,0.19,0.23,0.21,0.12,0.811367326841619,0.21894064686363324,0.11081003525341458,-0.07389391852610339,2.9629048131517264,0.21,True
33,0.23,0.19,0.25,0.21,0.12,0.8101769206506158,0.21867362547534253,0.110587812624348,-0.0777693344326279,2.8118232857551453,0.21,True
34,0.25,0.21,0.23,0.19,0.12,0.8057372953687225,0.21767673418004962,0.11113716969527361,-0.07330070423398338,2.969640420986995,0.21,True
35,0.25,0.19,0.21,0.23,0.12,0.8034763981628015,0.2171684351376737,0.10893793206350459,-0.06974008245281793,3.1139687178402347,0.21,True
36,0.21,0.19,0.25,0.23,0.12,0.8011242900932829,0.21663917878294492,0.10853296651052238,-0.0780908531472666,2.7741940323586785,0.21,True
37,0.25,0.21,0.19,0.23,0.12,0.7899850001881852,0.2141264080082177,0.10746581151107379,-0.06665094543860584,3.212653723051174,0.21,True
38,0.25,0.23,0.19,0.21,0.12,0.7844010104810382,0.2128628621799733,0.1078044215551897,-0.06623610396291968,3.2136984128646557,0.21,True
39,0.24,0.18,0.24,0.22,0.12,0.8135985420371554,0.2194408183211285,0.11051132045403358,-0.07595431404280506,2.8891159256268146,0.2104,True
40,0.24,0.18,0.22,0.24,0.12,0.805719941993893,0.21767283437902019,0.10858813684263327,-0.07141788241330338,3.0478757843774034,0.2104,True
41,0.22,0.18,0.24,0.24,0.12,0.804544861410762,0.21740870191397654,0.10838829457034883,-0.0758769108906342,2.8652814059251877,0.2104,True
42,0.23,0.21,0.23,0.22,0.11,0.7783022677152327,0.21147982225234707,0.10447729332937951,-0.06855386657905771,3.084870814813403,0.2104,True
43,0.23,0.22,0.23,0.21,0.11,0.7755163130284517,0.21084698610216046,0.10464616136758519,-0.06824660771196256,3.0894866890974026,0.2104,True
44,0.23,0.21,0.22,0.23,0.11,0.77437210884497,0.21058688563900407,0.10349782976699047,-0.06625055084288878,3.178643542729247,0.2104,True
45,0.22,0.21,0.23,0.23,0.11,0.7738363118426199,0.21046504983417558,0.10337342301789433,-0.06804433596547854,3.0930575902886677,0.2104,True
46,0.23,0.23,0.22,0.21,0.11,0.768811716387565,0.20932130262502158,0.10383879430073348,-0.06562710909570524,3.189555436911969,0.2104,True
47,0.23,0.22,0.21,0.23,0.11,0.7676634490175995,0.20905961884581092,0.1027058679559331,-0.06368498271571965,3.2827145416529695,0.2104,True
48,0.21,0.22,0.23,0.23,0.11,0.7665977999527971,0.2088166619018199,0.10246407702086026,-0.06741512355431689,3.0974750307113905,0.2104,True
49,0.23,0.23,0.21,0.22,0.11,0.7648890116697047,0.20842687182704367,0.10287799796083362,-0.06347219229493084,3.2837509512601084,0.2104,True
50,0.22,0.23,0.21,0.23,0.11,0.7604490465784277,0.20741289790198625,0.10175362509275099,-0.06279260937677722,3.303141881832584,0.2104,True
51,0.21,0.23,0.22,0.23,0.11,0.759919176259988,0.2072917752987551,0.10163622993201121,-0.06459845525073038,3.208927744389234,0.2104,True
52,0.25,0.19,0.24,0.2,0.12,0.8153104426576114,0.21982429696009564,0.11177228201546548,-0.07616036813409122,2.886334485320023,0.2106,True
53,0.24,0.19,0.25,0.2,0.12,0.8147116489793313,0.21969019009389856,0.11165651184682096,-0.07792415415953391,2.8192823196274603,0.2106,True
54,0.25,0.18,0.23,0.22,0.12,0.8141861977642668,0.21957248482572322,0.11065064284560223,-0.07418918046298528,2.9596294696269503,0.2106,True
55,0.23,0.18,0.25,0.22,0.12,0.812996792927682,0.2193059646601181,0.11043132625254945,-0.07812857672264417,2.806987837992397,0.2106,True
56,0.25,0.18,0.22,0.23,0.12,0.810237040492864,0.21868711383330997,0.10970575488287128,-0.07192001302341922,3.040699029936204,0.2106,True
57,0.22,0.18,0.25,0.23,0.12,0.8084637068352392,0.21828912692772628,0.10939140278948943,-0.07828908035053128,2.788244873363683,0.2106,True
58,0.23,0.18,0.22,0.25,0.12,0.8012084257855334,0.21665811840438964,0.1074970128302216,-0.07091503807573407,3.05517876438293,0.2106,True
59,0.22,0.18,0.23,0.25,0.12,0.8006244547257912,0.21652664965563706,0.10740214644795093,-0.07345694013474913,2.947667698360991,0.2106,True
60,0.25,0.19,0.2,0.24,0.12,0.7995285921242141,0.21627986258975818,0.10802897521690959,-0.06840362191753924,3.161818870504901,0.2106,True
61,0.24,0.19,0.2,0.25,0.12,0.7950336015262598,0.2152665458432761,0.10689398434580073,-0.06749667829333783,3.1892909589970695,0.2106,True
62,0.25,0.2,0.19,0.24,0.12,0.7927808343470499,0.21475806250108564,0.10730081573922856,-0.0668574170859556,3.2121800670968303,0.2106,True
63,0.25,0.22,0.18,0.23,0.12,0.7832542517148422,0.21260304728516788,0.10676260328872023,-0.0650924728526876,3.2661694658046736,0.2106,True
64,0.25,0.23,0.18,0.22,0.12,0.7804680125914516,0.21197131976827288,0.1069334105052102,-0.06488235558868238,3.2670102348325907,0.2106,True
65,0.24,0.21,0.23,0.21,0.11,0.7827737611298107,0.21249415203054456,0.10560868684387414,-0.06906266732226007,3.076830946001619,0.2108,True
66,0.23,0.21,0.24,0.21,0.11,0.7822309119572057,0.21237110068683984,0.10547462827238581,-0.07085044126530626,2.997456288121,0.2108,True
67,0.24,0.21,0.21,0.23,0.11,0.7748937651021843,0.2107054823906911,0.10368591388311142,-0.06481362706731841,3.2509441598113726,0.2108,True
68,0.21,0.21,0.24,0.23,0.11,0.7732864112464422,0.2103399814718998,0.10331315926611086,-0.07025259883549717,2.9940526750395375,0.2108,True
69,0.23,0.21,0.21,0.24,0.11,0.770440438758526,0.2096922852432468,0.10253674616681567,-0.06394046433304768,3.279492687932627,0.2108,True
70,0.21,0.21,0.23,0.24,0.11,0.7693758918367009,0.2094498335927235,0.1022982040974803,-0.06779622880458192,3.089402423790394,0.2108,True
71,0.23,0.24,0.21,0.21,0.11,0.7621171256201815,0.20779404403087698,0.10305313511081796,-0.06325874623650829,3.284827101283167,0.2108,True
72,0.21,0.23,0.21,0.24,0.11,0.7560145926529347,0.20639847926189847,0.10065795794642521,-0.062275476314051836,3.314281824534624,0.2108,True
73,0.21,0.24,0.21,0.23,0.11,0.7532505437536365,0.20576531544996968,0.10083025549117751,-0.061956229950763,3.3211400308490795,0.2108,True
74,0.25,0.18,0.24,0.21,0.12,0.8181337856938122,0.22045622067016923,0.11161283910283581,-0.0764517814584943,2.883598216607353,0.211,True
75,0.24,0.18,0.25,0.21,0.12,0.8175354903806311,0.22032236422452622,0.11149849006180618,-0.07821269159504873,2.816964353627663,0.211,True
76,0.25,0.18,0.21,0.24,0.12,0.8062863172917187,0.21780010225349344,0.10877862183532268,-0.06994064427194802,3.114070573994545,0.211,True
77,0.21,0.18,0.25,0.24,0.12,0.8039362304279916,0.21727184987153336,0.10837972991849923,-0.07844958253055667,2.7695730539662775,0.211,True
78,0.24,0.18,0.21,0.25,0.12,0.8017782971183416,0.21678638550229934,0.10765302712091458,-0.06913977110784542,3.1354802312572336,0.211,True
79,0.25,0.21,0.18,0.24,0.12,0.7860430475458331,0.21323469582285104,0.10659469092973863,-0.0653019472437456,3.2653650438161157,0.211,True
80,0.25,0.24,0.18,0.21,0.12,0.7776843290810054,0.21133951312015564,0.10710711215296366,-0.06467159248773802,3.2678878776678713,0.211,True
81,0.24,0.25,0.18,0.21,0.12,0.7704499684640982,0.20969445520442576,0.10612494449333273,-0.06353932974139154,3.30023083431779,0.211,True
82,0.26,0.19,0.23,0.2,0.12,0.8158951302440718,0.21995521614451485,0.11194646458515171,-0.07439396848253843,2.956627003923607,0.21100000000000002,True
83,0.26,0.2,0.23,0.19,0.12,0.8130748676568231,0.2193234631102592,0.11211003375376913,-0.07409877917854346,2.9598795761775243,0.21100000000000002,True
84,0.26,0.19,0.2,0.23,0.12,0.8040291440892413,0.21729274370769947,0.10918949952910287,-0.06930927345458426,3.1351178980412073,0.21100000000000002,True
85,0.26,0.2,0.19,0.23,0.12,0.7972683517297299,0.21577054226824566,0.10847062331819635,-0.06776687665786496,3.1840119083192766,0.21100000000000002,True
86,0.24,0.2,0.23,0.22,0.11,0.7855662097094045,0.21312674102798135,0.10544134172168623,-0.06936799276706096,3.0724074969801274,0.21100000000000002,True
87,0.23,0.2,0.24,0.22,0.11,0.7850239051197527,0.21300394137335954,0.10530880606924307,-0.0711528134540611,2.993612353935699,0.21100000000000002,True
88,0.24,0.2,0.22,0.23,0.11,0.7816224811464187,0.21223315379946794,0.10447069334568682,-0.06707103775886236,3.164304010957766,0.21100000000000002,True
89,0.22,0.2,0.24,0.23,0.11,0.7805449428412112,0.21198877110604353,0.10421529699596187,-0.07064666366160899,3.0006904801824783,0.21100000000000002,True
90,0.23,0.2,0.22,0.24,0.11,0.7771561379071004,0.21121955626458955,0.1033318215462677,-0.06656084195354672,3.1733305959681393,0.21100000000000002,True
91,0.22,0.2,0.23,0.24,0.11,0.7766208901119693,0.21109797253632423,0.10320901025737687,-0.06835165448210112,3.088410575220287,0.21100000000000002,True
92,0.24,0.22,0.2,0.23,0.11,0.7681750741748581,0.20917622938300595,0.10292318417320591,-0.06324468476951961,3.307412000633722,0.21100000000000002,True
93,0.24,0.23,0.2,0.22,0.11,0.7654012023654186,0.2085437335588467,0.1030968279310916,-0.06303105616382987,3.308587008550219,0.21100000000000002,True
94,0.23,0.22,0.2,0.24,0.11,0.7637347573833555,0.20816343356421285,0.10176382033079821,-0.06232428619336183,3.34000509718448,0.21100000000000002,True
95,0.2,0.22,0.23,0.24,0.11,0.7621468423866185,0.20780083195362953,0.1014170638916943,-0.0675782669220959,3.07496539076952,0.21100000000000002,True
96,0.23,0.24,0.2,0.22,0.11,0.7581974001999283,0.2068980280326267,0.10211144029296369,-0.061893220710843355,3.3428221323176235,0.21100000000000002,True
97,0.22,0.23,0.2,0.24,0.11,0.7565339086116951,0.20651736539124355,0.10080300966467082,-0.06118578228568183,3.3752508781696324,0.21100000000000002,True
98,0.2,0.23,0.22,0.24,0.11,0.755481186642188,0.20627634311354948,0.10057903952840054,-0.06472284039318843,3.187071856865825,0.21100000000000002,True
99,0.22,0.24,0.2,0.23,0.11,0.7537704194840307,0.2058844547633698,0.10097695619263819,-0.060968335740697266,3.3769079024727073,0.21100000000000002,True
100,0.26,0.18,0.23,0.21,0.12,0.8187179649719925,0.22058689060450787,0.1117856481396829,-0.07468826589937516,2.953434357435701,0.2114,True
101,0.23,0.18,0.26,0.21,0.12,0.8169231161836885,0.22018532748695963,0.11144300045688547,-0.0805332516707834,2.734092103806613,0.2114,True
102,0.24,0.17,0.24,0.23,0.12,0.8164204906401433,0.2200728272259065,0.11035614706488853,-0.07624580466276498,2.886359822672055,0.2114,True
103,0.24,0.17,0.23,0.24,0.12,0.8124775039223393,0.21918956654860322,0.10938595444868339,-0.07398472111505516,2.9626328685856236,0.2114,True
104,0.23,0.17,0.24,0.24,0.12,0.8118868837565385,0.21905715259919667,0.10928253053995288,-0.07607864391780017,2.8793514358100136,0.2114,True
105,0.26,0.18,0.21,0.23,0.12,0.8107999111826087,0.21881338379951276,0.10992975272949436,-0.07084251689447163,3.088729669577683,0.2114,True
106,0.26,0.21,0.18,0.23,0.12,0.7905175376896856,0.21424677331074005,0.10777365795097345,-0.06621524429155123,3.235611007752137,0.2114,True
107,0.24,0.2,0.24,0.21,0.11,0.7895084172907301,0.21401866944255032,0.1064298207451874,-0.0716582403819973,2.9866581749936216,0.2114,True
108,0.24,0.21,0.24,0.2,0.11,0.7867114831605198,0.21338599549051507,0.10659707958660015,-0.07135685555076976,2.9904063715180507,0.2114,True
109,0.24,0.2,0.21,0.24,0.11,0.7776772350138994,0.21133790215265025,0.10351837371729859,-0.06502356126912223,3.250174214204542,0.2114,True
110,0.21,0.2,0.24,0.24,0.11,0.7760715287797886,0.21097315746049028,0.10315040379168187,-0.07062792353316927,2.987106896345468,0.2114,True
111,0.24,0.21,0.2,0.24,0.11,0.7709514979294863,0.20980864496084228,0.10275253800995354,-0.06345765769073453,3.306277801543824,0.2114,True
112,0.2,0.21,0.24,0.24,0.11,0.7688224783883604,0.20932375468961428,0.1022763826429519,-0.07041520096112308,2.9727069131732504,0.2114,True
113,0.21,0.24,0.2,0.24,0.11,0.7493489375834825,0.20487043633239943,0.09987119672214266,-0.06004211102582435,3.412112479594261,0.2114,True
114,0.2,0.24,0.21,0.24,0.11,0.7488255147406817,0.2047502819625524,0.09976296178799794,-0.06184873996884399,3.310500457498316,0.2114,True
115,0.25,0.19,0.25,0.19,0.12,0.8192519882418252,0.22070631710041755,0.11275140502044577,-0.07842025875152603,2.8144043467099973,0.2116,True
116,0.25,0.17,0.23,0.23,0.12,0.817007640270611,0.22020424406913097,0.11049403301473085,-0.07448355100863735,2.95641441750804,0.2116,True
117,0.23,0.17,0.25,0.23,0.12,0.8158192376841182,0.21993822439692146,0.1102776361133919,-0.07848668187521513,2.8022362411319435,0.2116,True
118,0.23,0.17,0.23,0.25,0.12,0.807952962215112,0.21817445293465898,0.10830435048289616,-0.07366283035675136,2.961798397889863,0.2116,True
119,0.25,0.19,0.19,0.25,0.12,0.7955792295023236,0.2153896382482796,0.10713869294403693,-0.06706325986063533,3.2117382706400264,0.2116,True
120,0.25,0.2,0.23,0.21,0.11,0.7900471806494618,0.21414046340448545,0.10659778680425798,-0.06987507247412506,3.0646188379093604,0.2116,True
121,0.23,0.2,0.25,0.21,0.11,0.7889555095882328,0.2138936525587929,0.10632359463265063,-0.07343874985656962,2.912544848278876,0.2116,True
122,0.25,0.21,0.23,0.2,0.11,0.787250793761699,0.2135080403469356,0.10676650414752167,-0.06957073976220518,3.068934455443658,0.2116,True
123,0.25,0.2,0.21,0.23,0.11,0.7821400088631842,0.21235049261668903,0.10469271311706171,-0.06593720233765266,3.220495942931883,0.2116,True
124,0.21,0.2,0.25,0.23,0.11,0.7799850065553189,0.2118617401770002,0.10418284825289081,-0.07307175711295433,2.8993656174095324,0.2116,True
125,0.25,0.21,0.2,0.23,0.11,0.7754012434630093,0.2108208335471009,0.10393710092889026,-0.06437516842848068,3.2748781664364572,0.2116,True
126,0.23,0.2,0.21,0.25,0.11,0.773219981987155,0.21032487117500254,0.10237063351486078,-0.06425474786434249,3.273296965059296,0.2116,True
127,0.21,0.2,0.23,0.25,0.11,0.7721565381039845,0.21008292406530038,0.1021353570435646,-0.0681761102410523,3.0814741897492235,0.2116,True
128,0.23,0.21,0.2,0.25,0.11,0.7665072608680372,0.208796015425472,0.10159456119153779,-0.06253882592709048,3.3386622203124223,0.2116,True
129,0.2,0.21,0.23,0.25,0.11,0.7649210060221354,0.20843417233948203,0.1012527920092999,-0.06795910806360084,3.0670527951075357,0.2116,True
130,0.21,0.23,0.2,0.25,0.11,0.752108513948569,0.20550351508663556,0.09969869973871384,-0.06026114370680902,3.4102159774212075,0.2116,True
131,0.2,0.23,0.21,0.25,0.11,0.7515856482179339,0.205383614711798,0.0995921901435693,-0.06224134200717801,3.299794125391963,0.2116,True
132,0.21,0.25,0.2,0.23,0.11,0.7465919060193416,0.20423727609753528,0.10004679929098233,-0.05982240044949805,3.4140601942236,0.2116,True
133,0.24,0.19,0.24,0.22,0.11,0.7923079139534,0.21465126317842143,0.10626545969994107,-0.07195870838913043,2.982978266058554,0.2118,True
134,0.24,0.19,0.22,0.24,0.11,0.7844129999866745,0.21286557798890038,0.10430620271190678,-0.06737938202214211,3.159209413926486,0.2118,True
135,0.22,0.19,0.24,0.24,0.11,0.7833365563673185,0.21262169831260325,0.10405393986904021,-0.07094910156984824,2.996820165556017,0.2118,True
136,0.24,0.22,0.19,0.24,0.11,0.7642357923190235,0.20827780010063157,0.10200930525359045,-0.06188231299824298,3.3657080676112603,0.2118,True
137,0.24,0.24,0.19,0.22,0.11,0.7586995803321224,0.20701289649115795,0.10235994161706512,-0.06144955675654995,3.368826520772134,0.2118,True
138,0.22,0.24,0.19,0.24,0.11,0.7498582658188913,0.20498733220496113,0.10004604597711537,-0.05959640224753138,3.4395923994464312,0.2118,True
139,0.25,0.18,0.25,0.2,0.12,0.8220798008693944,0.22133832677178567,0.1125919047303695,-0.07870784447141244,2.8121507869800477,0.21180000000000002,True
140,0.26,0.19,0.24,0.19,0.12,0.8198473222102183,0.22083942728785932,0.11290057576070109,-0.07665808888570291,2.8808365887796987,0.21180000000000002,True
141,0.25,0.18,0.2,0.25,0.12,0.8023340315729559,0.21691144461225065,0.10786969763307337,-0.06860650486331676,3.161674611531349,0.21180000000000002,True
142,0.26,0.19,0.19,0.24,0.12,0.8000706899925518,0.2164019549601428,0.10830711137746972,-0.06797118855972306,3.1837306297800083,0.21180000000000002,True
143,0.25,0.2,0.18,0.25,0.12,0.7888344011790773,0.21386626553292598,0.10642967372498102,-0.06551078170774505,3.2645964520316744,0.21180000000000002,True
144,0.25,0.19,0.23,0.22,0.11,0.792846129621847,0.21477280661714637,0.10643195854623322,-0.07017847870430194,3.0603799139347942,0.212,True
145,0.23,0.19,0.25,0.22,0.11,0.7917555439979878,0.21452649801841006,0.10616075796575285,-0.07373628805496668,2.9093747960094136,0.212,True
146,0.25,0.19,0.22,0.23,0.11,0.7888888094952167,0.21387856938939276,0.10547021560053042,-0.06788785062279734,3.1504690077427555,0.212,True
147,0.22,0.19,0.25,0.23,0.11,0.7872635679699835,0.21351093082573458,0.10507766454229481,-0.07327956247992873,2.9136490939641626,0.212,True
148,0.23,0.19,0.22,0.25,0.11,0.7799427236510834,0.21185214650978357,0.10316879692896058,-0.06687018570922687,3.1681106349993553,0.212,True
149,0.22,0.19,0.23,0.25,0.11,0.779408025510997,0.2117308144834975,0.10304758934967173,-0.0686580354203159,3.0838460959057152,0.212,True
150,0.25,0.22,0.19,0.23,0.11,0.7686725168803139,0.20928958586184265,0.10320397291937211,-0.06280372352661912,3.3324391311469945,0.212,True
151,0.23,0.22,0.19,0.25,0.11,0.7598045638793769,0.2072655729543158,0.10084120556598412,-0.06095957182691325,3.4000496844502015,0.212,True
152,0.19,0.22,0.23,0.25,0.11,0.7577014152344563,0.20678455517973915,0.10040096570659132,-0.0677414087944499,3.052557643245842,0.212,True
153,0.22,0.23,0.19,0.25,0.11,0.7526172751285987,0.2056201581943411,0.09987189824125689,-0.05981628863988142,3.4375278518575225,0.212,True
154,0.19,0.23,0.22,0.25,0.11,0.7510487150879528,0.20526046364892014,0.09955283264923,-0.06488652711093268,3.163375708149681,0.212,True
155,0.22,0.25,0.19,0.23,0.11,0.7471018008622654,0.20435442511508195,0.10022328893604818,-0.059375834801542404,3.4417103489679852,0.212,True
156,0.26,0.18,0.24,0.2,0.12,0.822674633813208,0.22147118731286874,0.11273970888164939,-0.07694854531976714,2.8781725033595342,0.21200000000000002,True
157,0.24,0.18,0.26,0.2,0.12,0.821470866389167,0.2212022865846366,0.11250212266557474,-0.08046454818235249,2.7490651669768615,0.21200000000000002,True
158,0.26,0.18,0.2,0.24,0.12,0.8068385330586951,0.21792416278284832,0.10902879891138335,-0.06951063795971912,3.1351195900278412,0.21200000000000002,True
159,0.24,0.18,0.2,0.26,0.12,0.7978350935563432,0.2158982914056966,0.10673618824794293,-0.06770108380608797,3.1889931337595825,0.21200000000000002,True
160,0.26,0.2,0.18,0.24,0.12,0.7933128280173125,0.21487817985795843,0.10760728704309733,-0.0664225353084893,3.235019242490363,0.21200000000000002,True
161,0.25,0.2,0.2,0.24,0.11,0.7781841442811075,0.21145300366147057,0.1037680935724083,-0.06458593140534041,3.2739793181024894,0.2122,True
162,0.24,0.2,0.2,0.25,0.11,0.7737304747239633,0.21044098044713477,0.10258489040614076,-0.06366997794155782,3.3051838126957875,0.2122,True
163,0.2,0.2,0.24,0.25,0.11,0.7716036612601596,0.2099570992514197,0.10211526259701005,-0.07079026329784999,2.9659036351938024,0.2122,True
164,0.2,0.24,0.2,0.25,0.11,0.7449329528229793,0.20385597154147184,0.0987953743013959,-0.059367970790136004,3.433770243926588,0.2122,True
165,0.2,0.25,0.2,0.24,0.11,0.7421798302677132,0.20322264224867492,0.09896949175050938,-0.05907342180619746,3.440170486744254,0.2122,True
166,0.25,0.19,0.21,0.24,0.11,0.784929965445692,0.21298266711082303,0.1045267469485658,-0.06614495056228242,3.2199384125365316,0.21239999999999998,True
167,0.21,0.19,0.25,0.24,0.11,0.782777152509541,0.21249492069931053,0.10402314588072005,-0.07344136778154964,2.893395467951711,0.21239999999999998,True
168,0.24,0.19,0.21,0.25,0.11,0.7804632611596294,0.21197024190735303,0.1033538074620816,-0.06523285403779722,3.2494399491479133,0.21239999999999998,True
169,0.21,0.19,0.24,0.25,0.11,0.7788592038906696,0.21160625231808083,0.10299064693092426,-0.07100204686997225,2.980283831895726,0.21239999999999998,True
170,0.25,0.21,0.19,0.24,0.11,0.7714483647054355,0.2099217518423362,0.10303187065679706,-0.06301753384450215,3.331164186150557,0.21239999999999998,True
171,0.24,0.21,0.19,0.25,0.11,0.7670077225336969,0.20891013156399474,0.10183852066010197,-0.06209769346641669,3.3642172503069907,0.21239999999999998,True
172,0.21,0.24,0.19,0.25,0.11,0.745445842250356,0.20397388317426657,0.09893170999023379,-0.05866780871296273,3.476759873071555,0.21239999999999998,True
173,0.21,0.25,0.19,0.24,0.11,0.742693283643139,0.20334080784015796,0.09910754630878416,-0.05844564192023216,3.4791440586396805,0.21239999999999998,True
174,0.27,0.19,0.23,0.19,0.12,0.8204285274341241,0.22096935043708466,0.11310728078373464,-0.07489330963929441,2.950455140804036,0.2124,True
175,0.27,0.19,0.19,0.23,0.12,0.8045677032767635,0.21741383735960929,0.10950008168710412,-0.068877822804989,3.156514368567722,0.2124,True
176,0.27,0.18,0.23,0.2,0.12,0.8232553280693435,0.2216008619846539,0.112945094357677,-0.07518664497121597,2.9473434021359823,0.2126,True
177,0.23,0.18,0.27,0.2,0.12,0.8208478675238136,0.2210630729309,0.11247072045618244,-0.08293019950741409,2.6656522502533786,0.2126,True
178,0.27,0.2,0.23,0.18,0.12,0.8176043005912166,0.2203377606089676,0.11327218980856954,-0.07459908596686682,2.9536254734653262,0.2126,True
179,0.27,0.18,0.2,0.23,0.12,0.8113485996888459,0.218936447060335,0.11021247118309999,-0.07041348584152718,3.109297096199357,0.2126,True
180,0.27,0.2,0.18,0.23,0.12,0.7977967952990903,0.21588965945082172,0.10880942939975351,-0.0673329851190908,3.2062986524209647,0.2126,True
181,0.26,0.2,0.2,0.23,0.11,0.7826433260876908,0.2124645877057063,0.10497682065506235,-0.06550057094091277,3.2437058891802315,0.2126,True
182,0.23,0.2,0.2,0.26,0.11,0.7692823157409536,0.20942851689129305,0.10142833740568492,-0.06275270771623487,3.337362235241228,0.2126,True
183,0.2,0.2,0.23,0.26,0.11,0.7676977223893828,0.20906743119829585,0.10109158070607596,-0.06833872624501058,3.059281942843643,0.2126,True
184,0.23,0.22,0.23,0.22,0.1,0.7569888145309773,0.2066214869847256,0.10028118222333057,-0.06445804595227655,3.205518937662243,0.2126,True
185,0.23,0.22,0.22,0.23,0.1,0.7530510437409483,0.20571959001157225,0.09928310498606764,-0.0621326598726738,3.3109734949887213,0.2126,True
186,0.22,0.22,0.23,0.23,0.1,0.7525641570205213,0.2056079809205842,0.0991296357543215,-0.06394201658395515,3.2155379499272314,0.2126,True
187,0.23,0.23,0.22,0.22,0.1,0.7502896092282152,0.20508631204773353,0.09945973161475916,-0.06181289020041092,3.3178567024256402,0.2126,True
188,0.2,0.23,0.2,0.26,0.11,0.7476886185275247,0.20448921904272344,0.0986243996913302,-0.05975166147434463,3.4223185430671963,0.2126,True
189,0.22,0.23,0.22,0.23,0.1,0.7458779559336763,0.20407320679387886,0.09829690159106856,-0.0612933828391834,3.3294492380900165,0.2126,True
190,0.24,0.16,0.24,0.24,0.12,0.8192450123693416,0.22070475719921578,0.11020376300540712,-0.07653641725146443,2.8836567626895664,0.2128,True
191,0.26,0.19,0.21,0.23,0.11,0.7894021943316167,0.21399465357496972,0.10572523806148827,-0.06705574260035496,3.1912949626157285,0.2128,True
192,0.21,0.19,0.26,0.23,0.11,0.7866935822938073,0.2133819441408369,0.10507252550689651,-0.07587277518109481,2.8123650892106182,0.2128,True
193,0.23,0.19,0.21,0.26,0.11,0.7760020797981328,0.21095737679630466,0.10220753076962902,-0.06456807044531976,3.2672089368840043,0.2128,True
194,0.26,0.21,0.19,0.23,0.11,0.7758945067761802,0.21093293251931478,0.1042507120635918,-0.06393605075269149,3.2991235779516024,0.2128,True
195,0.21,0.19,0.23,0.26,0.11,0.7749397398493059,0.21071593347652517,0.10197553648982235,-0.06855477374918495,3.0736872423713657,0.2128,True
196,0.23,0.21,0.19,0.26,0.11,0.7625725785856272,0.2078980705097171,0.10067180310787202,-0.061176526755937544,3.398330724774913,0.2128,True
197,0.19,0.21,0.23,0.26,0.11,0.7604716527236215,0.20741806488073244,0.1002383675812503,-0.06812198583201512,3.0448035586075455,0.2128,True
198,0.21,0.23,0.19,0.26,0.11,0.7482009435590131,0.20460687709859648,0.09875900686310364,-0.058889289016884394,3.4744327960884838,0.2128,True
199,0.26,0.18,0.25,0.19,0.12,0.8266297260692907,0.2223538534477807,0.11371060284724371,-0.07920229807779355,2.8074166892150245,0.213,True
200,0.25,0.18,0.26,0.19,0.12,0.8260242398788744,0.2222188085016923,0.1135874088332347,-0.08095739779895994,2.7448857614411506,0.213,True
201,0.26,0.19,0.25,0.18,0.12,0.8237979401134199,0.2217220076434776,0.1138715268199508,-0.07891566167254116,2.809607154578622,0.213,True
202,0.25,0.16,0.24,0.23,0.12,0.8237881939104221,0.2217198318805469,0.11130223292933372,-0.07703197656989003,2.8782830423594756,0.213,True
203,0.24,0.16,0.25,0.23,0.12,0.8231908966709331,0.2215864751854124,0.11119074649624766,-0.07878716281763398,2.812469281300448,0.213,True
204,0.25,0.16,0.23,0.24,0.12,0.8198316554552985,0.22083592474418756,0.11034020513994897,-0.07477703419362147,2.9532586726075984,0.213,True
205,0.23,0.16,0.25,0.24,0.12,0.8186442560145915,0.22057040483775459,0.11012674147896867,-0.07884365528101589,2.7975669576910636,0.213,True
206,0.24,0.16,0.23,0.25,0.12,0.8152975541005161,0.21982141072720296,0.10923366809974215,-0.07427916417660263,2.9593953185117425,0.213,True
207,0.23,0.16,0.24,0.25,0.12,0.8147074378197392,0.21968924685085578,0.10913174378221359,-0.07644000309708232,2.874008869045182,0.213,True
208,0.26,0.18,0.19,0.25,0.12,0.8028755919980981,0.21703328935207544,0.10814643918449504,-0.06817487955590906,3.183478882043204,0.213,True
209,0.25,0.18,0.24,0.22,0.11,0.7996079290762284,0.21629773254908824,0.10724858299102219,-0.07276101058856099,2.9727147932589757,0.213,True
210,0.24,0.18,0.25,0.22,0.11,0.7990596297860444,0.21617422216564153,0.10710989835300205,-0.07453403509358225,2.9003423992035446,0.213,True
211,0.25,0.18,0.19,0.26,0.12,0.7983801867486953,0.21602113540067247,0.10697944307123579,-0.067268476631415,3.2113278941088526,0.213,True
212,0.26,0.19,0.18,0.25,0.12,0.7961106788935128,0.21550950802429591,0.10744377761956103,-0.06662919448591098,3.2344606547789843,0.213,True
213,0.25,0.18,0.22,0.24,0.11,0.7916858246135603,0.2145107485069906,0.10530723572851856,-0.06819426233531622,3.1455835309461286,0.213,True
214,0.25,0.19,0.18,0.26,0.12,0.7916283137092659,0.21449775656659975,0.10626755183958282,-0.06571897917260006,3.2638631833166,0.213,True
215,0.22,0.18,0.25,0.24,0.11,0.7900622195242839,0.21414386277304698,0.10491930048822835,-0.0736482536820664,2.9076570328128737,0.213,True
216,0.24,0.18,0.22,0.25,0.11,0.787206078255072,0.21349792225530662,0.10414466098343546,-0.06768678698045794,3.154203822925533,0.213,True
217,0.22,0.18,0.24,0.25,0.11,0.7861307302172611,0.2132545448504386,0.10389554789471628,-0.07125061953791512,2.993020218399054,0.213,True
218,0.25,0.22,0.18,0.24,0.11,0.7647226303042909,0.20838890529067333,0.10231867748575814,-0.06143967299966202,3.391764557272622,0.213,True
219,0.24,0.21,0.23,0.22,0.1,0.7641913602333903,0.20826765888111076,0.1012857292462035,-0.06528705355387665,3.1900299913097263,0.213,True
220,0.23,0.21,0.24,0.22,0.1,0.7636980990916071,0.20815506507006765,0.10112455952427622,-0.06708729797789736,3.1027492736202698,0.213,True
221,0.24,0.22,0.18,0.25,0.11,0.760295008174404,0.20737768890116248,0.10111531390339089,-0.06051591539944812,3.4268289181832934,0.213,True
222,0.24,0.21,0.22,0.23,0.1,0.7602399725556683,0.20736510875348357,0.1002974039393158,-0.06296814414659102,3.2931748515683377,0.213,True
223,0.22,0.21,0.24,0.23,0.1,0.7592604300217214,0.20714115915036158,0.09998436871250256,-0.06657471422475869,3.1114089119638635,0.213,True
224,0.23,0.21,0.22,0.24,0.1,0.7558150254364409,0.20635278643940835,0.09910958069734206,-0.062451444969039205,3.304211560544506,0.213,True
225,0.22,0.21,0.23,0.24,0.1,0.7553287299647138,0.20624142994004924,0.0989577511624065,-0.06425777810875599,3.209594791637311,0.213,True
226,0.24,0.23,0.22,0.21,0.1,0.7547067385966675,0.20609897053793103,0.10065016790231271,-0.062331645972019345,3.3064901034451872,0.213,True
227,0.24,0.22,0.21,0.23,0.1,0.7535237288116394,0.20582792388654325,0.09950303738104456,-0.06094137806721445,3.377474064658141,0.213,True
228,0.24,0.23,0.21,0.22,0.1,0.7507628950429699,0.20519489765191,0.09968121627106885,-0.06072334743696972,3.3791763187116857,0.213,True
229,0.23,0.22,0.21,0.24,0.1,0.7491118037415705,0.2048160040258622,0.09830394349493148,-0.060015685736706015,3.412707886475007,0.213,True
230,0.21,0.22,0.23,0.24,0.1,0.7481449862590948,0.20459402733779952,0.09800693020838225,-0.06342524129334315,3.225750870880374,0.213,True
231,0.22,0.24,0.18,0.25,0.11,0.7459446225717108,0.2040885290143648,0.09913519395628242,-0.058220396230210025,3.505447269842955,0.213,True
232,0.23,0.24,0.21,0.22,0.1,0.7436004867689474,0.20354953383583418,0.09866087555561365,-0.05957576472438508,3.4166499545161337,0.213,True
233,0.22,0.25,0.18,0.24,0.11,0.7431926378557574,0.2034557064024769,0.09931267024179857,-0.057997366786183946,3.50801627171363,0.213,True
234,0.22,0.23,0.21,0.24,0.1,0.7419523173044267,0.20317027524322095,0.09730812724142886,-0.05895456689742984,3.4462177560679916,0.213,True
235,0.21,0.23,0.22,0.24,0.1,0.741471777037723,0.20305965356805444,0.09716291663182373,-0.06077312225376208,3.3412740046523495,0.213,True
236,0.22,0.24,0.21,0.23,0.1,0.739201830346798,0.20253683035307746,0.09748685150820816,-0.058645537716122575,3.453576149876394,0.213,True
237,0.28,0.19,0.21,0.2,0.12,0.8170220385364828,0.22020746635813815,0.11246804611880742,-0.07244638381969881,3.039592243916277,0.21300000000000002,True
238,0.28,0.2,0.21,0.19,0.12,0.8142028214997601,0.21957620902338304,0.11263419688185151,-0.07224974820257235,3.039127671528208,0.21300000000000002,True
239,0.28,0.19,0.2,0.21,0.12,0.8130469388217636,0.21931720363517693,0.11158310395508424,-0.07111671129622166,3.0839053105487033,0.21300000000000002,True
240,0.25,0.19,0.2,0.25,0.11,0.7809696008853746,0.2120850941402721,0.1036020490419785,-0.06479604993470645,3.273117641491813,0.2132,True
241,0.25,0.2,0.19,0.25,0.11,0.7742267651225725,0.21055383810397288,0.10286275497515648,-0.06323068843370028,3.329931135017554,0.2132,True
242,0.24,0.21,0.21,0.24,0.1,0.7562871093152426,0.2064608689658438,0.09932794937217643,-0.06115873687119833,3.3758197034162927,0.21339999999999998,True
243,0.21,0.21,0.24,0.24,0.1,0.7548282600513161,0.20612680616480739,0.09887300784276228,-0.06606139176060655,3.1202310558604376,0.21339999999999998,True
244,0.21,0.24,0.21,0.24,0.1,0.7348086359727974,0.20152367844450114,0.09634166991194298,-0.058104889105807245,3.468274039341726,0.21339999999999998,True
245,0.27,0.18,0.24,0.19,0.12,0.8272210880706381,0.22248571939056605,0.11389097023550035,-0.07744460711809453,2.872836827118249,0.2134,True
246,0.24,0.18,0.27,0.19,0.12,0.8254046666506729,0.22208059073561848,0.1135217875357085,-0.08277023178401699,2.683097364220532,0.2134,True
247,0.27,0.19,0.24,0.18,0.12,0.8243898057988159,0.22185412246102088,0.11405320768486239,-0.07715510516005697,2.8754302388777546,0.2134,True
248,0.26,0.16,0.23,0.23,0.12,0.8243713552284724,0.22185000440119262,0.11147227114444261,-0.07527420119140238,2.9472249574204947,0.2134,True
249,0.23,0.16,0.26,0.23,0.12,0.8225795006612742,0.22144994052945233,0.11113820868356739,-0.08123959562048144,2.7258867900324977,0.2134,True
250,0.28,0.19,0.22,0.19,0.12,0.8209955667622941,0.22109608027788874,0.11337099832550047,-0.07377219978474392,2.997010810617191,0.2134,True
251,0.28,0.18,0.21,0.21,0.12,0.8198438268181789,0.2208386458410292,0.11230462891918416,-0.07264242444015967,3.040078129866776,0.2134,True
252,0.23,0.16,0.23,0.26,0.12,0.8107690494888133,0.21880646120894975,0.10815366447947765,-0.07402860177534332,2.9557016607306443,0.2134,True
253,0.28,0.19,0.19,0.22,0.12,0.8090702710302622,0.21842528658765303,0.11071660061529374,-0.06978316536276064,3.1300570195145427,0.2134,True
254,0.27,0.18,0.19,0.24,0.12,0.8073765521435252,0.21804500958104667,0.10933804380562402,-0.06907999216413796,3.156413351393547,0.2134,True
255,0.27,0.19,0.18,0.24,0.12,0.8005985866233551,0.21652082534130224,0.10864458936899343,-0.06753811019105938,3.205905891189195,0.2134,True
256,0.26,0.18,0.23,0.22,0.11,0.8001420414835703,0.21641802306042646,0.10744815025667385,-0.0709853487516211,3.0487703007232754,0.2134,True
257,0.23,0.18,0.26,0.22,0.11,0.7984971807642991,0.21604749832079118,0.10703255648953967,-0.07630442813803462,2.831388735788197,0.2134,True
258,0.26,0.18,0.22,0.23,0.11,0.7961711079223694,0.21552313644964527,0.10649538482222039,-0.068701014057576,3.137117252287173,0.2134,True
259,0.22,0.18,0.26,0.23,0.11,0.7939921836433148,0.2150315351207368,0.10595991984276794,-0.07607546453878944,2.826555663174377,0.2134,True
260,0.26,0.19,0.2,0.24,0.11,0.78543271046924,0.21309651371752025,0.10480944120272725,-0.0657091416539205,3.243026896316275,0.2134,True
261,0.23,0.18,0.22,0.26,0.11,0.7827318671715817,0.21248465652947068,0.10300875640849008,-0.06717858644189345,3.1629819527873013,0.2134,True
262,0.22,0.18,0.23,0.26,0.11,0.7821977191343912,0.21236357583145238,0.10288916072143814,-0.06896348306418587,3.079362677111317,0.2134,True
263,0.26,0.2,0.19,0.24,0.11,0.7786768285574419,0.2115648542052766,0.10408030305933194,-0.06414764475827384,3.2980923150415236,0.2134,True
264,0.24,0.19,0.2,0.26,0.11,0.7765120056529664,0.21107323599625105,0.1024202421776338,-0.06388164851763123,3.304129447097709,0.2134,True
265,0.2,0.19,0.24,0.26,0.11,0.7743874000578446,0.2105903623742451,0.10195717502021213,-0.0711641251189582,2.9592208436796144,0.2134,True
266,0.24,0.2,0.19,0.26,0.11,0.7697822036887279,0.209542383006188,0.10167075996917868,-0.06231241291530565,3.3627711270143834,0.2134,True
267,0.23,0.22,0.18,0.26,0.11,0.7558728719177814,0.20636603130081177,0.0999385601475005,-0.059590821794317295,3.4630506022068532,0.2134,True
268,0.22,0.23,0.18,0.26,0.11,0.7486991495412656,0.20472127059675094,0.09896083957420629,-0.05844273599805938,3.5029378262432616,0.2134,True
269,0.22,0.26,0.18,0.23,0.11,0.740443194298732,0.20282280260357988,0.09949326649351448,-0.05784416667108827,3.5063657111159485,0.2134,True
270,0.25,0.18,0.21,0.25,0.11,0.7877224810085028,0.2136147620526272,0.10436371946870585,-0.06635206545390948,3.219413903565845,0.21359999999999998,True
271,0.21,0.18,0.25,0.25,0.11,0.7855718592354464,0.21312802017789112,0.1038664146049433,-0.07380979918547692,2.8875301454529216,0.21359999999999998,True
272,0.25,0.21,0.18,0.25,0.11,0.767493977305719,0.20902098758320276,0.10214643785761238,-0.06165589649432335,3.3901216180101654,0.21359999999999998,True
273,0.25,0.21,0.21,0.23,0.1,0.760708411029889,0.20747217693952424,0.10055228868889662,-0.062081511062571204,3.341931814939484,0.21359999999999998,True
274,0.23,0.21,0.21,0.25,0.1,0.7518712793054914,0.20544911684463996,0.09813017297495961,-0.06023462884880204,3.4108140246094663,0.21359999999999998,True
275,0.21,0.21,0.23,0.25,0.1,0.750905648944632,0.20522764572893282,0.09783651926145844,-0.06374202623803471,3.2196598985187888,0.21359999999999998,True
276,0.21,0.25,0.18,0.25,0.11,0.7387931780382764,0.2024426595982567,0.0981884321178065,-0.05706478722738306,3.547593348444358,0.21359999999999998,True
277,0.21,0.23,0.21,0.25,0.1,0.737555225498103,0.2021572929457105,0.09616432462694302,-0.0584318359828484,3.459711466280986,0.21359999999999998,True
278,0.28,0.18,0.22,0.2,0.12,0.8238218464865339,0.22172734451984732,0.11320754013154244,-0.07396595355988167,2.9976946669164533,0.2136,True
279,0.28,0.18,0.2,0.22,0.12,0.8158642331387249,0.2199482985826493,0.11141972284078597,-0.07131505124716975,3.084177810099776,0.2136,True
280,0.24,0.2,0.24,0.22,0.1,0.770920728680643,0.20980163994540724,0.10212098927058737,-0.06790790466480356,3.089502481058685,0.2136,True
281,0.24,0.2,0.22,0.24,0.1,0.7630104138814617,0.20799805617865985,0.10012561836977768,-0.06328492670895147,3.2866919027219024,0.2136,True
282,0.22,0.2,0.24,0.24,0.1,0.7620320501163307,0.20777461060795543,0.09981580295817152,-0.06688548944075368,3.1064228182407123,0.2136,True
283,0.24,0.22,0.2,0.24,0.1,0.7495739068359426,0.20492207180070787,0.09855325478452719,-0.059570222740723544,3.440008487002325,0.2136,True
284,0.22,0.24,0.2,0.24,0.1,0.7352792319670016,0.20163228833722702,0.09651793741284541,-0.057264713737138706,3.5210564268735625,0.2136,True
285,0.26,0.18,0.24,0.21,0.11,0.8041114413563859,0.21731124959715276,0.10841865519133408,-0.07326304262187677,2.9661783324879596,0.2138,True
286,0.24,0.18,0.26,0.21,0.11,0.803007752478601,0.21706302020475565,0.10813264714111287,-0.07680320032083743,2.8262236377910988,0.2138,True
287,0.24,0.17,0.24,0.24,0.11,0.7979145992547874,0.2159162106181951,0.10594543167490615,-0.07255691061445357,2.9758186889393814,0.2138,True
288,0.26,0.18,0.21,0.24,0.11,0.7921986440848994,0.21462658415889746,0.1055608359239109,-0.06726132229805604,3.190936140205803,0.2138,True
289,0.21,0.18,0.26,0.24,0.11,0.7894927594403347,0.2140151294308581,0.10491581129142981,-0.07623673742149195,2.807244075092397,0.2138,True
290,0.24,0.18,0.21,0.26,0.11,0.7832518446340286,0.2126025018088198,0.10319221566315871,-0.06544150830860962,3.248740857350462,0.2138,True
291,0.21,0.18,0.24,0.26,0.11,0.78164943767374,0.2122392662012922,0.1028338890294303,-0.07137497460477182,2.973580969752146,0.2138,True
292,0.26,0.21,0.18,0.24,0.11,0.7719310019351189,0.21003159925566628,0.10337400589886843,-0.06257674748386388,3.356384083557959,0.2138,True
293,0.24,0.21,0.18,0.26,0.11,0.763062442326913,0.2080099364840764,0.10094438603693404,-0.06073371671437544,3.424949891710501,0.2138,True
294,0.21,0.24,0.18,0.26,0.11,0.7415412611663497,0.20307565026183028,0.09801235626519418,-0.05728942388070657,3.5447319331521556,0.2138,True
295,0.25,0.2,0.22,0.23,0.1,0.7674447564088676,0.2090097671629778,0.1013386774996915,-0.06379986131264581,3.2760222806558024,0.21380000000000002,True
296,0.22,0.2,0.25,0.23,0.1,0.765966771351672,0.20867274785362766,0.10086042534757335,-0.06919161915497674,3.015867389751906,0.21380000000000002,True
297,0.23,0.2,0.22,0.25,0.1,0.7585815554093842,0.20698590148927365,0.09893916046635094,-0.06276925002980582,3.297568497169982,0.21380000000000002,True
298,0.22,0.2,0.23,0.25,0.1,0.7580958516341834,0.20687479720026625,0.09878898043705127,-0.06457256962343993,3.203756616883501,0.21380000000000002,True
299,0.25,0.22,0.2,0.23,0.1,0.7539821750813405,0.20593297579708914,0.09978876110641237,-0.06049693754014773,3.4040231484515284,0.21380000000000002,True
300,0.23,0.22,0.2,0.25,0.1,0.7451710979449857,0.20391072321385972,0.09734426684760741,-0.058642164357309734,3.4772032282338894,0.21380000000000002,True
301,0.2,0.22,0.23,0.25,0.1,0.7437313005714044,0.203579625026032,0.09691431956678638,-0.06290771846191923,3.2361629066116517,0.21380000000000002,True
302,0.22,0.23,0.2,0.25,0.1,0.7380252192313379,0.20226564951799952,0.0963388914157402,-0.05748908383088003,3.518331412499452,0.21380000000000002,True
303,0.2,0.23,0.22,0.25,0.1,0.7370710708650603,0.20204565115661022,0.09605905192730294,-0.060252106804830285,3.353337532429864,0.21380000000000002,True
304,0.22,0.25,0.2,0.23,0.1,0.7325357838455029,0.2009988451337812,0.09670017983692802,-0.0570396459453717,3.523844543605387,0.21380000000000002,True
305,0.25,0.17,0.24,0.23,0.11,0.8024165021124348,0.2169300010912143,0.10708854253633562,-0.07305868348959899,2.969256914164044,0.214,True
306,0.24,0.17,0.25,0.23,0.11,0.8018687441245038,0.21680674089987062,0.10695133542955154,-0.07482880254450286,2.897370177358235,0.214,True
307,0.25,0.17,0.23,0.24,0.11,0.7984517181991151,0.21603725412089547,0.10610897015176878,-0.07078252859102685,3.0521268231194933,0.214,True
308,0.23,0.17,0.25,0.24,0.11,0.7973633061370591,0.21579194779099775,0.1058438006581315,-0.07432865932828203,2.9032132388924845,0.214,True
309,0.24,0.17,0.23,0.25,0.11,0.7939589224246635,0.2150240277560136,0.10495684605670247,-0.07027840504649274,3.059603125793254,0.214,True
310,0.23,0.17,0.24,0.25,0.11,0.7934182542709776,0.21490198093499457,0.10482892769706359,-0.07205442387833816,2.98249530518557,0.214,True
311,0.27,0.19,0.2,0.23,0.11,0.7899013360799054,0.21410749589156697,0.10604132451800166,-0.0666209264870814,3.2138174471813294,0.21400000000000002,True
312,0.27,0.2,0.19,0.23,0.11,0.7831323956686684,0.21257543247679567,0.1053222965521086,-0.06506328472971312,3.2672102762699384,0.21400000000000002,True
313,0.23,0.19,0.2,0.27,0.11,0.77205992309673,0.21006093811682613,0.10126514987210845,-0.06296593458281308,3.336104506486012,0.21400000000000002,True
314,0.2,0.19,0.23,0.27,0.11,0.7704769925830421,0.20970060868786078,0.10093343065655225,-0.0687171273476479,3.051649811072007,0.21400000000000002,True
315,0.23,0.2,0.19,0.27,0.11,0.7653431425806079,0.2085304877401386,0.10050546223194134,-0.0613928153542197,3.396659471258565,0.21400000000000002,True
316,0.19,0.2,0.23,0.27,0.11,0.7632444412928785,0.20805149274443946,0.10007886479833764,-0.06850134076316061,3.0371886218076423,0.21400000000000002,True
317,0.25,0.2,0.21,0.24,0.1,0.7634782480564564,0.20810487420676638,0.10037900208882451,-0.06229662651881018,3.3405480494827446,0.2142,True
318,0.21,0.2,0.25,0.24,0.1,0.7615215948287533,0.2076579964134344,0.09976045784034358,-0.06868171744431495,3.0234828734706176,0.2142,True
319,0.24,0.2,0.21,0.25,0.1,0.7590530376484477,0.20709373304694845,0.09915595400707627,-0.06137542694933118,3.374212503937705,0.2142,True
320,0.21,0.2,0.24,0.25,0.1,0.7575959634741112,0.20676042687376572,0.09870595924422383,-0.06637317843317969,3.1151201698426876,0.2142,True
321,0.25,0.21,0.2,0.24,0.1,0.756744944449846,0.20656567077419652,0.09961218647524642,-0.06071514571128056,3.4022099157347108,0.2142,True
322,0.24,0.21,0.2,0.25,0.1,0.7523327739242325,0.20555493370371347,0.09837792178391844,-0.05979001860899158,3.437947311038316,0.2142,True
323,0.2,0.21,0.24,0.25,0.1,0.7504015875050689,0.2051120049063586,0.0977917094944407,-0.06566355506116162,3.12368108481652,0.2142,True
324,0.21,0.24,0.2,0.25,0.1,0.7308951237522743,0.20061970844247345,0.09536298820382921,-0.056330741254773886,3.5614604738664157,0.2142,True
325,0.2,0.24,0.21,0.25,0.1,0.7304209019716397,0.20051007689313072,0.09522662692326544,-0.057580348077208354,3.4822658005517906,0.2142,True
326,0.21,0.25,0.2,0.24,0.1,0.7281555666499351,0.19998609550888702,0.09554390281748111,-0.05627192819720972,3.5539229224209072,0.2142,True
327,0.26,0.18,0.26,0.18,0.12,0.830583238328114,0.22323489438361843,0.11469790779172788,-0.08144955240176277,2.7407749680744358,0.2144,True
328,0.26,0.17,0.23,0.23,0.11,0.8029500632743207,0.21705004260653915,0.10728668617428533,-0.07128593541740047,3.0447807317901665,0.2144,True
329,0.23,0.17,0.26,0.23,0.11,0.8013068264618108,0.21668026844021115,0.10687552364399595,-0.07659629842610138,2.828860831300615,0.2144,True
330,0.26,0.18,0.18,0.26,0.12,0.7989110914129636,0.21614075795978582,0.10728312965083388,-0.0668352247082662,3.233934783689797,0.2144,True
331,0.23,0.17,0.23,0.26,0.11,0.7894716742756716,0.21401036234990634,0.10383139413294216,-0.06977356325208228,3.0672127432666203,0.2144,True
332,0.26,0.19,0.19,0.25,0.11,0.781461705677029,0.21219669662591478,0.10391284446242911,-0.06435859129058741,3.2970997713082175,0.2144,True
333,0.23,0.18,0.21,0.27,0.11,0.7787867332861491,0.21158980226197333,0.10204743854641612,-0.06488043647653674,3.2612265538394203,0.2144,True
334,0.21,0.18,0.23,0.27,0.11,0.777725498167342,0.21134886198295444,0.10181874290772995,-0.06893222517676167,3.0660385826947603,0.2144,True
335,0.25,0.19,0.19,0.26,0.11,0.7770077192263787,0.21118584480025238,0.10269662672122962,-0.0634431903061472,3.3287393616425676,0.2144,True
336,0.23,0.21,0.18,0.27,0.11,0.7586363953233919,0.2069984447833435,0.09976900922753743,-0.05981020526576997,3.4609218253562988,0.2144,True
337,0.25,0.15,0.24,0.24,0.12,0.8266192612801462,0.22235151968125066,0.1111510681664693,-0.07732076626613327,2.8757024848399793,0.21459999999999999,True
338,0.24,0.15,0.25,0.24,0.12,0.826022463749275,0.2222184123177331,0.11104102311240187,-0.0790731044243782,2.8102907295141337,0.21459999999999999,True
339,0.24,0.15,0.24,0.25,0.12,0.8220721083193792,0.22133660839181246,0.110054167484808,-0.07682615577016327,2.8810059044731253,0.21459999999999999,True
340,0.27,0.18,0.25,0.18,0.12,0.8311852676556228,0.22336894539346952,0.114853640161602,-0.07969605389444434,2.8027604188447865,0.2146,True
341,0.28,0.17,0.23,0.2,0.12,0.8306316339148148,0.2232456714853397,0.11396722020983938,-0.07597581404385834,2.938378144345611,0.2146,True
342,0.23,0.17,0.28,0.2,0.12,0.8276068596625479,0.2225717260431328,0.11336006765397501,-0.08566451572351064,2.598178769392704,0.2146,True
343,0.28,0.17,0.2,0.23,0.12,0.8186840976958571,0.22057931589504132,0.11125909527235135,-0.071512791082048,3.084473596366368,0.2146,True
344,0.27,0.18,0.18,0.25,0.12,0.8034029412425037,0.2171519132942452,0.10848257721950683,-0.0677426114219235,3.205543877571399,0.2146,True
345,0.25,0.18,0.18,0.27,0.12,0.7944247862310414,0.21512916907466484,0.10610832530509123,-0.06592654254839003,3.2631647400098402,0.2146,True
346,0.26,0.18,0.2,0.25,0.11,0.7882246533832673,0.2137283605462681,0.1046449888952872,-0.06591707605154828,3.2423822983156723,0.2146,True
347,0.25,0.18,0.2,0.26,0.11,0.7837576143704614,0.21271710513666586,0.10343896792106627,-0.06500552696784756,3.272292604317754,0.2146,True
348,0.26,0.2,0.18,0.25,0.11,0.7747088160316966,0.2106634375166352,0.10320348965732043,-0.06279073868211782,3.355008110083439,0.2146,True
349,0.25,0.2,0.18,0.26,0.11,0.770267874799687,0.2096529902273847,0.10197720925818661,-0.06187145588333276,3.388525245352471,0.2146,True
350,0.25,0.19,0.22,0.24,0.1,0.7702216638649468,0.2096424669742274,0.10116861965952725,-0.0641146561297542,3.269805682962042,0.2146,True
351,0.22,0.19,0.25,0.24,0.1,0.7687454413681409,0.20930620199538996,0.10069510970010166,-0.06949746207687146,3.0117100069622027,0.2146,True
352,0.24,0.19,0.22,0.25,0.1,0.7657834062310089,0.20863092269129613,0.09995689904414419,-0.06360073758583584,3.280322376917829,0.2146,True
353,0.22,0.19,0.24,0.25,0.1,0.7648062221303848,0.20840798039401132,0.09965032270589212,-0.06719531282768876,3.101525562183765,0.2146,True
354,0.21,0.2,0.2,0.28,0.11,0.7604025227960296,0.20740226404381557,0.09919985701153494,-0.06091420560687921,3.404825885481022,0.2146,True
355,0.2,0.2,0.21,0.28,0.11,0.759881331088943,0.20728312337318178,0.09909857516163213,-0.0634115589812152,3.2688539235344543,0.2146,True
356,0.23,0.2,0.21,0.26,0.1,0.7546333010473607,0.20608214835666705,0.09795953537582665,-0.06045289787468566,3.4089705473484484,0.2146,True
357,0.21,0.2,0.23,0.26,0.1,0.753668858703813,0.20586118204899218,0.09766926105306195,-0.06405783732750236,3.213676743354688,0.2146,True
358,0.25,0.22,0.19,0.24,0.1,0.7500217566306946,0.20502485015512217,0.09886882448570859,-0.05912408502416133,3.467704406272635,0.2146,True
359,0.23,0.21,0.2,0.26,0.1,0.7479260648551149,0.2045437526614282,0.09717024225985195,-0.058863552295633226,3.474879525349377,0.2146,True
360,0.2,0.21,0.23,0.26,0.1,0.7464880551003215,0.20421341341593902,0.09674545717777049,-0.06322552945628579,3.2299201789544907,0.2146,True
361,0.24,0.22,0.19,0.25,0.1,0.7456226186439796,0.20401451814634353,0.0976234727837457,-0.05819499963073238,3.5057052915351314,0.2146,True
362,0.21,0.23,0.2,0.26,0.1,0.7336372183457989,0.2012532390393451,0.0951853117394386,-0.056556723171932166,3.558431743429269,0.2146,True
363,0.2,0.23,0.21,0.26,0.1,0.7331635961666583,0.20114386163580078,0.09505073723498166,-0.05790834549376378,3.473486591970793,0.2146,True
364,0.22,0.24,0.19,0.25,0.1,0.7313551800776881,0.20072604605682254,0.0955691637423435,-0.0558797745824815,3.5921055078799626,0.2146,True
365,0.22,0.25,0.19,0.24,0.1,0.7286162320721978,0.20009268639563849,0.0957517647633302,-0.05565221438427714,3.5954128440245614,0.2146,True
366,0.25,0.15,0.25,0.23,0.12,0.8305786978267031,0.2232338832600711,0.11212982703009233,-0.0795654229492937,2.8056645083422227,0.2148,True
367,0.25,0.15,0.23,0.25,0.12,0.8226582444130139,0.22146752700083394,0.11018915848095268,-0.07506963402423017,2.9501612719911625,0.2148,True
368,0.29,0.19,0.21,0.19,0.12,0.8215484030434592,0.2212196104956503,0.11369112993630603,-0.07334592310426269,3.016113249828245,0.2148,True
369,0.23,0.15,0.25,0.25,0.12,0.8214718490137716,0.22120250613421444,0.10997864149851909,-0.07919950229669526,2.792978487485325,0.2148,True
370,0.29,0.19,0.19,0.21,0.12,0.8135783949283637,0.21943630378034729,0.1119556957920744,-0.07068721899148489,3.1043278673444625,0.2148,True
371,0.27,0.19,0.19,0.24,0.11,0.7859211979060625,0.21320711122243075,0.10515356661617511,-0.06527268016383891,3.2664065683723456,0.2148,True
372,0.24,0.19,0.19,0.27,0.11,0.7725592368787997,0.2101745545815068,0.10150602412224076,-0.06252647438332481,3.3613690305487345,0.2148,True
373,0.21,0.19,0.21,0.28,0.11,0.7670962791475922,0.20893032215291374,0.09999957334707033,-0.0636362148255668,3.2831984543017296,0.2148,True
374,0.21,0.21,0.19,0.28,0.11,0.7537187786592952,0.20587262134935846,0.0984230068717606,-0.059330202846465174,3.469946359059585,0.2148,True
375,0.26,0.15,0.24,0.23,0.12,0.831172025009757,0.22336599703252902,0.11227348768946448,-0.0778146803995785,2.87048659565964,0.215,True
376,0.24,0.15,0.26,0.23,0.12,0.8299712392776186,0.22309859333148951,0.1120443198290173,-0.08143162467023346,2.739704558701271,0.215,True
377,0.26,0.15,0.23,0.24,0.12,0.8272019129463826,0.2224814440366425,0.11131970917541688,-0.07556584706589564,2.9442063137680723,0.215,True
378,0.23,0.15,0.26,0.24,0.12,0.8254115575050229,0.22208212815688633,0.11098996950418474,-0.08159109867997805,2.721891624819901,0.215,True
379,0.29,0.18,0.21,0.2,0.12,0.8243741519134973,0.2218506286067854,0.11352644820498785,-0.07354046480293097,3.016715072460944,0.215,True
380,0.29,0.18,0.2,0.21,0.12,0.8203854350836679,0.22095971848285023,0.1126495921156976,-0.07221533690730364,3.0597339560497576,0.215,True
381,0.24,0.15,0.23,0.26,0.12,0.8181201764000658,0.22045317619307836,0.10908419359961384,-0.07457272036899365,2.9562174358432,0.215,True
382,0.23,0.15,0.24,0.26,0.12,0.8175305644521331,0.22032126202597224,0.10898377561477378,-0.07680022021528732,2.868758206791139,0.215,True
383,0.27,0.18,0.24,0.2,0.11,0.8086205127589643,0.21832432915586764,0.1096131834868129,-0.07376436137266995,2.9597535326423614,0.21500000000000002,True
384,0.27,0.18,0.2,0.24,0.11,0.7926972105249086,0.214739179151771,0.10587555984130968,-0.06682732244589051,3.213344052885605,0.21500000000000002,True
385,0.24,0.18,0.2,0.27,0.11,0.7792960918111542,0.21170541176213953,0.10225859398891278,-0.06409267239629224,3.3031141290714334,0.21500000000000002,True
386,0.27,0.2,0.18,0.24,0.11,0.7791552506916422,0.2116734471512336,0.10445422453416427,-0.06370869984828675,3.3225202783184073,0.21500000000000002,True
387,0.2,0.18,0.24,0.27,0.11,0.7771736958760904,0.21122354421552236,0.10180212028981957,-0.07153679217922737,2.9526560778169304,0.21500000000000002,True
388,0.22,0.19,0.26,0.23,0.1,0.7726831774247576,0.21020275335451744,0.10175714169688072,-0.07179287305279214,2.9279055763647603,0.21500000000000002,True
389,0.22,0.19,0.2,0.28,0.11,0.7676133515413222,0.20904819932825047,0.10013793567021344,-0.062048905302272805,3.3690876303113955,0.21500000000000002,True
390,0.2,0.19,0.22,0.28,0.11,0.7665650769290251,0.20880919984533053,0.09992761596744741,-0.06626213935283154,3.1512595561315453,0.21500000000000002,True
391,0.24,0.2,0.18,0.27,0.11,0.7658324253203084,0.2086421041164206,0.10077650739035421,-0.06095084859564903,3.423120578690589,0.21500000000000002,True
392,0.23,0.19,0.22,0.26,0.1,0.761350634754433,0.20761893531876408,0.09877184584328666,-0.0630860795673942,3.291041965874055,0.21500000000000002,True
393,0.22,0.2,0.19,0.28,0.11,0.7609095801228853,0.2075181511289126,0.09936804169563142,-0.06047189289336696,3.431646359984786,0.21500000000000002,True
394,0.22,0.19,0.23,0.26,0.1,0.760865523123601,0.20750808285972555,0.09862332506167282,-0.06488639559091114,3.1980214183571003,0.21500000000000002,True
395,0.23,0.22,0.19,0.26,0.1,0.7412289297632999,0.20300374172394342,0.0964046558975815,-0.057264565216799235,3.545014983618349,0.21500000000000002,True
396,0.19,0.22,0.23,0.26,0.1,0.7393230982821166,0.20256477276957652,0.09585309061778667,-0.06295694217168035,3.217512887096593,0.21500000000000002,True
397,0.22,0.23,0.19,0.26,0.1,0.7340966651265175,0.2013593237673319,0.09538978859160482,-0.05610662830680546,3.5888687280627054,0.21500000000000002,True
398,0.19,0.23,0.22,0.26,0.1,0.732675835740358,0.2010311983405091,0.09498661731338054,-0.06006782648216058,3.346736682743347,0.21500000000000002,True
399,0.2,0.25,0.2,0.25,0.1,0.7237807974767687,0.1989728957834962,0.09441777584218215,-0.05555682836206122,3.581430071688025,0.21500000000000002,True
400,0.21,0.19,0.25,0.25,0.1,0.7642963417602409,0.20829161968586152,0.09959670034438098,-0.06898856001900422,3.0192197029258705,0.2152,True
401,0.21,0.25,0.19,0.25,0.1,0.7242451001055399,0.19908050987584125,0.09458578696304731,-0.05490931339504446,3.6256237342390114,0.2152,True
402,0.24,0.2,0.2,0.26,0.1,0.7550941867426477,0.20618771467988206,0.0982057093072476,-0.06000913725503676,3.4359386605341684,0.21520000000000003,True
403,0.2,0.2,0.24,0.26,0.1,0.7531653763580786,0.20574579549214755,0.0976262520035306,-0.0660486991056074,3.115062041769724,0.21520000000000003,True
404,0.2,0.24,0.2,0.26,0.1,0.7265164656619789,0.1996066790792681,0.09423826638162826,-0.055395407495228643,3.603307351723349,0.21520000000000003,True
405,0.29,0.18,0.22,0.19,0.12,0.8283612909010454,0.22273988931393096,0.11442123578121613,-0.0748617578434494,2.975349440494354,0.21539999999999998,True
406,0.29,0.19,0.22,0.18,0.12,0.8255310458269589,0.22210878662886202,0.11458596058349615,-0.0746694958162446,2.974558542292199,0.21539999999999998,True
407,0.29,0.18,0.19,0.22,0.12,0.8163951438236912,0.22006715342002514,0.11179108646405829,-0.07088635743716731,3.104506443501341,0.21539999999999998,True
408,0.29,0.19,0.18,0.22,0.12,0.8095910364210042,0.2185421621136936,0.11111593376172675,-0.06935205389450716,3.1511995657132603,0.21539999999999998,True
409,0.28,0.17,0.24,0.19,0.12,0.8346109838221927,0.22413117455310294,0.11490480352315663,-0.07822765020052524,2.865114495687588,0.2154,True
410,0.28,0.16,0.23,0.21,0.12,0.8334675567312746,0.22387686517595995,0.1138090991280972,-0.07626643207706074,2.9354574362381527,0.2154,True
411,0.28,0.16,0.21,0.23,0.12,0.8254951214952,0.22210077184414412,0.11198599313462429,-0.07303273146084444,3.0411127641202986,0.2154,True
412,0.28,0.17,0.19,0.24,0.12,0.8146984348309962,0.2196872302977131,0.11039267572731631,-0.07018386106328622,3.1301673485819856,0.2154,True
413,0.25,0.16,0.24,0.24,0.11,0.8052276426167462,0.2175621901782343,0.10693136672830066,-0.07335545561093615,2.965862434719841,0.2154,True
414,0.24,0.16,0.25,0.24,0.11,0.8046804263789198,0.2174391798104216,0.10679564498932236,-0.07512267866824374,2.8944545597298923,0.2154,True
415,0.24,0.16,0.24,0.25,0.11,0.800721790082821,0.2165485646293246,0.10578976469402829,-0.07285465311115691,2.972336774412045,0.2154,True
416,0.22,0.18,0.21,0.28,0.11,0.7743271452895517,0.21057666224150662,0.10093053499744566,-0.06436911846429405,3.2713926688046038,0.2154,True
417,0.21,0.18,0.22,0.28,0.11,0.7738000441283692,0.21045680196944994,0.10082149686620952,-0.06648151214778575,3.165644028998812,0.2154,True
418,0.21,0.19,0.26,0.24,0.1,0.7682249870058115,0.20918760440181217,0.1006686006029925,-0.07128636041206293,2.934468854807937,0.2154,True
419,0.24,0.19,0.21,0.26,0.1,0.7618215149059238,0.2077265162865709,0.09898705288409174,-0.06159145138297317,3.3726517499147044,0.2154,True
420,0.21,0.19,0.24,0.26,0.1,0.7603662171646992,0.20739396560009027,0.09854203405616388,-0.06668400949285724,3.1101004150373557,0.2154,True
421,0.22,0.21,0.18,0.28,0.11,0.7542158346198402,0.20598651130091405,0.09862150343357275,-0.05888535926194083,3.4980938196304527,0.2154,True
422,0.24,0.21,0.19,0.26,0.1,0.7483769697947553,0.20464729711475305,0.09744788837821818,-0.05841724606778198,3.503200011813279,0.2154,True
423,0.19,0.21,0.24,0.26,0.1,0.74598041070767,0.2040967541626375,0.09674173726212101,-0.06582722656570306,3.100491465471749,0.2154,True
424,0.24,0.22,0.22,0.23,0.09,0.7387660528730253,0.20243640829208998,0.0962490811424153,-0.058807918175256546,3.4423325051024367,0.2154,True
425,0.22,0.22,0.24,0.23,0.09,0.7378839490007758,0.2022330818653162,0.09587279591140403,-0.062445951031686486,3.2385299370762812,0.2154,True
426,0.23,0.22,0.22,0.24,0.09,0.7343826798646249,0.20142535415167262,0.09500965844619619,-0.058284583019752256,3.4558942299271647,0.2154,True
427,0.22,0.22,0.23,0.24,0.09,0.7339450581615001,0.2013243202970627,0.09482592379160672,-0.06010669723567208,3.3494490556965903,0.2154,True
428,0.22,0.23,0.22,0.24,0.09,0.7272648465529814,0.19977994285094436,0.09397843889864488,-0.05743194654096595,3.478550787207643,0.2154,True
429,0.21,0.24,0.19,0.26,0.1,0.7269801618533775,0.19971403907103213,0.09440450267786081,-0.05494339930533754,3.6349050403881855,0.2154,True
430,0.19,0.24,0.21,0.26,0.1,0.7260386266680159,0.19949602447658998,0.0941430552255396,-0.0571596935653228,3.490152099024175,0.2154,True
431,0.22,0.24,0.22,0.23,0.09,0.7245274922161318,0.1991459520716281,0.09416223310958023,-0.057102383827911773,3.487524315478492,0.2154,True
432,0.27,0.15,0.23,0.23,0.12,0.8317511836755036,0.22349492843424468,0.11247486431161757,-0.07606136097466931,2.9383503735710845,0.2156,True
433,0.23,0.15,0.27,0.23,0.12,0.8293496865137862,0.22296013341777665,0.11201731976388539,-0.08397504623584673,2.6550760423707973,0.2156,True
434,0.23,0.15,0.23,0.27,0.12,0.8135877072322413,0.2194383904747601,0.10800582109767576,-0.07439321532768006,2.9497097216217774,0.2156,True
435,0.25,0.16,0.25,0.23,0.11,0.8091953869263939,0.21845336843118623,0.10792820868759977,-0.07562114968550393,2.888786660077218,0.2156,True
436,0.25,0.16,0.23,0.25,0.11,0.8012583599933478,0.21666935871751458,0.1059518101143189,-0.07108318061946095,3.048110070896229,0.2156,True
437,0.23,0.16,0.25,0.25,0.11,0.8001710360557137,0.21642455241291136,0.1056896798916826,-0.07462350058883871,2.900219779361055,0.2156,True
438,0.22,0.18,0.25,0.25,0.1,0.7715266664981901,0.20993957455326395,0.10053285086113753,-0.06980237107709575,3.007628126577371,0.2158,True
439,0.25,0.22,0.18,0.25,0.1,0.7460598715447395,0.20411501615833627,0.09796937944474345,-0.057747156600623906,3.53463318670362,0.2158,True
440,0.24,0.21,0.22,0.24,0.09,0.7415162596748466,0.20306989444671308,0.09606929225914837,-0.0591333454469023,3.4341012319192386,0.2158,True
441,0.22,0.21,0.24,0.24,0.09,0.7406354186543844,0.20286707304925433,0.09569629886058019,-0.06276526744558608,3.232155000775366,0.2158,True
442,0.24,0.22,0.21,0.24,0.09,0.734806029070207,0.201523076736966,0.09526287302883851,-0.057239826500892654,3.5206793775628102,0.2158,True
443,0.21,0.22,0.24,0.24,0.09,0.7334932011121111,0.20121998208206882,0.09471231825727926,-0.061926049053426135,3.249359278652964,0.2158,True
444,0.22,0.25,0.18,0.25,0.1,0.724695232723692,0.19918482125933545,0.09482410172152424,-0.054260635327049944,3.6708899565729576,0.2158,True
445,0.22,0.24,0.21,0.24,0.09,0.7205947874144354,0.19823393408657441,0.09315459949468935,-0.054914479554779905,3.609866390317444,0.2158,True
446,0.21,0.24,0.22,0.24,0.09,0.7201627457089113,0.19813365630622326,0.09297688440114535,-0.05661914462244444,3.4994109788737595,0.2158,True
447,0.26,0.16,0.24,0.23,0.11,0.8097390568018639,0.21857537827719487,0.10809857300479446,-0.07385554822243423,2.9594984200631904,0.21580000000000002,True
448,0.24,0.16,0.26,0.23,0.11,0.8086375247802879,0.21832814815616142,0.10781835554408618,-0.07738414047183317,2.821355213419086,0.21580000000000002,True
449,0.26,0.16,0.23,0.24,0.11,0.8057606520853378,0.2176819830647081,0.10712807762348447,-0.07158561181176382,3.0408622285314597,0.21580000000000002,True
450,0.23,0.16,0.26,0.24,0.11,0.8041190405231047,0.21731295836596165,0.1067213698006588,-0.07688728680047896,2.8263834947107007,0.21580000000000002,True
451,0.24,0.16,0.23,0.26,0.11,0.7967616193041509,0.21565629708977663,0.10480119465089542,-0.0705800351827045,3.055485825864575,0.21580000000000002,True
452,0.23,0.16,0.24,0.26,0.11,0.7962214975247899,0.2155345004715956,0.10467483136901432,-0.07235313921047837,2.9789239668592202,0.21580000000000002,True
453,0.26,0.18,0.19,0.26,0.11,0.7842491392296067,0.21282845993353816,0.10374833687972645,-0.06456889331697369,3.296145388287001,0.21580000000000002,True
454,0.26,0.19,0.18,0.26,0.11,0.7774891833671134,0.2112951965826222,0.10303594754246653,-0.06300407411009645,3.3536751323953187,0.21580000000000002,True
455,0.23,0.2,0.2,0.27,0.1,0.7506835758437091,0.20517670087369622,0.09699937951464903,-0.05908425761338287,3.4726119809487574,0.21580000000000002,True
456,0.2,0.2,0.23,0.27,0.1,0.7492473550512315,0.20484711942138012,0.09657978662719816,-0.06357355437798251,3.222206488620133,0.21580000000000002,True
457,0.2,0.23,0.2,0.27,0.1,0.7292546696867293,0.20024037972270503,0.09406203713104982,-0.055623005694424354,3.5999561192856775,0.21580000000000002,True
458,0.27,0.18,0.19,0.25,0.11,0.7887125582280947,0.21383871115282593,0.10498775101232048,-0.06548143628892733,3.2656386797823687,0.216,True
459,0.27,0.19,0.18,0.25,0.11,0.7819395383833496,0.21230504273464934,0.104285416485907,-0.06392047663311196,3.3213932986330628,0.216,True
460,0.25,0.18,0.19,0.27,0.11,0.779791228111538,0.21181777208426888,0.10253348659352042,-0.06365504245536013,3.3275882618853325,0.216,True
461,0.22,0.18,0.26,0.24,0.1,0.7754689001345161,0.21083621042431422,0.10159500665161414,-0.07209383699546157,2.9244692641007126,0.216,True
462,0.25,0.19,0.18,0.27,0.11,0.773044323880842,0.21028491337664246,0.10181099265540211,-0.06208635422158715,3.3869747388634286,0.216,True
463,0.24,0.18,0.22,0.26,0.1,0.7685589506989678,0.20926370844775644,0.09979124723778575,-0.06391558124116159,3.274064076147222,0.216,True
464,0.22,0.18,0.24,0.26,0.1,0.7675829471585296,0.2090412686666585,0.09948792910239608,-0.06750418875170816,3.0967155154704207,0.216,True
465,0.23,0.19,0.21,0.27,0.1,0.7573978700618507,0.20671509871946814,0.097792032417244,-0.06076596920595512,3.401823445271566,0.216,True
466,0.21,0.19,0.23,0.27,0.1,0.756434616631289,0.20649463645728416,0.09750515715795058,-0.06437267904557364,3.207799326032292,0.216,True
467,0.23,0.21,0.19,0.27,0.1,0.7439793854974344,0.20363668804093615,0.09623037037157907,-0.05748841153407824,3.542221512247272,0.216,True
468,0.19,0.21,0.23,0.27,0.1,0.7420759467564448,0.20319873178827907,0.0956858551635465,-0.06334772254025689,3.207672251502778,0.216,True
469,0.24,0.22,0.18,0.26,0.1,0.741669867647869,0.20310525703010063,0.09671426791770367,-0.05681569060861369,3.574809262272847,0.216,True
470,0.23,0.21,0.22,0.25,0.09,0.7371289970570112,0.20205900951821687,0.09483110227091503,-0.05861105647204412,3.4474555089208043,0.216,True
471,0.22,0.21,0.23,0.25,0.09,0.7366920090918985,0.20195822837294664,0.09464905566659021,-0.06043010514580571,3.342013519348708,0.216,True
472,0.23,0.22,0.21,0.25,0.09,0.7304318000681753,0.20051259656197917,0.09401228753702201,-0.05630639545280414,3.5610980768614158,0.216,True
473,0.21,0.23,0.19,0.27,0.1,0.7297177589929202,0.20034748600160412,0.09422648707749369,-0.05517187279395108,3.6313337912206918,0.216,True
474,0.21,0.22,0.23,0.25,0.09,0.7295634261200739,0.2003117930245908,0.09365432614981226,-0.05958432287126936,3.3618204146980086,0.216,True
475,0.19,0.23,0.21,0.27,0.1,0.7287774276347729,0.20012998009405392,0.09396870165794122,-0.05756248692562671,3.476743114880195,0.216,True
476,0.22,0.24,0.18,0.26,0.1,0.7274296780909488,0.1998180976199433,0.0946411358148427,-0.0544907018284333,3.667012736394561,0.216,True
477,0.22,0.23,0.21,0.25,0.09,0.7233276221826457,0.19886784209893005,0.09297034552048249,-0.05514339781609612,3.6063762839235376,0.216,True
478,0.21,0.23,0.22,0.25,0.09,0.7228962179436886,0.1987678181981274,0.09279438190122724,-0.05690603177151632,3.492913000790514,0.216,True
479,0.28,0.16,0.24,0.2,0.12,0.8374513972357351,0.22476245330701605,0.11474658926854098,-0.07851446794213146,2.8626883579301032,0.21600000000000003,True
480,0.24,0.16,0.28,0.2,0.12,0.8350190716512214,0.2242219116916786,0.11424867001145489,-0.08584929373205485,2.611808460434165,0.21600000000000003,True
481,0.28,0.16,0.2,0.24,0.12,0.82150653358782,0.22121025572021646,0.11110122071613347,-0.07170993352039334,3.084792369209312,0.21600000000000003,True
482,0.25,0.19,0.2,0.26,0.1,0.7622781264267855,0.2078308190244944,0.09926827791110443,-0.06114954961625152,3.3987301677404322,0.2162,True
483,0.2,0.19,0.25,0.26,0.1,0.7598527540289803,0.20727659018281686,0.09852838702886617,-0.06889504482672582,3.008584880148158,0.2162,True
484,0.25,0.2,0.19,0.26,0.1,0.7555407992519001,0.206289994083793,0.09851829939809204,-0.059564706565838677,3.4632923752553775,0.2162,True
485,0.2,0.25,0.19,0.26,0.1,0.7198794059128775,0.19806788343102388,0.0934500418373679,-0.05419248992008263,3.654895424128205,0.2162,True
486,0.21,0.19,0.2,0.29,0.11,0.763172289311479,0.20803501845166195,0.0990397962310083,-0.061228989052855676,3.397655614925743,0.21639999999999998,True
487,0.2,0.19,0.21,0.29,0.11,0.7626516565079164,0.20791613025843447,0.09894027392594122,-0.0637991219345897,3.2589183668013693,0.21639999999999998,True
488,0.21,0.2,0.19,0.29,0.11,0.7564815146402679,0.20650537199044994,0.0982597129163142,-0.05954964266743079,3.467785241697058,0.21639999999999998,True
489,0.21,0.21,0.25,0.24,0.09,0.7401736333822144,0.20276071558299225,0.09561382264127913,-0.06457711132172494,3.139823250576087,0.21639999999999998,True
490,0.24,0.21,0.21,0.25,0.09,0.7375517025813694,0.2021564806670928,0.09508271779068363,-0.057464101030862635,3.5179612495550785,0.21639999999999998,True
491,0.21,0.21,0.24,0.25,0.09,0.7362407758373064,0.20185414413685043,0.09453722550206242,-0.06224640033107154,3.242824373188547,0.21639999999999998,True
492,0.21,0.24,0.21,0.25,0.09,0.7162391548937399,0.19722221303942855,0.0919581689427281,-0.05428206409858605,3.633285069654635,0.21639999999999998,True
493,0.29,0.17,0.23,0.19,0.12,0.8351841655803969,0.22425861602287123,0.11517143035366052,-0.07647183114425427,2.93256500684332,0.2164,True
494,0.29,0.17,0.19,0.23,0.12,0.8192144625113413,0.2206979257830708,0.11162921889406613,-0.07108489290406661,3.104709267564292,0.2164,True
495,0.28,0.17,0.23,0.21,0.11,0.8119634080282432,0.21907431056297355,0.10971472868944182,-0.07229060502078555,3.0304672439798175,0.2164,True
496,0.27,0.16,0.23,0.23,0.11,0.8102684972554279,0.21869417128559898,0.10832894534634492,-0.07208733027940228,3.0337393608275582,0.2164,True
497,0.23,0.16,0.27,0.23,0.11,0.8080655075148175,0.21819972381551955,0.10776942254116803,-0.07914452636749258,2.7569780732826747,0.2164,True
498,0.28,0.17,0.21,0.23,0.11,0.8039744465148813,0.2172804437501803,0.10786347388603451,-0.0692778528773037,3.1363622676788254,0.2164,True
499,0.23,0.16,0.23,0.27,0.11,0.7922704283424291,0.21464279702223954,0.10367731407250483,-0.07007617397737975,3.0629925242711624,0.2164,True
500,0.23,0.17,0.21,0.28,0.11,0.781573943545842,0.21222214772640058,0.10189035730386174,-0.06519185033173003,3.2553478179635023,0.2164,True
501,0.21,0.17,0.23,0.28,0.11,0.7805138141527495,0.21198170974071817,0.10166497660717191,-0.06930847033418353,3.0585252959502554,0.2164,True
502,0.23,0.21,0.17,0.28,0.11,0.754698714493462,0.20609713249673378,0.09888672526132308,-0.05843984361582777,3.526654414949781,0.2164,True
503,0.28,0.17,0.25,0.18,0.12,0.8385887469598965,0.22501504560577668,0.11585913246561917,-0.0804730029972982,2.7961556947655017,0.21660000000000001,True
504,0.28,0.15,0.23,0.22,0.12,0.836306058275678,0.2245079813225206,0.1136536685920572,-0.07655617722706387,2.9325913264534496,0.21660000000000001,True
505,0.25,0.14,0.25,0.24,0.12,0.8334168201528922,0.22386557841445098,0.11198127259860582,-0.0798495691473099,2.8035915635493813,0.21660000000000001,True
506,0.28,0.15,0.22,0.23,0.12,0.8323161366726819,0.2236206712066764,0.11273343830037032,-0.07454371816761185,2.999859367141634,0.21660000000000001,True
507,0.25,0.14,0.24,0.25,0.12,0.8294529056170465,0.22298312914523777,0.11100266109063144,-0.07760868928934661,2.8731722077394597,0.21660000000000001,True
508,0.24,0.14,0.25,0.25,0.12,0.828856608242621,0.22285027075200836,0.11089406406200028,-0.07939474088020249,2.806864387759181,0.21660000000000001,True
509,0.3,0.19,0.2,0.19,0.12,0.8220869991263331,0.2213399347310241,0.11406700428162393,-0.07291901379791543,3.0354213970095083,0.21660000000000001,True
510,0.28,0.17,0.18,0.25,0.12,0.8107112022570484,0.218793485276924,0.1095451209225875,-0.06885106591510637,3.1777792016567648,0.21660000000000001,True
511,0.25,0.17,0.24,0.24,0.1,0.7837388177450506,0.21271284636117538,0.10281368626134682,-0.06933565487953586,3.0678710214931098,0.21660000000000001,True
512,0.24,0.17,0.25,0.24,0.1,0.7832409042454789,0.2126000225658924,0.10264989188627544,-0.07111800784790023,2.989397889499086,0.21660000000000001,True
513,0.24,0.17,0.24,0.25,0.1,0.7792744436287089,0.21170049870636864,0.10162488221437281,-0.06882853628591179,3.075766391819968,0.21660000000000001,True
514,0.26,0.18,0.21,0.25,0.1,0.7734640873679861,0.2103803946238394,0.10128750312055758,-0.06364162763603476,3.305704181970342,0.21660000000000001,True
515,0.21,0.18,0.26,0.25,0.1,0.7710067802174236,0.20982123048118861,0.10050806222665878,-0.07158831236075258,2.9309425458145113,0.21660000000000001,True
516,0.25,0.18,0.21,0.26,0.1,0.769025574931995,0.2093700272909289,0.10004159307320724,-0.06272487947106431,3.337910396264909,0.21660000000000001,True
517,0.21,0.18,0.25,0.26,0.1,0.767073642153673,0.2089251610640417,0.09943603660048828,-0.06929446494840774,3.0150339023411767,0.21660000000000001,True
518,0.23,0.18,0.22,0.27,0.1,0.7641222645662571,0.20825188808505435,0.09860763820779327,-0.06340193806657068,3.284629688549809,0.21660000000000001,True
519,0.22,0.18,0.23,0.27,0.1,0.7636377455276346,0.20814128707648827,0.09846078634611194,-0.06519926044674607,3.1923872395223785,0.21660000000000001,True
520,0.24,0.19,0.2,0.27,0.1,0.7578581463858352,0.20682041488584613,0.09803661911738636,-0.06022758180397425,3.433981718857565,0.21660000000000001,True
521,0.2,0.19,0.24,0.27,0.1,0.7559317138272399,0.20637950378265346,0.09746395602508835,-0.0664326024367402,3.106599714788779,0.21660000000000001,True
522,0.24,0.2,0.19,0.27,0.1,0.7511338645761694,0.2052799952279052,0.09727545238940812,-0.05863880671944044,3.500753284596581,0.21660000000000001,True
523,0.25,0.21,0.18,0.26,0.1,0.7488135969929728,0.2047475459039172,0.09779231743282893,-0.05797026388556692,3.531940898321389,0.21660000000000001,True
524,0.19,0.2,0.24,0.27,0.1,0.7487402870929363,0.2047307152536315,0.09657794808176758,-0.06621210479020734,3.092043605958753,0.21660000000000001,True
525,0.21,0.2,0.21,0.28,0.1,0.7458102425647122,0.20405764360031853,0.09565155889164967,-0.059406628223198754,3.434930574306394,0.21660000000000001,True
526,0.22,0.2,0.24,0.25,0.09,0.7433894318230101,0.20350098154590834,0.09552301219596748,-0.06308359906917238,3.225893648248661,0.21660000000000001,True
527,0.21,0.21,0.2,0.28,0.1,0.7391290243850763,0.20252005386405392,0.0948396839449366,-0.05700659038703115,3.552572649742734,0.21660000000000001,True
528,0.2,0.21,0.21,0.28,0.1,0.7386566027524335,0.202411183593024,0.09470871405642406,-0.058561299528940625,3.4563984273093817,0.21660000000000001,True
529,0.23,0.22,0.18,0.27,0.1,0.737285302608629,0.20209505366628533,0.0954857026443008,-0.05588287012887061,3.6164043328525737,0.21660000000000001,True
530,0.24,0.22,0.2,0.25,0.09,0.7308445751236401,0.20060802346202178,0.09429671826454973,-0.05585568063795121,3.591542009170656,0.21660000000000001,True
531,0.22,0.23,0.18,0.27,0.1,0.730166658402075,0.20045129210211088,0.09446142521733077,-0.054720053010716474,3.6632145086345975,0.21660000000000001,True
532,0.2,0.22,0.24,0.25,0.09,0.7291079015299768,0.20020643024670037,0.09358210046508099,-0.06140539203882833,3.260404723417518,0.21660000000000001,True
533,0.2,0.24,0.19,0.27,0.1,0.72261058350512,0.19870158279234196,0.09327015264500457,-0.05400565721225703,3.6792734881716243,0.21660000000000001,True
534,0.19,0.24,0.2,0.27,0.1,0.722143256020807,0.19859319902483263,0.09314513136141744,-0.05480100092767537,3.6238972949952077,0.21660000000000001,True
535,0.21,0.25,0.18,0.26,0.1,0.7203331898171061,0.19817321874440985,0.09364849496381276,-0.05354270044709153,3.701218225633495,0.21660000000000001,True
536,0.22,0.24,0.2,0.25,0.09,0.7166606651757221,0.1973201957046442,0.09216711688353092,-0.05352050835926503,3.68681467634987,0.21660000000000001,True
537,0.2,0.24,0.22,0.25,0.09,0.7158034228073253,0.19712090756048228,0.09182178923633397,-0.05631307957822396,3.500446238012317,0.21660000000000001,True
538,0.26,0.14,0.24,0.24,0.12,0.8340096445200103,0.22399744398477317,0.11212353766403625,-0.07810166043300104,2.868024095043764,0.2168,True
539,0.24,0.14,0.26,0.24,0.12,0.8328098544765461,0.22373053784860164,0.11189720252536084,-0.08178227449102216,2.735684954239836,0.2168,True
540,0.24,0.14,0.24,0.26,0.12,0.8249017795849567,0.22196838095406823,0.10990735958956967,-0.0771150241563231,2.8784064244615526,0.2168,True
541,0.21,0.18,0.21,0.29,0.11,0.7698730789689365,0.20956308057172968,0.0998426835212373,-0.06402279651108878,3.2732572144897367,0.2168,True
542,0.22,0.19,0.19,0.29,0.11,0.763678777791593,0.20815065428360668,0.09920628934172086,-0.06068908637307324,3.4297872438554244,0.2168,True
543,0.23,0.21,0.21,0.26,0.09,0.7331735887314268,0.20114616950544773,0.0938333506023337,-0.05653227993327825,3.5580763723460085,0.2168,True
544,0.21,0.21,0.23,0.26,0.09,0.7323064868835705,0.20094587177503853,0.09347885117563957,-0.05990877397584138,3.3541976982548722,0.2168,True
545,0.21,0.23,0.21,0.26,0.09,0.7189681123213758,0.19785629196571541,0.09177519141372342,-0.054546175698108934,3.627317395462702,0.2168,True
546,0.25,0.17,0.23,0.25,0.1,0.7797617259109006,0.211811077790943,0.10181650634974015,-0.06704186649625055,3.159385155286346,0.21680000000000002,True
547,0.23,0.17,0.25,0.25,0.1,0.7787729163253254,0.211586665908166,0.10149785411056544,-0.07061254035159137,2.9964460257999703,0.21680000000000002,True
548,0.22,0.2,0.2,0.28,0.1,0.7462784268279787,0.2041652425176652,0.09582095680176304,-0.05815804021620263,3.5105248003316567,0.21680000000000002,True
549,0.2,0.2,0.22,0.28,0.1,0.7453278675720103,0.20394676322039018,0.09555169874168201,-0.06121775146376196,3.331497128592139,0.21680000000000002,True
550,0.2,0.22,0.2,0.28,0.1,0.7319954106456974,0.20087399787503069,0.09388909094908135,-0.055888721487201365,3.5941777254831506,0.21680000000000002,True
551,0.28,0.15,0.24,0.21,0.12,0.8402943914767171,0.22539365444919057,0.1145910449840139,-0.07880042545307786,2.8603101208305333,0.217,True
552,0.29,0.16,0.23,0.2,0.12,0.8380240618115129,0.22488964855191873,0.11501198148279247,-0.07676149892836581,2.9297193474789593,0.217,True
553,0.3,0.18,0.21,0.19,0.12,0.8289100574275581,0.2228621807079325,0.11476995259904199,-0.07443723317255146,2.9939611026557116,0.217,True
554,0.28,0.15,0.21,0.24,0.12,0.8283246300798464,0.2227317186598412,0.11183077323994428,-0.07322700320539588,3.041660984474492,0.217,True
555,0.29,0.16,0.2,0.23,0.12,0.8260356521413208,0.2222213541179765,0.11232847065120909,-0.07260722181483947,3.0605957446585412,0.217,True
556,0.24,0.15,0.21,0.28,0.12,0.8102115967416308,0.21868140536468794,0.10719669637526584,-0.07004627664040941,3.1219561674536105,0.217,True
557,0.22,0.18,0.2,0.29,0.11,0.7703895893518158,0.20968070644973436,0.09997935048382295,-0.06226303555548762,3.367659552398002,0.217,True
558,0.2,0.18,0.22,0.29,0.11,0.7693424288180197,0.2094422107795122,0.09977248530487927,-0.06664387958128526,3.1427073588063914,0.217,True
559,0.24,0.18,0.21,0.27,0.1,0.7645925421823188,0.20835921884099728,0.09882124743433811,-0.06180681323458426,3.371136739410616,0.217,True
560,0.21,0.18,0.24,0.27,0.1,0.7631390222177359,0.20802742250273054,0.09838123350041303,-0.06699388932628658,3.1051701072250815,0.217,True
561,0.22,0.2,0.18,0.29,0.11,0.756977994918179,0.20661901073557765,0.0984565247044996,-0.05910564908724447,3.495757409424472,0.217,True
562,0.22,0.19,0.21,0.28,0.1,0.752979699451441,0.20570323704550386,0.09662494510699272,-0.06024813742111579,3.414267159957196,0.217,True
563,0.21,0.19,0.22,0.28,0.1,0.7525015435721303,0.20559362653344881,0.09648663997432952,-0.062054538713580465,3.3131118334855207,0.217,True
564,0.24,0.21,0.18,0.27,0.1,0.7444197003389299,0.20373795330843159,0.0965384267070879,-0.05704040120708753,3.5718183777977393,0.217,True
565,0.22,0.21,0.19,0.28,0.1,0.7395872507328798,0.2026256339738144,0.09504072682154653,-0.0565582294528143,3.5826021417955096,0.217,True
566,0.21,0.22,0.19,0.28,0.1,0.7324578926188279,0.20098085082786477,0.09405174309639595,-0.0553996375577559,3.627836926159233,0.217,True
567,0.19,0.22,0.21,0.28,0.1,0.7315187659835856,0.20076385283206832,0.09379764065729387,-0.05796396995270514,3.463597351870113,0.217,True
568,0.21,0.24,0.18,0.27,0.1,0.7230637536882414,0.1988066644418156,0.09346683419428993,-0.05355191356051214,3.712410093752667,0.217,True
569,0.28,0.16,0.25,0.19,0.12,0.8414336484483305,0.22564640963961535,0.1157008188726247,-0.08075604109561307,2.794173743267774,0.21700000000000003,True
570,0.26,0.14,0.25,0.23,0.12,0.8379826551824436,0.22488045256002187,0.113093985437669,-0.08034025997270766,2.7991003842459046,0.21700000000000003,True
571,0.25,0.14,0.26,0.23,0.12,0.8373791484338327,0.22474640415773361,0.11297629434142821,-0.08208402182721097,2.738004293098975,0.21700000000000003,True
572,0.26,0.14,0.23,0.25,0.12,0.8300350471836142,0.22311280569533665,0.11116989708809918,-0.07585661705220592,2.9412438145216298,0.21700000000000003,True
573,0.23,0.14,0.26,0.25,0.12,0.8282461922116173,0.22271423672358592,0.11084450011499414,-0.08194149612840484,2.7179664424797156,0.21700000000000003,True
574,0.25,0.14,0.23,0.26,0.12,0.8254874082384052,0.22209905098860383,0.11004089217648877,-0.07536135448268388,2.9471212734059407,0.21700000000000003,True
575,0.23,0.14,0.25,0.26,0.12,0.824302017776321,0.2218345284374934,0.10983333519695898,-0.07955422824515801,2.788469366504038,0.21700000000000003,True
576,0.28,0.16,0.19,0.25,0.12,0.8175163700370425,0.22031808595091085,0.11023487380154573,-0.07038329968364387,3.130260828082628,0.21700000000000003,True
577,0.25,0.16,0.19,0.28,0.12,0.8039897918933137,0.21728389452249774,0.10666956121595045,-0.06767704354936344,3.2105996823577483,0.21700000000000003,True
578,0.26,0.17,0.23,0.24,0.1,0.7842224635707724,0.21282241709663152,0.10304098724509277,-0.06755064055764137,3.150561050787207,0.21700000000000003,True
579,0.23,0.17,0.26,0.24,0.1,0.782728760223325,0.2124839523162616,0.10255013666458246,-0.07289770541019092,2.9148236027544,0.21700000000000003,True
580,0.24,0.17,0.2,0.28,0.11,0.7820827342931891,0.21233750789833739,0.10209994635067814,-0.06430305253670876,3.302137293981806,0.21700000000000003,True
581,0.2,0.17,0.24,0.28,0.11,0.7799625498095439,0.2118566449322521,0.10165009861948582,-0.07190827019672064,2.946206943271927,0.21700000000000003,True
582,0.24,0.17,0.23,0.26,0.1,0.7753064905361822,0.2107992976287243,0.10061762774129027,-0.06653236419328545,3.1683722679134627,0.21700000000000003,True
583,0.23,0.17,0.24,0.26,0.1,0.7748155803706187,0.21068770884222188,0.1004628018033823,-0.06832069236258853,3.083805236107232,0.21700000000000003,True
584,0.24,0.2,0.17,0.28,0.11,0.7618811430308203,0.20774013802747215,0.09990266543757678,-0.05958526728405633,3.4864346086949367,0.21700000000000003,True
585,0.23,0.2,0.22,0.26,0.09,0.7398778552170937,0.2026925826567587,0.09465577760961719,-0.05893652080783118,3.439167766920947,0.21700000000000003,True
586,0.22,0.2,0.23,0.26,0.09,0.7394415014378297,0.20259205383365053,0.09447543067056025,-0.06075251417088279,3.334710614013535,0.21700000000000003,True
587,0.23,0.22,0.2,0.26,0.09,0.726479493959139,0.1995981181605202,0.0930350121986338,-0.054919849621864913,3.6343529622676787,0.21700000000000003,True
588,0.2,0.22,0.23,0.26,0.09,0.7251872321367689,0.1992988138747669,0.09251306887800363,-0.059061188751953764,3.3744463680164922,0.21700000000000003,True
589,0.22,0.23,0.2,0.26,0.09,0.7193889778530735,0.19795402119711936,0.09198239293500025,-0.05375194099730218,3.682732521362432,0.21700000000000003,True
590,0.2,0.23,0.22,0.26,0.09,0.7185330150420552,0.1977552412052621,0.09164065842382386,-0.056379349766835896,3.5075828654126826,0.21700000000000003,True
591,0.25,0.15,0.25,0.24,0.11,0.8120135942808424,0.2190855628599342,0.10777384911986508,-0.07591317935303898,2.8860016762183425,0.2172,True
592,0.25,0.15,0.24,0.25,0.11,0.808041351683823,0.2181942999623685,0.10677705531844475,-0.07365133103513422,2.9625303018391116,0.2172,True
593,0.24,0.15,0.25,0.25,0.11,0.8074946776439256,0.2180715390503556,0.10664282672874553,-0.07541566750153716,2.8915946284757172,0.2172,True
594,0.21,0.2,0.25,0.25,0.09,0.7429282635097652,0.2033948781041417,0.09544231732580624,-0.06489241093602216,3.134339981676286,0.2172,True
595,0.21,0.25,0.2,0.25,0.09,0.7095922405558521,0.19567497088117625,0.09114647569259916,-0.0529545889241515,3.695146631417488,0.2172,True
596,0.2,0.25,0.21,0.25,0.09,0.7091663841704539,0.19557570511419886,0.09097706704214753,-0.05414865695805815,3.6118292881333263,0.2172,True
597,0.29,0.17,0.24,0.18,0.12,0.8391726319061719,0.22514467927121218,0.11610077094076676,-0.07872136612749292,2.860019971027686,0.21739999999999998,True
598,0.29,0.17,0.18,0.24,0.12,0.8152180943631735,0.21980361640039048,0.11078953725141538,-0.06975435437539479,3.1511096098385534,0.21739999999999998,True
599,0.27,0.14,0.24,0.23,0.12,0.8385719979691593,0.22501132660339218,0.11326902146398865,-0.07859393904966505,2.8629602908845566,0.2174,True
600,0.24,0.14,0.27,0.23,0.12,0.8367615148745904,0.22460918756848836,0.11291634289010201,-0.08416218422359834,2.668766140524071,0.2174,True
601,0.27,0.14,0.23,0.24,0.12,0.8345882904266164,0.22412612834782286,0.11232356137943209,-0.07635118287508325,2.935463733607264,0.2174,True
602,0.23,0.14,0.27,0.24,0.12,0.8321887846422269,0.22359232845538202,0.11187167970293481,-0.08432114101598642,2.6516757928239043,0.2174,True
603,0.24,0.14,0.23,0.27,0.12,0.8209453719156554,0.22108486309652808,0.10893753010173271,-0.0748653936931093,2.9530982499445138,0.2174,True
604,0.23,0.14,0.24,0.27,0.12,0.820356264748423,0.22095319827568272,0.10883862513010088,-0.07715930067802979,2.8635977300737325,0.2174,True
605,0.28,0.16,0.23,0.22,0.11,0.8147818971789413,0.2197059245294528,0.1095533931707835,-0.0725883375378551,3.0267386192014016,0.2174,True
606,0.26,0.15,0.24,0.24,0.11,0.8125567192988918,0.2192073240331882,0.10794277895393985,-0.07415045928089359,2.9562503881843325,0.2174,True
607,0.24,0.15,0.26,0.24,0.11,0.8114562670489454,0.21896059244634158,0.10766547999366717,-0.07767329693801095,2.8189944431107175,0.2174,True
608,0.28,0.16,0.22,0.23,0.11,0.8107836711358047,0.21880974100230088,0.10861873184434093,-0.07081029362578051,3.090083797119533,0.2174,True
609,0.24,0.15,0.24,0.26,0.11,0.8035315478219933,0.2171808390387573,0.10563699550325324,-0.07315149534117804,2.9689186533484713,0.2174,True
610,0.23,0.16,0.22,0.28,0.11,0.7883178319207633,0.21374943650978495,0.10269762887146106,-0.06779257603439093,3.1529918025441406,0.2174,True
611,0.22,0.16,0.23,0.28,0.11,0.7877847854328812,0.2136288573506122,0.10258128123783286,-0.06957159547503511,3.070633293543918,0.2174,True
612,0.27,0.18,0.18,0.26,0.11,0.7847263820602,0.21293655957299906,0.10411954577093376,-0.06413160589092659,3.3203060583755875,0.2174,True
613,0.26,0.18,0.18,0.27,0.11,0.7802721050360177,0.21192687660585774,0.10287138027186117,-0.0632167567775731,3.3523845165217545,0.2174,True
614,0.23,0.22,0.16,0.28,0.11,0.7480050062702428,0.20456188181634882,0.09819536429167654,-0.056841142913870324,3.598834775829812,0.2174,True
615,0.24,0.2,0.21,0.26,0.09,0.7402999166123971,0.2027898027548516,0.0949057806528143,-0.0576876818120996,3.5153051116766805,0.2174,True
616,0.21,0.2,0.24,0.26,0.09,0.7389908924258879,0.20248822318773207,0.09436538561800675,-0.06256576291214966,3.23640620305472,0.2174,True
617,0.24,0.21,0.2,0.26,0.09,0.7335857128219481,0.20124134541738647,0.09411618805352585,-0.0560824359389579,3.5883132044482635,0.2174,True
618,0.2,0.21,0.24,0.26,0.09,0.7318515834287969,0.2008407638092704,0.09340849051769844,-0.06172678084856931,3.253705458931696,0.2174,True
619,0.21,0.24,0.2,0.26,0.09,0.7123141504727122,0.19630905028847967,0.09095963400202854,-0.05267644727012,3.7266949549924058,0.2174,True
620,0.2,0.24,0.21,0.26,0.09,0.7118889357302809,0.1962100391890369,0.09079205630544936,-0.053974390110451465,3.635243284593285,0.2174,True
621,0.3,0.18,0.22,0.18,0.12,0.8329063259827254,0.22375200327379896,0.11565661287791106,-0.0757562951357319,2.953576371084468,0.2176,True
622,0.22,0.19,0.25,0.25,0.09,0.7500970026243026,0.20504211685664853,0.09641903989282269,-0.06572111410609671,3.119881938179552,0.2176,True
623,0.22,0.25,0.19,0.25,0.09,0.71000387058143,0.1957709048606595,0.09138900660376159,-0.05230160638281156,3.7431145695172723,0.2176,True
624,0.26,0.15,0.25,0.23,0.11,0.8165380849193935,0.22009914964834398,0.10893048271633757,-0.07640998806284904,2.8805023430615795,0.21760000000000002,True
625,0.25,0.15,0.26,0.23,0.11,0.8159842926297727,0.2199751782968875,0.10878745021828833,-0.07816849627752631,2.814115516766453,0.21760000000000002,True
626,0.26,0.15,0.23,0.25,0.11,0.8085738090112649,0.21831384458630665,0.10697232439942696,-0.07188438206334646,3.0370135809739947,0.21760000000000002,True
627,0.23,0.15,0.26,0.25,0.11,0.806933824042839,0.21794556825196,0.10657009458952187,-0.07717739725231754,2.8239559250673665,0.21760000000000002,True
628,0.25,0.15,0.23,0.26,0.11,0.8040675682508516,0.21730138408029775,0.10579753935618785,-0.07138292291031667,3.044164839723761,0.21760000000000002,True
629,0.23,0.15,0.25,0.26,0.11,0.8029813333333353,0.21705707706384358,0.10553846406604925,-0.07491745101453495,2.897283264772739,0.21760000000000002,True
630,0.27,0.17,0.23,0.23,0.1,0.7886887051911109,0.2138333167209827,0.10428994568657565,-0.06805868793767766,3.1418959606860626,0.21760000000000002,True
631,0.23,0.17,0.23,0.27,0.1,0.7708567557713033,0.2097870754296418,0.0994455141243101,-0.06602213208405627,3.177526517358615,0.21760000000000002,True
632,0.27,0.19,0.19,0.25,0.1,0.7671421835137038,0.20894078791751625,0.10090608175447287,-0.061628634149259565,3.390319951136327,0.21760000000000002,True
633,0.22,0.18,0.22,0.28,0.1,0.7596910650176354,0.20723962405798124,0.09745198166325884,-0.06288755641578891,3.2953995332207002,0.21760000000000002,True
634,0.25,0.19,0.19,0.27,0.1,0.7583041395805776,0.2069224453812355,0.09834769848340688,-0.05978399992345618,3.461167630907375,0.21760000000000002,True
635,0.22,0.22,0.18,0.28,0.1,0.7329061747517245,0.20108440486523582,0.09428497291429219,-0.05494869220480891,3.659493916902314,0.21760000000000002,True
636,0.19,0.25,0.19,0.27,0.1,0.7155191478189042,0.19705480583505364,0.09234591131606734,-0.0534749553324233,3.684992434497164,0.21760000000000002,True
637,0.2,0.26,0.18,0.26,0.1,0.7132524205049813,0.19652746814553734,0.09268681471917294,-0.05310228268660988,3.700923165683293,0.21760000000000002,True
638,0.29,0.16,0.24,0.19,0.12,0.8420170234958941,0.22577579668051495,0.11594122846060309,-0.07900724111411561,2.857659544830978,0.2178,True
639,0.29,0.16,0.19,0.24,0.12,0.822036352085969,0.2213286210165304,0.11147009255814852,-0.07128282812671483,3.104936025028201,0.2178,True
640,0.24,0.16,0.21,0.28,0.11,0.7888366879474784,0.21386678266606807,0.10287795686992197,-0.0660109069059942,3.239870389459043,0.2178,True
641,0.21,0.16,0.24,0.28,0.11,0.7872375856351252,0.21350505166896694,0.10252937070390622,-0.07211726612033986,2.9605261424177898,0.2178,True
642,0.24,0.21,0.16,0.28,0.11,0.7551673811289106,0.20620447822544485,0.09921789973791646,-0.05799365438396764,3.555638636948013,0.2178,True
643,0.24,0.19,0.22,0.26,0.09,0.7470243022311962,0.20433662117084506,0.09571927955887718,-0.0597811891761576,3.418075551637574,0.2178,True
644,0.22,0.19,0.24,0.26,0.09,0.7461459896013436,0.20413480751618995,0.09535293827995402,-0.06340095045115479,3.2197436483773063,0.2178,True
645,0.24,0.22,0.19,0.26,0.09,0.7268816944454324,0.19969124243194547,0.09335123998644189,-0.054467406023952614,3.666252113128522,0.2178,True
646,0.19,0.22,0.24,0.26,0.09,0.7247280485790422,0.19919242512444946,0.09248351729589956,-0.06088397834192616,3.2716722945695027,0.2178,True
647,0.22,0.24,0.19,0.26,0.09,0.712725128912113,0.19640473089188037,0.09120044025066296,-0.05212236001100978,3.7681473143271695,0.2178,True
648,0.19,0.24,0.22,0.26,0.09,0.7114495218360841,0.19610770459284677,0.09069837354759457,-0.056006711031587386,3.5015036766262426,0.2178,True
649,0.28,0.15,0.25,0.2,0.12,0.8442811328636735,0.2262776959942432,0.1155451547186103,-0.08103823151765155,2.792233884632045,0.21780000000000002,True
650,0.25,0.15,0.28,0.2,0.12,0.8424474914216475,0.22587125285795118,0.11516292068769961,-0.08626081785767903,2.618468714620979,0.21780000000000002,True
651,0.28,0.15,0.2,0.25,0.12,0.8243315419092763,0.22184111820564745,0.11094609852551213,-0.07190648126533494,3.085133833583841,0.21780000000000002,True
652,0.25,0.15,0.2,0.28,0.12,0.8107657460092303,0.2188057202003526,0.10740896431520673,-0.06921147383520354,3.1614081896499053,0.21780000000000002,True
653,0.27,0.18,0.2,0.25,0.1,0.7739127257657501,0.21048242722802168,0.10163706684142275,-0.063202576633275,3.3302823783485835,0.21780000000000002,True
654,0.25,0.18,0.2,0.27,0.1,0.765048541224552,0.20846327260892727,0.09910094707045346,-0.06136575152720025,3.397062162866633,0.21780000000000002,True
655,0.2,0.18,0.25,0.27,0.1,0.7626261317878169,0.20791030100358432,0.09836939146699532,-0.06927313527524126,3.0013121273853045,0.21780000000000002,True
656,0.25,0.2,0.18,0.27,0.1,0.7515698656239849,0.20537999517277017,0.09761838882283402,-0.058192682208269564,3.529309655082101,0.21780000000000002,True
657,0.2,0.25,0.18,0.27,0.1,0.7159765744361131,0.19716116648115345,0.0925031984055413,-0.05282414628727783,3.7324061123281753,0.21780000000000002,True
658,0.29,0.15,0.23,0.21,0.12,0.8408665384222287,0.2255206038255304,0.11485519345488072,-0.077050297295435,2.9269271078969843,0.218,True
659,0.29,0.15,0.21,0.23,0.12,0.8328668468500144,0.2237432190470463,0.11304861325340633,-0.07412057637378089,3.0186384131544926,0.218,True
660,0.24,0.15,0.27,0.23,0.11,0.8154163126249303,0.2198480047123128,0.10870448555019438,-0.07992441196921007,2.7506990579675032,0.218,True
661,0.27,0.15,0.23,0.24,0.11,0.8130856049518336,0.21932586956053157,0.10817176751149404,-0.07238513094529953,3.0299851184392166,0.218,True
662,0.23,0.15,0.27,0.24,0.11,0.8108847747544676,0.2188324191528399,0.10761807904394936,-0.07943081779504235,2.7550064978243025,0.218,True
663,0.29,0.17,0.2,0.23,0.11,0.8044651942910095,0.21739079033397868,0.10824073885519922,-0.06884663187572415,3.157609666750195,0.218,True
664,0.24,0.15,0.23,0.27,0.11,0.7995668809952623,0.21628848689096958,0.10464846675558694,-0.07088075197394472,3.0514417647611265,0.218,True
665,0.23,0.15,0.24,0.27,0.11,0.7990273060380784,0.21616694010620607,0.10452366643682498,-0.07265095069388716,2.975417913208317,0.218,True
666,0.23,0.17,0.2,0.29,0.11,0.7776227996355711,0.2113255404655925,0.10094788635826915,-0.06339043554407653,3.3337133378529002,0.218,True
667,0.2,0.17,0.23,0.29,0.11,0.776043198828211,0.21096672018825058,0.10062631617925873,-0.06947030165396106,3.0367900407155015,0.218,True
668,0.23,0.2,0.17,0.29,0.11,0.7574602891659747,0.20672938195870239,0.09872013557425015,-0.058660985762755136,3.5241375382743465,0.218,True
669,0.23,0.2,0.21,0.27,0.09,0.7359179162628724,0.20177966029337546,0.09365767697233164,-0.056757465178005284,3.5551210692821664,0.218,True
670,0.21,0.2,0.23,0.27,0.09,0.7350520874109796,0.20157986759378654,0.09330666306707157,-0.0602322222473578,3.3467114456768896,0.218,True
671,0.23,0.21,0.2,0.27,0.09,0.7292167515710362,0.20023160892954928,0.09285568520140189,-0.055148222800236346,3.6307898743147016,0.218,True
672,0.2,0.21,0.23,0.27,0.09,0.7279264048354217,0.1999330639367971,0.0923390667426756,-0.059386685742682355,3.36663111329517,0.218,True
673,0.21,0.23,0.2,0.27,0.09,0.715038590571015,0.19694304649513317,0.09077617042907929,-0.052811744143799744,3.729152477124823,0.218,True
674,0.2,0.23,0.21,0.27,0.09,0.7146140179193945,0.1968442896696152,0.09061043624071853,-0.05401698308485625,3.6441185425033633,0.218,True
675,0.28,0.17,0.19,0.25,0.11,0.7959793368067682,0.21547988567931675,0.10608646361108862,-0.06659925737407091,3.2354697961423446,0.21800000000000003,True
676,0.25,0.17,0.19,0.28,0.11,0.7825772928726942,0.21244962010869783,0.10237333513987149,-0.06386624785657913,3.32647724328168,0.21800000000000003,True
677,0.25,0.19,0.17,0.28,0.11,0.769079418260872,0.2093822941183583,0.10094566670355218,-0.06072552412324339,3.4480113122352587,0.21800000000000003,True
678,0.25,0.16,0.25,0.24,0.1,0.7905125486454643,0.21424564578671057,0.10366786754910881,-0.07192285781410834,2.978825540281636,0.2182,True
679,0.24,0.16,0.25,0.25,0.1,0.786035105272638,0.2132328978710898,0.10249061921982786,-0.07141909223324816,2.985656792929975,0.2182,True
680,0.21,0.2,0.2,0.29,0.1,0.741878738020155,0.20315333841135708,0.09467173747543405,-0.05723048215897797,3.5497401165872864,0.2182,True
681,0.2,0.2,0.21,0.29,0.1,0.7414069173325324,0.20304472112886085,0.09454258525331678,-0.05888626552994003,3.44808283054773,0.2182,True
682,0.2,0.21,0.2,0.29,0.1,0.7347386896335311,0.2015075336970238,0.09371943049248925,-0.056218807935368265,3.5843437649671643,0.2182,True
683,0.2,0.2,0.25,0.26,0.09,0.7385260653325336,0.20238109757175504,0.09432614102213063,-0.06437627324910278,3.1437218614480087,0.21820000000000003,True
684,0.2,0.25,0.2,0.26,0.09,0.7052549977870397,0.19466320116511926,0.08996807317382337,-0.05223424466713411,3.726735255877103,0.21820000000000003,True
685,0.21,0.19,0.21,0.29,0.1,0.7485670013993682,0.20469093006749284,0.09548706746658207,-0.05972955835648064,3.4269620553001117,0.21839999999999998,True
686,0.21,0.21,0.19,0.29,0.1,0.7352005638257713,0.20161413370968884,0.09388027347109615,-0.0556266968893413,3.624413186185793,0.21839999999999998,True
687,0.19,0.21,0.21,0.29,0.1,0.7342626428091155,0.20139764285232897,0.09362987477605085,-0.05836414903017251,3.450708117892929,0.21839999999999998,True
688,0.22,0.24,0.22,0.24,0.08,0.7058073865027632,0.19479215484220735,0.08998315456937768,-0.05345175046231376,3.644261472401093,0.21839999999999998,True
689,0.28,0.16,0.26,0.18,0.12,0.8454143069569249,0.2265287395497655,0.11667138224638587,-0.08299117936626044,2.729551999135216,0.2184,True
690,0.28,0.14,0.24,0.22,0.12,0.8431399676398013,0.2260247781269782,0.11443816967407508,-0.07908552659760804,2.857979049403135,0.2184,True
691,0.24,0.14,0.28,0.22,0.12,0.8407115860246648,0.2254862252029961,0.113951062192383,-0.08653450653660177,2.605737690404711,0.2184,True
692,0.28,0.14,0.22,0.24,0.12,0.8351527207214315,0.22425162524797204,0.11258082603194426,-0.07473514954919613,3.0006178699134503,0.2184,True
693,0.24,0.14,0.22,0.28,0.12,0.8169873886468437,0.22019971178725184,0.10798502522450501,-0.07260926914702526,3.0326666880694426,0.2184,True
694,0.22,0.14,0.24,0.28,0.12,0.8158163594321441,0.2199375799696106,0.10779747266891913,-0.07731905322322685,2.8445456947672603,0.2184,True
695,0.28,0.16,0.18,0.26,0.12,0.8135246342549836,0.21942425698731793,0.10938738764056118,-0.06905281324116797,3.1776295083152584,0.2184,True
696,0.26,0.16,0.18,0.28,0.12,0.8045196057602291,0.21740302373634135,0.10697041731337983,-0.06724540973805748,3.2329793897188837,0.2184,True
697,0.26,0.18,0.16,0.28,0.12,0.790977425317523,0.21435069892320557,0.10561551155183485,-0.06414415728576761,3.341702627228466,0.2184,True
698,0.24,0.16,0.26,0.24,0.1,0.7900045813032408,0.21413083419788137,0.10353292263349613,-0.0736979897867156,2.90551797705179,0.2184,True
699,0.24,0.16,0.24,0.26,0.1,0.7820641308319438,0.21233329024758163,0.10146553817704379,-0.06913354497897595,3.071349665522777,0.2184,True
700,0.26,0.19,0.21,0.25,0.09,0.7518387376147844,0.20544165460548958,0.0973041064686926,-0.05976377984120307,3.4375612645546143,0.2184,True
701,0.21,0.19,0.26,0.25,0.09,0.7496258855518467,0.2049340014474157,0.09636885368446453,-0.06752249970471869,3.0350476114422382,0.2184,True
702,0.25,0.19,0.21,0.26,0.09,0.7474419896520328,0.20443257126404335,0.0960054377275965,-0.05883784622496746,3.4745080654786733,0.2184,True
703,0.21,0.19,0.25,0.26,0.09,0.7456854386948557,0.20402895771124774,0.09527403338532245,-0.06520674037669494,3.128955021100368,0.2184,True
704,0.23,0.19,0.22,0.27,0.09,0.7426292554395457,0.20332607372721667,0.0944836871145941,-0.05926098069859986,3.431027825228356,0.2184,True
705,0.22,0.19,0.23,0.27,0.09,0.742193536293976,0.20322579684000575,0.09430505138943973,-0.061073928931538624,3.3275376317743297,0.2184,True
706,0.23,0.22,0.19,0.27,0.09,0.7225257649496337,0.19868191291558102,0.09207847273216392,-0.05352916486197967,3.7116572512921726,0.2184,True
707,0.19,0.22,0.23,0.27,0.09,0.7208164745362704,0.19828538161242815,0.09140355680151284,-0.05853729321900947,3.387334307901287,0.2184,True
708,0.22,0.23,0.19,0.27,0.09,0.7154489169763998,0.1970384741144804,0.09101523741893067,-0.05235632106818078,3.7634132821877984,0.2184,True
709,0.19,0.23,0.22,0.27,0.09,0.7141752361728047,0.19674221063379793,0.09051869902522382,-0.05585189884677,3.5225697728480334,0.2184,True
710,0.21,0.25,0.19,0.26,0.09,0.7056703436931453,0.1947601651598403,0.09016932292913683,-0.05158023510575338,3.7758681161597942,0.2184,True
711,0.19,0.25,0.21,0.26,0.09,0.7048254481737695,0.19456290469884197,0.08984133163393185,-0.05384044901425078,3.613693946856647,0.2184,True
712,0.29,0.15,0.24,0.2,0.12,0.8448639975647014,0.22640683676677797,0.11578432689008898,-0.07929225929990946,2.8553460169476654,0.2186,True
713,0.29,0.15,0.2,0.24,0.12,0.8288646212445181,0.22285205628512617,0.11217199130630574,-0.07280227828466923,3.061058823100795,0.2186,True
714,0.21,0.18,0.2,0.3,0.11,0.7659446061011757,0.2086676921648205,0.09888284710719836,-0.061556039004751595,3.389881732785197,0.2186,True
715,0.23,0.22,0.22,0.25,0.08,0.7155891245905219,0.19707107802975288,0.0908719473619459,-0.054394397441021924,3.6230032374828793,0.2186,True
716,0.22,0.22,0.23,0.25,0.08,0.7152005738807179,0.19698071998513944,0.09065489017868812,-0.05622944077600145,3.503159861927885,0.2186,True
717,0.22,0.23,0.22,0.25,0.08,0.7085269383240795,0.19542662134836197,0.08979342442486539,-0.05352815836521718,3.6509124789047664,0.2186,True
718,0.3,0.17,0.18,0.23,0.12,0.8197305382448854,0.22081331795520498,0.11205568376003103,-0.07065635977372553,3.1251725769959244,0.21860000000000002,True
719,0.28,0.17,0.23,0.22,0.1,0.79316045244723,0.21484377783407949,0.10556229532804645,-0.06856601019212516,3.1333860207423063,0.21860000000000002,True
720,0.25,0.16,0.2,0.28,0.11,0.7893413163617751,0.2139808892928401,0.10312169750900203,-0.06542256826069304,3.2707503692025397,0.21860000000000002,True
721,0.23,0.16,0.26,0.25,0.1,0.7855235355466808,0.21311707877605124,0.10239245846318946,-0.07319586275667234,2.911600065218496,0.21860000000000002,True
722,0.25,0.16,0.23,0.26,0.1,0.7825508215909991,0.21244361982034077,0.10165562192352241,-0.06734982441736237,3.154330715160322,0.21860000000000002,True
723,0.23,0.16,0.25,0.26,0.1,0.781563185108493,0.2122197081855095,0.10134011252957217,-0.07091460826492724,2.992609186991287,0.21860000000000002,True
724,0.23,0.17,0.22,0.28,0.1,0.7668964459395164,0.20888475994489308,0.09844653876605597,-0.06371682998465111,3.2783294460068366,0.21860000000000002,True
725,0.22,0.17,0.23,0.28,0.1,0.7664125199409533,0.20877441000818986,0.09830136542373319,-0.06551116859938799,3.1868521730222996,0.21860000000000002,True
726,0.25,0.2,0.16,0.28,0.11,0.762345574309351,0.20784622446444878,0.10026757921146084,-0.05914095137097608,3.5144213890081426,0.21860000000000002,True
727,0.22,0.19,0.2,0.29,0.1,0.7490345816102939,0.2047982771989807,0.09565472040540965,-0.05837965171060011,3.508042120809622,0.21860000000000002,True
728,0.2,0.19,0.22,0.29,0.1,0.74808522051579,0.2045803027218045,0.09538902980948279,-0.06153765267000899,3.3244736164840556,0.21860000000000002,True
729,0.22,0.2,0.19,0.29,0.1,0.7423363534797283,0.20325866678744564,0.09487104518977843,-0.05678298338332943,3.5795700520927385,0.21860000000000002,True
730,0.24,0.2,0.2,0.27,0.09,0.7363293889406195,0.20187458560297022,0.0939389065750315,-0.05630848877612171,3.5851536773719554,0.21860000000000002,True
731,0.2,0.2,0.24,0.27,0.09,0.7345978055393618,0.20147501404972679,0.09323817627009229,-0.06204717704159457,3.247126197452367,0.21860000000000002,True
732,0.23,0.22,0.17,0.28,0.1,0.7333402198931012,0.20118465311251787,0.09458800951486825,-0.054497060798906816,3.691660617347524,0.21860000000000002,True
733,0.2,0.22,0.19,0.29,0.1,0.7280805410044089,0.19996873393567371,0.09292031295300232,-0.05446513840640832,3.6714996011493763,0.21860000000000002,True
734,0.19,0.22,0.2,0.29,0.1,0.7276144224194123,0.19986085886417526,0.09279905632405168,-0.05545507635299729,3.604013771290624,0.21860000000000002,True
735,0.22,0.23,0.17,0.28,0.1,0.7262352024701371,0.19954154859467366,0.09355441899686938,-0.05332933949950591,3.741684229869796,0.21860000000000002,True
736,0.2,0.24,0.2,0.27,0.09,0.7079730388785306,0.19529745224739892,0.0897825263328678,-0.05195670156558774,3.7588500879114592,0.21860000000000002,True
737,0.25,0.13,0.25,0.25,0.12,0.8362575226404045,0.22449719531375778,0.11183545215667753,-0.08013286510629736,2.80156206839677,0.2188,True
738,0.29,0.16,0.23,0.21,0.11,0.8193008535311734,0.2207172439405778,0.1108004331695598,-0.0730886350983101,3.0198572410566342,0.2188,True
739,0.29,0.16,0.21,0.23,0.11,0.8112845412917313,0.21892208092737908,0.10896725206095209,-0.0703814895288638,3.110506503810182,0.2188,True
740,0.23,0.16,0.21,0.29,0.11,0.7843637116719029,0.21285441334357724,0.10173628734161622,-0.06550231635800663,3.249570781286716,0.2188,True
741,0.21,0.16,0.23,0.29,0.11,0.7833046889001933,0.21261447690552981,0.10151423773414299,-0.06968351499477798,3.051144548627648,0.2188,True
742,0.24,0.17,0.19,0.29,0.11,0.7781209637427111,0.2114386587466146,0.10118562994262201,-0.06295263543759788,3.3586943148107635,0.2188,True
743,0.24,0.19,0.17,0.29,0.11,0.7646491731764196,0.2083721423613083,0.0997377404746018,-0.05980415012917961,3.484242179032981,0.2188,True
744,0.23,0.21,0.16,0.29,0.11,0.7507595395079525,0.20519412786295788,0.09802550458158633,-0.05706542385968194,3.5957698021749445,0.2188,True
745,0.24,0.19,0.21,0.27,0.09,0.743050672257942,0.20342304315924875,0.09473206431034231,-0.0579105720585954,3.5127099582684163,0.2188,True
746,0.21,0.19,0.24,0.27,0.09,0.7417435519725164,0.2031222193964557,0.09419680110109264,-0.06288414136671161,3.230102454797619,0.2188,True
747,0.24,0.21,0.19,0.27,0.09,0.729618293808663,0.20032448266520952,0.09317032735844992,-0.054696655899036495,3.662463076992945,0.2188,True
748,0.19,0.21,0.24,0.27,0.09,0.7274678397535279,0.19982693083473335,0.09231147276617044,-0.06120640736046967,3.264804118592854,0.2188,True
749,0.21,0.21,0.21,0.28,0.09,0.7244336283981301,0.1991242006478371,0.09141928496035946,-0.05521265169538192,3.606495876098126,0.2188,True
750,0.21,0.24,0.19,0.27,0.09,0.7083877358579456,0.19539416202303928,0.08998195177077904,-0.051303091471067264,3.8086235433440336,0.2188,True
751,0.19,0.24,0.21,0.27,0.09,0.7075441282487454,0.19519741129343293,0.08965771757308996,-0.05366641057656585,3.637236200377979,0.2188,True
752,0.22,0.18,0.21,0.29,0.1,0.7557429090406362,0.20633627384927222,0.09646208793116694,-0.0605690467372727,3.406629045100985,0.21899999999999997,True
753,0.21,0.18,0.22,0.29,0.1,0.7552653503777917,0.2062269151725975,0.09632553401577242,-0.06237243469508391,3.3063791109127885,0.21899999999999997,True
754,0.22,0.21,0.18,0.29,0.1,0.7356482282345564,0.20171743606828452,0.09411178169738973,-0.0551766227209749,3.6558496356030763,0.21899999999999997,True
755,0.21,0.22,0.18,0.29,0.1,0.7285324824018207,0.20007330941997603,0.09311341349982354,-0.05401315387123562,3.7041589886963417,0.21899999999999997,True
756,0.28,0.14,0.25,0.21,0.12,0.8471312013006163,0.22690890481708292,0.11539213895168356,-0.08131957806580148,2.790335491331186,0.219,True
757,0.29,0.16,0.25,0.18,0.12,0.8460083920572463,0.22666031218513005,0.11688717003811781,-0.08124653171769647,2.789784467018187,0.219,True
758,0.25,0.14,0.28,0.21,0.12,0.8452990325824954,0.22650320634464216,0.11501388141003238,-0.08653375594114132,2.6175127137519087,0.219,True
759,0.3,0.16,0.23,0.19,0.12,0.8425861720113981,0.22590200208435607,0.11623663465753357,-0.07744687742579004,2.916863914892068,0.219,True
760,0.26,0.13,0.25,0.24,0.12,0.8408273392564771,0.22551190705739854,0.11294659594670863,-0.08062262376495988,2.7971293481447113,0.219,True
761,0.25,0.13,0.26,0.24,0.12,0.8402243284879187,0.22537810689185966,0.11283029705993676,-0.0823635738819789,2.736380857086293,0.219,True
762,0.26,0.13,0.24,0.25,0.12,0.8368498437437326,0.22462881304094662,0.11197631448988775,-0.07838778111821754,2.8656100458077933,0.219,True
763,0.24,0.13,0.26,0.25,0.12,0.8356510502846257,0.22436240375027938,0.11175282520701668,-0.08213182311142142,2.7317353402213604,0.219,True
764,0.25,0.13,0.24,0.26,0.12,0.8322891280157736,0.22361466042171152,0.11085701065735075,-0.07789574953507894,2.870691427405942,0.219,True
765,0.24,0.13,0.25,0.26,0.12,0.831693331245652,0.2234820506382702,0.11074986824582818,-0.07974860346528156,2.8023318393978243,0.219,True
766,0.28,0.14,0.21,0.25,0.12,0.8311567142881255,0.22336258821462773,0.1116782842862664,-0.07342069064218393,3.042229462307653,0.219,True
767,0.3,0.16,0.19,0.23,0.12,0.8265618982609195,0.22233872691976075,0.11272709529200826,-0.07218108262879164,3.080290829983674,0.219,True
768,0.29,0.16,0.18,0.25,0.12,0.8180354759681763,0.22043422787895173,0.11063048076390324,-0.06995459106772739,3.151104516721935,0.219,True
769,0.25,0.14,0.21,0.28,0.12,0.8175516786012103,0.22032598639732504,0.10816965191771752,-0.07084720813846934,3.109875352698481,0.219,True
770,0.21,0.14,0.25,0.28,0.12,0.8152096944743548,0.2198017352869659,0.10779532637468656,-0.07987319868618381,2.7518834715828957,0.219,True
771,0.24,0.15,0.22,0.28,0.11,0.7956006805758513,0.21539447705114068,0.1036777313443931,-0.06860340875128035,3.1397051687627804,0.219,True
772,0.22,0.15,0.24,0.28,0.11,0.7945286246567806,0.21515260200355235,0.10343816369561981,-0.07232559922140336,2.974778008335977,0.219,True
773,0.27,0.16,0.23,0.24,0.1,0.791485656823292,0.21446552861235757,0.10412632859089617,-0.06836465992072249,3.137081773844229,0.219,True
774,0.24,0.16,0.23,0.27,0.1,0.7780916613932967,0.21143200563781783,0.10045820318351363,-0.06684131887616651,3.16319320433409,0.219,True
775,0.23,0.16,0.24,0.27,0.1,0.7776013400913833,0.21132066716529563,0.10030498670120987,-0.06862669244177066,3.0792780424992787,0.219,True
776,0.24,0.17,0.21,0.28,0.1,0.7673661205723139,0.20899184086610112,0.09865853891878852,-0.06202151554786728,3.3696667845016517,0.219,True
777,0.22,0.18,0.19,0.3,0.11,0.7664505252867035,0.20878307711934418,0.09904763861188923,-0.06090561435425956,3.427977524452021,0.219,True
778,0.21,0.17,0.24,0.28,0.1,0.7659143797278964,0.20866079774021218,0.09822355861963517,-0.0673028222933072,3.1003276033635525,0.219,True
779,0.22,0.19,0.18,0.3,0.11,0.7597427018487815,0.20725142976652178,0.09829467393182102,-0.059325261895216475,3.4934768620588748,0.219,True
780,0.26,0.18,0.22,0.25,0.09,0.7585963482938174,0.20698928502682223,0.0980962178765463,-0.06134832665340206,3.374000503652591,0.219,True
781,0.22,0.18,0.26,0.25,0.09,0.7568147179101696,0.2065816408300185,0.09733640831501851,-0.06834279415649114,3.022727463512663,0.219,True
782,0.22,0.18,0.25,0.26,0.09,0.7528606286064563,0.2056759435926725,0.09625244060356226,-0.06603346278250266,3.1147229741701787,0.219,True
783,0.24,0.21,0.17,0.28,0.1,0.7404609689688679,0.2028268963556905,0.09565012395172685,-0.055659465879234316,3.644068320665687,0.219,True
784,0.22,0.2,0.21,0.28,0.09,0.7315413410293736,0.2007690700241398,0.09243741147585065,-0.05606958054889821,3.580712893848909,0.219,True
785,0.21,0.2,0.22,0.28,0.09,0.7311118518771695,0.2006698054206526,0.09226677464609208,-0.057891758267275994,3.4662931551361016,0.219,True
786,0.22,0.21,0.2,0.28,0.09,0.7248532030857089,0.19922142418359678,0.0916229538150145,-0.05421264893774147,3.674814422228018,0.219,True
787,0.2,0.21,0.22,0.28,0.09,0.7239998020764955,0.19902365814766654,0.09128847911378908,-0.05703963205682827,3.489217075407856,0.219,True
788,0.21,0.24,0.17,0.28,0.1,0.719145902668967,0.19789757862787893,0.09255061572422171,-0.05215626542713103,3.794320337301894,0.219,True
789,0.21,0.22,0.2,0.28,0.09,0.7177655619454402,0.19757695966389388,0.09059608912027943,-0.05304408899632829,3.7247686481630433,0.219,True
790,0.2,0.22,0.21,0.28,0.09,0.7173416318324635,0.1974784567196206,0.09043221091396306,-0.05435180606286405,3.633337528677783,0.219,True
791,0.22,0.25,0.18,0.26,0.09,0.7060714487408148,0.1948537896336593,0.09044432445961588,-0.05094828056168199,3.824541034270116,0.219,True
792,0.22,0.24,0.21,0.25,0.08,0.70186353220741,0.19387086148042365,0.08895664435956174,-0.05143138290076399,3.7695051259752104,0.219,True
793,0.21,0.24,0.22,0.25,0.08,0.7014803900163276,0.19378128275743878,0.08874489301821578,-0.05314272192866787,3.6464312651795763,0.219,True
794,0.28,0.15,0.26,0.19,0.12,0.8482662790244528,0.22716011133127134,0.11651559175370105,-0.0832696231195672,2.7280069588533045,0.21900000000000003,True
795,0.28,0.15,0.19,0.26,0.12,0.8203368755731,0.22094886433289074,0.11007984481613217,-0.07058213581303063,3.130379405323973,0.21900000000000003,True
796,0.26,0.15,0.19,0.28,0.12,0.8113056914177441,0.21892682422311505,0.10768145808925438,-0.0687822552860683,3.182896857810044,0.21900000000000003,True
797,0.27,0.18,0.19,0.26,0.1,0.7699158825673227,0.2095728291851442,0.10073606835673984,-0.06184410771774207,3.3887275104952503,0.21900000000000003,True
798,0.25,0.14,0.25,0.25,0.11,0.814834373392195,0.2197176780688448,0.10762232869497351,-0.07620432925576537,2.8832702841777413,0.2192,True
799,0.29,0.14,0.23,0.22,0.12,0.8437115965071922,0.22615148199024726,0.11470106529726933,-0.07733823015383634,2.9241874496015874,0.21939999999999998,True
800,0.29,0.14,0.22,0.23,0.12,0.8397080430518034,0.22526352670737393,0.1137891521725534,-0.07562503570534174,2.9786898558973185,0.21939999999999998,True
801,0.26,0.13,0.26,0.23,0.12,0.8448032421609264,0.22639337693732187,0.11393325423441522,-0.08285107060465302,2.7325341155532072,0.2194,True
802,0.27,0.13,0.24,0.24,0.12,0.8414161761199284,0.22564253402173629,0.11312027995327192,-0.0788791225284291,2.8606116141874125,0.2194,True
803,0.24,0.13,0.27,0.24,0.12,0.8396071809655308,0.22524113969424264,0.11277177677831272,-0.08450744458523007,2.665340796893645,0.2194,True
804,0.26,0.13,0.23,0.26,0.12,0.8328707590348465,0.2237440895256666,0.11102283388395377,-0.0761465150901971,2.938336564196499,0.2194,True
805,0.23,0.13,0.26,0.26,0.12,0.831083405875733,0.22334626638040844,0.11070179935338874,-0.0822907931739244,2.714110020890897,0.2194,True
806,0.24,0.13,0.24,0.27,0.12,0.8277340272607225,0.2226000750359436,0.10976333828198825,-0.07740302632379459,2.875857516277936,0.2194,True
807,0.26,0.14,0.25,0.24,0.11,0.8193628238738657,0.2207311009398092,0.10877744737201862,-0.07670018472005913,2.8778431466030376,0.2194,True
808,0.25,0.14,0.26,0.24,0.11,0.8188095696057807,0.2206073783025977,0.10863584893079682,-0.07845583417332436,2.811867092193968,0.2194,True
809,0.26,0.14,0.24,0.25,0.11,0.8153769531049924,0.21983919093468862,0.10778981574421649,-0.07444448123827163,2.9530622992866005,0.2194,True
810,0.24,0.14,0.26,0.25,0.11,0.814277581522358,0.21959295714994354,0.107515450614782,-0.0779615829372351,2.816681612618516,0.2194,True
811,0.25,0.14,0.24,0.26,0.11,0.8108576304083337,0.21882633059543255,0.1066256079242422,-0.07394631382011885,2.9592594855741905,0.2194,True
812,0.24,0.14,0.25,0.26,0.11,0.8103114990142042,0.21870381877233536,0.10649288020816174,-0.0757077730567759,2.8887894854379317,0.2194,True
813,0.28,0.17,0.18,0.26,0.11,0.7919794849099813,0.21457708319332802,0.1052269771155121,-0.06525408541293898,3.288331785442209,0.2194,True
814,0.24,0.16,0.2,0.29,0.11,0.7848719341937416,0.2129695245579719,0.10194429961751389,-0.06451279188002956,3.3011983879727005,0.2194,True
815,0.26,0.17,0.18,0.28,0.11,0.7830575821330992,0.21255847773817393,0.10270978841573253,-0.06342878967593213,3.3511356408370605,0.2194,True
816,0.2,0.16,0.24,0.29,0.11,0.7827539629528768,0.21248966468101926,0.10150111005698932,-0.0722785648530675,2.939871109961603,0.2194,True
817,0.26,0.18,0.17,0.28,0.11,0.7762935542146336,0.211023604811444,0.10201462608465472,-0.06186064901486632,3.4112736961542534,0.2194,True
818,0.24,0.2,0.16,0.29,0.11,0.7579283602323865,0.20683647895169188,0.09904977393291464,-0.05821565117740357,3.5529359333521557,0.2194,True
819,0.24,0.18,0.22,0.27,0.09,0.7497821401750602,0.20496986205810375,0.09554906052533854,-0.060103614904699953,3.4102751121226755,0.2194,True
820,0.22,0.18,0.24,0.27,0.09,0.7489050930840266,0.20476855112056258,0.09518607928408904,-0.06371732611227354,3.213702828014923,0.2194,True
821,0.22,0.19,0.22,0.28,0.09,0.7382396461143321,0.2023150789257142,0.09327599132899653,-0.05874001909686444,3.4442460529692585,0.2194,True
822,0.24,0.22,0.18,0.27,0.09,0.7229173904477102,0.19877272757161712,0.09242707395797352,-0.05378988907392246,3.6953548518839185,0.2194,True
823,0.23,0.21,0.22,0.26,0.08,0.7183176045561144,0.19770520609518494,0.09068784735763791,-0.05472870878542491,3.61245880786862,0.2194,True
824,0.22,0.22,0.19,0.28,0.09,0.718175235868963,0.19767213469028633,0.09083340230514751,-0.052589552938433703,3.7587719165762827,0.2194,True
825,0.22,0.21,0.23,0.26,0.08,0.7179297300736447,0.19761510085231881,0.09047251967448473,-0.05656064376867642,3.4938622986777084,0.2194,True
826,0.19,0.22,0.22,0.28,0.09,0.7169034826813152,0.19737663284991802,0.09034242955393902,-0.05618361398435512,3.5130640208527613,0.2194,True
827,0.23,0.22,0.21,0.26,0.08,0.7116270188468818,0.19614904377616105,0.08985676948588782,-0.05255645442383705,3.732158988396245,0.2194,True
828,0.21,0.22,0.23,0.26,0.08,0.7108567003851873,0.1959696153237942,0.08943156312735237,-0.055701375428490185,3.5182186044109693,0.2194,True
829,0.22,0.24,0.18,0.27,0.09,0.7087881820357154,0.19548753357447302,0.09025523929285487,-0.05072001570605389,3.8542482854779525,0.2194,True
830,0.18,0.24,0.22,0.27,0.09,0.7071010411198573,0.19509404615619452,0.08960810559516179,-0.05570003853087091,3.502583683996315,0.2194,True
831,0.22,0.23,0.21,0.26,0.08,0.704578542062515,0.19450524643194012,0.08876628486272624,-0.051378451532441693,3.785735860667666,0.2194,True
832,0.21,0.23,0.22,0.26,0.08,0.7041960798273217,0.1944159216917447,0.08855632738644428,-0.05299649631212522,3.668467450125825,0.2194,True
833,0.2,0.26,0.19,0.26,0.09,0.6986312047979522,0.19311472042278388,0.08916953164882006,-0.05113525458618251,3.7765475499356618,0.2194,True
834,0.29,0.15,0.25,0.19,0.12,0.8488598610619413,0.22729143730184265,0.11673014897387819,-0.08152779021990109,2.7879013608584278,0.2196,True
835,0.29,0.15,0.19,0.25,0.12,0.8248608136422524,0.22195923926706618,0.11131370682185283,-0.07148016582313543,3.105186406761613,0.2196,True
836,0.25,0.15,0.19,0.29,0.12,0.8067984419809167,0.2179151567916655,0.10651892845965726,-0.06788039934748291,3.210281007277929,0.2196,True
837,0.21,0.25,0.21,0.25,0.08,0.6948370537307949,0.19222592651829462,0.08789857261349708,-0.05098592409890901,3.770176375451982,0.2196,True
838,0.27,0.13,0.25,0.23,0.12,0.8454027827691766,0.22652618699690108,0.11408234542933181,-0.08111169642267435,2.7927684537192947,0.21960000000000002,True
839,0.25,0.13,0.27,0.23,0.12,0.8441895421462042,0.22625740048150766,0.11384112112626896,-0.08458790334506394,2.674819820968062,0.21960000000000002,True
840,0.27,0.13,0.23,0.25,0.12,0.8374279764433541,0.22475725072298203,0.11217497704983204,-0.07664013628067867,2.9326311464250927,0.21960000000000002,True
841,0.23,0.13,0.27,0.25,0.12,0.8350304638276724,0.22422444451584234,0.11172878445319787,-0.0846661506381029,2.6483363519651153,0.21960000000000002,True
842,0.25,0.13,0.23,0.27,0.12,0.8283191480261463,0.2227304968566408,0.109895405242899,-0.07565219952729696,2.944137754729455,0.21960000000000002,True
843,0.23,0.13,0.25,0.27,0.12,0.8271347633968917,0.22246647189837954,0.10969082147345498,-0.0799078384158175,2.784038165827084,0.21960000000000002,True
844,0.25,0.15,0.21,0.28,0.11,0.7961153925254871,0.21551057109029248,0.10389227172642038,-0.06696963896024477,3.2180339395024387,0.21960000000000002,True
845,0.21,0.15,0.25,0.28,0.11,0.7939713549898815,0.21502683391184862,0.10341404731255191,-0.0749080739781518,2.870542819917714,0.21960000000000002,True
846,0.27,0.19,0.2,0.25,0.09,0.7522383022811996,0.20553327365815677,0.09769296365856332,-0.05931874254188063,3.464895998310226,0.21960000000000002,True
847,0.25,0.19,0.2,0.27,0.09,0.7434577495979138,0.20351669818751383,0.09504939716250686,-0.0574634874463793,3.5416698016705066,0.21960000000000002,True
848,0.2,0.19,0.25,0.27,0.09,0.741279339626439,0.20301534824600642,0.09415943230822937,-0.06469162419206531,3.138201440781063,0.21960000000000002,True
849,0.25,0.2,0.19,0.27,0.09,0.7367265175845041,0.20196618757173002,0.09428950910287372,-0.05585883074019837,3.615653691554747,0.21960000000000002,True
850,0.2,0.25,0.19,0.27,0.09,0.701342207563252,0.1937489723715886,0.08897998224531337,-0.05085814495912877,3.809595739822824,0.21960000000000002,True
851,0.29,0.14,0.24,0.21,0.12,0.8477135552072541,0.22703779967661064,0.11563006520174963,-0.07957642453100966,2.853078672668155,0.2198,True
852,0.3,0.15,0.23,0.2,0.12,0.8454326257904499,0.22653279706253127,0.11607853753818526,-0.07763369783661334,2.917969945722393,0.2198,True
853,0.29,0.14,0.21,0.24,0.12,0.83570289825321,0.2243739283854136,0.11289473583201767,-0.07431278452245071,3.0193180060104967,0.2198,True
854,0.3,0.15,0.2,0.23,0.12,0.833403277056231,0.2238625656080384,0.11341971877925178,-0.0736968103897837,3.0376153923626465,0.2198,True
855,0.24,0.14,0.27,0.24,0.11,0.8182421176792631,0.22048045461499766,0.10855436483581586,-0.08020889920846053,2.7488278332055844,0.2198,True
856,0.24,0.14,0.21,0.29,0.12,0.8130278331906433,0.21931292159992744,0.10705030289071438,-0.07034662235739608,3.117604147157314,0.2198,True
857,0.24,0.14,0.24,0.27,0.11,0.8063438735669397,0.21781303399907714,0.10548712375381307,-0.07344744138148063,2.9655632640458123,0.2198,True
858,0.24,0.17,0.24,0.26,0.09,0.7605036046113944,0.20742536789581822,0.09741508736519328,-0.06506004446244196,3.1882143581313,0.2198,True
859,0.26,0.18,0.21,0.26,0.09,0.7545998218813388,0.2060744792004221,0.09713111158886026,-0.059982808703696655,3.435559015223674,0.2198,True
860,0.21,0.18,0.26,0.26,0.09,0.7523901221048708,0.20556808186424402,0.09620404563386,-0.06783185066651753,3.030553933651031,0.2198,True
861,0.24,0.21,0.21,0.26,0.08,0.7186911257500306,0.19779196417831568,0.09097592712820002,-0.05372906767202523,3.6812841306996797,0.2198,True
862,0.21,0.21,0.24,0.26,0.08,0.7175275394538869,0.19752165557137236,0.09033071511818083,-0.05838979063197414,3.382811505804747,0.2198,True
863,0.21,0.26,0.18,0.26,0.09,0.6990366955682938,0.1932096298147965,0.08940506883683358,-0.0504785343366938,3.8275602165086786,0.2198,True
864,0.21,0.24,0.21,0.26,0.08,0.6975456813659162,0.1928605678411346,0.08770586624150617,-0.050788748018485874,3.797308958490924,0.2198,True
865,0.22,0.25,0.2,0.25,0.08,0.6952103591163112,0.19231343348915386,0.0881453967503828,-0.050328686934733136,3.8211494319044785,0.2198,True
866,0.26,0.14,0.23,0.26,0.11,0.8113895351467977,0.2189456273223167,0.10681942616547285,-0.07218225027584957,3.0332336064004726,0.21980000000000002,True
867,0.23,0.14,0.26,0.26,0.11,0.8097511781156967,0.21857809825171692,0.10642169750268803,-0.07746663374871743,2.8215773381960823,0.21980000000000002,True
868,0.28,0.16,0.19,0.26,0.11,0.79877974875683,0.2161111662417221,0.1059251534073378,-0.0668052122163233,3.234944685781825,0.21980000000000002,True
869,0.26,0.16,0.19,0.28,0.11,0.789831680012369,0.2140917498169317,0.10342817646713577,-0.06498757563095248,3.2943489234419667,0.21980000000000002,True
870,0.26,0.19,0.16,0.28,0.11,0.7695395998425876,0.20948712458565177,0.10134328415855606,-0.06028306918403825,3.475057382133419,0.21980000000000002,True
871,0.25,0.17,0.2,0.28,0.1,0.7678215066880778,0.2090956460396809,0.09893670030997276,-0.06158129083031272,3.395441102653143,0.21980000000000002,True
872,0.2,0.17,0.25,0.28,0.1,0.7654020624516251,0.2085439297776106,0.09821352769577787,-0.06965001362297407,2.9941692604180963,0.21980000000000002,True
873,0.25,0.2,0.17,0.28,0.1,0.7475974637284715,0.2044682824685924,0.09673953181258618,-0.05681659096231573,3.598742532867,0.21980000000000002,True
874,0.2,0.25,0.17,0.28,0.1,0.7120723064585845,0.19625273900768292,0.09157789373214047,-0.05145177980109239,3.814304184741073,0.21980000000000002,True
875,0.3,0.16,0.24,0.18,0.12,0.8465882651241057,0.22678871004286805,0.1171576280585617,-0.0794993214208225,2.852712526216198,0.22,True
876,0.25,0.14,0.27,0.23,0.11,0.8227832156369654,0.22149543678309103,0.10966570777478883,-0.08070085668985205,2.744647899269991,0.22,True
877,0.3,0.16,0.18,0.24,0.12,0.8225518715589848,0.22144376978117042,0.11189535455455189,-0.0708550899158561,3.1253050422227364,0.22,True
878,0.29,0.15,0.23,0.22,0.11,0.8221258690746136,0.22134861749494483,0.11064056964159902,-0.07338450392364193,3.016285532505099,0.22,True
879,0.29,0.15,0.22,0.23,0.11,0.8181139639841251,0.22045178643493912,0.10971500405555955,-0.07190726408923753,3.0657790868159935,0.22,True
880,0.23,0.14,0.27,0.25,0.11,0.8137066146467247,0.21946503453544075,0.10746958743920945,-0.07976259061611146,2.751478266192503,0.22,True
881,0.25,0.14,0.23,0.27,0.11,0.8068793440663014,0.21793333036099272,0.10564615758423605,-0.07168175958649325,3.040289909429862,0.22,True
882,0.23,0.14,0.25,0.27,0.11,0.8057941990645747,0.217689521897231,0.10539015276515164,-0.07521051463664041,2.89440276999752,0.22,True
883,0.29,0.17,0.18,0.25,0.11,0.7964486900877699,0.21558573501496614,0.10651982518533355,-0.06616477695342471,3.2583157526053954,0.22,True
884,0.25,0.15,0.25,0.25,0.1,0.7933132473711566,0.21487827453331332,0.10351007733849879,-0.0722220508955036,2.9752447053077415,0.22,True
885,0.23,0.15,0.22,0.29,0.11,0.7911146553387878,0.21438170677811308,0.10254654207482243,-0.0680981734270939,3.148127122787379,0.22,True
886,0.22,0.15,0.23,0.29,0.11,0.7905821602973262,0.21426137783123966,0.10243183045699573,-0.06989605104247243,3.065428942488374,0.22,True
887,0.25,0.17,0.18,0.29,0.11,0.7786048811833941,0.21154852180204498,0.10148759854485832,-0.0625141798720078,3.384008591893418,0.22,True
888,0.24,0.16,0.22,0.28,0.1,0.7741177003687938,0.21052903831551228,0.09946915045862566,-0.06454238460648953,3.26187263763329,0.22,True
889,0.23,0.17,0.19,0.3,0.11,0.7736701412445424,0.2104272590302949,0.10002481857724112,-0.06203771372124145,3.3919247891020445,0.22,True
890,0.22,0.16,0.24,0.28,0.1,0.7731440606357833,0.21030760130214055,0.09917240557401066,-0.06811911554247396,3.087350733011331,0.22,True
891,0.25,0.18,0.17,0.29,0.11,0.7718539103795459,0.21001405468747558,0.10078239534333562,-0.06094216576428757,3.4461206301687577,0.22,True
892,0.23,0.17,0.21,0.29,0.1,0.7629346542873734,0.20798075662536641,0.09746643641583112,-0.06140475635953613,3.3870463618095132,0.22,True
893,0.21,0.17,0.23,0.29,0.1,0.761973781369822,0.20776130017365912,0.09718641769038627,-0.06499947216560453,3.1963536510624038,0.22,True
894,0.23,0.19,0.17,0.3,0.11,0.7602244100229099,0.20736155139222312,0.098556661146804,-0.05888144776109849,3.5216788865918773,0.22,True
895,0.25,0.18,0.21,0.27,0.09,0.7501991799116641,0.205065562690955,0.09583366062316641,-0.059058459930204754,3.472247040192063,0.22,True
896,0.21,0.18,0.25,0.27,0.09,0.7484451600321418,0.20466295456568817,0.09510897289422288,-0.0655201041146859,3.1236665040618323,0.22,True
897,0.23,0.22,0.15,0.29,0.11,0.7440688394085329,0.20365726236839565,0.09735592551769323,-0.05546017789096502,3.6721350365804235,0.22,True
898,0.23,0.21,0.17,0.29,0.1,0.7360816457086243,0.20181743390154483,0.09441318572359894,-0.054725864887021136,3.6877888420436484,0.22,True
899,0.25,0.21,0.18,0.27,0.09,0.7300054874570399,0.20041402406536113,0.09355472238691974,-0.05561963708592932,3.6032961480085235,0.22,True
900,0.24,0.2,0.22,0.26,0.08,0.7254018476395516,0.19934853190559032,0.09179720255102486,-0.05558888913520399,3.5861218852697765,0.22,True
901,0.22,0.2,0.24,0.26,0.08,0.7246206688107022,0.1991675434617921,0.09136170901927479,-0.05924032779690114,3.362026357190592,0.22,True
902,0.21,0.23,0.17,0.29,0.1,0.7218744973339297,0.19853085895121003,0.09237190268365796,-0.05238976378080684,3.7894971197396856,0.22,True
903,0.22,0.24,0.16,0.28,0.1,0.7195743374737296,0.19799705851581706,0.09284979349557049,-0.05229448965548078,3.786193532439718,0.22,True
904,0.24,0.22,0.2,0.26,0.08,0.7119906598874077,0.19623372711436593,0.09017970721672078,-0.0521003990905784,3.766453434899925,0.22,True
905,0.2,0.22,0.24,0.26,0.08,0.7104500972665593,0.19587488450328938,0.08933085402587358,-0.0575353620594522,3.404426034564426,0.22,True
906,0.21,0.25,0.18,0.27,0.09,0.701747042571025,0.19384362760222706,0.08921371928231425,-0.05020182838070231,3.8612862091839864,0.22,True
907,0.22,0.24,0.2,0.26,0.08,0.697918299959658,0.19294782089331886,0.08795092368979052,-0.05005197871912448,3.8549489117319347,0.22,True
908,0.2,0.24,0.22,0.26,0.08,0.6971587701199353,0.19276995448042933,0.08753693673436949,-0.052833385564815094,3.64863906447832,0.22,True
909,0.28,0.14,0.26,0.2,0.12,0.8511208372130388,0.22779140551379173,0.11636242912210842,-0.08354723539478037,2.726498422568068,0.22000000000000003,True
910,0.26,0.14,0.28,0.2,0.12,0.849892133004827,0.22751975347997044,0.11610197490279973,-0.08701767178771991,2.6146384844104555,0.22000000000000003,True
911,0.28,0.14,0.2,0.26,0.12,0.8271591237548817,0.22247190349841484,0.11079372793939393,-0.07210243700372287,3.0854976994318224,0.22000000000000003,True
912,0.26,0.14,0.2,0.28,0.12,0.8181017692518813,0.22044905838424955,0.10841416829472965,-0.07031002225709093,3.135385984919337,0.22000000000000003,True
913,0.2,0.2,0.2,0.3,0.1,0.7374845077449077,0.2021409873490334,0.09355305821224864,-0.05654787439402309,3.5746876344197123,0.22000000000000003,True
914,0.24,0.15,0.26,0.25,0.1,0.7928058574324548,0.21476371292585839,0.10337666876407338,-0.07399427066705255,2.9024370534337365,0.2202,True
915,0.24,0.15,0.25,0.26,0.1,0.7888318680006574,0.2138656926757483,0.10233433177732196,-0.0717192627217641,2.981983982538182,0.2202,True
916,0.21,0.19,0.2,0.3,0.1,0.7446309935250897,0.2037865412608848,0.09450703886899862,-0.05745368365659376,3.546970851841924,0.2202,True
917,0.2,0.19,0.21,0.3,0.1,0.7441597742303152,0.20367817658297316,0.09437971443061643,-0.05921023039329043,3.4399152854175266,0.2202,True
918,0.21,0.2,0.19,0.3,0.1,0.737945773708413,0.20224733480651524,0.09371208073627275,-0.05585305406093333,3.621061340457264,0.2202,True
919,0.2,0.21,0.19,0.3,0.1,0.7308193231008135,0.20060218603954372,0.09275036841315752,-0.054693810900478645,3.6677310053336982,0.2202,True
920,0.19,0.21,0.2,0.3,0.1,0.7303538096372229,0.20049456473424176,0.09263100987550002,-0.05585999828467614,3.589233277675246,0.2202,True
921,0.24,0.15,0.21,0.29,0.11,0.7916329499758767,0.21449880392783993,0.10272529021327545,-0.06631943685784958,3.2343278847135117,0.22039999999999998,True
922,0.21,0.15,0.24,0.29,0.11,0.7900355020027772,0.21413782356457767,0.10238161018184487,-0.0724866412362547,2.95416948436942,0.22039999999999998,True
923,0.25,0.16,0.19,0.29,0.11,0.7853659146045331,0.21308138902581564,0.10221617275513142,-0.06407680946690142,3.3254057247635256,0.22039999999999998,True
924,0.25,0.19,0.16,0.29,0.11,0.7651130057785869,0.20847798123704253,0.10010117519392156,-0.059360682349816174,3.5120549997803074,0.22039999999999998,True
925,0.24,0.21,0.15,0.29,0.11,0.7512176069619123,0.20529920342829477,0.09838663214451839,-0.056617532920107405,3.6260711627613835,0.22039999999999998,True
926,0.21,0.2,0.21,0.29,0.09,0.7271701892365656,0.19975803072800735,0.09124636313559423,-0.05554434011525178,3.596370580936226,0.22039999999999998,True
927,0.21,0.21,0.2,0.29,0.09,0.7204950656906401,0.1982107899570682,0.09041939400436204,-0.05327571137636955,3.7204719530968973,0.22039999999999998,True
928,0.2,0.21,0.21,0.29,0.09,0.7200717785641568,0.19811254050229388,0.0902573841687724,-0.05468558870641238,3.622755925073609,0.22039999999999998,True
929,0.23,0.21,0.21,0.27,0.08,0.7143509478857755,0.1967830906383483,0.08967213350324159,-0.05278941958617667,3.7276994553256566,0.22039999999999998,True
930,0.21,0.21,0.23,0.27,0.08,0.7135819865030022,0.1966041681764905,0.08925047745980301,-0.056033641857710204,3.5086808863100494,0.22039999999999998,True
931,0.21,0.23,0.21,0.27,0.08,0.7002568339722237,0.19349512501719301,0.08751664749526888,-0.05061780260844584,3.822669397839632,0.22039999999999998,True
932,0.24,0.17,0.23,0.27,0.09,0.7565237891063354,0.20651504897379058,0.09638916397428474,-0.06274595645113001,3.2912885650987853,0.2204,True
933,0.23,0.17,0.24,0.27,0.09,0.7560824429049038,0.206414013437193,0.09620476829850876,-0.06454675682245159,3.197899067260264,0.2204,True
934,0.3,0.15,0.24,0.19,0.12,0.8494392211227724,0.2274195896506639,0.11699941708136806,-0.07978340263779804,2.850462403604255,0.2206,True
935,0.3,0.15,0.19,0.24,0.12,0.8293903179394717,0.22296918561662848,0.11256940321447292,-0.07237692593269829,3.080666700654883,0.2206,True
936,0.21,0.18,0.21,0.3,0.1,0.7513263052980192,0.20532413492405976,0.0953257943590132,-0.060051495869849925,3.4191343937386733,0.2206,True
937,0.22,0.19,0.19,0.3,0.1,0.745087997648604,0.2038916182857342,0.09470459939595496,-0.057007043857932316,3.5766039508004317,0.2206,True
938,0.19,0.19,0.22,0.3,0.1,0.7436743769155574,0.20356653102276545,0.09432316881437638,-0.0616471396834094,3.302124511667322,0.2206,True
939,0.21,0.21,0.18,0.3,0.1,0.7312706494336128,0.2007065090207607,0.09294165967799284,-0.054242701020068895,3.700156984190419,0.2206,True
940,0.19,0.22,0.19,0.3,0.1,0.7237086317947905,0.19895616779277425,0.09182074630357694,-0.05352927842202104,3.7167728326957428,0.2206,True
941,0.28,0.15,0.27,0.18,0.12,0.852249826546895,0.22804090580016667,0.11750195705967657,-0.08549462779904515,2.66731269169539,0.22060000000000002,True
942,0.29,0.14,0.25,0.2,0.12,0.8517139157398683,0.22792248517479763,0.11657574784091043,-0.08180820822417634,2.786058882382916,0.22060000000000002,True
943,0.28,0.13,0.25,0.22,0.12,0.8499838548538059,0.22754003625515895,0.11524177042051273,-0.08160008451974554,2.788477948207259,0.22060000000000002,True
944,0.25,0.13,0.28,0.22,0.12,0.8481531602031258,0.22713508137487648,0.11486750878595513,-0.08680588082152141,2.616586332922318,0.22060000000000002,True
945,0.28,0.13,0.22,0.25,0.12,0.837991883587982,0.22488250210715388,0.11243092304349844,-0.07492600685669948,3.0013944629033182,0.22060000000000002,True
946,0.29,0.14,0.2,0.25,0.12,0.8316961655235202,0.2234826815472517,0.1120182318507905,-0.07299674765416864,3.061542996491149,0.22060000000000002,True
947,0.25,0.13,0.22,0.28,0.12,0.82434758608364,0.22184469922558958,0.10895107675488043,-0.07340218728268755,3.0223172828790252,0.22060000000000002,True
948,0.22,0.13,0.25,0.28,0.12,0.8225818174188324,0.22145045795666585,0.10865931101879217,-0.08006707194122653,2.765811869818622,0.22060000000000002,True
949,0.28,0.15,0.18,0.27,0.12,0.8163406344834419,0.22005495149522747,0.10923244782380837,-0.06925395021819003,3.1775075761299822,0.22060000000000002,True
950,0.25,0.14,0.2,0.29,0.12,0.8135814531668968,0.21943698906904507,0.10726108459386129,-0.0694119127934889,3.161373606313138,0.22060000000000002,True
951,0.27,0.15,0.18,0.28,0.12,0.8118313958158978,0.21904471101459633,0.10801350525899446,-0.06835240039770252,3.2046381654499867,0.22060000000000002,True
952,0.24,0.15,0.27,0.24,0.1,0.7967783425198538,0.2156600677591758,0.10443570718722897,-0.0762626791919726,2.827858528498644,0.22060000000000002,True
953,0.26,0.15,0.2,0.28,0.11,0.796615844266829,0.21562342745182028,0.10416919772394437,-0.06653709033890964,3.2406500848403907,0.22060000000000002,True
954,0.27,0.18,0.15,0.28,0.12,0.7914727625263369,0.21446261554694224,0.1060344628382237,-0.06370697610104303,3.3663913855649317,0.22060000000000002,True
955,0.23,0.15,0.26,0.26,0.1,0.7883208730187516,0.21375012436046736,0.10223777307439554,-0.07349311576302298,2.908437370511004,0.22060000000000002,True
956,0.24,0.15,0.24,0.27,0.1,0.7848563776365722,0.2129660013583512,0.10130920760487863,-0.06943762651487717,3.0670115331883174,0.22060000000000002,True
957,0.23,0.16,0.2,0.3,0.11,0.7804080710079622,0.2119577218970643,0.10079381136932083,-0.06360171559096284,3.3325786879745953,0.22060000000000002,True
958,0.2,0.16,0.23,0.3,0.11,0.7788301370690551,0.21159965451252716,0.10047735225581858,-0.0698450864332304,3.029556770823234,0.22060000000000002,True
959,0.25,0.16,0.21,0.28,0.1,0.7745831128684935,0.21063485947582117,0.0997164109181116,-0.06315051528916349,3.3354416588896103,0.22060000000000002,True
960,0.21,0.16,0.25,0.28,0.1,0.7726359077050107,0.21019199877160744,0.099123993727992,-0.06990347901044236,3.0068889524112015,0.22060000000000002,True
961,0.27,0.18,0.18,0.27,0.1,0.7659175549824588,0.2086615219972967,0.09985535864281053,-0.06048163620736513,3.449997967678775,0.22060000000000002,True
962,0.24,0.17,0.2,0.29,0.1,0.7633937105252144,0.20808557361159985,0.09770781178286576,-0.060662461015126734,3.4302197789125604,0.22060000000000002,True
963,0.2,0.17,0.24,0.29,0.1,0.7614720389926681,0.2076466741164824,0.09714885356912255,-0.06719671086327383,3.0901315175825235,0.22060000000000002,True
964,0.23,0.2,0.16,0.3,0.11,0.7535166157359283,0.20582629379731077,0.09785878491768525,-0.057289012919382265,3.5927708177997726,0.22060000000000002,True
965,0.24,0.2,0.17,0.29,0.1,0.7432088201096694,0.20345942947987927,0.0954772257246444,-0.0558859512062162,3.6406185291384725,0.22060000000000002,True
966,0.22,0.2,0.2,0.29,0.09,0.7275891178303302,0.19985500200009287,0.0914482458747828,-0.0544419309330586,3.6709756354129524,0.22060000000000002,True
967,0.2,0.2,0.22,0.29,0.09,0.7267369990655452,0.19965774177148643,0.09111743752754403,-0.0573682391880197,3.480283595895711,0.22060000000000002,True
968,0.23,0.2,0.22,0.27,0.08,0.7210486181796807,0.198339251074932,0.09050711200375679,-0.05506198115044736,3.602108876776595,0.22060000000000002,True
969,0.22,0.2,0.23,0.27,0.08,0.720661420372382,0.1982493982406539,0.0902935276034728,-0.056890818224831996,3.4847345217847647,0.22060000000000002,True
970,0.2,0.24,0.17,0.29,0.1,0.7147944952982423,0.1968862712214967,0.09139722430067003,-0.05121367592508008,3.8444081129720007,0.22060000000000002,True
971,0.2,0.22,0.2,0.29,0.09,0.7134167077456022,0.1965657040124893,0.08942171402298363,-0.0521041533990646,3.772553456669697,0.22060000000000002,True
972,0.21,0.25,0.16,0.28,0.1,0.7125050516565865,0.19635349622832576,0.09183892048411418,-0.05079740951921152,3.865423416012289,0.22060000000000002,True
973,0.23,0.22,0.2,0.27,0.08,0.7076635262752835,0.19522526188366474,0.08886233492734864,-0.05115668027568654,3.8162222574174796,0.22060000000000002,True
974,0.2,0.22,0.23,0.27,0.08,0.7065182179321734,0.1949580555892203,0.08823867602940895,-0.05517253784380838,3.5336068125258273,0.22060000000000002,True
975,0.22,0.23,0.2,0.27,0.08,0.7006287653263623,0.19358212454867596,0.08775992234758774,-0.04997368640088817,3.873681100804992,0.22060000000000002,True
976,0.2,0.23,0.22,0.27,0.08,0.6998706000226418,0.19340476649328875,0.08734961924389706,-0.052660024363906266,3.672705602199653,0.22060000000000002,True
977,0.21,0.25,0.2,0.26,0.08,0.6909055085865607,0.1913035468863431,0.08688105296965971,-0.049603753525774286,3.856634494140471,0.22060000000000002,True
978,0.2,0.25,0.21,0.26,0.08,0.6905284227260513,0.19121500366778,0.08667694819664248,-0.050649334253771494,3.775271807319789,0.22060000000000002,True
979,0.23,0.15,0.27,0.25,0.1,0.792284231583372,0.21464591450933335,0.10330684162308038,-0.07576386195824436,2.8330909877275117,0.2208,True
980,0.25,0.15,0.23,0.27,0.1,0.7853424764246324,0.21307608179280768,0.10149774102355551,-0.06765684551906137,3.1493647118498376,0.2208,True
981,0.23,0.15,0.25,0.27,0.1,0.784356013940879,0.21285266965743022,0.10118539282230754,-0.07121575864331631,2.9888422690756062,0.2208,True
982,0.22,0.18,0.2,0.3,0.1,0.7517932810087695,0.20543123065109237,0.09549169144758171,-0.05860058150439762,3.5056176129527996,0.2208,True
983,0.2,0.18,0.22,0.3,0.1,0.7508451189714116,0.20521376022970483,0.09522958818712104,-0.06187534920636206,3.316567306073557,0.2208,True
984,0.22,0.2,0.18,0.3,0.1,0.7383928199452545,0.20235038586979903,0.09394185416072798,-0.05540384784898367,3.652280369070268,0.2208,True
985,0.22,0.19,0.21,0.29,0.09,0.7342843224745417,0.2014026478322848,0.09226638695096222,-0.05639919031620322,3.5710201991042196,0.2208,True
986,0.21,0.19,0.22,0.29,0.09,0.7338554725802722,0.20130363555052755,0.09209754958940107,-0.058218302734275085,3.457737963769481,0.2208,True
987,0.2,0.22,0.18,0.3,0.1,0.7241642238836408,0.19906176611819926,0.09197240352901329,-0.05307625215431022,3.7504864800826714,0.2208,True
988,0.22,0.21,0.19,0.29,0.09,0.7209040866844625,0.19830571278068088,0.09065493889308997,-0.05282205902545123,3.7542215589349013,0.2208,True
989,0.19,0.21,0.22,0.29,0.09,0.7196342624562875,0.19801097140538282,0.09016956886211254,-0.056514299227432674,3.5037322255119827,0.2208,True
990,0.21,0.22,0.19,0.29,0.09,0.7138301055281095,0.19666190653026816,0.08961744944622325,-0.05164856724711475,3.807693359417522,0.2208,True
991,0.19,0.22,0.21,0.29,0.09,0.7129890764263123,0.19646617289808432,0.08930080563508801,-0.05382290932318878,3.650233243958811,0.2208,True
992,0.29,0.15,0.26,0.18,0.12,0.8528541255018203,0.22817441080752743,0.11769226229184976,-0.08375691768719784,2.7242455561662062,0.221,True
993,0.3,0.14,0.23,0.21,0.12,0.8482816626954026,0.2271635152182967,0.11592307085527842,-0.07783071453587076,2.918687263414512,0.221,True
994,0.3,0.14,0.21,0.23,0.12,0.8402546710452055,0.22538484020500538,0.11413306947792486,-0.07520362242235823,2.9969944657612384,0.221,True
995,0.29,0.15,0.18,0.26,0.12,0.8208554274553386,0.22106476244323536,0.11047418472805684,-0.07015422241040015,3.151125546656522,0.221,True
996,0.26,0.15,0.18,0.29,0.12,0.8073277097773857,0.21803403987547876,0.10681835223382034,-0.06744957022727105,3.2325489864622408,0.221,True
997,0.25,0.14,0.22,0.28,0.11,0.8028995177782237,0.21703867180890057,0.10468445846590774,-0.06941063811096049,3.126879073809126,0.221,True
998,0.22,0.14,0.25,0.28,0.11,0.8012824718680016,0.21667478628548476,0.10431522452570527,-0.0751113297144761,2.8847150903750456,0.221,True
999,0.24,0.17,0.18,0.3,0.11,0.77415767829242,0.21053812885012824,0.10029117665020561,-0.06159825835946153,3.417923403313065,0.221,True
1000,0.23,0.16,0.22,0.29,0.1,0.7696731799688772,0.20951755105460834,0.09828854854795412,-0.06403075975171235,3.2721390760790605,0.221,True
1001,0.22,0.16,0.23,0.29,0.1,0.769189847458212,0.2094074518120368,0.09814506324859039,-0.0658221244303665,3.181414359142568,0.221,True
1002,0.24,0.18,0.17,0.3,0.11,0.7674197522527397,0.2090040671232607,0.09957589222334387,-0.06002236129157734,3.48210337990467,0.221,True
1003,0.23,0.22,0.16,0.29,0.1,0.7293936850288167,0.2002725340953857,0.09371218853056362,-0.05332105211192495,3.755974913529433,0.221,True
1004,0.22,0.23,0.16,0.29,0.1,0.7223023007428211,0.19863008727845632,0.09266939805318364,-0.051934469219820256,3.8246291964153007,0.221,True
1005,0.24,0.2,0.21,0.27,0.08,0.7214214527552101,0.19842575805181362,0.09079355071055172,-0.05395967720474626,3.6772969804637787,0.221,True
1006,0.21,0.2,0.24,0.27,0.08,0.7202598964845861,0.1981562066671021,0.0901535669281241,-0.058716876212727254,3.3747743314749172,0.221,True
1007,0.24,0.21,0.2,0.27,0.08,0.7147138954720518,0.19686752294344934,0.08999345774290468,-0.052334253580402224,3.7617336538677786,0.221,True
1008,0.2,0.21,0.24,0.27,0.08,0.7131760470090103,0.19650969230628457,0.08915170178694887,-0.05786452343870285,3.3960306009337753,0.221,True
1009,0.21,0.24,0.2,0.27,0.08,0.6936095985942694,0.1919381066338337,0.08668764273381428,-0.04932765201355771,3.8910854013704017,0.221,True
1010,0.2,0.24,0.21,0.27,0.08,0.6932331968660481,0.19184981819091185,0.08648541489797622,-0.05047778135375036,3.800678497464468,0.221,True
1011,0.26,0.17,0.19,0.28,0.1,0.7682625671355312,0.20919616868523994,0.099280237251144,-0.06114040491835704,3.4215698925217626,0.22100000000000003,True
1012,0.27,0.18,0.2,0.26,0.09,0.754998726260838,0.2061658508801636,0.09751856859738592,-0.05953862239180241,3.462724574368882,0.22100000000000003,True
1013,0.26,0.19,0.17,0.28,0.1,0.7547497182029232,0.20610881556602112,0.097855037119202,-0.05839448015914084,3.529594150068954,0.22100000000000003,True
1014,0.2,0.18,0.26,0.27,0.09,0.7479710035110541,0.20455407303809525,0.09510206765156168,-0.06732017188965922,3.038525709253514,0.22100000000000003,True
1015,0.2,0.26,0.18,0.27,0.09,0.6947215275591687,0.1921988432836239,0.08820363934791169,-0.04975408526213576,3.8629761208752953,0.22100000000000003,True
1016,0.25,0.15,0.2,0.29,0.11,0.7921370070573419,0.2146126627569045,0.10296750864546528,-0.06563013833351283,3.2700321560546897,0.2212,True
1017,0.25,0.2,0.15,0.29,0.11,0.7583821709661445,0.20694029495826505,0.09944455151673864,-0.058360774230127976,3.545879877163022,0.2212,True
1018,0.29,0.13,0.24,0.22,0.12,0.850565697518207,0.22766868555623554,0.11547844227040875,-0.07985974063056789,2.8508568116873003,0.22139999999999999,True
1019,0.24,0.13,0.29,0.22,0.12,0.8475146636046622,0.22699378120089841,0.11485598012422138,-0.08923603790072387,2.5437456272255345,0.22139999999999999,True
1020,0.29,0.13,0.22,0.24,0.12,0.8425511795264258,0.22589424345238873,0.11363783083900163,-0.0758144255780484,2.979568093143939,0.22139999999999999,True
1021,0.24,0.13,0.22,0.29,0.12,0.819810678101474,0.22083123490308898,0.10784133326644875,-0.07290487654057376,3.029032423917346,0.22139999999999999,True
1022,0.22,0.13,0.24,0.29,0.12,0.8186406639680908,0.22056960142821014,0.10765688656013328,-0.07767674914842781,2.8395833225040996,0.22139999999999999,True
1023,0.24,0.16,0.19,0.3,0.11,0.7809056596058672,0.21207059164291775,0.10102997270197124,-0.06316474100828717,3.3574204256627005,0.22139999999999999,True
1024,0.24,0.16,0.21,0.29,0.1,0.7701422511705784,0.20962438251733295,0.0984989284254265,-0.06223671267975983,3.368178901028387,0.22139999999999999,True
1025,0.21,0.16,0.24,0.29,0.1,0.7686922907898517,0.20929409147063072,0.09806901027451781,-0.06761081272715419,3.095571300336891,0.22139999999999999,True
1026,0.22,0.18,0.18,0.31,0.11,0.7625099565063149,0.20788376854913948,0.09813595218974423,-0.059544200802089886,3.4912513015346938,0.22139999999999999,True
1027,0.24,0.19,0.16,0.3,0.11,0.7606918850724416,0.20746840002329026,0.098884749114379,-0.05843696467912329,3.550293913492887,0.22139999999999999,True
1028,0.22,0.18,0.22,0.29,0.09,0.7409896970314873,0.20294865698862652,0.09310857632949304,-0.05906451620158304,3.436050441791092,0.22139999999999999,True
1029,0.24,0.21,0.16,0.29,0.1,0.7365007790966933,0.2019141202886101,0.09478357609447477,-0.055048312006951816,3.6679439010429826,0.22139999999999999,True
1030,0.21,0.24,0.16,0.29,0.1,0.7152266122077005,0.1969867756633712,0.09165649151221576,-0.05075643620061898,3.881020623370104,0.22139999999999999,True
1031,0.22,0.22,0.18,0.29,0.09,0.7142292326225597,0.19675477341247216,0.0898872612981879,-0.05119228471458992,3.8434458338679423,0.22139999999999999,True
1032,0.18,0.22,0.22,0.29,0.09,0.7125472487215019,0.19636332017528058,0.08925529849351777,-0.05575905014106808,3.521640337819413,0.22139999999999999,True
1033,0.22,0.21,0.21,0.28,0.08,0.7100161460199124,0.19577376552257375,0.08839589499287995,-0.05184839741306457,3.775888461178231,0.22139999999999999,True
1034,0.21,0.21,0.22,0.28,0.08,0.7096350450400322,0.19568494755821497,0.08818956853512254,-0.053670453554072184,3.646046094264236,0.22139999999999999,True
1035,0.21,0.22,0.21,0.28,0.08,0.7029705126444006,0.19412959821170217,0.0873309218897634,-0.05095953178376955,3.8094855155936074,0.22139999999999999,True
1036,0.28,0.14,0.27,0.19,0.12,0.8551088719649169,0.22867228555460195,0.11734864084531804,-0.08576852599657747,2.6661561790595183,0.2214,True
1037,0.27,0.14,0.28,0.19,0.12,0.8544908889669529,0.22853586773817902,0.11721443672572661,-0.08750091171119623,2.6118112745211155,0.2214,True
1038,0.28,0.13,0.26,0.21,0.12,0.8539779826173606,0.22842262224442256,0.1162118931480624,-0.08382401991074329,2.725025863560939,0.2214,True
1039,0.26,0.13,0.28,0.21,0.12,0.8527502564965326,0.22815146556908172,0.11595404528450293,-0.08728888637291554,2.6137515902582735,0.2214,True
1040,0.28,0.13,0.21,0.26,0.12,0.8339913752147201,0.22399338065526964,0.1115285253402327,-0.07361379640336752,3.0428179444501913,0.2214,True
1041,0.31,0.16,0.18,0.23,0.12,0.8270738227027346,0.22245288381283457,0.113181081084062,-0.07175431250455899,3.100202288171889,0.2214,True
1042,0.26,0.13,0.21,0.28,0.12,0.8249078356770299,0.22196973237964213,0.10916800935899862,-0.07182879085876348,3.0902612967006484,0.2214,True
1043,0.28,0.14,0.19,0.27,0.12,0.8231599525338338,0.22157956559066538,0.10992758807028283,-0.0707803721774567,3.130522753329598,0.2214,True
1044,0.27,0.14,0.19,0.28,0.12,0.8186376234476045,0.22056892137405515,0.1087179533791387,-0.06988256709395257,3.156279606579343,0.2214,True
1045,0.28,0.16,0.18,0.27,0.11,0.7947753712543744,0.21520828099603095,0.10506566157249597,-0.06546238966614848,3.28751031078412,0.2214,True
1046,0.27,0.16,0.18,0.28,0.11,0.7903077417479931,0.21419935761830633,0.10379661810451181,-0.06455193366854672,3.3182485085288174,0.2214,True
1047,0.27,0.19,0.14,0.28,0.12,0.7847065799170476,0.21293207459914476,0.10542131653864852,-0.06401254497260711,3.326411638379083,0.2214,True
1048,0.27,0.18,0.16,0.28,0.11,0.7767494717596428,0.21112718261263907,0.10244392567095796,-0.061692884715722984,3.422229055838451,0.2214,True
1049,0.24,0.17,0.22,0.28,0.09,0.7525425240222534,0.20560302150660337,0.09538203591575259,-0.06042504934230486,3.4026123891413413,0.2214,True
1050,0.22,0.17,0.24,0.28,0.09,0.751666743365736,0.2054022125190631,0.09502243718556357,-0.06403273054551517,3.2077690701173665,0.2214,True
1051,0.24,0.19,0.22,0.27,0.08,0.7281392688367072,0.19998232409885852,0.09161862569586242,-0.05592006899798707,3.576217406063236,0.2214,True
1052,0.22,0.19,0.24,0.27,0.08,0.7273594396296481,0.199801839303277,0.09118655581833825,-0.059565353042514646,3.354329809153802,0.2214,True
1053,0.19,0.22,0.24,0.27,0.08,0.7061078771719076,0.1948622918978702,0.08818234874641533,-0.057008268100968484,3.4181408835775486,0.2214,True
1054,0.22,0.24,0.17,0.28,0.09,0.7048498279586632,0.19456859763841705,0.08933219764348208,-0.05071410500039886,3.8365775682502297,0.2214,True
1055,0.22,0.24,0.19,0.27,0.08,0.6939716931716442,0.1920230268591574,0.08696671596202088,-0.048796399205308205,3.9351884562471695,0.2214,True
1056,0.19,0.24,0.22,0.27,0.08,0.6928425251382542,0.19175816874967988,0.08636083912270633,-0.05252374091057421,3.650885588598177,0.2214,True
1057,0.23,0.15,0.21,0.3,0.11,0.7871560387589829,0.21348659926707203,0.10158522879806628,-0.0658118388760548,3.2438935442776047,0.2216,True
1058,0.21,0.15,0.23,0.3,0.11,0.7860981235043585,0.2132471636326887,0.10136652626851171,-0.07005736489508041,3.0438935856644447,0.2216,True
1059,0.25,0.17,0.19,0.29,0.1,0.7638384637474127,0.20818710741900515,0.09801582799832553,-0.06022056742583426,3.457076482638623,0.2216,True
1060,0.25,0.19,0.17,0.29,0.1,0.7503517466945284,0.20510056931563514,0.09656854213661965,-0.057040776196294884,3.5956833513243383,0.2216,True
1061,0.23,0.21,0.15,0.3,0.11,0.7468188737789845,0.2042894250574554,0.09718590738888377,-0.0556869279444564,3.6685346561264613,0.2216,True
1062,0.22,0.23,0.23,0.25,0.07,0.6936256219972212,0.1919418647781479,0.0868385522777634,-0.05213268513308911,3.6817951020197994,0.2216,True
1063,0.3,0.14,0.24,0.2,0.12,0.8522927623468237,0.22805039236859037,0.11684381717999946,-0.0800666342999754,2.8482575090415714,0.22160000000000002,True
1064,0.3,0.14,0.2,0.24,0.12,0.8362387858706644,0.224493031415836,0.11326462073329059,-0.07388979738836332,3.0382141966894975,0.22160000000000002,True
1065,0.26,0.13,0.25,0.25,0.11,0.8221901373315625,0.22136297345880984,0.10862721817307615,-0.07698950906445834,2.8752355502549958,0.22160000000000002,True
1066,0.25,0.13,0.26,0.25,0.11,0.8216374215328581,0.22123949917147523,0.10848706134909494,-0.07874230898480183,2.809664867894298,0.22160000000000002,True
1067,0.25,0.13,0.25,0.26,0.11,0.8176577253551351,0.22034971420940086,0.10747364681171075,-0.0764946033632552,2.880591630275027,0.22160000000000002,True
1068,0.26,0.16,0.2,0.28,0.1,0.7750342042552876,0.21073740677733355,0.10002868019529688,-0.06271212447251096,3.3603933617287605,0.22160000000000002,True
1069,0.22,0.2,0.22,0.28,0.08,0.7167007770686178,0.19732951912566965,0.0892446859477654,-0.05453430499240308,3.618447491962329,0.22160000000000002,True
1070,0.2,0.26,0.16,0.28,0.1,0.7054514410592994,0.19470906351548356,0.09085925821183727,-0.05035150910856201,3.866995586878533,0.22160000000000002,True
1071,0.22,0.22,0.2,0.28,0.08,0.7033417563110802,0.19421634461950266,0.08757239828626401,-0.05021157719207081,3.867959452390443,0.22160000000000002,True
1072,0.2,0.22,0.22,0.28,0.08,0.7025849564390729,0.19403949412595733,0.08716580847499143,-0.05280263795665363,3.674806820925251,0.22160000000000002,True
1073,0.2,0.26,0.2,0.26,0.08,0.6839082908992788,0.18965838649605127,0.08584279795956143,-0.049154156154928685,3.8584404927686715,0.22160000000000002,True
1074,0.29,0.14,0.26,0.19,0.12,0.8557126746929167,0.22880554385918472,0.11753771547232802,-0.08403360873637122,2.722786124501561,0.2218,True
1075,0.3,0.15,0.25,0.18,0.12,0.8534442169786924,0.2283047490090926,0.117936937578234,-0.08201666259248441,2.7836386143077867,0.2218,True
1076,0.29,0.14,0.19,0.26,0.12,0.8276878482748546,0.22258978068094937,0.11116006093873097,-0.07167690869496524,3.1054601088925677,0.2218,True
1077,0.3,0.15,0.18,0.25,0.12,0.8253757764068874,0.22207414497966194,0.11173775318953617,-0.07105321968829004,3.125462096635446,0.2218,True
1078,0.26,0.14,0.19,0.29,0.12,0.8141208593408451,0.21955784690823155,0.10753214124284326,-0.0689834907500897,3.1827593025646657,0.2218,True
1079,0.29,0.16,0.18,0.26,0.11,0.7992485059474645,0.21621677141027962,0.10635724391039222,-0.06637154655756605,3.2576726417358417,0.2218,True
1080,0.24,0.14,0.22,0.29,0.11,0.7984040075035208,0.2160265031581563,0.10352798661146136,-0.06890709908602766,3.135039872865003,0.2218,True
1081,0.22,0.14,0.24,0.29,0.11,0.7973330507487293,0.21578512741636136,0.10329163237702056,-0.07269405876092838,2.968401147142187,0.2218,True
1082,0.26,0.16,0.18,0.29,0.11,0.7858456157530183,0.21319000013099076,0.10255117239466288,-0.06364017577830505,3.3499278957627783,0.2218,True
1083,0.25,0.15,0.22,0.28,0.1,0.7813548423365009,0.21217246326186778,0.1005186822013346,-0.06536424524222872,3.24600188490807,0.2218,True
1084,0.22,0.15,0.25,0.28,0.1,0.7798856835165224,0.2118392042992434,0.1000644225946342,-0.07071153713004008,2.9958223636076022,0.2218,True
1085,0.26,0.18,0.16,0.29,0.11,0.7723134901775763,0.21011863876125214,0.1011785872388772,-0.060500552507905314,3.4730036346989883,0.2218,True
1086,0.24,0.16,0.24,0.27,0.09,0.7632756154661551,0.20805861053129382,0.09725165357608932,-0.06537245881174503,3.1826646008596104,0.2218,True
1087,0.26,0.19,0.21,0.26,0.08,0.7328662860367172,0.201075191219112,0.09329490856408784,-0.056058272518339836,3.586895959973239,0.2218,True
1088,0.21,0.26,0.19,0.26,0.08,0.6842755650748737,0.18974485188969115,0.08608277398831068,-0.048493142892576335,3.9128181959668074,0.2218,True
1089,0.26,0.13,0.26,0.24,0.11,0.8261789622246376,0.22225331992485176,0.10963152705566624,-0.07923492147265687,2.8049919883059267,0.22180000000000002,True
1090,0.26,0.13,0.24,0.26,0.11,0.818199759314832,0.22047097913233915,0.10763968282412699,-0.07473761810922419,2.9499331756885145,0.22180000000000002,True
1091,0.24,0.13,0.26,0.26,0.11,0.817101469295195,0.22022524241928831,0.10736826674600326,-0.07824900239423682,2.8144159756790494,0.22180000000000002,True
1092,0.26,0.14,0.21,0.28,0.11,0.8034100713108749,0.21715351700043306,0.10493226303997367,-0.06807741626894126,3.1898025645180708,0.22180000000000002,True
1093,0.23,0.17,0.2,0.3,0.1,0.7589713842269783,0.207075059671056,0.09650578034982256,-0.059742309269391725,3.4661375196815247,0.22180000000000002,True
1094,0.2,0.17,0.23,0.3,0.1,0.7575405383825937,0.20674774473010427,0.09610194161610905,-0.064735384723145,3.1937362481787375,0.22180000000000002,True
1095,0.23,0.2,0.17,0.3,0.1,0.7388256093041663,0.2024501336709721,0.09424161056332839,-0.05495396034652755,3.6839953370851926,0.22180000000000002,True
1096,0.25,0.2,0.2,0.27,0.08,0.7217798869476859,0.1985089120015262,0.09115191417062501,-0.05350644348608247,3.7100001246235,0.22180000000000002,True
1097,0.2,0.2,0.25,0.27,0.08,0.7198440836675621,0.19805968342113078,0.09008783118838218,-0.06054016144393748,3.271542042459561,0.22180000000000002,True
1098,0.2,0.23,0.17,0.3,0.1,0.7175192136789927,0.19751972100023862,0.09121993009442285,-0.05144881461376405,3.8391500850516462,0.22180000000000002,True
1099,0.2,0.25,0.2,0.27,0.08,0.6866060120479924,0.19029320380303227,0.08564696305069538,-0.04887809511636476,3.8932205387709686,0.22180000000000002,True
1100,0.29,0.13,0.25,0.21,0.12,0.8545705571856874,0.22855345595028376,0.11642396546309838,-0.08208778949244966,2.7842564328194737,0.22199999999999998,True
1101,0.25,0.13,0.29,0.21,0.12,0.852115179246588,0.22801115483111456,0.11590905332638779,-0.0890778558425801,2.5596839155408024,0.22199999999999998,True
1102,0.29,0.13,0.21,0.25,0.12,0.8385415280263535,0.22500456089661425,0.1127435573345696,-0.07450441584408363,3.020016442615754,0.22199999999999998,True
1103,0.25,0.13,0.21,0.29,0.12,0.8203744456003625,0.2209572621014395,0.1080244738642671,-0.07114568484060835,3.1057015277379425,0.22199999999999998,True
1104,0.31,0.15,0.23,0.19,0.12,0.8500043220556714,0.22754456214802032,0.11732282696627758,-0.07852035291681181,2.897905494503977,0.222,True
1105,0.31,0.15,0.19,0.23,0.12,0.8339253901400703,0.2239787044974879,0.11384601477449281,-0.07327241883345781,3.056794194369004,0.222,True
1106,0.25,0.13,0.27,0.24,0.11,0.825615565005962,0.222127642598952,0.10951680641140325,-0.08098355284930814,2.742873519173464,0.222,True
1107,0.27,0.13,0.24,0.25,0.11,0.8227286083773455,0.2214832415187451,0.10882708329929577,-0.07523412710013344,2.9439198679604575,0.222,True
1108,0.24,0.13,0.27,0.25,0.11,0.8210704981324999,0.2211128250150889,0.10840706413348883,-0.08049253255398947,2.7469979885001123,0.222,True
1109,0.25,0.13,0.24,0.27,0.11,0.8136764798849287,0.2194582822288338,0.10647702402736284,-0.07424040799936871,2.956048978484869,0.222,True
1110,0.24,0.13,0.25,0.27,0.11,0.8131308915844317,0.21933601912861578,0.10634580485008235,-0.0759989993221939,2.88603825161897,0.222,True
1111,0.25,0.16,0.23,0.27,0.09,0.7637126210977261,0.20815838022268052,0.0974724440698788,-0.06357632851022166,3.274149122801473,0.222,True
1112,0.23,0.16,0.25,0.27,0.09,0.7628242840223738,0.20795555290681378,0.09709837104326488,-0.06716589898747205,3.096147837544796,0.222,True
1113,0.25,0.17,0.21,0.28,0.09,0.7529589156267953,0.2056984730603788,0.09566506403996468,-0.05927839485238817,3.4700412110111607,0.222,True
1114,0.21,0.17,0.25,0.28,0.09,0.7512074286163035,0.20529686882840936,0.09494713772943249,-0.06583250659350726,3.118472612565793,0.222,True
1115,0.25,0.19,0.21,0.27,0.08,0.728507608274422,0.20006755422766997,0.09194226527952275,-0.055124601125357,3.6293696488198273,0.222,True
1116,0.21,0.19,0.25,0.27,0.08,0.7269480241628394,0.19970659882286612,0.09107964264443325,-0.06138385314182826,3.253406044117843,0.222,True
1117,0.25,0.21,0.19,0.27,0.08,0.7150624381198756,0.19694859302037782,0.0903871330589662,-0.054160479110235915,3.6363894163402266,0.222,True
1118,0.19,0.21,0.25,0.27,0.08,0.7127558511816678,0.1964118827817909,0.0891283727572745,-0.05969261859364017,3.2903881151348453,0.222,True
1119,0.21,0.25,0.17,0.28,0.09,0.6978223406016033,0.1929253520949934,0.08828036646210241,-0.049096306703213854,3.92952881896439,0.222,True
1120,0.21,0.23,0.24,0.25,0.07,0.6932708628892543,0.19185865368782595,0.08665986860111222,-0.05417716466237599,3.5413195740947403,0.222,True
1121,0.23,0.24,0.21,0.25,0.07,0.6872968159129045,0.19045565220690985,0.0862606313868063,-0.04925778212288434,3.8665088844596465,0.222,True
1122,0.21,0.25,0.19,0.27,0.08,0.6869725952554186,0.1903794144851938,0.08588509239600944,-0.048217492417626295,3.9483474759794657,0.222,True
1123,0.21,0.24,0.23,0.25,0.07,0.6866212834616054,0.19029679548528877,0.08575422440655148,-0.051995245752337826,3.659888375019991,0.222,True
1124,0.19,0.25,0.21,0.27,0.08,0.6862251542855893,0.19020362288924408,0.08548714763896179,-0.05033782290832156,3.7785428908130374,0.222,True
1125,0.28,0.15,0.19,0.27,0.11,0.8015827237271713,0.21674236873506714,0.1057667217744675,-0.06701054156622321,3.2344518290584374,0.22200000000000003,True
1126,0.27,0.15,0.19,0.28,0.11,0.7971019986486201,0.21573303956181134,0.10450779325776109,-0.06610389795479499,3.2635449078863688,0.22200000000000003,True
1127,0.26,0.14,0.25,0.25,0.1,0.8006073566518932,0.21652279995713486,0.10455518333594101,-0.07302144029688051,2.9651948671078836,0.2222,True
1128,0.25,0.14,0.26,0.25,0.1,0.8001041608403545,0.21640949252809438,0.10438748073102186,-0.07478913217325867,2.893595449493302,0.2222,True
1129,0.25,0.14,0.25,0.26,0.1,0.7961165105440096,0.2155108232368741,0.10335523616868532,-0.0725203378407091,2.9717294438181403,0.2222,True
1130,0.24,0.15,0.2,0.3,0.11,0.7876636926074658,0.21360146189375695,0.101791653985607,-0.06472189334950784,3.300296867711785,0.2222,True
1131,0.2,0.15,0.24,0.3,0.11,0.7855479364007643,0.21312260361798807,0.10135515448203082,-0.0726476817937537,2.93364630991312,0.2222,True
1132,0.25,0.16,0.2,0.29,0.1,0.7705970239120219,0.20972793947133028,0.09877553875804991,-0.061796170567034236,3.393866279202933,0.2222,True
1133,0.2,0.16,0.25,0.29,0.1,0.7681805471150656,0.20917747666387942,0.09806079646537928,-0.070025685689311,2.9871535652211274,0.2222,True
1134,0.24,0.2,0.15,0.3,0.11,0.7539740803371244,0.20593112106381128,0.09821837893219879,-0.05684198236721094,3.622870147868062,0.2222,True
1135,0.25,0.2,0.16,0.29,0.1,0.743623596977472,0.20355485000268514,0.09588230841313342,-0.05688049775932613,3.578640448330294,0.2222,True
1136,0.2,0.19,0.2,0.31,0.1,0.7402328660744939,0.20277435899097074,0.09338997634969957,-0.05687592558362853,3.56520543464067,0.2222,True
1137,0.2,0.2,0.19,0.31,0.1,0.7335606422212768,0.20123555604538756,0.09258374436533479,-0.05492177573308532,3.664039506358525,0.2222,True
1138,0.19,0.2,0.2,0.31,0.1,0.7330957343269346,0.20112818811962851,0.0924662942914392,-0.056263605061828814,3.57474761701825,0.2222,True
1139,0.21,0.2,0.2,0.3,0.09,0.7232271029012782,0.19884453753652354,0.09024608878742761,-0.05350661464846962,3.716260855651252,0.2222,True
1140,0.2,0.2,0.21,0.3,0.09,0.7228044592091394,0.19874654118042945,0.09008595962148047,-0.055018335856645284,3.6123691872156876,0.2222,True
1141,0.2,0.21,0.2,0.3,0.09,0.7161423377105103,0.19719970502206485,0.08924645704377122,-0.05233740713234303,3.767853927563046,0.2222,True
1142,0.2,0.25,0.16,0.29,0.1,0.7081666053924223,0.19534259504548301,0.09067478815735568,-0.050075372694966314,3.900971366412202,0.2222,True
1143,0.25,0.14,0.21,0.29,0.11,0.798918154956213,0.21614234934696497,0.1037410008396411,-0.06717424926197624,3.2176369921756853,0.2224,True
1144,0.21,0.14,0.25,0.29,0.11,0.7967763157491667,0.21565961077401785,0.10326919960669631,-0.07527184431422784,2.865076746010513,0.2224,True
1145,0.26,0.15,0.19,0.29,0.11,0.792626789431897,0.21472327669529023,0.10327252412714018,-0.06519596176325548,3.293505776860991,0.2224,True
1146,0.23,0.17,0.22,0.29,0.09,0.7481396864502161,0.20459281030138077,0.09414921825911164,-0.05990690568731383,3.4151790674894817,0.2224,True
1147,0.22,0.17,0.23,0.29,0.09,0.7477052379155642,0.2044930361307986,0.09397403932306132,-0.06171379400005339,3.313570968114871,0.2224,True
1148,0.21,0.19,0.19,0.31,0.1,0.740693523361414,0.20288045427735035,0.09354716722089994,-0.05607871232455264,3.617780185521919,0.2224,True
1149,0.21,0.19,0.21,0.3,0.09,0.7299092867345975,0.20039177818307485,0.09107679994872887,-0.05587500187771255,3.5864299140723115,0.2224,True
1150,0.19,0.21,0.19,0.31,0.1,0.7264435268826883,0.1995897897490031,0.09165241038816088,-0.05376487939980201,3.7122707607103473,0.2224,True
1151,0.21,0.21,0.19,0.3,0.09,0.7165550852227967,0.1972956544991964,0.08944032691898181,-0.051882708211340556,3.802724670723171,0.2224,True
1152,0.19,0.21,0.21,0.3,0.09,0.7157153467182329,0.19710042823678342,0.08912751603432371,-0.0541577574918265,3.6393757305503254,0.2224,True
1153,0.23,0.22,0.17,0.29,0.09,0.7146140518776718,0.19684429756906052,0.09023023059858944,-0.05174174754929761,3.804361214926392,0.2224,True
1154,0.22,0.23,0.17,0.29,0.09,0.7075645592302156,0.1952021770831498,0.08914601608173055,-0.05013050892587345,3.893879820206686,0.2224,True
1155,0.33,0.17,0.19,0.17,0.14,0.8747330556142419,0.23298859556992735,0.12519441943839912,-0.08166048366946321,2.85313758993878,0.22240000000000001,True
1156,0.33,0.19,0.17,0.17,0.14,0.8609997408115488,0.22997115798892187,0.12395285402186569,-0.07933161267294941,2.8988589824461957,0.22240000000000001,True
1157,0.28,0.12,0.24,0.24,0.12,0.8488388701109191,0.22728679367685212,0.11414042148159287,-0.0796531751290076,2.8534555378204907,0.22240000000000001,True
1158,0.27,0.13,0.26,0.23,0.11,0.8307260930458413,0.22326670582442976,0.11080065631280805,-0.07972684132172025,2.800395727751031,0.22240000000000001,True
1159,0.26,0.13,0.27,0.23,0.11,0.8301662305819477,0.22314202401765515,0.11065215757027212,-0.08147388325121807,2.738816601261228,0.22240000000000001,True
1160,0.23,0.13,0.27,0.26,0.11,0.8165310282862515,0.22009757011648579,0.10732394699500046,-0.08011696481784636,2.747203050151723,0.22240000000000001,True
1161,0.26,0.13,0.23,0.27,0.11,0.8142078315865624,0.21957733142330182,0.10666938245142911,-0.07247922052823574,3.0295211485857667,0.22240000000000001,True
1162,0.23,0.13,0.26,0.27,0.11,0.8125711038363221,0.21921054851832533,0.10627617789264898,-0.07775500023291648,2.8192469662616713,0.22240000000000001,True
1163,0.24,0.14,0.26,0.26,0.1,0.7956096984566976,0.2153965112384153,0.10322337214375826,-0.07428965489600614,2.8994146162064776,0.22240000000000001,True
1164,0.23,0.17,0.18,0.31,0.11,0.7697159717848749,0.20952729771856204,0.09912169428405959,-0.06068102231444594,3.452929593585328,0.22240000000000001,True
1165,0.23,0.18,0.17,0.31,0.11,0.7629910781589277,0.20799364095181594,0.09839630310371737,-0.059101232743852705,3.5192775394934546,0.22240000000000001,True
1166,0.27,0.18,0.19,0.27,0.09,0.7509901060106943,0.20524701953814084,0.09660488487942184,-0.058427782561120356,3.512832603623717,0.22240000000000001,True
1167,0.23,0.21,0.23,0.26,0.07,0.7033605666707863,0.1942207395943103,0.08776357466140454,-0.05318069153707772,3.652091275625837,0.22240000000000001,True
1168,0.23,0.23,0.21,0.26,0.07,0.6899976673903201,0.19109035513292705,0.08606270562768473,-0.0487387937331063,3.9207034170631734,0.22240000000000001,True
1169,0.21,0.23,0.23,0.26,0.07,0.6893235752052091,0.19093200613344075,0.08555984881642546,-0.05182221369859075,3.6843660759832217,0.22240000000000001,True
1170,0.3,0.14,0.25,0.19,0.12,0.8563022599996419,0.22893563650814164,0.11778119870055208,-0.08229615437747662,2.7818509654540837,0.2226,True
1171,0.3,0.13,0.23,0.22,0.12,0.8511332838209247,0.2277941566970778,0.11577023350227861,-0.07811684821778253,2.9160694766128916,0.2226,True
1172,0.3,0.13,0.22,0.23,0.12,0.8471160766422237,0.22690555685134783,0.11486666463731868,-0.07670159716122571,2.9582898563949778,0.2226,True
1173,0.3,0.14,0.19,0.25,0.12,0.8322213123459763,0.22359956776299494,0.11241441898239955,-0.07257217933323978,3.081064532129615,0.2226,True
1174,0.25,0.14,0.19,0.3,0.12,0.8096096585382575,0.21854634106548954,0.10637116707459592,-0.06808314044386421,3.20999207205615,0.2226,True
1175,0.25,0.16,0.18,0.3,0.11,0.7813889915941215,0.2121802073829937,0.1013304221989564,-0.06272711320099444,3.382591618764785,0.2226,True
1176,0.24,0.15,0.22,0.29,0.1,0.7769009077600011,0.21116158273744312,0.09931270720272078,-0.06485435310864784,3.2559353785195078,0.2226,True
1177,0.22,0.15,0.24,0.29,0.1,0.7759284512742253,0.21094064597911721,0.0990192770798874,-0.06842517500900691,3.0827929333224326,0.2226,True
1178,0.25,0.18,0.16,0.3,0.11,0.7678829857307052,0.20910965880909615,0.0999378331502528,-0.05957973853625709,3.5097444860695894,0.2226,True
1179,0.23,0.16,0.21,0.3,0.1,0.7657068716877182,0.20861346448138618,0.09730834591858853,-0.06172268393093794,3.3798508294747136,0.2226,True
1180,0.21,0.16,0.23,0.3,0.1,0.7647471903702103,0.20839450979821383,0.09703178434220927,-0.06531143239863113,3.1907814932961354,0.2226,True
1181,0.24,0.17,0.19,0.3,0.1,0.7594198216508248,0.20717760599928225,0.09677705333374183,-0.05929940555775148,3.4937551911462705,0.2226,True
1182,0.24,0.19,0.17,0.3,0.1,0.7459592117767868,0.20409188204903495,0.0953075338800748,-0.056111736677804225,3.6372405156685574,0.2226,True
1183,0.25,0.18,0.22,0.27,0.08,0.7352455985144342,0.20162452664981823,0.09275739729989407,-0.05677425777560441,3.5513370768618873,0.2226,True
1184,0.22,0.18,0.25,0.27,0.08,0.7340676866985281,0.20135263329879782,0.09210244876384822,-0.06222371987670661,3.2359465762858384,0.2226,True
1185,0.23,0.21,0.16,0.3,0.1,0.7321305921017367,0.20090523249275005,0.0935370897037788,-0.053338422482295034,3.766613693148458,0.2226,True
1186,0.22,0.19,0.2,0.3,0.09,0.7303275687866995,0.20048849757968967,0.09127688347976563,-0.0546705027058314,3.6672151829016317,0.2226,True
1187,0.2,0.19,0.22,0.3,0.09,0.7294767331620273,0.20029174238043757,0.09094976555788865,-0.057695829969417245,3.4715115890802846,0.2226,True
1188,0.22,0.2,0.19,0.3,0.09,0.7236354705175669,0.19893920854660996,0.09047985094891141,-0.053053842711766386,3.74976058996173,0.2226,True
1189,0.19,0.2,0.22,0.3,0.09,0.7223675765923951,0.1986452264639198,0.0900001204466754,-0.05684395936492603,3.494570552143633,0.2226,True
1190,0.21,0.23,0.16,0.3,0.1,0.7179507018520508,0.1976199730514625,0.0914774227357293,-0.050992468030900184,3.875473784318689,0.2226,True
1191,0.19,0.24,0.17,0.3,0.1,0.7104485056314314,0.1958745136529696,0.0902757358262793,-0.05045479780265549,3.882178151205682,0.2226,True
1192,0.2,0.22,0.19,0.3,0.09,0.7094903722517605,0.1956512272042703,0.08843208856313144,-0.05070620477302523,3.8585263495869673,0.2226,True
1193,0.19,0.22,0.2,0.3,0.09,0.7090732591833648,0.19555399577904486,0.08827937487583987,-0.051455147733521,3.800474867777887,0.2226,True
1194,0.18,0.25,0.22,0.27,0.08,0.6858300591194793,0.19011067896237588,0.08540636005650805,-0.052387041488073494,3.628963834608922,0.2226,True
1195,0.28,0.13,0.27,0.2,0.12,0.8579705066981862,0.22930358779023874,0.1171979307879286,-0.0860416086744813,2.6650313879852745,0.22260000000000002,True
1196,0.27,0.13,0.28,0.2,0.12,0.8573530104317766,0.2291674174683207,0.11706500154526488,-0.08777121827632983,2.610963160461482,0.22260000000000002,True
1197,0.28,0.12,0.25,0.23,0.12,0.8528390946179076,0.22817109045511152,0.11509404787314091,-0.08187975463662756,2.786660652168625,0.22260000000000002,True
1198,0.28,0.12,0.23,0.25,0.12,0.8448370462232455,0.22640086596877285,0.11320351034617061,-0.0774202145276005,2.924312046281664,0.22260000000000002,True
1199,0.28,0.13,0.2,0.27,0.12,0.8299892802193163,0.22310261174521573,0.11064410808075073,-0.07229780340623904,3.0858836815775623,0.22260000000000002,True
1200,0.27,0.13,0.2,0.28,0.12,0.8254538533708804,0.2220915647196524,0.10944390335154287,-0.07140371464537432,3.1103642971891237,0.22260000000000002,True
1201,0.24,0.14,0.27,0.25,0.1,0.7995866965225709,0.21629295015227767,0.10428240607844882,-0.07655420810328695,2.8253567702046527,0.22260000000000002,True
1202,0.25,0.14,0.24,0.27,0.1,0.7921273529620112,0.21461048224415724,0.1023401928051025,-0.07024494807331849,3.0551731922437546,0.22260000000000002,True
1203,0.24,0.14,0.25,0.27,0.1,0.7916311935242177,0.21449840713478285,0.1021810297798409,-0.07201852346813464,2.9783782949908706,0.22260000000000002,True
1204,0.26,0.15,0.21,0.28,0.1,0.7818159783631855,0.21227702799261006,0.10080015689123799,-0.06427445949266808,3.3026653147791145,0.22260000000000002,True
1205,0.21,0.15,0.26,0.28,0.1,0.7793675041674748,0.2117216185163504,0.10004483208389314,-0.0726749145259108,2.9132695909929867,0.22260000000000002,True
1206,0.21,0.18,0.2,0.31,0.1,0.7473857919945339,0.20441966257128796,0.09434559005674754,-0.057723709199949846,3.5413466217702028,0.22260000000000002,True
1207,0.2,0.18,0.21,0.31,0.1,0.7469151745404599,0.20431155011491686,0.09422010342377304,-0.05953319873825291,3.4318926992853984,0.22260000000000002,True
1208,0.21,0.2,0.18,0.31,0.1,0.7340113530416084,0.2013396269086376,0.09277321393040416,-0.05447153726201437,3.696235447517679,0.22260000000000002,True
1209,0.2,0.21,0.18,0.31,0.1,0.7268985065664006,0.1996951347441669,0.09180216763622412,-0.05330742040412495,3.7461038862933687,0.22260000000000002,True
1210,0.21,0.21,0.21,0.29,0.08,0.7056867184771027,0.19476398758943647,0.0871486947024184,-0.051300194125569853,3.7965545922244206,0.22279999999999997,True
1211,0.23,0.16,0.19,0.31,0.11,0.7764509133410684,0.2110593565074914,0.09987073267758537,-0.06225136745990345,3.390437272617927,0.2228,True
1212,0.23,0.19,0.16,0.31,0.11,0.7562762360488302,0.20645837977426829,0.09769520673659741,-0.057511913289647776,3.589836747987848,0.2228,True
1213,0.24,0.17,0.21,0.29,0.09,0.7485598127712896,0.20468927955185667,0.0943943038393799,-0.05835429370435696,3.507698689472335,0.2228,True
1214,0.21,0.17,0.24,0.29,0.09,0.7472565043186095,0.20438996393221398,0.09386940714274468,-0.06351796403610621,3.2178292713543266,0.2228,True
1215,0.21,0.24,0.17,0.29,0.09,0.7005306896956822,0.19355918462782462,0.08809191317822365,-0.04854422453574325,3.987275241883953,0.2228,True
1216,0.23,0.25,0.2,0.25,0.07,0.6806379351584046,0.18888790910716224,0.08545390136275155,-0.050089717972133685,3.770991667636178,0.2228,True
1217,0.2,0.25,0.23,0.25,0.07,0.6796324962157112,0.18865083247108938,0.08470153994697034,-0.05185738579432064,3.637877798532416,0.2228,True
1218,0.3,0.13,0.24,0.21,0.12,0.8551488898909374,0.22868111834214044,0.11669082719854115,-0.08034902021259704,2.8460971613227963,0.22299999999999998,True
1219,0.3,0.13,0.21,0.24,0.12,0.8430972717669376,0.22601531336162384,0.11398052152651313,-0.07539378326050117,2.997797743889493,0.22299999999999998,True
1220,0.24,0.13,0.21,0.3,0.12,0.8158466397513908,0.21994435955899716,0.10690676649254073,-0.07064606353946112,3.1133278846618504,0.22299999999999998,True
1221,0.22,0.18,0.21,0.3,0.09,0.737029843325613,0.20203614349105226,0.09209867741458383,-0.056727782173844665,3.5615025962394236,0.22299999999999998,True
1222,0.21,0.18,0.22,0.3,0.09,0.7366016331371226,0.2019373831438651,0.09193165132130857,-0.05854383951991293,3.4493361692681384,0.22299999999999998,True
1223,0.22,0.21,0.18,0.3,0.09,0.7169535521038204,0.19738826963269784,0.0897083771947328,-0.051427315348951064,3.8381989861487855,0.22299999999999998,True
1224,0.18,0.21,0.22,0.3,0.09,0.7152741493972208,0.19699783112816505,0.08908407502687625,-0.05616476846936991,3.507498321400542,0.22299999999999998,True
1225,0.21,0.22,0.18,0.3,0.09,0.7098932372847497,0.1957451223159108,0.08866033416555054,-0.05024886743972379,3.8955131187925294,0.22299999999999998,True
1226,0.18,0.22,0.21,0.3,0.09,0.7086419352308457,0.19545343507495994,0.08820285695209201,-0.05329323992074553,3.667508962968407,0.22299999999999998,True
1227,0.29,0.13,0.26,0.2,0.12,0.8585738127513867,0.2294365997463197,0.11738576745973596,-0.08430947534928324,2.7213619678665246,0.223,True
1228,0.26,0.13,0.29,0.2,0.12,0.856721361103443,0.22902809487862275,0.11698737074498804,-0.08949830966642303,2.559021457860527,0.223,True
1229,0.31,0.15,0.24,0.18,0.12,0.8540200638262356,0.22843191421498088,0.11823545322395052,-0.08027385691988231,2.8456576397340467,0.223,True
1230,0.29,0.13,0.2,0.26,0.12,0.8345302860729902,0.22411323005030725,0.11186719137062238,-0.07319063257002323,3.062047999597391,0.223,True
1231,0.31,0.15,0.18,0.24,0.12,0.8299016830134185,0.22308310022076983,0.11302222293150847,-0.07195094475813413,3.1004888256946765,0.223,True
1232,0.26,0.13,0.2,0.29,0.12,0.82092400385236,0.2210800878536967,0.10826755047376511,-0.07050836362000346,3.135515795617976,0.223,True
1233,0.23,0.14,0.22,0.3,0.11,0.793914040911976,0.2150138974363318,0.10239843981056643,-0.06840284486292258,3.1433472959672035,0.223,True
1234,0.22,0.14,0.23,0.3,0.11,0.793382097764781,0.21489381833148458,0.1022853721004411,-0.07026897010592059,3.058160920923736,0.223,True
1235,0.26,0.17,0.18,0.29,0.1,0.7642688768026911,0.20828535122258152,0.09838962909433553,-0.059778009158616086,3.484313950133623,0.223,True
1236,0.25,0.16,0.22,0.28,0.09,0.7597176357550455,0.2072456989441469,0.09647636837353739,-0.061261870532761775,3.3829476172020496,0.223,True
1237,0.22,0.16,0.25,0.28,0.09,0.7583955283609491,0.20694335039185385,0.09592879478830903,-0.06665529215989685,3.104679968927678,0.223,True
1238,0.26,0.18,0.17,0.29,0.1,0.7575104394942287,0.20674085751335491,0.09768593615380117,-0.05819037556876483,3.5528359370879943,0.223,True
1239,0.22,0.18,0.19,0.31,0.1,0.7478421843341414,0.2045244886264317,0.09454139144452399,-0.05723041408106322,3.5737027577108886,0.223,True
1240,0.22,0.19,0.18,0.31,0.1,0.741139950978474,0.20298325442788445,0.09377519269700667,-0.05563037085827949,3.648784850724654,0.223,True
1241,0.19,0.22,0.18,0.31,0.1,0.7198013975218367,0.19804977374220423,0.09086336485585583,-0.05213798407152248,3.79856983865201,0.223,True
1242,0.22,0.2,0.21,0.29,0.08,0.7127387423115346,0.19640789998907282,0.08821587437937782,-0.05217075673701599,3.7647124993630436,0.223,True
1243,0.21,0.2,0.22,0.29,0.08,0.7123583226310581,0.19631933481964392,0.08801138494088952,-0.054005858979978116,3.6351488251011146,0.223,True
1244,0.22,0.21,0.2,0.29,0.08,0.7060572740084861,0.19485048126963034,0.08738835683654579,-0.0504487247513844,3.8623470113440934,0.223,True
1245,0.2,0.21,0.22,0.29,0.08,0.7053018404638591,0.19467413754415386,0.08698550961518317,-0.053140165327659306,3.663408578874453,0.223,True
1246,0.21,0.22,0.2,0.29,0.08,0.6990253483194961,0.19320697407693266,0.08631140229081588,-0.04926508679178043,3.921782882338655,0.223,True
1247,0.2,0.22,0.21,0.29,0.08,0.698650316199386,0.19311919398706734,0.08611297353174416,-0.05042563056731153,3.829782430370976,0.223,True
1248,0.2,0.23,0.24,0.26,0.07,0.6889649938679652,0.19084775568689594,0.08542551673170777,-0.05386801542190078,3.5428770522201964,0.223,True
1249,0.23,0.24,0.2,0.26,0.07,0.6833316961230778,0.18952261650447944,0.08525161503470433,-0.049571547333856825,3.8232136517360145,0.223,True
1250,0.2,0.24,0.23,0.26,0.07,0.6823284231724958,0.1892863032469927,0.08450467351648637,-0.0516842310730804,3.66236082683219,0.223,True
1251,0.33,0.16,0.2,0.17,0.14,0.8816145409559981,0.23449503195926868,0.12584442255588918,-0.08313179233037393,2.8207623748488704,0.22300000000000003,True
1252,0.33,0.17,0.2,0.16,0.14,0.878737603929624,0.23386568489527582,0.12600299986818234,-0.08295444182722511,2.8192062985893376,0.22300000000000003,True
1253,0.33,0.2,0.16,0.17,0.14,0.854147918521831,0.22846014500489353,0.1233620583562397,-0.08012936553235406,2.851141319877886,0.22300000000000003,True
1254,0.31,0.14,0.23,0.2,0.12,0.852857339882644,0.22817512086837022,0.11716606842554607,-0.07870515642440001,2.89911272951402,0.22300000000000003,True
1255,0.31,0.14,0.2,0.23,0.12,0.8407869864716215,0.22550295421713873,0.11453198434296002,-0.07478158887113662,3.0154876035828106,0.22300000000000003,True
1256,0.27,0.14,0.2,0.28,0.11,0.8039063320393678,0.21726512635850992,0.10524141747766923,-0.06764665210854959,3.2117646562888904,0.22300000000000003,True
1257,0.23,0.14,0.27,0.26,0.1,0.79508864051578,0.2152789636427732,0.10315514408446683,-0.07605635174403369,2.8305191967041856,0.22300000000000003,True
1258,0.23,0.14,0.26,0.27,0.1,0.7911207737342023,0.21438308922528915,0.10208608064517713,-0.07378946853743995,2.905334507410276,0.22300000000000003,True
1259,0.26,0.17,0.2,0.28,0.09,0.7533609252138216,0.20579061340959193,0.0960158363639189,-0.0588340407534822,3.497815393504344,0.22300000000000003,True
1260,0.2,0.17,0.26,0.28,0.09,0.7507338804544528,0.20518824142013115,0.09494211307265227,-0.06762958107392769,3.0340013668846244,0.22300000000000003,True
1261,0.2,0.26,0.17,0.28,0.09,0.6908104558264687,0.19128122886762777,0.08726008394843073,-0.04836883067858044,3.9546382698131746,0.22300000000000003,True
1262,0.2,0.26,0.19,0.27,0.08,0.6799890491540959,0.18873491639858253,0.084835178542736,-0.04776510366996367,3.9513138650898707,0.22300000000000003,True
1263,0.19,0.26,0.2,0.27,0.08,0.6796179916565182,0.1886474116883996,0.0846393919991121,-0.04842716127560853,3.895487712252427,0.22300000000000003,True
1264,0.25,0.15,0.21,0.29,0.1,0.7773657137212642,0.21126715561741372,0.09955840727870645,-0.06336235925856404,3.334269084825135,0.22319999999999998,True
1265,0.21,0.15,0.25,0.29,0.1,0.7754208750522573,0.21082529541690365,0.0989726158375882,-0.07023834080805469,3.0015699828821547,0.22319999999999998,True
1266,0.25,0.15,0.19,0.3,0.11,0.7881570944016996,0.21371307898748193,0.10206199967887734,-0.06428673022543119,3.324373136385449,0.2232,True
1267,0.24,0.16,0.2,0.3,0.1,0.7661653172107337,0.20871803244255616,0.09754809728816125,-0.060878901832159826,3.4284132295615586,0.2232,True
1268,0.2,0.16,0.24,0.3,0.1,0.764246028878262,0.2082801364780602,0.09699604909974863,-0.06757692781497648,3.0821190488020513,0.2232,True
1269,0.25,0.19,0.15,0.3,0.11,0.761145089846103,0.20757196890673701,0.09927805011769796,-0.057991811135725824,3.5793324064483723,0.2232,True
1270,0.24,0.2,0.16,0.3,0.1,0.7392441046338791,0.20254657129258535,0.0946104412983291,-0.054527124300363994,3.7146021157626548,0.2232,True
1271,0.2,0.24,0.16,0.3,0.1,0.7108842960724824,0.19597604405194602,0.09049372092820353,-0.049811407503623895,3.934360699156881,0.2232,True
1272,0.29,0.14,0.27,0.18,0.12,0.8597098286542779,0.22968698107047492,0.11851557695646307,-0.08625265341353627,2.6629555379501917,0.2234,True
1273,0.29,0.12,0.24,0.23,0.12,0.853420425592242,0.22829949455149512,0.1153294568720002,-0.08014221139891786,2.8486797477437436,0.2234,True
1274,0.29,0.12,0.23,0.24,0.12,0.8494094614785668,0.2274130075772538,0.11440078419731098,-0.07791151486134729,2.9188626094866983,0.2234,True
1275,0.29,0.14,0.18,0.27,0.12,0.8236779499193296,0.2216952202394431,0.11032064845516365,-0.07035325114438562,3.151172357116221,0.2234,True
1276,0.27,0.14,0.18,0.29,0.12,0.8146460145612293,0.2196754887021637,0.10786280120675934,-0.06855443450832599,3.2043950224034585,0.2234,True
1277,0.24,0.14,0.21,0.3,0.11,0.7944317737116073,0.21513074594835246,0.10257559868394465,-0.06662703127313829,3.228880858677636,0.2234,True
1278,0.21,0.14,0.24,0.3,0.11,0.792835981421282,0.2147705151081043,0.10223684841877861,-0.0728548434210291,2.947923638610307,0.2234,True
1279,0.27,0.18,0.14,0.29,0.12,0.787492932323659,0.2135628278079691,0.10525937859194037,-0.06349488415004534,3.3634651148161296,0.2234,True
1280,0.22,0.19,0.22,0.29,0.08,0.7194304547258887,0.19796365168289598,0.08906860525488484,-0.05486760430601567,3.60802433761795,0.2234,True
1281,0.22,0.22,0.19,0.29,0.08,0.6993860534023468,0.1932913885905947,0.08658692107205383,-0.048805151033074035,3.96047106707253,0.2234,True
1282,0.19,0.22,0.22,0.29,0.08,0.698260994193274,0.19302805553308944,0.08599243720096063,-0.05227049615121693,3.692868247790594,0.2234,True
1283,0.26,0.13,0.28,0.22,0.11,0.8341519389913667,0.22402909118975156,0.1116886675952039,-0.08370642215735691,2.6763668236662506,0.22340000000000002,True
1284,0.26,0.13,0.22,0.28,0.11,0.8102143575588934,0.21868202477431842,0.10571678774374693,-0.07021428808026997,3.114494652773778,0.22340000000000002,True
1285,0.22,0.13,0.26,0.28,0.11,0.8080463234809483,0.21819541631365014,0.10521185543161105,-0.07787930495567719,2.8017124246015026,0.22340000000000002,True
1286,0.26,0.14,0.2,0.29,0.11,0.7994180322574012,0.21625495906398906,0.10401645616515419,-0.06674250837388196,3.240138321630943,0.22340000000000002,True
1287,0.26,0.16,0.19,0.29,0.1,0.7710374610419597,0.2098282151395232,0.0991175947742175,-0.06135612085477682,3.4198416101983287,0.22340000000000002,True
1288,0.24,0.17,0.24,0.27,0.08,0.7416056630522871,0.20309047653748857,0.09334052044529291,-0.0612507841422516,3.3157204333224866,0.22340000000000002,True
1289,0.26,0.18,0.21,0.27,0.08,0.7356094284744263,0.2017084833977807,0.09311696948119978,-0.05628422772929864,3.583747908346653,0.22340000000000002,True
1290,0.19,0.26,0.16,0.29,0.1,0.7011222662659744,0.19369754118966753,0.08972563702415266,-0.04962814876502719,3.9029773628422264,0.22340000000000002,True
1291,0.21,0.26,0.18,0.27,0.08,0.6803458275412837,0.18881904158358132,0.08510989711780484,-0.048113406049836605,3.9244580063194787,0.22340000000000002,True
1292,0.18,0.26,0.21,0.27,0.08,0.6792326921998324,0.1885565347236402,0.08452336078538163,-0.050197436205082324,3.756298109594479,0.22340000000000002,True
1293,0.33,0.15,0.21,0.16,0.15,0.9069957179943775,0.24001971440143133,0.13080945918688267,-0.08799689415061751,2.7275930215287834,0.2236,True
1294,0.33,0.16,0.21,0.15,0.15,0.904094638326679,0.23939073187373916,0.13096360226457987,-0.08782817730961201,2.725671182151926,0.2236,True
1295,0.25,0.15,0.24,0.27,0.09,0.770484624798818,0.20970234655790843,0.09832555056770395,-0.06619445716756345,3.167974412526289,0.2236,True
1296,0.24,0.15,0.25,0.27,0.09,0.7700376156689257,0.20960055330683192,0.09813581962708602,-0.06798326397998866,3.0831198891616807,0.2236,True
1297,0.33,0.17,0.2,0.17,0.13,0.8601224935963876,0.22977790841550516,0.121767305427221,-0.07949254497966973,2.8905592150090427,0.22360000000000002,True
1298,0.23,0.15,0.2,0.31,0.11,0.7831958992418917,0.2125898237047339,0.10064277461046428,-0.06381235261995655,3.3314838738330574,0.22360000000000002,True
1299,0.2,0.15,0.23,0.31,0.11,0.7816196335149672,0.21223250809445782,0.10033145059004904,-0.07021867728551201,3.022450953205965,0.22360000000000002,True
1300,0.25,0.17,0.2,0.29,0.09,0.748965579727509,0.20478243694047094,0.09470851273499638,-0.057908921484888465,3.5362847673464204,0.22360000000000002,True
1301,0.2,0.17,0.25,0.29,0.09,0.7467935228106086,0.20428360054843409,0.09383581256312797,-0.06531942192491003,3.1274557325886114,0.22360000000000002,True
1302,0.25,0.17,0.23,0.27,0.08,0.7419938540821358,0.2031798361669055,0.0935965303927256,-0.059439048339806067,3.418288849534572,0.22360000000000002,True
1303,0.23,0.17,0.25,0.27,0.08,0.7412030853056157,0.20299779112957617,0.09315492251034897,-0.06305978760103526,3.2191321736428358,0.22360000000000002,True
1304,0.23,0.2,0.23,0.27,0.07,0.7060781359356949,0.19485535040985558,0.0875775860654926,-0.0535177056520052,3.64095112142676,0.22360000000000002,True
1305,0.2,0.25,0.17,0.29,0.09,0.6935124292430592,0.19191531593309685,0.08706934594714466,-0.04809374730759797,3.9904421401319587,0.22360000000000002,True
1306,0.23,0.23,0.2,0.27,0.07,0.6860279759530119,0.19015723960511965,0.08505288716404567,-0.04905306147946764,3.876562111922711,0.22360000000000002,True
1307,0.2,0.23,0.23,0.27,0.07,0.6850268703380646,0.18992168851420277,0.08431141727873812,-0.05151143221099863,3.686981323607054,0.22360000000000002,True
1308,0.33,0.16,0.21,0.16,0.14,0.8856218952012938,0.23537059616709222,0.12666973897511657,-0.0844198837583261,2.788094293530442,0.2238,True
1309,0.3,0.13,0.25,0.2,0.12,0.8591628914401259,0.2295664471956258,0.1176280503630959,-0.08257481277304834,2.7801025456342803,0.2238,True
1310,0.31,0.14,0.24,0.19,0.12,0.8568775907338353,0.22906255731447334,0.11807856129450918,-0.08055615735053911,2.8435139516115506,0.2238,True
1311,0.25,0.13,0.3,0.2,0.12,0.8560755958644626,0.2288856260766039,0.1169653570362435,-0.0914311609570373,2.5033656324691673,0.2238,True
1312,0.3,0.13,0.2,0.25,0.12,0.8390768726071958,0.22512342075006453,0.11311221026578767,-0.07408220479664618,3.038832623408317,0.2238,True
1313,0.31,0.14,0.19,0.24,0.12,0.8367603464225142,0.22460892795012422,0.1136897407160637,-0.07346618677145489,3.0573102786572757,0.2238,True
1314,0.25,0.13,0.2,0.3,0.12,0.8163997299884467,0.22006818002262674,0.10711605268521582,-0.0696117476551611,3.1613655372192144,0.2238,True
1315,0.24,0.16,0.18,0.31,0.11,0.7769378675960001,0.21116997821823014,0.1001355039479238,-0.06181274313418217,3.416285502162969,0.2238,True
1316,0.23,0.15,0.22,0.3,0.1,0.7724524677490063,0.2101502615701072,0.09813366840428138,-0.06434373177079933,3.2660564718050473,0.2238,True
1317,0.22,0.15,0.23,0.3,0.1,0.7719697291740892,0.21004041264481832,0.09799188059266113,-0.06613213229449122,3.1760719843342264,0.2238,True
1318,0.24,0.18,0.16,0.31,0.11,0.7634579567437387,0.20810024159389218,0.09872282643945166,-0.058657598038972414,3.5477116102781654,0.2238,True
1319,0.26,0.16,0.21,0.28,0.09,0.7601296328305589,0.20733988629672995,0.09679453192989391,-0.06041884926608898,3.431708627610402,0.2238,True
1320,0.25,0.17,0.18,0.3,0.1,0.7598539415604157,0.2072768616736278,0.09711542200923148,-0.05885583516884907,3.5217724984953453,0.2238,True
1321,0.21,0.16,0.26,0.28,0.09,0.757926244344655,0.2068359948688141,0.09588400455443621,-0.06844771426666874,3.0218101084134354,0.2238,True
1322,0.24,0.16,0.22,0.29,0.09,0.755305454867468,0.2062360996741519,0.09521820765250436,-0.06074549705350818,3.395084568860917,0.2238,True
1323,0.22,0.16,0.24,0.29,0.09,0.754430941541143,0.20603579187129384,0.094862013763765,-0.06434716821632003,3.201940311944265,0.2238,True
1324,0.25,0.18,0.17,0.3,0.1,0.7531085729332161,0.20573277606864693,0.09640071668184724,-0.05726427025081404,3.592690086987048,0.2238,True
1325,0.22,0.23,0.15,0.3,0.1,0.7183679566322492,0.19771690214765592,0.09180699996293423,-0.052058862532273986,3.797948947214914,0.2238,True
1326,0.33,0.14,0.21,0.17,0.15,0.9098994034731509,0.2406486233791365,0.13065765985392616,-0.08816511318280773,2.729522082959943,0.224,True
1327,0.33,0.17,0.21,0.14,0.15,0.9011961633753907,0.23876167565869655,0.131120091021697,-0.08765896044677579,2.7237566409844245,0.224,True
1328,0.33,0.15,0.21,0.17,0.14,0.888505906810533,0.23599995454039946,0.12651339458362892,-0.08459454199710548,2.7897775550161916,0.224,True
1329,0.33,0.17,0.21,0.15,0.14,0.8827404809987218,0.23474116334984263,0.1268285034087655,-0.0842447051828622,2.7864203790649116,0.224,True
1330,0.3,0.14,0.26,0.18,0.12,0.8603101522417249,0.2298192530145302,0.11873482626554975,-0.08451930220504722,2.71913334609625,0.224,True
1331,0.3,0.14,0.18,0.26,0.12,0.8282022538832763,0.2227044436961474,0.11158287892408379,-0.07125075180752971,3.1256434219492992,0.224,True
1332,0.26,0.14,0.18,0.3,0.12,0.8101383798164452,0.2186649783799095,0.10666914718386891,-0.06765311312523437,3.2321495387083417,0.224,True
1333,0.25,0.13,0.22,0.29,0.11,0.8057093547155363,0.21767045510165084,0.1045360490514205,-0.06971243529304538,3.1224049796373414,0.224,True
1334,0.22,0.13,0.25,0.29,0.11,0.8040939519589019,0.21730731686655713,0.10417154896903105,-0.07547420427762985,2.879226338938241,0.224,True
1335,0.29,0.15,0.18,0.27,0.11,0.8020508843795815,0.21684773009886205,0.10619752690067298,-0.06657768772757666,3.257063101773105,0.224,True
1336,0.27,0.15,0.18,0.29,0.11,0.7931022599482747,0.21483063912616185,0.10363956167796597,-0.06476113806481099,3.317277082301516,0.224,True
1337,0.23,0.17,0.19,0.31,0.1,0.7550066391704662,0.2061676632442444,0.09556515593161367,-0.05837691645180931,3.5316641538344653,0.224,True
1338,0.23,0.17,0.21,0.3,0.09,0.7441661430132172,0.20367964132015892,0.09315026366543011,-0.05757670312293017,3.537535674546857,0.224,True
1339,0.21,0.17,0.23,0.3,0.09,0.7433041385232535,0.20348135907427212,0.09280984619744326,-0.061196596343260135,3.3250437317284307,0.224,True
1340,0.23,0.19,0.17,0.31,0.1,0.7415721117743885,0.20308275257801167,0.09407328646671269,-0.05518135046437245,3.68027876934855,0.224,True
1341,0.23,0.21,0.17,0.3,0.09,0.7173377012023006,0.19747754333605094,0.09004969009732947,-0.05122001063737058,3.8554764217867916,0.224,True
1342,0.19,0.23,0.17,0.31,0.1,0.7131693498299976,0.19650813352073393,0.09009994578651292,-0.05050648898466481,3.8907502277657695,0.224,True
1343,0.21,0.23,0.17,0.3,0.09,0.7032415626727608,0.19419293418080552,0.08790693924486843,-0.04860500089318842,3.995328271005546,0.224,True
1344,0.19,0.23,0.25,0.26,0.07,0.6885921052359578,0.19076013102087575,0.08537016826697962,-0.05590983005040928,3.41192471608093,0.224,True
1345,0.23,0.25,0.19,0.26,0.07,0.6766760485519772,0.18795317072370454,0.08446797612226072,-0.0504024904305429,3.729045313400004,0.224,True
1346,0.19,0.25,0.23,0.26,0.07,0.6753488148984812,0.18763970370141636,0.08348266960688494,-0.051545825996547445,3.6402502059814603,0.224,True
1347,0.22,0.14,0.28,0.26,0.1,0.7945533738725472,0.21515818695686018,0.10315091294619089,-0.0778204342009382,2.764803218667549,0.22400000000000003,True
1348,0.26,0.14,0.22,0.28,0.1,0.7886078858736338,0.21381503884695552,0.10159402744443362,-0.06618243662991552,3.230691551031648,0.22400000000000003,True
1349,0.22,0.14,0.26,0.28,0.1,0.786637384997545,0.21336922531277214,0.10097674918696248,-0.07328857158652513,2.9113574012131833,0.22400000000000003,True
1350,0.24,0.15,0.21,0.3,0.1,0.7729209350717554,0.2102568439497201,0.09834241686646203,-0.06255265738039562,3.3612775660529475,0.22419999999999998,True
1351,0.21,0.15,0.24,0.3,0.1,0.7714727564982484,0.2099273038516507,0.09791758914103224,-0.06791786493466556,3.090899633750161,0.22419999999999998,True
1352,0.21,0.24,0.15,0.3,0.1,0.7113058857165289,0.19607424954316954,0.09078511610282657,-0.05043958123374315,3.8873092271432164,0.22419999999999998,True
1353,0.25,0.14,0.2,0.3,0.11,0.7949352590123906,0.21524435734712877,0.10281628404236154,-0.06583707853661014,3.269348551476771,0.2242,True
1354,0.26,0.15,0.2,0.29,0.1,0.7778161886264221,0.21136945587439038,0.09986918252284818,-0.06292479606302204,3.3590805071929717,0.2242,True
1355,0.25,0.16,0.19,0.3,0.1,0.7666094497748968,0.20881931846874613,0.09785456114490586,-0.06043784775861338,3.4551084496384297,0.2242,True
1356,0.25,0.19,0.16,0.3,0.1,0.7463733474789158,0.20418705500073764,0.0957111192934114,-0.056361417533102864,3.62281617350756,0.2242,True
1357,0.19,0.25,0.16,0.3,0.1,0.7038335644817313,0.1943312432440314,0.08954256793732156,-0.04935261642122679,3.9376077163853993,0.2242,True
1358,0.2,0.2,0.2,0.31,0.09,0.7188704994892241,0.197833623000095,0.08907463811941241,-0.052661434825854725,3.7567078005813532,0.22420000000000004,True
1359,0.29,0.13,0.27,0.19,0.12,0.8625754608032032,0.23031812228265047,0.11836345682814937,-0.08652482542001927,2.661873296647666,0.2244,True
1360,0.27,0.13,0.29,0.19,0.12,0.861333210850542,0.23004460246961544,0.11809004002423251,-0.08997841626741365,2.556664275862875,0.2244,True
1361,0.31,0.13,0.23,0.21,0.12,0.8557129435818269,0.22880560319610055,0.11701191007154624,-0.0788894076920218,2.900333642880678,0.2244,True
1362,0.31,0.13,0.21,0.23,0.12,0.8476586081117818,0.2270256391603409,0.11523851689894869,-0.07628190129089452,2.976140281226054,0.2244,True
1363,0.29,0.13,0.19,0.27,0.12,0.8305174570784417,0.22322024540406482,0.11100915404888619,-0.07187305942757982,3.105756832697296,0.2244,True
1364,0.27,0.13,0.19,0.29,0.12,0.8214593157061909,0.2211997057889017,0.10856994305769102,-0.0700816989942612,3.1563119753562927,0.2244,True
1365,0.24,0.15,0.19,0.31,0.11,0.783692911882724,0.21270244528538473,0.10087734248454877,-0.06337620056725146,3.3561880229736425,0.2244,True
1366,0.24,0.19,0.15,0.31,0.11,0.7567330973494277,0.20656295911585842,0.09805325189562697,-0.05706573995296682,3.6197368033097646,0.2244,True
1367,0.25,0.16,0.21,0.29,0.09,0.7557211978920886,0.20633130252922327,0.09549964993991424,-0.059497654119423315,3.467889710661136,0.2244,True
1368,0.21,0.16,0.25,0.29,0.09,0.7539722455420006,0.20593070065991625,0.09478852956698676,-0.06614395222945291,3.113371573950466,0.2244,True
1369,0.33,0.16,0.21,0.17,0.13,0.8670032356796498,0.23129204587262175,0.12244119796667338,-0.08097581517920638,2.856310187933925,0.22440000000000002,True
1370,0.33,0.17,0.21,0.16,0.13,0.8641390549494647,0.2306622231356641,0.12260249985826584,-0.08079455865045893,2.8549227446563186,0.22440000000000002,True
1371,0.27,0.13,0.21,0.28,0.11,0.8107207383346624,0.2187956243696989,0.10599691653407935,-0.0691802778735584,3.1626878511473198,0.22440000000000002,True
1372,0.21,0.19,0.2,0.31,0.09,0.7259616746720405,0.1994782025636912,0.09007617694818498,-0.05373680215631094,3.712133855368693,0.22440000000000002,True
1373,0.2,0.19,0.21,0.31,0.09,0.725539674862069,0.19938045891637635,0.08991794065641237,-0.05535005232471413,3.6021729075647464,0.22440000000000002,True
1374,0.21,0.2,0.19,0.31,0.09,0.7192825962834519,0.1979293198275316,0.08926662886072456,-0.052116121165115326,3.7978520926461123,0.22440000000000002,True
1375,0.19,0.2,0.21,0.31,0.09,0.7184441492717912,0.19773460015140776,0.08895767580016102,-0.054491566105689726,3.628719346547857,0.22440000000000002,True
1376,0.24,0.19,0.23,0.27,0.07,0.713126390463684,0.19649813452168985,0.08872555614640236,-0.0543827320540462,3.6132449970775222,0.22440000000000002,True
1377,0.23,0.19,0.24,0.27,0.07,0.712782158798879,0.19641800690921785,0.08846963861661332,-0.05621516671485005,3.4940393916386125,0.22440000000000002,True
1378,0.2,0.21,0.19,0.31,0.09,0.7122114829276758,0.19628514568900135,0.08825639104517034,-0.05094198514807069,3.853111438795887,0.22440000000000002,True
1379,0.19,0.21,0.2,0.31,0.09,0.7117950174700172,0.196188168145218,0.08810564398443951,-0.05179418224042276,3.7878417933993944,0.22440000000000002,True
1380,0.24,0.23,0.19,0.27,0.07,0.6863328608653176,0.19022895774068704,0.08545568502036309,-0.05171546621001899,3.6783765415196705,0.22440000000000002,True
1381,0.19,0.23,0.24,0.27,0.07,0.6846644753446398,0.18983639725038604,0.08422306615431197,-0.053558557750033486,3.5444643251295793,0.22440000000000002,True
1382,0.19,0.27,0.17,0.28,0.09,0.6838141596022238,0.1896362236442608,0.08627280706884345,-0.047916930097866794,3.9576037792267327,0.22440000000000002,True
1383,0.23,0.24,0.19,0.27,0.07,0.6793652374464556,0.18858779849485252,0.08426483858721577,-0.049884820838818844,3.780464584691848,0.22440000000000002,True
1384,0.19,0.24,0.23,0.27,0.07,0.6780409010309141,0.18827535009219587,0.08328695838244414,-0.05137290532323979,3.6648764345244245,0.22440000000000002,True
1385,0.19,0.27,0.19,0.27,0.08,0.6730210408366468,0.18708952822014546,0.08381851294449962,-0.04731132581676867,3.954434271081764,0.22440000000000002,True
1386,0.3,0.12,0.23,0.23,0.12,0.8539874902616762,0.22842472164391392,0.11562002427563228,-0.0784021275374921,2.9135015696440205,0.2246,True
1387,0.32,0.15,0.18,0.23,0.12,0.834433148950231,0.2240916292780566,0.11432669609347383,-0.07284740031855375,3.07617881074861,0.2246,True
1388,0.26,0.15,0.18,0.3,0.11,0.7886362069904236,0.21382144393532077,0.10239553247732236,-0.06385091803971621,3.3487606834771064,0.2246,True
1389,0.25,0.14,0.22,0.29,0.1,0.7841445295895269,0.21280476236704593,0.10036377515846814,-0.06567426686018263,3.2403066306030808,0.2246,True
1390,0.22,0.14,0.25,0.29,0.1,0.7826771400475698,0.21247225209512655,0.09991439754398175,-0.07101275289663511,2.9920295077758405,0.2246,True
1391,0.26,0.18,0.15,0.3,0.11,0.7683319163369422,0.20921197262864788,0.10036378177210471,-0.059666219762935846,3.506372172728271,0.2246,True
1392,0.21,0.2,0.21,0.3,0.08,0.7084054525649859,0.1953982933147187,0.08696997096719757,-0.05163979462183299,3.7838704577671867,0.2246,True
1393,0.21,0.21,0.2,0.3,0.08,0.701737010226333,0.19384128210237228,0.0861285835994253,-0.04950388775634196,3.9156779575870626,0.2246,True
1394,0.2,0.21,0.21,0.3,0.08,0.7013626635820369,0.19375375559182695,0.08593207682724312,-0.050767376351301796,3.81650125567024,0.2246,True
1395,0.26,0.13,0.26,0.25,0.1,0.8074184598013989,0.2180544216347451,0.10542386733029795,-0.07558047085179598,2.885063021932253,0.22460000000000002,True
1396,0.26,0.13,0.25,0.26,0.1,0.8034171267695807,0.21715510392113613,0.1044017783890618,-0.07331785745166919,2.961831011827969,0.22460000000000002,True
1397,0.25,0.13,0.26,0.26,0.1,0.8029145119167549,0.21704204493705137,0.10423556591258099,-0.07508266126754093,2.890707938064005,0.22460000000000002,True
1398,0.23,0.16,0.2,0.31,0.1,0.7617390824761157,0.20770768451235733,0.09634758206637575,-0.05996031543474789,3.464085920935427,0.22460000000000002,True
1399,0.2,0.16,0.23,0.31,0.1,0.7603100309681528,0.20738112279471643,0.09594905305640647,-0.06512017428234296,3.184591028512448,0.22460000000000002,True
1400,0.24,0.17,0.2,0.3,0.09,0.7445756587655386,0.20377381712818643,0.09342658266649728,-0.056982464995947835,3.576079363058044,0.22460000000000002,True
1401,0.2,0.17,0.24,0.3,0.09,0.7428517240881671,0.20337726646206367,0.09274703287313035,-0.06300245569409202,3.228084750371645,0.22460000000000002,True
1402,0.25,0.17,0.22,0.28,0.08,0.7379919740304186,0.2022579855132216,0.09258423177429599,-0.05710234412703352,3.5420259641752283,0.22460000000000002,True
1403,0.22,0.17,0.25,0.28,0.08,0.736816082397876,0.2019868447237052,0.09193436560141312,-0.06254266607123138,3.229584816446063,0.22460000000000002,True
1404,0.2,0.19,0.19,0.32,0.1,0.7363044994604493,0.20186884411303585,0.09242044325540937,-0.05514903618410372,3.66042379125427,0.22460000000000002,True
1405,0.19,0.19,0.2,0.32,0.1,0.7358401975832121,0.2017617291810785,0.09230491191024452,-0.056665903081345226,3.560549081719298,0.22460000000000002,True
1406,0.23,0.2,0.16,0.31,0.1,0.7348700348551844,0.20153784994285906,0.0933652683252287,-0.053569008706546906,3.7622098076686683,0.22460000000000002,True
1407,0.19,0.2,0.19,0.32,0.1,0.7291809573430024,0.20022332929260167,0.09148743883749762,-0.054068545728054196,3.703138795329446,0.22460000000000002,True
1408,0.24,0.2,0.17,0.3,0.09,0.7244092289174611,0.19911854633300696,0.09116481910138159,-0.05306248377659506,3.7525297001048923,0.22460000000000002,True
1409,0.2,0.23,0.16,0.31,0.1,0.7136045141941492,0.19660941069622107,0.09031606053792553,-0.05004908778725059,3.9283315518550763,0.22460000000000002,True
1410,0.2,0.24,0.17,0.3,0.09,0.6962169237963385,0.19254931953484022,0.08688213343112187,-0.04781922915973913,4.026608603238527,0.22460000000000002,True
1411,0.2,0.27,0.18,0.27,0.08,0.6733823117699476,0.18717494899392428,0.08405098891141972,-0.046646502752847985,4.012625554924295,0.22460000000000002,True
1412,0.18,0.27,0.2,0.27,0.08,0.6726455233888198,0.18700072588998284,0.08366647682873164,-0.04799681698113989,3.8961068181555425,0.22460000000000002,True
1413,0.33,0.15,0.22,0.15,0.15,0.9109916893989585,0.24088503647490755,0.13164087416451892,-0.08926771336240202,2.6984564452433264,0.2248,True
1414,0.26,0.13,0.29,0.21,0.11,0.8381360840407848,0.22491452685931357,0.11274062497587349,-0.08593256578927344,2.617337499392909,0.2248,True
1415,0.27,0.13,0.25,0.25,0.1,0.8079174471458697,0.21816647817615298,0.10562491720677877,-0.0738172841833804,2.9554931556974307,0.2248,True
1416,0.25,0.13,0.27,0.25,0.1,0.8069051713548059,0.2179391320010018,0.10528447835511123,-0.07734105401885738,2.817897102202197,0.2248,True
1417,0.26,0.13,0.21,0.29,0.11,0.8062193406439135,0.21778505359244926,0.10478237828116044,-0.0682798976715755,3.189592559730971,0.2248,True
1418,0.27,0.14,0.19,0.29,0.11,0.7999036022558073,0.21636432573847553,0.1043536373496445,-0.06631012590011465,3.262915321023413,0.2248,True
1419,0.25,0.13,0.25,0.27,0.1,0.7989223392587179,0.21614329205110705,0.10320334405306684,-0.07281772275998422,2.9682786533100023,0.2248,True
1420,0.23,0.14,0.21,0.31,0.11,0.7899509259017534,0.21411870565004687,0.10143718164812211,-0.06612042218033898,3.238314254347206,0.2248,True
1421,0.21,0.14,0.23,0.31,0.11,0.788894119059885,0.21387977007706693,0.10122184202185024,-0.07043002573514323,3.0367697277490135,0.2248,True
1422,0.26,0.17,0.19,0.29,0.09,0.7493569501676205,0.2048722754754606,0.09509092589550523,-0.05746287671951389,3.5652979309664072,0.2248,True
1423,0.21,0.18,0.21,0.31,0.09,0.7326509219868875,0.20102544317410698,0.09091059839821296,-0.05620464174203654,3.57666977216503,0.2248,True
1424,0.22,0.19,0.19,0.31,0.09,0.7263693884629361,0.19957262214857896,0.09030814201640211,-0.05328490735892655,3.7453874284562416,0.2248,True
1425,0.19,0.19,0.22,0.31,0.09,0.7251034261843046,0.19927939818880813,0.08983408756839137,-0.05717259915611095,3.485575277847202,0.2248,True
1426,0.21,0.21,0.18,0.31,0.09,0.7126136904067308,0.1963787882129051,0.08848277605047987,-0.05048554103199365,3.889802588991888,0.2248,True
1427,0.18,0.21,0.21,0.31,0.09,0.7113643311850182,0.19608786261281974,0.08803119587282383,-0.05364479447620962,3.6553008456352782,0.2248,True
1428,0.22,0.2,0.2,0.3,0.08,0.7087753195132385,0.19548453466243965,0.08720780309151585,-0.050685132556463675,3.856841736473081,0.2248,True
1429,0.2,0.2,0.22,0.3,0.08,0.7080212531916852,0.1953086969131559,0.08680872760313345,-0.05347664142716957,3.6522244423137336,0.2248,True
1430,0.19,0.22,0.19,0.31,0.09,0.7051560343646055,0.1946400954755403,0.08727884646808184,-0.04976246249233718,3.9113839172551503,0.2248,True
1431,0.2,0.22,0.2,0.3,0.08,0.6947143006252186,0.19219714900542217,0.08508091610338027,-0.04831720601790479,3.9778200116579616,0.2248,True
1432,0.19,0.26,0.17,0.29,0.09,0.6865097638413118,0.19027056669783904,0.0860797763289477,-0.04764189116808537,3.993766033059968,0.2248,True
1433,0.2,0.18,0.2,0.32,0.1,0.7429837657169549,0.20340764878231354,0.09323018693278204,-0.05720296619555909,3.555893379495851,0.22480000000000003,True
1434,0.2,0.2,0.18,0.32,0.1,0.7296353241737314,0.20032842134429485,0.09163528459088065,-0.053537872206453785,3.741807679090878,0.22480000000000003,True
1435,0.22,0.19,0.21,0.3,0.08,0.7154638696046505,0.19704195128720126,0.0880393094314484,-0.052508227965777365,3.752591906465113,0.22499999999999998,True
1436,0.21,0.19,0.22,0.3,0.08,0.7150841316714383,0.1969536385186368,0.08783667125387264,-0.05434022212747991,3.6244540564554875,0.22499999999999998,True
1437,0.22,0.21,0.19,0.3,0.08,0.7020970198901624,0.1939254443549716,0.08640229918263378,-0.04904485450481677,3.954042606771846,0.22499999999999998,True
1438,0.19,0.21,0.22,0.3,0.08,0.700974017108531,0.19366287203182853,0.0858135789681624,-0.05260910109622663,3.6811667182376344,0.22499999999999998,True
1439,0.21,0.22,0.19,0.3,0.08,0.6950788082410699,0.19228259795418756,0.08531340571572939,-0.047856204315232964,4.017924127195827,0.22499999999999998,True
1440,0.19,0.22,0.21,0.3,0.08,0.6943354886247535,0.1921083337950189,0.084927120293219,-0.049890945663032094,3.850565092362365,0.22499999999999998,True
1441,0.33,0.14,0.22,0.16,0.15,0.913899831333149,0.24151403238398794,0.1314888146471471,-0.08943382270295086,2.700477571960247,0.225,True
1442,0.33,0.15,0.22,0.16,0.14,0.8925160606287106,0.23687399920505747,0.12735509985030502,-0.08587681294124094,2.75829983778197,0.225,True
1443,0.33,0.16,0.22,0.15,0.14,0.8896275722659939,0.2362445549334231,0.12751165045000443,-0.08570430783492711,2.7565073553647705,0.225,True
1444,0.3,0.13,0.26,0.19,0.12,0.8631752850563914,0.23045014863268776,0.11858151353640764,-0.08479425320825751,2.717756686490233,0.225,True
1445,0.31,0.14,0.25,0.18,0.12,0.860896235755251,0.2299483599283083,0.11900763886683192,-0.0827834179609479,2.777710386840801,0.225,True
1446,0.26,0.13,0.3,0.19,0.12,0.8606908594536025,0.22990312116760436,0.1180354587848734,-0.09170144588497187,2.5070828376685514,0.225,True
1447,0.31,0.13,0.24,0.2,0.12,0.8597377056131226,0.22969312395403008,0.11792425075413923,-0.08083761540192869,2.841413898863596,0.225,True
1448,0.28,0.11,0.25,0.24,0.12,0.8556969216875931,0.2288020675631961,0.11494896995583295,-0.08215859215121868,2.7848830118956975,0.225,True
1449,0.28,0.11,0.24,0.25,0.12,0.8516921986082924,0.22791768584170446,0.11399554609002416,-0.07993573012949873,2.851261700774731,0.225,True
1450,0.31,0.13,0.2,0.24,0.12,0.8436290414972614,0.22613318495488466,0.11437825233924565,-0.07497252273854016,3.016214163467642,0.225,True
1451,0.3,0.13,0.19,0.26,0.12,0.8350548825751116,0.2242298735040129,0.11226214169239235,-0.07276684549169554,3.0814840465992575,0.225,True
1452,0.28,0.12,0.25,0.24,0.11,0.8341095242572687,0.22401965805153878,0.11085706515627132,-0.07826380182300519,2.8623661620497654,0.225,True
1453,0.31,0.14,0.18,0.25,0.12,0.8327321176042279,0.22371324043137397,0.1128660596383296,-0.07214698429479116,3.1007982193307773,0.225,True
1454,0.28,0.12,0.24,0.25,0.11,0.8300963315318959,0.22312645565915568,0.10988791764249642,-0.07602029179414804,2.9350907552860996,0.225,True
1455,0.26,0.13,0.19,0.3,0.12,0.8169385964799927,0.2201887920379224,0.10738566167446228,-0.06918411926904056,3.1826493473402566,0.225,True
1456,0.24,0.13,0.27,0.26,0.1,0.8023976186144584,0.2169257522150223,0.10413203405111288,-0.07684485735125157,2.8229052625274895,0.225,True
1457,0.24,0.13,0.22,0.3,0.11,0.8012098993326873,0.21665845010645723,0.10338119072364396,-0.06920987128526979,3.130455902936631,0.225,True
1458,0.22,0.13,0.24,0.3,0.11,0.8001400426378409,0.2164175729333071,0.10314806546371465,-0.07306135012613746,2.9621348710319606,0.225,True
1459,0.24,0.13,0.26,0.27,0.1,0.7984161054706189,0.2160292292901167,0.10307303272142501,-0.0745841465378071,2.8964497057107215,0.225,True
1460,0.27,0.14,0.21,0.28,0.1,0.7890647310874248,0.21391835046091723,0.1019086827152724,-0.06539338203973888,3.2712538148114327,0.225,True
1461,0.25,0.15,0.2,0.3,0.1,0.7733750939910493,0.210360153058037,0.0986174633709049,-0.062010393760222215,3.392336998720635,0.225,True
1462,0.27,0.16,0.18,0.29,0.1,0.7714635254091216,0.20992520269627502,0.09952419784945167,-0.06091541072778106,3.446175609557806,0.225,True
1463,0.2,0.15,0.25,0.3,0.1,0.7709615868727877,0.20981094182094218,0.09791119833898557,-0.07040015725645177,2.980262402776298,0.225,True
1464,0.26,0.15,0.22,0.28,0.09,0.7669085480483941,0.20888751933777727,0.09759663477839704,-0.0620949298968726,3.364002820917878,0.225,True
1465,0.22,0.15,0.26,0.28,0.09,0.765134466155037,0.2084828776887222,0.09685626010632292,-0.06926218063439182,3.0100536220368577,0.225,True
1466,0.24,0.17,0.18,0.31,0.1,0.7554444573612751,0.20626793214988726,0.09586684484838598,-0.05793233148219956,3.560497685360129,0.225,True
1467,0.23,0.16,0.22,0.3,0.09,0.7508987194277637,0.2052260561227588,0.0939868442187401,-0.06022837998517028,3.4074643245142995,0.225,True
1468,0.22,0.16,0.23,0.3,0.09,0.75046490687033,0.2051265327347147,0.09381341070603423,-0.06203225340777774,3.3067722268008968,0.225,True
1469,0.24,0.18,0.17,0.31,0.1,0.7487121450648981,0.20472425421913965,0.09514105050232748,-0.05633682553289743,3.6339330852000633,0.225,True
1470,0.21,0.18,0.19,0.32,0.1,0.743443813879451,0.20351349228077353,0.09338553504447117,-0.05630367491216315,3.614568544562426,0.225,True
1471,0.19,0.18,0.21,0.32,0.1,0.7425095150926444,0.2032985182169631,0.093146370210341,-0.059556925782078385,3.4135159857115864,0.225,True
1472,0.21,0.19,0.18,0.32,0.1,0.7367545943204739,0.2019726632425365,0.09260807878535521,-0.054699665894482274,3.6923929961866566,0.225,True
1473,0.22,0.18,0.2,0.31,0.09,0.7330685570494935,0.20112191108254263,0.09110886970573268,-0.05489836755093025,3.663531723342375,0.225,True
1474,0.2,0.18,0.22,0.31,0.09,0.7322190054606161,0.20092566013651036,0.09078546609863077,-0.058022409108945294,3.4628975808164735,0.225,True
1475,0.19,0.21,0.18,0.32,0.1,0.7225317979576156,0.198683312023739,0.09069473168817854,-0.052370777905022425,3.7937819519133975,0.225,True
1476,0.22,0.2,0.18,0.31,0.09,0.7196804025032049,0.19802168360170636,0.08953290179888447,-0.05166161464985142,3.8330525467282484,0.225,True
1477,0.18,0.2,0.22,0.31,0.09,0.7180035827824263,0.19763225826287178,0.08891630987931705,-0.056569164857434684,3.49363931323617,0.225,True
1478,0.2,0.22,0.18,0.31,0.09,0.7055626287630561,0.19473502023432765,0.08746404405219732,-0.04930406775655127,3.9496745217021623,0.225,True
1479,0.18,0.22,0.2,0.31,0.09,0.7047352145834154,0.19454183372167488,0.0871706155452314,-0.050922953960391704,3.8203171377880225,0.225,True
1480,0.2,0.25,0.15,0.3,0.1,0.7042594746497308,0.1944307285901421,0.08979455319686067,-0.04881055217955255,3.9833749037486195,0.225,True
1481,0.22,0.23,0.24,0.25,0.06,0.6786261275436449,0.1884134418388208,0.08413929994650551,-0.05097924832309142,3.6958850519864876,0.225,True
1482,0.23,0.24,0.22,0.25,0.06,0.6722637413015058,0.1869104284703751,0.08353498878174091,-0.04782482042207292,3.908230638836001,0.225,True
1483,0.22,0.24,0.23,0.25,0.06,0.6719712294379805,0.18684123555106136,0.08323771197657885,-0.048779315366688114,3.830337390890425,0.225,True
1484,0.34,0.17,0.18,0.16,0.15,0.8938718125898801,0.23716921671259894,0.1299394301892281,-0.0846875226616175,2.800521366769062,0.22500000000000003,True
1485,0.26,0.14,0.21,0.29,0.1,0.784605055970462,0.21290907998881536,0.10064374580804894,-0.06448411917078467,3.301728902040682,0.2254,True
1486,0.21,0.14,0.26,0.29,0.1,0.7821595305714475,0.21235491831979036,0.09989655165810499,-0.07304396556676662,2.907220557811652,0.2254,True
1487,0.24,0.16,0.21,0.3,0.09,0.7513181998284084,0.20532227585593654,0.09423026413742323,-0.05857513143310222,3.5052806683060034,0.2254,True
1488,0.21,0.16,0.24,0.3,0.09,0.750016799307381,0.2050237125805392,0.0937106016724082,-0.06383341725129266,3.2118555046712207,0.2254,True
1489,0.24,0.17,0.22,0.29,0.08,0.7336217248224912,0.2012496613098289,0.09127144318905257,-0.056579357535790575,3.5569449720690764,0.2254,True
1490,0.22,0.17,0.24,0.29,0.08,0.73284459754606,0.20107018147023714,0.09084630084147025,-0.060212393976363576,3.339348731910035,0.2254,True
1491,0.24,0.18,0.24,0.27,0.07,0.7198505963915383,0.19806119534934452,0.08960640959972711,-0.05707141606655719,3.470409690174216,0.2254,True
1492,0.22,0.24,0.17,0.29,0.08,0.6860743696232685,0.19016815335469284,0.08506582275773,-0.04949488773296373,3.8421776887482526,0.2254,True
1493,0.18,0.24,0.24,0.27,0.07,0.6776740010550881,0.18818875893206455,0.08324402499163948,-0.05342329373675403,3.5225974620616642,0.2254,True
1494,0.21,0.24,0.24,0.25,0.06,0.6716642895711455,0.18676862104649228,0.08302055663709706,-0.05083954815194702,3.673687667095041,0.2254,True
1495,0.29,0.12,0.28,0.17,0.14,0.9064760444463855,0.23990709100715568,0.12774005661524598,-0.09601276847251927,2.4986998586112197,0.22540000000000002,True
1496,0.28,0.12,0.29,0.17,0.14,0.9057499832440605,0.23974970510105642,0.12764176548349782,-0.0977754992559361,2.452042760461802,0.22540000000000002,True
1497,0.34,0.16,0.19,0.16,0.15,0.9007666894416528,0.23866841252139004,0.1305588429006466,-0.08614345104943921,2.7705926523005693,0.22540000000000002,True
1498,0.33,0.14,0.22,0.17,0.14,0.8954071495922504,0.2375033691065973,0.12720095264929107,-0.08604880713798024,2.7601006568953124,0.22540000000000002,True
1499,0.33,0.16,0.22,0.16,0.13,0.8710226589105079,0.2321748167079578,0.12329333661709536,-0.0822718990977157,2.822042754017382,0.22540000000000002,True
1500,0.29,0.14,0.28,0.17,0.12,0.8637053742118412,0.23056680211598057,0.11950894801604754,-0.08846536944563088,2.606294458055505,0.22540000000000002,True
1501,0.28,0.11,0.26,0.23,0.12,0.8597000394518712,0.2296848239364473,0.11591869587004791,-0.08437512042971551,2.7221866204952536,0.22540000000000002,True
1502,0.32,0.14,0.23,0.19,0.12,0.8574386297442105,0.22918630004765017,0.11842920974360069,-0.07958911314445538,2.879618719103877,0.22540000000000002,True
1503,0.28,0.11,0.23,0.26,0.12,0.8476858736260995,0.22703167340807684,0.1130588315465228,-0.07770650717764616,2.9216558774036248,0.22540000000000002,True
1504,0.32,0.14,0.19,0.23,0.12,0.84130495217977,0.22561786235091663,0.11498513613774088,-0.07435893368123359,3.0341729121360057,0.22540000000000002,True
1505,0.28,0.12,0.26,0.23,0.11,0.8381211536744599,0.22491121112720824,0.11184293077558338,-0.08050087613031898,2.793897680853937,0.22540000000000002,True
1506,0.28,0.12,0.23,0.26,0.11,0.8260815789104641,0.2222315984238823,0.10893593020485676,-0.07377031823185876,3.012479866569268,0.22540000000000002,True
1507,0.26,0.14,0.19,0.3,0.11,0.7954244596630597,0.21535472506580344,0.10311982377682803,-0.0654037150793284,3.2926986609950046,0.22540000000000002,True
1508,0.24,0.14,0.2,0.31,0.11,0.7904580106290391,0.21423332005800289,0.10164200949052694,-0.0649303598506441,3.2994322001416987,0.22540000000000002,True
1509,0.2,0.14,0.24,0.31,0.11,0.7883444712478511,0.21375546189889638,0.10121223160409597,-0.07301562662841676,2.9275303352077984,0.22540000000000002,True
1510,0.23,0.16,0.18,0.32,0.11,0.7724922420833431,0.21015931147558353,0.09896759226867889,-0.060897062767400256,3.451058260039549,0.22540000000000002,True
1511,0.24,0.16,0.19,0.31,0.1,0.7621869019014038,0.20780998225277014,0.09661722851794595,-0.05951825456662274,3.4915335432115975,0.22540000000000002,True
1512,0.23,0.18,0.16,0.32,0.11,0.7590384015413438,0.20709038594828022,0.0975347712947234,-0.057734128147493236,3.5869665411630867,0.22540000000000002,True
1513,0.26,0.16,0.2,0.29,0.09,0.7561225489560055,0.20642319544672105,0.09584891558894035,-0.05905414812811882,3.495490189764197,0.22540000000000002,True
1514,0.2,0.16,0.26,0.29,0.09,0.7534993061872213,0.20582232698448255,0.09478539185151383,-0.06793804329351116,3.029559242606872,0.22540000000000002,True
1515,0.24,0.2,0.14,0.31,0.11,0.7500183067571538,0.20502405850061844,0.0974090318107286,-0.05631527914562473,3.640647114088704,0.22540000000000002,True
1516,0.24,0.19,0.16,0.31,0.1,0.7419899685978979,0.20317894181369245,0.09444054078815298,-0.05473164959950161,3.712275133317791,0.22540000000000002,True
1517,0.26,0.17,0.21,0.28,0.08,0.7383551107095316,0.20234169399085622,0.09294229033879665,-0.05650948445441306,3.5806678461929327,0.22540000000000002,True
1518,0.21,0.17,0.26,0.28,0.08,0.7363954151595442,0.20188981622456859,0.09186166564078567,-0.06435063706606403,3.1373398217845656,0.22540000000000002,True
1519,0.19,0.24,0.16,0.31,0.1,0.7065473873927797,0.1949648624571838,0.08936294853091215,-0.04907764849157559,3.9725795438355296,0.22540000000000002,True
1520,0.2,0.26,0.16,0.29,0.09,0.6868979930119485,0.1903618710215389,0.08633960049378317,-0.047822557925083053,3.9805873897367086,0.22540000000000002,True
1521,0.23,0.22,0.23,0.26,0.06,0.6816227680643419,0.18912003530028798,0.0841992357672843,-0.04888526967734319,3.868650752026827,0.22540000000000002,True
1522,0.21,0.26,0.17,0.28,0.08,0.676414731167228,0.18789146567486892,0.08416012946589799,-0.048464122528829034,3.876918757026935,0.22540000000000002,True
1523,0.23,0.23,0.22,0.26,0.06,0.6749509938495792,0.18754571378225293,0.08333105230256502,-0.04730738241420773,3.9644069109587363,0.22540000000000002,True
1524,0.22,0.23,0.23,0.26,0.06,0.674659242296336,0.18747677457272194,0.08303551410343558,-0.048608811796989615,3.8568475064912517,0.22540000000000002,True
1525,0.18,0.26,0.23,0.26,0.07,0.6683847363521505,0.18599220303967878,0.08249542493689006,-0.05140699652593772,3.6180328672933704,0.22540000000000002,True
1526,0.34,0.17,0.18,0.17,0.14,0.8753366917368814,0.2331208858397682,0.1256603110894244,-0.08124539128937569,2.8693428899794466,0.22540000000000004,True
1527,0.34,0.18,0.17,0.17,0.14,0.8684547874966368,0.23161099079121827,0.12505461059194123,-0.08107520160826387,2.8567427054983794,0.22540000000000004,True
1528,0.25,0.13,0.21,0.3,0.11,0.8017234818405743,0.2167740488113643,0.10359266882667571,-0.06743860116613765,3.214391239778727,0.2256,True
1529,0.21,0.13,0.25,0.3,0.11,0.7995838427534512,0.2162923073696219,0.10312732181025941,-0.07563446320395795,2.859705724179759,0.2256,True
1530,0.25,0.15,0.18,0.31,0.11,0.7841756579706947,0.21281181407862815,0.10117626016860884,-0.06293939751314981,3.3812178458518893,0.2256,True
1531,0.24,0.14,0.22,0.3,0.1,0.779686671648274,0.21179404702446525,0.09915933489463427,-0.06516537197396466,3.250101098311581,0.2256,True
1532,0.22,0.14,0.24,0.3,0.1,0.7787153993054217,0.2115736097709724,0.09886923809088397,-0.06873030421259974,3.0783162128385637,0.2256,True
1533,0.27,0.15,0.19,0.29,0.1,0.7782522953241993,0.2114684767306274,0.10024420363715025,-0.06248657814926106,3.384222388134213,0.2256,True
1534,0.23,0.15,0.21,0.31,0.1,0.7684816407393533,0.20924609181403908,0.09715339514716885,-0.062039640137534824,3.3727805536938047,0.2256,True
1535,0.21,0.15,0.23,0.31,0.1,0.767523151917562,0.2090276381439482,0.09688030975003098,-0.06562244092280878,3.185307269960073,0.2256,True
1536,0.26,0.16,0.18,0.3,0.1,0.7670392322289319,0.20891731573830485,0.09822688226555161,-0.059996131287210486,3.482179788196447,0.2256,True
1537,0.25,0.18,0.15,0.31,0.11,0.7639105551094656,0.2082035637256774,0.09911463510774726,-0.05821329518140783,3.576563791430475,0.2256,True
1538,0.25,0.15,0.22,0.29,0.09,0.7624870163142576,0.20787852926236128,0.09631431060186339,-0.06158031592951252,3.37573015215297,0.2256,True
1539,0.22,0.15,0.25,0.29,0.09,0.7611668043226365,0.2075769307739388,0.09577175123531273,-0.0669647816253599,3.099792543717164,0.2256,True
1540,0.25,0.17,0.19,0.3,0.09,0.7449708006544089,0.20386467342603853,0.09377253762157307,-0.05653539760188031,3.6059651488018933,0.2256,True
1541,0.22,0.18,0.18,0.32,0.1,0.743889622428882,0.20361604190022153,0.09361179949374872,-0.05585619499812833,3.6453618422637715,0.2256,True
1542,0.25,0.19,0.17,0.3,0.09,0.7314964143075595,0.20075868721704704,0.09230730995018309,-0.05489406010464937,3.657202379170408,0.2256,True
1543,0.23,0.21,0.15,0.31,0.1,0.7281780872360128,0.19999130686620137,0.09268348420145438,-0.053085557379576764,3.7673393054198696,0.2256,True
1544,0.22,0.18,0.22,0.3,0.08,0.7221626665788063,0.19859770116065434,0.08889594746500783,-0.05519987024427464,3.5977928984579997,0.2256,True
1545,0.21,0.23,0.15,0.31,0.1,0.7140254678180868,0.1967073642454753,0.0906056887708654,-0.04985215711538016,3.9458144968573095,0.2256,True
1546,0.22,0.22,0.18,0.3,0.08,0.6954289743210511,0.1923646733809219,0.08562368010754783,-0.047981916670407965,4.009107737448086,0.2256,True
1547,0.18,0.22,0.22,0.3,0.08,0.693942409390967,0.19201615953077633,0.0848527234195584,-0.05186834389971906,3.701991332170071,0.2256,True
1548,0.19,0.25,0.17,0.3,0.09,0.6892078864707851,0.1909048258000159,0.08589031700536183,-0.0473674182341568,4.0302983129942636,0.2256,True
1549,0.18,0.23,0.25,0.27,0.07,0.6842877957091122,0.18974773106615772,0.0842151787078348,-0.05560169162599726,3.41262514713561,0.2256,True
1550,0.21,0.23,0.25,0.25,0.06,0.6783094240723897,0.18833871555442605,0.08395940512707417,-0.0530321621464801,3.5514055609163324,0.2256,True
1551,0.18,0.25,0.23,0.27,0.07,0.6710704679514439,0.18662811205946306,0.0822972519445327,-0.051233954105710744,3.642664621871548,0.2256,True
1552,0.23,0.25,0.21,0.25,0.06,0.6656094629880782,0.1853343754921184,0.0826983878760746,-0.04865513186436865,3.8091434220907603,0.2256,True
1553,0.21,0.25,0.23,0.25,0.06,0.6650295156208335,0.18519681732842108,0.08210709612894003,-0.04863588169926414,3.8078227608490773,0.2256,True
1554,0.33,0.13,0.22,0.17,0.15,0.9168105822725481,0.24214295481560333,0.13133908307690792,-0.08959944334026881,2.7025051249037912,0.22560000000000002,True
1555,0.34,0.15,0.19,0.17,0.15,0.903662879636616,0.23929706774354842,0.13040395015888973,-0.08631502410224545,2.772368660409413,0.22560000000000002,True
1556,0.34,0.17,0.19,0.15,0.15,0.897873101415773,0.2380396840109098,0.13071608593558143,-0.08597136841638842,2.768825114635876,0.22560000000000002,True
1557,0.33,0.15,0.22,0.17,0.13,0.8738939288886654,0.23280464901373188,0.12313437282992548,-0.08245042397781932,2.8235712781338833,0.22560000000000002,True
1558,0.33,0.17,0.22,0.15,0.13,0.8681539811287802,0.2315449091274624,0.12345478251790262,-0.08209284033230124,2.8205250079081003,0.22560000000000002,True
1559,0.23,0.13,0.27,0.27,0.1,0.7978956158857102,0.21591193214239235,0.10300641040279078,-0.07634795834250885,2.8279987681370304,0.22560000000000002,True
1560,0.29,0.11,0.24,0.24,0.12,0.8562777405240085,0.22893022680784103,0.11518310768241272,-0.08042384061374919,2.846546808269479,0.2258,True
1561,0.29,0.12,0.24,0.24,0.11,0.8346402895765699,0.22413769105058634,0.11112038243234026,-0.07651445634700438,2.9293508933016366,0.2258,True
1562,0.24,0.23,0.21,0.26,0.06,0.6752282703050414,0.18761122518967355,0.08370575230435935,-0.04996872372500549,3.7545730849993393,0.2258,True
1563,0.21,0.23,0.24,0.26,0.06,0.674353052796594,0.18740441514716188,0.08282024383708302,-0.050667088089967005,3.698740587072959,0.2258,True
1564,0.23,0.24,0.21,0.26,0.06,0.6682896103583111,0.18596966725114772,0.08248979916418692,-0.048138506311054985,3.8632205588074067,0.2258,True
1565,0.21,0.24,0.23,0.26,0.06,0.6677111873402033,0.18583261771220605,0.08190204213239821,-0.04846526454336009,3.8343465049272236,0.2258,True
1566,0.34,0.16,0.19,0.17,0.14,0.8822284937760789,0.2346292547054436,0.1262855867548101,-0.08271898567441793,2.8364619415057235,0.22580000000000003,True
1567,0.34,0.17,0.19,0.16,0.14,0.8793520313858052,0.23400014848434836,0.12644516132038433,-0.08254088928276337,2.834960351380822,0.22580000000000003,True
1568,0.31,0.13,0.25,0.19,0.12,0.8637608592924408,0.23057901109980916,0.11885317055516989,-0.08306115578979822,2.7760149603905395,0.226,True
1569,0.29,0.11,0.25,0.23,0.12,0.8602916047596687,0.2298151667920838,0.11612825178813248,-0.08264445675678833,2.7807692833942794,0.226,True
1570,0.29,0.11,0.23,0.25,0.12,0.8522622705543013,0.22804365529070325,0.11425462880098008,-0.07819687441094691,2.9162758359403047,0.226,True
1571,0.31,0.13,0.19,0.25,0.12,0.8395978801792308,0.22523907528144438,0.11353614194819936,-0.07365937234554942,3.057846790016173,0.226,True
1572,0.29,0.12,0.25,0.23,0.11,0.8386626503552004,0.2250314550951653,0.11208037840959294,-0.07875568214372675,2.8573361181037034,0.226,True
1573,0.29,0.12,0.23,0.25,0.11,0.8306163650707175,0.22324227132213226,0.11017750659170357,-0.07426677814350335,3.0059506673464176,0.226,True
1574,0.27,0.13,0.2,0.29,0.11,0.8067150238249314,0.21789641745265254,0.1050901106569228,-0.06784993517302695,3.211446214310828,0.226,True
1575,0.23,0.15,0.19,0.32,0.11,0.7792342401996553,0.21169137443098562,0.09971971184252372,-0.06246437000671845,3.3889939882242763,0.226,True
1576,0.27,0.15,0.21,0.28,0.09,0.7673161362549903,0.2089804458649196,0.09794879698298536,-0.06155417306286293,3.3950654434346124,0.226,True
1577,0.21,0.15,0.27,0.28,0.09,0.7646551991713013,0.20837351751190636,0.09684134072377393,-0.07104730441795903,2.9328842131163895,0.226,True
1578,0.25,0.17,0.21,0.29,0.08,0.7339886834652698,0.20133439284699262,0.09159190140842896,-0.05557902852762242,3.6224885209522997,0.226,True
1579,0.21,0.17,0.25,0.29,0.08,0.732434503214956,0.20097544734009198,0.09074312708599247,-0.062024796921348546,3.2402435367090656,0.226,True
1580,0.21,0.25,0.17,0.29,0.08,0.6791026776809046,0.18852586628280554,0.0839609135933423,-0.047880997029767114,3.937383888760733,0.226,True
1581,0.23,0.17,0.2,0.31,0.09,0.7401911606525953,0.20276475277262374,0.09217135897967388,-0.05605466838522122,3.61726790316866,0.22600000000000003,True
1582,0.2,0.17,0.23,0.31,0.09,0.7389084876992542,0.2024692333095628,0.09167639560637549,-0.06067865225060487,3.336745721928003,0.22600000000000003,True
1583,0.23,0.2,0.17,0.31,0.09,0.7200638809972124,0.1981107072396262,0.08987254047704031,-0.05120641503797363,3.8688650063221837,0.22600000000000003,True
1584,0.2,0.23,0.17,0.31,0.09,0.6989239405809602,0.1931832398366624,0.08669845193512234,-0.04765609218823508,4.053694521859134,0.22600000000000003,True
1585,0.25,0.14,0.21,0.3,0.1,0.7801508706232725,0.21189937199700792,0.09940346285757613,-0.06357355789072583,3.333136905145905,0.22619999999999998,True
1586,0.21,0.14,0.25,0.3,0.1,0.7782084002401064,0.21145851079977085,0.09882433417051716,-0.07061187745498843,2.994659233279347,0.22619999999999998,True
1587,0.26,0.15,0.19,0.3,0.1,0.7738149073556331,0.21046018212128859,0.0989580241360551,-0.06157117719928695,3.4181607644124417,0.2262,True
1588,0.24,0.15,0.2,0.31,0.1,0.768939475099701,0.20935041112564745,0.09739151037427934,-0.061094680862010864,3.426655286054913,0.2262,True
1589,0.2,0.15,0.24,0.31,0.1,0.7670225717586636,0.2089135171808676,0.09684641015337268,-0.06795592776659287,3.0742500918892532,0.2262,True
1590,0.25,0.16,0.2,0.3,0.09,0.7517233109209993,0.20541518499591582,0.09454288850146202,-0.05813061068804348,3.5336835888112623,0.2262,True
1591,0.2,0.16,0.25,0.3,0.09,0.7495544338901892,0.20491760249972701,0.09367890526131581,-0.06563187761617839,3.1222267279644975,0.2262,True
1592,0.2,0.24,0.15,0.31,0.1,0.7069726646479924,0.19506409463737473,0.0896130850174102,-0.048420345479731175,4.028556440577832,0.2262,True
1593,0.2,0.25,0.16,0.3,0.09,0.6895954479708859,0.19099587602822554,0.08614825890353738,-0.047235034144120336,4.043521498163246,0.2262,True
1594,0.34,0.15,0.2,0.16,0.15,0.9076713835367742,0.24016611370929386,0.1311967961530507,-0.08759094773707732,2.741905641096647,0.22620000000000004,True
1595,0.34,0.16,0.2,0.15,0.15,0.9047707291799694,0.23953737207374304,0.13135192507383733,-0.08742150746577104,2.7400279292544956,0.22620000000000004,True
1596,0.32,0.14,0.24,0.18,0.12,0.8614680420435843,0.23007429562108794,0.11933345995410408,-0.0810449951246971,2.8388464366873247,0.2264,True
1597,0.32,0.14,0.18,0.24,0.12,0.8372675427575034,0.22472161155404913,0.1141692904663164,-0.07304195129218916,3.0766101887817454,0.2264,True
1598,0.26,0.15,0.21,0.29,0.09,0.7628983617025418,0.20797246910988387,0.09663095058252837,-0.060635867148901235,3.4298589084109845,0.2264,True
1599,0.21,0.15,0.26,0.29,0.09,0.7606981322207391,0.20746982777728373,0.0957287742843299,-0.06875423557239446,3.0175570428505356,0.2264,True
1600,0.18,0.27,0.17,0.29,0.09,0.6795226794594429,0.18862493258949464,0.08512470093000878,-0.04718864977622472,3.997252167289822,0.2264,True
1601,0.23,0.13,0.22,0.31,0.11,0.7967159897350127,0.21564600863726757,0.1022533217923152,-0.06870659454397154,3.1386508102836657,0.22640000000000002,True
1602,0.22,0.13,0.23,0.31,0.11,0.796184598929913,0.21552617900502247,0.10214190580327412,-0.07064070494762997,3.0510196516980463,0.22640000000000002,True
1603,0.25,0.14,0.19,0.31,0.11,0.7909508333588808,0.21434469014516022,0.10191081599319579,-0.06449601305340547,3.323378919060836,0.22640000000000002,True
1604,0.26,0.16,0.22,0.28,0.08,0.745120420079743,0.20389907234113736,0.09375103716671392,-0.05810753975940175,3.5089951009007683,0.22640000000000002,True
1605,0.22,0.16,0.26,0.28,0.08,0.7435416429499688,0.20353599746028284,0.0928759530441893,-0.06517999192276147,3.1226760153863435,0.22640000000000002,True
1606,0.23,0.21,0.23,0.27,0.06,0.6843196486049945,0.18975522939422707,0.08400345424887745,-0.049231420649921365,3.854352096470126,0.22640000000000002,True
1607,0.23,0.23,0.21,0.27,0.06,0.6709722713835367,0.18660487375935841,0.08228486957585869,-0.047621567682575194,3.9184949769647637,0.22640000000000002,True
1608,0.21,0.23,0.23,0.27,0.06,0.6703953736102553,0.18646833202663582,0.08170068717519668,-0.04829499963233419,3.8610277139704667,0.22640000000000002,True
1609,0.34,0.16,0.2,0.16,0.14,0.8862466462196044,0.235506985789681,0.1270874094404443,-0.08400860491211926,2.8033674173740057,0.22640000000000005,True
1610,0.34,0.17,0.19,0.17,0.13,0.8606858255571053,0.22990201229661045,0.12224205991002793,-0.07907426996226241,2.9074187141573287,0.22640000000000005,True
1611,0.33,0.12,0.22,0.18,0.15,0.9197239433118507,0.24277180390647057,0.13119167738852397,-0.08976457742787392,2.704539038258587,0.2266,True
1612,0.3,0.13,0.27,0.18,0.12,0.8671860673275946,0.23133222799481157,0.11955083346488954,-0.08700736867170533,2.658765935879181,0.2266,True
1613,0.27,0.13,0.3,0.18,0.12,0.865311801181391,0.23092018364155842,0.11912984161478189,-0.09217933788322175,2.5051187060391107,0.2266,True
1614,0.3,0.13,0.18,0.27,0.12,0.8310313050828015,0.22333466607570318,0.1114307309064699,-0.07144768897370679,3.125848705307904,0.2266,True
1615,0.27,0.13,0.18,0.3,0.12,0.8174632020747743,0.2203061891926139,0.10771492268786256,-0.06875585881474922,3.204180603520507,0.2266,True
1616,0.25,0.16,0.18,0.31,0.1,0.762620393869232,0.20790899058813683,0.09695404472843412,-0.05907552931101101,3.5193758399281063,0.2266,True
1617,0.24,0.15,0.22,0.3,0.09,0.7580709338053442,0.2068690967181206,0.09505757746407939,-0.06106496257486416,3.3876889134993595,0.2266,True
1618,0.22,0.15,0.24,0.3,0.09,0.7571976887049114,0.20666928933642392,0.0947048105969062,-0.06466064356279566,3.196214543329058,0.2266,True
1619,0.25,0.18,0.16,0.31,0.1,0.7491256391534917,0.20481917997673804,0.0955431213975655,-0.055889017915728756,3.6647482388323755,0.2266,True
1620,0.23,0.17,0.22,0.3,0.08,0.7292568719448089,0.20024088912039906,0.08998513252548895,-0.056055612578893355,3.5721826933668344,0.2266,True
1621,0.22,0.17,0.23,0.3,0.08,0.7288717068500834,0.2001517911622488,0.08977686003188809,-0.05787521806318652,3.4583332531676816,0.2266,True
1622,0.22,0.23,0.17,0.3,0.08,0.6887711863915094,0.19080221470336745,0.08487283776851551,-0.048913630333344504,3.9007984768878883,0.2266,True
1623,0.34,0.14,0.2,0.17,0.15,0.9105746432568134,0.2407947821282248,0.13104400226590768,-0.08775988770360277,2.743790909822912,0.22660000000000002,True
1624,0.34,0.15,0.2,0.17,0.14,0.8891301900286379,0.23613610326706413,0.12693006251442335,-0.08418400152957328,2.8049997502685957,0.22660000000000002,True
1625,0.34,0.17,0.2,0.15,0.14,0.8833656993694079,0.23487779420747001,0.12724716669750727,-0.08383268537677868,2.801744846318978,0.22660000000000002,True
1626,0.32,0.13,0.23,0.2,0.12,0.8602982181191168,0.22981662379393097,0.11827377539904001,-0.07977191563514074,2.880921461696643,0.22660000000000002,True
1627,0.32,0.13,0.2,0.23,0.12,0.8481867944184853,0.22714252377043787,0.11566443571227711,-0.07586158904068119,2.99417039166727,0.22660000000000002,True
1628,0.26,0.13,0.2,0.3,0.11,0.8022227842537595,0.21688641224891292,0.10386664211611735,-0.06694730445548036,3.239658624241419,0.22660000000000002,True
1629,0.22,0.13,0.28,0.27,0.1,0.7973609076552708,0.21579140711177547,0.10300383598919456,-0.0781091639632141,2.76269001180711,0.22660000000000002,True
1630,0.27,0.13,0.22,0.28,0.1,0.7958768450112244,0.21545676910503042,0.10269410899872833,-0.0669969832872026,3.2159174717078014,0.22660000000000002,True
1631,0.22,0.13,0.27,0.28,0.1,0.7933991614932634,0.21489767061034093,0.10190873106920982,-0.07585035550038,2.833179478100987,0.22660000000000002,True
1632,0.27,0.14,0.2,0.29,0.1,0.785051218699429,0.21301012686539988,0.10098762989380083,-0.06404837162532018,3.3257695935112705,0.22660000000000002,True
1633,0.23,0.17,0.18,0.32,0.1,0.7510404225299494,0.2052585614691611,0.09464516000712256,-0.05700749522062776,3.600553939000108,0.22660000000000002,True
1634,0.23,0.18,0.17,0.32,0.1,0.7443211542139596,0.2037152907794515,0.09390821566587784,-0.05540803850720766,3.6766378357348195,0.22660000000000002,True
1635,0.2,0.19,0.2,0.32,0.09,0.721601194176396,0.19846745810884747,0.08890626090402694,-0.05299730010106063,3.7448597896570126,0.22660000000000002,True
1636,0.2,0.2,0.19,0.32,0.09,0.714935123317908,0.19691898121541063,0.08808416755060962,-0.05117703188062417,3.8477999598481003,0.22660000000000002,True
1637,0.19,0.2,0.2,0.32,0.09,0.7145193059188282,0.1968222571604088,0.08793539973259092,-0.05213216262750997,3.775447770443084,0.22660000000000002,True
1638,0.21,0.2,0.2,0.31,0.08,0.7044511982888833,0.19447550654954493,0.08594930652274103,-0.04974194326404391,3.90968856036073,0.22660000000000002,True
1639,0.2,0.2,0.21,0.31,0.08,0.7040775375682415,0.1943882332214475,0.08575473659145316,-0.05110805613387803,3.803475379933169,0.22660000000000002,True
1640,0.2,0.21,0.2,0.31,0.08,0.6974221088435271,0.19283162905341023,0.08489940702720829,-0.04855766498785974,3.9711882583650078,0.22660000000000002,True
1641,0.2,0.23,0.25,0.26,0.06,0.674032462501605,0.18732864303626418,0.08268613432347939,-0.052721334707934164,3.5531847604774813,0.22660000000000002,True
1642,0.2,0.27,0.17,0.28,0.08,0.6694648928275804,0.18624803703798865,0.08308977044426802,-0.046842834563139535,3.9760197856289974,0.22660000000000002,True
1643,0.23,0.25,0.2,0.26,0.06,0.6616386211761294,0.18439188834099207,0.08167647244430827,-0.048967830142890856,3.765571964347333,0.22660000000000002,True
1644,0.2,0.25,0.23,0.26,0.06,0.6607785891649223,0.18418756024673,0.08080044727788897,-0.04832127579033929,3.811728006642449,0.22660000000000002,True
1645,0.24,0.13,0.21,0.31,0.11,0.7972331602493268,0.21576260887957588,0.10242888206096484,-0.0669336944005734,3.223527564283491,0.2268,True
1646,0.21,0.13,0.24,0.31,0.11,0.7956390249853076,0.21540312645407877,0.10209508495847047,-0.07322187825267779,2.9417864113066683,0.2268,True
1647,0.27,0.16,0.19,0.29,0.09,0.7565094709079292,0.206511771434293,0.09626503912070601,-0.058609973922282954,3.523491952208141,0.2268,True
1648,0.23,0.16,0.21,0.31,0.09,0.7469206369641974,0.2043128050799885,0.09298766999024519,-0.05790223582112908,3.5285823108998637,0.2268,True
1649,0.21,0.16,0.23,0.31,0.09,0.7460599090529181,0.20411502477847954,0.09265083075483296,-0.06151607942007509,3.3180759681487255,0.2268,True
1650,0.24,0.17,0.19,0.31,0.09,0.7405900654171438,0.20285662821494377,0.09247950104443198,-0.05560657586879991,3.6480690466100762,0.2268,True
1651,0.19,0.17,0.24,0.31,0.09,0.7384524009991309,0.2023641188886649,0.09165670889384983,-0.06258804318175859,3.233271222444039,0.2268,True
1652,0.24,0.19,0.17,0.31,0.09,0.7271418093824391,0.19975146094931384,0.09098980928451963,-0.05254253895929328,3.801709336963502,0.2268,True
1653,0.21,0.19,0.19,0.32,0.09,0.7220126398047269,0.19856290267661625,0.08909635901284874,-0.05234880949855303,3.793073893726365,0.2268,True
1654,0.19,0.19,0.21,0.32,0.09,0.7211754851816587,0.19836868880515857,0.08879128846852229,-0.05482433999831282,3.6182594958965892,0.2268,True
1655,0.21,0.19,0.21,0.31,0.08,0.7111267160027341,0.1960325155514293,0.08679475546876506,-0.05197833822949616,3.7714271411660234,0.2268,True
1656,0.19,0.21,0.19,0.32,0.09,0.7078732781237802,0.1952741851163322,0.08710466318317296,-0.04999988682646728,3.905492542294405,0.2268,True
1657,0.21,0.23,0.16,0.31,0.09,0.6993064105313396,0.1932727510835781,0.08699548813162489,-0.04827681784364535,4.003427726109303,0.2268,True
1658,0.21,0.21,0.19,0.31,0.08,0.6977859236998418,0.19291682488820494,0.08512998370322654,-0.04809756939475285,4.010947482706912,0.2268,True
1659,0.19,0.21,0.21,0.31,0.08,0.6970439796594006,0.19274306827704057,0.08474764575867723,-0.05023377770213555,3.8369216310969705,0.2268,True
1660,0.19,0.24,0.17,0.31,0.09,0.6919085285852886,0.1915390011159075,0.08570443516061106,-0.0470935095507532,4.067205925892692,0.2268,True
1661,0.19,0.27,0.16,0.29,0.09,0.6799153115068581,0.18871752822887933,0.08534236042957508,-0.04652477000083299,4.056280734445339,0.2268,True
1662,0.33,0.12,0.21,0.2,0.14,0.8971735370249576,0.23788758438873114,0.12605886437302616,-0.08511541777400244,2.7948824150798126,0.227,True
1663,0.33,0.12,0.2,0.21,0.14,0.8931482530800405,0.237011677825278,0.12523444558752217,-0.08383594238685832,2.827089087059999,0.227,True
1664,0.3,0.11,0.24,0.23,0.12,0.8608689083179608,0.22994234063614827,0.11639267190005764,-0.08091126989687647,2.84190744910092,0.227,True
1665,0.3,0.11,0.23,0.24,0.12,0.8568442831123348,0.22905521020346753,0.11547244187361286,-0.07868655631583343,2.9109827768301595,0.227,True
1666,0.3,0.12,0.24,0.23,0.11,0.8391898243818356,0.2251484959149057,0.11237469854543397,-0.07700792658835032,2.9237054663015165,0.227,True
1667,0.3,0.12,0.23,0.24,0.11,0.8351567177431631,0.22425251386440848,0.11144092374983651,-0.07476253951522416,2.999530450925134,0.227,True
1668,0.27,0.14,0.18,0.3,0.11,0.7958993385123512,0.21546184249074418,0.1034854436302367,-0.06496970668725355,3.3163431617125614,0.227,True
1669,0.26,0.13,0.22,0.29,0.1,0.791404059488481,0.21444709399635364,0.10144064354510386,-0.06649052561066504,3.2252278354971593,0.227,True
1670,0.22,0.13,0.26,0.29,0.1,0.7894359101926356,0.2140022764711682,0.10082975683553541,-0.07358499564037857,2.90823250866292,0.227,True
1671,0.23,0.14,0.2,0.32,0.11,0.7859862854320296,0.2132218460416908,0.10049477615970805,-0.0640223495620783,3.330428319175376,0.227,True
1672,0.2,0.14,0.23,0.32,0.11,0.784411689260607,0.21286528108971514,0.10018861099768762,-0.07059107990685287,3.0154699626439703,0.227,True
1673,0.24,0.15,0.18,0.32,0.11,0.7797206112137813,0.21180174840271948,0.09998288417347875,-0.0620265736959279,3.4146936672825516,0.227,True
1674,0.23,0.14,0.22,0.31,0.1,0.7752343103745789,0.2107828916468799,0.0979818990040333,-0.06465575041813354,3.2600795796774658,0.227,True
1675,0.22,0.14,0.23,0.31,0.1,0.7747521661832366,0.21067329266289492,0.09784181804315208,-0.06644119652006197,3.1708232797897002,0.227,True
1676,0.24,0.18,0.15,0.32,0.11,0.7594946590934935,0.20719471773801357,0.09789125231821293,-0.0572888088714234,3.6166700236870466,0.227,True
1677,0.23,0.16,0.19,0.32,0.1,0.7577698157461776,0.20680020531257437,0.09540684315964634,-0.05859733843012971,3.5291740350828182,0.227,True
1678,0.26,0.17,0.18,0.3,0.09,0.7453515315285459,0.203952203175636,0.09418712677194396,-0.056087654102923046,3.636311884276274,0.227,True
1679,0.25,0.16,0.22,0.29,0.08,0.7407408908863069,0.20289136256489138,0.0924143459143955,-0.05742941860877304,3.5328820573136928,0.227,True
1680,0.22,0.16,0.25,0.29,0.08,0.7395670207806695,0.2026209731739841,0.09176960111176315,-0.06286063080920934,3.2233366188921426,0.227,True
1681,0.23,0.19,0.16,0.32,0.1,0.7376120143838258,0.2021703866028457,0.09319672701296304,-0.053798880828673235,3.7578920507040507,0.227,True
1682,0.26,0.17,0.2,0.29,0.08,0.7343411892427145,0.20141577592868432,0.09198301983303722,-0.05512945589089213,3.653505601929221,0.227,True
1683,0.2,0.17,0.26,0.29,0.08,0.7320101046236003,0.20087739309978736,0.09071361876365013,-0.0638344646303709,3.146848559989563,0.227,True
1684,0.24,0.17,0.21,0.3,0.08,0.7296276439781395,0.2003266451186465,0.09026655364522562,-0.054647222354594516,3.665815689931473,0.227,True
1685,0.21,0.18,0.2,0.32,0.09,0.7286987820975783,0.2001117851995562,0.08990966173327902,-0.05396627722288072,3.7080894865712994,0.227,True
1686,0.21,0.17,0.24,0.3,0.08,0.7284721858452383,0.20005935835171362,0.0896425001482137,-0.059692071299976446,3.3515231419317923,0.227,True
1687,0.2,0.18,0.21,0.32,0.09,0.728277426617626,0.20001429387204683,0.08975333042121905,-0.05568074289200897,3.592162810398708,0.227,True
1688,0.21,0.2,0.18,0.32,0.09,0.7153366727951795,0.1970123715426546,0.0883086770172725,-0.05072147764100121,3.8842001594882105,0.227,True
1689,0.18,0.2,0.21,0.32,0.09,0.7140892577491984,0.196722206405455,0.08786303162778097,-0.05405397406637602,3.639366203933283,0.227,True
1690,0.22,0.19,0.2,0.31,0.08,0.7114958939199993,0.19611850496086514,0.08703074190081049,-0.05092080406328625,3.8514416370393882,0.227,True
1691,0.2,0.19,0.22,0.31,0.08,0.7107431957172083,0.19594317239778247,0.08663546712279742,-0.05381207115902664,3.6412494107265787,0.227,True
1692,0.2,0.21,0.18,0.32,0.09,0.7082792176277724,0.19536885644541147,0.08728789707484347,-0.049542388867722664,3.9434686318223973,0.227,True
1693,0.18,0.21,0.2,0.32,0.09,0.7074531032938485,0.19517617808764975,0.08699850364082444,-0.05126306533516001,3.8073450507022932,0.227,True
1694,0.22,0.2,0.19,0.31,0.08,0.7048105120858517,0.19455941693633316,0.08622120165209332,-0.049283809129998746,3.9477349736326706,0.227,True
1695,0.19,0.2,0.22,0.31,0.08,0.7036895670751846,0.1942976041569353,0.08563828954061178,-0.052946650643052484,3.6696864069234665,0.227,True
1696,0.2,0.22,0.19,0.31,0.08,0.6907769131286958,0.19127335297284453,0.0840704034462821,-0.04690586151891718,4.077813449726402,0.227,True
1697,0.19,0.22,0.2,0.31,0.08,0.6904086115529242,0.1911868681488178,0.08388257235602527,-0.047504242759000226,4.024627213168139,0.227,True
1698,0.21,0.24,0.17,0.3,0.08,0.6817931396731769,0.1891601828777707,0.08376532671884214,-0.047297513768394306,3.9993684193221486,0.227,True
1699,0.2,0.26,0.17,0.29,0.08,0.6721464938115851,0.18688269485117703,0.08288787995013858,-0.04625746938865938,4.0400544457149605,0.227,True
1700,0.24,0.23,0.2,0.27,0.06,0.6712390044512273,0.18666799424116953,0.08269735367608448,-0.05027957803196348,3.7126006531419558,0.227,True
1701,0.2,0.23,0.24,0.27,0.06,0.6700852832072155,0.18639492599484808,0.08153124253035755,-0.05035461500104177,3.7016453405709053,0.227,True
1702,0.23,0.24,0.2,0.27,0.06,0.6643141766008007,0.18502710150403545,0.08146683363664076,-0.04845170249491915,3.818794634170764,0.227,True
1703,0.2,0.24,0.23,0.27,0.06,0.6634564380496595,0.18482353692960474,0.08059626029406497,-0.04815089817655582,3.8384234547797784,0.227,True
1704,0.34,0.16,0.2,0.17,0.13,0.8675768408869726,0.2314181020934405,0.12289031944578437,-0.08055985270364119,2.872623202834887,0.22700000000000004,True
1705,0.34,0.17,0.2,0.16,0.13,0.8647131699984676,0.2307885205854856,0.12305262669912956,-0.08037783983897517,2.8712953849946135,0.22700000000000004,True
1706,0.25,0.15,0.21,0.3,0.09,0.7584860278022185,0.20696405125397632,0.09533742009518743,-0.05971624084002225,3.4657916898758896,0.22719999999999999,True
1707,0.21,0.15,0.25,0.3,0.09,0.7567396119038963,0.20656445022028014,0.09463314987868918,-0.06645444541180401,3.10836165948334,0.22719999999999999,True
1708,0.34,0.15,0.21,0.15,0.15,0.9116781678304591,0.24103357096658296,0.1320059887359454,-0.08886326022703395,2.7124097219792955,0.2272,True
1709,0.26,0.14,0.2,0.3,0.1,0.7806007285989505,0.2120014255808893,0.09971273079164916,-0.0631368193115367,3.357809720106557,0.2272,True
1710,0.25,0.15,0.19,0.31,0.1,0.7693829865579782,0.20945144974464114,0.09769640806788019,-0.060654463239573575,3.453191052360777,0.2272,True
1711,0.32,0.13,0.24,0.19,0.12,0.8643321463601017,0.230704703496186,0.11917787341773889,-0.08132552763352807,2.836805492806583,0.2274,True
1712,0.32,0.13,0.19,0.24,0.12,0.8441464515661155,0.2262478518423774,0.11483026261888038,-0.07455064264832734,3.0348209459392717,0.2274,True
1713,0.24,0.14,0.21,0.31,0.1,0.7757021733705316,0.2108892253178829,0.09818900497561533,-0.06286763893555647,3.3544957133519593,0.2274,True
1714,0.21,0.14,0.24,0.31,0.1,0.7742557779477823,0.21056043504052302,0.09776929570776718,-0.06822398319647449,3.086311076768145,0.2274,True
1715,0.26,0.16,0.19,0.3,0.09,0.7521140155542629,0.20550477655440202,0.09492379896416857,-0.0576854197162473,3.562508127101672,0.2274,True
1716,0.22,0.18,0.19,0.32,0.09,0.7291058416152436,0.2002059537466614,0.0901398154123282,-0.05351525630765197,3.7411005302058995,0.2274,True
1717,0.19,0.18,0.22,0.32,0.09,0.7278418123266666,0.19991348674287823,0.08967147324722272,-0.057500223330849254,3.476742787460154,0.2274,True
1718,0.22,0.19,0.18,0.32,0.09,0.7224097849153746,0.19865501547992137,0.08936083890842929,-0.05189518602547394,3.82800468972993,0.2274,True
1719,0.18,0.19,0.22,0.32,0.09,0.7207355499717871,0.19826660174353528,0.08875200643804111,-0.056972245755609885,3.4800559309883368,0.2274,True
1720,0.22,0.18,0.21,0.31,0.08,0.7181915289939365,0.1976759195795379,0.08786620443812128,-0.052844651327448644,3.740698720001977,0.2274,True
1721,0.21,0.18,0.22,0.31,0.08,0.7178124732558193,0.19758785881870167,0.08766543168263272,-0.05467354784739398,3.613957143776608,0.2274,True
1722,0.19,0.22,0.18,0.32,0.09,0.7012374053821393,0.19372446593057346,0.08629994842434797,-0.048357882624338155,4.006057656318339,0.2274,True
1723,0.18,0.22,0.19,0.32,0.09,0.7008270901913347,0.19362851010179627,0.08615930047010012,-0.04881733737236271,3.9663881834615684,0.2274,True
1724,0.22,0.21,0.18,0.31,0.08,0.6981353870770828,0.19299864852467308,0.08543846870200916,-0.047636767762319954,4.051463976053649,0.2274,True
1725,0.18,0.21,0.22,0.31,0.08,0.6966515732987346,0.1926511497633041,0.08467540188458904,-0.05207725915516004,3.699333507343683,0.2274,True
1726,0.21,0.22,0.18,0.31,0.08,0.6911308958212452,0.19135646359014324,0.08433769916556455,-0.04644308052815771,4.120236242170173,0.2274,True
1727,0.18,0.22,0.21,0.31,0.08,0.6900260282452173,0.1910970163741572,0.08377501925545149,-0.04951380156011642,3.8594696903274475,0.2274,True
1728,0.19,0.26,0.16,0.3,0.09,0.6826064041492945,0.18935178894490656,0.08514867031034114,-0.046250759551954346,4.094025498807304,0.2274,True
1729,0.34,0.14,0.21,0.16,0.15,0.9145858912896323,0.2416623259398265,0.13185294134184114,-0.08903008575865468,2.7143894547617498,0.22740000000000002,True
1730,0.33,0.12,0.22,0.19,0.14,0.9011971337004652,0.23876188635537177,0.12689986124243902,-0.08639127185491402,2.7637269509858564,0.22740000000000002,True
1731,0.33,0.12,0.19,0.22,0.14,0.8891212852778267,0.23613416145799082,0.124426929950622,-0.08255283025382898,2.860400554795496,0.22740000000000002,True
1732,0.31,0.13,0.26,0.18,0.12,0.8677824012076683,0.23146327001178357,0.11979828855611836,-0.08527835490528757,2.7142089017647315,0.22740000000000002,True
1733,0.26,0.13,0.31,0.18,0.12,0.8646587481348924,0.2307765496330807,0.11909792718520819,-0.09389832182592883,2.4577281589856343,0.22740000000000002,True
1734,0.31,0.13,0.18,0.26,0.12,0.8355651275698215,0.22434330458899465,0.11271259030332102,-0.07234243379047656,3.1011301781573195,0.22740000000000002,True
1735,0.26,0.13,0.18,0.31,0.12,0.8129516169720634,0.21929583939767805,0.10652280147161905,-0.06785604123006206,3.231780625901354,0.22740000000000002,True
1736,0.24,0.16,0.2,0.31,0.09,0.7473294995123756,0.20440673181964897,0.09326232325363516,-0.05720574036909565,3.5731856715917263,0.22740000000000002,True
1737,0.2,0.16,0.24,0.31,0.09,0.7456081179923599,0.20401118503551174,0.09258992549598422,-0.06331892705347264,3.2219621293207465,0.22740000000000002,True
1738,0.2,0.24,0.16,0.31,0.09,0.6922954219670072,0.19162979764543375,0.08596047754462867,-0.04664714730527231,4.108071097924883,0.22740000000000002,True
1739,0.29,0.12,0.29,0.15,0.15,0.9287297691739029,0.24471169728984576,0.13306003915329492,-0.10195721490347631,2.4001410544758035,0.2276,True
1740,0.29,0.15,0.29,0.12,0.15,0.9199529671027882,0.24282121171686777,0.13349936854300318,-0.10102270305514893,2.4036301185121736,0.2276,True
1741,0.27,0.15,0.2,0.29,0.09,0.7632952825342354,0.2080631009359577,0.09701411106806648,-0.06019421511168721,3.456529843439399,0.2276,True
1742,0.28,0.11,0.25,0.25,0.11,0.8369499259076025,0.2246510491751439,0.11070939156423149,-0.0785495146766475,2.8599928350917216,0.22760000000000002,True
1743,0.25,0.13,0.2,0.31,0.11,0.7977360733215999,0.21587597321464336,0.10266802353089946,-0.0660433917326394,3.268699071188904,0.22760000000000002,True
1744,0.3,0.12,0.28,0.15,0.15,0.9295037891297473,0.24487814243117167,0.13316798258285317,-0.09992934678024623,2.450512790498682,0.2278,True
1745,0.28,0.12,0.3,0.15,0.15,0.9279417679496804,0.244542199862398,0.13300019881997793,-0.10439856067071573,2.342390530016121,0.2278,True
1746,0.3,0.15,0.28,0.12,0.15,0.9207280589551701,0.24298839485368595,0.13361052318294928,-0.09918489884313342,2.4498527264516947,0.2278,True
1747,0.29,0.12,0.29,0.16,0.14,0.9104514011993026,0.24076810838912532,0.1287163931474047,-0.09817940069730324,2.452328153147289,0.2278,True
1748,0.28,0.1,0.25,0.25,0.12,0.8585573371575157,0.22943296772527821,0.11480653521195693,-0.08243660077608683,2.7831444475550478,0.2278,True
1749,0.28,0.11,0.26,0.24,0.11,0.8409660737724514,0.22554268628819107,0.11169510983100991,-0.08078283712027268,2.791962925892219,0.2278,True
1750,0.28,0.11,0.24,0.26,0.11,0.8329322122123608,0.22375776296991945,0.10974038455666858,-0.07630977693284557,2.932229289135934,0.2278,True
1751,0.28,0.12,0.25,0.25,0.1,0.8152435328840975,0.2198093131955341,0.10671828520506128,-0.07460960609083289,2.9461261721168843,0.2278,True
1752,0.26,0.14,0.18,0.31,0.11,0.7914293569399908,0.21445280930177946,0.10224286877825935,-0.0640610193972132,3.3476334176335105,0.2278,True
1753,0.25,0.13,0.22,0.3,0.1,0.7869367760859418,0.21343698179312542,0.10021190001143084,-0.0659833468725678,3.234709845884775,0.2278,True
1754,0.24,0.14,0.19,0.32,0.11,0.7864827216679431,0.21333421982624956,0.10072773942651767,-0.06358701706135284,3.3549965022012436,0.2278,True
1755,0.22,0.13,0.25,0.3,0.1,0.7854711571655317,0.21310521909178748,0.09976743172537933,-0.0713130558395293,2.9883058099672946,0.2278,True
1756,0.27,0.15,0.18,0.3,0.1,0.7742403380142169,0.21055692431719386,0.09936320101033076,-0.06113130248249976,3.4443389191236458,0.2278,True
1757,0.26,0.14,0.22,0.29,0.09,0.7696843848216199,0.20952010319177794,0.09743632863157595,-0.06241138771460808,3.3570813094216367,0.2278,True
1758,0.22,0.14,0.26,0.29,0.09,0.7679128226744123,0.20911645935436995,0.09670251813171873,-0.06956677529822353,3.0059817845216408,0.2278,True
1759,0.23,0.15,0.2,0.32,0.1,0.764509330277046,0.20834022890135784,0.0961925532363798,-0.06017765454869339,3.4620862255902165,0.2278,True
1760,0.26,0.18,0.14,0.31,0.11,0.7643488361048614,0.20830360054909391,0.09957073196481862,-0.059973614977356426,3.473254040593364,0.2278,True
1761,0.2,0.15,0.23,0.32,0.1,0.7630820744490283,0.20801441927121966,0.0957993626700534,-0.06550373019788891,3.1756118108510965,0.2278,True
1762,0.24,0.19,0.14,0.32,0.11,0.752772813419504,0.20565581377860553,0.0972438011246234,-0.05579271150314735,3.6860695284007514,0.2278,True
1763,0.26,0.16,0.21,0.29,0.08,0.7411033338367197,0.202974823156705,0.09277087404215449,-0.05673404592748432,3.577654648782515,0.2278,True
1764,0.21,0.16,0.26,0.29,0.08,0.7391470074982185,0.20252419770974361,0.09169877943514637,-0.06466558277679613,3.131869984204567,0.2278,True
1765,0.23,0.2,0.15,0.32,0.1,0.7309130066251606,0.20062384224929763,0.09251141419504341,-0.05250227295337906,3.821241080885155,0.2278,True
1766,0.25,0.17,0.2,0.3,0.08,0.72998398579881,0.20040905199799575,0.09062019667175206,-0.05419661642729012,3.697814830688986,0.2278,True
1767,0.2,0.17,0.25,0.3,0.08,0.7280583460815442,0.1999635977452061,0.08958264604151374,-0.06150617852892115,3.251113994201089,0.2278,True
1768,0.2,0.23,0.15,0.32,0.1,0.70968837998838,0.1956973783955347,0.08943505518833761,-0.048645164846985556,4.022956423543946,0.2278,True
1769,0.2,0.25,0.17,0.3,0.08,0.674830607527874,0.18751726815900538,0.08268966878107605,-0.04567174400519236,4.1057610617559686,0.2278,True
1770,0.19,0.24,0.24,0.27,0.06,0.6631417102682975,0.18474882595766928,0.08047231716523291,-0.05021381596582464,3.6792429016629358,0.2278,True
1771,0.34,0.16,0.21,0.16,0.13,0.8716070540708083,0.23230305990816835,0.12371809316686194,-0.08185748062392739,2.8378965262249336,0.22780000000000003,True
1772,0.19,0.23,0.26,0.26,0.06,0.6736975085626693,0.1872494657157664,0.08263385366171623,-0.05477156347321199,3.418735085175129,0.22780000000000003,True
1773,0.19,0.26,0.23,0.26,0.06,0.6538614337394644,0.18254159767116063,0.07973241407701352,-0.048176843497955146,3.788990403219517,0.22780000000000003,True
1774,0.33,0.11,0.22,0.19,0.15,0.9226399155457157,0.24340057979294594,0.13104659545788627,-0.08992922710665452,2.7065792470814527,0.228,True
1775,0.3,0.12,0.28,0.16,0.14,0.9111741634493007,0.2409245221627252,0.128843319043264,-0.09648243057442907,2.4970818078310093,0.228,True
1776,0.28,0.12,0.3,0.16,0.14,0.90971458683309,0.24060861296408165,0.12863923632457533,-0.1000826916687485,2.4040981407698623,0.228,True
1777,0.3,0.14,0.28,0.16,0.12,0.8683211068452399,0.2315816244700013,0.12068929412227472,-0.08894659007512373,2.6036031766300307,0.228,True
1778,0.28,0.1,0.26,0.24,0.12,0.8625649530713917,0.23031580919009298,0.11577603166730621,-0.08464944376034333,2.7208189322797605,0.228,True
1779,0.28,0.1,0.24,0.26,0.12,0.8545481134064254,0.22854850112769887,0.11385333465263736,-0.08021744399115582,2.8491122349011384,0.228,True
1780,0.28,0.12,0.26,0.24,0.1,0.8192677561544213,0.2207098430082315,0.10772002433101693,-0.07686376205575163,2.8714421088073196,0.228,True
1781,0.28,0.12,0.24,0.26,0.1,0.8112177857902259,0.21890710956462933,0.10573369300239689,-0.0723489309209624,3.025713120816871,0.228,True
1782,0.27,0.13,0.19,0.3,0.11,0.8027077694209679,0.2169955338515157,0.10420239625310337,-0.06651572897661173,3.2623191114362693,0.228,True
1783,0.27,0.13,0.21,0.29,0.1,0.7918602919491935,0.2145501596659769,0.10175384770959225,-0.0656008747971154,3.2705380885471222,0.228,True
1784,0.24,0.16,0.18,0.32,0.1,0.7582070086546993,0.2069002260715238,0.09570690423985868,-0.0581536019430996,3.5578230609681816,0.228,True
1785,0.23,0.15,0.22,0.31,0.09,0.7536602988463339,0.2058592205113985,0.09382771297761427,-0.0605488682382741,3.3998855222412057,0.228,True
1786,0.22,0.15,0.23,0.31,0.09,0.7532271227139749,0.20575994752324545,0.09365603613318775,-0.06234973675124056,3.300093284181372,0.228,True
1787,0.24,0.18,0.16,0.32,0.1,0.7447383720834251,0.2038112320078327,0.09427387681762839,-0.05495920390379205,3.708409466130753,0.228,True
1788,0.25,0.17,0.18,0.31,0.09,0.740974581819601,0.20294517645320798,0.092857762130451,-0.055157805206328736,3.6793555453131463,0.228,True
1789,0.24,0.16,0.22,0.3,0.08,0.7363667618004575,0.2018832066481686,0.09110284395527923,-0.05690747568968735,3.547569176131168,0.228,True
1790,0.22,0.16,0.24,0.3,0.08,0.7355909868328794,0.20170422812004118,0.09068120521585307,-0.06053441893924105,3.3320585487488295,0.228,True
1791,0.25,0.18,0.17,0.31,0.09,0.7342354019426043,0.20139135395117158,0.09213441508802751,-0.05437621144757587,3.7036665223602983,0.228,True
1792,0.19,0.23,0.25,0.27,0.06,0.6697608146615959,0.18631810657291026,0.08144468898036726,-0.05241019605444941,3.554997321119401,0.228,True
1793,0.19,0.25,0.23,0.27,0.06,0.6565329517388923,0.18317783824335354,0.07952537290853129,-0.04800635329386693,3.8156999162599483,0.228,True
1794,0.34,0.13,0.21,0.17,0.15,0.9174962233061952,0.2422910077681133,0.13170221359410647,-0.0891964201261507,2.7163759198568798,0.22800000000000004,True
1795,0.34,0.15,0.21,0.17,0.13,0.8744778210431365,0.23293265092731397,0.12355811698320557,-0.08203675420248868,2.8393694166930814,0.22800000000000004,True
1796,0.34,0.17,0.21,0.15,0.13,0.8687388788470454,0.23167339395836795,0.12388054113265937,-0.08167767052818653,2.8364348843472302,0.22800000000000004,True
1797,0.25,0.14,0.2,0.31,0.1,0.7761557180198306,0.21099228695354943,0.09846247492987854,-0.06222396341428993,3.3908525811631987,0.22820000000000001,True
1798,0.2,0.14,0.25,0.31,0.1,0.7737451828194695,0.21044432540692948,0.09776473369017666,-0.0707734340696955,2.9734932065002018,0.22820000000000001,True
1799,0.26,0.15,0.2,0.3,0.09,0.7588867198951765,0.20705569711772465,0.09568516353976919,-0.05927357984742365,3.4932207174040695,0.22820000000000001,True
1800,0.2,0.15,0.26,0.3,0.09,0.7562672818040377,0.20645632989213136,0.09463190533324065,-0.0682455628891252,3.0251978465991933,0.22820000000000001,True
1801,0.29,0.11,0.29,0.16,0.15,0.931660606973495,0.24534170949985135,0.13291820858150788,-0.1022668132332537,2.399035442125956,0.2284,True
1802,0.29,0.12,0.29,0.17,0.13,0.8920239944383188,0.23676681600217786,0.1244307541456845,-0.09470809111473943,2.499963975784639,0.2284,True
1803,0.33,0.12,0.21,0.21,0.13,0.8784858705163952,0.23381058615199657,0.12182095883721882,-0.08169545331067474,2.8619779519779676,0.2284,True
1804,0.29,0.13,0.29,0.17,0.12,0.8705739207167107,0.232076324762853,0.12036496658148564,-0.09093662630498367,2.5520665785919348,0.2284,True
1805,0.29,0.11,0.25,0.24,0.11,0.8415070231096975,0.22566268494454267,0.11193125828510012,-0.07904045921313418,2.855027503522452,0.2284,True
1806,0.29,0.11,0.24,0.25,0.11,0.8374801365996718,0.22476883727296282,0.11097140172021545,-0.07680299828986836,2.9265633149456574,0.2284,True
1807,0.23,0.13,0.21,0.32,0.11,0.7927483741948629,0.21475073264524935,0.10129214570106768,-0.06642807053930377,3.23283110440769,0.2284,True
1808,0.21,0.13,0.23,0.32,0.11,0.7916926766614512,0.21451229639313052,0.10108018463532907,-0.07080150317881595,3.0297703687358055,0.2284,True
1809,0.24,0.15,0.21,0.31,0.09,0.7540791328787184,0.20595519110840632,0.09406945407674366,-0.058795291286359075,3.502919818958179,0.2284,True
1810,0.21,0.15,0.24,0.31,0.09,0.7527796416328731,0.20565737902930414,0.0935550595042635,-0.06414790434110251,3.205987493149172,0.2284,True
1811,0.25,0.16,0.19,0.31,0.09,0.7477239782538743,0.2044973403229411,0.09360669650215965,-0.05675953015725366,3.6028723239317917,0.2284,True
1812,0.19,0.25,0.16,0.31,0.09,0.685300013082619,0.18998596578397198,0.08495858743525295,-0.04597731381716641,4.132167584636871,0.2284,True
1813,0.31,0.11,0.23,0.23,0.12,0.8614319129754939,0.23006633925058173,0.11671138888992236,-0.07925626337927272,2.9028158714677583,0.22840000000000002,True
1814,0.28,0.11,0.27,0.23,0.11,0.8449806523947996,0.2264326797977756,0.11269710548280627,-0.08300977178740077,2.7277834274463526,0.22840000000000002,True
1815,0.31,0.12,0.23,0.23,0.11,0.8397026386030997,0.22526232717466854,0.11272524927172542,-0.07559035228769717,2.980040710980143,0.22840000000000002,True
1816,0.28,0.11,0.23,0.27,0.11,0.8289129360988574,0.22286282214888842,0.10878853113538745,-0.07406359620682945,3.0090737361243347,0.22840000000000002,True
1817,0.23,0.17,0.19,0.32,0.09,0.7362147427804897,0.2018481386416895,0.09121315013373384,-0.05467640860281353,3.6916861183765244,0.22840000000000002,True
1818,0.19,0.17,0.23,0.32,0.09,0.7345182837682447,0.20145665761631815,0.09057511306009146,-0.06015996010500335,3.3486833645616647,0.22840000000000002,True
1819,0.23,0.17,0.21,0.31,0.08,0.725271990572842,0.1993184495871012,0.08896762700908989,-0.053714062994044465,3.710731202910504,0.22840000000000002,True
1820,0.21,0.17,0.23,0.31,0.08,0.7245084664625021,0.199141543224302,0.08856045154578542,-0.05735242958071274,3.472242495743756,0.22840000000000002,True
1821,0.23,0.19,0.17,0.32,0.09,0.7227925923570591,0.19874378943929116,0.08969878556144922,-0.051440871877757255,3.8635385090591137,0.22840000000000002,True
1822,0.23,0.21,0.17,0.31,0.08,0.6984704618239679,0.19307709265312134,0.08582376078847832,-0.05008376623221822,3.8550833369419695,0.22840000000000002,True
1823,0.19,0.23,0.17,0.32,0.09,0.6946116912795064,0.19217309281018657,0.08552213660088229,-0.04682016337971784,4.104494280629414,0.22840000000000002,True
1824,0.21,0.23,0.17,0.31,0.08,0.6844861182386985,0.1897944156250968,0.08357337614250676,-0.04671367241536428,4.062930739794989,0.22840000000000002,True
1825,0.19,0.27,0.17,0.29,0.08,0.6652058039842843,0.18523863468038626,0.08184833109942358,-0.044624218234370905,4.1510785400764725,0.22840000000000002,True
1826,0.35,0.16,0.18,0.16,0.15,0.9014177745255085,0.23880979450810824,0.13101642056262602,-0.08573468306265408,2.7854514179936762,0.22859999999999997,True
1827,0.3,0.11,0.28,0.16,0.15,0.9324342687347877,0.24550790931447053,0.13302507212005904,-0.10017604945489766,2.4507645355390637,0.2286,True
1828,0.28,0.11,0.3,0.16,0.15,0.9308729540005876,0.2451724584609909,0.13285946993884845,-0.10470394904069069,2.3415779510447163,0.2286,True
1829,0.32,0.13,0.25,0.18,0.12,0.8683644624179414,0.23159114876675413,0.1200984973141979,-0.08354681996697466,2.7719923853271746,0.2286,True
1830,0.29,0.1,0.25,0.24,0.12,0.8631560130771592,0.23044590714905544,0.11598431765508953,-0.0829215501652888,2.779083443202691,0.2286,True
1831,0.29,0.1,0.24,0.25,0.12,0.8591376434081921,0.22956088247034967,0.1150393932763678,-0.080704632030277,2.844457334050269,0.2286,True
1832,0.32,0.13,0.18,0.25,0.12,0.8401045135911982,0.2253515180596244,0.11401454694900097,-0.07323591711792565,3.077062825563579,0.2286,True
1833,0.26,0.13,0.21,0.3,0.1,0.78739669237328,0.21354105267638124,0.10049035436059749,-0.06469314159127093,3.300829847242948,0.2286,True
1834,0.21,0.13,0.26,0.3,0.1,0.7849541180101749,0.21298813694771623,0.09975133625345743,-0.07341184291878,2.9012776206062285,0.2286,True
1835,0.27,0.14,0.19,0.3,0.1,0.7810362084240416,0.21210020100168725,0.10008631011471081,-0.0626994282448241,3.3828091728921996,0.2286,True
1836,0.25,0.14,0.22,0.3,0.09,0.7652589477124654,0.20851127892076438,0.09615540815882472,-0.06189778746570129,3.368638645384608,0.2286,True
1837,0.24,0.15,0.19,0.32,0.1,0.7649565312559443,0.2084422784295865,0.09646055995670332,-0.059736433443107084,3.48936597676369,0.2286,True
1838,0.22,0.14,0.25,0.3,0.09,0.763940632466821,0.20821042935624656,0.09561789557450193,-0.06727332674041053,3.0949923163406794,0.2286,True
1839,0.24,0.19,0.15,0.32,0.1,0.7380192652846131,0.20226427696388605,0.09359590213323615,-0.05431822274644171,3.7236909960780338,0.2286,True
1840,0.25,0.16,0.21,0.3,0.08,0.7367330293740009,0.20196768946923482,0.09142168706102514,-0.05580518952888058,3.6191560529457836,0.2286,True
1841,0.21,0.16,0.25,0.3,0.08,0.7351815537413762,0.20160974657821673,0.09057991630871509,-0.0623437885163759,3.233838548731438,0.2286,True
1842,0.21,0.25,0.16,0.3,0.08,0.6751656802617689,0.1875964378301418,0.08303427379571922,-0.04823172748522353,3.889482040377148,0.2286,True
1843,0.22,0.24,0.24,0.25,0.05,0.6568809683200094,0.18326067043254657,0.08080078309529191,-0.04760674629835082,3.849468503561543,0.2286,True
1844,0.34,0.12,0.2,0.19,0.15,0.9163889831652674,0.24205189986097442,0.1307454115726425,-0.08809627555968813,2.7475838033240834,0.22860000000000003,True
1845,0.3,0.12,0.28,0.17,0.13,0.8926956930064718,0.23691312259098574,0.12457814860658159,-0.09299983028933145,2.547457579803384,0.22860000000000003,True
1846,0.28,0.12,0.3,0.17,0.13,0.8913381729061458,0.23661739747242772,0.12433488791293085,-0.09641388827260233,2.454183745845946,0.22860000000000003,True
1847,0.33,0.12,0.22,0.2,0.13,0.8825233029482797,0.23469369569579368,0.12267235941522901,-0.08298281907759619,2.8282203268647037,0.22860000000000003,True
1848,0.33,0.12,0.2,0.22,0.13,0.8744467902997264,0.23292584897950785,0.12098662518345125,-0.0804044144733358,2.8969286139973343,0.22860000000000003,True
1849,0.3,0.13,0.28,0.17,0.12,0.8711952348416447,0.2322126905901143,0.1205356333642695,-0.08921418616231769,2.6028673306241106,0.22860000000000003,True
1850,0.28,0.13,0.3,0.17,0.12,0.8699384227231364,0.23193681461947713,0.1202476477060697,-0.09265656572250203,2.503188120678968,0.22860000000000003,True
1851,0.28,0.1,0.27,0.23,0.12,0.8665709577359224,0.23119703085006527,0.11676142358893685,-0.08685599985106629,2.6618429497847402,0.22860000000000003,True
1852,0.28,0.1,0.23,0.27,0.12,0.8505372852302358,0.22766240403587612,0.11291683753059428,-0.07799194634463458,2.9190501674348592,0.22860000000000003,True
1853,0.28,0.12,0.27,0.23,0.1,0.8232904521890756,0.22160870465877158,0.10873844012721749,-0.07911142697468265,2.8012224419828895,0.22860000000000003,True
1854,0.28,0.12,0.23,0.27,0.1,0.8071905182849151,0.21800322642310266,0.10476672798549048,-0.07008170822406956,3.110700808349153,0.22860000000000003,True
1855,0.26,0.15,0.18,0.31,0.1,0.7698121379629197,0.2095492008527211,0.09806723382936504,-0.06021358548776756,3.480098372406194,0.22860000000000003,True
1856,0.35,0.15,0.18,0.17,0.15,0.9043135221826535,0.2394382103172379,0.13086056460784537,-0.0859069862793238,2.7871797241112874,0.22879999999999998,True
1857,0.29,0.11,0.29,0.17,0.14,0.9133654012489754,0.24139848944001074,0.12857292845175702,-0.09842975585942315,2.452495054288002,0.2288,True
1858,0.33,0.11,0.21,0.21,0.14,0.9000679492075465,0.2385166463765187,0.12591218252060404,-0.08528801767856042,2.7966020651981536,0.2288,True
1859,0.29,0.11,0.26,0.23,0.11,0.8455323399581485,0.22655488268720947,0.1129077962526163,-0.0812715158435181,2.787629593662594,0.2288,True
1860,0.29,0.11,0.23,0.26,0.11,0.8334516838402228,0.22387333414557142,0.11002865899689966,-0.07455910545860323,3.0026290252351617,0.2288,True
1861,0.26,0.13,0.19,0.31,0.11,0.7982246918005445,0.21598609507876199,0.10297007528634704,-0.06561083845735294,3.291927068104045,0.2288,True
1862,0.27,0.14,0.21,0.29,0.09,0.77009131823365,0.20961278340058076,0.09778702537818784,-0.061768967474861936,3.3934966370594863,0.2288,True
1863,0.21,0.14,0.27,0.29,0.09,0.7674341607692083,0.20900735174841878,0.09668940685441398,-0.07134895453033496,2.92936810531059,0.2288,True
1864,0.23,0.25,0.22,0.25,0.05,0.6504863824721285,0.1817368253285334,0.08023871104328005,-0.047231462206869246,3.8477916379667363,0.2288,True
1865,0.22,0.25,0.23,0.25,0.05,0.6502414721995571,0.18167838441706707,0.07989608732715922,-0.04538476691891802,4.003069680662763,0.2288,True
1866,0.2,0.2,0.2,0.32,0.08,0.7001324415659052,0.19346602520054823,0.08472149423936828,-0.048797372775607584,3.964681174336836,0.22880000000000003,True
1867,0.35,0.16,0.18,0.17,0.14,0.8828281760033725,0.2347603294277243,0.12677502217781494,-0.08230557593017873,2.852301642684277,0.22899999999999998,True
1868,0.34,0.12,0.21,0.18,0.15,0.9204091649747983,0.242919616587421,0.13155380343303097,-0.08936226549544257,2.718369048061005,0.229,True
1869,0.3,0.11,0.28,0.17,0.14,0.9140877628151338,0.24155465776259888,0.12869873832118028,-0.09673545126178462,2.4970644640805553,0.229,True
1870,0.28,0.11,0.3,0.17,0.14,0.9126289776234138,0.24123924055078594,0.12849691249952402,-0.10039658396043216,2.4028630361154724,0.229,True
1871,0.33,0.11,0.22,0.2,0.14,0.9040960310344641,0.2393910339796912,0.126752913269444,-0.08656174686783036,2.76555225191115,0.229,True
1872,0.33,0.11,0.2,0.22,0.14,0.8960381775890081,0.2376406543881957,0.12508802553090698,-0.08401067855933864,2.8286958094302825,0.229,True
1873,0.29,0.1,0.26,0.23,0.12,0.8671727710777446,0.23132930587837408,0.11694550260265585,-0.08513216525419132,2.717296161652426,0.229,True
1874,0.29,0.1,0.23,0.26,0.12,0.8551176654829507,0.22867422647758473,0.11411112836462234,-0.07848138385320158,2.913738459369128,0.229,True
1875,0.29,0.12,0.23,0.26,0.1,0.8116874555241991,0.21901243533429593,0.1060549329109147,-0.07058340980100775,3.1028882842547088,0.229,True
1876,0.24,0.13,0.2,0.32,0.11,0.7932548893531248,0.21486509920260977,0.10149536600506653,-0.06513819427132006,3.298603862238372,0.229,True
1877,0.2,0.13,0.24,0.32,0.11,0.7911435685888346,0.2143882396790764,0.10107234096038702,-0.07338240493112203,2.9215210360072668,0.229,True
1878,0.25,0.14,0.18,0.32,0.11,0.7869648814077927,0.2134433420403361,0.10102511263335073,-0.06315103577124326,3.3798866389699125,0.229,True
1879,0.24,0.13,0.22,0.31,0.1,0.782474993128299,0.21242643133085948,0.09900903396014747,-0.06547544553191731,3.244367863481097,0.229,True
1880,0.22,0.13,0.24,0.31,0.1,0.7815049058240517,0.2122064928337255,0.09872228887545127,-0.06903450738809425,3.0739191291791967,0.229,True
1881,0.23,0.14,0.21,0.32,0.1,0.7712589625369393,0.20987863877873636,0.09700158490974681,-0.06235562942425399,3.3658330565596293,0.229,True
1882,0.21,0.14,0.23,0.32,0.1,0.7703016671065537,0.2096606853680354,0.09673199454585919,-0.06593250208662316,3.1799291507636083,0.229,True
1883,0.25,0.18,0.14,0.32,0.11,0.7599366219279475,0.20729576357614277,0.09831333884533822,-0.0576294455274694,3.597045948972979,0.229,True
1884,0.27,0.16,0.18,0.3,0.09,0.7524902765769266,0.20559104349277457,0.09537194957275259,-0.05770519602010271,3.562782169930642,0.229,True
1885,0.26,0.15,0.22,0.29,0.08,0.7478757630018229,0.20453220039106834,0.09358316714565361,-0.058328965808598476,3.5065288327282076,0.229,True
1886,0.22,0.15,0.26,0.29,0.08,0.7462996737841348,0.2041701250736212,0.09271478852367543,-0.06549295584337178,3.1174364089154825,0.229,True
1887,0.23,0.16,0.2,0.32,0.09,0.7429411130548094,0.2033978347206702,0.09200853681951966,-0.05627953428371413,3.614063927667013,0.229,True
1888,0.2,0.16,0.23,0.32,0.09,0.7416603619058502,0.20310306874315032,0.0915190748428094,-0.06099916161893548,3.329604265906872,0.229,True
1889,0.26,0.17,0.19,0.3,0.08,0.7303258602555391,0.20048810254758465,0.09104498198414528,-0.05443350664141122,3.6831744805332804,0.229,True
1890,0.24,0.17,0.2,0.31,0.08,0.7256321598636346,0.19940188166729556,0.08928232596849256,-0.05326242124722824,3.7437629945835846,0.229,True
1891,0.2,0.17,0.24,0.31,0.08,0.7241051859455114,0.19904808319985046,0.08846951559808326,-0.059170994716237324,3.363946882326603,0.229,True
1892,0.23,0.2,0.16,0.32,0.09,0.7160968193791835,0.1971891226472684,0.08898138709661202,-0.05101289447868007,3.8654760656578717,0.229,True
1893,0.21,0.23,0.14,0.32,0.1,0.7100987986441321,0.1957930264914589,0.08975736601795055,-0.050204267325576035,3.899927972690764,0.229,True
1894,0.21,0.19,0.2,0.32,0.08,0.7071679136018005,0.1951096475822387,0.08577357618552771,-0.04997925680004833,3.903812502911208,0.229,True
1895,0.2,0.19,0.21,0.32,0.08,0.7067949392526502,0.19502262704066187,0.08558095785796191,-0.05144767489501001,3.790698558071813,0.229,True
1896,0.21,0.2,0.19,0.32,0.08,0.7004955632148464,0.19355096831836738,0.08495014158363827,-0.04833817988423417,4.004101287675819,0.229,True
1897,0.19,0.2,0.21,0.32,0.08,0.6997549956459486,0.19337771845958818,0.08457178133070123,-0.050575539569087447,3.82354237062423,0.229,True
1898,0.2,0.23,0.16,0.32,0.09,0.694997916095,0.19226363603689078,0.08577626228185499,-0.04624294331459333,4.157685957161301,0.229,True
1899,0.2,0.21,0.19,0.32,0.08,0.6934801796604633,0.1919077517237906,0.08388826904016675,-0.047148892834250944,4.070249377825914,0.229,True
1900,0.19,0.21,0.2,0.32,0.08,0.6931125681847516,0.19182152086964743,0.0837024657770128,-0.04785132577563456,4.008698144938779,0.229,True
1901,0.2,0.24,0.17,0.31,0.08,0.6775172350711118,0.18815175712814036,0.08249514491687261,-0.04508565808015308,4.173206406206715,0.229,True
1902,0.19,0.26,0.17,0.3,0.08,0.66788357592458,0.1858734661788175,0.08164747900158494,-0.04424226948411847,4.201264273875914,0.229,True
1903,0.18,0.24,0.25,0.27,0.06,0.6628126369402227,0.18467069951780224,0.08043281899372073,-0.052272686775713506,3.5328335103601827,0.229,True
1904,0.22,0.23,0.24,0.26,0.05,0.6595552870038643,0.18389680414009213,0.08059260609249175,-0.047436843899651526,3.876666089529684,0.229,True
1905,0.18,0.25,0.24,0.27,0.06,0.6562136009191017,0.18310181864575714,0.07944852284832998,-0.05007258409191084,3.656727967337659,0.229,True
1906,0.23,0.24,0.22,0.26,0.05,0.6531527857971533,0.18237271326393834,0.08002382266961856,-0.046716373271780465,3.9038285828172916,0.229,True
1907,0.22,0.24,0.23,0.26,0.05,0.6529086778763531,0.18231452648355972,0.0796829058546551,-0.04521674136653897,4.032013828808881,0.229,True
1908,0.35,0.15,0.19,0.16,0.15,0.9083328538895852,0.24030940379905497,0.13163084064579714,-0.08718441305637181,2.7563344796927796,0.2292,True
1909,0.35,0.16,0.19,0.15,0.15,0.9054326347868793,0.2396809019606161,0.13178692730454616,-0.08701424743317965,2.754501808967237,0.2292,True
1910,0.21,0.24,0.25,0.25,0.05,0.6566118626865269,0.18319662102802448,0.08058122770327339,-0.04967554045267608,3.6878636721134144,0.2292,True
1911,0.21,0.25,0.24,0.25,0.05,0.6499820730190768,0.18161647983103735,0.07963695718477172,-0.047460986854442666,3.8266477767947387,0.2292,True
1912,0.25,0.15,0.2,0.31,0.09,0.7544835876598357,0.20604785237935208,0.09438047892214303,-0.05835161889022633,3.5311420025377274,0.22920000000000001,True
1913,0.2,0.15,0.25,0.31,0.09,0.7523178927543248,0.2055515218657571,0.09352526847020516,-0.06594337707952946,3.117091222335436,0.22920000000000001,True
1914,0.3,0.11,0.24,0.24,0.11,0.8420336398496053,0.22577948162963035,0.11222432163081855,-0.07729552769758097,2.920990235204725,0.2294,True
1915,0.26,0.14,0.21,0.3,0.09,0.7656696409656683,0.2086049716401952,0.0964705102090286,-0.06085222085652986,3.428058478457495,0.2294,True
1916,0.21,0.14,0.26,0.3,0.09,0.7634725727271823,0.20810357850297523,0.09557673903567106,-0.06905982228275476,3.0133813210657756,0.2294,True
1917,0.24,0.17,0.18,0.32,0.09,0.7366030361381901,0.20193770675182288,0.0915537006788632,-0.05422660826879899,3.723959753315683,0.2294,True
1918,0.24,0.18,0.17,0.32,0.09,0.7298769241586736,0.20038429433188454,0.09081814704526958,-0.0526111590342746,3.808779316215789,0.2294,True
1919,0.21,0.18,0.21,0.32,0.08,0.7138505098850139,0.1966666544629967,0.08662305273674203,-0.05231582987469008,3.75921886232263,0.2294,True
1920,0.22,0.19,0.19,0.32,0.08,0.7075265310840575,0.19519330649752376,0.08604363365857769,-0.04952201841230219,3.941545856883614,0.2294,True
1921,0.19,0.19,0.22,0.32,0.08,0.7064076451878938,0.19493225207409526,0.08546657382277797,-0.05328314971837467,3.658422092244914,0.2294,True
1922,0.21,0.21,0.18,0.32,0.08,0.6938334623097535,0.19199060969671589,0.08415366371604127,-0.046687024079818285,4.112290587819003,0.2294,True
1923,0.18,0.21,0.21,0.32,0.08,0.6927306650338849,0.19173192438674436,0.08359706448467236,-0.049699396460189615,3.8578320471220637,0.2294,True
1924,0.18,0.24,0.17,0.32,0.09,0.6876055023872529,0.19052822812190784,0.08456045123191856,-0.046367064623037635,4.109128530582961,0.2294,True
1925,0.19,0.22,0.19,0.32,0.08,0.68648036638991,0.19026365239002407,0.08285958086471461,-0.045954119561020246,4.140295890934918,0.2294,True
1926,0.21,0.24,0.24,0.26,0.05,0.6526500711044423,0.18225287743439722,0.07942565564052943,-0.04729097379890679,3.853861800549565,0.2294,True
1927,0.26,0.14,0.19,0.31,0.1,0.7765949071712077,0.2110920697834171,0.0988015261486704,-0.06178557697250919,3.416526641441581,0.22940000000000002,True
1928,0.23,0.16,0.22,0.31,0.08,0.7319980311468788,0.20087460337554397,0.08981789333896263,-0.05638477708715617,3.5625680148569923,0.22940000000000002,True
1929,0.22,0.16,0.23,0.31,0.08,0.7316135445187015,0.20078575626264739,0.08961141859658471,-0.058201325915079205,3.4498484889435552,0.22940000000000002,True
1930,0.18,0.23,0.26,0.27,0.06,0.6694220051246729,0.1862378812320944,0.08144157276588494,-0.05446175463440983,3.419608539648964,0.22940000000000002,True
1931,0.18,0.26,0.23,0.27,0.06,0.6496249006469264,0.1815312314409976,0.07848977072162418,-0.04786136293435039,3.7928554539910837,0.22940000000000002,True
1932,0.29,0.1,0.29,0.17,0.15,0.9345940651521234,0.24597164711815456,0.13277868053539785,-0.10257546602807044,2.3979578805992734,0.2296,True
1933,0.35,0.14,0.19,0.17,0.15,0.9112356779076858,0.24093783275302805,0.13147707974605283,-0.0873540758695256,2.758175051990697,0.2296,True
1934,0.35,0.15,0.19,0.17,0.14,0.889740207209331,0.23626911176660803,0.1273949042722476,-0.08377286303160958,2.820353790194061,0.2296,True
1935,0.3,0.1,0.24,0.24,0.12,0.8637328013902212,0.23057283724568167,0.11624750379624904,-0.08119114116623716,2.8398767886953165,0.2296,True
1936,0.3,0.11,0.23,0.25,0.11,0.8379960001958211,0.2248834163670801,0.11129067965096559,-0.07505391855287114,2.9962914755565064,0.2296,True
1937,0.25,0.13,0.21,0.31,0.1,0.7829385846691705,0.2125315087680122,0.09925157813525597,-0.06378411412998919,3.332044532826503,0.2296,True
1938,0.21,0.13,0.25,0.31,0.1,0.7809984843632247,0.21209164507710154,0.09867914889310526,-0.07098422422365003,2.9878701556118203,0.2296,True
1939,0.27,0.15,0.19,0.3,0.09,0.7592729729329268,0.20714402732049786,0.09609984270941907,-0.05883025293783539,3.521046009089614,0.2296,True
1940,0.22,0.18,0.2,0.32,0.08,0.7142189983234546,0.1967523923274026,0.0868571778649013,-0.05115574270633527,3.846144771211312,0.2296,True
1941,0.2,0.18,0.22,0.32,0.08,0.7134676691350965,0.1965775641624039,0.0864657325976827,-0.05414645939661633,3.630478637993609,0.2296,True
1942,0.22,0.2,0.18,0.32,0.08,0.7008443234414896,0.1936325405599335,0.08525681834585243,-0.047878283441116665,4.044266557677938,0.2296,True
1943,0.18,0.2,0.22,0.32,0.08,0.6993632626062474,0.19328605529610798,0.08450170158393981,-0.05241588493175253,3.68754730646585,0.2296,True
1944,0.2,0.22,0.18,0.32,0.08,0.686838157121944,0.1903477996397358,0.08308222460624441,-0.04549026516766819,4.184363378365705,0.2296,True
1945,0.18,0.22,0.2,0.32,0.08,0.6861082794273248,0.19017613024532198,0.08271806573198752,-0.04715231226601835,4.033230208784009,0.2296,True
1946,0.23,0.22,0.23,0.27,0.05,0.6624851475758233,0.18459293889714234,0.08068694519021352,-0.04537067053126498,4.068552144715145,0.2296,True
1947,0.21,0.23,0.25,0.26,0.05,0.6592869669430621,0.18383301035851085,0.08037497798064898,-0.04950366508744497,3.7135232317401536,0.2296,True
1948,0.23,0.23,0.22,0.27,0.05,0.655821697566926,0.1830085149844567,0.07981268749195744,-0.04620097338106022,3.961139811385009,0.2296,True
1949,0.22,0.23,0.23,0.27,0.05,0.6555783924457437,0.1829505819205921,0.07947350036769416,-0.04504906429953082,4.06114055342316,0.2296,True
1950,0.23,0.25,0.21,0.26,0.05,0.6465069237473975,0.18078652275311757,0.07918283987714732,-0.047544078383489174,3.802503464151701,0.2296,True
1951,0.21,0.25,0.23,0.26,0.05,0.6460236127867565,0.18067100289560445,0.07850289397068957,-0.04506707192657222,4.008935907572866,0.2296,True
1952,0.34,0.12,0.2,0.2,0.14,0.8977964141553552,0.23802301245477175,0.12647246643769122,-0.08470707708659875,2.8099542640508446,0.22960000000000003,True
1953,0.24,0.14,0.2,0.32,0.1,0.7717161852867676,0.20998270981541034,0.09723805191061718,-0.06130980113525841,3.4249452114867847,0.22960000000000003,True
1954,0.2,0.14,0.24,0.32,0.1,0.7698016687285449,0.2095468163829617,0.09669993724761791,-0.06833371655185139,3.0665215790503404,0.22960000000000003,True
1955,0.26,0.16,0.2,0.3,0.08,0.7370848341390119,0.2020488251327064,0.09181128260505338,-0.05535648288969108,3.649957775231661,0.22960000000000003,True
1956,0.2,0.16,0.26,0.3,0.08,0.7347578064464202,0.20151194621002522,0.09055237777367543,-0.06415043163667045,3.141240691120066,0.22960000000000003,True
1957,0.2,0.24,0.14,0.32,0.1,0.7030596044368924,0.1941504169366839,0.08875599972198478,-0.04857532752811,3.996893625150159,0.22960000000000003,True
1958,0.2,0.26,0.16,0.3,0.08,0.6682231870384996,0.1859539307510385,0.08194982382013984,-0.04661053298065776,3.9895259474549425,0.22960000000000003,True
1959,0.3,0.1,0.28,0.17,0.15,0.9353673682710528,0.24613760194074397,0.1328844594766977,-0.10042203407393846,2.451031829922091,0.2298,True
1960,0.33,0.1,0.22,0.2,0.15,0.9255585000688002,0.24402928261103218,0.13090383510145076,-0.09009339450495668,2.7086256872872783,0.2298,True
1961,0.34,0.12,0.21,0.19,0.14,0.9018308377449478,0.23889947372919407,0.12729023096102318,-0.08598443260491961,2.77840379347372,0.2298,True
1962,0.34,0.12,0.19,0.21,0.14,0.8937603028773098,0.23714494058471214,0.12567151889832792,-0.08342609336969597,2.842575158515736,0.2298,True
1963,0.3,0.1,0.25,0.23,0.12,0.8677603272254699,0.2314584198385179,0.11718413517146728,-0.08340582473229519,2.775086998796811,0.2298,True
1964,0.3,0.1,0.23,0.25,0.12,0.8597036634675437,0.229685622520013,0.1153274848951978,-0.07897013835089728,2.908512348040014,0.2298,True
1965,0.27,0.13,0.2,0.3,0.1,0.7878422350654455,0.21364185404572056,0.10083278415407058,-0.06425821243796415,3.324740075083378,0.2298,True
1966,0.25,0.15,0.18,0.32,0.1,0.7653893948341672,0.20854103980011462,0.0967958088161248,-0.05929455022817265,3.5170355285202994,0.2298,True
1967,0.24,0.14,0.22,0.31,0.09,0.7608389619305624,0.2075020127954641,0.09490014688175573,-0.06138345041516435,3.380422758773465,0.2298,True
1968,0.22,0.14,0.24,0.31,0.09,0.7599669859516962,0.20730270507318949,0.094550829058735,-0.06497316099592876,3.1905898050147066,0.2298,True
1969,0.26,0.16,0.18,0.31,0.09,0.7481040360374447,0.20458462355530926,0.0940197884408036,-0.05631264617722209,3.633013851124292,0.2298,True
1970,0.25,0.15,0.22,0.3,0.08,0.7434923501767867,0.20352465796367136,0.0922477424053628,-0.05775548589476176,3.5239017525455605,0.2298,True
1971,0.24,0.16,0.19,0.32,0.09,0.7433393573314726,0.20348946154755865,0.09231501464138553,-0.05583230235019232,3.6446546708969403,0.2298,True
1972,0.22,0.15,0.25,0.3,0.08,0.742320502941572,0.20325501881121566,0.09160815777810133,-0.06317761861386384,3.2171997500173726,0.2298,True
1973,0.19,0.16,0.24,0.32,0.09,0.7412048959207715,0.20299820801918766,0.09150138347479862,-0.06297814246360878,3.223312090166647,0.2298,True
1974,0.24,0.16,0.21,0.31,0.08,0.7323681147704613,0.20096010982454282,0.09009761060478412,-0.054874987288410004,3.6621440797488267,0.2298,True
1975,0.21,0.16,0.24,0.31,0.08,0.7312146920371876,0.20069357558983003,0.08947894835885697,-0.06001513135562986,3.344049593103215,0.2298,True
1976,0.24,0.19,0.16,0.32,0.09,0.7231610249785372,0.19882921742395965,0.09010912273371181,-0.05285509315054138,3.761779718326409,0.2298,True
1977,0.19,0.24,0.16,0.32,0.09,0.6879961394014991,0.19062005891111267,0.08477211822468064,-0.04570443105251587,4.170712872283303,0.2298,True
1978,0.27,0.15,0.21,0.29,0.08,0.7482336759199635,0.20461439347082466,0.09397451132625868,-0.05788383911165562,3.534914003822926,0.22999999999999998,True
1979,0.32,0.13,0.19,0.25,0.11,0.8252059920179768,0.22203626269471788,0.11070014632361826,-0.07102097095225146,3.126347890174529,0.23,True
1980,0.25,0.13,0.19,0.32,0.11,0.7937471325707279,0.21497622264990168,0.10176262162052191,-0.06470466085433468,3.3224225243041365,0.23,True
1981,0.23,0.15,0.21,0.32,0.09,0.7496776752567196,0.20494588747914766,0.09282835195545815,-0.05822676855653719,3.519788107082548,0.23,True
1982,0.21,0.15,0.23,0.32,0.09,0.7488182248198081,0.20474860835493391,0.09249511370733345,-0.061834582591195786,3.311231349430775,0.23,True
1983,0.25,0.17,0.19,0.31,0.08,0.7259778844431457,0.19948195675504654,0.08966979025502517,-0.052810093277235515,3.7773452833690766,0.23,True
1984,0.19,0.17,0.25,0.31,0.08,0.7236876093223246,0.1989512947000145,0.0884544093797244,-0.06098680926679234,3.262202057984112,0.23,True
1985,0.19,0.25,0.17,0.31,0.08,0.6705638589455079,0.18650821284361596,0.08145036501987676,-0.04396991902109393,4.2417229095678195,0.23,True
1986,0.21,0.23,0.24,0.27,0.05,0.6553205785302305,0.18288918799194542,0.0792181502045484,-0.0471213130035697,3.881241339308405,0.23,True
1987,0.23,0.24,0.21,0.27,0.05,0.649168715251522,0.18142233314299538,0.07896669188712427,-0.04702948424061737,3.8576296566380077,0.23,True
1988,0.21,0.24,0.23,0.27,0.05,0.6486870136186602,0.18130732193333965,0.07829025631044566,-0.04489929153287764,4.0380887034838135,0.23,True
1989,0.34,0.11,0.2,0.2,0.15,0.9193000655430088,0.24268034944628503,0.13059961060965364,-0.0882637278354631,2.749491273455816,0.23020000000000004,True
1990,0.33,0.11,0.22,0.21,0.13,0.8854049526587642,0.23532322831391528,0.12252330897086178,-0.083159232117331,2.829790779956855,0.2304,True
1991,0.33,0.11,0.21,0.22,0.13,0.8813630126779102,0.2344400342591022,0.12167213356861475,-0.08187402784196784,2.8634237308028285,0.2304,True
1992,0.27,0.13,0.22,0.29,0.09,0.776897574420556,0.21116082555879045,0.09858309991071158,-0.06333431600737638,3.334066567233427,0.2304,True
1993,0.22,0.13,0.27,0.29,0.09,0.7746689930108752,0.21065438408054526,0.09765359655229543,-0.07215328862738157,2.919539609184268,0.2304,True
1994,0.25,0.14,0.21,0.31,0.09,0.761253406451849,0.20759671939070223,0.09517837608490776,-0.05993415810385405,3.4637463169329608,0.2304,True
1995,0.21,0.14,0.25,0.31,0.09,0.7595095287966478,0.20719811766913776,0.09448099992885238,-0.06676399050303794,3.103441183008821,0.2304,True
1996,0.34,0.11,0.21,0.19,0.15,0.9233247173901282,0.24354815253338313,0.13140770874131075,-0.08952762401974013,2.7203687710921796,0.23040000000000002,True
1997,0.34,0.12,0.22,0.18,0.14,0.9058635702339544,0.23977432961807654,0.12812449475431945,-0.08725817531737068,2.7478723769547373,0.23040000000000002,True
1998,0.34,0.12,0.18,0.22,0.14,0.8897225073229365,0.23626525287641664,0.12488770797238255,-0.08214146597393013,2.876321357003806,0.23040000000000002,True
1999,0.27,0.13,0.18,0.31,0.11,0.798698978534897,0.2160929678615029,0.10333426385731947,-0.06517764242965685,3.315446214470274,0.23040000000000002,True
2000,0.26,0.15,0.19,0.31,0.09,0.7548736260384024,0.20613719733941283,0.09475986996350864,-0.05790727857468825,3.5597804354341926,0.23040000000000002,True
2001,0.3,0.12,0.29,0.15,0.14,0.9151585882039615,0.2417860886642602,0.12981267290117368,-0.0986469154048214,2.4510253328452563,0.2306,True
2002,0.29,0.12,0.3,0.15,0.14,0.9144250587105098,0.24162756475992686,0.1297069150049276,-0.10033995269365437,2.408089283215376,0.2306,True
2003,0.23,0.13,0.22,0.32,0.1,0.7780187089402382,0.21141544143999114,0.09783324083176849,-0.06496682004331755,3.254206397958633,0.2306,True
2004,0.22,0.13,0.23,0.32,0.1,0.7775371595803193,0.21130609202220962,0.0976948759998779,-0.06674932140906886,3.165666520071927,0.2306,True
2005,0.25,0.14,0.19,0.32,0.1,0.7721590751913281,0.21008350140036214,0.09754136967994449,-0.06087041691560102,3.451323517163523,0.2306,True
2006,0.24,0.15,0.2,0.32,0.09,0.7500858841529083,0.20503956553168567,0.09310132513145371,-0.05742832937458331,3.5703557419246867,0.2306,True
2007,0.2,0.15,0.24,0.32,0.09,0.7483670575816159,0.2046450210953683,0.09243612476521305,-0.06363442847299672,3.2159481275487445,0.2306,True
2008,0.26,0.15,0.21,0.3,0.08,0.7438540989506357,0.2036078710532554,0.0926027232939728,-0.056957915362381595,3.5747072159830164,0.2306,True
2009,0.21,0.15,0.26,0.3,0.08,0.7419011440628467,0.2031584959920285,0.09153922316493407,-0.06497956155745743,3.126498411541111,0.2306,True
2010,0.18,0.27,0.17,0.3,0.08,0.6609520308322856,0.18422877253682723,0.08064041971909172,-0.043781483790077624,4.207915232388258,0.2306,True
2011,0.2,0.24,0.24,0.27,0.05,0.6484244299289068,0.18124461794631097,0.07808005472993657,-0.046974882883171976,3.8583303847094648,0.2306,True
2012,0.28,0.1,0.26,0.25,0.11,0.8438135770604478,0.22617408364133373,0.11155000555797033,-0.08106395674450917,2.790069628036674,0.23060000000000003,True
2013,0.28,0.1,0.25,0.26,0.11,0.8397929086484528,0.22528236255894152,0.11056445734017056,-0.07883437374816749,2.8576666731519285,0.23060000000000003,True
2014,0.28,0.11,0.26,0.25,0.1,0.8220951005069621,0.22134174442654797,0.1075693773786542,-0.07715267299158102,2.868879791769509,0.23060000000000003,True
2015,0.28,0.11,0.25,0.26,0.1,0.818066336391432,0.22044113172529345,0.10656771476389193,-0.07490232441627764,2.943047942012699,0.23060000000000003,True
2016,0.26,0.13,0.2,0.31,0.1,0.7833878252675326,0.21263331604938074,0.09955932552105197,-0.06334819717830709,3.3565803846142406,0.23060000000000003,True
2017,0.27,0.14,0.2,0.3,0.09,0.7660658997190763,0.20869535760047908,0.09685220656090356,-0.06041140740373885,3.454568707623967,0.23060000000000003,True
2018,0.25,0.16,0.2,0.31,0.08,0.7327237582381723,0.20104226845423745,0.09044964483245395,-0.05442525079945837,3.6939153334363355,0.23060000000000003,True
2019,0.2,0.16,0.25,0.31,0.08,0.7308015108536139,0.20059806841002348,0.08942107294612131,-0.0618261996187931,3.244547936746356,0.23060000000000003,True
2020,0.23,0.17,0.2,0.32,0.08,0.7212857097618803,0.1983942637174978,0.08797080982813595,-0.05232686739311809,3.7914416360339995,0.23060000000000003,True
2021,0.2,0.17,0.23,0.32,0.08,0.7201506276276322,0.19813084343220444,0.08737490817502087,-0.056828882494410315,3.486446235357392,0.23060000000000003,True
2022,0.23,0.2,0.17,0.32,0.08,0.7011786850945749,0.19371073461925858,0.08564042417426145,-0.04956378267368455,3.9083121620196186,0.23060000000000003,True
2023,0.2,0.23,0.17,0.32,0.08,0.6802063775359488,0.18878616192478703,0.08230431606525129,-0.04449921128054235,4.242460854746326,0.23060000000000003,True
2024,0.2,0.25,0.16,0.31,0.08,0.6709027598995672,0.1865884232580075,0.08175080344574515,-0.04602538053341587,4.054033255032806,0.23060000000000003,True
2025,0.2,0.23,0.26,0.26,0.05,0.6590041897378209,0.18376577190940901,0.08024122560616695,-0.05156642535250522,3.5636709477765116,0.23060000000000003,True
2026,0.2,0.26,0.23,0.26,0.05,0.6391539034691427,0.17902657021904123,0.07735488563673135,-0.04491693932541263,3.9857250495639507,0.23060000000000003,True
2027,0.35,0.15,0.2,0.17,0.13,0.8750473908110208,0.23305748744920818,0.12403141021247632,-0.08162247954268131,2.85531006598911,0.2308,True
2028,0.31,0.11,0.23,0.24,0.11,0.8425458868409417,0.225893069934757,0.1125736584047301,-0.07577968465952856,2.9809185792956865,0.2308,True
2029,0.2,0.23,0.25,0.27,0.05,0.6550482929716765,0.18282434096895384,0.07904772004896915,-0.04918948406723833,3.716736299145701,0.2308,True
2030,0.2,0.25,0.23,0.27,0.05,0.6418109970635482,0.17966315439377145,0.07713897389236996,-0.04474905576739674,4.014903807750741,0.2308,True
2031,0.3,0.12,0.29,0.16,0.13,0.896694134934646,0.2377833309637536,0.1255625842579178,-0.0951804185828713,2.4982379201949128,0.23099999999999998,True
2032,0.3,0.13,0.29,0.16,0.12,0.8752027841863925,0.23309154169359791,0.1215355431459644,-0.0914147325255813,2.5498246863914424,0.23099999999999998,True
2033,0.29,0.13,0.3,0.16,0.12,0.8745707257541546,0.23295301521760625,0.12138803935732362,-0.09313313078638741,2.501290499424028,0.23099999999999998,True
2034,0.31,0.12,0.28,0.14,0.15,0.9342445739654357,0.24589663000203288,0.13425773039920602,-0.10039360541757392,2.449325621679373,0.231,True
2035,0.31,0.14,0.28,0.12,0.15,0.9283833352055209,0.24463718575088067,0.13455318755666437,-0.09989973136622443,2.44882726314909,0.231,True
2036,0.34,0.11,0.22,0.18,0.15,0.9273476361298323,0.24441437279649825,0.13223184287007858,-0.09078796909661557,2.69214495299917,0.231,True
2037,0.31,0.12,0.28,0.15,0.14,0.9158780429285407,0.241941531534259,0.12996755725971898,-0.09695144714115045,2.4954916988708713,0.231,True
2038,0.31,0.15,0.28,0.12,0.14,0.9071407699188307,0.24005114632974656,0.1304195941198449,-0.09619050997935807,2.4955803475962455,0.231,True
2039,0.33,0.1,0.22,0.21,0.14,0.9069975333479627,0.24002010778809413,0.12660836115936253,-0.08673171995681972,2.7673855413865955,0.231,True
2040,0.33,0.1,0.21,0.22,0.14,0.9029649642701361,0.239145634613682,0.12576791155242323,-0.08546010868489184,2.7983305695931042,0.231,True
2041,0.31,0.1,0.24,0.23,0.12,0.868333589027831,0.2315843665550119,0.11747679421990884,-0.08167697281713704,2.8353691201741267,0.231,True
2042,0.28,0.09,0.26,0.25,0.12,0.8654324582853106,0.230946717576354,0.11563598832244225,-0.08492295398727356,2.719485212572367,0.231,True
2043,0.31,0.1,0.23,0.24,0.12,0.8642952808593081,0.23069659326482417,0.1165650233109223,-0.07945821126643682,2.9033700807995726,0.231,True
2044,0.28,0.09,0.25,0.26,0.12,0.8614203421223658,0.2300637910868486,0.11466674208090102,-0.08271378420176112,2.781444390522156,0.231,True
2045,0.28,0.1,0.27,0.24,0.11,0.8478326737077373,0.22706416134249552,0.11255182408505914,-0.08328717216092096,2.7262801155474445,0.231,True
2046,0.28,0.1,0.24,0.27,0.11,0.8357706718838622,0.2243889926091207,0.10959561361940352,-0.07659839577628647,2.9294215673193986,0.231,True
2047,0.28,0.11,0.27,0.24,0.1,0.8261223348646196,0.22224068919735807,0.10858770860421121,-0.07939655120433886,2.799122705284623,0.231,True
2048,0.28,0.11,0.24,0.27,0.1,0.8140360459301275,0.21953884544018476,0.10558319142212673,-0.07264547745147931,3.022057988218428,0.231,True
2049,0.24,0.13,0.21,0.32,0.1,0.7784859671615632,0.21152152677602043,0.09803869330546842,-0.06318166174271056,3.347831015230052,0.231,True
2050,0.21,0.13,0.24,0.32,0.1,0.7770413562330787,0.21119348519405823,0.09762413027333855,-0.06854872965193326,3.080924858366095,0.231,True
2051,0.27,0.14,0.18,0.31,0.1,0.7770197036733706,0.21118856698856492,0.09920526103330166,-0.06134653462232065,3.4425508839047763,0.231,True
2052,0.26,0.13,0.22,0.3,0.09,0.7724627751801321,0.21015260684617365,0.09727913525139724,-0.06272687991877468,3.3502799297255215,0.231,True
2053,0.22,0.13,0.26,0.3,0.09,0.7706937345704648,0.20974995930752494,0.09655193140580848,-0.0698704433160009,3.0019840915978633,0.231,True
2054,0.25,0.16,0.18,0.32,0.09,0.74372320330285,0.2035777624494004,0.09269169841726181,-0.055384394617300936,3.67572425149894,0.231,True
2055,0.24,0.15,0.22,0.31,0.08,0.7391143395613533,0.2025166700214418,0.09093757664923285,-0.05723458270414494,3.538361956236915,0.231,True
2056,0.22,0.15,0.24,0.31,0.08,0.7383399177982932,0.20233819202953374,0.09051946788636192,-0.06085545303495454,3.324898294871183,0.231,True
2057,0.18,0.25,0.16,0.32,0.09,0.6810099348569063,0.18897560049889983,0.08380262565120884,-0.045248484841488135,4.176396207760507,0.231,True
2058,0.19,0.27,0.16,0.3,0.08,0.6612961659863228,0.18431053561496102,0.08089896591378301,-0.044979636655230304,4.097643941139509,0.231,True
2059,0.34,0.12,0.21,0.2,0.13,0.8831056833982767,0.2348209758062496,0.12309300437458404,-0.08257137974099016,2.8438543299486563,0.23100000000000004,True
2060,0.34,0.12,0.2,0.21,0.13,0.8790574318785169,0.23393568089103334,0.12226595025412793,-0.08128248975534014,2.878057520078168,0.23100000000000004,True
2061,0.3,0.11,0.29,0.15,0.15,0.9364086932799205,0.24636100580068532,0.13397929898718922,-0.10232117425492415,2.407722620411868,0.2312,True
2062,0.29,0.11,0.3,0.15,0.15,0.9356242491652329,0.24619272011781468,0.13389271006595663,-0.10454945320360276,2.354796821733458,0.2312,True
2063,0.29,0.1,0.25,0.25,0.11,0.8443539786063254,0.22629383734343933,0.11178484592763657,-0.07932438589238477,2.8527650708880405,0.2312,True
2064,0.29,0.11,0.25,0.25,0.1,0.8225856278976127,0.2214513089922876,0.10783432072841584,-0.07539842934720631,2.9370811953192617,0.2312,True
2065,0.3,0.11,0.29,0.16,0.14,0.9180766407812078,0.2424163118315814,0.12966777879658567,-0.09889641497762935,2.451214352779286,0.2314,True
2066,0.29,0.11,0.3,0.16,0.14,0.917343504687889,0.2422580337393463,0.12956312605642575,-0.1005867987455974,2.4084475971052783,0.2314,True
2067,0.29,0.1,0.26,0.24,0.11,0.8483838207634533,0.2271861188706683,0.11276121588258393,-0.08155171039959308,2.7857922017513186,0.2314,True
2068,0.29,0.1,0.24,0.26,0.11,0.8403225642654368,0.22539990611302274,0.1108251508001953,-0.07709067736523623,2.9238283255073076,0.2314,True
2069,0.29,0.11,0.24,0.26,0.1,0.8185461329631163,0.22054845791637256,0.10685990996351306,-0.07314389075266048,3.015268338160566,0.2314,True
2070,0.23,0.14,0.22,0.32,0.09,0.756424425800613,0.20649230362506943,0.09367182618192374,-0.06086837497635589,3.3924398951882755,0.2314,True
2071,0.22,0.14,0.23,0.32,0.09,0.7559918865411472,0.2063932806550488,0.09350191716526496,-0.06266624851096458,3.29353177442777,0.2314,True
2072,0.27,0.14,0.22,0.29,0.08,0.7550263552000576,0.20617217895818474,0.09477665994537854,-0.05947170604002616,3.466727166350751,0.2314,True
2073,0.23,0.16,0.21,0.32,0.08,0.7280085883507932,0.19995208300683798,0.08880002937362466,-0.054040307295764034,3.7000545150954625,0.2314,True
2074,0.21,0.16,0.23,0.32,0.08,0.7272464257977855,0.19977567871238144,0.08839654312873375,-0.057679580820850784,3.463542485387894,0.2314,True
2075,0.21,0.23,0.16,0.32,0.08,0.6805400232876253,0.18886482621608636,0.08264529250229824,-0.04706554099082616,4.01280474504477,0.2314,True
2076,0.34,0.11,0.21,0.2,0.14,0.9047292727710907,0.23952838141699195,0.1271422486821506,-0.08615563102247192,2.7801825437795924,0.23140000000000002,True
2077,0.34,0.11,0.2,0.21,0.14,0.9006903567463638,0.23865183489557817,0.126324743218156,-0.08488040517589668,2.8116245958183486,0.23140000000000002,True
2078,0.31,0.12,0.28,0.16,0.13,0.8973624473033541,0.2379286610362612,0.1257386823126391,-0.09347367865786971,2.5454081240037896,0.23140000000000002,True
2079,0.34,0.12,0.22,0.19,0.13,0.8871522833020837,0.23570464228554888,0.12393704322646641,-0.08385660531922556,2.810805915506212,0.23140000000000002,True
2080,0.34,0.12,0.19,0.22,0.13,0.8750075321549329,0.2330487521763438,0.12145622428503583,-0.07998991966808255,2.9134765123327724,0.23140000000000002,True
2081,0.28,0.09,0.27,0.24,0.12,0.8694429606767196,0.23182802447430828,0.11662112370957788,-0.08712585660377792,2.660840690824908,0.23140000000000002,True
2082,0.28,0.09,0.24,0.27,0.12,0.8574066155999922,0.22917923968025677,0.11371378564884344,-0.08049832046437932,2.847006476137214,0.23140000000000002,True
2083,0.32,0.13,0.18,0.26,0.11,0.8211512184963141,0.22113086289110528,0.10987552940881393,-0.07002266120998102,3.157989985955937,0.23140000000000002,True
2084,0.26,0.13,0.18,0.32,0.11,0.7942250666963897,0.21508409638057913,0.10209318125574689,-0.06427048277000846,3.3465455230864887,0.23140000000000002,True
2085,0.26,0.14,0.2,0.31,0.09,0.7616534391259988,0.2076881185777839,0.09552458182300957,-0.05949233901767759,3.4910061027533534,0.23140000000000002,True
2086,0.24,0.17,0.19,0.32,0.08,0.7216352758910975,0.19847536474824046,0.08831945305625741,-0.05187349898869886,3.826141837694045,0.23140000000000002,True
2087,0.19,0.17,0.24,0.32,0.08,0.7197435961715792,0.19803635477522308,0.08732886867918557,-0.058649162585423964,3.3766271511000383,0.23140000000000002,True
2088,0.24,0.19,0.17,0.32,0.08,0.7082005468428443,0.1953505103815567,0.0868119313994195,-0.051403191956129635,3.8003575837912904,0.23140000000000002,True
2089,0.19,0.24,0.17,0.32,0.08,0.6732466541417412,0.18714287484233227,0.08125699755656242,-0.043698131284478636,4.282628783917918,0.23140000000000002,True
2090,0.18,0.26,0.17,0.31,0.08,0.6636259758308984,0.1848637783823861,0.08044070511506901,-0.043509191425428195,4.248844263153686,0.23140000000000002,True
2091,0.35,0.12,0.19,0.19,0.15,0.9170491450687301,0.24219447254940296,0.13117652720365316,-0.08769190195376042,2.7618795710134227,0.23159999999999997,True
2092,0.29,0.09,0.25,0.25,0.12,0.8660230125412041,0.23107657098987655,0.11584299660329064,-0.08319782166299139,2.7774353507222362,0.2316,True
2093,0.25,0.15,0.19,0.32,0.09,0.7504796992992098,0.2051299266201383,0.09344410046239886,-0.056982973190915276,3.5998459738643804,0.2316,True
2094,0.25,0.15,0.21,0.31,0.08,0.7394799156178253,0.202600904511681,0.09125478839734928,-0.05603065305886534,3.615894041049819,0.2316,True
2095,0.21,0.15,0.25,0.31,0.08,0.7379311463942477,0.20224396268606082,0.09042007377000742,-0.06266179931681237,3.22754796209304,0.2316,True
2096,0.19,0.25,0.15,0.32,0.09,0.6813907533337078,0.1890653573376342,0.08405079074091555,-0.04536439267543113,4.167703923434865,0.2316,True
2097,0.19,0.24,0.25,0.27,0.05,0.6481474071919746,0.18117845875024519,0.07795658085954754,-0.04904638372495329,3.694022779870459,0.2316,True
2098,0.19,0.25,0.24,0.27,0.05,0.6415436579394522,0.17959913661190274,0.07697567505669699,-0.04682800054438596,3.8352937243534355,0.2316,True
2099,0.31,0.11,0.28,0.15,0.15,0.9371791235303448,0.24652624087188668,0.1341134231764821,-0.10063946350253272,2.4495981227650576,0.23160000000000003,True
2100,0.35,0.12,0.2,0.18,0.15,0.9210801761171648,0.2430643297695796,0.131962574291004,-0.08895937395737807,2.732307107804466,0.23179999999999998,True
2101,0.35,0.12,0.18,0.2,0.15,0.9130163864281762,0.2413230213693598,0.13040702083692848,-0.0864208458651693,2.7924167942751144,0.23179999999999998,True
2102,0.31,0.11,0.28,0.16,0.14,0.9187956921624563,0.24257150997288823,0.1298215827065652,-0.0972036075980851,2.4954990454250057,0.2318,True
2103,0.28,0.11,0.31,0.16,0.14,0.9165963210337604,0.24209668136899487,0.12950793225145374,-0.1026925502835625,2.357490204503628,0.2318,True
2104,0.29,0.09,0.26,0.24,0.12,0.8700442755523874,0.2319600545632814,0.11680393568308628,-0.0854047706971428,2.7160081652328767,0.2318,True
2105,0.29,0.09,0.24,0.26,0.12,0.8620001353394369,0.23019146168370686,0.11489831212633207,-0.08098458938140818,2.8424106788958103,0.2318,True
2106,0.25,0.13,0.2,0.32,0.1,0.7789388970930275,0.21162434131120245,0.09831057403878904,-0.06243688251535284,3.389412359900662,0.2318,True
2107,0.2,0.13,0.25,0.32,0.1,0.7765313360497894,0.21107762757954562,0.09762140270037677,-0.07114552183774048,2.966843479775779,0.2318,True
2108,0.24,0.14,0.21,0.32,0.09,0.7568426130168797,0.2065880254661372,0.09391187536720795,-0.05906780307209314,3.4974726453596627,0.2318,True
2109,0.21,0.14,0.24,0.32,0.09,0.7555450323897419,0.20629096343806852,0.09340278209200192,-0.06446142973711633,3.2002232075731945,0.2318,True
2110,0.27,0.15,0.2,0.3,0.08,0.7442013523200823,0.20368773893818104,0.09302698947341602,-0.056511095450095916,3.604384896733325,0.2318,True
2111,0.26,0.16,0.19,0.31,0.08,0.7330649243987406,0.20112107205741636,0.09087291673052743,-0.05397483253564006,3.726200946054151,0.2318,True
2112,0.19,0.26,0.16,0.31,0.08,0.6639694039324129,0.18494528602725913,0.08069723359207114,-0.044392229889752555,4.166163458933421,0.2318,True
2113,0.34,0.11,0.22,0.19,0.14,0.9087664951730352,0.24040332276542675,0.1279762491398104,-0.0874272554004506,2.7497525990526257,0.23180000000000003,True
2114,0.34,0.11,0.19,0.22,0.14,0.8966497505109761,0.23777367799340765,0.12552405065463482,-0.08360156253901918,2.844129592463443,0.23180000000000003,True
2115,0.3,0.11,0.29,0.17,0.13,0.8995951569465479,0.23841393494675178,0.12541584028254055,-0.09543630310085216,2.49814721652418,0.23199999999999998,True
2116,0.29,0.11,0.3,0.17,0.13,0.8989131348506187,0.23826573949298968,0.12529170994901787,-0.09713789492890457,2.452860849695959,0.23199999999999998,True
2117,0.27,0.13,0.21,0.3,0.09,0.772869053349764,0.21024504111111697,0.0976283517133798,-0.06198310599068213,3.391973308706455,0.23199999999999998,True
2118,0.21,0.13,0.27,0.3,0.09,0.7702156781916205,0.20964110389046264,0.09654063432608756,-0.0716496876377204,2.9259179042128283,0.23199999999999998,True
2119,0.33,0.09,0.22,0.21,0.15,0.928479697975773,0.2446579124963839,0.13076339407565118,-0.0902570817386753,2.7106782956350295,0.232,True
2120,0.29,0.1,0.23,0.27,0.11,0.8362895811529156,0.22450431965506468,0.109882563273576,-0.07485055733166901,2.999367374918365,0.232,True
2121,0.29,0.11,0.23,0.27,0.1,0.8145051112638209,0.21964392670720279,0.10590308531110662,-0.07088283686263297,3.0986898440995048,0.232,True
2122,0.27,0.13,0.19,0.31,0.1,0.7838226777720962,0.21273184640385856,0.09993144832493614,-0.06291162995854516,3.381439116170342,0.232,True
2123,0.26,0.14,0.18,0.32,0.1,0.7725875950993482,0.21018100671864182,0.09791068472408819,-0.060430374823570165,3.478068890558381,0.232,True
2124,0.25,0.13,0.22,0.31,0.09,0.7680334310443193,0.20914394807507675,0.09599966226493185,-0.06221428960185538,3.361670597116962,0.232,True
2125,0.22,0.13,0.25,0.31,0.09,0.7667170138881934,0.20884384629717,0.0954672287984278,-0.06758093182073055,3.090277696246663,0.232,True
2126,0.27,0.15,0.18,0.31,0.09,0.7552492108631805,0.20622321895350337,0.09520658140491345,-0.05746226883034877,3.588845744367586,0.232,True
2127,0.26,0.14,0.22,0.3,0.08,0.7506336511047942,0.20516524725630703,0.09341853302815291,-0.05859966927469584,3.5011331940212886,0.232,True
2128,0.22,0.14,0.26,0.3,0.08,0.7490602515905573,0.20480416996262085,0.09255691036988041,-0.0658049610798056,3.1122907240115625,0.232,True
2129,0.24,0.16,0.2,0.32,0.08,0.7283680619481101,0.20003526600306176,0.08911302933089604,-0.05349266742352188,3.7394894597292403,0.232,True
2130,0.2,0.16,0.24,0.32,0.08,0.7268438111446403,0.19968247166519348,0.08830759300374928,-0.05949509252546781,3.3562847486911003,0.232,True
2131,0.2,0.24,0.16,0.32,0.08,0.6735848444880979,0.1872228315018516,0.08155550875068032,-0.04543986818293322,4.120232716083686,0.232,True
2132,0.19,0.23,0.27,0.26,0.05,0.6587069925394038,0.18369509645403848,0.08019204455195704,-0.05362513665153479,3.4255408549859796,0.232,True
2133,0.19,0.23,0.26,0.27,0.05,0.6547615729213412,0.1827560485649684,0.07896303782310157,-0.05125358951429293,3.5657219386361962,0.232,True
2134,0.19,0.26,0.23,0.27,0.05,0.6349503287493992,0.17801807472643372,0.07602148612109642,-0.044598354852832034,3.9915838894476487,0.232,True
2135,0.3,0.1,0.29,0.16,0.15,0.9393462257295402,0.24699078696674204,0.1338383217632302,-0.10256369877452887,2.408169653765264,0.2322,True
2136,0.29,0.1,0.3,0.16,0.15,0.9385621329734937,0.24682274662619785,0.13375280602592654,-0.10485414722170072,2.353962653516438,0.2322,True
2137,0.3,0.1,0.24,0.25,0.11,0.8448800376116923,0.22641039024988419,0.11207664251966827,-0.07758226935521384,2.9183264698439566,0.2322,True
2138,0.3,0.11,0.24,0.25,0.1,0.8230617518431351,0.22155763759189884,0.10815831971420437,-0.07364160112849671,3.0085934335580844,0.2322,True
2139,0.34,0.1,0.21,0.2,0.15,0.9262428816468351,0.24417661574127614,0.13126392734344705,-0.0896924978396273,2.7223750215750573,0.23220000000000002,True
2140,0.34,0.1,0.2,0.21,0.15,0.922213757662657,0.24330872635796585,0.1304561363653222,-0.08843068857907899,2.751405991149639,0.23220000000000002,True
2141,0.29,0.09,0.27,0.23,0.12,0.8740639209608678,0.23284191773262797,0.11778073691091821,-0.08760546320263418,2.6578470020078235,0.2324,True
2142,0.29,0.09,0.23,0.27,0.12,0.8579756473591984,0.22930472128252677,0.11397028139983402,-0.07876504698126074,2.9112497239680617,0.2324,True
2143,0.32,0.11,0.23,0.23,0.11,0.8471013454509178,0.22690229596517053,0.11387669319111282,-0.0766663683176485,2.959606682098934,0.2324,True
2144,0.31,0.11,0.28,0.17,0.13,0.9002630234825972,0.23855902018743458,0.12559082436417718,-0.09373225899044668,2.5451111789778675,0.23240000000000002,True
2145,0.28,0.11,0.31,0.17,0.13,0.898216994346051,0.23811443967105106,0.12521877563619538,-0.09883703976440306,2.409161992696688,0.23240000000000002,True
2146,0.3,0.1,0.29,0.17,0.14,0.9209973080794078,0.24304645991225637,0.12952523904195196,-0.09914518564741492,2.4514196864443862,0.2326,True
2147,0.29,0.1,0.3,0.17,0.14,0.9202645658340596,0.24288842729250626,0.12942169633322573,-0.10083292416216261,2.408820623925233,0.2326,True
2148,0.35,0.12,0.19,0.2,0.14,0.8984049954187419,0.23815530364421833,0.12693433367058948,-0.08429814421547033,2.825154763021607,0.2326,True
2149,0.33,0.1,0.22,0.22,0.13,0.8882892000389879,0.23595268636109346,0.12237673270442492,-0.08333512305210244,2.8313714280300766,0.2326,True
2150,0.3,0.09,0.25,0.24,0.12,0.8706313232907601,0.23208892472766518,0.11704133510855907,-0.08368118656925017,2.7734898875459963,0.2326,True
2151,0.32,0.1,0.23,0.23,0.12,0.8688925193335537,0.23170713980902136,0.11782288755525086,-0.08031706244397463,2.8849055575289406,0.2326,True
2152,0.3,0.09,0.24,0.25,0.12,0.8665992851611861,0.23120325768897976,0.11610494003664763,-0.08147018168179154,2.8378880826855126,0.2326,True
2153,0.3,0.1,0.23,0.26,0.11,0.8408378628432986,0.22551424184356095,0.11114315469134732,-0.07534442560037702,2.9931111697589543,0.2326,True
2154,0.3,0.11,0.23,0.26,0.1,0.8190115115910728,0.22065254090693265,0.10721153375760252,-0.07138286260063897,3.0911136492438382,0.2326,True
2155,0.23,0.15,0.22,0.32,0.08,0.7347417294802434,0.20150823535187912,0.0896540364542155,-0.0567129264983226,3.553127087487526,0.2326,True
2156,0.22,0.15,0.23,0.32,0.08,0.7343579217664471,0.20141963869570922,0.0894493728902527,-0.05852642885497006,3.441515955036862,0.2326,True
2157,0.25,0.17,0.18,0.32,0.08,0.7219703828104227,0.19855310086564582,0.08874136941540053,-0.052405006275123456,3.788819331940402,0.2326,True
2158,0.18,0.25,0.17,0.32,0.08,0.6663024302585125,0.18549869906436012,0.08024478824450788,-0.043237462532128124,4.290230929405792,0.2326,True
2159,0.31,0.1,0.28,0.16,0.15,0.9401162946780948,0.24715577775495068,0.13397139387897958,-0.10088460647799569,2.449885927927555,0.23260000000000003,True
2160,0.28,0.1,0.31,0.16,0.15,0.937764053561269,0.2466516622369539,0.1337151245576123,-0.10727978434093721,2.299143904438605,0.23260000000000003,True
2161,0.34,0.1,0.22,0.19,0.15,0.930270270001401,0.2450429225049544,0.13208775001669215,-0.09095076704498128,2.6942370082900364,0.23260000000000003,True
2162,0.25,0.14,0.2,0.32,0.09,0.7572464110386705,0.2066804392467605,0.09422128574892141,-0.058571949224545894,3.528659059209633,0.23260000000000003,True
2163,0.2,0.14,0.25,0.32,0.09,0.755083900497691,0.2061853588069933,0.0933749035152693,-0.06625392469786529,3.1120474711083284,0.23260000000000003,True
2164,0.26,0.15,0.2,0.31,0.08,0.7398310189225548,0.20268179314063373,0.09164284291590968,-0.05558280921743475,3.6464834360523506,0.23260000000000003,True
2165,0.2,0.15,0.26,0.31,0.08,0.7375080508435377,0.20214641579844073,0.09039451270314841,-0.06446542787882459,3.135733717278889,0.23260000000000003,True
2166,0.34,0.11,0.21,0.21,0.13,0.885986828311577,0.23545026850636086,0.12294290020086383,-0.08274853108582181,2.845370974164677,0.2328,True
2167,0.26,0.13,0.21,0.31,0.09,0.7684434717145965,0.20923739404250608,0.09631321206757752,-0.061067913433340504,3.4263065868609046,0.2328,True
2168,0.21,0.13,0.26,0.31,0.09,0.7662495669586256,0.20873724720516562,0.09542789968712384,-0.06936447866567141,3.009281569191264,0.2328,True
2169,0.27,0.14,0.19,0.31,0.09,0.7620390228017462,0.20777620337133307,0.09593779949038944,-0.05904985630035986,3.518657222711427,0.2328,True
2170,0.18,0.25,0.25,0.27,0.05,0.6412619123640464,0.1795316614967264,0.07690088078373368,-0.048902841883744386,3.6711907648132787,0.2328,True
2171,0.35,0.12,0.18,0.21,0.14,0.8943580423089623,0.2372750598070108,0.1261569889774578,-0.08301564913666049,2.8581967650028037,0.23299999999999998,True
2172,0.24,0.15,0.21,0.32,0.08,0.7351111242462316,0.2015934926385794,0.08993203428698089,-0.05510204929640106,3.658548007065616,0.23299999999999998,True
2173,0.21,0.15,0.24,0.32,0.08,0.7339597382561038,0.20132770977050973,0.08931880347806817,-0.06033719664173354,3.336709707710501,0.23299999999999998,True
2174,0.21,0.24,0.15,0.32,0.08,0.6739086923418127,0.187299387140756,0.0819352761517075,-0.047999557208607935,3.9021065616656756,0.23299999999999998,True
2175,0.3,0.09,0.26,0.23,0.12,0.8746617433985748,0.23297296521893318,0.11799394651439962,-0.08588591888733765,2.712586279999397,0.233,True
2176,0.3,0.09,0.23,0.26,0.12,0.8625656324219824,0.2303159587374537,0.11518515183898038,-0.07925287741818499,2.9060895482970377,0.233,True
2177,0.26,0.13,0.19,0.32,0.1,0.7793774615833509,0.21172387827838324,0.09864810145045191,-0.061999323176646026,3.414938541750656,0.233,True
2178,0.27,0.14,0.21,0.3,0.08,0.7509908667390515,0.2052471940406142,0.09380839289632566,-0.05810543536079482,3.5323234868850077,0.233,True
2179,0.26,0.15,0.18,0.32,0.09,0.750859083544364,0.20521696371346398,0.09385567721826815,-0.05653694556381128,3.6297851195700472,0.233,True
2180,0.25,0.14,0.22,0.31,0.08,0.746246352996498,0.20415787186796486,0.09208442372074364,-0.058080550630198347,3.5150815488621627,0.233,True
2181,0.22,0.14,0.25,0.31,0.08,0.745076529975236,0.20388898179654036,0.09145003785888177,-0.06349363398067043,3.211172034327267,0.233,True
2182,0.25,0.16,0.19,0.32,0.08,0.7287130808909439,0.200115093311807,0.08949889312929184,-0.05304121473208667,3.772822593196563,0.233,True
2183,0.19,0.16,0.25,0.32,0.08,0.7264268904420905,0.1995859374333706,0.08829456234047894,-0.061307862497525956,3.255470494366441,0.233,True
2184,0.18,0.26,0.15,0.32,0.09,0.6744245230218551,0.1874213059488341,0.08307376109854331,-0.04412427107754735,4.247578517941875,0.233,True
2185,0.19,0.25,0.16,0.32,0.08,0.6666451508596398,0.18557995168169494,0.08049927902133698,-0.043804460752784546,4.236553732028263,0.233,True
2186,0.18,0.24,0.26,0.27,0.05,0.6478559825591279,0.18110885205790295,0.07792053353958404,-0.05111380613848604,3.543247230840385,0.233,True
2187,0.18,0.26,0.24,0.27,0.05,0.63467824853086,0.17795273939107226,0.07590686808125302,-0.04668066388910175,3.8121295749741426,0.233,True
2188,0.31,0.1,0.28,0.17,0.14,0.9217159556694743,0.2432014136632612,0.12967795694260426,-0.09745503085099427,2.495524464356372,0.23300000000000004,True
2189,0.28,0.1,0.31,0.17,0.14,0.9195177660846963,0.24272732147432552,0.12936763592232117,-0.10300147568187379,2.3565421744442125,0.23300000000000004,True
2190,0.34,0.11,0.22,0.2,0.13,0.8900379405258776,0.23633401931584097,0.12378671552898106,-0.08403160186264347,2.8124421536334423,0.23300000000000004,True
2191,0.34,0.11,0.2,0.22,0.13,0.8819340619591252,0.23456488948242038,0.1221160653090424,-0.08146180747841603,2.8794461692317626,0.23300000000000004,True
2192,0.35,0.11,0.2,0.19,0.15,0.9239952987707372,0.24369262686120274,0.131815492113418,-0.08912544319825622,2.734265526389783,0.2332,True
2193,0.35,0.11,0.19,0.2,0.15,0.9199597904010053,0.24282268366184412,0.13102973140754579,-0.08786006963617654,2.763743355398633,0.2332,True
2194,0.33,0.09,0.22,0.22,0.14,0.9099016417356012,0.24064910791822114,0.12646620285865484,-0.08690119333531787,2.7692267353527575,0.2334,True
2195,0.24,0.13,0.22,0.32,0.09,0.76360954033779,0.2081348480627121,0.09474591723637085,-0.061700965055641155,3.3732835114494355,0.2334,True
2196,0.22,0.13,0.24,0.32,0.09,0.7627388343761696,0.20793603923990234,0.09440007031532588,-0.06528472489978476,3.1850641870528564,0.2334,True
2197,0.34,0.1,0.21,0.21,0.14,0.9076303123288814,0.24015721562411985,0.12699665303582508,-0.08632632502256155,2.7819696432270726,0.23340000000000002,True
2198,0.18,0.27,0.16,0.31,0.08,0.657051512605308,0.18330125781651185,0.0796789379418886,-0.042749273512053376,4.287821587537134,0.23340000000000002,True
2199,0.35,0.11,0.18,0.21,0.15,0.9159225519169358,0.24195114671209295,0.13026050748343423,-0.0865911231934896,2.794179562395192,0.23359999999999997,True
2200,0.3,0.09,0.29,0.17,0.15,0.9422863813044924,0.24762049395072538,0.1336996251446342,-0.10280551940570937,2.4086303476909783,0.2336,True
2201,0.29,0.09,0.3,0.17,0.15,0.9415026403549605,0.24745269861872732,0.13361518695263117,-0.10515791354003601,2.353153369903221,0.2336,True
2202,0.31,0.1,0.23,0.25,0.11,0.8453917169252607,0.22652373595501674,0.11242475436135405,-0.07596845082645043,2.981813285524397,0.2336,True
2203,0.31,0.11,0.23,0.25,0.1,0.8235234351922573,0.22166072361945877,0.10854064601890454,-0.07226636415207122,3.06727377557026,0.2336,True
2204,0.18,0.27,0.23,0.27,0.05,0.628104994645196,0.176372078321688,0.07493969568926524,-0.04444718662559077,3.9681269324736195,0.2336,True
2205,0.34,0.1,0.22,0.2,0.14,0.9116720267432437,0.24103224236688248,0.1278303755685032,-0.08759583800994519,2.7516403500759576,0.23360000000000003,True
2206,0.34,0.1,0.2,0.22,0.14,0.9035869017695308,0.23928058392113227,0.12617942118541584,-0.08505322185076558,2.8133041725447403,0.23360000000000003,True
2207,0.28,0.1,0.26,0.26,0.1,0.8249250207397616,0.22197356723459127,0.10742154614129781,-0.07744071728455015,2.866367655389424,0.23360000000000003,True
2208,0.35,0.12,0.2,0.2,0.13,0.8836737116320461,0.23494509393803042,0.12356329938929869,-0.08215934146398118,2.859627277331949,0.2338,True
2209,0.31,0.09,0.24,0.24,0.12,0.8712040667405527,0.23221462879485255,0.11733279553123813,-0.08195509877675933,2.8334372389372744,0.2338,True
2210,0.28,0.1,0.27,0.25,0.1,0.8289567955199144,0.22287259505672274,0.10843976806445611,-0.07968082137781807,2.797066988051495,0.2338,True
2211,0.28,0.1,0.25,0.27,0.1,0.8208917136795171,0.2210728717139363,0.1064199848958002,-0.07519416341380603,2.940027013763494,0.2338,True
2212,0.26,0.14,0.19,0.32,0.09,0.7576357827147258,0.20676953798559716,0.09459914066612804,-0.05812845644474607,3.557113858375746,0.2338,True
2213,0.26,0.14,0.21,0.31,0.08,0.7466074071459472,0.2042408378380136,0.09243784059043036,-0.05718109595319887,3.571824471590734,0.2338,True
2214,0.21,0.14,0.26,0.31,0.08,0.7446578259480778,0.20379271123348297,0.09138299896764951,-0.06529257785414988,3.1212232374821185,0.2338,True
2215,0.25,0.15,0.2,0.32,0.08,0.7354660689131485,0.2016754034039996,0.09028244209200732,-0.054653179028950616,3.690094647507496,0.2338,True
2216,0.2,0.15,0.25,0.32,0.08,0.7335472161005028,0.2012324556257319,0.08926291560906406,-0.062145236039115925,3.2380994658877897,0.2338,True
2217,0.2,0.25,0.15,0.32,0.08,0.6669735615639942,0.18565780123976405,0.08083677530807751,-0.04637845674471397,4.00310433487903,0.2338,True
2218,0.28,0.09,0.26,0.26,0.11,0.8466636646330996,0.22680540333431787,0.11140761672734713,-0.08134423876334751,2.7882171716445265,0.23380000000000004,True
2219,0.28,0.11,0.26,0.26,0.09,0.8030907005048606,0.21708167947003365,0.10356111899183351,-0.0734840256847954,2.954134282206998,0.23380000000000004,True
2220,0.35,0.12,0.19,0.21,0.13,0.8796146265258105,0.23405760684092014,0.12276073800264489,-0.08086892418313463,2.894283672067611,0.23399999999999999,True
2221,0.25,0.13,0.21,0.32,0.09,0.7640233349356376,0.20822930709504317,0.09502251929192793,-0.06015140898169613,3.4617527772027192,0.23399999999999999,True
2222,0.21,0.13,0.25,0.32,0.09,0.7622819973149362,0.20783170316569954,0.09433208077112346,-0.0670725918390298,3.0986084996459233,0.23399999999999999,True
2223,0.31,0.09,0.28,0.17,0.15,0.9430560885033672,0.24778524078855457,0.13383164020354013,-0.10112903745941149,2.450188857854047,0.234,True
2224,0.28,0.09,0.31,0.17,0.15,0.9407049028060146,0.24728186029379695,0.13357860289728576,-0.10757939292024532,2.2985987704645345,0.234,True
2225,0.31,0.09,0.25,0.23,0.12,0.875245276046327,0.23310085339863607,0.11826089567062836,-0.08416388032130562,2.7696067779758473,0.234,True
2226,0.31,0.09,0.23,0.25,0.12,0.8671612389939867,0.23132677146143177,0.11642125241376775,-0.07974002857199003,2.901011895833318,0.234,True
2227,0.28,0.09,0.27,0.25,0.11,0.8506872814048136,0.22769556515930178,0.1124092354800229,-0.08356374718917303,2.7248127665199204,0.234,True
2228,0.28,0.09,0.25,0.27,0.11,0.8426384735744683,0.22591359835054448,0.1104222613110646,-0.07911838285882877,2.855386955439205,0.234,True
2229,0.28,0.11,0.27,0.25,0.09,0.8071301767479473,0.21798967311309725,0.10459547281238368,-0.07574508241883526,2.877938291857882,0.234,True
2230,0.28,0.11,0.25,0.27,0.09,0.7990497339885059,0.21617199279897203,0.1025438441781648,-0.07121641444424132,3.0354237079461965,0.234,True
2231,0.27,0.13,0.2,0.31,0.09,0.7688390679418848,0.20932753451159036,0.09669342833390629,-0.06062793550548129,3.452658131376836,0.234,True
2232,0.27,0.15,0.19,0.31,0.08,0.7401676123242689,0.20275932870061752,0.09210061294248649,-0.05573233714689674,3.6380912604865965,0.234,True
2233,0.19,0.27,0.15,0.31,0.08,0.6573851861566717,0.18338065984893714,0.07997456322217511,-0.04533449042563098,4.045058367861533,0.234,True
2234,0.35,0.11,0.2,0.2,0.14,0.9053482231961028,0.23966259971072357,0.1275797320019294,-0.08574892792289512,2.794934065254164,0.2342,True
2235,0.29,0.1,0.26,0.25,0.1,0.8294574703135311,0.22298414607380335,0.10867657104021233,-0.07793358257240823,2.861207437328168,0.23420000000000002,True
2236,0.29,0.1,0.25,0.26,0.1,0.8254149578497336,0.2220828868077276,0.10768514512887215,-0.07568931838370774,2.934137756160998,0.23420000000000002,True
2237,0.35,0.11,0.19,0.21,0.14,0.9012984584749628,0.23878388765239644,0.12678559827946626,-0.08447220241953535,2.8267747355096122,0.23439999999999997,True
2238,0.34,0.09,0.21,0.21,0.15,0.9291636588395891,0.2448050063460312,0.13112245700515712,-0.0898568890831577,2.724387733025983,0.2344,True
2239,0.29,0.09,0.26,0.25,0.11,0.8512378875050659,0.22781727768264215,0.11261732007899392,-0.08183107068914464,2.7839948293975265,0.2344,True
2240,0.29,0.09,0.25,0.26,0.11,0.847203517939779,0.22692491243873514,0.11164114014310357,-0.07960746598489898,2.8505481192151163,0.2344,True
2241,0.29,0.11,0.26,0.25,0.09,0.8075811987896857,0.21809096985434473,0.10486330895166693,-0.07398304406767031,2.9478507217797465,0.2344,True
2242,0.29,0.11,0.25,0.26,0.09,0.8035309999728957,0.21718071582136056,0.10385721562154465,-0.07171776194349733,3.0282695658080616,0.2344,True
2243,0.24,0.14,0.22,0.32,0.08,0.7418644591998593,0.20315005158888533,0.09077564392755337,-0.05756068324591723,3.529319669833744,0.2344,True
2244,0.22,0.14,0.24,0.32,0.08,0.7410913915370081,0.20297207335978684,0.09036109135282143,-0.06117550082980594,3.3178653318175164,0.2344,True
2245,0.28,0.08,0.26,0.26,0.12,0.8683025561883004,0.23157754924039886,0.11549856413385955,-0.08519565472026103,2.7181849825649107,0.23440000000000003,True
2246,0.26,0.16,0.18,0.32,0.08,0.7290436080280294,0.20019155767780616,0.08995644360918731,-0.054227246840953924,3.6917153154568036,0.23440000000000003,True
2247,0.18,0.26,0.16,0.32,0.08,0.6597209283712373,0.18393618236637121,0.07947831089274443,-0.042159231000585495,4.362892253983873,0.23440000000000003,True
2248,0.35,0.12,0.18,0.22,0.13,0.8755538927967028,0.2331684797344764,0.12197574971399033,-0.07957481975043823,2.9301791755952085,0.23459999999999998,True
2249,0.3,0.11,0.3,0.16,0.13,0.9035964083732624,0.2392826464558926,0.1264144463861024,-0.0976071916756196,2.4514858213635176,0.2346,True
2250,0.29,0.1,0.24,0.27,0.1,0.8213709126868056,0.2211799533370571,0.10671082866989068,-0.07343858768331624,3.011767523237715,0.2346,True
2251,0.27,0.13,0.18,0.32,0.1,0.7798016234812704,0.21182013086200957,0.09905037857496167,-0.06156111016561716,3.440810769853764,0.2346,True
2252,0.27,0.13,0.22,0.3,0.08,0.7577906786155117,0.20680497868547243,0.0946139663751962,-0.05969020324757068,3.464638540896393,0.2346,True
2253,0.32,0.12,0.28,0.13,0.15,0.9389911679683753,0.24691469950701594,0.13536766228845803,-0.1008572296472724,2.448160636283088,0.23460000000000003,True
2254,0.32,0.13,0.28,0.12,0.15,0.9360551684814125,0.24628517025477903,0.13551558932003896,-0.10061149878413478,2.447882928204775,0.23460000000000003,True
2255,0.34,0.09,0.22,0.2,0.15,0.9331955189085099,0.2456713995460893,0.13194595475772736,-0.09111308916039274,2.6963348714213473,0.23460000000000003,True
2256,0.34,0.09,0.2,0.22,0.15,0.9251300606188542,0.24393703073088369,0.13031498661151467,-0.08859715995159734,2.7533278816629347,0.23460000000000003,True
2257,0.28,0.08,0.27,0.25,0.12,0.872317558406061,0.23245894130973577,0.11648342227753096,-0.08739491580675407,2.6598680159352113,0.23460000000000003,True
2258,0.28,0.08,0.25,0.27,0.12,0.8642859376767791,0.23069453779300209,0.11452958889702591,-0.08299014609689315,2.7797822831117833,0.23460000000000003,True
2259,0.29,0.09,0.27,0.24,0.11,0.8552706789522668,0.2287079989362193,0.11360974320748196,-0.0840483387533103,2.721148357345867,0.2348,True
2260,0.29,0.09,0.24,0.27,0.11,0.8431675736685411,0.22603089771757268,0.11068162853299753,-0.07737749743786171,2.9211451029297972,0.2348,True
2261,0.29,0.11,0.24,0.27,0.09,0.7994793104638118,0.2162687620593171,0.10286869863868547,-0.06944590819733676,3.1142045323213297,0.2348,True
2262,0.3,0.1,0.3,0.15,0.15,0.943323335586097,0.2478424317290724,0.13480606222626454,-0.10469988692178833,2.367170003862685,0.235,True
2263,0.35,0.1,0.2,0.2,0.15,0.9269130328178612,0.24432085154388306,0.13167071437528588,-0.08929102530182154,2.7362307770353143,0.235,True
2264,0.36,0.12,0.18,0.19,0.15,0.9176950448017098,0.24233393341212106,0.13165380760338471,-0.08728694452830621,2.776290712450529,0.235,True
2265,0.35,0.11,0.22,0.18,0.14,0.9134426671007911,0.2414151955261703,0.12921786510036015,-0.08829156928327397,2.734294989724508,0.235,True
2266,0.35,0.11,0.18,0.22,0.14,0.8972470031241142,0.23790355918004935,0.12600850236351913,-0.0831918532470598,2.85969779364733,0.235,True
2267,0.3,0.1,0.25,0.25,0.1,0.8299437462174202,0.22309246951551787,0.10897208497373212,-0.07618377707490898,2.928346139837074,0.235,True
2268,0.25,0.1,0.3,0.25,0.1,0.8273687493134763,0.2225186414645084,0.10808709829557563,-0.08490719399159175,2.620727773509323,0.235,True
2269,0.25,0.1,0.25,0.3,0.1,0.8073552296005462,0.21804022068874662,0.10276535987339097,-0.07370450609365475,2.9583024464160648,0.235,True
2270,0.2,0.15,0.2,0.35,0.1,0.7512517234682035,0.20530702864106787,0.09277059035758238,-0.058178071047542024,3.5289418322806685,0.235,True
2271,0.32,0.11,0.28,0.14,0.15,0.9419297895951648,0.24754415490442438,0.13522199562923984,-0.10110224521832789,2.4484535864644617,0.23500000000000001,True
2272,0.34,0.1,0.22,0.21,0.13,0.8929261970710518,0.23696332204920534,0.12363883586646379,-0.0842060808523114,2.8140880046990198,0.23500000000000001,True
2273,0.34,0.1,0.21,0.22,0.13,0.888870570446789,0.2360794869757803,0.12279525987876383,-0.08292515776042697,2.846898255627325,0.23500000000000001,True
2274,0.29,0.08,0.26,0.25,0.12,0.8729183743677371,0.23259072680968496,0.11666496002573731,-0.08567656988327843,2.7147530197177034,0.23500000000000001,True
2275,0.29,0.08,0.25,0.26,0.12,0.8688926042464757,0.23170715845892453,0.11570428696656583,-0.08347327490139023,2.7758244627714435,0.23500000000000001,True
2276,0.32,0.1,0.23,0.24,0.11,0.8499511450740993,0.2275328031034034,0.11372645800051014,-0.07685367736632354,2.9605974743260086,0.23500000000000001,True
2277,0.32,0.11,0.23,0.24,0.1,0.8280408837426914,0.22266847597866946,0.10988947293646212,-0.07316020745086893,3.043573600146001,0.23500000000000001,True
2278,0.26,0.13,0.2,0.32,0.09,0.7644227077431494,0.2083204599816646,0.09536717185348122,-0.059710428726150844,3.4888454902422823,0.23500000000000001,True
2279,0.27,0.14,0.2,0.31,0.08,0.7469539559477909,0.20432045989645609,0.09286062843505116,-0.056735132261370724,3.6013040201471753,0.23500000000000001,True
2280,0.25,0.14,0.21,0.32,0.08,0.7422293432914104,0.20323403813265628,0.09109120811329073,-0.056255422339069217,3.6127013127321392,0.23500000000000001,True
2281,0.21,0.14,0.25,0.32,0.08,0.7406832822682525,0.20287809582561112,0.09026360185206687,-0.06297883383914504,3.2213695214456397,0.23500000000000001,True
2282,0.26,0.15,0.19,0.32,0.08,0.7358065263297116,0.20175396044457328,0.09070418102441186,-0.05420362935138101,3.722148550914939,0.23500000000000001,True
2283,0.21,0.25,0.14,0.32,0.08,0.6672876252203179,0.1857322402737982,0.08125596467076474,-0.04893152803518286,3.7957580262004607,0.23500000000000001,True
2284,0.25,0.2,0.2,0.3,0.05,0.6642815180850907,0.18501935203540798,0.08011709845064806,-0.049956084372102194,3.7036399942252363,0.23500000000000001,True
2285,0.2,0.2,0.25,0.3,0.05,0.6630772336649777,0.18473351915563674,0.07845439304966605,-0.048777156182037706,3.7872958084355326,0.23500000000000001,True
2286,0.19,0.26,0.15,0.32,0.08,0.6600538875863395,0.18401532944510612,0.07977194517651862,-0.04474765974220696,4.112289458381192,0.23500000000000001,True
2287,0.2,0.25,0.2,0.3,0.05,0.629955747029656,0.1768175558274736,0.07381354028793986,-0.041053833803713524,4.306968179217396,0.23500000000000001,True
2288,0.35,0.1,0.21,0.19,0.15,0.930951284559741,0.24518929220934238,0.13247241892114486,-0.0905507605433139,2.7077551943040716,0.23519999999999996,True
2289,0.35,0.1,0.19,0.21,0.15,0.9228730450273328,0.24345082242989946,0.13088525306229065,-0.0880277433314185,2.7656147166390896,0.23519999999999996,True
2290,0.31,0.1,0.29,0.15,0.15,0.9441042082513369,0.2480095086284675,0.13491884406871718,-0.10302416929608393,2.407294427346522,0.2352,True
2291,0.3,0.09,0.25,0.25,0.11,0.8517741556202043,0.22793579756757065,0.11288203043483452,-0.08009586599147689,2.8457872918413245,0.2352,True
2292,0.3,0.11,0.25,0.25,0.09,0.8080177610371082,0.2181890029667901,0.10519200769153303,-0.07221839965473587,3.0212384102931575,0.2352,True
2293,0.3,0.1,0.24,0.26,0.1,0.8258904815713819,0.222188971617729,0.10800784726518052,-0.07393534297563575,3.005179426718125,0.23520000000000002,True
2294,0.31,0.1,0.29,0.16,0.14,0.9257183767196537,0.24406370385627163,0.1306396521010291,-0.0996103547061048,2.450184065465573,0.2354,True
2295,0.29,0.08,0.27,0.24,0.12,0.8769425243640914,0.23347267497081714,0.11764148910578374,-0.0878736279192116,2.6569140309703037,0.2354,True
2296,0.32,0.09,0.24,0.23,0.12,0.8758144817528501,0.23322557609545802,0.11858103159624402,-0.08243934207362225,2.8290567370998243,0.2354,True
2297,0.32,0.09,0.23,0.24,0.12,0.8717624687505081,0.2323371605489366,0.11767772517590289,-0.08049769922506533,2.8862583997505307,0.2354,True
2298,0.29,0.08,0.24,0.27,0.12,0.8648652174124178,0.23082196459222537,0.11475986260146434,-0.08126371637790297,2.8404062093201277,0.2354,True
2299,0.3,0.09,0.24,0.26,0.11,0.8477290187627438,0.22704122192172882,0.11193166004472652,-0.07786815540801173,2.9157133713015746,0.2354,True
2300,0.3,0.11,0.24,0.26,0.09,0.8039568251480054,0.21727648114373643,0.10421458707279561,-0.06994888210456529,3.1062180639132135,0.2354,True
2301,0.27,0.14,0.18,0.32,0.09,0.7580106908937707,0.20685531465108142,0.09504439458021718,-0.05768429653922169,3.585990071152776,0.2354,True
2302,0.26,0.13,0.22,0.31,0.08,0.7533940854833165,0.20579821309401702,0.09325713689851896,-0.05892270680305245,3.4926809079204726,0.23540000000000003,True
2303,0.22,0.13,0.26,0.31,0.08,0.7518233774638929,0.20543813228806562,0.09240232038852508,-0.06611601203034656,3.107237202899831,0.23540000000000003,True
2304,0.35,0.11,0.21,0.2,0.13,0.890616294470421,0.23646008427043141,0.12423175306796834,-0.0836218192707977,2.8277318806553122,0.23559999999999998,True
2305,0.35,0.11,0.2,0.21,0.13,0.8865543418049668,0.23557414785524933,0.1234121737883704,-0.08233723307598229,2.8610889515543625,0.23559999999999998,True
2306,0.36,0.13,0.21,0.14,0.16,0.9453796800791383,0.2482823146374762,0.13838840607126177,-0.09425548046140153,2.6341419450845622,0.23579999999999998,True
2307,0.36,0.14,0.21,0.13,0.16,0.9424442922628311,0.24765429649607418,0.1385397892266667,-0.09409763941966165,2.6318863897485505,0.23579999999999998,True
2308,0.35,0.1,0.22,0.18,0.15,0.9349877968408369,0.24605614948723176,0.13329007853626443,-0.0918069639713951,2.6801468956526775,0.23579999999999998,True
2309,0.35,0.1,0.18,0.22,0.15,0.9188313246002702,0.24257919977519227,0.13011632453604013,-0.08676089963250322,2.7959507197677196,0.23579999999999998,True
2310,0.32,0.1,0.28,0.15,0.15,0.9448710344564468,0.24817353658401142,0.13507858710209597,-0.10134654861595627,2.4487616004018347,0.2358,True
2311,0.34,0.09,0.22,0.21,0.14,0.9145801660392463,0.24166108855941104,0.12768687198229547,-0.08776392533815358,2.7535355515183846,0.2358,True
2312,0.34,0.09,0.21,0.22,0.14,0.9105339575129721,0.24078597648748112,0.12685344197672482,-0.08649651683122472,2.7837650035932873,0.2358,True
2313,0.3,0.1,0.3,0.17,0.13,0.9065045129826468,0.23991326122415169,0.12626983700555297,-0.09785878330164544,2.45162726461282,0.2358,True
2314,0.3,0.08,0.25,0.25,0.12,0.873504913248909,0.23271935352730866,0.11690111817340083,-0.08395573340689244,2.771929254663664,0.2358,True
2315,0.3,0.1,0.23,0.27,0.1,0.8218356838071583,0.2212837929673983,0.10706115010258214,-0.07168042557750143,3.0870881580933776,0.2358,True
2316,0.36,0.12,0.18,0.2,0.14,0.8989992436638385,0.23828445189190894,0.12744377573430918,-0.08388861787148705,2.840486086645845,0.236,True
2317,0.35,0.11,0.22,0.19,0.13,0.8946765891665707,0.23734439166586463,0.12506822887271465,-0.08490276123271179,2.795484955021926,0.236,True
2318,0.35,0.11,0.19,0.22,0.13,0.8824907345823056,0.23468657705605467,0.12260982639291397,-0.08104898707454744,2.8956139432093586,0.236,True
2319,0.31,0.1,0.29,0.17,0.13,0.9071827213024497,0.24006023665918508,0.12642158320288582,-0.09616137643757894,2.4964309533881823,0.23600000000000002,True
2320,0.29,0.1,0.31,0.17,0.13,0.905812153658351,0.2397631831428224,0.12616863208161527,-0.0995537544442342,2.4083791162002592,0.23600000000000002,True
2321,0.3,0.08,0.26,0.24,0.12,0.8775398452283298,0.23360347861533315,0.11785346789815207,-0.08615681876358905,2.7113753962565865,0.23600000000000002,True
2322,0.3,0.08,0.24,0.26,0.12,0.8694683607255376,0.231833602109635,0.1159649789839766,-0.0817483951369985,2.835940714446019,0.23600000000000002,True
2323,0.3,0.09,0.23,0.27,0.11,0.8436823067802661,0.22614499043984737,0.11099834775691969,-0.07563406456621202,2.9899885949124707,0.23600000000000002,True
2324,0.3,0.11,0.23,0.27,0.09,0.7998943981475597,0.21636225284704214,0.10325521946467447,-0.06781333144236001,3.190556314593477,0.23600000000000002,True
2325,0.26,0.14,0.2,0.32,0.08,0.7425797446880193,0.2033146801098893,0.09147770347523577,-0.055808438112832315,3.6430813508672646,0.23600000000000002,True
2326,0.2,0.14,0.26,0.32,0.08,0.7402608389096232,0.20278080202794357,0.09024002579103417,-0.06477945782377459,3.1303257057134766,0.23600000000000002,True
2327,0.2,0.26,0.14,0.32,0.08,0.6603725323492664,0.18409106395272,0.08014909247986762,-0.047314983780270436,3.8907561462481772,0.23600000000000002,True
2328,0.3,0.09,0.3,0.16,0.15,0.9462679236516982,0.24847222737418817,0.13466698078662367,-0.10500388939456651,2.36631451279409,0.2362,True
2329,0.35,0.1,0.21,0.2,0.14,0.912301360030441,0.24116838131686502,0.1282437091157375,-0.0871913458065724,2.7659669556182718,0.2362,True
2330,0.35,0.1,0.2,0.21,0.14,0.9082487900549836,0.24029119542551647,0.12743312075863572,-0.08592034474076915,2.7966740141755793,0.2362,True
2331,0.31,0.1,0.24,0.25,0.1,0.8304155860803126,0.22319755882177628,0.10932563411240291,-0.07443139922546327,2.9987016386146284,0.23620000000000002,True
2332,0.31,0.09,0.29,0.16,0.15,0.947048441850965,0.24863905997183045,0.13477871680383655,-0.1032651577733531,2.407773012050635,0.2364,True
2333,0.29,0.09,0.31,0.16,0.15,0.9454733862003719,0.24830235239424447,0.13460252603759515,-0.10742561796767991,2.3113886342171077,0.2364,True
2334,0.31,0.09,0.24,0.25,0.11,0.8522960485989586,0.22805111845256798,0.11320277163542486,-0.07835812755868032,2.9103696777566124,0.2364,True
2335,0.31,0.11,0.24,0.25,0.09,0.8084398263389223,0.2182837656846104,0.10558079912489887,-0.07045114339419056,3.098370802348258,0.2364,True
2336,0.27,0.13,0.19,0.32,0.09,0.7648076216090425,0.20840829974068265,0.09577891089079267,-0.059268787113702204,3.5163246944950766,0.2364,True
2337,0.27,0.13,0.21,0.31,0.08,0.7537506033858503,0.20587991396301497,0.09364549521086668,-0.058326351297713686,3.5297924417069644,0.2364,True
2338,0.21,0.13,0.27,0.31,0.08,0.7513947271130688,0.2053398279028109,0.0923669156537585,-0.06790760962901188,3.023811749885015,0.2364,True
2339,0.35,0.1,0.22,0.19,0.14,0.9163522300297575,0.24204396146202445,0.12907070798825268,-0.08845876508597172,2.736234913824375,0.23659999999999998,True
2340,0.35,0.1,0.19,0.22,0.14,0.904194523515498,0.23941239857945518,0.12663925374461857,-0.08464574668363367,2.8284043553217986,0.23659999999999998,True
2341,0.3,0.09,0.3,0.17,0.14,0.927916671241124,0.24453680085357177,0.130367563945941,-0.1015411718928535,2.4082526948931378,0.2366,True
2342,0.36,0.11,0.18,0.2,0.15,0.92060524314532,0.24296190714461186,0.13150604269111224,-0.08745582950807462,2.778109915728141,0.2366,True
2343,0.3,0.08,0.27,0.23,0.12,0.8815731532516704,0.23448598270317667,0.11882164367338796,-0.08835167773924191,2.654007130404818,0.2366,True
2344,0.3,0.08,0.23,0.27,0.12,0.8654301910703235,0.23094621899931322,0.11504544110211451,-0.07953477727079428,2.903713657397998,0.2366,True
2345,0.25,0.13,0.22,0.32,0.08,0.7490029004401231,0.20479100443575637,0.09192439211855787,-0.058404617431756845,3.5064180443446173,0.2366,True
2346,0.22,0.13,0.25,0.32,0.08,0.7478351029763415,0.2045228622906674,0.09129524338390921,-0.06380868137756257,3.205251352562584,0.2366,True
2347,0.27,0.15,0.18,0.32,0.08,0.7361324593446448,0.20182915650459954,0.09119602908385216,-0.05603880794393257,3.60159617789393,0.2366,True
2348,0.18,0.27,0.15,0.32,0.08,0.6531496563778132,0.18237196735620143,0.07874252557626728,-0.04310707894101051,4.230673286996938,0.2366,True
2349,0.28,0.1,0.32,0.17,0.13,0.9051056804808482,0.23961000822061718,0.12611828113299114,-0.10124629510435357,2.366605197490471,0.23660000000000003,True
2350,0.31,0.1,0.23,0.26,0.1,0.8263515547534106,0.22229181506187334,0.10838892463497475,-0.07246140736577011,3.0677269893446932,0.23660000000000003,True
2351,0.31,0.09,0.29,0.17,0.14,0.9286457177663612,0.24469362020660923,0.13049803251941017,-0.09985755214942127,2.450426782347552,0.2368,True
2352,0.29,0.09,0.31,0.17,0.14,0.927173534616013,0.24437690999426542,0.13028597646181256,-0.10322239155846669,2.3674796360036545,0.2368,True
2353,0.31,0.09,0.23,0.26,0.11,0.8482401299506985,0.22715432538070335,0.11227853599307723,-0.07615665332455357,2.982724626995483,0.2368,True
2354,0.31,0.11,0.23,0.26,0.09,0.8043681388788992,0.2173689686270741,0.10463240363107999,-0.06871571631128037,3.1633079053181725,0.2368,True
2355,0.37,0.15,0.18,0.14,0.16,0.9321846771098969,0.24545429631083637,0.13760415628834458,-0.09102039816243668,2.6966954799823455,0.237,True
2356,0.36,0.12,0.19,0.2,0.13,0.8842273504983378,0.23506604388017416,0.12408251270914854,-0.0817467029377813,2.8755415867852996,0.237,True
2357,0.32,0.09,0.28,0.16,0.15,0.9478149036468926,0.2488028446824322,0.1349374344138306,-0.10159014294070101,2.449084502496078,0.23700000000000002,True
2358,0.28,0.09,0.32,0.16,0.15,0.9446648666482536,0.24812944049882102,0.13458560718320137,-0.10983985133761587,2.259011073641597,0.23700000000000002,True
2359,0.34,0.08,0.22,0.21,0.15,0.9361233839458141,0.246299804054541,0.13180645479477873,-0.09127493752598259,2.6984384841066427,0.23700000000000002,True
2360,0.34,0.08,0.21,0.22,0.15,0.9320870500630543,0.24543332448223065,0.13098329543280826,-0.09002079986594591,2.7264068398383112,0.23700000000000002,True
2361,0.31,0.08,0.25,0.24,0.12,0.8781228663593976,0.23373112409405272,0.11811921881499089,-0.08443752300740315,2.768095460042807,0.23700000000000002,True
2362,0.31,0.08,0.24,0.25,0.12,0.8740771378983054,0.2328448152928848,0.1171913709187503,-0.08223240095899864,2.831545869723323,0.23700000000000002,True
2363,0.28,0.09,0.27,0.26,0.1,0.8317938352496173,0.22350442238677592,0.1082946176546243,-0.0799642413267233,2.795054622897833,0.23700000000000002,True
2364,0.28,0.09,0.26,0.27,0.1,0.8277575179474728,0.2226053115821991,0.10727652984098147,-0.07772789882830966,2.863904916224532,0.23700000000000002,True
2365,0.28,0.1,0.27,0.26,0.09,0.8099469040219278,0.2186220166836521,0.10444458826958741,-0.07603635259065833,2.875230192334496,0.23700000000000002,True
2366,0.35,0.09,0.21,0.2,0.15,0.9338761100931434,0.24581753067503032,0.1323296268039945,-0.09071378390640772,2.7098145407389027,0.2372,True
2367,0.35,0.09,0.2,0.21,0.15,0.929833379353193,0.24494900395182873,0.1315282388481103,-0.08945612240834355,2.7382027898962717,0.2372,True
2368,0.36,0.13,0.22,0.13,0.16,0.9493971593860606,0.2491408199906613,0.1391920330532812,-0.0955047021282901,2.60867595457231,0.2374,True
2369,0.36,0.11,0.19,0.2,0.14,0.9059528451582182,0.23979368283703173,0.12806470369519038,-0.08534163629439973,2.809808825434572,0.2374,True
2370,0.36,0.12,0.18,0.21,0.13,0.8801574173069977,0.23417635775081957,0.12330455551138217,-0.0809729813640403,2.8920308207252963,0.2374,True
2371,0.29,0.09,0.26,0.26,0.1,0.8322939265984395,0.22361572835208632,0.1085300745784894,-0.0782198250550099,2.85881140995679,0.2374,True
2372,0.29,0.1,0.26,0.26,0.09,0.8103973005774128,0.21872306798057406,0.10471105266512637,-0.07427718404456429,2.944687130968053,0.2374,True
2373,0.26,0.13,0.21,0.32,0.08,0.749363259517335,0.20487372366806356,0.09227622821731775,-0.0574035908744005,3.5690053626841713,0.2374,True
2374,0.21,0.13,0.26,0.32,0.08,0.7474170542485898,0.2044268435957326,0.09123010874868234,-0.06560463608575728,3.116042642603935,0.2374,True
2375,0.32,0.09,0.28,0.17,0.14,0.9293606370404384,0.24484736238201354,0.13067705142798944,-0.0981715271850424,2.494077146426616,0.23740000000000003,True
2376,0.28,0.09,0.32,0.17,0.14,0.9264163450422911,0.24421395326090356,0.13025355096746538,-0.10559032401780388,2.3128440558599475,0.23740000000000003,True
2377,0.34,0.09,0.22,0.22,0.13,0.895817054032289,0.23759255062460993,0.12349340240619291,-0.0843800445808438,2.8157433644986347,0.23740000000000003,True
2378,0.31,0.08,0.26,0.23,0.12,0.882166970445377,0.23461580575288443,0.11906323605794399,-0.08663640274488726,2.7080510999947998,0.23740000000000003,True
2379,0.31,0.08,0.23,0.26,0.12,0.8700297884742048,0.23195687398321163,0.11628007458355809,-0.08002100998031936,2.898699654506484,0.23740000000000003,True
2380,0.28,0.08,0.27,0.26,0.11,0.853544476580691,0.22832689139555562,0.11226933827144944,-0.08383950055014566,2.723380863403282,0.23740000000000003,True
2381,0.28,0.08,0.26,0.27,0.11,0.8495163375850683,0.22743664551443743,0.11126794199388487,-0.08162368691472632,2.786404953160771,0.23740000000000003,True
2382,0.28,0.11,0.27,0.26,0.08,0.7880077588942245,0.21367929855495205,0.10074290471650382,-0.07205475487758539,2.9655128092236818,0.23740000000000003,True
2383,0.28,0.11,0.26,0.27,0.08,0.7839564546155886,0.2127621547932932,0.09969321388752893,-0.06977628000187364,3.0492046120483938,0.23740000000000003,True
2384,0.27,0.14,0.19,0.32,0.08,0.7429156262383938,0.20339197031655676,0.09193400284632228,-0.055360778863403404,3.6739362142719116,0.23740000000000003,True
2385,0.19,0.27,0.14,0.32,0.08,0.6534728679074402,0.18244900095085126,0.07907600514812163,-0.045688780890089986,3.9932998297712277,0.23740000000000003,True
2386,0.35,0.09,0.22,0.19,0.15,0.93791709885011,0.2466844742160681,0.13314696552372465,-0.0919679245544821,2.682288150037912,0.23759999999999998,True
2387,0.35,0.09,0.19,0.22,0.15,0.9257889100423837,0.24407888898772034,0.1307430899448947,-0.08819492521290195,2.7674935762858865,0.23759999999999998,True
2388,0.35,0.1,0.21,0.21,0.13,0.8935040431111041,0.23708914815648963,0.12408284702581539,-0.0837970311075984,2.8293263499044334,0.23759999999999998,True
2389,0.29,0.09,0.27,0.25,0.1,0.836339450234485,0.22451540186211738,0.10953801634732468,-0.08045389635057043,2.79060943032283,0.2376,True
2390,0.29,0.09,0.25,0.27,0.1,0.8282468643289385,0.2227143865246839,0.10753877431066287,-0.07597933551099567,2.9312494644343507,0.2376,True
2391,0.29,0.1,0.27,0.25,0.09,0.8144505728713656,0.2196317098016456,0.10573418934462572,-0.07653210048119563,2.8697985344804477,0.2376,True
2392,0.29,0.1,0.25,0.27,0.09,0.8063425316568442,0.217812732501806,0.1037049851354083,-0.07201574538804201,3.024515421289705,0.2376,True
2393,0.36,0.11,0.18,0.21,0.14,0.9018922172420627,0.23891279858466552,0.1272940571615098,-0.08406340812644897,2.8420546336319203,0.23779999999999998,True
2394,0.35,0.1,0.22,0.2,0.13,0.8975688569787392,0.2379735396350502,0.12491908527791604,-0.08507583202200109,2.7971932096239613,0.23779999999999998,True
2395,0.35,0.1,0.2,0.22,0.13,0.8894375687519454,0.23620312788074904,0.12326350102546481,-0.08251459744295742,2.8625617187799643,0.23779999999999998,True
2396,0.3,0.08,0.3,0.17,0.15,0.9492151380368083,0.2491019489121462,0.13453016272260032,-0.10530696767606162,2.3654840169590416,0.2378,True
2397,0.37,0.14,0.19,0.14,0.16,0.9391355775932986,0.24694564703339372,0.1382015180073393,-0.09244334213876082,2.671318899988701,0.2378,True
2398,0.29,0.08,0.26,0.26,0.11,0.854094541277648,0.2284483592696842,0.11247610748349286,-0.08210960043262394,2.782236889060742,0.2378,True
2399,0.32,0.1,0.23,0.25,0.1,0.8308729527509358,0.22329940738605103,0.10973646335291701,-0.07335377068930993,3.044143542829396,0.2378,True
2400,0.29,0.11,0.26,0.26,0.08,0.7884087392111345,0.213769998036492,0.10104281465058684,-0.07028059228842809,3.0416647196026814,0.2378,True
2401,0.37,0.13,0.19,0.15,0.16,0.942066113466083,0.24757334018133403,0.1380495293151106,-0.09260394275881012,2.673464355898394,0.238,True
2402,0.29,0.08,0.27,0.25,0.11,0.8581318597102807,0.22933916439573898,0.11346831183180091,-0.08432318090957347,2.7197641493349,0.238,True
2403,0.29,0.08,0.25,0.27,0.11,0.850055642204723,0.22755591037691558,0.11150013962319959,-0.07988970327145406,2.848375961589347,0.238,True
2404,0.29,0.11,0.25,0.27,0.08,0.7843467201850103,0.21285056443385786,0.10002295428634593,-0.06799783887681932,3.1302548426494083,0.238,True
2405,0.31,0.08,0.29,0.17,0.15,0.9499953013222511,0.24926853753976586,0.13464084827267495,-0.10350544830792208,2.4082648944064076,0.23800000000000002,True
2406,0.29,0.08,0.31,0.17,0.15,0.9484209455560912,0.24893231895546886,0.13446677769756107,-0.10772455179904983,2.3108225079444193,0.23800000000000002,True
2407,0.32,0.09,0.23,0.25,0.11,0.8528035292900558,0.2281632339313051,0.1135788765702091,-0.07704042748841644,2.961603944443468,0.23800000000000002,True
2408,0.36,0.1,0.19,0.2,0.15,0.9275689164306189,0.24446198417598208,0.13212359996995499,-0.0888889756498199,2.750194637623517,0.2382,True
2409,0.3,0.09,0.26,0.25,0.1,0.8368358917972993,0.2246257131501983,0.1098054813447339,-0.07871106156923557,2.853801088079771,0.2382,True
2410,0.3,0.09,0.25,0.26,0.1,0.8327796091143236,0.22372380793891233,0.1088242872694207,-0.07647285007529203,2.9255324957634383,0.2382,True
2411,0.3,0.1,0.26,0.25,0.09,0.8148972436262909,0.21973175934625377,0.10603337977483653,-0.0747745390693011,2.938590622974034,0.2382,True
2412,0.3,0.1,0.25,0.26,0.09,0.8108332273953518,0.21882085687524433,0.10503843244228228,-0.07251541760425295,3.0175770078225503,0.2382,True
2413,0.35,0.09,0.21,0.21,0.14,0.9152090334634175,0.24179698895959545,0.1280991876612226,-0.08736014874508358,2.7678179631442443,0.23839999999999997,True
2414,0.32,0.08,0.24,0.24,0.12,0.8786915506060335,0.23385560523359228,0.11843818957529709,-0.08271573524440723,2.827220293002283,0.2384,True
2415,0.34,0.08,0.22,0.22,0.14,0.9174909141557099,0.24228986147962472,0.12754573625715998,-0.08793151956451628,2.7554381259367875,0.23840000000000003,True
2416,0.36,0.1,0.18,0.21,0.15,0.9235180503351281,0.24358980886075998,0.13136058541084672,-0.08762421803656384,2.7799370347489414,0.23859999999999998,True
2417,0.35,0.09,0.22,0.2,0.14,0.9192644023361536,0.242672654257017,0.12892589728452475,-0.08862547001971166,2.738181859041683,0.23859999999999998,True
2418,0.35,0.09,0.2,0.22,0.14,0.9111519620923345,0.24091971812982282,0.12728888424758678,-0.08609125687709185,2.798422590969624,0.23859999999999998,True
2419,0.31,0.1,0.3,0.16,0.13,0.9111975635158611,0.24092958553770982,0.12741219451183158,-0.09832657499275155,2.4502997847272794,0.2386,True
2420,0.36,0.11,0.2,0.2,0.13,0.8911802636028889,0.23658298898037344,0.12472561269212258,-0.08321144144972958,2.8431545573369257,0.2386,True
2421,0.32,0.08,0.25,0.23,0.12,0.8827464652532633,0.23474247125042913,0.1193577511120792,-0.0849186450930669,2.764321910614121,0.2386,True
2422,0.32,0.08,0.23,0.25,0.12,0.8746350111646424,0.23296710589342573,0.11753512693939491,-0.080677800592312,2.8876234129221636,0.2386,True
2423,0.3,0.08,0.26,0.25,0.11,0.8586783506357527,0.2294596444728043,0.11370633639119397,-0.08259483723262362,2.778135439949405,0.2386,True
2424,0.3,0.08,0.25,0.26,0.11,0.8546302580462659,0.22856663567376256,0.11273954036493636,-0.08037717992347548,2.8436757285012173,0.2386,True
2425,0.3,0.09,0.24,0.27,0.1,0.8287217873788593,0.22282022790561862,0.10786016825775749,-0.07422820371590211,3.0018270246499745,0.2386,True
2426,0.3,0.1,0.24,0.27,0.09,0.8067677141187422,0.2179082540470354,0.10406103358881232,-0.07024975692461644,3.1019075878208127,0.2386,True
2427,0.32,0.08,0.28,0.17,0.15,0.9507613982611616,0.24943207933598632,0.13479853521783886,-0.10183303127513932,2.449422119842961,0.23860000000000003,True
2428,0.28,0.08,0.32,0.17,0.15,0.9476127610313738,0.2487596531342,0.13445094718223005,-0.11013466488421098,2.2586862491998416,0.23860000000000003,True
2429,0.27,0.13,0.2,0.32,0.08,0.7497091033037306,0.20495310028026337,0.09269751916261619,-0.05695848025433503,3.598289479724394,0.23860000000000003,True
2430,0.36,0.11,0.19,0.21,0.13,0.8871074559876522,0.23569486015256902,0.12393039771149648,-0.08192533678525016,2.876947100875434,0.23879999999999998,True
2431,0.32,0.13,0.29,0.1,0.16,0.9582578193704689,0.25103011550939813,0.14075104121514007,-0.10615227602526023,2.3648114285336894,0.239,True
2432,0.3,0.08,0.24,0.27,0.11,0.8505805843974368,0.22767197679084705,0.11178937292663786,-0.07815318967981089,2.913150157064683,0.239,True
2433,0.37,0.13,0.2,0.14,0.16,0.9460962459234752,0.24843552597171725,0.138816441081817,-0.09385812885397793,2.646926046844881,0.23900000000000002,True
2434,0.37,0.14,0.2,0.13,0.16,0.9431612498028703,0.24780774595794686,0.13896871581237005,-0.09369959211931922,2.6447046390808486,0.23900000000000002,True
2435,0.31,0.09,0.3,0.15,0.15,0.951039041243295,0.24949133832871295,0.13573964007973835,-0.10539534813899143,2.3671949733463866,0.2392,True
2436,0.31,0.09,0.25,0.25,0.1,0.8373179018745223,0.22473279868669294,0.11013066738575415,-0.07696567219304729,2.9199095165830857,0.2392,True
2437,0.31,0.1,0.25,0.25,0.09,0.8153294219910365,0.2198285471221133,0.10639234089322457,-0.07301438396981452,3.0107567190184668,0.2392,True
2438,0.36,0.1,0.2,0.2,0.14,0.9129163694101607,0.24130139282648244,0.12870442868285423,-0.08678626996245431,2.780409769089913,0.23920000000000002,True
2439,0.31,0.09,0.3,0.16,0.14,0.932650886517808,0.2455544356992303,0.13147351227203494,-0.10200338008603782,2.4073166545276248,0.2394,True
2440,0.36,0.1,0.19,0.21,0.14,0.9088529293749916,0.2404220411712521,0.12791710466917647,-0.08551377784275682,2.8115006404388003,0.2394,True
2441,0.36,0.11,0.18,0.22,0.13,0.8830329933961794,0.23480509073216105,0.12315264991387126,-0.08063556531925586,2.9119296157038206,0.2394,True
2442,0.31,0.09,0.24,0.26,0.1,0.8332508456460124,0.22382865459033563,0.10917658051969238,-0.07472331075377059,2.995432781717867,0.2394,True
2443,0.31,0.1,0.24,0.26,0.09,0.8112546473244839,0.21891537660517146,0.10542595807367251,-0.07075104751071748,3.0941644584415493,0.2394,True
2444,0.35,0.08,0.21,0.21,0.15,0.936803551308893,0.2464456969355946,0.1321891215442528,-0.09087633113277749,2.7118799126641457,0.23959999999999998,True
2445,0.32,0.09,0.29,0.15,0.15,0.9518163281191905,0.2496572093901921,0.13587806132917804,-0.10372417165007164,2.4069337495646286,0.2396,True
2446,0.31,0.08,0.25,0.25,0.11,0.8592104709802548,0.22957693370058396,0.11400008837833936,-0.08086397718644811,2.83905073295181,0.2396,True
2447,0.35,0.08,0.22,0.2,0.15,0.9408490186412217,0.24731272667572135,0.13300612626574757,-0.09212841568262287,2.6844348168072223,0.23979999999999999,True
2448,0.35,0.08,0.2,0.22,0.15,0.932756339471394,0.2455770842189029,0.13138806324534644,-0.0896207366455718,2.740181496053759,0.23979999999999999,True
2449,0.32,0.14,0.29,0.09,0.16,0.9553032941086681,0.25040077767618807,0.14089997999468176,-0.10591547321255901,2.364156719327168,0.2398,True
2450,0.32,0.09,0.29,0.16,0.14,0.9333766230456522,0.24571028813568674,0.13163136135168538,-0.10032123961590811,2.449234968351847,0.2398,True
2451,0.31,0.08,0.24,0.26,0.11,0.8551515897352941,0.22868171424929762,0.11305904264383188,-0.07864223351052602,2.907874103279242,0.2398,True
2452,0.35,0.1,0.25,0.15,0.15,0.9470868627982909,0.24864727114180019,0.13583593324078125,-0.0962993284736271,2.5820249744513606,0.24,True
2453,0.36,0.1,0.18,0.22,0.14,0.9047877923567593,0.23954107252919798,0.12714671851393408,-0.0842376819065278,2.8436332423653186,0.24,True
2454,0.35,0.09,0.22,0.21,0.13,0.9004637268586186,0.23860261371829505,0.1247723620446074,-0.08524839206228985,2.798910430403794,0.24,True
2455,0.35,0.09,0.21,0.22,0.13,0.8963943917199926,0.2377181382226914,0.12393637669758402,-0.08397172514465123,2.830930742618349,0.24,True
2456,0.3,0.1,0.2,0.3,0.1,0.8096621259266772,0.21855811501217004,0.10433101084070698,-0.06759253226629103,3.2334654093314215,0.24,True
2457,0.25,0.15,0.15,0.35,0.1,0.7533997480394437,0.20579951083141812,0.09422255386850209,-0.05519074001902424,3.728877539248052,0.24,True
2458,0.25,0.15,0.25,0.3,0.05,0.6979081920965571,0.19294545418606024,0.08442183172903492,-0.05316080629318287,3.629468167242655,0.24,True
2459,0.15,0.25,0.25,0.3,0.05,0.6286318873024159,0.1764989361484819,0.07332877124354725,-0.047955047174212395,3.6805080288481786,0.24,True
2460,0.31,0.09,0.3,0.17,0.13,0.9141123213332485,0.24155996641105837,0.12726857155809881,-0.0985765734931231,2.4504804524161115,0.24000000000000002,True
2461,0.3,0.09,0.31,0.17,0.13,0.9134237575291355,0.24141110702246538,0.12713973332397918,-0.10026739108547067,2.407673166809336,0.24000000000000002,True
2462,0.31,0.09,0.23,0.27,0.1,0.8291822499459569,0.22292282912549233,0.10823998422130984,-0.07265586509861677,3.068201429064484,0.24000000000000002,True
2463,0.36,0.09,0.2,0.2,0.15,0.9345424382748979,0.24596056615019002,0.13275929148246715,-0.09031390629890335,2.7233963874417935,0.2402,True
2464,0.36,0.09,0.21,0.19,0.15,0.9385943117824587,0.24682964381674566,0.1335545946632103,-0.09156950464734792,2.695544163609216,0.24039999999999997,True
2465,0.36,0.09,0.19,0.21,0.15,0.9304888223653132,0.24508989947359505,0.13198014335754799,-0.08905478047832183,2.75212513193782,0.24039999999999997,True
2466,0.37,0.13,0.21,0.13,0.16,0.9501246027518715,0.2492961430408558,0.13959899631305273,-0.09510880120727505,2.6211679663331373,0.2404,True
2467,0.32,0.09,0.29,0.17,0.13,0.9147867015370208,0.24170572486829722,0.12744729000039143,-0.09688333137301552,2.4948122803260504,0.2404,True
2468,0.29,0.09,0.32,0.17,0.13,0.9127210472759306,0.24125915250893404,0.12706111380207255,-0.10195578935380178,2.3663114575252693,0.2404,True
2469,0.31,0.08,0.23,0.27,0.11,0.8510911270119437,0.22778483835670027,0.11213500204154062,-0.07641414059881446,2.9809252132089576,0.2404,True
2470,0.28,0.09,0.27,0.27,0.09,0.812766203060594,0.21925428091606314,0.10429659564430084,-0.07632674700456077,2.8725746808384485,0.24040000000000003,True
2471,0.31,0.08,0.3,0.16,0.15,0.9539903400662211,0.25012090432889433,0.1356013781738198,-0.10563222521086957,2.3678465906553376,0.2406,True
2472,0.3,0.08,0.31,0.16,0.15,0.9531993589157035,0.24995223581174475,0.135510698167999,-0.10757101019249571,2.323602198812313,0.2406,True
2473,0.36,0.1,0.21,0.2,0.13,0.8981431700779503,0.23809839246671416,0.12538783222524594,-0.08466769568111887,2.8121515597100486,0.2406,True
2474,0.36,0.1,0.2,0.21,0.13,0.8940674943958533,0.23721181515157652,0.12457571099588188,-0.08338738807805712,2.84469654966921,0.2406,True
2475,0.32,0.09,0.24,0.25,0.1,0.837785443314895,0.22483665191088664,0.11051287053545587,-0.07521772260121506,2.9891446342095795,0.2406,True
2476,0.32,0.1,0.24,0.25,0.09,0.8157470708143097,0.21992206636285272,0.10681027411144801,-0.07125162943711905,3.0865549054837857,0.2406,True
2477,0.28,0.08,0.27,0.27,0.1,0.8346334551483885,0.22413617133703068,0.10815225639353933,-0.08024681485976581,2.7930849558168345,0.24060000000000004,True
2478,0.28,0.1,0.27,0.27,0.08,0.7908065800632427,0.21431209331339973,0.10058879157924704,-0.07235315824547595,2.962028175553762,0.24060000000000004,True
2479,0.29,0.09,0.27,0.26,0.09,0.8172738156569563,0.2202638105760859,0.10558475361408515,-0.07682154564120458,2.867213992345704,0.24080000000000001,True
2480,0.29,0.09,0.26,0.27,0.09,0.8132159736819615,0.21935508713595264,0.1045616774991071,-0.07457043898338023,2.941582349875144,0.24080000000000001,True
2481,0.32,0.08,0.29,0.16,0.15,0.9547672693688192,0.25028653212355634,0.13573877983055557,-0.10396363494527472,2.4074430665617292,0.241,True
2482,0.29,0.08,0.32,0.16,0.15,0.9523943630685217,0.24978053204005213,0.1354670163838085,-0.10998137091437643,2.2711167351652057,0.241,True
2483,0.36,0.09,0.22,0.18,0.15,0.9426444394758831,0.24769713753499323,0.13436577088610335,-0.09282159032637272,2.6685293439172724,0.241,True
2484,0.36,0.09,0.18,0.22,0.15,0.9264334674658212,0.24421763869400226,0.13121743354123053,-0.08779211229960038,2.7817719872211564,0.241,True
2485,0.35,0.08,0.22,0.21,0.14,0.9221791851146655,0.24330127404709256,0.12878343086122193,-0.08879168624303346,2.740135753038273,0.241,True
2486,0.35,0.08,0.21,0.22,0.14,0.9181193152690132,0.24242552366243486,0.12795702467798561,-0.0875284561264752,2.769676678772209,0.241,True
2487,0.37,0.11,0.18,0.2,0.14,0.9065431015062004,0.23992162473008882,0.12859646494898883,-0.08493375485859633,2.8248088775720226,0.241,True
2488,0.36,0.1,0.19,0.22,0.13,0.889990157803197,0.236323602870951,0.12378072388750151,-0.08210344080331766,2.8783641776606466,0.241,True
2489,0.32,0.08,0.24,0.25,0.11,0.8597281835924995,0.22969102571685274,0.11434894566593572,-0.07913059527151234,2.9026828994365395,0.241,True
2490,0.31,0.08,0.3,0.17,0.14,0.9355853078756278,0.24618436491361018,0.13133385948682907,-0.10224639572149374,2.4077559230956687,0.24100000000000002,True
2491,0.3,0.08,0.31,0.17,0.14,0.9348458487146665,0.24602568601954533,0.13122533599019354,-0.10392352731832177,2.3673723589650604,0.24100000000000002,True
2492,0.29,0.08,0.27,0.26,0.1,0.8391830356236123,0.22514698884734274,0.10939414245347191,-0.08073554158019614,2.7886973251266296,0.24100000000000002,True
2493,0.29,0.08,0.26,0.27,0.1,0.8351329626045683,0.22424723261156898,0.10838635789481231,-0.07850521206688266,2.8564629877124736,0.24100000000000002,True
2494,0.32,0.09,0.23,0.26,0.1,0.8337075990422247,0.22393026170304364,0.1095861994790892,-0.07354675329799842,3.0447334744433636,0.24100000000000002,True
2495,0.32,0.1,0.23,0.26,0.09,0.811661523213538,0.21900662035975982,0.10587277280604032,-0.0698167616673131,3.1368773791508384,0.24100000000000002,True
2496,0.29,0.1,0.27,0.26,0.08,0.7952720467900454,0.21532034160977442,0.10192473426371815,-0.07285414958700798,2.9554986617834644,0.24100000000000002,True
2497,0.29,0.1,0.26,0.27,0.08,0.7912068924045732,0.2144025473447433,0.10088729855152115,-0.07058190437583234,3.037641860767871,0.24100000000000002,True
2498,0.32,0.08,0.29,0.17,0.14,0.9363106443408513,0.24633997398681595,0.13149065629815213,-0.100566874997714,2.449514057112897,0.2414,True
2499,0.29,0.08,0.32,0.17,0.14,0.934092304009235,0.24586394293789748,0.13116539057284912,-0.1057391652753894,2.325192773156134,0.2414,True
2500,0.36,0.09,0.21,0.2,0.14,0.9198898128340331,0.2428075876988034,0.12936259061346186,-0.08822259124415821,2.752215552440841,0.2414,True
2501,0.36,0.09,0.2,0.21,0.14,0.9158235670369055,0.24192976302577374,0.12855891599423738,-0.08695579040088008,2.7822156743149464,0.2414,True
2502,0.32,0.08,0.23,0.26,0.11,0.8556584991934495,0.2287935885930259,0.1134339476096962,-0.07722662118193757,2.9626259066030216,0.2414,True
2503,0.3,0.09,0.26,0.26,0.09,0.817719857818296,0.22036361583185737,0.10588261871450788,-0.07506683962331795,2.935565383298833,0.2414,True
2504,0.3,0.08,0.26,0.26,0.1,0.8396788906343047,0.22525705621785042,0.10966030395667778,-0.07899551526788595,2.8515170190860717,0.2416,True
2505,0.3,0.09,0.27,0.25,0.09,0.8217869480340441,0.22127290520103382,0.1068945645777794,-0.0773156478806275,2.8619420682171737,0.2416,True
2506,0.3,0.09,0.25,0.27,0.09,0.8136512646225735,0.21945263217870292,0.1048877262290744,-0.07281154119725508,3.013981417920818,0.2416,True
2507,0.36,0.09,0.22,0.19,0.14,0.9239543523016371,0.24368380605536744,0.1301825899417861,-0.08948582982935405,2.7231552360866838,0.2418,True
2508,0.36,0.09,0.19,0.22,0.14,0.911755618322388,0.24105032682703142,0.1277718699185034,-0.08568541221020731,2.813201461127081,0.2418,True
2509,0.37,0.1,0.18,0.2,0.15,0.9282104953338286,0.2446000077541184,0.13262195132995303,-0.08848634763832985,2.764268322542498,0.24180000000000001,True
2510,0.3,0.08,0.27,0.25,0.1,0.8437381849971806,0.2261573747996739,0.11065796682005523,-0.08122358507515115,2.784380603126844,0.24180000000000001,True
2511,0.3,0.08,0.25,0.27,0.1,0.8356180512846227,0.22435506870311572,0.10867925880003858,-0.07676105851293702,2.922771950380332,0.24180000000000001,True
2512,0.3,0.1,0.25,0.27,0.08,0.7915926641605486,0.21448970305316228,0.10124898852706771,-0.06880802084681881,3.1172194812965435,0.24180000000000001,True
2513,0.37,0.11,0.19,0.2,0.13,0.8917298107720029,0.23670272723407826,0.12526755395357816,-0.08280046710159872,2.858712462861311,0.242,True
2514,0.31,0.09,0.31,0.14,0.15,0.9550278832682342,0.2503420806365695,0.13671412675162817,-0.10751963321473323,2.3283383057734013,0.2424,True
2515,0.31,0.09,0.26,0.25,0.09,0.8222292531622692,0.22137171081777485,0.10722415171062957,-0.07556254109732186,2.9296488392662177,0.2424,True
2516,0.31,0.09,0.25,0.26,0.09,0.8181513976462329,0.22046016054241502,0.10624030478542565,-0.0733095480274899,3.007250303326737,0.2424,True
2517,0.36,0.08,0.21,0.2,0.15,0.9415258050925432,0.24745765873011183,0.13341278151613384,-0.0917306918962405,2.6976538998530506,0.24259999999999998,True
2518,0.36,0.08,0.2,0.21,0.15,0.9374694457259074,0.2465884952441555,0.13261780396729228,-0.09047715422274116,2.725422758513068,0.24259999999999998,True
2519,0.35,0.08,0.22,0.22,0.13,0.9033611999008431,0.2392316140535089,0.12462805725158355,-0.08542044361115309,2.800636521422527,0.24259999999999998,True
2520,0.32,0.09,0.3,0.14,0.15,0.9558159948050473,0.25051003252532533,0.13683250725846025,-0.10585228023636695,2.3666002467395058,0.2426,True
2521,0.32,0.09,0.3,0.15,0.14,0.9373908907490409,0.2465716511563003,0.1325997720906907,-0.10246495796598654,2.406399768769244,0.2426,True
2522,0.37,0.1,0.19,0.2,0.14,0.9135170177311354,0.2414312708711881,0.12921186532509332,-0.08638060921347879,2.794970689249495,0.2426,True
2523,0.31,0.08,0.26,0.25,0.1,0.8442303789892958,0.22626644956743913,0.11095521033555542,-0.07948513253866651,2.8466512206841834,0.2426,True
2524,0.31,0.08,0.25,0.26,0.1,0.8401603042162105,0.22536389903073273,0.1099842293305272,-0.07725294228861945,2.9172209155318125,0.2426,True
2525,0.36,0.09,0.21,0.21,0.13,0.9010375289459889,0.23872722876746444,0.12524010839010477,-0.0848409831606679,2.813819688008258,0.2428,True
2526,0.31,0.09,0.31,0.13,0.16,0.9732470239915685,0.2542132224549447,0.1410168175125562,-0.11133932611478714,2.283229397246929,0.24280000000000002,True
2527,0.31,0.13,0.31,0.09,0.16,0.9613837148637032,0.25169526774332174,0.1415884164805359,-0.11016554495788788,2.284700428246738,0.24280000000000002,True
2528,0.31,0.09,0.31,0.16,0.13,0.918129967195799,0.24242782299497345,0.12827296059344961,-0.10073219472500339,2.4066568156962718,0.24280000000000002,True
2529,0.31,0.09,0.24,0.27,0.09,0.8140720387311782,0.21954690928515008,0.10527397274550936,-0.07105004791384861,3.0900318258949047,0.24280000000000002,True
2530,0.32,0.09,0.3,0.13,0.16,0.9740868877266242,0.25439109823005857,0.14111788424304378,-0.10920536267589576,2.3294744140455,0.243,True
2531,0.32,0.13,0.3,0.09,0.16,0.9622248053213551,0.25187412079142457,0.14169334615778537,-0.10827852407510963,2.326168766547897,0.243,True
2532,0.37,0.09,0.2,0.18,0.16,0.9578624395249127,0.250945933104743,0.13822932129080834,-0.09448766223515426,2.6558592642519443,0.243,True
2533,0.36,0.08,0.22,0.19,0.15,0.9455804161228298,0.24832523847421362,0.13422362779292368,-0.09298072777587141,2.670717302544649,0.243,True
2534,0.36,0.08,0.19,0.22,0.15,0.9334113414350362,0.24571774295683158,0.13183897727320443,-0.08922010002008662,2.7540626260395555,0.243,True
2535,0.32,0.09,0.3,0.16,0.13,0.9188151564080655,0.24257571054490534,0.12842987347157836,-0.09904286871584012,2.4491991567900713,0.243,True
2536,0.37,0.1,0.18,0.21,0.14,0.9094426931376456,0.24054974679835706,0.1284479057030633,-0.08510662305616967,2.8264515517152664,0.243,True
2537,0.36,0.09,0.22,0.2,0.13,0.9051160663378992,0.23961226031830085,0.12606878535703683,-0.08611553913497627,2.782450911010799,0.243,True
2538,0.36,0.09,0.2,0.22,0.13,0.896957324709194,0.2378405678397677,0.12442823387277842,-0.08356281435859969,2.8462488927084686,0.243,True
2539,0.31,0.08,0.24,0.27,0.1,0.8360886840372519,0.2244596730579127,0.109030284494678,-0.07501434859003397,2.9922231849885486,0.24300000000000002,True
2540,0.31,0.08,0.31,0.15,0.15,0.9579836189205986,0.2509717352524312,0.13657546613952615,-0.10775311480069771,2.3291367095664333,0.2436,True
2541,0.37,0.09,0.2,0.19,0.15,0.9392572390592799,0.2469717183510607,0.13400749496534936,-0.09117051404724463,2.708899044082166,0.2436,True
2542,0.37,0.09,0.19,0.2,0.15,0.935194466302518,0.24610050012793216,0.13323434278948154,-0.08991345510640214,2.737082006655186,0.2436,True
2543,0.32,0.09,0.25,0.25,0.09,0.8226570333044254,0.22146725651810972,0.10761242153843513,-0.0738068529131024,3.000632702478962,0.2436,True
2544,0.32,0.08,0.3,0.15,0.15,0.9587713801678317,0.2511394435247525,0.13669283823448689,-0.10608833653533922,2.3672672390437106,0.2438,True
2545,0.3,0.08,0.32,0.15,0.15,0.9571818203240454,0.250800992332908,0.1365045295920785,-0.10982807562263242,2.283578137111829,0.2438,True
2546,0.36,0.08,0.21,0.21,0.14,0.92280412664219,0.24343596998482986,0.12921913061881327,-0.08838951782533555,2.7541271405720074,0.2438,True
2547,0.31,0.08,0.31,0.14,0.16,0.9762194419878167,0.2548425279239348,0.14087933872219402,-0.1116305580064525,2.282910096258807,0.24380000000000002,True
2548,0.31,0.08,0.31,0.16,0.14,0.9395932179713096,0.2470437109398007,0.13232279290603194,-0.10438280075304796,2.366708970803191,0.24380000000000002,True
2549,0.37,0.1,0.2,0.2,0.13,0.8987030657691992,0.23822008678092343,0.12590458010464628,-0.08425896779085607,2.8272371834915297,0.24380000000000002,True
2550,0.32,0.08,0.25,0.25,0.1,0.8447081088999737,0.22637230039991496,0.11130918591946865,-0.07774413741964536,2.911760396517209,0.24380000000000002,True
2551,0.32,0.09,0.24,0.26,0.09,0.8185683979895031,0.22055343794472893,0.10665701345141665,-0.07154966513469141,3.0825222945423945,0.24380000000000002,True
2552,0.32,0.08,0.3,0.14,0.16,0.9770589979226192,0.25502016019593454,0.14097942917370737,-0.10943540656157569,2.3303258808879477,0.244,True
2553,0.32,0.14,0.3,0.08,0.16,0.9592658688413851,0.25124469336338295,0.1418426340517039,-0.10804513416509565,2.325367961313971,0.244,True
2554,0.37,0.09,0.21,0.18,0.15,0.9433182655828629,0.24784134679595016,0.13479671722023442,-0.09242405371734741,2.6815675879560765,0.244,True
2555,0.32,0.08,0.3,0.16,0.14,0.9403293785549538,0.2472014242356313,0.1324587105443615,-0.10270713771665096,2.4068573005861773,0.244,True
2556,0.3,0.08,0.32,0.16,0.14,0.9388429491905133,0.24688293406668627,0.13223484194350738,-0.10605608346370277,2.327852641769304,0.244,True
2557,0.37,0.09,0.18,0.21,0.15,0.931129950724674,0.24522768703060893,0.1324775376079174,-0.08865286205363376,2.766156459587842,0.244,True
2558,0.36,0.08,0.22,0.2,0.14,0.9268731718442267,0.24431227325173754,0.13003882985462284,-0.08965067167759566,2.7251583137083504,0.244,True
2559,0.36,0.08,0.2,0.22,0.14,0.9187333725884299,0.24255806061637553,0.12841575178481612,-0.0871248128178278,2.784029632563439,0.244,True
2560,0.37,0.1,0.19,0.21,0.13,0.894616513774042,0.23733131682584863,0.1251166870078818,-0.08297715047200382,2.8602008562094854,0.244,True
2561,0.32,0.08,0.24,0.26,0.1,0.8406272392180476,0.22546751072844917,0.11036521503418223,-0.07550781704742793,2.9860154821695963,0.24400000000000002,True
2562,0.31,0.08,0.31,0.17,0.13,0.9210518199894022,0.24305821504576564,0.12813139158410133,-0.10097796947427173,2.4070420143246656,0.2444,True
2563,0.29,0.08,0.27,0.27,0.09,0.8200996329535428,0.22089583246066002,0.10543817233017827,-0.07711012244789917,2.8646800893087967,0.2444,True
2564,0.32,0.09,0.23,0.27,0.09,0.814478258856498,0.21963791164807178,0.10571956038506003,-0.07001609867555836,3.136963009976223,0.2444,True
2565,0.29,0.09,0.27,0.27,0.08,0.7980773560691703,0.21595289154792918,0.10177222486086922,-0.07315068375382117,2.9521650443444893,0.2444,True
2566,0.37,0.1,0.18,0.22,0.13,0.8905283004492743,0.2364409056979624,0.1243461539118312,-0.08219143954779096,2.876709630575112,0.24459999999999998,True
2567,0.32,0.08,0.3,0.17,0.13,0.9217365739334535,0.2432058587732553,0.12828722995185202,-0.09929128543321275,2.4494179696852165,0.2446,True
2568,0.37,0.09,0.2,0.2,0.14,0.9205008668285635,0.242939395396788,0.12984591286636213,-0.08781913241102246,2.7663606861856893,0.2446,True
2569,0.3,0.08,0.32,0.17,0.13,0.9203528870004054,0.24290747790237166,0.12802512984153794,-0.10266224527342549,2.366083824247405,0.2446,True
2570,0.32,0.08,0.23,0.27,0.1,0.8365448237112207,0.22456103907587543,0.10943868043382299,-0.07373915788558605,3.045343146233175,0.2446,True
2571,0.37,0.09,0.19,0.21,0.14,0.9164237296084399,0.2420594047362301,0.12906538786320332,-0.0865508490473782,2.796730562443426,0.2448,True
2572,0.37,0.08,0.2,0.19,0.16,0.960810545678356,0.2515733573132488,0.13808802437071724,-0.09464390224584562,2.658104234330549,0.245,True
2573,0.3,0.05,0.3,0.2,0.15,0.9580725500558269,0.2509906702552487,0.13413326408946924,-0.10621069932576466,2.3631392303088172,0.245,True
2574,0.35,0.1,0.2,0.25,0.1,0.8321578420965314,0.22358544185818263,0.11130400166480027,-0.07347011983266483,3.04321596817073,0.245,True
2575,0.25,0.1,0.2,0.35,0.1,0.7873037755257575,0.2135200286842025,0.0978733999868933,-0.06307176608997356,3.3853504019470533,0.245,True
2576,0.2,0.1,0.25,0.35,0.1,0.7849051503891298,0.21297704718779675,0.09721021056567589,-0.07225470741471729,2.947587151178696,0.245,True
2577,0.2,0.15,0.3,0.3,0.05,0.6964595929527055,0.19260617451282802,0.083723651928926,-0.06230879088672614,3.091155706471261,0.245,True
2578,0.2,0.2,0.2,0.35,0.05,0.6432097782848543,0.17999799722786225,0.0727722518585512,-0.03815807738586574,4.7171663133776205,0.245,True
2579,0.2,0.3,0.15,0.3,0.05,0.5970955812481082,0.1688573424084998,0.06995056828797164,-0.045698724086019604,3.6950121865690675,0.245,True
2580,0.15,0.3,0.2,0.3,0.05,0.5960120416785395,0.16859300824324075,0.06836006106831205,-0.036700904990352834,4.593701661786186,0.245,True
2581,0.3,0.08,0.27,0.26,0.09,0.8246167128312507,0.22190476451850372,0.10674655851240376,-0.0776032812673012,2.8594765697363,0.24500000000000002,True
2582,0.3,0.08,0.26,0.27,0.09,0.8205450460734405,0.2209953937924929,0.10573470089511747,-0.07535826261303202,2.93259672037974,0.24500000000000002,True
2583,0.3,0.09,0.27,0.26,0.08,0.8025522192162475,0.21696053720712127,0.10312807105418326,-0.07365000037927916,2.9458321261348073,0.24500000000000002,True
2584,0.3,0.09,0.26,0.27,0.08,0.7984731928530118,0.21604209308289657,0.1021028313413507,-0.07138395204128878,3.0264798586373716,0.24500000000000002,True
2585,0.37,0.08,0.21,0.18,0.16,0.9648612226271034,0.25243440876392964,0.13886895771005736,-0.0958844088091142,2.632695053337334,0.24539999999999998,True
2586,0.36,0.08,0.22,0.21,0.13,0.9080175560524493,0.24024110697730694,0.12592320346231775,-0.08628619518505676,2.784235722319953,0.24539999999999998,True
2587,0.36,0.08,0.21,0.22,0.13,0.9039344905285542,0.23935599165617205,0.125094792367313,-0.08501375963651081,2.8154970757624977,0.24539999999999998,True
2588,0.37,0.09,0.18,0.22,0.14,0.9123448890518766,0.24117779651900206,0.1283016997056641,-0.08527898156421665,2.828103620554975,0.2454,True
2589,0.37,0.08,0.2,0.2,0.15,0.9421882959451444,0.24759949679812387,0.13386473042834426,-0.09133239924597725,2.710971121335449,0.24580000000000002,True
2590,0.31,0.08,0.26,0.26,0.09,0.8250583862585412,0.22200332699530234,0.10707486384292146,-0.07585301557363622,2.9267567718489325,0.24580000000000002,True
2591,0.31,0.09,0.26,0.26,0.08,0.8029442402929523,0.21704873266993996,0.10349104037480163,-0.07188488874970866,3.0193930385796084,0.24580000000000002,True
2592,0.32,0.09,0.31,0.13,0.15,0.9598139002923551,0.2513613188681021,0.13780049364568206,-0.10797449330046072,2.3279694230065866,0.246,True
2593,0.31,0.09,0.32,0.13,0.15,0.9590149645136687,0.251191291644028,0.13770189790256712,-0.10963803752245638,2.291096204568403,0.246,True
2594,0.37,0.08,0.21,0.19,0.15,0.9462538130893121,0.2484692108882578,0.13465363076292072,-0.09258388455684774,2.6837198728218667,0.246,True
2595,0.37,0.08,0.19,0.21,0.15,0.9381210300455691,0.24672819313928152,0.13309189599432067,-0.09007740557014632,2.739068599696135,0.246,True
2596,0.32,0.09,0.31,0.15,0.13,0.9228419290498218,0.24344411674001853,0.1294265287929916,-0.10119636215054018,2.4056607526846663,0.246,True
2597,0.37,0.09,0.21,0.2,0.13,0.9056863242518647,0.239735904043894,0.12656057178043753,-0.08570903864086765,2.797090106778814,0.246,True
2598,0.37,0.09,0.2,0.21,0.13,0.9015969036822113,0.2388486864290018,0.12575588485311578,-0.0844329846365729,2.8288551856491213,0.246,True
2599,0.31,0.08,0.27,0.25,0.09,0.829139316267004,0.22291326328252836,0.10807565998254427,-0.07809574752448012,2.8543585322959273,0.24600000000000002,True
2600,0.31,0.08,0.25,0.27,0.09,0.820975946916733,0.2210916958012188,0.10609109949262457,-0.07360382527195419,3.003807138886068,0.24600000000000002,True
2601,0.31,0.09,0.25,0.27,0.08,0.798854456455637,0.21612799818671902,0.10249541012581188,-0.0696146032099435,3.104635927248208,0.24600000000000002,True
2602,0.37,0.09,0.19,0.22,0.13,0.8975058158486209,0.23795983327018555,0.1249682328779415,-0.08315331093712064,2.8617000404244566,0.2464,True
2603,0.37,0.08,0.22,0.18,0.15,0.9503175780659836,0.24933734047217748,0.13545832106359834,-0.0938318761937963,2.65727757545002,0.24659999999999999,True
2604,0.37,0.08,0.18,0.22,0.15,0.9340520188027233,0.24585529481803037,0.1323354044900038,-0.08881888875582389,2.7680519117270483,0.24659999999999999,True
2605,0.37,0.08,0.21,0.2,0.14,0.9274946452128743,0.2444460041487997,0.1304982555625047,-0.08924939620232741,2.7389093321667213,0.247,True
2606,0.37,0.08,0.2,0.21,0.14,0.9234147017231558,0.24356754128256597,0.12970148465338044,-0.08798677122278287,2.7682291087355844,0.247,True
2607,0.32,0.08,0.31,0.14,0.15,0.9627737272460895,0.2519908183178525,0.13766043179731066,-0.10820716053583157,2.3287813585535186,0.24700000000000003,True
2608,0.31,0.08,0.32,0.14,0.15,0.9619751344732572,0.25182103505703557,0.1375628331825844,-0.10986814148937951,2.2920296242689973,0.24700000000000003,True
2609,0.32,0.08,0.31,0.15,0.14,0.9443463885329366,0.24806131686017707,0.13344056138243582,-0.10484144965579534,2.36606149261181,0.24700000000000003,True
2610,0.31,0.08,0.32,0.15,0.14,0.9435994042498923,0.24790150498395502,0.13332524294289796,-0.10651326994684995,2.3274236638088164,0.24700000000000003,True
2611,0.32,0.08,0.26,0.25,0.09,0.8295772414286178,0.22301082822214946,0.10843470508242085,-0.0763470732232655,2.9210134561411136,0.24700000000000003,True
2612,0.32,0.08,0.25,0.26,0.09,0.8254855247565689,0.22209863077624492,0.10746189969087629,-0.07410017653134726,2.997275326088981,0.24700000000000003,True
2613,0.32,0.09,0.25,0.26,0.08,0.8033216655357749,0.21713363233575156,0.1039147248034049,-0.07011716425371906,3.0967258109591143,0.24700000000000003,True
2614,0.32,0.08,0.31,0.13,0.16,0.981046268251266,0.25586309631333726,0.14193307443110673,-0.11153894570636902,2.293935043880616,0.2474,True
2615,0.31,0.08,0.32,0.13,0.16,0.9801958729646585,0.25568341192113464,0.14185199048014024,-0.11386784231345048,2.245440035803088,0.2474,True
2616,0.32,0.08,0.31,0.16,0.13,0.9257678329612649,0.24407435133807054,0.1292835587311096,-0.10144129224478693,2.406065083921617,0.2474,True
2617,0.31,0.08,0.32,0.16,0.13,0.9250722631440316,0.24392458469058909,0.12914920862053447,-0.10312408730445621,2.365350240341459,0.2474,True
2618,0.37,0.08,0.19,0.22,0.14,0.9193330489626841,0.24268746632256044,0.1289212483166119,-0.08672058838631924,2.7984988436822693,0.2474,True
2619,0.32,0.08,0.24,0.27,0.09,0.8213922983321351,0.22118473172713848,0.10650657001883111,-0.07184680473206562,3.0785604530638584,0.2474,True
2620,0.32,0.09,0.24,0.27,0.08,0.7992211097257826,0.21621059988682378,0.10294905378951268,-0.06784263144023561,3.1869430076174075,0.2474,True
2621,0.37,0.08,0.21,0.21,0.13,0.9085872998472582,0.2403645139793904,0.12641401356242282,-0.08588041677186142,2.798827986802987,0.24839999999999998,True
2622,0.37,0.08,0.22,0.2,0.13,0.9126795826343657,0.2412501850055,0.12723515207153765,-0.08715075252518767,2.7681939399866415,0.24860000000000002,True
2623,0.37,0.08,0.2,0.22,0.13,0.9044933438618894,0.2394772129997591,0.12560958616713402,-0.08460648795698977,2.8304828480943307,0.24860000000000002,True
2624,0.31,0.08,0.27,0.26,0.08,0.8098482902038631,0.21859988937885078,0.10435192189921604,-0.07444233076888251,2.9364997995230326,0.2494,True
2625,0.31,0.08,0.26,0.27,0.08,0.8057553699919364,0.21768079603970958,0.10333880372230338,-0.07218244676460495,3.015702650667843,0.2494,True
2626,0.35,0.05,0.25,0.2,0.15,0.9618266960661748,0.25178947152064124,0.13513773903550272,-0.09754933197363669,2.5811501363093794,0.25,True
2627,0.35,0.05,0.2,0.25,0.15,0.9415409122698752,0.24746089350838552,0.13098131223597045,-0.09011170323310635,2.7461570986871577,0.25,True
2628,0.25,0.15,0.2,0.35,0.05,0.6776932466749397,0.18819330135719392,0.07915872755282494,-0.04739831238131198,3.9704641769354225,0.25,True
2629,0.2,0.15,0.25,0.35,0.05,0.6765090994214409,0.1879137496535943,0.07754267976911318,-0.05050063538177618,3.7210175324131756,0.25,True
2630,0.25,0.2,0.15,0.35,0.05,0.644150468899531,0.180223074620937,0.07547307022272949,-0.05149379519658248,3.49989885058808,0.25,True
2631,0.15,0.2,0.25,0.35,0.05,0.6419056673086245,0.1796858227316973,0.0723507182488052,-0.047104643368175325,3.8146095561588735,0.25,True
2632,0.2,0.25,0.15,0.35,0.05,0.6101721244309593,0.1720380339539953,0.0687653845133901,-0.04281426169149605,4.018241285897644,0.25,True
2633,0.15,0.25,0.2,0.35,0.05,0.6091091880977206,0.17178013360815703,0.06722975308352262,-0.03589859465572487,4.785149258781992,0.25,True
2634,0.32,0.08,0.26,0.26,0.08,0.8102358101506073,0.21868683779937204,0.10474488522376772,-0.07268171066408857,3.0088289860164696,0.2504,True
2635,0.32,0.08,0.32,0.13,0.15,0.9667743071914714,0.2528406612524001,0.1386412860499889,-0.11032013130194607,2.2918814387591286,0.2506,True
2636,0.32,0.08,0.32,0.15,0.13,0.9297974038254624,0.244941269646888,0.13029363853169132,-0.10358529897769575,2.364633515221396,0.2506,True
2637,0.32,0.08,0.25,0.27,0.08,0.8061321111013102,0.21776545384799206,0.10376123622037625,-0.07041760990238954,3.0924857311949525,0.2506,True
2638,0.35,0.1,0.3,0.1,0.15,0.967216865047523,0.25293460296284564,0.140371838961075,-0.10698508262743256,2.3642043988849477,0.255,True
2639,0.3,0.05,0.3,0.25,0.1,0.8645059144606708,0.23074293019568692,0.11332466012615196,-0.0886738716379567,2.6021524258890913,0.255,True
2640,0.3,0.05,0.25,0.3,0.1,0.8441488643824742,0.226248386513344,0.1082607777961614,-0.07762053506238109,2.9148006559284285,0.255,True
2641,0.25,0.05,0.3,0.3,0.1,0.8415882274102298,0.22568069644530553,0.10741091634872903,-0.08627403569860881,2.615858811029802,0.255,True
2642,0.3,0.1,0.15,0.35,0.1,0.7893425188934238,0.21398116118378763,0.10017661107005017,-0.06363389120037533,3.3626917535183756,0.255,True
2643,0.4,0.1,0.2,0.15,0.15,0.9504955133801234,0.24937532467329415,0.13799739339697967,-0.09357502478576918,2.664977383059363,0.25500000000000006,True
2644,0.35,0.05,0.3,0.15,0.15,0.9820683368556764,0.2560789864082791,0.1396642583487176,-0.10814976296789713,2.3678182862434274,0.25999999999999995,True
2645,0.3,0.05,0.35,0.15,0.15,0.9780424939607157,0.25522818319336893,0.13915945766343876,-0.11740388076726938,2.173933106174827,0.25999999999999995,True
2646,0.15,0.3,0.15,0.35,0.05,0.5765731118006481,0.16383033324875895,0.06290128520413353,-0.03462400627063511,4.731697769697574,0.25999999999999995,True
2647,0.35,0.05,0.25,0.25,0.1,0.8669751784964221,0.23128587932743994,0.11495596646730431,-0.0800591779603459,2.8889364744913832,0.26,True
2648,0.25,0.05,0.35,0.25,0.1,0.8616763188257055,0.2301201604829406,0.11309643737382717,-0.09722643120945684,2.3668477554955003,0.26,True
2649,0.25,0.05,0.25,0.35,0.1,0.8214614598425343,0.22120018485905435,0.10209432363255082,-0.07516481430675281,2.9428687730980227,0.26,True
2650,0.25,0.1,0.25,0.35,0.05,0.7114989561018987,0.19611921815661137,0.0835732544457086,-0.05483083148401524,3.576805473281684,0.26,True
2651,0.2,0.1,0.2,0.4,0.1,0.7650825814798159,0.20847103948702306,0.09207056974189119,-0.06006684269858498,3.4706508636242024,0.26000000000000006,True
2652,0.4,0.1,0.25,0.1,0.15,0.97089811437496,0.2537154758353497,0.1420071901172998,-0.09978742315544875,2.542559651431343,0.265,True
2653,0.35,0.05,0.3,0.2,0.1,0.8875637921356205,0.23579443373787057,0.11977043414378191,-0.09105713617705502,2.5895217402772555,0.265,True
2654,0.3,0.05,0.35,0.2,0.1,0.8848238094912704,0.2351963219495794,0.11876115366552263,-0.09957170804221604,2.362079817390114,0.265,True
2655,0.35,0.05,0.2,0.3,0.1,0.8463473574289679,0.22673537054394743,0.11056288493867539,-0.0730521660229263,3.103746033660248,0.265,True
2656,0.3,0.05,0.2,0.35,0.1,0.8237530857714235,0.22171199420122512,0.10362354029244741,-0.06860036733741592,3.231935961956566,0.265,True
2657,0.25,0.1,0.15,0.4,0.1,0.7672148136038783,0.20895734652607278,0.09347841985658745,-0.056311955829669524,3.710710158214355,0.265,True
2658,0.3,0.1,0.2,0.35,0.05,0.712561347145162,0.19636660240945147,0.08616089288966892,-0.05637318994747098,3.483333169409564,0.265,True
2659,0.2,0.1,0.3,0.35,0.05,0.710069639639342,0.19578623148848862,0.08292506758210495,-0.06390206978407997,3.0638480435772233,0.265,True
2660,0.2,0.3,0.1,0.35,0.05,0.5773965860611259,0.1640328820369883,0.0656890633386687,-0.04743161281151287,3.458302855710049,0.265,True
2661,0.1,0.3,0.2,0.35,0.05,0.5753897222363427,0.16353913304927192,0.06281470884401191,-0.03506557771746843,4.663808318429687,0.265,True
2662,0.4,0.05,0.2,0.2,0.15,0.9652247225452195,0.252511619966044,0.13727633765343128,-0.09436183034578904,2.6759932383752503,0.26500000000000007,True
2663,0.2,0.15,0.2,0.4,0.05,0.6565264012778607,0.18317627904252287,0.07183387967567628,-0.03852556753192704,4.75466789400884,0.26500000000000007,True
2664,0.2,0.2,0.15,0.4,0.05,0.6233108600827666,0.1752165542342592,0.06768759774557846,-0.03992104755964154,4.389077064485542,0.26500000000000007,True
2665,0.15,0.2,0.2,0.4,0.05,0.622268582966091,0.1749650345018321,0.06621075735534554,-0.03510464513486078,4.98409922190276,0.26500000000000007,True
2666,0.4,0.05,0.25,0.15,0.15,0.9857398725458899,0.25685390798697405,0.14127782131050418,-0.10052403423605683,2.555149223158052,0.27,True
2667,0.4,0.05,0.15,0.25,0.15,0.9446653771571234,0.24812954969257173,0.13366971756662216,-0.08969220507680986,2.766456120463095,0.27,True
2668,0.25,0.15,0.15,0.4,0.05,0.6574460442603463,0.18339514068991947,0.07449255416496293,-0.04894818380000654,3.7467200302924204,0.27,True
2669,0.15,0.15,0.25,0.4,0.05,0.6552420950328586,0.18287049723753945,0.07147766694925657,-0.04782089263182132,3.8240711783755468,0.27,True
2670,0.15,0.25,0.15,0.4,0.05,0.5895558202420637,0.16701549939532212,0.06171579348451225,-0.0316749406369371,5.272795971732946,0.27,True
2671,0.3,0.05,0.3,0.3,0.05,0.7675253256167736,0.2090281336512494,0.09560349896650998,-0.07054648872157432,2.9629842312382166,0.27499999999999997,True
2672,0.4,0.05,0.25,0.2,0.1,0.8899406115983586,0.23631280180848613,0.12207095940802982,-0.08391464487992151,2.816109180306254,0.275,True
2673,0.25,0.05,0.2,0.4,0.1,0.8012964426373945,0.2166779310748106,0.09720653061158582,-0.06411716781787913,3.3794058354272747,0.275,True
2674,0.2,0.05,0.25,0.4,0.1,0.7989127554626254,0.21614113286369085,0.09658752298840483,-0.07408009154783912,2.9176682742638373,0.275,True
2675,0.25,0.1,0.2,0.4,0.05,0.6911679102911878,0.19136515344530003,0.07829487692451992,-0.044832851341696456,4.2684136234565635,0.275,True
2676,0.2,0.1,0.25,0.4,0.05,0.6900039561845439,0.19109183221667214,0.07672830449546296,-0.052197372279393695,3.660947359453777,0.275,True
2677,0.2,0.25,0.1,0.4,0.05,0.5903577808006459,0.16721168199717606,0.06446096514051632,-0.04456098916563522,3.7524230302797505,0.275,True
2678,0.1,0.25,0.2,0.4,0.05,0.5883927014787043,0.16673084981811193,0.061715385317877146,-0.034641036512967016,4.8131022221491655,0.275,True
2679,0.35,0.05,0.35,0.1,0.15,1.0022654081236468,0.2603300431360869,0.14452700579375047,-0.11860529643701379,2.194927637774904,0.27999999999999997,True
2680,0.35,0.1,0.35,0.05,0.15,0.9873026130508376,0.2571834532531456,0.1452446162033146,-0.11752372395523458,2.1883535051281067,0.27999999999999997,True
2681,0.35,0.05,0.35,0.15,0.1,0.9081127718318085,0.2402617325077927,0.12495806699564707,-0.10190090374149396,2.357797857389937,0.27999999999999997,True
2682,0.35,0.05,0.15,0.35,0.1,0.8256807554479988,0.22214218598940128,0.10664308039361375,-0.07241338363565086,3.067695152972182,0.27999999999999997,True
2683,0.3,0.05,0.25,0.35,0.05,0.7468769912271904,0.204302777612837,0.0902357600515813,-0.05906380391270949,3.4590182832581604,0.27999999999999997,True
2684,0.25,0.05,0.3,0.35,0.05,0.7455671489790303,0.2040017678236321,0.08858947102116743,-0.06801780127609014,2.999240845724655,0.27999999999999997,True
2685,0.15,0.35,0.1,0.35,0.05,0.544297886618776,0.1558354465459768,0.05956890376080416,-0.03935470003930108,3.9597671025405776,0.27999999999999997,True
2686,0.1,0.35,0.15,0.35,0.05,0.5433516771314035,0.1555993875090007,0.05820131539998679,-0.02859350019513851,5.441774754650564,0.27999999999999997,True
2687,0.3,0.1,0.1,0.4,0.1,0.7689853516324212,0.2093608632769004,0.09657187333915124,-0.06512765454317215,3.2146231081931287,0.28,True
2688,0.4,0.05,0.3,0.1,0.15,1.0062104006443566,0.2611570392330831,0.14564226121422014,-0.11039984411557258,2.3655562317614294,0.28500000000000003,True
2689,0.3,0.05,0.4,0.1,0.15,0.9979679207247116,0.2594279156137871,0.1444907350536057,-0.12842745417618562,2.020034713589246,0.28500000000000003,True
2690,0.4,0.1,0.3,0.05,0.15,0.9912564087431988,0.25801644504710786,0.14638052066215884,-0.10925531553897672,2.3615916880040566,0.28500000000000003,True
2691,0.4,0.05,0.3,0.15,0.1,0.9107620698490277,0.24083534536717255,0.1266458004172541,-0.0934240003691239,2.57787446925434,0.28500000000000003,True
2692,0.3,0.05,0.4,0.15,0.1,0.9051021229594969,0.23960923679606316,0.12452227239634836,-0.11031730275800444,2.1720005004262806,0.28500000000000003,True
2693,0.3,0.05,0.15,0.4,0.1,0.803319005142259,0.21713303393679495,0.0994723873916276,-0.06195554587535723,3.5046585558882057,0.28500000000000003,True
2694,0.3,0.1,0.15,0.4,0.05,0.6919631266520065,0.1915518150842228,0.08188015216195088,-0.05786678335954998,3.310220543865953,0.28500000000000003,True
2695,0.15,0.3,0.1,0.4,0.05,0.5571042550621301,0.1590209187751792,0.058202455494825854,-0.036429040314194916,4.365223936827543,0.28500000000000003,True
2696,0.1,0.3,0.15,0.4,0.05,0.556179170861032,0.15879139876595305,0.056906156347239355,-0.026371531344403176,6.021318849185954,0.28500000000000003,True
2697,0.45,0.05,0.2,0.15,0.15,0.9890524571224026,0.2575522492816378,0.14394392555375718,-0.09913957277389829,2.5978753193643658,0.29000000000000004,True
2698,0.45,0.05,0.15,0.2,0.15,0.9682619855840469,0.2531563946756519,0.14047846682422024,-0.10046919152355271,2.519741533067927,0.29000000000000004,True
2699,0.25,0.05,0.25,0.4,0.05,0.7251530544024769,0.19929089584779702,0.08281438691846776,-0.05647523574029856,3.5288191936769677,0.29000000000000004,True
2700,0.2,0.15,0.15,0.45,0.05,0.6365119250366971,0.17839292479543123,0.0667194998553572,-0.03716208371000029,4.800401564873118,0.29000000000000004,True
2701,0.15,0.15,0.2,0.45,0.05,0.6354903631168216,0.17814773312235999,0.06530535156185903,-0.03576967968249778,4.98041175385555,0.29000000000000004,True
2702,0.15,0.2,0.15,0.45,0.05,0.6026005146969937,0.1701984510907606,0.06064980109280164,-0.028716779519541213,5.926794506150797,0.29000000000000004,True
2703,0.2,0.05,0.2,0.45,0.1,0.7789772186129251,0.21163303944804124,0.09145304979104721,-0.06200354974636091,3.413240698536979,0.29500000000000004,True
2704,0.25,0.1,0.1,0.45,0.1,0.7470887703496378,0.2043514316213506,0.08965367125265034,-0.05355365115665167,3.815826320106449,0.29500000000000004,True
2705,0.3,0.05,0.2,0.4,0.05,0.7261948638832805,0.19953220704214725,0.08536272434973778,-0.05385791636276116,3.7047888317511903,0.29500000000000004,True
2706,0.2,0.05,0.3,0.4,0.05,0.723743076601451,0.1989641521503509,0.0822177402264771,-0.06547099663771261,3.038966296042965,0.29500000000000004,True
2707,0.2,0.1,0.2,0.45,0.05,0.6699057528418164,0.18635242258418616,0.07099989773413441,-0.04031729884205337,4.622145529000801,0.29500000000000004,True
2708,0.2,0.2,0.1,0.45,0.05,0.603380905573458,0.17038832076557586,0.0633462087130225,-0.041681689713265135,4.087845812818621,0.29500000000000004,True
2709,0.45,0.05,0.25,0.1,0.15,1.0097982543779116,0.2619082267248207,0.14779306100333742,-0.10469555414116949,2.5016174647843084,0.3,True
2710,0.45,0.1,0.25,0.05,0.15,0.9948543085493604,0.25877349834004093,0.1485499551711201,-0.10399161220037989,2.4884074096419826,0.3,True
2711,0.25,0.05,0.15,0.45,0.1,0.7810936023095598,0.21211321786686166,0.09281500559009127,-0.057416178024163655,3.694310996764598,0.3,True
2712,0.25,0.1,0.15,0.45,0.05,0.6708042922119031,0.1865651192364861,0.07361199713566709,-0.046394949460075496,4.021237686594142,0.3,True
2713,0.15,0.1,0.25,0.45,0.05,0.6686413073082986,0.1860529816163361,0.07071092393187048,-0.04954468863072159,3.7552558459509355,0.3,True
2714,0.25,0.15,0.1,0.45,0.05,0.6371670113675323,0.1785501025983518,0.07054344899072501,-0.05048614984927968,3.5366155496386953,0.3,True
2715,0.15,0.25,0.1,0.45,0.05,0.5699722102501776,0.16220416434453933,0.05695896385899983,-0.03349440682024707,4.842723897605745,0.3,True
2716,0.1,0.25,0.15,0.45,0.05,0.5690683073155911,0.16198112817148447,0.05573948772675774,-0.025438607772955035,6.367531180055149,0.3,True
2717,0.1,0.35,0.1,0.4,0.05,0.5242255734186154,0.15080700467060448,0.053134364314942714,-0.028191015628911353,5.349470436103907,0.305,True
2718,0.4,0.05,0.35,0.05,0.15,1.0266358803258746,0.2654216204649351,0.15033889877149784,-0.120805218407944,2.1971039327840933,0.31,True
2719,0.35,0.05,0.4,0.05,0.15,1.0224174833553192,0.2645432287247922,0.1496943235098108,-0.1289188831252942,2.0520130357295048,0.31,True
2720,0.25,0.05,0.2,0.45,0.05,0.70470564576701,0.19453492877142753,0.07752639675977165,-0.0457662012713389,4.250624333404203,0.31,True
2721,0.2,0.05,0.25,0.45,0.05,0.7035619407874478,0.19426778792549415,0.07601207230416783,-0.05386798450212904,3.606368230053531,0.31,True
2722,0.05,0.35,0.15,0.4,0.05,0.523179158062502,0.15054365277443194,0.053646589284819676,-0.025951248473510047,5.801017740171561,0.31,True
2723,0.3,0.05,0.1,0.45,0.1,0.7828470490097406,0.21251076278263126,0.09587063397718752,-0.06258759403146408,3.395413517186772,0.315,True
2724,0.1,0.3,0.1,0.45,0.05,0.5369391715205074,0.15399705603734715,0.051755470454144796,-0.025059680760697423,6.145212203934769,0.315,True
2725,0.45,0.05,0.3,0.05,0.15,1.030498950835828,0.26622495429820603,0.15199731542639752,-0.11263488078811046,2.3636102105797074,0.32,True
2726,0.3,0.05,0.15,0.45,0.05,0.7054793700998037,0.19471558364339003,0.08107447506817936,-0.05536328725170114,3.517052424256239,0.32,True
2727,0.15,0.15,0.15,0.5,0.05,0.6157073319986219,0.17337921046850124,0.059706471283735255,-0.026424834696267774,6.561222140511222,0.32,True
2728,0.15,0.3,0.05,0.45,0.05,0.5376058979777567,0.15416386238965596,0.054463561575823716,-0.0382198740788916,4.033604665244015,0.32,True
2729,0.5,0.05,0.15,0.1,0.2,1.086600429332262,0.2777782042585417,0.16708220034817425,-0.11777515166069596,2.358546776138367,0.325,True
2730,0.5,0.15,0.1,0.05,0.2,1.0357266341652442,0.2673104413882801,0.1656661686828835,-0.12385099355502038,2.1583229469170817,0.325,True
2731,0.5,0.05,0.2,0.1,0.15,1.013024325415397,0.2625829048815236,0.15091850132841145,-0.10964200554975523,2.394911544757946,0.325,True
2732,0.2,0.1,0.15,0.5,0.05,0.6497754561259284,0.18156716688576924,0.06586309336598184,-0.03466780463521424,5.237342508309286,0.325,True
2733,0.15,0.1,0.2,0.5,0.05,0.6487746653830901,0.18132825135920383,0.06451546582961622,-0.03760098027128178,4.822434150678129,0.325,True
2734,0.2,0.15,0.1,0.5,0.05,0.6164660972127223,0.17356281982000032,0.062347724638188724,-0.03879367506390219,4.473997875532598,0.325,True
2735,0.15,0.2,0.1,0.5,0.05,0.5829018890160753,0.16538520563280734,0.05584299916858096,-0.030550758206671857,5.413456664937682,0.325,True
2736,0.1,0.2,0.15,0.5,0.05,0.5820192233282315,0.16516859879151524,0.054705867038333404,-0.024596927160679183,6.715009468969559,0.325,True
2737,0.5,0.05,0.2,0.05,0.2,1.107222603235373,0.281972942571042,0.17035517813307957,-0.11851269849778756,2.379263540069556,0.335,True
2738,0.25,0.05,0.1,0.5,0.1,0.7608533653737626,0.2075053044407953,0.08899337279753913,-0.05095433424159801,4.0723778954095815,0.335,True
2739,0.25,0.1,0.05,0.5,0.1,0.7269260722778026,0.1997015166537668,0.08647545815320141,-0.05510538697949208,3.623992636656147,0.335,True
2740,0.2,0.05,0.2,0.5,0.05,0.6833479698099212,0.18952644887268133,0.07027149151860171,-0.04209246837669023,4.502621399547963,0.335,True
2741,0.25,0.1,0.1,0.5,0.05,0.6504085283787957,0.18171824827745864,0.06964641340850197,-0.047945030392296695,3.790137304963628,0.335,True
2742,0.1,0.25,0.1,0.5,0.05,0.5497141499116536,0.1571848358856982,0.050514278124462866,-0.023679358024478625,6.638053097689887,0.335,True
2743,0.05,0.4,0.1,0.4,0.05,0.4917199819928926,0.14256933217034606,0.049703337147283894,-0.029001903834580234,4.9158611442726885,0.3350000000000001,True
2744,0.5,0.05,0.25,0.05,0.15,1.0340020509762273,0.26695255097409354,0.15462018475672124,-0.10883908471126247,2.452726901207299,0.34,True
2745,0.25,0.05,0.15,0.5,0.05,0.6842253495873607,0.18973303066814795,0.07283254616072075,-0.043834057884593935,4.32843865762271,0.34,True
2746,0.15,0.05,0.25,0.5,0.05,0.682103440968107,0.18923329751505102,0.07005147390529207,-0.05124184719726732,3.6929444948882066,0.34,True
2747,0.15,0.25,0.05,0.5,0.05,0.5503587846368345,0.15734522847086896,0.05316583408627256,-0.035299537320799046,4.457430335160757,0.34,True
2748,0.1,0.35,0.05,0.45,0.05,0.5050707635309681,0.1459670735609795,0.0490729637241606,-0.029902896190803663,4.8813691031663415,0.34,True
2749,0.05,0.35,0.1,0.45,0.05,0.5042800355072647,0.1457663963293625,0.0482038460771938,-0.02488952145009493,5.85653672054858,0.34,True
2750,0.1,0.3,0.05,0.5,0.05,0.517670150729526,0.1491552051112901,0.04761253754586603,-0.026925709273876386,5.539508860997845,0.355,True
2751,0.05,0.3,0.1,0.5,0.05,0.5169011260222733,0.14896111892042208,0.04684977373543535,-0.02177596141680982,6.840621916487804,0.355,True
2752,0.15,0.1,0.15,0.55,0.05,0.6288764089801069,0.17655779935366622,0.058888546355933984,-0.02781284959523267,6.348065801352823,0.36000000000000004,True
2753,0.15,0.15,0.1,0.55,0.05,0.5958934281929942,0.16856406470514562,0.05485878398877157,-0.02759805286823691,6.1078245450840845,0.36000000000000004,True
2754,0.1,0.15,0.15,0.55,0.05,0.5950320557321311,0.16835383336688614,0.05380938607644224,-0.025637853439169245,6.566611895427911,0.36000000000000004,True
2755,0.2,0.1,0.1,0.55,0.05,0.629613492551611,0.17673520034079715,0.06146811189508683,-0.036170857245924726,4.886121419218214,0.36500000000000005,True
2756,0.1,0.2,0.1,0.55,0.05,0.5625506454252169,0.1603703672130794,0.04941706382568571,-0.022750429608908163,7.04911379564827,0.36500000000000005,True
2757,0.55,0.05,0.15,0.05,0.2,1.1114287630995396,0.28282514961386584,0.1736391012712957,-0.12801573574276381,2.2092998799942665,0.37000000000000005,True
2758,0.55,0.05,0.2,0.05,0.15,1.0371405368381743,0.26760370772233366,0.15814492319826357,-0.11982231661028231,2.2333377895931097,0.37000000000000005,True
2759,0.2,0.05,0.15,0.55,0.05,0.6631015901836239,0.18473930146097217,0.06512003047522288,-0.03397964515576146,5.436763704097966,0.37000000000000005,True
2760,0.15,0.05,0.2,0.55,0.05,0.6621216265980534,0.1845066107987432,0.06384261806847304,-0.039403771055196435,4.6824607355546775,0.37000000000000005,True
2761,0.2,0.15,0.05,0.55,0.05,0.5963893443206785,0.16868506642928582,0.058886810110564666,-0.040554509415657414,4.159465096726318,0.37000000000000005,True
2762,0.15,0.2,0.05,0.55,0.05,0.5631731324380935,0.160524400585345,0.0520028653136385,-0.03237026475867388,4.9590079593751595,0.37000000000000005,True
2763,0.05,0.4,0.05,0.45,0.05,0.47290598543590434,0.13774662346303557,0.045409569069237384,-0.028748936876422992,4.791364079135795,0.37000000000000005,True
2764,0.05,0.35,0.05,0.5,0.05,0.48535268567255385,0.14094172721140974,0.043801028350625805,-0.024453848263161215,5.763580672238531,0.38,True
2765,0.25,0.05,0.1,0.55,0.05,0.6637125923782881,0.18488433661289783,0.06885601152221751,-0.04539631939020894,4.072672390545688,0.38000000000000006,True
2766,0.1,0.25,0.05,0.55,0.05,0.5303306557816565,0.152341075632759,0.046297947023867206,-0.023939275275790206,6.363646095285999,0.38000000000000006,True
2767,0.05,0.25,0.1,0.55,0.05,0.5295833903711122,0.15215352392381565,0.04564945145140483,-0.020843539827410162,7.299792894282148,0.38000000000000006,True
2768,0.15,0.1,0.1,0.6,0.05,0.6089469646141117,0.17174076331881594,0.05401004883802672,-0.025248462311019182,6.802028622704011,0.40499999999999997,True
2769,0.1,0.1,0.15,0.6,0.05,0.608106941360463,0.17153685431928367,0.053053514463552984,-0.02666311352025863,6.433489254319455,0.40499999999999997,True
2770,0.1,0.15,0.1,0.6,0.05,0.5754487948943856,0.16355367269220245,0.048469594055488084,-0.021821968973846806,7.494909047309996,0.40499999999999997,True
2771,0.6,0.05,0.15,0.05,0.15,1.0399097645127124,0.2681776974710883,0.1625002869497874,-0.13085393081547936,2.0494431905851793,0.41,True
2772,0.15,0.05,0.15,0.6,0.05,0.6421078824746274,0.17973423926864296,0.0581982490777174,-0.029179093361217934,6.159692388096217,0.41,True
2773,0.15,0.15,0.05,0.6,0.05,0.5760490782147074,0.16370140072633843,0.050980002115186725,-0.029432015316286475,5.562018059828637,0.41,True
2774,0.6,0.05,0.1,0.05,0.2,1.115272708426625,0.2836029792935164,0.17768112716546192,-0.13909068158451432,2.0389790032137665,0.415,True
2775,0.2,0.05,0.1,0.6,0.05,0.6428232284233131,0.17990548321618194,0.060709554307395205,-0.03407524342133916,5.279653647419538,0.415,True
2776,0.2,0.1,0.05,0.6,0.05,0.6094202886336375,0.1718556277158314,0.057986496321706334,-0.0377797693336106,4.548879750913165,0.415,True
2777,0.1,0.2,0.05,0.6,0.05,0.5430524155205514,0.15552470805048935,0.04513739186763275,-0.0219809759298083,7.075423245406634,0.415,True
2778,0.1,0.1,0.1,0.65,0.05,0.5884087351523046,0.16673477467698916,0.047676881213329914,-0.02089397576604657,7.980040588921278,0.45500000000000007,True
2779,0.15,0.05,0.1,0.65,0.05,0.622062635112598,0.1749153229287388,0.05329988656899508,-0.023815120595151562,7.344717077113991,0.46,True
2780,0.1,0.05,0.15,0.65,0.05,0.6212440170463995,0.17471768375704033,0.0524409480202047,-0.027943581805926376,6.252515692887501,0.46,True
2781,0.15,0.1,0.05,0.65,0.05,0.5889867587998527,0.1668762505796637,0.0501020400959209,-0.026727151180341968,6.243697633678314,0.46,True
2782,0.65,0.05,0.05,0.05,0.2,1.118749795307703,0.28430576306375865,0.1824200608921356,-0.14975238915534494,1.898505691076724,0.47000000000000003,True
2783,0.2,0.05,0.05,0.65,0.05,0.6225133110437298,0.1750241013523397,0.057214290027514075,-0.03549780816777148,4.930560797588747,0.47000000000000003,True
2784,0.1,0.05,0.1,0.7,0.05,0.6014306030321501,0.16991369520839417,0.04704293809869171,-0.02191392799795322,7.753685018234259,0.5149999999999999,True
2785,0.15,0.05,0.05,0.7,0.05,0.6019863110267007,0.17004897152925658,0.04937302077959143,-0.024671357252130544,6.892566541493037,0.5199999999999999,True
