{
  "ibovespa": {
    "median_metrics": {
      "DY": 4.96,
      "P/VP": 1.395,
      "EV/EBIT": 8.245000000000001,
      "ROE": 12.36,
      "ROIC": 10.79,
      "MARGEM EBIT": 17.38,
      "MARG. LIQUIDA": 8.86,
      "CAGR RECEITAS 5 ANOS": 13.85,
      "CAGR LUCROS 5 ANOS": 14.56,
      "PEG RATIO": 0.06,
      "LIQ. CORRENTE": 1.53,
      "DIVIDA LIQUIDA / EBIT": 2.225,
      "DIV. LIQ. / PATRI.": 0.48
    }
  },
  "conservador": {
    "num_assets": 10,
    "hhi": 0.22,
    "median_metrics": {
      "DY": 9.28,
      "P/VP": 1.8050000000000002,
      "EV/EBIT": 8.504999999999999,
      "ROE": 22.05,
      "ROIC": 14.64,
      "MARGEM EBIT": 21.665,
      "MARG. LIQUIDA": 18.445,
      "CAGR RECEITAS 5 ANOS": 17.52,
      "CAGR LUCROS 5 ANOS": 11.65,
      "PEG RATIO": 0.255,
      "LIQ. CORRENTE": 3.12,
      "DIVIDA LIQUIDA / EBIT": 1.035,
      "DIV. LIQ. / PATRI.": 0.32
    },
    "zscore_metrics": {
      "DY": 1.260062331801428,
      "P/VP": -0.005435624771218395,
      "EV/EBIT": -0.24980870083124515,
      "ROE": 0.4814446509228874,
      "ROIC": 0.42289530869566866,
      "MARGEM EBIT": 0.6215816355199805,
      "MARG. LIQUIDA": 0.8888045666926596,
      "CAGR RECEITAS 5 ANOS": -0.1804818936148056,
      "CAGR LUCROS 5 ANOS": -0.20125413656854246,
      "PEG RATIO": -0.22064964404855797,
      "LIQ. CORRENTE": 0.7436019014645995,
      "DIVIDA LIQUIDA / EBIT": 0.15133964911001854,
      "DIV. LIQ. / PATRI.": -0.5451577544426144
    },
    "sector_weights": {
      "Utilidade Pública": 0.3,
      "Consumo Cíclico": 0.2,
      "Materiais Básicos": 0.2,
      "Financeiro e Outros": 0.2,
      "Bens Industriais": 0.1
    },
    "multi_run_stats": {
      "fitness": {
        "mean": 4.796017207224982,
        "median": 4.7914367291779385,
        "std": 0.2383267385893791,
        "min": 4.450482327428331,
        "max": 5.426741907158982,
        "cv": 0.0496926362629289,
        "ci_95": [
          4.4704714923866335,
          5.316764022994163
        ]
      },
      "hhi": {
        "mean": 0.20866666666666664,
        "median": 0.20000000000000004,
        "std": 0.05696392620675728,
        "min": 0.14,
        "max": 0.42000000000000004,
        "cv": 0.27299006169372503
      },
      "portfolio_similarity": {
        "jaccard_mean": 0.07606075703118513,
        "jaccard_std": 0.05930724403755434,
        "jaccard_min": 0.0,
        "jaccard_max": 0.25
      }
    },
    "consensus_info": {
      "avg_frequency": 0.2733333333333334,
      "n_runs": 30
    }
  },
  "moderado": {
    "num_assets": 12,
    "hhi": 0.167,
    "median_metrics": {
      "DY": 10.15,
      "P/VP": 1.065,
      "EV/EBIT": 6.005,
      "ROE": 17.495,
      "ROIC": 10.51,
      "MARGEM EBIT": 21.36,
      "MARG. LIQUIDA": 14.01,
      "CAGR RECEITAS 5 ANOS": 17.31,
      "CAGR LUCROS 5 ANOS": 27.59,
      "PEG RATIO": 0.05500000000000001,
      "LIQ. CORRENTE": 2.0999999999999996,
      "DIVIDA LIQUIDA / EBIT": 1.685,
      "DIV. LIQ. / PATRI.": 0.515
    },
    "zscore_metrics": {
      "DY": 0.9921201110126584,
      "P/VP": 0.2666005051100892,
      "EV/EBIT": -0.3686341300735879,
      "ROE": 0.4990599956659974,
      "ROIC": -0.045085209661895546,
      "MARGEM EBIT": 0.3022767878205839,
      "MARG. LIQUIDA": 0.3001698164928474,
      "CAGR RECEITAS 5 ANOS": 0.6414999792931261,
      "CAGR LUCROS 5 ANOS": 0.3272909619468376,
      "PEG RATIO": 0.20524516376805807,
      "LIQ. CORRENTE": -0.0135188908031619,
      "DIVIDA LIQUIDA / EBIT": 0.45111795829366963,
      "DIV. LIQ. / PATRI.": -0.43133790107150566
    },
    "sector_weights": {
      "Financeiro e Outros": 0.25,
      "Utilidade Pública": 0.167,
      "Consumo não Cíclico": 0.167,
      "Petróleo, Gás e Biocombustíveis": 0.167,
      "Consumo Cíclico": 0.083,
      "Bens Industriais": 0.083,
      "Comunicações": 0.083
    },
    "multi_run_stats": {
      "fitness": {
        "mean": 4.217257602728104,
        "median": 4.1759360796788005,
        "std": 0.18758655843208638,
        "min": 3.9368871951248,
        "max": 4.69172911009687,
        "cv": 0.04448069719780419,
        "ci_95": [
          3.958235663288311,
          4.621132346536233
        ]
      },
      "hhi": {
        "mean": 0.18703703703703708,
        "median": 0.18750000000000003,
        "std": 0.039890109682477796,
        "min": 0.11111111111111112,
        "max": 0.27777777777777773,
        "cv": 0.21327385374790103
      },
      "portfolio_similarity": {
        "jaccard_mean": 0.04123555447156804,
        "jaccard_std": 0.04166599017171184,
        "jaccard_min": 0.0,
        "jaccard_max": 0.2631578947368421
      }
    },
    "consensus_info": {
      "avg_frequency": 0.18333333333333332,
      "n_runs": 30
    }
  },
  "arrojado": {
    "num_assets": 15,
    "hhi": 0.129,
    "median_metrics": {
      "DY": 8.38,
      "P/VP": 1.24,
      "EV/EBIT": 8.27,
      "ROE": 12.16,
      "ROIC": 10.39,
      "MARGEM EBIT": 19.25,
      "MARG. LIQUIDA": 11.565,
      "CAGR RECEITAS 5 ANOS": 20.84,
      "CAGR LUCROS 5 ANOS": 22.36,
      "PEG RATIO": 0.06,
      "LIQ. CORRENTE": 1.7,
      "DIVIDA LIQUIDA / EBIT": 1.09,
      "DIV. LIQ. / PATRI.": 0.37
    },
    "zscore_metrics": {
      "DY": 0.7947628883570963,
      "P/VP": 0.1832363766742356,
      "EV/EBIT": -0.0600537153839651,
      "ROE": 0.332834510476062,
      "ROIC": 0.1862274137372175,
      "MARGEM EBIT": 0.26630983973879446,
      "MARG. LIQUIDA": 0.0680269424806493,
      "CAGR RECEITAS 5 ANOS": 0.5072958897182392,
      "CAGR LUCROS 5 ANOS": 0.5483433981180348,
      "PEG RATIO": -0.1331021521923526,
      "LIQ. CORRENTE": 0.4431097481807827,
      "DIVIDA LIQUIDA / EBIT": -0.0902066672397108,
      "DIV. LIQ. / PATRI.": -0.3771058164383797
    },
    "sector_weights": {
      "Financeiro e Outros": 0.2,
      "Consumo Cíclico": 0.133,
      "Consumo não Cíclico": 0.133,
      "Petróleo, Gás e Biocombustíveis": 0.133,
      "Bens Industriais": 0.133,
      "Materiais Básicos": 0.067,
      "Utilidade Pública": 0.067,
      "Tecnologia da Informação": 0.067,
      "Comunicações": 0.067
    },
    "multi_run_stats": {
      "fitness": {
        "mean": 5.797867915338929,
        "median": 5.845941088890507,
        "std": 0.21825531305059567,
        "min": 5.345091514459346,
        "max": 6.163708808613281,
        "cv": 0.03764406437635049,
        "ci_95": [
          5.3636776724321615,
          6.154165230846611
        ]
      },
      "hhi": {
        "mean": 0.1905185185185185,
        "median": 0.1866666666666667,
        "std": 0.04027450391122061,
        "min": 0.12888888888888891,
        "max": 0.28,
        "cv": 0.21139416905189667
      },
      "portfolio_similarity": {
        "jaccard_mean": 0.03432876631449759,
        "jaccard_std": 0.033936599676376425,
        "jaccard_min": 0.0,
        "jaccard_max": 0.15384615384615385
      }
    },
    "consensus_info": {
      "avg_frequency": 0.16,
      "n_runs": 30
    }
  }
}