{
  "ibovespa": {
    "median_metrics": {
      "DY": 4.96,
      "P/VP": 1.395,
      "EV/EBIT": 8.245000000000001,
      "ROE": 12.36,
      "ROIC": 10.79,
      "MARGEM EBIT": 17.38,
      "MARG. LIQUIDA": 8.86,
      "CAGR RECEITAS 5 ANOS": 13.85,
      "CAGR LUCROS 5 ANOS": 14.56,
      "PEG RATIO": 0.06,
      "LIQ. CORRENTE": 1.53,
      "DIVIDA LIQUIDA / EBIT": 2.225,
      "DIV. LIQ. / PATRI.": 0.48
    }
  },
  "conservador": {
    "num_assets": 10,
    "hhi": 0.22,
    "median_metrics": {
      "DY": 6.27,
      "P/VP": 1.13,
      "EV/EBIT": 6.09,
      "ROE": 13.715,
      "ROIC": 10.86,
      "MARGEM EBIT": 16.375,
      "MARG. LIQUIDA": 11.75,
      "CAGR RECEITAS 5 ANOS": 10.92,
      "CAGR LUCROS 5 ANOS": 14.23,
      "PEG RATIO": 0.0,
      "LIQ. CORRENTE": 1.8050000000000002,
      "DIVIDA LIQUIDA / EBIT": 1.28,
      "DIV. LIQ. / PATRI.": 0.38
    },
    "zscore_metrics": {
      "DY": 0.1272182083090908,
      "P/VP": 0.4748758351248257,
      "EV/EBIT": -0.36426110163306746,
      "ROE": 0.3105514346498523,
      "ROIC": 0.4855678771645584,
      "MARGEM EBIT": -0.6194598610444193,
      "MARG. LIQUIDA": -0.19463383097398962,
      "CAGR RECEITAS 5 ANOS": -0.4949889652236619,
      "CAGR LUCROS 5 ANOS": -0.0866229838118983,
      "PEG RATIO": -0.26584853059022956,
      "LIQ. CORRENTE": 0.1136963351456718,
      "DIVIDA LIQUIDA / EBIT": 0.2092448604016526,
      "DIV. LIQ. / PATRI.": -0.5823502256762075
    },
    "sector_weights": {
      "Materiais Básicos": 0.3,
      "Utilidade Pública": 0.2,
      "Financeiro e Outros": 0.2,
      "Petróleo, Gás e Biocombustíveis": 0.2,
      "Consumo Cíclico": 0.1
    }
  },
  "moderado": {
    "num_assets": 12,
    "hhi": 0.139,
    "median_metrics": {
      "DY": 4.51,
      "P/VP": 1.59,
      "EV/EBIT": 7.49,
      "ROE": 16.72,
      "ROIC": 10.2,
      "MARGEM EBIT": 18.18,
      "MARG. LIQUIDA": 12.129999999999999,
      "CAGR RECEITAS 5 ANOS": 19.744999999999997,
      "CAGR LUCROS 5 ANOS": 21.31,
      "PEG RATIO": 0.295,
      "LIQ. CORRENTE": 1.76,
      "DIVIDA LIQUIDA / EBIT": 1.25,
      "DIV. LIQ. / PATRI.": 0.39
    },
    "zscore_metrics": {
      "DY": 0.0,
      "P/VP": 0.36261293376084336,
      "EV/EBIT": -0.11045727600336526,
      "ROE": 0.27176567297025633,
      "ROIC": -0.2824410719837484,
      "MARGEM EBIT": -0.2250815112404224,
      "MARG. LIQUIDA": 0.3022642666169873,
      "CAGR RECEITAS 5 ANOS": 0.24359385070165773,
      "CAGR LUCROS 5 ANOS": 0.4599959633607074,
      "PEG RATIO": 0.031883302332857244,
      "LIQ. CORRENTE": -0.026560661048862094,
      "DIVIDA LIQUIDA / EBIT": -0.1052827302876109,
      "DIV. LIQ. / PATRI.": -0.3323894212831633
    },
    "sector_weights": {
      "Bens Industriais": 0.25,
      "Financeiro e Outros": 0.167,
      "Comunicações": 0.083,
      "Tecnologia da Informação": 0.083,
      "Consumo não Cíclico": 0.083,
      "Utilidade Pública": 0.083,
      "Saúde": 0.083,
      "Materiais Básicos": 0.083,
      "Consumo Cíclico": 0.083
    }
  },
  "arrojado": {
    "num_assets": 15,
    "hhi": 0.173,
    "median_metrics": {
      "DY": 5.71,
      "P/VP": 1.33,
      "EV/EBIT": 6.98,
      "ROE": 12.16,
      "ROIC": 12.86,
      "MARGEM EBIT": 15.35,
      "MARG. LIQUIDA": 8.05,
      "CAGR RECEITAS 5 ANOS": 12.7,
      "CAGR LUCROS 5 ANOS": 12.97,
      "PEG RATIO": 0.0,
      "LIQ. CORRENTE": 1.46,
      "DIVIDA LIQUIDA / EBIT": 1.76,
      "DIV. LIQ. / PATRI.": 0.475
    },
    "zscore_metrics": {
      "DY": 0.0,
      "P/VP": 0.1850772365742267,
      "EV/EBIT": -0.1811373687407869,
      "ROE": 0.3303455600051373,
      "ROIC": 0.3033019327584416,
      "MARGEM EBIT": 0.2179846305588302,
      "MARG. LIQUIDA": 0.261443004868434,
      "CAGR RECEITAS 5 ANOS": -0.3129047275348168,
      "CAGR LUCROS 5 ANOS": -0.038422935884213,
      "PEG RATIO": -0.1844148977805261,
      "LIQ. CORRENTE": -0.2993956966698452,
      "DIVIDA LIQUIDA / EBIT": -0.0902066672397108,
      "DIV. LIQ. / PATRI.": -0.16658462612420855
    },
    "sector_weights": {
      "Consumo não Cíclico": 0.267,
      "Utilidade Pública": 0.2,
      "Saúde": 0.133,
      "Bens Industriais": 0.133,
      "Consumo Cíclico": 0.133,
      "Financeiro e Outros": 0.067,
      "Materiais Básicos": 0.067
    }
  }
}