TICKER,PRECO,DY,P/L,P/VP,P/ATIVOS,MARGEM BRUTA,MARGEM EBIT,MARG. LIQUIDA,P/EBIT,EV/EBIT,DIVIDA LIQUIDA / EBIT,DIV. LIQ. / PATRI.,PSR,P/CAP. GIRO,P. AT CIR. LIQ.,LIQ. CORRENTE,ROE,ROA,ROIC,PATRIMONIO / ATIVOS,PASSIVOS / ATIVOS,GIRO ATIVOS,CAGR RECEITAS 5 ANOS,CAGR LUCROS 5 ANOS,LIQUIDEZ MEDIA DIARIA,VPA,LPA,PEG RATIO,VALOR DE MERCADO,SETOR
AHEB3,23.89,,4.12,0.70,0.34,18.50,10.33,8.96,3.57,2.20,-1.44,-0.28,0.37,1.34,-0.60,2.45,16.94,8.27,15.74,0.49,0.51,0.92,21.70,,3093.95,34.23,5.80,-0.07,208345116.53,Consumo Cíclico
AHEB5,58.00,,10.00,1.69,0.83,18.50,10.33,8.96,8.67,2.20,-1.44,-0.28,0.90,3.25,-1.45,2.45,16.94,8.27,15.74,0.49,0.51,0.92,21.70,,,34.23,5.80,-0.18,208345116.53,Consumo Cíclico
AHEB6,55.00,,9.49,1.61,0.78,18.50,10.33,8.96,8.23,2.20,-1.44,-0.28,0.85,3.08,-1.38,2.45,16.94,8.27,15.74,0.49,0.51,0.92,21.70,,,34.23,5.80,-0.17,208345116.53,Consumo Cíclico
ALLD3,4.60,25.18,1.29,0.29,0.13,11.75,9.41,6.26,0.86,1.12,0.26,0.09,0.08,0.42,-0.47,1.74,22.27,10.10,18.12,0.45,0.55,1.61,3.11,15.35,1219922.71,16.02,3.57,0.01,441423065.60,Consumo Cíclico
ALPA3,9.87,4.98,9.62,1.86,1.07,52.96,16.02,14.52,8.72,11.05,0.71,0.15,1.40,4.66,-2.07,1.91,19.37,11.15,15.17,0.58,0.42,0.77,6.29,37.98,95663.29,5.30,1.03,0.06,7999222741.92,Consumo Cíclico
ALPA4,13.53,4.00,13.18,2.55,1.47,52.96,16.02,14.52,11.95,11.05,0.71,0.15,1.91,6.39,-2.84,1.91,19.37,11.15,15.17,0.58,0.42,0.77,6.29,37.98,17289095.43,5.30,1.03,0.08,7999222741.92,Consumo Cíclico
AMAR3,0.56,,-1.82,2.23,0.14,52.58,10.01,-10.75,1.95,7.43,5.48,6.27,0.20,-0.65,-0.20,0.56,-122.78,-7.76,15.07,0.06,0.94,0.72,-7.06,,129624.57,0.25,-0.31,0.43,287569129.12,Consumo Cíclico
AMER3,4.15,,1.50,0.19,0.05,26.50,3.34,4.49,2.02,5.70,3.69,0.34,0.07,0.30,-0.10,1.56,12.51,3.43,4.51,0.27,0.73,0.76,3.98,,6284669.19,22.12,2.77,-0.02,831017903.70,Consumo Cíclico
ANIM3,2.19,3.71,6.59,0.37,0.08,63.13,24.93,3.27,0.86,4.91,4.05,1.73,0.22,0.69,-0.11,1.90,5.62,1.27,11.57,0.23,0.72,0.39,23.12,,33663943.14,5.92,0.33,0.43,884472682.95,Consumo Cíclico
AUAU3,3.52,0.86,,,,,,,,,,,,,,,,,,,,,,,9599882.86,,,,0.00,Consumo Cíclico
AVLL3,10.50,,-0.61,-0.37,0.06,34.70,21.53,-23.55,0.67,5.33,4.66,,0.14,-0.74,-0.10,0.82,-60.73,-10.31,18.26,-0.17,1.16,0.44,26.55,,3996.48,-28.36,-17.22,0.00,82038621.00,Consumo Cíclico
AZZA3,17.01,14.56,4.22,0.44,0.23,54.89,8.66,7.17,3.50,5.67,2.17,0.27,0.30,0.96,-0.41,2.20,10.39,5.48,1.51,0.53,0.47,0.76,49.34,76.49,35760711.48,38.77,4.03,0.04,3512391719.13,Consumo Cíclico
BAHI3,4.51,,-2.32,7.22,0.30,46.30,-3.46,-15.38,-10.31,-13.03,-2.72,1.91,0.36,-0.73,-0.34,0.24,-311.28,-12.87,-11.93,0.04,0.86,0.84,11.13,,16499.00,0.62,-1.95,0.08,119021524.82,Consumo Cíclico
BHIA3,0.72,,-0.46,0.23,0.02,30.06,-1.82,-5.98,-1.51,-15.89,-14.38,2.15,0.03,-0.18,-0.04,0.76,-49.14,-5.11,-11.40,0.10,0.90,0.85,1.39,,6574283.14,3.20,-1.57,0.04,729907485.12,Consumo Cíclico
BMKS3,378.01,34.41,2.89,0.83,0.68,28.02,-188.07,445.49,-6.84,-0.37,6.46,-0.79,12.86,1.06,-2.45,9.61,28.82,23.68,-29.61,0.82,0.18,0.05,-7.83,76.45,10614.14,454.44,130.97,0.01,171900047.50,Consumo Cíclico
CALI3,29.99,3.01,4.30,0.97,0.20,30.13,16.76,11.33,2.91,4.71,1.80,0.60,0.49,0.33,-0.71,6.29,22.47,4.65,8.66,0.21,0.61,0.41,64.84,90.51,1888.44,31.05,6.98,0.03,209594112.00,Consumo Cíclico
CALI4,50.00,,7.17,1.61,0.33,30.13,16.76,11.33,4.85,4.71,1.80,0.60,0.81,0.55,-1.18,6.29,22.47,4.65,8.66,0.21,0.61,0.41,64.84,90.51,,31.05,6.98,0.05,209594112.00,Consumo Cíclico
CAMB3,8.60,14.22,5.96,1.15,0.93,49.47,15.48,16.11,6.20,5.30,-0.90,-0.17,0.96,2.56,-1.91,3.53,19.24,15.69,16.28,0.82,0.18,0.97,19.61,22.63,112130.95,7.50,1.44,-0.48,363565688.00,Consumo Cíclico
CAMB4,6.25,,4.33,0.83,0.68,49.47,15.48,16.11,4.51,5.30,-0.90,-0.17,0.70,1.86,-1.39,3.53,19.24,15.69,16.28,0.82,0.18,0.97,19.61,22.63,,7.50,1.44,-0.35,363565688.00,Consumo Cíclico
CATA3,103.61,6.63,1.27,0.07,0.04,24.36,4.09,4.24,1.32,9.16,7.85,0.44,0.05,0.13,-0.09,1.80,5.79,2.75,1.40,0.48,0.52,0.65,16.54,,,1405.93,81.36,-0.03,14940354.78,Consumo Cíclico
CATA4,0.00,,0.00,0.00,0.00,24.36,4.09,4.24,0.00,9.16,7.85,0.44,0.00,0.00,0.00,1.80,5.79,2.75,1.40,0.48,0.52,0.65,16.54,,,1405.93,81.36,0.00,14940354.78,Consumo Cíclico
CEAB3,9.18,5.68,5.03,0.74,0.32,56.22,12.03,7.02,2.93,3.11,0.17,0.04,0.35,1.68,-0.63,1.67,14.79,6.45,16.09,0.44,0.56,0.92,14.34,,69127764.05,12.34,1.82,0.42,2829689724.24,Consumo Cíclico
CEDO3,9.00,,-1.62,0.35,0.10,21.93,1.79,-7.04,6.36,31.51,26.34,1.44,0.11,-5.33,-0.16,0.96,-21.39,-5.97,-1.48,0.28,0.72,0.85,6.02,,0.00,25.95,-5.55,0.01,73128918.72,Consumo Cíclico
CEDO4,5.07,,-0.91,0.20,0.05,21.93,1.79,-7.04,3.58,31.51,26.34,1.44,0.06,-3.00,-0.09,0.96,-21.39,-5.97,-1.48,0.28,0.72,0.85,6.02,,4318.50,25.95,-5.55,0.01,73128918.72,Consumo Cíclico
CGRA3,24.18,21.06,7.27,0.70,0.49,54.57,8.39,11.42,9.89,7.43,-2.51,-0.18,0.83,2.03,-0.84,2.36,9.58,6.74,6.45,0.70,0.30,0.59,10.60,3.58,19944.65,34.71,3.33,-0.40,618467868.90,Consumo Cíclico
CGRA4,24.39,20.87,7.33,0.70,0.49,54.57,8.39,11.42,9.98,7.43,-2.51,-0.18,0.84,2.05,-0.85,2.36,9.58,6.74,6.45,0.70,0.30,0.59,10.60,3.58,77943.52,34.71,3.33,-0.40,618467868.90,Consumo Cíclico
CNSY3,30.22,,-86.19,-23.75,5.37,18.72,7.08,-7.71,93.87,109.95,16.08,,6.65,-28.61,-6.18,0.41,-27.56,-6.23,4.37,-0.23,1.23,0.81,2.97,,,-1.27,-0.35,0.14,935885083.86,Consumo Cíclico
COGN3,2.22,5.81,6.82,0.34,0.19,66.92,18.80,8.92,3.24,7.00,3.76,0.39,0.61,2.33,-0.24,1.65,4.94,2.77,6.92,0.56,0.44,0.31,5.90,,51607865.10,6.59,0.33,-0.22,4582672364.82,Consumo Cíclico
CSED3,4.40,11.04,5.90,0.97,0.33,51.06,19.82,9.49,2.82,3.63,0.81,0.28,0.56,3.64,-0.44,1.55,16.46,5.59,18.30,0.34,0.66,0.59,9.51,,1027307.00,4.53,0.75,0.14,1603987228.80,Consumo Cíclico
CTKA3,44.00,,4.44,3.41,0.37,45.30,10.85,8.06,3.30,6.99,4.13,4.27,0.36,1.14,-1.10,1.96,76.83,8.35,13.16,0.11,0.89,1.04,14.83,-5.24,0.00,12.91,9.92,-0.09,236439819.00,Consumo Cíclico
CTKA4,33.00,,3.33,2.56,0.28,45.30,10.85,8.06,2.47,6.99,4.13,4.27,0.27,0.86,-0.82,1.96,76.83,8.35,13.16,0.11,0.89,1.04,14.83,-5.24,28759.14,12.91,9.92,-0.07,236439819.00,Consumo Cíclico
CTNM3,7.13,,-0.52,-0.24,0.07,-6.90,-109.23,-89.63,-0.43,-2.70,-2.48,,0.46,-0.13,-0.09,0.27,-47.26,-13.83,-120.86,-0.29,1.29,0.15,-24.09,,,-29.11,-13.76,0.01,113580609.02,Consumo Cíclico
CTNM4,0.86,,-0.06,-0.03,0.01,-6.90,-109.23,-89.63,-0.05,-2.70,-2.48,,0.06,-0.02,-0.01,0.27,-47.26,-13.83,-120.86,-0.29,1.29,0.15,-24.09,,,-29.11,-13.76,0.00,113580609.02,Consumo Cíclico
CTSA3,2.00,,-0.09,0.14,0.02,-143.89,-304.16,-453.89,-0.13,-2.31,-2.18,2.38,0.39,-0.05,-0.02,0.28,-162.82,-23.97,-34.34,0.15,0.85,0.05,-40.11,,0.00,14.25,-23.20,0.00,13912390.00,Consumo Cíclico
CTSA4,1.29,,-0.06,0.09,0.01,-143.89,-304.16,-453.89,-0.08,-2.31,-2.18,2.38,0.25,-0.03,-0.02,0.28,-162.82,-23.97,-34.34,0.15,0.85,0.05,-40.11,,0.00,14.25,-23.20,0.00,13912390.00,Consumo Cíclico
CTSA8,0.00,,0.00,0.00,0.00,-143.89,-304.16,-453.89,0.00,-2.31,-2.18,2.38,0.00,0.00,0.00,0.28,-162.82,-23.97,-34.34,0.15,0.85,0.05,-40.11,,,14.25,-23.20,0.00,13912390.00,Consumo Cíclico
CURY3,31.36,13.44,9.07,6.25,1.56,39.71,24.02,18.37,6.94,6.65,-0.29,-0.26,1.67,5.40,-3.86,1.94,68.95,17.19,38.33,0.25,0.69,0.94,36.37,45.95,100154959.57,5.01,3.46,0.19,9660372547.84,Consumo Cíclico
CVCB3,1.52,,-7.55,1.99,0.21,97.66,17.49,-7.10,3.06,3.96,0.89,0.58,0.54,-1.04,-0.48,0.73,-26.34,-2.84,20.54,0.11,0.89,0.40,18.96,,21558874.71,0.76,-0.20,-0.20,798898467.44,Consumo Cíclico
CYRE3,21.67,12.60,4.97,0.93,0.37,32.66,24.12,20.81,4.29,6.44,2.15,0.46,1.03,0.88,-0.85,3.78,18.60,7.40,10.64,0.40,0.55,0.36,19.77,2.34,136379550.38,23.42,4.36,0.32,9826184571.50,Consumo Cíclico
CYRE4,21.00,,4.82,0.90,0.36,32.66,24.12,20.81,4.16,6.44,2.15,0.46,1.00,0.85,-0.82,3.78,18.60,7.40,10.64,0.40,0.55,0.36,19.77,2.34,6873998.43,23.42,4.36,0.31,9826184571.50,Consumo Cíclico
DIRR3,11.58,13.39,7.19,2.83,0.43,40.11,23.83,18.16,5.48,6.16,0.68,0.35,1.31,1.18,-0.83,4.26,39.35,6.02,17.45,0.15,0.82,0.33,23.68,49.27,89314823.48,4.09,1.61,0.25,6027390000.00,Consumo Cíclico
DOHL3,6.48,0.51,1707.95,0.71,0.48,19.49,-0.99,0.05,-81.41,-79.37,-7.56,0.07,0.81,1.01,-1.14,5.05,0.04,0.03,-1.01,0.67,0.33,0.59,3.61,-67.89,651.00,9.12,0.00,-15.98,432366967.35,Consumo Cíclico
DOHL4,3.75,0.97,988.40,0.41,0.28,19.49,-0.99,0.05,-47.11,-79.37,-7.56,0.07,0.47,0.59,-0.66,5.05,0.04,0.03,-1.01,0.67,0.33,0.59,3.61,-67.89,17317.15,9.12,0.00,-9.25,432366967.35,Consumo Cíclico
ECPR3,90.25,,-9.87,1.21,0.62,,,,-17.12,-17.09,0.08,-0.01,,174.62,-0.62,2.97,-12.28,-6.29,-7.36,0.51,0.49,0.00,,,,74.46,-9.14,0.14,171908947.31,Consumo Cíclico
ECPR4,90.74,,-9.92,1.22,0.62,,,,-17.21,-17.09,0.08,-0.01,,175.57,-0.63,2.97,-12.28,-6.29,-7.36,0.51,0.49,0.00,,,,74.46,-9.14,0.14,171908947.31,Consumo Cíclico
ESTR3,3.01,,0.17,-0.11,0.07,37.72,164.75,94.25,0.10,0.58,0.51,,0.16,-0.07,-0.11,0.25,-62.71,40.26,-247.54,-0.64,1.64,0.43,1.71,,0.00,-28.04,17.58,0.00,17810645.00,Consumo Cíclico
ESTR4,1.80,,0.10,-0.06,0.04,37.72,164.75,94.25,0.06,0.58,0.51,,0.10,-0.04,-0.06,0.25,-62.71,40.26,-247.54,-0.64,1.64,0.43,1.71,,1221.48,-28.04,17.58,0.00,17810645.00,Consumo Cíclico
EVEN3,4.56,20.09,4.22,0.47,0.17,27.52,11.99,11.31,3.98,6.47,2.49,0.30,0.48,0.30,-0.65,4.53,11.22,4.09,4.64,0.36,0.56,0.36,2.82,71.25,3713107.86,9.64,1.08,0.01,912000000.00,Consumo Cíclico
EZTC3,10.76,13.16,5.62,0.57,0.40,41.28,27.41,36.95,7.57,7.57,0.00,0.00,2.08,1.30,-0.73,3.06,10.15,7.09,4.63,0.70,0.29,0.19,9.86,5.56,21500100.62,18.86,1.92,0.73,2984383130.52,Consumo Cíclico
FIEI3,9.39,,-2.82,0.32,0.21,129.00,4635.00,8052.00,-4.91,-9.13,-4.22,0.28,,4.49,-0.27,1.26,-11.49,-7.35,-5.00,0.64,0.36,0.00,,,3400.00,28.92,-3.32,0.00,22744016.67,Consumo Cíclico
GFSA3,0.23,,-0.06,0.02,0.01,-37.28,-81.85,-124.05,-0.09,-3.67,-3.58,0.94,0.07,0.06,-0.02,1.31,-39.87,-12.93,-13.56,0.32,0.68,0.10,-6.86,,2348691.38,9.74,-3.88,0.00,36194861.03,Consumo Cíclico
GRND3,3.56,36.97,5.54,1.00,0.84,44.55,11.09,22.71,11.35,10.09,-1.26,-0.11,1.26,2.32,-1.73,3.36,18.04,15.16,7.80,0.84,0.16,0.67,6.38,7.41,8633656.71,3.56,0.64,-0.19,3211689600.00,Consumo Cíclico
HBOR3,1.92,1.05,45.74,0.18,0.04,30.22,10.57,0.48,2.07,15.49,13.42,1.15,0.22,0.15,-0.07,2.34,0.39,0.08,2.12,0.22,0.58,0.18,2.99,-26.68,1687921.29,10.82,0.04,-0.51,256994058.24,Consumo Cíclico
HETA3,96.00,,63.42,-0.14,4.71,100.00,87.46,17.01,12.33,86.30,81.76,,10.79,-10.69,-5.25,0.19,-0.22,7.43,-14.56,-33.69,34.69,0.44,24.64,,,-686.23,1.51,-5.09,18061252.80,Consumo Cíclico
HETA4,4.80,,3.17,-0.01,0.24,100.00,87.46,17.01,0.62,86.30,81.76,,0.54,-0.53,-0.26,0.19,-0.22,7.43,-14.56,-33.69,34.69,0.44,24.64,,436.68,-686.23,1.51,-0.25,18061252.80,Consumo Cíclico
HGTX3,37.50,,101.99,3.57,2.48,40.58,-0.59,4.10,-707.65,-713.65,-5.99,0.03,4.18,7.50,-5.59,2.47,3.51,2.43,-13.60,0.69,0.31,0.59,-7.54,-26.63,,10.49,0.37,-1.23,6095022637.50,Consumo Cíclico
HOOT3,0.00,,0.00,0.00,0.00,64.96,40.17,17.19,0.00,-0.03,-0.66,,0.00,0.00,0.00,0.89,-266.14,6.32,-93.20,-0.02,1.08,0.37,39.80,,,-0.71,1.89,0.00,51393155.94,Consumo Cíclico
HOOT4,6.51,,3.44,-9.15,0.22,64.96,40.17,17.19,1.47,-0.03,-0.66,,0.59,-6.91,-0.29,0.89,-266.14,6.32,-93.20,-0.02,1.08,0.37,39.80,,35870.15,-0.71,1.89,-0.06,51393155.94,Consumo Cíclico
INNT3,0.00,,0.00,0.00,0.00,33.54,10.50,12.74,0.00,5.97,5.97,1.43,0.00,0.00,0.00,2.00,29.15,4.56,-1.50,0.16,0.84,0.36,20.14,,,3.23,0.94,0.00,0.00,Consumo Cíclico
JFEN3,0.49,,-0.03,-0.02,0.01,-39.87,-143.86,-152.80,-0.04,-2.00,-1.96,,0.05,0.19,-0.06,1.06,-64.98,-26.00,-356.46,-0.40,1.39,0.17,43.27,,12020.71,-22.41,-14.56,0.00,6273345.05,Consumo Cíclico
JHSF3,10.79,6.27,3.85,1.04,0.41,63.21,65.84,53.01,3.10,3.59,0.49,0.16,2.04,2.15,-0.67,1.92,27.12,10.55,17.45,0.39,0.59,0.20,24.34,24.37,29838787.90,10.33,2.80,0.05,7377728405.32,Consumo Cíclico
LAME3,6.60,,21.15,1.91,0.28,32.90,4.35,2.27,11.03,16.86,5.87,1.01,0.48,1.20,-0.66,1.72,9.02,1.34,3.37,0.15,0.63,0.59,3.50,18.61,,3.46,0.31,-46.97,12391135396.59,Consumo Cíclico
LAME4,6.57,,21.06,1.90,0.28,32.90,4.35,2.27,10.98,16.86,5.87,1.01,0.48,1.19,-0.65,1.72,9.02,1.34,3.37,0.15,0.63,0.59,3.50,18.61,,3.46,0.31,-46.75,12391135396.59,Consumo Cíclico
LAVV3,9.44,27.26,5.11,1.27,0.37,33.97,24.16,19.91,4.21,5.43,1.22,0.37,1.02,0.58,-2.46,4.12,24.90,7.26,12.34,0.29,0.65,0.36,37.41,31.02,6144765.86,7.42,1.85,-0.41,1844900282.88,Consumo Cíclico
LCAM3,24.15,,8.39,1.13,0.79,21.34,14.36,18.40,10.75,8.49,-2.27,-0.24,1.54,2.97,-1.15,6.45,13.49,9.38,-11.87,0.70,0.18,0.51,12.12,34.05,,21.32,2.88,0.11,12285815275.65,Consumo Cíclico
LEVE3,32.11,8.88,6.55,4.06,1.14,27.06,17.26,12.31,4.67,5.74,1.07,0.93,0.81,6.82,-2.95,1.37,62.01,17.34,21.45,0.28,0.72,1.41,17.61,39.77,7476642.57,7.90,4.90,0.20,4352157290.00,Consumo Cíclico
LJQQ3,1.05,,-1.10,0.74,0.06,31.13,-0.05,-6.88,-140.81,-110.41,30.40,-0.16,0.08,0.18,-0.23,1.77,-67.62,-5.34,-2.58,0.08,0.92,0.78,11.46,,2463237.67,1.41,-0.96,-0.01,217263126.15,Consumo Cíclico
LREN3,12.39,7.26,8.35,1.20,0.65,61.99,11.16,9.35,7.00,6.35,-0.65,-0.11,0.78,2.70,-1.59,1.69,14.41,7.82,12.61,0.54,0.46,0.84,16.00,6.39,200945708.71,10.30,1.48,0.91,12474810727.05,Consumo Cíclico
MDNE3,24.90,14.37,5.12,1.23,0.42,36.36,20.47,19.89,4.98,5.14,0.16,0.04,1.02,1.18,-0.95,2.78,23.93,8.21,15.01,0.34,0.66,0.41,35.64,,29351153.10,20.30,4.86,0.06,2594938410.60,Consumo Cíclico
MEAL3,0.59,,-0.92,0.22,0.08,33.25,2.28,-11.66,4.68,10.03,5.35,0.25,0.11,-1.26,-0.10,0.75,-23.97,-9.01,1.87,0.38,0.62,0.77,8.44,,196593.00,2.68,-0.64,-0.01,169139158.60,Consumo Cíclico
MELK3,2.81,14.83,4.69,0.54,0.20,24.68,10.20,10.20,4.68,8.47,3.78,0.43,0.48,0.56,-0.61,2.19,11.47,4.35,4.59,0.38,0.57,0.43,13.95,23.81,1157554.05,5.22,0.60,0.04,579616848.21,Consumo Cíclico
MGLU3,4.40,1.77,38.57,0.31,0.10,29.88,4.72,0.23,1.89,3.65,1.76,0.29,0.09,2.18,-0.18,1.10,0.79,0.25,4.95,0.31,0.69,1.07,5.81,-25.73,90438099.14,14.39,0.11,-0.50,3414158044.00,Consumo Cíclico
MNDL3,17.11,,-4.55,1.47,0.12,38.86,14.03,-3.70,1.20,4.68,3.48,4.28,0.17,-0.94,-0.20,0.76,-32.37,-2.62,21.31,0.08,0.92,0.71,14.65,,8523.37,11.62,-3.76,0.00,169748994.40,Consumo Cíclico
MOVI3,7.76,9.69,8.56,1.02,0.09,33.28,22.90,2.45,0.92,6.25,5.33,5.94,0.21,-1.90,-0.12,0.85,11.92,1.01,12.75,0.09,0.91,0.41,29.14,27.29,34853231.05,7.60,0.91,0.22,3120753382.16,Consumo Cíclico
MRVE3,4.46,,-3.30,0.48,0.09,29.49,4.50,-6.68,4.89,20.36,15.46,1.52,0.22,0.31,-0.20,2.08,-14.60,-2.69,1.45,0.18,0.79,0.40,10.41,,45907751.62,9.27,-1.35,-0.33,2510247538.66,Consumo Cíclico
MSPA3,38.29,,-6.81,0.31,0.17,29.41,-12.32,-20.26,-11.20,-19.78,-8.69,0.24,1.38,-17.66,-0.19,0.90,-4.51,-2.52,-2.97,0.56,0.44,0.12,11.98,,11487.00,124.64,-5.62,0.00,242778019.45,Consumo Cíclico
MSPA4,35.10,,-6.24,0.28,0.16,29.41,-12.32,-20.26,-10.26,-19.78,-8.69,0.24,1.26,-16.19,-0.17,0.90,-4.51,-2.52,-2.97,0.56,0.44,0.12,11.98,,830.23,124.64,-5.62,0.00,242778019.45,Consumo Cíclico
MSRO3,702.50,,-582.54,543.26,99.88,32.64,14.13,-31.06,1280.98,1289.87,8.89,3.77,180.97,-174.92,-116.86,0.20,-93.26,-17.15,-0.45,0.18,0.82,0.55,-1.45,,,1.29,-1.21,-2.37,18271898550.00,Consumo Cíclico
MTRE3,2.92,13.27,4.71,0.30,0.13,27.86,10.08,5.89,2.75,7.27,4.52,0.50,0.28,0.25,-0.67,2.74,6.40,2.72,4.87,0.43,0.55,0.46,20.73,6.32,2465437.95,9.69,0.62,0.33,308862474.40,Consumo Cíclico
MYPK3,9.36,3.28,15.73,0.35,0.10,11.88,6.08,0.60,1.56,5.69,4.12,0.93,0.10,0.48,-0.18,1.73,2.23,0.61,7.80,0.27,0.69,1.01,11.89,,7645204.48,26.64,0.60,-0.24,1438815465.36,Consumo Cíclico
NAFG3,64.37,,11.80,2.76,1.15,41.15,16.49,9.34,6.68,5.06,1.17,0.48,1.10,3.20,-2.87,2.52,23.42,9.77,15.89,0.42,0.58,1.05,7.87,35.19,,23.30,5.46,-1.14,508315292.42,Consumo Cíclico
NAFG4,19.02,,3.49,0.82,0.34,41.15,16.49,9.34,1.97,5.06,1.17,0.48,0.33,0.94,-0.85,2.52,23.42,9.77,15.89,0.42,0.58,1.05,7.87,35.19,,23.30,5.46,-0.34,508315292.42,Consumo Cíclico
OBTC3,6.42,,,,,,,,,,,,,,,,,,,,,,,,1159077.90,,,,0.00,Consumo Cíclico
PDGR3,1.30,,-0.02,0.00,0.01,41.45,-127.39,-225.96,-0.03,-2.65,-2.62,,0.04,-0.01,-0.02,0.26,-7.46,-58.04,6.29,-7.78,8.98,0.26,-9.66,,80641.76,-986.71,-73.57,0.00,4273731.80,Consumo Cíclico
PETZ3,4.34,,40.37,1.14,0.50,47.09,4.89,1.32,10.90,10.64,-0.26,-0.03,0.53,6.98,-0.79,1.24,2.83,1.24,7.75,0.44,0.56,0.94,20.08,-3.64,23680881.00,3.80,0.11,-0.18,1957947209.40,Consumo Cíclico
PLAS3,2.59,,-0.16,-0.04,0.05,13.44,-1.25,-17.27,-2.22,-18.31,-16.09,,0.03,-0.06,-0.08,0.28,-25.78,-33.13,2.81,-1.29,2.29,1.92,25.56,,1271.40,-62.58,-16.13,0.00,32181832.62,Consumo Cíclico
PLPL3,7.02,6.99,4.26,1.35,0.32,29.95,14.33,9.84,2.93,3.11,0.18,0.08,0.42,0.55,-3.32,2.87,31.56,7.62,17.29,0.24,0.74,0.77,29.50,20.50,16198431.52,5.22,1.65,-0.47,1431385020.00,Consumo Cíclico
PTNT3,8.42,3.15,14.31,0.93,0.35,15.94,4.43,3.41,11.02,15.16,4.07,0.34,0.49,0.81,-0.89,3.47,6.48,2.44,0.93,0.38,0.57,0.71,12.50,,0.00,9.07,0.59,-0.54,407113794.08,Consumo Cíclico
PTNT4,8.50,,14.45,0.94,0.35,15.94,4.43,3.41,11.12,15.16,4.07,0.34,0.49,0.81,-0.90,3.47,6.48,2.44,0.93,0.38,0.57,0.71,12.50,,0.00,9.07,0.59,-0.54,407113794.08,Consumo Cíclico
RDNI3,2.14,,-1.00,9.64,0.24,1.47,-40.54,-60.48,-1.50,-4.44,-2.95,19.01,0.61,1.92,-0.54,1.30,-961.84,-24.32,-32.32,0.03,0.96,0.40,1.98,,3199.00,0.22,-2.14,-0.02,218887205.74,Consumo Cíclico
RENT3,37.82,5.52,12.42,1.57,0.47,26.10,18.95,7.39,4.84,8.77,3.93,1.27,0.92,16.08,-0.61,1.14,12.63,3.77,11.56,0.30,0.70,0.51,32.30,26.71,279055896.62,24.11,3.05,0.26,42519488427.90,Consumo Cíclico
RENT4,37.26,,12.23,1.55,0.46,26.10,18.95,7.39,4.77,8.77,3.93,1.27,0.90,15.84,-0.60,1.14,12.63,3.77,11.56,0.30,0.70,0.51,32.30,26.71,5056902.90,24.11,3.05,0.26,42519488427.90,Consumo Cíclico
RIAA3,7.76,31.29,2.54,0.72,0.28,61.58,22.25,14.35,1.64,2.19,0.55,0.24,0.37,1.13,-0.78,1.61,28.35,10.83,27.20,0.38,0.62,0.75,10.94,,10474817.95,10.76,3.05,0.01,3896029048.24,Consumo Cíclico
RSID3,1.60,,0.39,-0.04,0.07,18.63,33.41,53.86,0.64,8.11,7.48,,0.21,-0.28,-0.12,0.59,-10.46,18.37,-8.69,-1.76,2.76,0.34,19.21,,0.00,-38.77,4.05,-0.01,32435526.40,Consumo Cíclico
SBFG3,9.17,5.92,6.32,0.69,0.23,48.56,6.85,4.20,3.87,8.79,4.92,0.87,0.27,1.66,-0.46,1.39,10.84,3.67,8.17,0.34,0.66,0.87,26.30,,16068155.95,13.39,1.45,-0.15,2115188824.98,Consumo Cíclico
SEDU3,23.80,,-13.36,15.00,1.53,48.36,-15.73,-25.77,-21.89,-27.94,-6.05,4.15,3.44,57.90,-2.27,1.09,-112.29,-11.46,-13.15,0.10,0.90,0.44,12.49,,,1.59,-1.78,0.01,6238667820.00,Consumo Cíclico
SEER3,12.02,1.99,6.27,1.09,0.43,59.66,20.61,10.91,3.32,4.16,0.84,0.28,0.68,3.48,-0.66,1.56,17.40,6.91,19.39,0.40,0.60,0.63,12.13,8.37,7569336.52,11.01,1.92,0.02,1547233151.20,Consumo Cíclico
SGPS3,1.64,,-0.03,-0.02,0.01,4.26,-86.62,-139.61,-0.04,-2.72,-2.68,,0.04,-0.01,-0.01,0.25,-64.46,-26.55,-303.18,-0.41,1.41,0.19,-20.94,,,-95.16,-61.34,0.00,16400000.00,Consumo Cíclico
SHOW3,6.06,,-0.94,0.41,0.13,28.06,-8.81,-22.80,-2.43,-0.73,1.69,-0.28,0.21,1.10,-0.26,1.30,-43.49,-13.74,-13.15,0.32,0.68,0.60,35.22,,360864.90,14.86,-6.46,0.02,40852047.72,Consumo Cíclico
SLED3,3.21,,0.45,-0.08,0.48,47.85,73.94,92.71,0.56,0.95,0.65,,0.42,-0.20,-0.72,0.12,-18.07,107.04,-15.91,-5.92,6.92,1.15,-45.03,,,-39.57,7.15,-0.02,16497692.59,Consumo Cíclico
SLED4,1.60,,0.22,-0.04,0.24,47.85,73.94,92.71,0.28,0.95,0.65,,0.21,-0.10,-0.36,0.12,-18.07,107.04,-15.91,-5.92,6.92,1.15,-45.03,,,-39.57,7.15,-0.01,16497692.59,Consumo Cíclico
SMFT3,18.15,5.72,16.29,1.84,0.52,43.20,23.78,8.53,5.84,8.20,2.36,0.74,1.39,15.95,-0.65,1.20,11.30,3.19,14.39,0.28,0.72,0.37,41.96,,128837462.95,9.86,1.11,0.55,11182756668.60,Consumo Cíclico
SMLS3,22.40,,10.78,4.09,1.02,85.18,41.42,39.07,10.17,9.93,-0.24,-0.10,4.21,18.78,-2.54,1.10,37.96,9.43,20.63,0.25,0.75,0.24,,,,5.47,2.08,-0.33,2781160547.20,Consumo Cíclico
SOMA3,5.95,,2.96,0.80,0.49,56.80,-46.46,29.33,-1.87,-2.32,-0.45,0.19,0.87,2.01,-0.84,2.36,27.15,16.44,-47.20,0.61,0.39,0.56,37.72,80.87,99716529.00,7.40,2.01,0.01,4669246869.35,Consumo Cíclico
STKF3,0.00,,0.00,0.00,0.00,54.65,36.95,23.68,0.00,3.27,3.27,0.25,0.00,0.00,0.00,3.14,4.97,3.15,4.97,0.63,0.37,0.13,24.60,27.74,,8.19,0.41,0.00,0.00,Consumo Cíclico
TCSA3,0.71,,-0.46,0.20,0.05,-13.99,-17.42,-58.25,-1.54,-16.54,-15.00,1.96,0.27,0.41,-0.07,1.78,-43.60,-11.47,-4.78,0.26,0.73,0.20,3.50,,58545.48,3.53,-1.54,0.03,52269653.30,Consumo Cíclico
TECN3,9.22,4.45,7.64,1.28,0.83,54.72,15.68,15.21,7.41,7.64,0.23,0.04,1.16,1.75,-2.38,3.60,16.78,10.80,14.07,0.64,0.36,0.71,14.36,,547015.81,7.19,1.21,0.48,561555302.30,Consumo Cíclico
TEKA3,42.50,,0.06,-0.01,0.02,23.34,35.87,90.01,0.16,0.63,0.52,,0.06,-0.01,-0.02,0.05,-14.59,28.13,23.17,-1.93,2.93,0.31,17.70,,,-4505.47,657.25,0.00,14260237.50,Consumo Cíclico
TEKA4,21.25,,0.03,0.00,0.01,23.34,35.87,90.01,0.08,0.63,0.52,,0.03,0.00,-0.01,0.05,-14.59,28.13,23.17,-1.93,2.93,0.31,17.70,,,-4505.47,657.25,0.00,14260237.50,Consumo Cíclico
TEND3,33.63,2.45,7.12,2.68,0.58,32.34,14.83,12.08,5.80,6.23,0.43,0.20,0.86,2.11,-1.32,1.96,37.61,8.16,23.83,0.22,0.78,0.68,12.83,23.64,76535737.81,12.56,4.72,0.14,4122303251.76,Consumo Cíclico
TFCO4,14.61,1.60,95.96,23.41,13.73,57.30,19.91,13.23,63.77,10.90,0.53,0.20,12.70,30.58,-44.99,2.83,24.39,14.31,21.23,0.59,0.41,1.08,31.38,40.92,6363492.48,0.62,0.15,6.97,2238515001.92,Consumo Cíclico
TOKY3,0.25,,-0.14,35.08,7.17,52.50,0.42,-6.51,2.21,2.29,0.08,1.24,0.01,-95.03,-10.58,0.81,-24363.77,-4981.80,-1654.59,0.20,0.92,764.87,19.10,,70201.71,0.01,-1.74,0.01,13549187.00,Consumo Cíclico
TOYB3,2.29,,-43.94,0.03,0.00,24.06,-10.70,-10.96,-45.00,-46.99,,,4.81,0.34,0.00,,-0.07,0.00,,0.05,0.95,0.00,201.60,,,76.91,-0.05,0.47,71890222.22,Consumo Cíclico
TOYB4,2.50,,-47.96,0.03,0.00,24.06,-10.70,-10.96,-49.12,-46.99,,,5.26,0.37,0.00,,-0.07,0.00,,0.05,0.95,0.00,201.60,,,76.91,-0.05,0.52,71890222.22,Consumo Cíclico
TRIS3,4.12,16.98,5.04,0.65,0.29,27.82,13.71,13.17,4.84,7.12,2.28,0.31,0.66,0.50,-1.73,3.21,12.92,5.73,6.43,0.44,0.55,0.44,9.42,2.34,1615787.05,6.33,0.82,1.08,962089982.32,Consumo Cíclico
TXRX3,9.00,,-0.67,-0.09,0.23,20.30,-7.98,-49.57,-4.15,-40.54,-38.62,,0.33,-0.30,-0.37,0.34,-13.77,-33.95,15.40,-2.47,3.47,0.68,6.76,,180.00,-97.97,-13.49,-0.02,17733845.70,Consumo Cíclico
TXRX4,1.65,,-0.12,-0.02,0.04,20.30,-7.98,-49.57,-0.76,-40.54,-38.62,,0.06,-0.05,-0.07,0.34,-13.77,-33.95,15.40,-2.47,3.47,0.68,6.76,,0.00,-97.97,-13.49,0.00,17733845.70,Consumo Cíclico
UCAS3,1.15,,-5.74,0.44,0.19,30.62,-5.62,-5.59,-5.71,-14.06,-8.36,0.64,0.32,5.31,-0.25,1.15,-7.66,-3.23,-5.13,0.42,0.58,0.58,9.69,,18138.05,2.62,-0.20,0.01,75999318.60,Consumo Cíclico
VIVA3,21.63,3.23,8.72,1.60,1.05,70.60,23.33,18.56,6.94,7.07,0.14,0.03,1.62,2.13,-2.95,4.19,18.40,12.00,19.04,0.65,0.35,0.65,23.64,31.91,68380004.81,13.48,2.48,-0.68,5108957743.47,Consumo Cíclico
VIVR3,1.63,,-0.45,-0.18,0.04,21.07,-50.00,-78.58,-0.71,-2.24,-1.53,,0.36,-0.35,-0.06,0.77,-38.84,-8.48,-17.24,-0.22,0.76,0.11,-8.14,,6361.38,-9.27,-3.60,0.01,7954465.20,Consumo Cíclico
VSTE3,2.89,1.75,6.48,0.31,0.20,64.13,8.73,4.02,2.98,5.51,2.52,0.26,0.26,1.91,-0.29,1.48,4.74,3.02,7.98,0.64,0.36,0.75,15.50,,101771.10,9.41,0.45,-0.01,330906473.90,Consumo Cíclico
VTRU3,12.71,0.20,-6.32,1.87,1.52,22.04,-7.31,-14.81,-12.79,-9.11,3.68,-0.54,0.94,3.60,-3.31,4.48,-29.57,-24.02,-29.52,0.81,0.19,1.62,,,5216972.43,6.81,-2.01,,481531784.47,Consumo Cíclico
VULC3,14.04,32.62,4.80,1.68,1.08,40.95,17.97,24.89,6.65,7.52,0.86,0.22,1.20,2.58,-2.95,2.96,35.06,22.50,9.43,0.64,0.36,0.90,24.73,96.68,13026065.29,8.34,2.92,0.30,4464469666.80,Consumo Cíclico
WEST3,2.85,,-15.10,0.14,0.11,39.64,-15.97,-1.37,-1.29,2.79,4.08,-0.46,0.21,0.28,-0.26,3.00,-0.96,-0.71,-11.40,0.75,0.25,0.52,-9.25,,24853.33,19.74,-0.19,0.17,31693399.35,Consumo Cíclico
WHRL3,3.86,5.06,17.66,3.02,0.59,18.76,8.60,2.66,5.46,5.60,0.11,0.06,0.47,-9.51,-1.68,0.91,17.12,3.34,20.84,0.20,0.80,1.26,6.29,-14.35,9194.52,1.28,0.22,-0.28,5838680784.48,Consumo Cíclico
WHRL4,3.94,5.36,18.03,3.09,0.60,18.76,8.60,2.66,5.57,5.60,0.11,0.06,0.48,-9.71,-1.71,0.91,17.12,3.34,20.84,0.20,0.80,1.26,6.29,-14.35,25377.67,1.28,0.22,-0.28,5838680784.48,Consumo Cíclico
YDUQ3,7.96,7.15,18.40,0.73,0.22,60.32,14.84,2.14,2.65,7.87,5.21,1.43,0.39,2.91,-0.30,1.47,3.96,1.22,9.39,0.31,0.69,0.57,7.46,3.85,29425773.71,10.94,0.43,-0.29,2181747253.96,Consumo Cíclico
ZAMP3,3.50,,20.80,1.06,0.30,66.93,3.48,1.24,7.43,13.57,6.14,0.87,0.26,-25.43,-0.40,0.96,5.08,1.44,6.08,0.28,0.72,1.15,18.51,,247849.00,3.31,0.17,-0.15,1424270382.50,Consumo Cíclico
ABEV3,15.48,7.62,15.02,2.76,1.77,51.90,27.34,18.41,10.11,9.47,-0.64,-0.17,2.76,286.17,-2.50,1.02,18.40,11.76,21.55,0.64,0.36,0.64,8.61,7.38,468927028.24,5.60,1.03,1.48,244021532481.72,Consumo não Cíclico
AGRO3,18.07,4.17,-125.49,0.91,0.49,12.72,-1.76,-1.54,-109.99,-190.01,-80.02,0.66,1.94,4.81,-0.71,1.47,-0.72,-0.39,-3.64,0.53,0.47,0.25,10.70,,1841899.86,19.88,-0.14,1.20,1855489833.08,Consumo não Cíclico
AGXY3,1.62,,0.03,-0.17,0.01,-1.14,39.74,70.06,0.04,1.41,1.36,,0.02,0.06,-0.02,2.19,-661.54,55.38,83.66,-0.08,1.08,0.79,24.29,123.15,47563.33,-9.78,64.68,0.00,30730705.02,Consumo não Cíclico
APTI3,197.64,,0.36,0.02,0.01,100.00,37.36,22.45,0.22,0.42,-1.77,-0.12,0.08,0.02,-0.01,3.99,4.24,2.03,1.80,0.48,0.52,0.09,20.51,-30.97,,13019.79,551.44,-0.01,37417457.40,Consumo não Cíclico
APTI4,2930.92,,5.32,0.23,0.11,100.00,37.36,22.45,3.19,0.42,-1.77,-0.12,1.19,0.31,-0.20,3.99,4.24,2.03,1.80,0.48,0.52,0.09,20.51,-30.97,,13019.79,551.44,-0.09,37417457.40,Consumo não Cíclico
ASAI3,8.24,1.27,11.57,1.76,0.24,18.05,5.66,1.24,2.54,5.23,2.69,1.86,0.14,5.92,-0.38,1.12,15.21,2.07,19.12,0.14,0.86,1.66,16.49,-7.15,68823231.71,4.69,0.71,2.48,11160201624.24,Consumo não Cíclico
BAUH3,0.00,,0.00,0.00,0.00,24.24,7.35,7.84,0.00,,-3.69,-0.52,0.00,0.00,0.00,2.06,14.90,10.47,9.88,0.70,0.30,1.34,8.24,-0.49,,29.38,4.38,0.00,,Consumo não Cíclico
BAUH4,93.90,,21.45,3.20,2.25,24.24,7.35,7.84,22.89,,-3.69,-0.52,1.68,7.68,-5.21,2.06,14.90,10.47,9.88,0.70,0.30,1.34,8.24,-0.49,0.00,29.38,4.38,-1.13,,Consumo não Cíclico
BEEF3,3.44,5.69,4.84,2.73,0.08,17.06,6.99,1.25,0.86,4.30,3.43,10.86,0.06,0.59,-0.20,1.32,56.47,1.71,14.22,0.03,0.96,1.37,23.09,0.42,26980427.76,1.26,0.71,-0.03,3441860771.68,Consumo não Cíclico
BOBR3,1.00,,3.83,-0.17,0.29,40.32,11.06,3.93,1.36,2.17,0.68,,0.15,-1.73,-0.54,0.74,-4.42,7.48,-11.64,-1.69,2.69,1.90,8.44,11.22,,-5.91,0.26,-0.04,285088671.40,Consumo não Cíclico
BOBR4,1.20,,4.60,-0.20,0.34,40.32,11.06,3.93,1.63,2.17,0.68,,0.18,-2.07,-0.65,0.74,-4.42,7.48,-11.64,-1.69,2.69,1.90,8.44,11.22,1936.10,-5.91,0.26,-0.04,285088671.40,Consumo não Cíclico
BRFS3,17.95,11.62,10.21,2.01,0.43,24.77,9.54,4.32,4.62,6.96,2.35,1.02,0.44,3.24,-0.84,1.38,19.69,4.23,10.48,0.21,0.77,0.98,10.51,15.13,377952894.00,8.93,1.76,-0.38,28579854639.05,Consumo não Cíclico
BSEV3,9.00,,10.22,-10.84,0.78,26.77,17.92,5.55,3.17,5.46,2.30,,0.57,-1.59,-1.13,0.39,-106.05,7.59,30.90,-0.07,1.07,1.37,10.88,,,-0.83,0.88,-0.06,9183864834.00,Consumo não Cíclico
CAML3,4.59,6.39,8.25,0.53,0.15,23.09,5.61,1.69,2.48,7.50,5.02,1.08,0.14,0.60,-0.31,1.95,6.46,1.81,4.80,0.28,0.72,1.07,8.28,-15.89,6015727.86,8.62,0.56,-0.29,1606500000.00,Consumo não Cíclico
CRFB3,8.48,0.01,9.84,0.83,0.19,18.14,3.75,1.52,3.99,8.47,4.49,0.94,0.15,5.86,-0.36,1.07,8.48,1.89,8.28,0.22,0.76,1.25,14.00,12.41,122254636.00,10.16,0.86,0.00,17884800909.28,Consumo não Cíclico
CTCA3,0.00,,0.00,0.00,0.00,66.80,36.23,46.00,0.00,-2.73,-2.73,-0.36,0.00,0.00,0.00,4.33,16.82,12.59,6.69,0.75,0.25,0.27,6.85,14.84,,4.01,0.67,0.00,0.00,Consumo não Cíclico
ESPA3,7.00,5.46,15.88,0.29,0.11,34.30,15.80,1.45,1.45,5.05,3.60,0.72,0.23,0.57,-0.21,1.73,1.83,0.71,9.29,0.39,0.61,0.49,15.93,-23.82,404302.33,24.05,0.44,0.19,252996142.00,Consumo não Cíclico
FRTA3,1.31,,-0.49,-0.04,0.09,16.57,-16.43,-72.29,-2.17,-56.86,-54.68,,0.36,-0.03,-0.10,0.03,-7.17,-17.77,17.57,-2.48,3.48,0.25,7.62,,,-36.95,-2.65,-0.11,2690223.86,Consumo não Cíclico
GMAT3,3.73,3.27,4.96,0.79,0.35,22.39,5.32,4.38,4.09,4.44,0.35,0.07,0.22,1.60,-0.73,1.71,15.83,7.00,10.52,0.44,0.52,1.60,25.39,18.99,15618854.52,4.75,0.75,0.21,8592773278.64,Consumo não Cíclico
GRAO3,0.00,,0.00,0.00,0.00,4.40,3.89,1.28,0.00,1.51,1.51,1.18,0.00,0.00,0.00,0.92,25.93,4.44,21.91,0.17,0.76,3.46,41.49,84.79,,1.82,0.47,0.00,0.00,Consumo não Cíclico
JALL3,2.03,0.39,64.89,0.31,0.08,1.93,-5.99,0.44,-4.79,-28.85,-24.06,1.54,0.29,0.29,-0.13,4.85,0.47,0.13,-3.46,0.27,0.73,0.29,14.64,-43.87,1861931.14,6.62,0.03,-0.55,616189983.92,Consumo não Cíclico
JBSS3,71.85,,6.80,1.56,0.27,12.49,4.32,1.91,3.01,7.52,4.51,2.33,0.13,1.72,-0.44,1.65,22.87,3.91,13.18,0.17,0.81,2.05,12.21,14.81,80878878.00,46.20,10.57,-0.43,62380473709.95,Consumo não Cíclico
JOPA3,17.10,1.87,13.93,0.30,0.08,25.28,5.08,0.74,2.04,6.87,4.83,0.70,0.10,0.18,-0.30,2.47,2.12,0.57,3.03,0.27,0.66,0.77,2.87,-16.40,11694.47,57.96,1.23,-0.40,181076604.30,Consumo não Cíclico
JOPA4,18.00,1.95,14.66,0.31,0.08,25.28,5.08,0.74,2.15,6.87,4.83,0.70,0.11,0.19,-0.32,2.47,2.12,0.57,3.03,0.27,0.66,0.77,2.87,-16.40,529.47,57.96,1.23,-0.42,181076604.30,Consumo não Cíclico
LAND3,9.58,,280.03,1.38,0.95,95.65,-1.71,3.39,-556.00,-598.17,-42.17,0.10,9.49,16.47,-1.10,1.76,0.49,0.34,-7.04,0.69,0.31,0.10,13.15,-38.27,1387212.71,6.93,0.03,-4.06,921854295.96,Consumo não Cíclico
MBRF3,16.07,17.49,58.14,1.94,0.16,12.38,3.47,0.23,3.90,12.62,8.73,4.35,0.14,6.09,-0.26,1.08,3.34,0.28,4.71,0.08,0.90,1.19,19.43,-35.05,115128744.67,8.28,0.28,-0.67,22183663456.01,Consumo não Cíclico
MDIA3,17.49,6.04,8.51,0.71,0.47,32.46,6.93,6.67,8.19,7.47,-0.72,-0.06,0.57,1.65,-0.86,2.65,8.33,5.50,6.31,0.66,0.34,0.83,7.55,-1.82,9103475.33,24.66,2.06,0.35,5929110000.00,Consumo não Cíclico
MNPR3,3.98,3.26,0.55,1.41,0.63,26.63,39.94,114.01,1.58,0.87,-0.70,-0.63,0.63,1.67,-1.49,2.91,254.09,113.86,3.90,0.45,0.55,1.00,10.93,98.55,43697.57,2.83,7.19,0.00,282583980.00,Consumo não Cíclico
NATU3,8.28,,-4.89,0.91,0.41,66.01,5.00,-10.70,10.47,14.15,3.68,0.32,0.52,2.50,-0.70,1.65,-18.67,-8.34,3.88,0.45,0.55,0.78,3.53,,48222156.14,9.07,-1.69,0.01,11381337399.96,Consumo não Cíclico
NTCO3,11.05,,-2.14,1.01,0.44,66.36,6.37,-33.04,11.11,14.05,2.94,0.27,0.71,1.99,-0.95,1.68,-47.14,-20.34,5.69,0.43,0.57,0.62,10.77,,76344659.00,10.94,-5.16,0.01,15188862109.85,Consumo não Cíclico
ODER3,0.00,,0.00,0.00,0.00,29.07,12.94,8.14,0.00,,2.36,0.43,0.00,0.00,0.00,3.31,11.45,6.02,6.19,0.53,0.47,0.74,7.50,-10.57,,52.59,6.02,0.00,,Consumo não Cíclico
ODER4,95.97,0.07,15.94,1.82,0.96,29.07,12.94,8.14,10.03,,2.36,0.43,1.30,2.00,-3.06,3.31,11.45,6.02,6.19,0.53,0.47,0.74,7.50,-10.57,0.00,52.59,6.02,0.25,,Consumo não Cíclico
PCAR3,2.92,,-0.68,3.52,0.09,28.97,-2.95,-11.65,-2.67,-9.46,-6.79,8.95,0.08,-0.35,-0.13,0.52,-520.29,-13.68,-13.00,0.03,0.97,1.17,-17.90,,11552980.86,0.83,-4.32,-0.04,1438324153.80,Consumo não Cíclico
PCAR4,72.11,,-16.69,86.85,2.28,28.97,-2.95,-11.65,-65.90,-9.46,-6.79,8.95,1.94,-8.72,-3.18,0.52,-520.29,-13.68,-13.00,0.03,0.97,1.17,-17.90,,,0.83,-4.32,-0.92,1438324153.80,Consumo não Cíclico
SLCE3,13.22,6.85,20.35,1.24,0.33,29.16,16.38,3.38,4.20,8.24,4.04,1.19,0.69,1.42,-0.58,2.20,6.10,1.64,11.68,0.27,0.70,0.48,20.30,-7.89,30260578.81,10.66,0.65,-0.33,6593421194.60,Consumo não Cíclico
SMTO3,14.77,1.47,5.87,0.67,0.21,26.22,18.77,11.25,3.52,8.79,5.27,1.00,0.66,1.10,-0.30,2.62,11.35,3.57,4.03,0.31,0.69,0.32,11.54,-2.04,22848133.29,22.15,2.52,0.12,4910070725.07,Consumo não Cíclico
SOJA3,5.37,5.54,30.90,0.57,0.22,10.86,4.08,0.94,7.13,14.94,7.81,0.62,0.29,0.41,-0.69,4.60,1.84,0.71,1.65,0.39,0.61,0.76,34.83,-18.88,3910989.57,9.42,0.17,-0.41,762017434.56,Consumo não Cíclico
TESA3,48.00,,-13.30,1.62,0.52,15.86,9.39,-7.58,10.73,17.39,6.66,1.01,1.01,-11.10,-0.74,0.86,-12.18,-3.94,2.59,0.32,0.68,0.52,7.32,,,29.64,-3.61,0.83,1389696672.00,Consumo não Cíclico
TTEN3,11.40,1.60,8.01,1.20,0.39,15.32,2.95,4.16,11.31,15.56,4.25,0.45,0.33,3.00,-1.05,1.26,14.93,4.86,1.59,0.33,0.67,1.17,39.47,23.67,25527797.05,9.53,1.42,-0.78,5708409175.80,Consumo não Cíclico
AESB3,8.12,,-21.02,1.83,0.42,27.29,23.39,-9.44,8.48,18.40,9.93,2.15,1.98,-11.75,-0.49,0.79,-8.72,-2.02,4.23,0.23,0.71,0.21,,,13684494.00,4.43,-0.39,2.77,8367914180.36,Utilidade Pública
AFLT3,7.10,7.32,12.56,1.84,1.21,79.20,69.95,55.98,10.05,9.41,-0.64,-0.12,7.03,7.16,-1.92,1.85,14.63,9.66,13.09,0.66,0.34,0.17,6.47,13.77,5054.76,3.86,0.57,0.34,447901370.00,Utilidade Pública
ALUP11,32.06,3.37,7.62,1.10,0.30,65.85,68.45,27.68,3.08,5.86,2.78,0.99,2.11,1.75,-0.40,3.17,14.38,3.91,10.42,0.27,0.62,0.14,-6.46,8.04,24089566.14,29.25,4.21,0.23,10567837356.02,Utilidade Pública
ALUP3,11.33,3.18,8.08,1.16,0.32,65.85,68.45,27.68,3.27,5.86,2.78,0.99,2.24,1.86,-0.42,3.17,14.38,3.91,10.42,0.27,0.62,0.14,-6.46,8.04,59345.05,9.75,1.40,0.24,10567837356.02,Utilidade Pública
ALUP4,10.28,3.50,7.33,1.05,0.29,65.85,68.45,27.68,2.96,5.86,2.78,0.99,2.03,1.69,-0.38,3.17,14.38,3.91,10.42,0.27,0.62,0.14,-6.46,8.04,95121.33,9.75,1.40,0.22,10567837356.02,Utilidade Pública
AMBP3,0.16,,-1.04,0.24,0.02,18.22,17.36,-3.54,0.21,5.27,5.06,5.81,0.04,0.06,-0.03,2.72,-23.47,-1.52,8.91,0.06,0.87,0.43,67.64,,583141.19,0.65,-0.15,0.05,267266990.40,Utilidade Pública
AURE3,10.81,,-10.42,0.99,0.24,13.06,11.91,-8.09,7.08,19.55,12.48,1.74,0.84,14.35,-0.29,1.12,-9.47,-2.33,4.02,0.25,0.73,0.29,41.69,,37971535.62,10.96,-1.04,-0.19,11354585898.94,Utilidade Pública
AXIA3,53.05,6.88,12.95,1.28,0.56,47.45,25.81,27.05,13.57,17.79,3.89,0.37,3.50,5.88,-0.69,2.05,9.86,4.35,-7.20,0.44,0.56,0.16,7.26,13.72,579382308.71,41.53,4.10,0.16,159866174763.75,Utilidade Pública
AXIA5,55.50,6.02,13.55,1.34,0.59,47.45,25.81,27.05,14.20,17.79,3.89,0.37,3.67,6.15,-0.72,2.05,9.86,4.35,-7.20,0.44,0.56,0.16,7.26,13.72,0.00,41.53,4.10,0.17,159866174763.75,Utilidade Pública
AXIA6,59.20,6.78,14.45,1.43,0.63,47.45,25.81,27.05,15.15,17.79,3.89,0.37,3.91,6.57,-0.77,2.05,9.86,4.35,-7.20,0.44,0.56,0.16,7.26,13.72,48101504.00,41.53,4.10,0.18,159866174763.75,Utilidade Pública
AXIA7,53.00,,12.94,1.28,0.56,47.45,25.81,27.05,13.56,17.79,3.89,0.37,3.50,5.88,-0.69,2.05,9.86,4.35,-7.20,0.44,0.56,0.16,7.26,13.72,87926507.33,41.53,4.10,0.16,159866174763.75,Utilidade Pública
CASN3,8.77,0.49,27.35,3.84,1.70,50.63,29.44,17.74,16.49,17.62,3.69,0.86,4.85,226.63,-2.03,1.05,14.04,6.20,9.02,0.44,0.56,0.35,13.65,27.77,,2.28,0.32,1.78,8853637450.79,Utilidade Pública
CASN4,6.07,0.78,18.93,2.66,1.17,50.63,29.44,17.74,11.41,17.62,3.69,0.86,3.36,156.86,-1.40,1.05,14.04,6.20,9.02,0.44,0.56,0.35,13.65,27.77,,2.28,0.32,1.23,8853637450.79,Utilidade Pública
CBEE3,10.01,,79.82,0.46,0.20,18.58,10.17,0.55,4.30,9.04,4.74,0.50,0.44,-1.80,-0.26,0.64,0.57,0.26,6.60,0.45,0.55,0.47,9.42,3.04,4162.47,21.95,0.13,-0.87,4536771669.43,Utilidade Pública
CEBR3,24.00,20.59,10.36,1.83,1.27,43.60,43.01,34.89,8.41,6.52,-1.85,-0.40,3.62,3.24,-2.39,5.89,17.65,12.21,11.92,0.69,0.14,0.35,14.87,-17.34,233757.48,13.12,2.32,-1.39,1722372144.75,Utilidade Pública
CEBR5,23.79,20.77,10.27,1.81,1.25,43.60,43.01,34.89,8.33,6.52,-1.85,-0.40,3.58,3.21,-2.37,5.89,17.65,12.21,11.92,0.69,0.14,0.35,14.87,-17.34,323088.24,13.12,2.32,-1.38,1722372144.75,Utilidade Pública
CEBR6,27.10,19.69,11.70,2.07,1.43,43.60,43.01,34.89,9.49,6.52,-1.85,-0.40,4.08,3.66,-2.70,5.89,17.65,12.21,11.92,0.69,0.14,0.35,14.87,-17.34,104856.05,13.12,2.32,-1.57,1722372144.75,Utilidade Pública
CEEB3,46.00,12.69,8.08,1.45,0.32,28.41,22.16,7.70,2.81,7.73,4.54,2.35,0.62,9.66,-0.40,1.20,17.94,3.93,13.33,0.22,0.78,0.51,10.25,4.12,34921.33,31.73,5.69,-0.27,13672665659.04,Utilidade Pública
CEEB5,40.00,14.59,7.03,1.26,0.28,28.41,22.16,7.70,2.44,7.73,4.54,2.35,0.54,8.40,-0.34,1.20,17.94,3.93,13.33,0.22,0.78,0.51,10.25,4.12,1142.86,31.73,5.69,-0.23,13672665659.04,Utilidade Pública
CEEB6,60.68,10.58,10.66,1.91,0.42,28.41,22.16,7.70,3.70,7.73,4.54,2.35,0.82,12.74,-0.52,1.20,17.94,3.93,13.33,0.22,0.78,0.51,10.25,4.12,,31.73,5.69,-0.36,13672665659.04,Utilidade Pública
CEED3,7.30,,-0.67,-0.12,0.05,16.84,5.82,-11.53,1.33,20.15,18.81,,0.08,1.55,-0.07,1.10,-17.21,-7.37,9.85,-0.43,1.43,0.64,12.16,,56.15,-63.17,-10.87,-0.01,500343966.80,Utilidade Pública
CEED4,20.00,,-1.84,-0.32,0.14,16.84,5.82,-11.53,3.65,20.15,18.81,,0.21,4.26,-0.20,1.10,-17.21,-7.37,9.85,-0.43,1.43,0.64,12.16,,,-63.17,-10.87,-0.03,500343966.80,Utilidade Pública
CEGR3,29.99,,11.62,3.57,1.63,35.52,24.21,14.33,6.88,7.16,0.28,0.14,1.67,-27.83,-2.17,0.81,30.72,14.05,27.96,0.46,0.54,0.98,8.58,13.74,1999.33,8.40,2.58,0.51,7786535582.68,Utilidade Pública
CEPE3,125.26,,123.99,8.93,2.25,21.60,15.00,3.22,26.61,31.26,5.10,1.71,3.99,36.35,-3.08,1.30,7.20,1.81,10.95,0.25,0.75,0.56,4.82,6.62,,14.02,1.01,-2.66,36443231491.42,Utilidade Pública
CEPE5,40.12,,39.71,2.86,0.72,21.60,15.00,3.22,8.52,31.26,5.10,1.71,1.28,11.64,-0.99,1.30,7.20,1.81,10.95,0.25,0.75,0.56,4.82,6.62,,14.02,1.01,-0.85,36443231491.42,Utilidade Pública
CEPE6,43.00,,42.56,3.07,0.77,21.60,15.00,3.22,9.14,31.26,5.10,1.71,1.37,12.48,-1.06,1.30,7.20,1.81,10.95,0.25,0.75,0.56,4.82,6.62,,14.02,1.01,-0.91,36443231491.42,Utilidade Pública
CESP3,25.55,,360.89,1.85,0.63,24.91,42.83,1.30,10.96,18.14,7.26,1.22,4.70,11.94,-0.69,2.12,0.51,0.17,6.89,0.34,0.66,0.13,-2.26,-57.78,,13.83,0.07,-3.69,8302192833.55,Utilidade Pública
CESP5,25.00,,353.13,1.81,0.61,24.91,42.83,1.30,10.73,18.14,7.26,1.22,4.59,11.68,-0.68,2.12,0.51,0.17,6.89,0.34,0.66,0.13,-2.26,-57.78,,13.83,0.07,-3.61,8302192833.55,Utilidade Pública
CESP6,25.25,,356.66,1.83,0.62,24.91,42.83,1.30,10.83,18.14,7.26,1.22,4.64,11.80,-0.69,2.12,0.51,0.17,6.89,0.34,0.66,0.13,-2.26,-57.78,,13.83,0.07,-3.65,8302192833.55,Utilidade Pública
CGAS3,124.60,9.72,10.73,9.59,1.00,32.89,28.19,14.41,5.48,8.32,2.84,4.97,1.55,5.46,-1.50,2.23,89.41,9.33,19.37,0.10,0.90,0.65,6.86,6.00,23097.00,12.99,11.62,-0.87,16512065140.20,Utilidade Pública
CGAS5,121.75,10.94,10.48,9.37,0.98,32.89,28.19,14.41,5.36,8.32,2.84,4.97,1.51,5.34,-1.46,2.23,89.41,9.33,19.37,0.10,0.90,0.65,6.86,6.00,70564.00,12.99,11.62,-0.85,16512065140.20,Utilidade Pública
CLSC3,127.82,0.38,6.78,1.19,0.34,15.84,11.16,5.86,3.56,7.33,3.44,1.15,0.40,15.20,-0.48,1.08,17.57,5.03,12.90,0.29,0.71,0.86,6.08,7.00,19923.06,107.37,18.86,-5.54,5395027398.80,Utilidade Pública
CLSC4,147.99,0.36,7.85,1.38,0.39,15.84,11.16,5.86,4.12,7.33,3.44,1.15,0.46,17.60,-0.56,1.08,17.57,5.03,12.90,0.29,0.71,0.86,6.08,7.00,604634.00,107.37,18.86,-6.42,5395027398.80,Utilidade Pública
CMIG3,16.13,5.11,9.54,1.60,0.68,16.39,15.39,11.15,6.92,8.10,2.67,0.62,1.06,-43.50,-0.86,0.93,16.75,7.10,12.58,0.42,0.58,0.64,11.13,11.05,1265106.86,10.09,1.69,-0.31,36234554249.71,Utilidade Pública
CMIG4,10.92,7.54,6.46,1.08,0.46,16.39,15.39,11.15,4.68,8.10,2.67,0.62,0.72,-29.45,-0.58,0.93,16.75,7.10,12.58,0.42,0.58,0.64,11.13,11.05,110679928.76,10.09,1.69,-0.21,36234554249.71,Utilidade Pública
COCE3,30.73,,6.28,0.47,0.15,20.47,16.51,4.36,1.66,5.49,4.20,1.20,0.27,-1.01,-0.19,0.56,7.54,2.41,12.18,0.32,0.68,0.55,9.35,9.76,38968.57,64.90,4.90,0.71,2063151133.37,Utilidade Pública
COCE5,33.99,,6.94,0.52,0.17,20.47,16.51,4.36,1.83,5.49,4.20,1.20,0.30,-1.11,-0.21,0.56,7.54,2.41,12.18,0.32,0.68,0.55,9.35,9.76,436814.95,64.90,4.90,0.78,2063151133.37,Utilidade Pública
COCE6,12.83,,2.62,0.20,0.06,20.47,16.51,4.36,0.69,5.49,4.20,1.20,0.11,-0.42,-0.08,0.56,7.54,2.41,12.18,0.32,0.68,0.55,9.35,9.76,,64.90,4.90,0.29,2063151133.37,Utilidade Pública
CPFE3,44.80,8.34,8.96,2.12,0.61,31.30,24.50,12.79,4.68,7.03,2.35,1.07,1.15,20.61,-0.80,1.15,23.72,6.86,15.41,0.29,0.70,0.54,7.50,9.61,53127571.05,21.09,5.00,1.11,51620998912.00,Utilidade Pública
CPLE3,14.67,7.24,13.96,1.81,0.71,23.44,19.78,11.20,7.91,11.52,3.62,0.83,1.56,17.25,-0.86,1.30,12.99,5.08,10.53,0.39,0.61,0.45,6.99,-4.30,209724155.95,8.09,1.05,4.71,43757831366.28,Utilidade Pública
CPLE5,10.98,,10.45,1.36,0.53,23.44,19.78,11.20,5.92,11.52,3.62,0.83,1.17,12.91,-0.65,1.30,12.99,5.08,10.53,0.39,0.61,0.45,6.99,-4.30,408011897.00,8.09,1.05,3.52,43757831366.28,Utilidade Pública
CPLE6,14.22,,13.53,1.76,0.69,23.44,19.78,11.20,7.66,11.52,3.62,0.83,1.52,16.72,-0.84,1.30,12.99,5.08,10.53,0.39,0.61,0.45,6.99,-4.30,121075705.00,8.09,1.05,4.56,43757831366.28,Utilidade Pública
CPRE3,18.23,,9.52,2.23,1.03,59.96,48.11,30.42,6.02,6.28,0.26,0.09,2.90,-16.55,-1.25,0.74,23.44,10.78,17.13,0.46,0.53,0.35,10.10,7.48,,8.17,1.91,-3.84,10824662431.07,Utilidade Pública
CSMG3,61.94,3.54,17.38,2.69,1.10,41.86,23.17,16.14,12.11,15.63,3.53,0.78,2.80,14.67,-1.37,1.60,15.46,6.31,7.72,0.41,0.59,0.39,9.29,10.67,210175581.29,23.06,3.56,-6.29,23552875093.86,Utilidade Pública
CSRN3,13.60,,3.49,1.28,0.32,30.30,25.28,15.02,2.07,4.83,2.75,1.70,0.52,6.14,-0.42,1.29,36.69,9.23,19.51,0.25,0.75,0.61,8.29,13.77,,10.63,3.90,0.72,2273440192.00,Utilidade Pública
CSRN5,15.10,,3.87,1.42,0.36,30.30,25.28,15.02,2.30,4.83,2.75,1.70,0.58,6.82,-0.47,1.29,36.69,9.23,19.51,0.25,0.75,0.61,8.29,13.77,,10.63,3.90,0.80,2273440192.00,Utilidade Pública
CSRN6,15.50,,3.97,1.46,0.37,30.30,25.28,15.02,2.36,4.83,2.75,1.70,0.60,7.00,-0.48,1.29,36.69,9.23,19.51,0.25,0.75,0.61,8.29,13.77,,10.63,3.90,0.82,2273440192.00,Utilidade Pública
EEEL3,294.77,,22.24,1.77,0.74,52.57,41.32,14.25,7.67,12.72,3.82,0.88,3.17,7.85,-0.88,2.40,7.96,3.31,9.76,0.42,0.58,0.23,9.68,0.92,,166.46,13.25,-0.44,7539711815.81,Utilidade Pública
EEEL4,410.00,,30.94,2.46,1.02,52.57,41.32,14.25,10.67,12.72,3.82,0.88,4.41,10.92,-1.22,2.40,7.96,3.31,9.76,0.42,0.58,0.23,9.68,0.92,,166.46,13.25,-0.61,7539711815.81,Utilidade Pública
EGIE3,29.73,4.90,10.64,2.80,0.71,47.45,48.48,28.94,6.35,10.10,3.75,1.65,3.08,51.46,-0.86,1.09,26.37,6.71,9.80,0.25,0.73,0.23,0.96,7.20,149815956.57,10.60,2.80,0.34,42109022589.60,Utilidade Pública
EKTR3,51.52,4.51,13.05,4.58,0.66,25.45,20.83,7.40,4.63,7.75,3.75,3.70,0.97,6.05,-0.98,1.50,35.11,5.07,15.88,0.14,0.86,0.69,7.86,5.26,0.00,11.25,3.95,-0.63,8625458470.04,Utilidade Pública
EKTR4,38.20,6.69,9.68,3.40,0.49,25.45,20.83,7.40,3.44,7.75,3.75,3.70,0.72,4.48,-0.73,1.50,35.11,5.07,15.88,0.14,0.86,0.69,7.86,5.26,8666.10,11.25,3.95,-0.47,8625458470.04,Utilidade Pública
ELPL3,8.31,,2.55,0.32,0.07,19.52,13.93,4.16,0.76,4.57,3.81,1.60,0.11,-1.54,-0.10,0.84,12.56,2.91,13.79,0.23,0.77,0.70,7.63,-0.16,,25.90,3.25,-0.43,2485315360.74,Utilidade Pública
EMAE3,150.00,,-45.18,8.25,2.95,44.53,-85.26,-29.53,-15.65,-7.21,1.28,-0.68,13.34,13.55,-4.22,3.57,-18.27,-6.52,-81.96,0.36,0.64,0.22,1.30,,0.00,18.18,-3.32,0.16,3007170951.00,Utilidade Pública
EMAE4,36.03,,-10.85,1.98,0.71,44.53,-85.26,-29.53,-3.76,-7.21,1.28,-0.68,3.20,3.25,-1.01,3.57,-18.27,-6.52,-81.96,0.36,0.64,0.22,1.30,,127553.71,18.18,-3.32,0.04,3007170951.00,Utilidade Pública
ENBR3,24.08,,7.67,1.19,0.35,25.33,18.98,8.90,3.60,6.31,2.71,0.90,0.68,4.83,-0.48,1.37,15.57,4.56,12.56,0.29,0.68,0.51,6.13,3.90,,20.17,3.14,-0.42,13994459653.44,Utilidade Pública
ENEV3,26.18,,39.13,2.49,0.86,27.40,20.71,6.94,13.11,17.89,4.77,0.91,2.72,15.28,-1.05,1.48,6.36,2.21,6.48,0.35,0.62,0.32,41.53,5.16,199477932.90,10.52,0.67,0.24,50711432755.06,Utilidade Pública
ENGI11,46.88,3.63,15.57,1.21,0.27,24.66,18.28,4.13,3.52,8.47,4.95,1.70,0.64,2.76,-0.38,1.56,7.78,1.76,10.19,0.23,0.73,0.43,11.76,0.64,134245829.10,38.71,3.01,-0.28,23612210210.88,Utilidade Pública
ENGI3,11.50,2.96,19.09,1.49,0.34,24.66,18.28,4.13,4.32,8.47,4.95,1.70,0.79,3.39,-0.47,1.56,7.78,1.76,10.19,0.23,0.73,0.43,11.76,0.64,36195.90,7.74,0.60,-0.34,23612210210.88,Utilidade Pública
ENGI4,8.79,3.87,14.59,1.14,0.26,24.66,18.28,4.13,3.30,8.47,4.95,1.70,0.60,2.59,-0.36,1.56,7.78,1.76,10.19,0.23,0.73,0.43,11.76,0.64,49043.76,7.74,0.60,-0.26,23612210210.88,Utilidade Pública
ENMA3B,50.49,,9.40,1.77,0.72,31.42,19.84,12.28,5.82,,2.51,0.76,1.15,8.35,-0.94,1.57,18.81,7.61,14.17,0.40,0.60,0.62,11.18,4.72,,28.55,5.37,0.45,,Utilidade Pública
ENMA6B,83.99,,15.64,2.94,1.19,31.42,19.84,12.28,9.68,,2.51,0.76,1.92,13.88,-1.56,1.57,18.81,7.61,14.17,0.40,0.60,0.62,11.18,4.72,,28.55,5.37,0.74,,Utilidade Pública
ENMT3,35.98,7.32,13.68,1.98,0.47,23.94,17.06,6.04,4.84,10.22,5.39,2.20,0.83,3.96,-0.61,2.04,14.47,3.41,11.66,0.24,0.76,0.57,12.00,-3.21,46356.29,18.18,2.63,-0.31,7858887383.77,Utilidade Pública
ENMT4,35.85,7.34,13.63,1.97,0.47,23.94,17.06,6.04,4.83,10.22,5.39,2.20,0.82,3.94,-0.61,2.04,14.47,3.41,11.66,0.24,0.76,0.57,12.00,-3.21,18966.21,18.18,2.63,-0.31,7858887383.77,Utilidade Pública
EQPA3,5.32,2.53,0.61,2.11,0.59,168.93,159.68,153.38,0.59,0.88,0.29,1.05,0.94,3.45,-0.89,2.05,345.77,97.02,136.46,0.28,0.72,0.63,15.78,92.99,52016.90,2.52,8.71,0.00,11757929583.50,Utilidade Pública
EQPA5,10.18,1.32,1.17,4.04,1.13,168.93,159.68,153.38,1.12,0.88,0.29,1.05,1.79,6.60,-1.70,2.05,345.77,97.02,136.46,0.28,0.72,0.63,15.78,92.99,0.00,2.52,8.71,0.00,11757929583.50,Utilidade Pública
EQPA6,6.59,2.04,0.76,2.62,0.73,168.93,159.68,153.38,0.73,0.88,0.29,1.05,1.16,4.28,-1.10,2.05,345.77,97.02,136.46,0.28,0.72,0.63,15.78,92.99,659.00,2.52,8.71,0.00,11757929583.50,Utilidade Pública
EQPA7,10.00,1.35,1.15,3.97,1.11,168.93,159.68,153.38,1.10,0.88,0.29,1.05,1.76,6.49,-1.67,2.05,345.77,97.02,136.46,0.28,0.72,0.63,15.78,92.99,363.64,2.52,8.71,0.00,11757929583.50,Utilidade Pública
EQTL3,37.28,5.10,30.36,1.83,0.42,25.59,15.18,2.91,5.82,11.52,5.70,1.79,0.88,4.81,-0.56,1.56,6.02,1.38,9.06,0.23,0.75,0.48,23.82,-12.26,236402371.00,20.40,1.23,-0.61,46949949112.16,Utilidade Pública
GEPA3,34.99,14.60,10.67,2.44,0.80,43.01,39.44,22.28,6.03,8.28,1.91,0.77,2.38,-2.82,-0.92,0.31,22.84,7.52,12.69,0.33,0.67,0.34,1.08,3.88,4193.26,14.35,3.28,0.75,3494975803.83,Utilidade Pública
GEPA4,38.02,10.68,11.60,2.65,0.87,43.01,39.44,22.28,6.55,8.28,1.91,0.77,2.58,-3.06,-1.00,0.31,22.84,7.52,12.69,0.33,0.67,0.34,1.08,3.88,9181.58,14.35,3.28,0.81,3494975803.83,Utilidade Pública
GPAR3,10.51,14.42,-28.35,1.42,1.12,53.48,-314.84,-84.31,-7.59,-5.62,1.98,-0.37,23.90,8.10,-1.71,1.66,-5.00,-3.94,-27.43,0.79,0.21,0.05,-31.17,,140.13,7.41,-0.37,0.25,837400036.02,Utilidade Pública
IGSN3,0.00,,0.00,0.00,0.00,30.75,18.95,-16.35,0.00,17.38,17.38,3.84,0.00,0.00,0.00,0.70,-19.08,-3.37,2.41,0.18,0.82,0.21,35.48,,,5.30,-1.01,0.00,0.00,Utilidade Pública
ISAE3,31.50,4.53,7.86,1.00,0.44,45.82,48.44,26.39,4.28,6.90,3.09,0.72,2.08,3.81,-0.52,5.28,12.71,5.64,10.43,0.44,0.55,0.21,20.55,-3.47,50591.62,31.51,4.01,-0.59,19722049060.88,Utilidade Pública
ISAE4,26.27,7.04,6.56,0.83,0.37,45.82,48.44,26.39,3.57,6.90,3.09,0.72,1.73,3.18,-0.43,5.28,12.71,5.64,10.43,0.44,0.55,0.21,20.55,-3.47,105264986.19,31.51,4.01,-0.50,19722049060.88,Utilidade Pública
LIGT3,3.10,,1.91,0.60,0.18,14.11,5.27,17.09,6.19,16.63,10.44,1.01,0.33,-2.37,-0.21,0.70,31.42,9.25,-9.48,0.29,0.71,0.54,2.78,30.46,8018664.05,5.17,1.62,0.24,4990409763.10,Utilidade Pública
LIPR3,36.01,,16.64,1.82,1.71,,,,19.65,16.43,-3.21,-0.30,,6.65,-2.46,6.18,10.96,10.25,7.90,0.94,0.06,0.00,,,,19.74,2.16,0.37,423653652.89,Utilidade Pública
NEOE3,33.81,2.40,8.97,1.09,0.34,27.36,22.48,8.59,3.43,7.73,4.30,1.37,0.77,7.11,-0.43,1.30,12.15,3.78,11.29,0.31,0.69,0.44,10.47,10.29,31677995.00,31.03,3.77,1.50,41093038742.28,Utilidade Pública
OMGE3,27.57,,54.32,1085.69,357.84,15.07,12.87,1.78,7.52,7.52,0.01,1.14,0.97,3608.03,-463.45,1.77,1998.54,658.71,5560.32,0.33,0.67,369.84,38.94,15.54,,0.03,0.51,-0.64,5521562588.85,Utilidade Pública
ORVR3,67.85,,109.30,6.38,2.10,45.33,29.51,7.47,27.69,31.80,4.12,0.95,8.17,12.36,-3.01,2.27,5.84,1.92,8.10,0.33,0.65,0.26,21.79,88.89,42492559.67,10.63,0.62,0.56,9317440252.85,Utilidade Pública
PASS3,22.83,2.49,13.19,2.85,0.47,26.19,23.89,7.94,4.39,7.91,3.52,2.29,1.05,3.43,-0.63,2.09,21.58,3.53,12.25,0.16,0.78,0.44,,,20028792.62,8.02,1.73,-0.33,16304959868.85,Utilidade Pública
POWE3,10.90,,23.92,0.99,0.38,6.82,3.52,2.59,17.55,10.60,-6.96,-0.39,0.62,6.57,-0.74,1.13,4.13,1.58,3.81,0.38,0.62,0.61,,,,11.02,0.46,-1.77,977237930.40,Utilidade Pública
REDE3,5.82,7.14,14.54,2.32,0.42,25.16,18.20,5.10,4.07,8.83,4.76,2.71,0.74,3.83,-0.56,1.73,15.96,2.88,12.59,0.18,0.81,0.56,11.41,2.47,7101.48,2.51,0.40,-0.55,14946948670.98,Utilidade Pública
RNEW11,3.23,,-2.84,0.35,0.13,-5.45,1.10,-26.00,66.75,175.68,108.93,0.57,0.74,-3.58,-0.14,0.69,-12.28,-4.65,0.19,0.38,0.62,0.18,48.84,,1615.00,9.27,-1.14,-0.11,401720944.15,Utilidade Pública
RNEW3,0.85,,-2.24,0.28,0.10,-5.45,1.10,-26.00,52.70,175.68,108.93,0.57,0.58,-2.82,-0.11,0.69,-12.28,-4.65,0.19,0.38,0.62,0.18,48.84,,34156.05,3.09,-0.38,-0.09,401720944.15,Utilidade Pública
RNEW4,0.82,,-2.16,0.27,0.10,-5.45,1.10,-26.00,50.84,175.68,108.93,0.57,0.56,-2.72,-0.11,0.69,-12.28,-4.65,0.19,0.38,0.62,0.18,48.84,,48586.90,3.09,-0.38,-0.08,401720944.15,Utilidade Pública
SAPR11,34.04,1.62,8.40,0.81,0.38,57.82,27.82,16.66,5.03,5.97,0.94,0.15,1.40,19.24,-0.52,1.08,9.64,4.56,7.59,0.47,0.53,0.27,8.47,4.21,30063320.81,42.02,4.05,-0.17,10288287173.35,Utilidade Pública
SAPR3,7.43,1.38,9.17,0.88,0.42,57.82,27.82,16.66,5.49,5.97,0.94,0.15,1.53,21.00,-0.57,1.08,9.64,4.56,7.59,0.47,0.53,0.27,8.47,4.21,839792.05,8.40,0.81,-0.19,10288287173.35,Utilidade Pública
SAPR4,6.74,1.67,8.32,0.80,0.38,57.82,27.82,16.66,4.98,5.97,0.94,0.15,1.39,19.05,-0.51,1.08,9.64,4.56,7.59,0.47,0.53,0.27,8.47,4.21,6973211.52,8.40,0.81,-0.17,10288287173.35,Utilidade Pública
SBSP3,26.89,2.59,10.86,2.17,0.81,36.58,33.15,22.03,7.21,9.68,2.47,0.74,2.39,8.59,-1.04,1.74,19.97,7.48,7.32,0.37,0.62,0.34,16.44,55.08,362712580.10,12.40,2.48,-0.74,94774719932.25,Utilidade Pública
SRNA3,1.03,,-12.79,0.12,0.03,14.10,16.22,-0.73,0.57,9.98,9.40,1.95,0.09,0.46,-0.04,1.49,-0.93,-0.23,5.57,0.25,0.75,0.32,,,6388.00,8.68,-0.08,0.01,641412472.68,Utilidade Pública
TAEE11,39.25,8.34,8.62,1.70,0.58,54.77,57.40,33.52,5.04,8.79,3.75,1.27,2.89,6.21,-0.70,2.29,19.70,6.74,13.41,0.34,0.66,0.20,5.36,-7.07,74909788.67,23.10,4.55,-1.24,13521582099.75,Utilidade Pública
TAEE3,13.03,8.39,8.59,1.69,0.58,54.77,57.40,33.52,5.01,8.79,3.75,1.27,2.88,6.18,-0.69,2.29,19.70,6.74,13.41,0.34,0.66,0.20,5.36,-7.07,1351323.86,7.70,1.52,-1.24,13521582099.75,Utilidade Pública
TAEE4,13.23,8.26,8.72,1.72,0.59,54.77,57.40,33.52,5.09,8.79,3.75,1.27,2.92,6.28,-0.70,2.29,19.70,6.74,13.41,0.34,0.66,0.20,5.36,-7.07,2582980.76,7.70,1.52,-1.26,13521582099.75,Utilidade Pública
TIET11,12.54,,-17.06,0.95,0.24,0.00,21.64,-7.77,6.13,18.71,12.58,1.95,1.33,-6.45,-0.29,0.84,-5.57,-1.40,4.63,0.25,0.75,0.18,4.60,,,13.19,-0.73,0.06,5004795800.93,Utilidade Pública
TIET3,3.49,,-23.75,1.32,0.33,0.00,21.64,-7.77,8.52,18.71,12.58,1.95,1.84,-8.98,-0.41,0.84,-5.57,-1.40,4.63,0.25,0.75,0.18,4.60,,,2.64,-0.15,0.08,5004795800.93,Utilidade Pública
TIET4,3.51,,-23.88,1.33,0.33,0.00,21.64,-7.77,8.57,18.71,12.58,1.95,1.85,-9.03,-0.41,0.84,-5.57,-1.40,4.63,0.25,0.75,0.18,4.60,,,2.64,-0.15,0.08,5004795800.93,Utilidade Pública
AERI3,2.29,,-0.15,-0.17,0.09,-6.13,-83.80,-147.32,-0.26,-3.73,-3.47,,0.22,-0.79,-0.13,0.69,-112.94,-62.35,-66.14,-0.55,1.55,0.42,-19.51,,64945.71,-13.47,-15.21,0.03,142255248.84,Bens Industriais
ALPK3,4.35,0.18,57.11,2.60,0.38,30.06,13.84,0.83,3.44,7.84,4.40,3.32,0.48,-5.78,-0.46,0.73,4.55,0.66,14.47,0.14,0.85,0.79,23.59,,458058.05,1.68,0.08,-0.10,953979938.55,Bens Industriais
ARML3,3.55,17.44,24.32,0.96,0.22,32.22,23.57,2.66,2.75,7.57,4.83,1.69,0.65,1.14,-0.34,2.16,3.96,0.90,8.42,0.23,0.76,0.34,76.15,23.61,2287427.10,3.69,0.15,-0.40,1230054044.35,Bens Industriais
AZEV3,3.70,,-0.68,3.65,0.31,15.41,-83.75,-135.40,-1.10,-1.26,-0.55,1.81,0.92,-1.32,-0.43,0.55,-535.98,-45.37,-128.70,0.08,0.92,0.34,68.75,,3728442.14,1.01,-5.43,-0.01,268547946.85,Bens Industriais
AZEV4,1.75,,-0.32,1.73,0.15,15.41,-83.75,-135.40,-0.52,-1.26,-0.55,1.81,0.44,-0.62,-0.20,0.55,-535.98,-45.37,-128.70,0.08,0.92,0.34,68.75,,7134732.29,1.01,-5.43,0.00,268547946.85,Bens Industriais
AZUL53,215.00,,17.64,-20.99,2.54,23.31,22.09,20.68,16.51,3.94,3.87,,3.65,-10.93,-3.31,0.50,-119.00,14.41,-16.10,-0.12,1.12,0.70,30.38,,55411.00,-10.24,12.19,-0.28,356272659.87,Bens Industriais
AZUL54,72.50,,5.95,-7.08,0.86,23.31,22.09,20.68,5.57,3.94,3.87,,1.23,-3.68,-1.12,0.50,-119.00,14.41,-16.10,-0.12,1.12,0.70,30.38,,20945788.00,-10.24,12.19,-0.10,356272659.87,Bens Industriais
BBML3,3936.42,,-2662.97,-295.65,172.25,4.10,-0.98,-4.55,-12379.58,-12407.47,-27.89,,121.24,-301.02,-259.76,0.37,-11.10,-6.47,108.02,-0.58,1.58,1.42,6.07,,,-13.31,-1.48,32.94,160451699191.56,Bens Industriais
BDLL3,4.40,,-0.37,-0.03,0.02,7.06,-66.46,-46.91,-0.26,-6.68,-6.46,,0.17,-0.04,-0.03,0.41,-7.55,-5.00,103.24,-0.66,1.66,0.11,18.73,,5717.83,-157.91,-11.92,0.01,6146472.80,Bens Industriais
BDLL4,3.50,,-0.29,-0.02,0.01,7.06,-66.46,-46.91,-0.21,-6.68,-6.46,,0.14,-0.03,-0.02,0.41,-7.55,-5.00,103.24,-0.66,1.66,0.11,18.73,,1066.35,-157.91,-11.92,0.01,6146472.80,Bens Industriais
CSUD3,14.18,16.59,5.83,1.24,0.72,41.38,16.62,15.90,5.57,6.07,0.50,0.11,0.93,12.02,-1.07,1.22,21.28,12.27,14.80,0.58,0.42,0.77,6.42,16.81,936245.43,11.44,2.43,0.51,592724000.00,Bens Industriais
CTAX3,1.81,,-0.86,0.16,0.01,23.00,13.93,-3.70,0.23,2.81,2.59,1.83,0.03,-0.05,-0.02,0.37,-18.75,-1.50,21.25,0.08,0.92,0.41,-13.90,,9073.47,11.28,-2.12,0.01,14503530.00,Bens Industriais
DTCY3,2.30,,-39.27,52.68,4.43,25.75,-6.82,-8.22,-47.32,-90.70,6.85,-7.63,3.23,20.76,-23.79,1.36,-134.16,-11.28,-111.32,0.08,0.92,1.37,-13.66,,123.53,0.04,-0.06,1.60,52776097.80,Bens Industriais
DTCY4,62.60,,-1068.73,1433.76,120.60,25.75,-6.82,-8.22,-1288.00,-90.70,6.85,-7.63,87.86,565.13,-647.59,1.36,-134.16,-11.28,-111.32,0.08,0.92,1.37,-13.66,,,0.04,-0.06,43.56,52776097.80,Bens Industriais
EALT3,11.99,5.59,4.70,0.74,0.42,18.50,6.23,10.94,8.27,10.84,2.94,0.26,0.51,3.31,-0.69,1.49,15.66,8.97,-1.06,0.57,0.43,0.82,17.17,18.53,3653.14,16.27,2.55,-0.15,265505065.93,Bens Industriais
EALT4,11.05,4.24,4.34,0.68,0.39,18.50,6.23,10.94,7.62,10.84,2.94,0.26,0.47,3.05,-0.63,1.49,15.66,8.97,-1.06,0.57,0.43,0.82,17.17,18.53,73262.10,16.27,2.55,-0.14,265505065.93,Bens Industriais
ECOR3,6.63,4.34,8.45,1.12,0.12,36.37,34.87,4.59,1.11,6.83,5.72,5.77,0.39,1.22,-0.14,2.53,13.28,1.38,10.04,0.10,0.89,0.30,23.56,,34309480.86,5.91,0.78,-0.31,4616695905.12,Bens Industriais
EMBJ3,92.52,0.77,40.45,3.99,1.01,17.69,8.07,3.93,19.71,20.57,0.86,0.17,1.59,5.63,-2.27,1.48,9.85,2.50,9.54,0.25,0.72,0.64,16.35,,360285160.67,23.21,2.29,-1.73,68507825870.88,Bens Industriais
ETER3,3.54,2.41,4.61,0.26,0.16,20.27,4.88,4.21,3.97,6.23,2.26,0.15,0.19,1.33,-0.25,1.45,5.72,3.40,4.64,0.60,0.40,0.81,10.97,-21.45,188341.81,13.45,0.77,0.06,218689075.50,Bens Industriais
FLEX3,0.00,,0.00,0.00,0.00,19.49,-100.31,-141.80,0.00,-0.43,-0.43,,0.00,0.00,0.00,0.11,-81.00,-290.31,83.68,-3.58,4.58,2.05,-5.08,,,-132.45,-107.28,0.00,0.00,Bens Industriais
FRAS3,20.42,3.04,22.60,2.38,0.82,32.43,12.54,4.68,8.44,10.57,2.13,0.60,1.06,3.03,-1.58,2.29,10.53,3.63,12.35,0.35,0.65,0.78,26.87,6.10,6307867.24,8.58,0.90,-0.99,5724442558.22,Bens Industriais
FRIO3,205.00,,22.15,3.35,0.66,18.19,8.98,2.39,5.91,9.16,3.25,1.84,0.53,13.68,-2.08,1.08,15.11,2.96,17.22,0.20,0.77,1.24,10.70,,0.00,61.26,9.25,-0.06,1308387285.00,Bens Industriais
GGPS3,11.63,2.79,13.24,2.12,0.56,14.66,8.23,3.74,6.02,7.66,1.64,0.58,0.50,1.44,-1.28,3.24,16.03,4.23,11.42,0.26,0.73,1.13,28.45,18.51,33004935.19,5.48,0.88,-15.93,8749836163.81,Bens Industriais
GOLL54,9.75,,-68484.87,-5256.20,3349.30,27.24,8.33,-5.90,48540.32,6379.51,6.88,,4043.20,-16688.97,-4976.66,0.62,-7.67,-4.89,-171.09,-0.64,1.64,0.83,28.24,,20388.00,0.00,0.00,872.51,11732704010232.77,Bens Industriais
HAGA3,2.53,,11.54,-0.63,0.41,24.34,-3.04,8.92,-33.80,9.47,34.18,,1.03,0.74,-4.03,2.61,-5.42,3.57,4.82,-0.66,1.66,0.40,-0.92,-14.10,9689.40,-4.05,0.22,0.36,22015000.34,Bens Industriais
HAGA4,1.51,,6.89,-0.37,0.25,24.34,-3.04,8.92,-20.17,9.47,34.18,,0.61,0.44,-2.40,2.61,-5.42,3.57,4.82,-0.66,1.66,0.40,-0.92,-14.10,12123.10,-4.05,0.22,0.22,22015000.34,Bens Industriais
HBSA3,3.05,,-20.93,2.07,0.67,37.96,24.58,-8.99,7.66,12.82,5.17,1.40,1.88,3.72,-0.89,3.59,-9.88,-3.20,7.09,0.32,0.68,0.36,8.92,,3941027.90,1.47,-0.15,0.34,4149167061.15,Bens Industriais
INEP3,1.40,,-0.15,-0.04,0.22,-13.66,-4468.19,-5950.49,-0.20,-2.37,-2.17,,8.80,-0.09,-0.33,0.13,-29.15,-147.59,41.84,-5.06,6.06,0.02,-3.27,,164280.10,-32.47,-9.46,0.00,76159238.40,Bens Industriais
INEP4,1.40,,-0.15,-0.04,0.22,-13.66,-4468.19,-5950.49,-0.20,-2.37,-2.17,,8.80,-0.09,-0.33,0.13,-29.15,-147.59,41.84,-5.06,6.06,0.02,-3.27,,28909.76,-32.47,-9.46,0.00,76159238.40,Bens Industriais
JSLG3,5.40,35.40,-16.20,1.32,0.13,15.45,9.69,-0.98,1.64,8.48,6.83,5.50,0.16,1.61,-0.20,1.28,-8.15,-0.79,6.97,0.10,0.90,0.81,27.81,,3722539.86,4.09,-0.33,0.11,1540992151.80,Bens Industriais
KEPL3,6.11,7.08,7.43,1.39,0.72,23.66,11.94,10.19,6.34,6.11,-0.23,-0.05,0.76,2.16,-2.13,2.03,18.67,9.75,13.03,0.52,0.48,0.96,17.29,16.93,4803951.43,4.41,0.82,-0.52,1098089994.30,Bens Industriais
LOGN3,28.00,,103.17,2.86,0.79,14.83,14.91,0.95,6.55,9.60,3.05,1.33,0.98,9.92,-1.16,1.33,2.77,0.76,-4.33,0.28,0.72,0.81,22.30,17.59,457978.95,9.79,0.27,-1.74,3004581608.00,Bens Industriais
LUXM3,0.00,,0.00,0.00,0.00,29.66,17.37,13.10,0.00,1.97,-0.33,-0.05,0.00,0.00,0.00,1.82,11.91,8.53,7.54,0.72,0.28,0.65,8.61,19.49,,4.14,0.49,0.00,62596800.00,Bens Industriais
LUXM4,2.70,5.07,5.47,0.65,0.47,29.66,17.37,13.10,4.13,1.97,-0.33,-0.05,0.72,5.01,-0.59,1.82,11.91,8.53,7.54,0.72,0.28,0.65,8.61,19.49,12730.43,4.14,0.49,-0.12,62596800.00,Bens Industriais
MILS3,15.60,6.81,8.14,1.94,0.87,61.63,37.24,23.53,5.14,6.86,1.72,0.65,1.91,4.02,-1.28,2.98,23.81,10.64,16.55,0.45,0.55,0.45,29.41,,12383590.52,8.05,1.92,0.17,3654123111.60,Bens Industriais
MOTV3,14.49,1.44,7.55,1.65,0.37,47.88,41.79,20.63,3.73,7.91,4.18,1.85,1.56,2.47,-0.57,1.77,21.85,4.90,10.33,0.22,0.77,0.24,13.77,82.59,92973131.14,8.78,1.92,0.09,29269800000.00,Bens Industriais
MRSA3B,37.66,2.78,9.42,1.46,0.49,46.97,36.70,17.81,4.57,6.72,2.12,0.68,1.68,4.70,-0.64,1.83,15.47,5.23,7.31,0.34,0.66,0.29,16.04,25.70,1269.17,25.83,4.00,-4.10,12779475253.66,Bens Industriais
MRSA5B,38.00,3.03,9.51,1.47,0.50,46.97,36.70,17.81,4.62,6.72,2.12,0.68,1.69,4.74,-0.65,1.83,15.47,5.23,7.31,0.34,0.66,0.29,16.04,25.70,3245.00,25.83,4.00,-4.13,12779475253.66,Bens Industriais
MRSA6B,32.00,3.60,8.01,1.24,0.42,46.97,36.70,17.81,3.89,6.72,2.12,0.68,1.43,4.00,-0.54,1.83,15.47,5.23,7.31,0.34,0.66,0.29,16.04,25.70,968.24,25.83,4.00,-3.48,12779475253.66,Bens Industriais
MTSA3,75.49,4.24,17.08,1.43,1.06,21.97,5.82,7.44,21.82,12.40,-5.26,-0.35,1.27,1.74,-4.73,4.77,8.39,6.23,-0.01,0.74,0.26,0.84,7.69,-7.44,,52.69,4.42,2.97,537205997.70,Bens Industriais
MTSA4,47.89,7.35,10.83,0.91,0.67,21.97,5.82,7.44,13.84,12.40,-5.26,-0.35,0.81,1.10,-3.00,4.77,8.39,6.23,-0.01,0.74,0.26,0.84,7.69,-7.44,63382.48,52.69,4.42,1.88,537205997.70,Bens Industriais
MWET3,16.00,,-1.01,-4.26,0.10,13.05,-6.74,-17.08,-2.55,-10.62,-8.49,,0.17,-0.48,-0.15,0.62,-422.73,-9.91,-61.44,-0.02,1.02,0.58,6.20,,0.00,-3.75,-15.87,0.00,27440040.00,Bens Industriais
MWET4,12.00,,-0.76,-3.20,0.07,13.05,-6.74,-17.08,-1.92,-10.62,-8.49,,0.13,-0.36,-0.11,0.62,-422.73,-9.91,-61.44,-0.02,1.02,0.58,6.20,,4864.60,-3.75,-15.87,0.00,27440040.00,Bens Industriais
NORD3,1.42,,-0.83,-0.05,0.49,90.81,-169.27,-411.66,-2.02,-8.43,-6.41,,3.42,-0.05,-0.51,0.00,-6.16,-59.05,3.02,-9.59,10.59,0.14,11.03,,3727.19,-27.81,-1.71,0.01,9402510.12,Bens Industriais
OPCT3,10.74,0.90,12.80,2.07,0.62,29.57,17.51,6.99,5.11,8.97,3.86,1.57,0.90,3.45,-0.92,2.22,16.21,4.83,12.10,0.30,0.70,0.69,27.13,,7012231.00,5.18,0.84,-0.01,2147565609.96,Bens Industriais
POMO3,4.21,24.47,4.38,1.24,0.54,24.50,14.55,13.19,3.97,5.53,1.37,0.43,0.58,1.84,-1.34,1.94,28.32,12.23,12.74,0.43,0.56,0.93,20.33,63.15,9340002.14,3.39,0.96,-9.22,5509748431.14,Bens Industriais
POMO4,4.52,22.79,4.71,1.33,0.58,24.50,14.55,13.19,4.27,5.53,1.37,0.43,0.62,1.98,-1.44,1.94,28.32,12.23,12.74,0.43,0.56,0.93,20.33,63.15,67284368.67,3.39,0.96,-9.90,5509748431.14,Bens Industriais
PORT3,18.75,,12.35,3.01,1.30,48.59,33.87,21.21,7.74,9.78,2.05,0.80,2.62,-299.66,-1.57,0.97,24.37,10.56,15.74,0.43,0.57,0.50,12.80,42.19,1155515.00,6.23,1.52,0.30,8304973125.00,Bens Industriais
PRNR3,18.40,,24.31,1.94,0.56,18.60,9.06,2.67,7.16,10.74,3.58,0.97,0.65,3.95,-1.01,1.47,7.98,2.30,8.02,0.29,0.67,0.86,45.21,,6063816.95,9.49,0.76,0.08,1048931670.40,Bens Industriais
PTBL3,1.58,,-0.74,-6.03,0.06,34.74,5.00,-11.49,1.71,10.66,8.96,,0.09,-3.84,-0.10,0.96,-812.08,-8.35,2.22,-0.01,1.01,0.73,14.37,,395980.33,-0.26,-2.13,0.00,222759279.88,Bens Industriais
PTCA11,0.00,,0.00,0.00,0.00,46.99,10.44,4.59,0.00,2.16,2.16,0.87,0.00,0.00,0.00,2.43,17.76,5.60,8.38,0.32,0.68,1.22,26.36,29.84,,30.17,5.36,0.00,0.00,Bens Industriais
PTCA3,0.00,,0.00,0.00,0.00,46.99,10.44,4.59,0.00,2.16,2.16,0.87,0.00,0.00,0.00,2.43,17.76,5.60,8.38,0.32,0.68,1.22,26.36,29.84,,30.17,5.36,0.00,0.00,Bens Industriais
RAIL3,13.59,0.80,24.29,1.82,0.47,45.56,34.22,7.34,5.21,8.81,3.60,1.26,1.78,11.15,-0.56,1.37,7.49,1.94,10.83,0.26,0.74,0.26,14.73,28.48,140445636.52,7.48,0.56,-0.14,25261480905.03,Bens Industriais
RAPT3,6.92,,-8.33,0.78,0.13,25.08,6.71,-2.23,2.77,8.48,6.21,1.75,0.19,0.45,-0.28,2.07,-9.35,-1.53,5.81,0.16,0.76,0.69,19.64,,379337.52,8.89,-0.83,0.04,1988001048.63,Bens Industriais
RAPT4,4.99,,-6.00,0.56,0.09,25.08,6.71,-2.23,2.00,8.48,6.21,1.75,0.13,0.32,-0.21,2.07,-9.35,-1.53,5.81,0.16,0.76,0.69,19.64,,8944728.86,8.89,-0.83,0.03,1988001048.63,Bens Industriais
RCSL3,0.41,,-3.13,-3.81,1.55,-8.11,-1425.17,-2762.42,-6.06,-7.05,0.00,,86.40,26.49,-2.29,1.22,-121.91,-49.67,61.91,-0.41,1.41,0.02,-43.97,,83045.24,-0.11,-0.13,0.26,60651929.36,Bens Industriais
RCSL4,0.51,,-3.89,-4.74,1.93,-8.11,-1425.17,-2762.42,-7.54,-7.05,0.00,,107.48,32.95,-2.85,1.22,-121.91,-49.67,61.91,-0.41,1.41,0.02,-43.97,,3127000.10,-0.11,-0.13,0.32,60651929.36,Bens Industriais
RLOG3,23.08,,82.76,4.26,0.23,34.71,29.67,1.85,5.17,12.09,6.92,5.71,1.53,1.49,-0.31,2.64,5.15,0.28,5.46,0.05,0.71,0.15,50.58,4.37,,5.41,0.28,-2.42,10691215482.28,Bens Industriais
ROMI3,5.85,7.18,7.26,0.44,0.20,27.17,6.00,5.80,7.03,14.52,7.49,0.47,0.42,0.62,-0.52,2.19,6.01,2.81,1.52,0.47,0.53,0.48,6.39,-15.53,860307.67,13.41,0.81,-0.41,545048869.95,Bens Industriais
RSUL3,0.00,,0.00,0.00,0.00,41.67,23.40,14.96,0.00,0.77,-0.30,-0.10,0.00,0.00,0.00,3.22,21.84,13.44,9.33,0.62,0.38,0.90,16.58,,,47.32,10.34,0.00,105223638.25,Bens Industriais
RSUL4,42.17,,4.08,0.89,0.55,41.67,23.40,14.96,2.61,0.77,-0.30,-0.10,0.61,1.40,-1.27,3.22,21.84,13.44,9.33,0.62,0.38,0.90,16.58,,219317.38,47.32,10.34,0.58,105223638.25,Bens Industriais
SEQL3,0.06,,-1.10,-1.50,0.55,7.71,-33.49,-61.27,-2.01,-3.79,-1.78,,0.67,-1.14,-0.66,0.26,-136.47,-50.14,-188.29,-0.37,1.37,0.82,-9.89,,49298.86,-0.04,-0.05,0.02,382229320.32,Bens Industriais
SHUL3,27.31,1.51,35.74,6.38,3.26,22.44,10.96,14.43,47.06,23.73,-0.65,-0.09,5.16,8.36,-9.08,2.56,17.86,9.13,8.48,0.51,0.49,0.63,13.02,14.00,,4.28,0.76,14.32,5056312514.12,Bens Industriais
SHUL4,4.33,10.50,5.67,1.01,0.52,22.44,10.96,14.43,7.46,23.73,-0.65,-0.09,0.82,1.32,-1.44,2.56,17.86,9.13,8.48,0.51,0.49,0.63,13.02,14.00,2344585.67,4.28,0.76,2.27,5056312514.12,Bens Industriais
SOND3,38.66,22.14,2.81,1.33,0.73,35.67,19.63,14.61,2.09,2.40,-0.97,-0.61,0.41,2.61,-2.06,1.76,47.32,25.92,25.23,0.55,0.45,1.77,28.62,9.92,3866.00,29.12,13.78,0.07,153235460.00,Bens Industriais
SOND5,75.00,12.55,5.44,2.58,1.41,35.67,19.63,14.61,4.05,2.40,-0.97,-0.61,0.80,5.05,-4.00,1.76,47.32,25.92,25.23,0.55,0.45,1.77,28.62,9.92,4811.00,29.12,13.78,0.13,153235460.00,Bens Industriais
SOND6,79.98,11.77,5.81,2.75,1.51,35.67,19.63,14.61,4.32,2.40,-0.97,-0.61,0.85,5.39,-4.27,1.76,47.32,25.92,25.23,0.55,0.45,1.77,28.62,9.92,3199.20,29.12,13.78,0.14,153235460.00,Bens Industriais
STBP3,14.42,,13.44,13.60,2.24,59.07,46.45,25.05,7.25,8.53,1.29,2.41,3.37,228.55,-2.66,1.07,101.21,16.65,25.49,0.16,0.84,0.66,31.30,,3082209.00,1.06,1.07,0.79,12461336720.98,Bens Industriais
STTR3,0.00,,0.00,0.00,0.00,31.37,17.25,14.11,0.00,-0.22,-0.22,-0.09,0.00,0.00,0.00,2.46,32.10,17.86,21.15,0.56,0.44,1.27,22.02,,,2.91,0.94,0.00,0.00,Bens Industriais
TASA3,5.09,0.06,-18.87,0.60,0.29,33.32,1.45,-2.56,33.34,57.21,25.44,0.46,0.48,1.46,-0.66,1.53,-3.16,-1.52,-1.45,0.48,0.52,0.59,-3.77,,37375.05,8.52,-0.27,0.13,675507141.77,Bens Industriais
TASA4,4.71,0.07,-17.46,0.55,0.27,33.32,1.45,-2.56,30.85,57.21,25.44,0.46,0.45,1.35,-0.61,1.53,-3.16,-1.52,-1.45,0.48,0.52,0.59,-3.77,,856302.71,8.52,-0.27,0.12,675507141.77,Bens Industriais
TCNO3,1.20,,-7.52,-8.40,0.03,,,,-6.81,-34.51,-28.98,,,-0.08,-0.04,0.28,-111.63,-0.45,-3.55,0.00,1.00,0.00,,,,-0.14,-0.16,-0.28,6451072.50,Bens Industriais
TCNO4,0.85,,-5.33,-5.95,0.02,,,,-4.82,-34.51,-28.98,,,-0.06,-0.03,0.28,-111.63,-0.45,-3.55,0.00,1.00,0.00,,,,-0.14,-0.16,-0.20,6451072.50,Bens Industriais
TGMA3,33.48,10.84,8.70,2.22,1.45,18.75,14.23,10.14,6.20,6.27,0.08,0.03,0.88,5.14,-2.97,2.22,25.55,16.62,12.62,0.65,0.35,1.64,17.07,28.10,9169110.10,15.06,3.85,-0.93,2209777594.20,Bens Industriais
TPIS3,8.05,6.82,-0.91,0.71,0.16,26.50,-52.90,-42.83,-0.74,-3.21,-2.47,2.36,0.39,-0.48,-0.18,0.22,-77.17,-17.97,-28.01,0.23,0.78,0.42,1.71,,286212.90,11.40,-8.80,0.00,354200000.00,Bens Industriais
TUPY3,14.22,,-2.44,0.82,0.20,10.79,-3.84,-8.26,-5.24,-10.53,-5.30,0.83,0.20,0.58,-0.57,2.16,-33.80,-8.26,-7.81,0.24,0.75,1.00,17.88,,12713263.90,17.27,-5.84,0.00,1883444901.30,Bens Industriais
VAMO3,3.08,4.57,12.24,1.44,0.16,50.50,43.43,5.09,1.43,5.95,4.51,4.55,0.62,1.32,-0.23,1.77,11.81,1.34,12.65,0.11,0.89,0.26,30.63,11.41,31659060.10,2.13,0.25,21.72,3763226744.20,Bens Industriais
VLID3,17.03,9.90,6.02,0.79,0.46,35.19,14.47,11.15,4.64,5.12,0.48,0.08,0.67,1.76,-0.85,2.30,13.18,7.60,10.42,0.58,0.42,0.68,1.24,,3906257.48,21.46,2.83,-0.31,1359613466.25,Bens Industriais
VSPT3,5.00,,-39.23,0.78,0.38,12.17,-2.09,-1.89,-35.49,-31.74,3.74,-0.08,0.74,-12.77,-0.42,0.78,-1.99,-0.96,-2.20,0.48,0.52,0.51,6.04,,,6.41,-0.13,0.27,2569294560.00,Bens Industriais
VSPT4,0.00,,0.00,0.00,0.00,12.17,-2.09,-1.89,0.00,-31.74,3.74,-0.08,0.00,0.00,0.00,0.78,-1.99,-0.96,-2.20,0.48,0.52,0.51,6.04,,,6.41,-0.13,0.00,2569294560.00,Bens Industriais
WEGE3,48.12,2.45,32.30,10.71,4.33,33.14,19.53,15.58,25.77,25.29,-0.48,-0.20,5.03,18.15,-12.16,1.59,33.16,13.40,25.73,0.40,0.57,0.86,18.49,21.72,412992942.52,4.49,1.49,-13.19,201974942063.76,Bens Industriais
WLMM3,19.94,6.14,9.16,0.92,0.46,13.02,5.49,2.70,4.50,5.56,1.48,0.30,0.25,1.67,-1.12,1.89,10.00,5.03,8.01,0.50,0.50,1.86,24.89,7.82,1082.08,21.78,2.18,-0.25,657847051.80,Bens Industriais
WLMM4,16.50,8.16,7.58,0.76,0.38,13.02,5.49,2.70,3.73,5.56,1.48,0.30,0.20,1.38,-0.92,1.89,10.00,5.03,8.01,0.50,0.50,1.86,24.89,7.82,45196.67,21.78,2.18,-0.21,657847051.80,Bens Industriais
AZTE3,1.45,,,,,,,,,,,,,,,,,,,,,,,,1567182.57,,,,0.00,Materiais Básicos
BRAP3,18.57,11.54,9.33,0.93,0.93,,,,10.30,10.94,-0.36,-0.03,,34.16,-0.96,5.99,10.00,9.94,9.06,0.99,0.01,0.00,,-11.82,555848.81,19.90,1.99,-0.28,8009000707.06,Materiais Básicos
BRAP4,21.35,11.04,10.73,1.07,1.07,,,,11.84,10.94,-0.36,-0.03,,39.28,-1.10,5.99,10.00,9.94,9.06,0.99,0.01,0.00,,-11.82,37593195.95,19.90,1.99,-0.33,8009000707.06,Materiais Básicos
BRKM3,4.81,,-0.42,-0.24,0.05,2.02,-3.44,-13.68,-1.67,-20.59,-18.74,,0.06,-0.36,-0.08,0.71,-58.03,-12.04,-56.79,-0.21,1.21,0.88,3.85,,156385.67,-19.74,-11.46,0.27,4225028957.20,Materiais Básicos
BRKM5,5.94,,-0.52,-0.30,0.06,2.02,-3.44,-13.68,-2.06,-20.59,-18.74,,0.07,-0.44,-0.10,0.71,-58.03,-12.04,-56.79,-0.21,1.21,0.88,3.85,,35987570.90,-19.74,-11.46,0.33,4225028957.20,Materiais Básicos
BRKM6,6.00,,-0.52,-0.30,0.06,2.02,-3.44,-13.68,-2.08,-20.59,-18.74,,0.07,-0.45,-0.10,0.71,-58.03,-12.04,-56.79,-0.21,1.21,0.88,3.85,,771.43,-19.74,-11.46,0.34,4225028957.20,Materiais Básicos
CBAV3,11.12,0.40,12.11,1.43,0.49,13.67,10.34,6.41,7.51,10.53,3.02,0.57,0.78,2.66,-0.76,2.06,11.81,4.04,5.66,0.34,0.64,0.63,10.19,,27419560.86,7.78,0.92,0.06,7239928390.64,Materiais Básicos
CMIN3,5.45,7.08,13.28,4.18,0.87,45.85,27.00,12.51,6.15,6.21,0.06,0.04,1.66,8.57,-1.38,1.37,31.49,6.52,21.50,0.21,0.79,0.52,5.50,-11.17,54611740.86,1.30,0.41,-0.35,29604642732.10,Materiais Básicos
CRPG3,17.00,,-6.13,0.90,0.52,-4.05,-11.55,-9.62,-5.11,-3.53,0.37,-0.06,0.59,1.71,-1.47,1.90,-14.62,-8.52,-17.77,0.58,0.42,0.89,1.63,,1274.50,18.96,-2.77,0.19,376384535.20,Materiais Básicos
CRPG5,10.80,,-3.90,0.57,0.33,-4.05,-11.55,-9.62,-3.24,-3.53,0.37,-0.06,0.37,1.09,-0.93,1.90,-14.62,-8.52,-17.77,0.58,0.42,0.89,1.63,,73263.52,18.96,-2.77,0.12,376384535.20,Materiais Básicos
CRPG6,11.09,,-4.00,0.59,0.34,-4.05,-11.55,-9.62,-3.33,-3.53,0.37,-0.06,0.38,1.12,-0.96,1.90,-14.62,-8.52,-17.77,0.58,0.42,0.89,1.63,,1569.00,18.96,-2.77,0.13,376384535.20,Materiais Básicos
CSNA3,4.57,,-3.03,0.47,0.06,27.83,9.49,-4.49,1.43,10.19,8.76,2.88,0.14,2.08,-0.09,1.11,-15.55,-2.02,3.56,0.13,0.84,0.45,8.30,,66807663.81,9.69,-1.51,0.13,6060249337.79,Materiais Básicos
DEXP3,7.40,7.55,6.39,0.87,0.56,16.52,10.04,7.41,4.72,4.21,-0.50,-0.09,0.47,1.20,-1.54,3.80,13.54,8.81,9.93,0.65,0.35,1.19,16.52,3.62,409939.90,8.55,1.16,-0.71,909361727.80,Materiais Básicos
DEXP4,7.30,7.85,6.30,0.85,0.56,16.52,10.04,7.41,4.65,4.21,-0.50,-0.09,0.47,1.19,-1.52,3.80,13.54,8.81,9.93,0.65,0.35,1.19,16.52,3.62,31818.33,8.55,1.16,-0.71,909361727.80,Materiais Básicos
DXCO3,5.22,,-133.03,0.69,0.25,25.73,9.53,-0.43,5.94,11.59,5.65,0.66,0.57,1.51,-0.38,1.98,-0.52,-0.19,4.03,0.36,0.61,0.44,7.01,-54.77,8471834.57,7.53,-0.04,1.12,4797358503.12,Materiais Básicos
ELEK3,19.11,,24.46,2.66,1.07,11.39,2.82,2.53,21.94,38.76,5.75,0.70,0.62,3.75,-2.60,1.94,10.87,4.36,4.38,0.40,0.60,1.72,1.48,,,7.19,0.78,-0.35,905051916.30,Materiais Básicos
ELEK4,36.99,,47.34,5.15,2.07,11.39,2.82,2.53,42.48,38.76,5.75,0.70,1.20,7.26,-5.02,1.94,10.87,4.36,4.38,0.40,0.60,1.72,1.48,,,7.19,0.78,-0.68,905051916.30,Materiais Básicos
EUCA3,23.59,4.34,5.33,0.74,0.43,36.99,19.52,13.03,3.56,4.32,0.86,0.18,0.70,1.85,-0.71,2.38,13.91,7.99,12.97,0.57,0.43,0.61,11.55,23.22,4821.90,31.79,4.42,0.08,2124753924.16,Materiais Básicos
EUCA4,22.61,4.98,5.11,0.71,0.41,36.99,19.52,13.03,3.41,4.32,0.86,0.18,0.67,1.78,-0.68,2.38,13.91,7.99,12.97,0.57,0.43,0.61,11.55,23.22,1395721.71,31.79,4.42,0.07,2124753924.16,Materiais Básicos
FBMC3,0.00,,0.00,0.00,0.00,-60.76,-92.67,-101.97,0.00,-0.74,-0.67,,0.00,0.00,0.00,0.31,-24.19,-36.57,25.82,-1.51,2.51,0.36,-18.14,,,-87.48,-21.16,0.00,904253.84,Materiais Básicos
FBMC4,1.96,,-0.09,-0.02,0.03,-60.76,-92.67,-101.97,-0.10,-0.74,-0.67,,0.09,-0.04,-0.05,0.31,-24.19,-36.57,25.82,-1.51,2.51,0.36,-18.14,,,-87.48,-21.16,0.00,904253.84,Materiais Básicos
FESA3,10.42,6.13,22.76,1.12,0.83,16.79,1.40,7.06,114.66,59.97,-19.91,-0.19,1.61,3.02,-1.38,3.27,4.93,3.66,-0.51,0.74,0.26,0.52,7.55,18.30,4276.29,9.29,0.46,-0.47,2564050500.00,Materiais Básicos
FESA4,5.68,12.37,12.41,0.61,0.45,16.79,1.40,7.06,62.50,59.97,-19.91,-0.19,0.88,1.64,-0.75,3.27,4.93,3.66,-0.51,0.74,0.26,0.52,7.55,18.30,3596435.76,9.29,0.46,-0.26,2564050500.00,Materiais Básicos
FHER3,3.27,,-0.81,-0.14,0.10,-0.98,-7.41,-5.85,-0.64,-0.28,0.36,,0.05,-0.38,-0.20,0.68,-16.65,-11.89,25.94,-0.71,1.71,2.03,13.08,,10828.48,-24.23,-4.03,0.01,176113318.68,Materiais Básicos
GGBR3,21.32,3.19,18.85,0.79,0.51,13.10,7.24,3.22,8.38,10.92,1.61,0.15,0.61,2.20,-0.80,2.87,4.18,2.73,5.38,0.65,0.34,0.85,9.78,-1.11,722623.14,27.07,1.13,-0.60,46875032695.58,Materiais Básicos
GGBR4,25.05,2.71,22.15,0.93,0.60,13.10,7.24,3.22,9.84,10.92,1.61,0.15,0.71,2.58,-0.94,2.87,4.18,2.73,5.38,0.65,0.34,0.85,9.78,-1.11,203244262.90,27.07,1.13,-0.70,46875032695.58,Materiais Básicos
GOAU3,10.04,3.98,16.72,0.69,0.16,13.10,7.22,1.14,2.64,4.41,1.61,0.42,0.19,0.69,-0.25,2.88,4.13,0.97,5.14,0.23,0.34,0.85,9.78,-1.87,459615.86,14.54,0.60,-0.57,14090596727.40,Materiais Básicos
GOAU4,11.01,3.63,18.33,0.76,0.18,13.10,7.22,1.14,2.90,4.41,1.61,0.42,0.21,0.76,-0.28,2.88,4.13,0.97,5.14,0.23,0.34,0.85,9.78,-1.87,65078534.48,14.54,0.60,-0.62,14090596727.40,Materiais Básicos
KLBN11,18.01,6.51,40.04,2.37,0.35,28.00,15.05,2.71,7.22,15.17,7.95,2.61,1.09,2.53,-0.49,2.00,5.92,0.88,6.10,0.15,0.75,0.32,11.61,,85466279.67,7.60,0.45,-0.55,22481806817.70,Materiais Básicos
KLBN3,3.62,6.48,40.24,2.38,0.35,28.00,15.05,2.71,7.26,15.17,7.95,2.61,1.09,2.55,-0.49,2.00,5.92,0.88,6.10,0.15,0.75,0.32,11.61,,1941612.14,1.52,0.09,-0.55,22481806817.70,Materiais Básicos
KLBN4,3.59,6.53,39.91,2.36,0.35,28.00,15.05,2.71,7.20,15.17,7.95,2.61,1.08,2.53,-0.49,2.00,5.92,0.88,6.10,0.15,0.75,0.32,11.61,,11079671.43,1.52,0.09,-0.55,22481806817.70,Materiais Básicos
LTEL3B,86.61,0.51,71.80,5.17,5.16,,,,75.17,74.50,-0.66,-0.05,,107.75,-5.43,170.15,7.20,7.19,6.80,1.00,0.00,0.00,,-6.79,,16.76,1.21,-1.38,18664056853.83,Materiais Básicos
MGEL3,74.10,,10.03,8.43,0.57,12.94,7.38,3.94,5.36,8.43,6.27,9.86,0.40,-1.23,-1.02,0.48,84.02,5.70,13.66,0.07,0.93,1.45,14.25,,,8.80,7.39,-0.04,172691543.55,Materiais Básicos
MGEL4,5.25,,0.71,0.60,0.04,12.94,7.38,3.94,0.38,8.43,6.27,9.86,0.03,-0.09,-0.07,0.48,84.02,5.70,13.66,0.07,0.93,1.45,14.25,,8146.70,8.80,7.39,0.00,172691543.55,Materiais Básicos
MMXM3,14.00,,-2.17,-0.11,0.71,,,,-181.31,-719.57,-538.27,,,-0.10,-0.75,0.01,-4.97,-32.75,0.28,-6.58,7.60,0.00,-6.95,,,-129.88,-6.46,0.03,90834562.00,Materiais Básicos
MTIG3,0.00,,0.00,0.00,0.00,-16.12,-64.07,-113.09,0.00,-1.28,-1.17,,0.00,0.00,0.00,0.27,-725.28,-74.53,-104.33,-0.10,1.10,0.66,-17.44,,,-0.06,-0.46,0.00,3700608.00,Materiais Básicos
MTIG4,23.00,,-49.52,-359.15,36.91,-16.12,-64.07,-113.09,-87.41,-1.28,-1.17,,56.00,-50.93,-50.15,0.27,-725.28,-74.53,-104.33,-0.10,1.10,0.66,-17.44,,,-0.06,-0.46,-0.09,3700608.00,Materiais Básicos
NEMO3,0.00,,0.00,0.00,0.00,31.42,20.52,6.84,0.00,6.73,6.73,5.27,0.00,0.00,0.00,3.52,26.10,2.04,3.43,0.08,0.72,0.30,10.47,,,35.31,9.22,0.00,0.00,Materiais Básicos
NEMO4,0.00,,0.00,0.00,0.00,31.42,20.52,6.84,0.00,6.73,6.73,5.27,0.00,0.00,0.00,3.52,26.10,2.04,3.43,0.08,0.72,0.30,10.47,,,35.31,9.22,0.00,0.00,Materiais Básicos
NEMO5,52.97,,5.75,1.50,0.12,31.42,20.52,6.84,1.92,6.73,6.73,5.27,0.39,0.64,-0.16,3.52,26.10,2.04,3.43,0.08,0.72,0.30,10.47,,,35.31,9.22,0.00,0.00,Materiais Básicos
NEMO6,0.00,,0.00,0.00,0.00,31.42,20.52,6.84,0.00,6.73,6.73,5.27,0.00,0.00,0.00,3.52,26.10,2.04,3.43,0.08,0.72,0.30,10.47,,,35.31,9.22,0.00,0.00,Materiais Básicos
NUTR3,2.08,,3.78,0.55,0.22,14.84,5.23,3.51,2.54,4.35,1.81,0.39,0.13,0.93,-0.62,1.59,14.57,5.86,-3.68,0.40,0.60,1.67,23.51,16.23,6669.10,3.77,0.55,0.13,27548352.00,Materiais Básicos
PATI3,30.22,1.44,14.83,0.95,0.51,10.92,4.25,2.61,9.10,8.98,-0.11,-0.01,0.39,1.44,-1.65,2.07,6.43,3.46,4.98,0.54,0.46,1.33,6.07,-23.20,575.62,31.68,2.04,-0.34,722497985.26,Materiais Básicos
PATI4,29.50,6.31,14.48,0.93,0.50,10.92,4.25,2.61,8.88,8.98,-0.11,-0.01,0.38,1.40,-1.62,2.07,6.43,3.46,4.98,0.54,0.46,1.33,6.07,-23.20,6685.88,31.68,2.04,-0.33,722497985.26,Materiais Básicos
PMAM3,0.16,,-0.04,-0.01,0.04,-35.27,-102.40,-225.66,-0.08,-10.01,-9.93,,0.09,-0.01,-0.05,0.03,-16.89,-100.27,34.13,-5.94,6.94,0.44,-33.40,,1980350.81,-24.85,-4.20,0.00,49087192.48,Materiais Básicos
RANI3,8.26,4.87,14.71,1.33,0.48,35.35,19.19,7.65,5.87,9.21,3.34,0.76,1.13,2.70,-0.74,2.10,9.03,3.29,6.90,0.36,0.64,0.43,10.37,6.89,3924475.14,6.22,0.56,-0.22,1903940068.94,Materiais Básicos
RANI4,5.50,,9.79,0.88,0.32,35.35,19.19,7.65,3.91,9.21,3.34,0.76,0.75,1.80,-0.49,2.10,9.03,3.29,6.90,0.36,0.64,0.43,10.37,6.89,,6.22,0.56,-0.15,1903940068.94,Materiais Básicos
SNSY3,9.13,,-0.23,-0.03,0.12,19.76,-3.27,-31.86,-2.23,-10.59,-7.98,,0.07,-0.30,-0.28,0.58,-12.76,-53.52,1.48,-4.19,5.23,1.68,13.80,,48.05,-312.71,-39.90,0.00,82489914.40,Materiais Básicos
SNSY5,2.24,,-0.06,-0.01,0.03,19.76,-3.27,-31.86,-0.55,-10.59,-7.98,,0.02,-0.07,-0.07,0.58,-12.76,-53.52,1.48,-4.19,5.23,1.68,13.80,,15021.05,-312.71,-39.90,0.00,82489914.40,Materiais Básicos
SNSY6,11.51,,-0.29,-0.04,0.15,19.76,-3.27,-31.86,-2.81,-10.59,-7.98,,0.09,-0.37,-0.35,0.58,-12.76,-53.52,1.48,-4.19,5.23,1.68,13.80,,,-312.71,-39.90,0.00,82489914.40,Materiais Básicos
SUZB3,41.70,2.69,4.64,1.10,0.32,31.42,20.52,22.96,5.19,11.91,6.73,1.42,1.06,1.74,-0.43,3.51,23.68,6.86,-0.36,0.29,0.71,0.30,10.47,,202299991.52,38.00,9.00,0.00,52713704545.50,Materiais Básicos
TKNO3,214.99,9.00,21.11,2.19,1.79,21.26,10.82,10.11,19.72,18.66,-1.10,-0.12,2.13,4.65,-3.77,3.78,10.38,8.50,4.10,0.82,0.18,0.84,10.24,18.59,0.00,98.12,10.18,-0.52,635123987.99,Materiais Básicos
TKNO4,216.00,7.59,21.21,2.20,1.80,21.26,10.82,10.11,19.81,18.66,-1.10,-0.12,2.14,4.68,-3.79,3.78,10.38,8.50,4.10,0.82,0.18,0.84,10.24,18.59,0.00,98.12,10.18,-0.52,635123987.99,Materiais Básicos
UNIP3,57.19,16.18,24.28,3.24,0.83,26.81,11.68,5.09,10.58,14.75,3.81,1.17,1.24,3.97,-1.31,2.39,13.34,3.44,8.31,0.26,0.74,0.67,5.86,-6.23,261272.52,17.66,2.36,-0.37,6691013502.25,Materiais Básicos
UNIP5,62.00,16.42,26.32,3.51,0.90,26.81,11.68,5.09,11.47,14.75,3.81,1.17,1.34,4.30,-1.42,2.39,13.34,3.44,8.31,0.26,0.74,0.67,5.86,-6.23,12537.25,17.66,2.36,-0.40,6691013502.25,Materiais Básicos
UNIP6,60.14,16.92,25.53,3.41,0.88,26.81,11.68,5.09,11.13,14.75,3.81,1.17,1.30,4.17,-1.37,2.39,13.34,3.44,8.31,0.26,0.74,0.67,5.86,-6.23,7970710.86,17.66,2.36,-0.38,6691013502.25,Materiais Básicos
USIM3,6.25,,-3.38,0.38,0.22,9.82,-3.96,-9.36,-7.97,-7.86,0.61,-0.03,0.32,0.60,-0.43,4.44,-11.18,-6.61,-10.48,0.59,0.33,0.71,10.30,,3879833.14,16.56,-1.85,0.00,8324781006.60,Materiais Básicos
USIM5,7.15,,-3.86,0.43,0.26,9.82,-3.96,-9.36,-9.12,-7.86,0.61,-0.03,0.36,0.69,-0.49,4.44,-11.18,-6.61,-10.48,0.59,0.33,0.71,10.30,,84833805.86,16.56,-1.85,0.01,8324781006.60,Materiais Básicos
USIM6,8.65,,-4.67,0.52,0.31,9.82,-3.96,-9.36,-11.03,-7.86,0.61,-0.03,0.44,0.83,-0.59,4.44,-11.18,-6.61,-10.48,0.59,0.33,0.71,10.30,,247.14,16.56,-1.85,0.01,8324781006.60,Materiais Básicos
VALE3,74.97,7.31,32.10,1.69,0.72,34.92,15.64,4.75,9.76,11.76,2.00,0.35,1.53,22.63,-0.90,1.19,5.27,2.24,1.60,0.43,0.56,0.47,0.72,-17.24,1158460664.43,44.30,2.34,-0.50,332803807507.08,Materiais Básicos
VITT3,2.80,5.08,7.12,0.70,0.46,29.45,7.86,7.70,6.98,10.13,3.15,0.31,0.55,1.31,-1.21,2.26,9.79,6.41,6.51,0.65,0.35,0.83,9.09,-5.40,705891.29,4.02,0.39,-0.48,441251955.20,Materiais Básicos
ABCB4,23.53,11.47,6.01,0.84,0.09,17.07,15.46,12.60,4.90,4.90,,,0.76,-1.91,-0.09,0.19,14.05,1.50,,0.11,0.89,0.12,28.96,24.52,10835931.29,27.85,3.91,1.12,6131943435.93,Financeiro e Outros
ALOS3,26.94,10.91,14.53,1.06,0.53,72.95,52.17,32.26,8.99,6.87,-2.12,-0.25,4.69,4.77,-0.62,3.56,7.27,3.64,9.63,0.50,0.50,0.11,29.09,40.77,97208106.90,25.49,1.85,0.54,13582904112.18,Financeiro e Outros
APER3,46.75,,-32.82,2.02,1.01,100.00,6.60,-8.16,40.57,43.31,2.74,0.14,2.68,115.28,-1.38,1.03,-6.15,-3.09,2.91,0.50,0.50,0.38,29.52,,51166.00,23.16,-1.42,0.16,953269946.75,Financeiro e Outros
B3SA3,14.95,4.07,15.22,4.13,1.55,90.46,60.27,42.49,10.73,10.64,-0.09,-0.03,6.47,8.05,-2.46,2.09,27.15,10.20,6.45,0.38,0.62,0.24,3.58,3.60,520246863.33,3.62,0.98,3.22,75445175000.00,Financeiro e Outros
BAZA3,63.23,18.89,4.19,0.49,0.05,1.10,6.05,12.73,8.83,8.83,,,0.53,61.22,-0.05,,11.77,1.31,,0.11,0.89,0.10,46.47,26.06,349372.76,128.13,15.08,-0.13,3544567257.45,Financeiro e Outros
BBAS3,20.06,2.75,7.32,0.60,0.04,30.81,1.95,4.82,18.09,18.09,,,0.35,2.08,-0.05,9.47,8.20,0.60,,0.07,0.92,0.12,26.49,3.40,360248233.67,33.45,2.74,-0.20,114960530842.40,Financeiro e Outros
BBDC3,15.15,9.33,6.53,0.89,0.07,27.13,8.60,8.20,6.22,6.66,,,0.54,0.84,-0.07,6.70,13.56,1.00,,0.07,0.93,0.12,22.38,8.93,104829453.10,17.11,2.32,0.38,171891367317.72,Financeiro e Outros
BBDC4,17.31,8.95,7.46,1.01,0.07,27.13,8.60,8.20,7.11,6.66,,,0.61,0.96,-0.08,6.70,13.56,1.00,,0.07,0.93,0.12,22.38,8.93,548684247.57,17.11,2.32,0.43,171891367317.72,Financeiro e Outros
BBSE3,38.38,17.02,8.11,6.84,3.40,62.61,187.95,170.92,7.47,6.90,-0.57,-0.52,17.73,70.10,-5.44,1.15,84.38,41.91,68.52,0.50,0.50,0.00,,19.00,230814778.14,5.61,4.73,2.66,74510932000.00,Financeiro e Outros
BEES3,8.78,7.81,9.36,1.24,0.08,28.49,5.93,5.76,9.09,9.20,,,0.54,0.61,-0.09,,13.26,0.82,,0.06,0.94,0.14,28.74,8.03,88902.24,7.08,0.94,-0.30,3086577469.36,Financeiro e Outros
BEES4,9.16,7.56,9.76,1.29,0.08,28.49,5.93,5.76,9.49,9.20,,,0.56,0.64,-0.09,,13.26,0.82,,0.06,0.94,0.14,28.74,8.03,27379.71,7.08,0.94,-0.31,3086577469.36,Financeiro e Outros
BFRE11,0.00,,0.00,0.00,0.00,100.00,195.96,118.16,0.00,,,,0.00,0.00,0.00,,6.82,5.98,,0.88,0.10,0.05,,6.26,,309815.90,21126.92,0.00,,Financeiro e Outros
BFRE12,0.00,,0.00,0.00,0.00,100.00,195.96,118.16,0.00,,,,0.00,0.00,0.00,,6.82,5.98,,0.88,0.10,0.05,,6.26,,309815.90,21126.92,0.00,,Financeiro e Outros
BGIP3,45.71,7.26,6.58,1.09,0.08,31.02,13.02,8.21,4.15,3.57,,,0.54,10.71,-0.08,,16.51,1.22,,0.07,0.93,0.15,24.17,24.15,30527.14,42.07,6.94,1.07,905727477.60,Financeiro e Outros
BGIP4,32.77,13.73,4.72,0.78,0.06,31.02,13.02,8.21,2.98,3.57,,,0.39,7.67,-0.06,,16.51,1.22,,0.07,0.93,0.15,24.17,24.15,26224.24,42.07,6.94,0.77,905727477.60,Financeiro e Outros
BIDI11,10.40,,-238.07,1.08,0.23,50.04,-13.62,-5.22,-91.21,-91.21,,,12.42,,-0.24,,-0.45,-0.10,,0.22,0.78,0.02,5.80,,,9.67,-0.04,0.13,8991139764.53,Financeiro e Outros
BIDI3,3.40,,-233.49,1.06,0.23,50.04,-13.62,-5.22,-89.46,-91.21,,,12.19,,-0.24,,-0.45,-0.10,,0.22,0.78,0.02,5.80,,,3.22,-0.01,0.12,8991139764.53,Financeiro e Outros
BIDI4,3.41,,-234.18,1.06,0.23,50.04,-13.62,-5.22,-89.72,-91.21,,,12.22,,-0.24,,-0.45,-0.10,,0.22,0.78,0.02,5.80,,,3.22,-0.01,0.12,8991139764.53,Financeiro e Outros
BLUT3,5.14,,-5.63,0.46,0.14,,,,-6.17,-4.91,-1.59,0.12,,-0.76,-0.14,0.00,-8.24,-2.45,-6.72,0.30,0.70,0.00,,,,11.09,-0.91,0.20,14115600.06,Financeiro e Outros
BLUT4,1.52,,-1.66,0.14,0.04,,,,-1.82,-4.91,-1.59,0.12,,-0.22,-0.04,0.00,-8.24,-2.45,-6.72,0.30,0.70,0.00,,,,11.09,-0.91,0.06,14115600.06,Financeiro e Outros
BMEB3,50.86,6.28,7.38,2.00,0.16,45.26,3.30,8.94,19.97,21.09,,,0.66,0.66,-0.21,,27.16,2.19,,0.08,0.92,0.24,29.99,36.11,291676.33,25.37,6.89,0.14,6647539892.20,Financeiro e Outros
BMEB4,59.80,5.87,8.68,2.36,0.19,45.26,3.30,8.94,23.48,21.09,,,0.78,0.77,-0.25,,27.16,2.19,,0.08,0.92,0.24,29.99,36.11,2041038.76,25.37,6.89,0.17,6647539892.20,Financeiro e Outros
BMGB4,5.20,8.60,5.69,0.68,0.07,33.14,3.52,6.79,10.96,10.96,,,0.39,-0.14,-0.07,0.01,11.89,1.18,,0.10,0.90,0.17,16.75,13.57,4746943.00,7.68,0.91,0.05,3371075219.20,Financeiro e Outros
BMIN3,21.49,2.38,8.10,0.69,0.17,-13.02,23.98,19.99,6.75,6.58,,,1.62,98.94,-0.17,,8.56,2.12,,0.25,0.75,0.11,44.93,39.15,0.00,30.98,2.65,0.19,101073120.33,Financeiro e Outros
BMIN4,17.80,7.87,6.71,0.57,0.14,-13.02,23.98,19.99,5.59,6.58,,,1.34,81.95,-0.14,,8.56,2.12,,0.25,0.75,0.11,44.93,39.15,2304.43,30.98,2.65,0.16,101073120.33,Financeiro e Outros
BNBR3,112.50,6.24,3.44,0.67,0.15,50.15,48.49,30.82,2.18,2.18,,,1.06,2.15,-0.16,,19.46,4.27,,0.22,0.78,0.14,20.69,25.95,27731.24,168.19,32.73,0.07,11103721762.50,Financeiro e Outros
BOAS3,7.95,,15.22,1.83,1.70,56.53,19.25,32.39,25.60,18.69,-6.92,-0.50,4.93,3.34,-3.80,12.37,12.04,11.16,0.99,0.93,0.07,0.34,8.81,74.34,,4.34,0.52,5.59,4212250617.75,Financeiro e Outros
BPAC11,53.91,2.63,11.92,2.69,0.25,21.43,29.09,26.78,10.98,10.98,,,3.19,-0.33,-0.25,0.01,22.52,2.07,,0.09,0.90,0.08,16.36,39.92,461944301.71,20.08,4.52,0.21,209711040484.02,Financeiro e Outros
BPAC3,22.20,2.13,14.73,3.32,0.31,21.43,29.09,26.78,13.56,10.98,,,3.94,-0.41,-0.31,0.01,22.52,2.07,,0.09,0.90,0.08,16.36,39.92,432250.48,6.69,1.51,0.26,209711040484.02,Financeiro e Outros
BPAC5,17.89,2.65,11.87,2.67,0.25,21.43,29.09,26.78,10.93,10.98,,,3.18,-0.33,-0.25,0.01,22.52,2.07,,0.09,0.90,0.08,16.36,39.92,284028.52,6.69,1.51,0.21,209711040484.02,Financeiro e Outros
BPAN4,12.71,,41.58,2.12,0.23,34.90,0.19,2.58,565.76,565.76,,,1.07,-523.71,-0.23,0.05,5.10,0.56,,0.11,0.89,0.22,10.77,-9.00,114514167.00,5.99,0.31,-1.09,16129880843.90,Financeiro e Outros
BPAR3,180.00,6.62,9.16,0.77,0.09,46.04,10.70,4.81,4.11,4.11,,,0.44,7.61,-0.09,,8.41,0.96,,0.11,0.89,0.20,19.38,-4.95,,233.59,19.66,-0.20,1713896820.00,Financeiro e Outros
BPAT33,44.05,,6.98,0.66,0.09,51.56,21.77,5.61,1.80,1.80,,,0.39,,-0.12,,9.46,1.35,,0.14,0.86,0.24,14.99,-18.89,,66.71,6.31,-0.11,1533769021.00,Financeiro e Outros
BRBI11,13.00,12.00,8.55,1.69,0.07,100.00,1.46,47.73,280.33,15.93,-264.41,-1.59,4.08,2.36,-5.88,1.03,19.70,0.86,-0.19,0.04,0.96,0.02,-23.54,12.45,3738115.05,7.71,1.52,-0.74,1364944152.00,Financeiro e Outros
BRBI3,0.00,,0.00,0.00,0.00,100.00,1.46,47.73,0.00,15.93,-264.41,-1.59,0.00,0.00,0.00,1.03,19.70,0.86,-0.19,0.04,0.96,0.02,-23.54,12.45,,2.57,0.51,0.00,1364944152.00,Financeiro e Outros
BRBI4,0.00,,0.00,0.00,0.00,100.00,1.46,47.73,0.00,15.93,-264.41,-1.59,0.00,0.00,0.00,1.03,19.70,0.86,-0.19,0.04,0.96,0.02,-23.54,12.45,,2.57,0.51,0.00,1364944152.00,Financeiro e Outros
BRGE11,13.18,,33.11,0.52,0.32,-4115.33,-798.17,824.67,-34.21,21.81,56.17,-0.85,273.04,0.85,-0.75,3.06,1.56,0.98,-2.91,0.63,0.37,0.00,-32.83,-11.18,,25.56,0.40,-0.51,974940393.52,Financeiro e Outros
BRGE12,13.47,,33.84,0.53,0.33,-4115.33,-798.17,824.67,-34.96,21.81,56.17,-0.85,279.05,0.87,-0.77,3.06,1.56,0.98,-2.91,0.63,0.37,0.00,-32.83,-11.18,,25.56,0.40,-0.52,974940393.52,Financeiro e Outros
BRGE3,13.50,,33.91,0.53,0.33,-4115.33,-798.17,824.67,-35.04,21.81,56.17,-0.85,279.67,0.87,-0.77,3.06,1.56,0.98,-2.91,0.63,0.37,0.00,-32.83,-11.18,,25.56,0.40,-0.52,974940393.52,Financeiro e Outros
BRGE5,13.18,,33.11,0.52,0.32,-4115.33,-798.17,824.67,-34.21,21.81,56.17,-0.85,273.04,0.85,-0.75,3.06,1.56,0.98,-2.91,0.63,0.37,0.00,-32.83,-11.18,,25.56,0.40,-0.51,974940393.52,Financeiro e Outros
BRGE6,12.92,,32.46,0.51,0.32,-4115.33,-798.17,824.67,-33.53,21.81,56.17,-0.85,267.65,0.83,-0.74,3.06,1.56,0.98,-2.91,0.63,0.37,0.00,-32.83,-11.18,,25.56,0.40,-0.50,974940393.52,Financeiro e Outros
BRGE7,13.07,,32.83,0.51,0.32,-4115.33,-798.17,824.67,-33.92,21.81,56.17,-0.85,270.76,0.84,-0.74,3.06,1.56,0.98,-2.91,0.63,0.37,0.00,-32.83,-11.18,,25.56,0.40,-0.50,974940393.52,Financeiro e Outros
BRGE8,13.17,,33.08,0.52,0.32,-4115.33,-798.17,824.67,-34.18,21.81,56.17,-0.85,272.83,0.85,-0.75,3.06,1.56,0.98,-2.91,0.63,0.37,0.00,-32.83,-11.18,,25.56,0.40,-0.51,974940393.52,Financeiro e Outros
BRIV3,12.86,,388.74,0.67,0.04,12.70,-0.94,0.09,-37.40,-37.03,,,0.35,2.19,-0.04,4.00,0.17,0.01,,0.06,0.94,0.12,29.48,-43.98,,19.32,0.03,-3.98,1128165604.64,Financeiro e Outros
BRIV4,12.54,,379.07,0.65,0.04,12.70,-0.94,0.09,-36.47,-37.03,,,0.34,2.14,-0.04,4.00,0.17,0.01,,0.06,0.94,0.12,29.48,-43.98,,19.32,0.03,-3.89,1128165604.64,Financeiro e Outros
BRML3,8.26,,8.11,0.55,0.33,89.41,94.72,50.62,4.33,5.65,1.32,0.17,4.11,5.08,-0.36,5.35,6.81,4.09,7.54,0.60,0.39,0.08,12.43,,,14.96,1.02,0.27,6770891280.44,Financeiro e Outros
BRPR3,131.17,,-0.56,0.05,0.04,100.00,-336.36,-123.98,-0.21,0.06,0.27,-0.07,0.70,1.73,-0.05,1.12,-9.55,-6.86,-31.25,0.72,0.28,0.06,-7.12,,,2447.95,-233.75,0.01,60919545.44,Financeiro e Outros
BRSR3,17.67,8.98,4.10,0.62,0.04,29.07,9.22,7.76,3.45,3.07,,,0.32,1.91,-0.05,3974.74,15.11,1.07,,0.07,0.93,0.14,24.08,23.23,69006.38,28.50,4.31,0.03,6427253235.47,Financeiro e Outros
BRSR5,18.00,9.02,4.18,0.63,0.04,29.07,9.22,7.76,3.52,3.07,,,0.32,1.95,-0.05,3974.74,15.11,1.07,,0.07,0.93,0.14,24.08,23.23,1038.60,28.50,4.31,0.03,6427253235.47,Financeiro e Outros
BRSR6,13.75,11.54,3.19,0.48,0.03,29.07,9.22,7.76,2.69,3.07,,,0.25,1.49,-0.04,3974.74,15.11,1.07,,0.07,0.93,0.14,24.08,23.23,15229658.62,28.50,4.31,0.02,6427253235.47,Financeiro e Outros
BSLI3,2.97,9.80,1.79,0.36,0.02,35.96,11.12,7.43,1.19,1.19,,,0.13,-0.73,-0.02,0.11,20.28,1.08,,0.05,0.95,0.15,23.49,15.97,39247.95,8.20,1.66,0.00,1443957828.39,Financeiro e Outros
BSLI4,2.97,10.78,1.79,0.36,0.02,35.96,11.12,7.43,1.19,1.19,,,0.13,-0.73,-0.02,0.11,20.28,1.08,,0.05,0.95,0.15,23.49,15.97,28345.00,8.20,1.66,0.00,1443957828.39,Financeiro e Outros
BTTL4,11091.73,,362262.44,3915.19,2939.92,98.76,-11.57,18.73,-586581.52,-39.71,29.57,-0.20,67858.96,18948.09,-3580.45,7.54,1.08,0.81,-2.71,0.75,0.25,0.04,-64.98,-50.87,,2.83,0.03,-3934.56,19467344.08,Financeiro e Outros
CCXC3,1.16,,-0.25,-0.03,2.34,,,,-3.26,-3.21,0.05,,,-0.03,,0.01,-10.66,-946.44,0.81,-88.75,89.75,0.00,,,,-43.93,-4.68,0.00,1973425.64,Financeiro e Outros
CIEL3,5.83,,8.70,1.38,0.14,37.28,17.11,16.85,8.57,12.00,3.42,0.55,1.47,1.04,-1.55,1.17,15.88,1.57,4.37,0.10,0.88,0.09,-0.43,30.00,,4.22,0.67,0.24,15839031805.63,Financeiro e Outros
CMSA3,0.00,,0.00,0.00,0.00,,,,0.00,0.07,0.07,-0.96,,0.00,0.00,38.28,-1369.84,-1336.29,-1392.40,0.98,0.02,0.00,,,,0.00,0.00,0.00,0.00,Financeiro e Outros
CMSA4,0.00,,0.00,0.00,0.00,,,,0.00,0.07,0.07,-0.96,,0.00,0.00,38.28,-1369.84,-1336.29,-1392.40,0.98,0.02,0.00,,,,0.00,0.00,0.00,0.00,Financeiro e Outros
CORR3,2.71,,0.01,0.01,0.00,100.00,2560.96,2141.14,0.01,-1.26,-1.41,-2.58,0.19,0.01,-0.02,4.25,152.84,44.18,126.45,0.29,0.71,0.02,-16.36,,,201.49,307.95,0.00,1278894.65,Financeiro e Outros
CORR4,82.00,,0.27,0.41,0.12,100.00,2560.96,2141.14,0.22,-1.26,-1.41,-2.58,5.70,0.20,-0.48,4.25,152.84,44.18,126.45,0.29,0.71,0.02,-16.36,,,201.49,307.95,0.00,1278894.65,Financeiro e Outros
CRIV3,6.98,,35.10,0.66,0.04,20.26,0.43,0.99,81.37,80.16,,,0.35,0.07,-0.09,131.56,1.89,0.12,,0.06,0.94,0.12,27.56,-21.36,,10.50,0.20,-0.75,707929532.00,Financeiro e Outros
CRIV4,6.74,,33.89,0.64,0.04,20.26,0.43,0.99,78.57,80.16,,,0.33,0.07,-0.09,131.56,1.89,0.12,,0.06,0.94,0.12,27.56,-21.36,,10.50,0.20,-0.72,707929532.00,Financeiro e Outros
CSAB3,30.50,,12.39,1.11,0.57,-124.00,1656.27,2521.73,18.86,24.57,,,312.32,3.54,-0.71,4.45,8.94,4.57,,0.51,0.49,0.00,-33.40,-1.31,,27.56,2.46,-0.02,305164800.00,Financeiro e Outros
CSAB4,48.97,,19.89,1.78,0.91,-124.00,1656.27,2521.73,30.28,24.57,,,501.45,5.68,-1.15,4.45,8.94,4.57,,0.51,0.49,0.00,-33.40,-1.31,,27.56,2.46,-0.03,305164800.00,Financeiro e Outros
CXSE3,19.32,6.99,13.20,4.21,3.88,,,,12.21,11.98,-0.23,-0.08,,59.22,-4.53,1.86,31.89,29.42,30.17,0.92,0.08,0.00,,19.94,133157885.81,4.59,1.46,1.21,57960000000.00,Financeiro e Outros
EPAR3,1.31,,42.79,0.46,0.35,98.76,-11.57,18.73,-69.28,-39.71,29.57,-0.20,8.01,2.24,-0.42,7.54,1.08,0.81,-2.71,0.75,0.25,0.04,-64.98,-50.87,11854.48,2.83,0.03,-0.46,19467344.08,Financeiro e Outros
FICT3,0.20,,-0.37,0.23,0.11,-3.58,-29.84,-30.38,-0.38,-0.93,-0.55,0.32,0.11,0.61,-0.28,1.39,-60.26,-28.63,-44.14,0.48,0.52,0.94,20.13,,2681.86,0.89,-0.53,0.00,8772441.00,Financeiro e Outros
FIGE3,33.00,,4.79,0.40,0.40,100.00,93.92,62.34,3.18,1.07,,,2.99,39004.94,-0.40,,8.37,8.27,,0.99,0.01,0.13,31.76,36.79,0.00,82.33,6.89,0.21,26140092.00,Financeiro e Outros
FIGE4,0.00,,0.00,0.00,0.00,100.00,93.92,62.34,0.00,1.07,,,0.00,0.00,0.00,,8.37,8.27,,0.99,0.01,0.13,31.76,36.79,,82.33,6.89,0.00,26140092.00,Financeiro e Outros
FNCN3,14.25,,-0.04,0.03,0.00,-82.62,-98.66,-59.20,-0.02,-0.02,,,0.02,0.01,-0.02,1.56,-65.31,-10.62,,0.16,0.84,0.18,187.45,,,555.08,-362.52,0.00,13021336.50,Financeiro e Outros
FTRT3B,0.00,,0.00,0.00,0.00,,,,0.00,0.00,0.00,0.00,,0.00,0.00,0.00,-0.95,-0.90,-2.42,0.95,0.05,0.00,,,,0.01,0.00,0.00,0.00,Financeiro e Outros
G2DI33,1.15,,-1.21,0.22,0.20,100.00,114.25,121.69,-1.29,-1.88,-0.59,0.10,,-8.78,-0.20,0.21,-17.98,-16.18,-15.27,0.90,0.10,-0.13,,,20864.52,5.27,-0.95,-0.01,132314846.20,Financeiro e Outros
GETT11,10.00,,31.44,5.16,0.34,41.43,18.41,17.71,30.25,,0.99,0.17,5.57,13.05,-8.16,1.03,16.41,1.07,7.88,0.07,0.93,0.06,,,0.00,1.94,0.32,0.28,,Financeiro e Outros
GETT3,2.40,,7.55,1.24,0.08,41.43,18.41,17.71,7.26,,0.99,0.17,1.34,3.13,-1.96,1.03,16.41,1.07,7.88,0.07,0.93,0.06,,,,1.94,0.32,0.07,,Financeiro e Outros
GETT4,2.40,,7.55,1.24,0.08,41.43,18.41,17.71,7.26,,0.99,0.17,1.34,3.13,-1.96,1.03,16.41,1.07,7.88,0.07,0.93,0.06,,,,1.94,0.32,0.07,,Financeiro e Outros
GPIV33,4.42,,-2.31,0.23,0.12,100.00,346.80,157.05,-1.04,0.25,1.29,-0.28,,0.89,-0.15,3.34,-9.85,-5.19,-13.20,0.53,0.14,-0.03,,,308564.00,19.47,-1.92,0.01,299388200.54,Financeiro e Outros
GSHP3,3.59,,-0.02,0.00,0.01,67.55,-189.89,-200.33,-0.02,-5.74,-5.72,,0.04,-0.05,-0.01,0.46,-21.44,-37.61,-109.90,-1.75,2.75,0.19,15.69,,274.88,-930.43,-199.51,0.00,6924280.71,Financeiro e Outros
HBRE3,2.22,52.50,6.28,0.13,0.05,39.75,66.12,6.56,0.62,4.83,4.21,0.87,0.41,-2.62,-0.05,0.81,2.05,0.75,7.11,0.37,0.46,0.11,47.10,,1095058.38,17.28,0.35,0.09,229079537.82,Financeiro e Outros
HBTS3,0.00,,0.00,0.00,0.00,46.94,150.33,158.41,0.00,,2.17,0.26,0.00,0.00,0.00,0.75,12.79,5.03,7.39,0.39,0.61,0.03,-7.82,124.83,,71.98,9.21,0.00,,Financeiro e Outros
HBTS5,34.00,5.93,3.69,0.47,0.19,46.94,150.33,158.41,3.89,,2.17,0.26,5.85,-6.82,-0.20,0.75,12.79,5.03,7.39,0.39,0.61,0.03,-7.82,124.83,16663.00,71.98,9.21,0.01,,Financeiro e Outros
HBTS6,0.00,,0.00,0.00,0.00,46.94,150.33,158.41,0.00,,2.17,0.26,0.00,0.00,0.00,0.75,12.79,5.03,7.39,0.39,0.61,0.03,-7.82,124.83,,71.98,9.21,0.00,,Financeiro e Outros
IDVL3,2.16,,-0.99,0.93,0.06,-18.91,-40.19,-154.60,-3.81,-3.84,,,1.53,0.48,-0.13,1.26,-94.38,-5.67,,0.06,0.94,0.04,-32.17,,,2.31,-2.18,0.00,224007574.38,Financeiro e Outros
IDVL4,2.67,,-1.22,1.16,0.07,-18.91,-40.19,-154.60,-4.71,-3.84,,,1.89,0.59,-0.16,1.26,-94.38,-5.67,,0.06,0.94,0.04,-32.17,,,2.31,-2.18,0.00,224007574.38,Financeiro e Outros
IGBR3,175.99,,0.56,-0.34,1.04,100.00,6032.01,5379.32,0.50,1.06,0.56,,30.26,-0.99,-2.15,0.33,-60.10,184.10,-146.75,-3.06,4.06,0.03,-7.98,,,-520.56,312.87,0.00,220074791.04,Financeiro e Outros
IGTA3,33.00,,9.01,1.26,0.66,70.65,72.22,48.11,6.00,7.42,1.42,0.30,4.33,3.09,-0.96,3.19,13.94,7.34,10.04,0.53,0.47,0.15,11.96,24.49,,26.29,3.66,0.70,5444903277.00,Financeiro e Outros
IGTI11,24.33,2.08,15.32,1.98,0.97,73.82,73.90,41.81,8.67,7.59,1.89,0.43,6.41,5.38,-1.36,2.73,12.93,6.34,10.73,0.49,0.51,0.15,17.05,52.87,44933011.33,12.28,1.59,1.08,6425772699.90,Financeiro e Outros
IGTI3,3.24,2.23,6.12,0.79,0.39,73.82,73.90,41.81,3.46,7.59,1.89,0.43,2.56,2.15,-0.54,2.73,12.93,6.34,10.73,0.49,0.51,0.15,17.05,52.87,196603.86,4.09,0.53,0.43,6425772699.90,Financeiro e Outros
IGTI4,10.90,1.99,20.59,2.66,1.31,73.82,73.90,41.81,11.65,7.59,1.89,0.43,8.61,7.23,-1.83,2.73,12.93,6.34,10.73,0.49,0.51,0.15,17.05,52.87,15865.10,4.09,0.53,1.44,6425772699.90,Financeiro e Outros
IRBR3,52.14,2.98,12.18,0.80,0.28,8.45,8.01,7.08,10.75,10.75,,,0.86,2.02,-0.45,1.56,6.59,2.27,,0.34,0.66,0.32,-9.28,,26417110.81,64.94,4.28,-0.24,4267288076.04,Financeiro e Outros
ITSA3,13.40,9.87,8.85,1.67,1.31,25.32,221.97,203.02,8.09,8.25,0.23,0.05,17.96,20.37,-1.48,2.38,18.83,14.83,17.44,0.79,0.17,0.07,7.01,19.20,1408294.14,8.04,1.51,0.76,148864993684.73,Financeiro e Outros
ITSA4,13.21,10.01,8.72,1.64,1.29,25.32,221.97,203.02,7.98,8.25,0.23,0.05,17.71,20.08,-1.46,2.38,18.83,14.83,17.44,0.79,0.17,0.07,7.01,19.20,237934714.19,8.04,1.51,0.75,148864993684.73,Financeiro e Outros
ITUB3,43.65,8.12,10.28,2.21,0.15,37.23,14.17,12.13,8.80,8.51,,,1.25,-1.89,-0.15,0.12,21.50,1.46,,0.07,0.93,0.12,17.38,19.90,87242609.71,19.75,4.25,1.11,465636374207.30,Financeiro e Outros
ITUB4,40.75,8.70,9.60,2.06,0.14,37.23,14.17,12.13,8.22,8.51,,,1.16,-1.76,-0.14,0.12,21.50,1.46,,0.07,0.93,0.12,17.38,19.90,800733020.38,19.75,4.25,1.03,465636374207.30,Financeiro e Outros
LHER3,0.00,,0.00,0.00,0.00,63.41,22.35,10.99,0.00,-3.77,-3.77,-0.15,0.00,0.00,0.00,6.36,1.95,0.67,3.94,0.34,0.66,0.06,4.31,-51.59,,141.54,2.76,0.00,0.00,Financeiro e Outros
LHER4,0.00,,0.00,0.00,0.00,63.41,22.35,10.99,0.00,-3.77,-3.77,-0.15,0.00,0.00,0.00,6.36,1.95,0.67,3.94,0.34,0.66,0.06,4.31,-51.59,,141.54,2.76,0.00,0.00,Financeiro e Outros
LOGG3,25.25,26.60,5.93,0.63,0.33,96.48,227.25,141.69,3.70,6.53,2.83,0.48,8.40,7.31,-0.42,1.25,10.63,5.50,10.00,0.52,0.48,0.04,11.94,21.73,9776108.52,40.06,4.26,4.95,2218443638.50,Financeiro e Outros
LPSB3,1.39,15.98,4.98,0.86,0.51,77.19,24.96,20.18,4.03,2.58,-1.45,-0.31,1.01,5.28,-0.72,1.48,17.29,10.21,16.35,0.59,0.43,0.51,4.02,,149879.62,1.61,0.28,0.05,205100937.09,Financeiro e Outros
MAPT3,2.50,,-22.09,-0.35,2.97,,,,-22.30,-24.56,0.00,,,-47.86,-2.97,0.00,-1.58,-13.45,1.57,-8.51,9.51,0.00,,,0.00,-7.16,-0.11,0.62,2529457.50,Financeiro e Outros
MAPT4,3.00,,-26.51,-0.42,3.57,,,,-26.76,-24.56,0.00,,,-57.43,-3.57,0.00,-1.58,-13.45,1.57,-8.51,9.51,0.00,,,0.00,-7.16,-0.11,0.75,2529457.50,Financeiro e Outros
MERC3,15.28,1.19,19.92,1.06,0.97,98.43,2.81,27.06,191.68,193.96,,,5.39,637.89,-0.97,,5.33,4.88,,0.92,0.08,0.18,15.19,29.15,,14.39,0.77,0.79,633848550.20,Financeiro e Outros
MERC4,15.72,3.37,20.49,1.09,1.00,98.43,2.81,27.06,197.20,193.96,,,5.54,656.26,-1.00,,5.33,4.88,,0.92,0.08,0.18,15.19,29.15,0.00,14.39,0.77,0.81,633848550.20,Financeiro e Outros
MOAR3,61.21,20.64,23.51,0.81,0.34,,,,-11.73,-4.93,6.80,-0.47,,0.77,-0.86,3.60,3.45,1.44,-9.19,0.42,0.58,0.00,,-20.45,0.00,75.49,2.60,-0.28,749897237.41,Financeiro e Outros
MODL11,8.46,,-27.27,1.66,0.27,50.83,-5.11,-5.48,-29.26,-29.26,,,1.50,-0.63,-0.30,0.20,-6.10,-0.97,,0.16,0.84,0.18,,,,5.09,-0.31,0.17,1985844000.00,Financeiro e Outros
MODL3,3.08,,-29.78,1.82,0.29,50.83,-5.11,-5.48,-31.96,-29.26,,,1.63,-0.69,-0.32,0.20,-6.10,-0.97,,0.16,0.84,0.18,,,,1.70,-0.10,0.19,1985844000.00,Financeiro e Outros
MODL4,2.72,,-26.30,1.60,0.26,50.83,-5.11,-5.48,-28.22,-29.26,,,1.44,-0.61,-0.29,0.20,-6.10,-0.97,,0.16,0.84,0.18,,,,1.70,-0.10,0.17,1985844000.00,Financeiro e Outros
MULT3,27.79,3.01,10.29,2.11,1.08,82.72,69.62,43.41,6.41,8.46,2.05,0.67,4.47,18.95,-1.26,1.64,20.52,10.49,15.99,0.51,0.49,0.24,20.42,7.53,102558514.95,13.16,2.70,1.39,14260819250.79,Financeiro e Outros
NEXP3,2.40,,-0.21,-0.06,0.63,100.00,-2978.20,-4140.92,-0.29,-0.29,0.00,,8.58,-0.07,-0.84,0.03,-29.08,-301.76,23.19,-10.38,11.37,0.07,-63.49,,724.57,-39.85,-11.59,0.00,6373365.60,Financeiro e Outros
PDTC3,1.56,,11.13,0.88,0.19,1.03,-108.96,-88.37,9.02,24.99,15.96,1.56,,0.52,-0.44,3.01,7.92,1.75,3.26,0.22,0.78,-0.02,-71.99,-8.33,190370.38,1.77,0.14,1.02,123972616.56,Financeiro e Outros
PEAB3,39.19,3.69,15.75,0.77,0.54,42.81,36.58,38.07,16.39,15.62,-0.74,-0.03,5.99,3.72,-0.67,4.07,4.87,3.44,3.55,0.71,0.29,0.09,-8.30,-37.26,10871.20,51.09,2.49,0.61,709807785.62,Financeiro e Outros
PEAB4,39.07,4.07,15.70,0.76,0.54,42.81,36.58,38.07,16.34,15.62,-0.74,-0.03,5.98,3.70,-0.67,4.07,4.87,3.44,3.55,0.71,0.29,0.09,-8.30,-37.26,22869.89,51.09,2.49,0.61,709807785.62,Financeiro e Outros
PINE14,19.00,,9.18,2.83,0.15,20.91,15.46,10.22,6.06,3.67,,,0.94,7.36,-0.15,2.59,30.83,1.60,,0.05,0.95,0.16,31.37,,6883.70,6.72,2.07,0.02,2965720326.00,Financeiro e Outros
PINE3,11.50,8.52,5.55,1.71,0.09,20.91,15.46,10.22,3.67,3.67,,,0.57,4.45,-0.09,2.59,30.83,1.60,,0.05,0.95,0.16,31.37,,126920.24,6.72,2.07,0.01,2965720326.00,Financeiro e Outros
PINE4,11.92,8.22,5.76,1.78,0.09,20.91,15.46,10.22,3.80,3.67,,,0.59,4.62,-0.10,2.59,30.83,1.60,,0.05,0.95,0.16,31.37,,12072276.95,6.72,2.07,0.01,2965720326.00,Financeiro e Outros
PPAR3,14.60,80.13,1.21,0.10,0.07,,,,1.37,0.63,-0.74,-0.05,,2.00,-0.07,3.32,8.10,5.69,7.03,0.70,0.30,0.00,,,,148.64,12.04,0.01,4721494.00,Financeiro e Outros
PPAR4,0.00,,0.00,0.00,0.00,,,,0.00,0.63,-0.74,-0.05,,0.00,0.00,3.32,8.10,5.69,7.03,0.70,0.30,0.00,,,,148.64,12.04,0.00,4721494.00,Financeiro e Outros
PPLA11,41.65,,0.13,97.68,2.78,,,,0.13,0.13,0.00,-0.13,,-781.44,-86.83,1.00,74950.00,2133.81,74950.00,0.03,0.97,0.00,,,310.31,0.43,319.58,0.00,781437.30,Financeiro e Outros
PSSA3,50.42,5.98,8.85,2.02,0.55,100.00,7.40,8.64,10.33,5.74,-4.59,-0.90,0.76,4.06,-1.43,1.29,22.84,6.25,13.32,0.27,0.72,0.72,17.03,16.89,72627331.67,24.94,5.70,0.49,32600869145.20,Financeiro e Outros
QVQP3B,0.28,,-810.62,1080.82,1080.82,,,,-743.68,-743.44,0.25,-0.36,,1080.82,,,-133.33,-133.33,-145.33,1.00,0.00,0.00,,,0.00,0.00,0.00,34.26,81061498.28,Financeiro e Outros
RPAD3,6.01,0.16,5.90,0.50,0.49,,,,6.89,5.40,-1.74,-0.13,,3.96,-0.56,35.00,8.43,8.34,6.70,0.99,0.01,0.00,,20.49,237.88,12.08,1.02,-0.03,527889048.82,Financeiro e Outros
RPAD5,6.78,8.42,6.66,0.56,0.56,,,,7.77,5.40,-1.74,-0.13,,4.47,-0.64,35.00,8.43,8.34,6.70,0.99,0.01,0.00,,20.49,255.38,12.08,1.02,-0.04,527889048.82,Financeiro e Outros
RPAD6,6.50,0.14,6.38,0.54,0.53,,,,7.45,5.40,-1.74,-0.13,,4.28,-0.61,35.00,8.43,8.34,6.70,0.99,0.01,0.00,,20.49,1170.00,12.08,1.02,-0.04,527889048.82,Financeiro e Outros
SANB11,29.27,7.88,7.82,0.86,0.09,35.46,10.81,8.33,6.02,6.02,,,0.65,-11.22,-0.09,0.74,11.03,1.09,,0.10,0.90,0.13,20.95,0.86,184345808.95,33.95,3.74,0.41,109741001931.39,Financeiro e Outros
SANB3,14.59,7.53,7.79,0.86,0.08,35.46,10.81,8.33,6.00,6.02,,,0.65,-11.19,-0.09,0.74,11.03,1.09,,0.10,0.90,0.13,20.95,0.86,7837208.29,16.97,1.87,0.41,109741001931.39,Financeiro e Outros
SANB4,14.64,8.26,7.82,0.86,0.09,35.46,10.81,8.33,6.02,6.02,,,0.65,-11.23,-0.09,0.74,11.03,1.09,,0.10,0.90,0.13,20.95,0.86,7973663.24,16.97,1.87,0.41,109741001931.39,Financeiro e Outros
SCAR3,13.12,54.12,16.90,0.73,0.27,46.94,18.55,15.76,14.36,23.15,8.79,0.45,2.66,5.78,-0.33,1.36,4.32,1.59,1.84,0.37,0.64,0.10,-2.45,-12.49,112455.52,17.99,0.78,-0.07,757513625.28,Financeiro e Outros
SIMH3,7.04,2.43,-46.09,0.97,0.05,26.35,18.52,-0.20,0.50,6.02,5.52,10.59,0.09,0.58,-0.07,1.30,-2.10,-0.10,11.98,0.05,0.92,0.49,34.72,,17760848.43,7.29,-0.15,0.74,4109665408.64,Financeiro e Outros
SPRT3B,76.40,,-1991.34,1709.07,1584.90,,,,-1950.74,-1949.51,1.23,-1.08,,1709.07,,13.76,-85.83,-79.59,-87.61,0.93,0.07,0.00,,,,0.04,-0.04,308.13,370531748.80,Financeiro e Outros
SULA11,20.76,,48.73,1.06,0.29,4.25,-3.34,0.83,-12.06,7.41,19.47,-1.71,0.40,0.79,-0.85,2.29,2.17,0.60,-9.49,0.28,0.72,0.73,4.58,-23.56,313020093.00,19.64,0.43,-0.88,8840533965.20,Financeiro e Outros
SULA3,7.43,,52.32,1.13,0.31,4.25,-3.34,0.83,-12.95,7.41,19.47,-1.71,0.43,0.85,-0.91,2.29,2.17,0.60,-9.49,0.28,0.72,0.73,4.58,-23.56,,6.55,0.14,-0.95,8840533965.20,Financeiro e Outros
SULA4,7.63,,53.73,1.17,0.32,4.25,-3.34,0.83,-13.30,7.41,19.47,-1.71,0.44,0.88,-0.93,2.29,2.17,0.60,-9.49,0.28,0.72,0.73,4.58,-23.56,,6.55,0.14,-0.97,8840533965.20,Financeiro e Outros
SYNE3,4.00,10.48,9.31,0.88,0.27,54.13,47.58,20.11,3.93,5.56,1.62,0.36,1.87,10.99,-0.31,1.27,9.47,2.92,6.66,0.31,0.35,0.15,-7.59,5.31,897081.57,4.54,0.43,-0.11,610577780.00,Financeiro e Outros
WIZC3,7.87,7.99,6.34,1.70,0.52,60.14,43.86,15.57,2.25,2.22,-0.03,-0.02,0.99,21.21,-0.71,1.10,26.78,8.24,21.48,0.31,0.44,0.53,11.49,0.38,2186812.76,4.63,1.24,0.86,1258470309.34,Financeiro e Outros
ARND3,0.56,,-0.18,0.63,0.45,91.01,-748.20,-764.90,-0.18,0.16,0.35,-1.18,1.38,0.57,-59.63,5.15,-346.26,-250.83,-313.74,0.72,0.20,0.33,11.16,,2196.13,0.89,-3.10,0.00,78955411.36,Tecnologia da Informação
BMOB3,22.85,9.34,12.25,2.01,0.97,26.29,8.83,8.91,12.37,10.42,-1.95,-0.32,1.09,3.10,-3.36,1.78,16.39,7.88,12.15,0.48,0.51,0.88,58.14,34.91,5808298.95,11.38,1.87,0.51,1956151757.20,Tecnologia da Informação
BRQB3,0.00,,0.00,0.00,0.00,36.72,12.86,11.15,0.00,-0.68,-0.68,-0.50,0.00,0.00,0.00,1.45,64.30,16.56,22.40,0.26,0.74,1.49,2.94,10.19,,0.77,0.50,0.00,0.00,Tecnologia da Informação
CASH3,5.07,,-5.24,1.23,0.99,-13.91,-13.91,-20.31,-7.66,-6.02,1.63,-0.26,1.07,3.89,-1.67,2.68,-23.45,-18.87,-32.33,0.80,0.18,0.93,29.70,,9610319.95,4.12,-0.97,0.02,528151289.64,Tecnologia da Informação
CLSA3,10.49,,-24.41,3.06,2.30,33.36,-32.02,-16.96,-12.93,-10.71,2.22,-0.52,4.14,7.90,-4.94,2.19,-12.52,-9.40,-34.71,0.75,0.25,0.55,17.88,,57778110.00,3.43,-0.43,-0.08,1971344369.40,Tecnologia da Informação
DOTZ3,5.91,,10.72,-0.33,0.24,71.15,19.99,2.66,1.42,2.53,1.11,,0.28,-1.77,-0.74,0.84,-3.06,2.19,-29.41,-0.72,1.72,0.83,15.76,,395938.00,-18.02,0.55,-0.05,78732889.98,Tecnologia da Informação
ENJU3,0.79,25.53,-9.21,0.55,0.36,54.94,-12.72,-6.61,-4.79,1.37,6.16,-0.70,0.61,0.83,-1.39,2.42,-5.92,-3.90,-11.52,0.66,0.34,0.59,27.09,,915836.33,1.45,-0.09,0.59,161964212.10,Tecnologia da Informação
IFCM3,1.82,,-0.14,0.33,0.04,20.39,-18.36,-53.78,-0.41,-3.55,-3.14,2.51,0.08,0.20,-0.08,1.67,-234.17,-28.01,-19.56,0.12,0.88,0.52,24.65,,195255.00,5.53,-12.94,0.00,50156923.18,Tecnologia da Informação
INTB3,14.72,8.17,8.08,1.46,0.87,31.35,11.30,13.11,9.38,8.27,-1.11,-0.17,1.06,1.89,-3.34,2.64,18.07,10.75,11.97,0.59,0.40,0.82,15.88,12.71,25340492.10,10.08,1.82,0.26,4822435539.20,Tecnologia da Informação
ITEC3,40.10,,-35.12,22.04,9.22,-121.18,-18852.94,-7435.88,-13.85,-13.21,0.64,-1.02,2611.73,25.42,-16.70,5.23,-62.76,-26.24,-174.07,0.42,0.58,0.00,-75.29,,,1.82,-1.14,1.36,443994658.60,Tecnologia da Informação
LINX3,37.40,,-90.95,4.38,2.74,68.70,-4.79,-8.67,-164.48,-159.30,5.18,-0.14,7.88,11.96,-4.82,2.14,-4.81,-3.02,-2.23,0.63,0.37,0.35,14.30,,,8.55,-0.41,0.13,7083895104.00,Tecnologia da Informação
LWSA3,3.88,1.34,-10.09,0.94,0.63,48.73,-17.23,-14.56,-8.52,-7.35,1.17,-0.13,1.47,14.88,-0.97,1.14,-9.34,-6.21,-17.35,0.67,0.33,0.43,24.98,,9036561.81,4.12,-0.38,0.01,2206018038.00,Tecnologia da Informação
MLAS3,1.68,3.00,7.63,0.45,0.26,26.14,4.91,4.48,6.96,5.99,-0.96,-0.06,0.34,0.72,-0.88,2.08,5.85,3.44,5.07,0.59,0.41,0.77,6.65,-16.47,2149884.86,3.76,0.22,-0.04,1378505898.00,Tecnologia da Informação
MOSI3,8.24,,2.17,0.14,0.02,0.00,0.00,3.42,,,,0.00,0.07,,-0.02,,6.38,0.74,,0.12,0.88,0.22,,,,59.43,3.79,0.17,1043149227.20,Tecnologia da Informação
NGRD3,34.28,,-31.89,0.72,0.57,58.79,-5.81,-3.67,-20.18,-12.77,7.41,-0.26,1.17,2.25,-0.89,3.21,-2.26,-1.77,-4.93,0.78,0.22,0.48,4.96,,220373.80,47.54,-1.07,0.47,313351560.32,Tecnologia da Informação
POSI3,3.53,5.09,50.92,0.32,0.11,24.87,7.33,0.29,2.02,4.53,2.50,0.40,0.15,0.44,-0.31,1.69,0.63,0.22,8.42,0.36,0.64,0.77,8.88,-44.75,1901726.10,10.98,0.07,0.22,500554000.00,Tecnologia da Informação
QUSW3,0.00,,0.00,0.00,0.00,103.91,61.14,35.49,0.00,1.70,1.70,0.50,0.00,0.00,0.00,1.12,17.21,7.66,15.74,0.45,0.55,0.22,-12.65,15.99,,142.53,24.53,0.00,0.00,Tecnologia da Informação
SQIA3,27.37,,-110.33,3.70,1.49,42.19,6.45,-3.26,55.72,60.18,4.46,0.30,3.59,25.87,-1.84,1.43,-3.35,-1.35,2.68,0.40,0.58,0.41,35.51,,,7.40,-0.25,0.62,2406971773.64,Tecnologia da Informação
TOTS3,32.21,2.11,13.09,3.42,1.44,71.07,19.99,22.14,14.50,16.84,2.34,0.55,2.90,11.77,-1.96,1.84,26.12,10.97,10.97,0.42,0.58,0.50,17.33,37.04,133701361.05,9.42,2.46,0.20,18662524924.01,Tecnologia da Informação
TRAD3,1.12,,0.51,0.44,0.39,18.75,-463.64,428.31,-0.47,-0.43,0.04,-0.04,2.20,3.94,-0.46,3.07,85.56,76.48,-90.32,0.89,0.10,0.18,-11.06,46.01,20873.00,2.55,2.18,0.00,44823541.28,Tecnologia da Informação
WDCN3,2.31,,-0.76,0.31,0.12,25.79,-16.97,-22.70,-1.02,0.86,1.88,-0.58,0.17,0.45,-0.26,1.87,-40.95,-15.28,-41.52,0.37,0.63,0.67,3.96,,51821.86,7.42,-3.04,0.00,146595979.53,Tecnologia da Informação
AALR3,3.04,,-0.34,-1.84,0.26,20.76,-90.34,-118.94,-0.44,-0.78,-0.34,0.34,0.40,-0.36,-0.36,0.28,-544.08,-77.21,-547.76,-0.14,1.14,0.65,4.43,,174906.05,-1.66,-9.01,0.00,463172825.28,Saúde
ADHM3,1.56,,-4.09,-1.29,105.12,100.00,-13548.48,-18860.61,-5.69,-5.69,0.00,,770.90,-1.43,-116.16,0.00,-31.47,-2571.90,22.61,-81.72,82.72,0.14,,,,-1.21,-0.38,-0.58,25439770.20,Saúde
BALM3,26.00,15.38,13.23,1.60,0.90,63.15,16.37,9.07,7.33,4.54,-1.38,-0.30,1.20,2.12,-3.40,2.37,12.07,6.83,13.94,0.57,0.46,0.75,5.57,2.49,1787.50,16.29,1.97,-0.35,205800000.00,Saúde
BALM4,16.00,25.00,8.14,0.98,0.56,63.15,16.37,9.07,4.51,4.54,-1.38,-0.30,0.74,1.31,-2.09,2.37,12.07,6.83,13.94,0.57,0.46,0.75,5.57,2.49,5839.10,16.29,1.97,-0.21,205800000.00,Saúde
BIOM3,6.07,,34.53,2.57,1.45,36.48,7.59,7.47,33.98,36.39,2.42,0.18,2.58,5.94,-3.30,1.77,7.44,4.20,5.48,0.56,0.44,0.56,35.63,,200612.52,2.36,0.18,-0.26,830694577.88,Saúde
BLAU3,8.73,10.59,8.35,0.89,0.57,40.44,18.65,13.82,6.19,6.24,0.06,0.01,1.15,1.79,-1.17,2.66,10.63,6.82,6.67,0.64,0.36,0.49,7.57,-0.84,2430157.95,9.84,1.05,-0.92,2035941816.33,Saúde
BPHA3,0.62,,0.06,-0.24,0.99,98.02,1029.99,13896.67,0.80,1.66,0.85,,8.28,-0.38,-1.18,0.06,-402.50,1669.02,-36.75,-4.15,5.15,0.12,-68.85,,,-2.58,10.40,0.00,70110298.74,Saúde
CREM3,14.50,,32.70,2.45,0.67,30.30,7.39,2.10,9.28,13.11,3.84,1.01,0.69,4.89,-1.69,1.29,7.50,2.05,9.29,0.27,0.73,0.98,1.09,,,5.91,0.44,22.14,465122474.00,Saúde
DASA3,2.90,,-3.50,0.53,0.20,31.40,8.92,-10.87,4.26,10.40,6.14,0.76,0.38,3.11,-0.28,1.30,-15.14,-5.84,0.03,0.39,0.61,0.54,9.67,,2783896.19,5.47,-0.83,0.41,3639520439.20,Saúde
DMVF3,6.46,,15.04,0.35,0.16,29.63,3.28,0.79,3.62,3.99,0.37,0.04,0.12,35.02,-0.24,1.01,2.35,1.07,8.88,0.46,0.54,1.36,21.57,181.49,231015.33,18.26,0.43,1.27,326894359.32,Saúde
FLRY3,18.95,5.69,14.72,1.91,0.76,27.05,15.25,8.01,7.73,10.35,2.62,0.65,1.18,4.94,-1.15,1.86,13.00,5.19,10.58,0.40,0.59,0.65,22.78,22.34,44361821.67,9.90,1.29,0.91,10369269942.70,Saúde
GBIO33,10.40,,-14.97,1.32,0.79,43.48,3.79,-10.14,40.09,47.57,7.48,0.25,1.52,7.57,-1.43,1.31,-8.83,-5.29,-0.10,0.60,0.40,0.52,12.83,,,7.86,-0.69,0.06,1108871982.40,Saúde
GNDI3,66.95,,-3584.81,5.84,2.38,18.55,3.28,-0.10,104.45,109.34,4.90,0.27,3.42,79.65,-3.01,1.17,-0.16,-0.07,2.22,0.41,0.59,0.69,29.03,,,11.47,-0.02,35.34,41526443086.05,Saúde
HAPV3,10.77,,-12.62,0.11,0.07,11.65,4.19,-1.36,4.10,7.87,3.77,0.10,0.17,1.09,-0.09,1.79,-0.89,-0.59,1.57,0.66,0.34,0.43,29.85,,49355283.48,95.80,-0.85,0.67,5413334620.68,Saúde
HYPE3,21.60,3.93,8.71,1.05,0.60,61.17,28.52,19.80,6.05,8.39,2.34,0.41,1.72,5.54,-0.78,1.86,12.10,6.89,9.45,0.57,0.43,0.35,13.49,6.16,62651868.05,20.50,2.48,0.06,15206595674.40,Saúde
KRSA3,8.87,,-1.53,2.53,0.14,18.32,8.00,-18.40,3.52,19.84,16.33,11.75,0.28,1.23,-0.20,1.60,-165.61,-9.17,5.27,0.06,0.93,0.50,31.24,,,3.50,-5.80,-0.02,685959729.22,Saúde
MATD3,4.79,3.14,12.91,1.07,0.37,30.28,16.88,5.50,4.21,6.26,2.06,0.52,0.71,1.61,-0.57,2.91,8.26,2.86,9.16,0.35,0.65,0.52,24.82,11.25,982033.76,4.49,0.37,-0.10,1597698871.75,Saúde
NRTQ3,0.00,,0.00,0.00,0.00,27.60,9.33,3.53,0.00,3.18,3.18,0.29,0.00,0.00,0.00,4.62,3.50,2.19,4.71,0.62,0.38,0.62,7.47,-12.02,,20.02,0.70,0.00,0.00,Saúde
OFSA3,26.42,3.52,6.04,1.72,0.88,52.02,18.39,17.29,5.68,6.22,0.55,0.17,1.04,1.78,-2.81,3.61,28.55,14.62,18.01,0.51,0.49,0.85,10.90,21.35,526484.95,15.33,4.38,0.08,1425332738.52,Saúde
ONCO3,0.62,,-0.18,1.32,0.11,29.10,-43.01,-71.05,-0.30,-1.91,-1.60,6.99,0.13,-0.24,-0.17,0.46,-720.24,-57.34,-69.32,0.08,0.91,0.81,23.04,,10023675.86,0.47,-3.38,0.00,703760627.94,Saúde
PARD3,20.25,,36.76,5.30,2.10,26.45,13.31,6.98,19.27,19.93,0.66,0.18,2.57,-54.06,-3.28,0.90,14.42,5.70,13.10,0.40,0.60,0.82,13.44,2.56,,3.82,0.55,-1.04,5403493010.25,Saúde
PFRM3,7.05,4.63,5.65,0.61,0.11,15.14,3.67,1.24,1.91,3.77,1.87,0.59,0.07,0.56,-0.38,1.37,10.71,1.94,14.39,0.18,0.79,1.56,15.87,24.18,942794.24,11.65,1.25,0.18,872880049.65,Saúde
PGMN3,3.47,7.43,7.65,0.74,0.26,32.30,6.09,2.10,2.64,4.18,1.54,0.43,0.16,1.01,-0.60,1.78,9.61,3.35,16.78,0.35,0.65,1.59,16.80,27.88,17679979.00,4.72,0.45,0.07,2511926774.82,Saúde
PNVL3,12.14,3.21,13.26,1.39,0.49,32.32,4.76,2.33,6.50,10.44,3.95,0.84,0.31,1.95,-1.20,1.75,10.45,3.71,8.69,0.36,0.64,1.59,14.35,19.64,8371538.05,8.76,0.92,0.77,1825582619.34,Saúde
PNVL4,18.62,,20.34,2.13,0.75,32.32,4.76,2.33,9.97,10.44,3.95,0.84,0.47,2.99,-1.84,1.75,10.45,3.71,8.69,0.36,0.64,1.59,14.35,19.64,,8.76,0.92,1.18,1825582619.34,Saúde
QUAL3,1.61,1.12,30.02,0.35,0.12,87.58,21.25,1.10,1.55,4.24,2.69,0.61,0.33,-3.99,-0.17,0.92,1.17,0.38,4.11,0.33,0.67,0.35,-6.77,-47.78,4370592.52,4.59,0.05,0.10,457263063.25,Saúde
RADL3,20.22,2.20,26.40,4.86,1.43,31.05,6.34,2.98,12.42,13.40,0.98,0.38,0.79,8.61,-3.35,1.41,18.41,5.41,23.18,0.29,0.71,1.81,17.14,22.61,184642532.00,4.16,0.77,2.71,35432867695.68,Saúde
RDOR3,33.92,12.53,16.47,3.84,0.69,22.21,18.35,8.08,7.26,7.95,0.69,0.37,1.33,2.13,-1.38,2.86,23.35,4.20,13.60,0.18,0.80,0.52,31.77,60.87,171774573.29,8.82,2.06,1.26,75990724652.80,Saúde
SAUD3,14.19,2.62,39.37,2.22,0.99,15.83,10.99,10.60,37.98,25.91,-12.08,-0.71,4.17,43.04,-1.60,1.07,5.63,2.53,2.81,0.45,0.55,0.24,6.51,23.89,59892723.62,6.40,0.36,0.48,41494394182.89,Saúde
VVEO3,0.64,,10.25,0.11,0.02,14.91,4.92,0.17,0.36,5.40,5.04,1.53,0.02,0.18,-0.05,1.33,1.07,0.22,10.36,0.21,0.79,1.30,21.25,-30.21,977771.33,5.83,0.06,-0.10,206605189.12,Saúde
AMOB3,13.89,,,,,3.60,-46.82,-57.58,,,-0.01,,,,,0.19,-2595.29,-6030.26,2660.36,-2.32,3.32,104.73,,,200742.62,,,,0.00,"Petróleo, Gás e Biocombustíveis"
BRAV3,18.27,0.68,155.86,0.69,0.20,27.86,22.20,0.44,3.10,6.91,3.82,0.85,0.69,5.82,-0.25,1.26,0.44,0.13,4.19,0.29,0.71,0.30,124.40,,179753143.95,26.44,0.12,-1.61,8487461286.36,"Petróleo, Gás e Biocombustíveis"
CSAN3,3.67,,-1.53,4.17,0.11,33.63,2.47,-23.92,14.83,63.12,48.30,13.57,0.37,0.98,-0.15,1.87,-272.42,-7.49,-2.25,0.03,0.77,0.31,24.51,,68840156.14,0.88,-2.40,0.11,14557315320.44,"Petróleo, Gás e Biocombustíveis"
DMMO3,1.76,,3.09,0.41,0.02,45.67,4.75,3.87,2.52,2.52,,,0.12,4.72,-0.02,,13.29,0.62,,0.05,0.95,0.16,51.46,,,4.29,0.57,0.01,949254731.04,"Petróleo, Gás e Biocombustíveis"
ENAT3,21.80,,10.29,1.29,0.46,24.54,56.10,25.34,4.65,5.12,0.47,0.13,2.61,1.31,-0.85,3.90,12.53,4.43,8.60,0.35,0.65,0.17,11.74,5.75,201679399.00,16.91,2.12,0.01,5785005265.20,"Petróleo, Gás e Biocombustíveis"
LUPA3,0.60,,-0.27,2.11,0.06,15.69,-255.48,-281.99,-0.29,-2.21,-1.92,13.83,0.75,4.70,-0.11,1.03,-795.76,-23.60,-50.75,0.03,0.97,0.08,-0.95,,28633.00,0.28,-2.26,0.00,28390861.80,"Petróleo, Gás e Biocombustíveis"
OGXP3,1.63,,-2.15,-0.98,0.92,,,,-9.26,-9.26,0.00,,,-0.98,,0.51,-45.53,-43.02,10.57,-0.94,1.94,0.00,,,,-1.67,-0.76,0.02,52747073.84,"Petróleo, Gás e Biocombustíveis"
OSXB3,1.05,,0.00,0.00,0.00,99.98,-284.49,-1329.34,-0.01,-33.54,-33.53,,0.04,-0.01,-0.01,0.05,-10.84,-158.46,16.23,-14.62,15.64,0.12,52.47,,1390.30,-3234.82,-350.68,0.00,3305439.90,"Petróleo, Gás e Biocombustíveis"
PETR3,45.69,5.07,4.42,1.22,0.46,50.60,33.86,24.32,3.17,4.71,1.68,0.65,1.07,-22.31,-0.52,0.85,27.73,10.43,11.11,0.38,0.62,0.43,12.83,79.75,447797078.62,37.32,10.35,0.06,562634063203.31,"Petróleo, Gás e Biocombustíveis"
PETR4,40.87,6.46,3.95,1.10,0.41,50.60,33.86,24.32,2.84,4.71,1.68,0.65,0.96,-19.95,-0.47,0.85,27.73,10.43,11.11,0.38,0.62,0.43,12.83,79.75,1410417556.24,37.32,10.35,0.05,562634063203.31,"Petróleo, Gás e Biocombustíveis"
PRIO3,57.45,,12.96,1.78,0.79,33.37,27.60,18.11,8.50,12.19,3.69,0.77,2.35,18.48,-0.95,1.34,13.71,6.09,10.17,0.44,0.56,0.34,52.26,53.58,390360307.10,32.34,4.43,-0.20,50124852859.35,"Petróleo, Gás e Biocombustíveis"
RAIZ4,0.26,,-0.10,-0.33,0.03,4.79,-3.80,-11.98,-0.31,-7.58,-7.27,,0.01,-0.05,-0.04,0.43,-326.87,-25.66,-25.72,-0.08,1.08,2.14,20.36,,4062114.90,-0.80,-2.61,0.00,2691652465.84,"Petróleo, Gás e Biocombustíveis"
RECV3,10.23,6.67,6.01,0.68,0.33,32.07,22.01,16.73,4.57,6.92,2.35,0.35,1.01,2.10,-0.44,2.91,11.26,5.53,6.29,0.49,0.51,0.33,32.00,,17413858.95,15.11,1.70,-0.25,3002322148.98,"Petróleo, Gás e Biocombustíveis"
RPMG3,0.91,,-0.04,-0.01,0.01,-14.43,-20.96,-19.19,-0.03,0.00,0.03,,0.01,-0.02,-0.13,0.76,-22.32,-16.12,24.36,-0.72,1.72,0.84,42.58,,4552.95,-109.81,-24.51,0.00,61599382.39,"Petróleo, Gás e Biocombustíveis"
UGPA3,31.28,4.16,11.65,2.12,0.70,7.13,4.11,2.06,5.82,8.15,2.33,0.85,0.24,4.20,-1.19,1.67,18.19,5.97,11.71,0.33,0.63,2.90,11.87,27.38,343688155.62,14.76,2.69,0.36,34903784027.44,"Petróleo, Gás e Biocombustíveis"
VBBR3,34.23,4.56,13.65,1.89,0.64,5.18,3.09,1.56,6.92,9.97,3.06,0.84,0.21,3.65,-1.07,1.77,13.83,4.68,10.21,0.34,0.66,2.99,18.33,-5.10,289205499.00,18.13,2.51,-0.27,41026829666.13,"Petróleo, Gás e Biocombustíveis"
BRST3,2.80,1.47,10.58,0.79,0.30,42.40,14.96,8.46,5.98,11.01,5.03,0.66,0.89,3.03,-0.42,1.54,7.44,2.86,5.71,0.38,0.62,0.34,41.71,35.66,560725.57,3.56,0.26,-0.89,1226421103.60,Comunicações
DESK3,18.65,0.79,35.20,1.53,0.56,60.98,31.58,4.95,5.51,8.57,3.06,0.85,1.74,10.12,-0.69,1.41,4.34,1.59,10.32,0.37,0.62,0.32,48.79,18.09,5293810.52,12.22,0.53,-1.11,2167995695.70,Comunicações
ELMD3,31.00,,39.74,4.53,1.39,49.42,24.62,8.95,14.44,17.04,2.60,0.82,3.55,10.24,-2.04,1.76,11.40,3.51,9.18,0.31,0.63,0.39,32.00,51.88,704100.00,6.85,0.78,8.29,4455057771.00,Comunicações
FIQE3,5.26,14.17,9.42,1.80,0.69,51.33,28.14,17.91,5.99,6.90,0.91,0.27,1.69,4.57,-1.01,1.91,19.07,7.35,8.22,0.39,0.61,0.41,32.89,34.61,4086750.86,2.93,0.56,0.34,2099195757.96,Comunicações
OIBR3,0.13,,-0.02,0.00,0.00,-830.11,-402.10,-808.94,-0.05,-11.01,-10.96,,0.19,-0.01,0.00,0.59,-11.89,-9.84,21.85,-0.83,1.83,0.01,-30.86,,62669.86,-46.94,-5.58,0.00,43404780.26,Comunicações
OIBR4,0.44,,-0.08,-0.01,0.01,-830.11,-402.10,-808.94,-0.16,-11.01,-10.96,,0.64,-0.05,-0.01,0.59,-11.89,-9.84,21.85,-0.83,1.83,0.01,-30.86,,1276.00,-46.94,-5.58,0.00,43404780.26,Comunicações
TELB3,10.42,,17.18,0.64,0.24,-35.04,30.26,12.09,6.87,-3.46,-9.95,-0.93,2.08,0.52,-0.54,6.38,3.72,1.41,6.96,0.38,0.62,0.12,12.97,,3479.57,16.30,0.61,0.02,1005235687.34,Comunicações
TELB4,7.30,,12.03,0.45,0.17,-35.04,30.26,12.09,4.81,-3.46,-9.95,-0.93,1.46,0.37,-0.38,6.38,3.72,1.41,6.96,0.38,0.62,0.12,12.97,,8814.62,16.30,0.61,0.01,1005235687.34,Comunicações
TIMS3,18.76,7.76,22.67,3.61,0.78,54.57,24.51,7.22,6.68,5.95,-0.73,-0.39,1.64,-26.99,-1.00,0.89,15.91,3.43,30.27,0.22,0.64,0.47,9.05,1.43,198357167.10,5.20,0.83,1.06,44876281677.64,Comunicações
VIVT3,30.58,3.65,14.95,1.50,0.77,45.03,17.08,10.68,9.35,10.41,1.06,0.17,1.60,-68.24,-0.98,0.95,10.05,5.12,9.75,0.51,0.49,0.48,6.68,6.70,186998832.48,20.34,2.05,1.14,98667795700.76,Comunicações
VIVT4,45.34,,22.17,2.23,1.13,45.03,17.08,10.68,13.87,10.41,1.06,0.17,2.37,-101.18,-1.45,0.95,10.05,5.12,9.75,0.51,0.49,0.48,6.68,6.70,,20.34,2.05,1.69,98667795700.76,Comunicações
